date,symbol,open,high,low,close,volume,history_days,dollar_volume,avg_dollar_vol_20,avg_dollar_vol_63,r20,r63,r126,er20,er63,er126,te20,te63,te126,score,surge_ratio,ma50,ma150,ma50_slope_10,hhv20,hhv126,hhv126_ratio,atr20,atr20_pct,low10,low20,suggested_stop,stop_distance_pct,name,exchange,is_etf,is_test_issue,exclude_leveraged,exclude_inverse,exclude_volatility,exclude_single_stock,exclude_option_income,exclude_buffer,exclude_by_name,exclude_reason,exclude_income_oriented,income_exclusion_reason_category,income_exclusion_matched_keyword,aum,asset_group,category,aum_rank,aum_eligible,manual_action,excluded_product_type,base_universe_eligible,dollar_vol_rank,liquidity_eligible,eligible_universe,signal_surge_v0,rank_score,signal_streak_start_date,signal_streak_trading_days,signal_streak_calendar_days,is_first_signal_today,group,Group,assetGroup,AssetGroup,Asset Group
2026-08-04,CALF,54.88999938964844,56.165000915527344,54.7400016784668,56.119998931884766,472300.0,251,26505475.49552917,26584724.94752884,26024057.892039467,0.0813101595748824,0.1736384967237252,0.2277896946099178,0.3720024090689137,0.2783325466724757,0.1998200201518276,0.030247575243634,0.0483292449934947,0.0455169413673324,0.0473449387243379,1.584310071347652,51.28667709350586,47.74710573832194,0.026582743973279,56.165000915527344,56.165000915527344,0.9991987539765154,0.9340997695922852,0.0166446861612745,51.43000030517578,50.83000183105469,50.83000183105469,-0.0942622452158413,Pacer US Small Cap Cash Cows ETF,Z,True,False,False,False,False,False,False,False,False,,False,,,3474337792.0,Factor / Style,unknown,464.0,True,,False,True,376.0,True,True,True,3.0,2026-08-04,1,0,True,Factor / Style,Factor / Style,Factor / Style,Factor / Style,Factor / Style
2026-08-04,VONV,111.38999938964844,112.69000244140624,111.0500030517578,112.52999877929688,720300.0,251,81055358.12072754,85657794.4865036,94779016.22957502,0.0359970165148784,0.1217152094502675,0.1666266178065301,0.3061861441316677,0.2919300452402519,0.2055263294993768,0.0110217876869345,0.0355323266012433,0.0342461571546716,0.0350821672949432,1.2517486887227134,106.94337112426756,100.16481389363608,0.0147098747634277,112.69000244140624,112.69000244140624,0.9985801432368184,1.0185012817382812,0.0090509312431065,107.66999816894533,107.23999786376952,107.23999786376952,-0.047009694951677,Vanguard Russell 1000 Value ETF,Q,True,False,False,False,False,False,False,False,False,,False,,,21457317888.0,Factor / Style,unknown,127.0,True,,False,True,202.0,True,True,True,8.0,2026-08-04,1,0,True,Factor / Style,Factor / Style,Factor / Style,Factor / Style,Factor / Style
2026-08-04,IWD,253.5200042724609,257.0,253.22000122070312,256.6300048828125,1418700.0,251,364080987.9272461,450470787.2967529,523998522.51848495,0.0358843916708226,0.1212504935074354,0.1657806430898791,0.3045561493300825,0.293620214402022,0.2056615580196706,0.0109288121483182,0.0356015959000041,0.0340947053473674,0.0350741842065813,1.250312570367612,243.88890197753904,228.4907299804688,0.0146709410678813,257.0,257.0,0.9985603302833173,2.3635025024414062,0.0092097668139806,245.5399932861328,244.4199981689453,244.4199981689453,-0.0475782507171862,iShares Russell 1000 Value ETF,P,True,False,False,False,False,False,False,False,False,,False,,,79741509632.0,Factor / Style,unknown,36.0,True,,False,True,60.0,True,True,True,9.0,2026-08-04,1,0,True,Factor / Style,Factor / Style,Factor / Style,Factor / Style,Factor / Style
2026-08-04,EUFN,42.33000183105469,42.45000076293945,42.18999862670898,42.2599983215332,1594500.0,251,67383567.32368469,58454871.805439,50164336.35902405,0.053865334902845,0.1858917884668538,0.1205685358917185,0.2477062614807229,0.2440700325414716,0.0781729278667437,0.0133427807321908,0.0453706148602973,0.0094251954592622,0.032789718069935,2.5003598804646443,39.016586456298825,36.8934055074056,0.0231626020805852,42.45000076293945,42.45000076293945,0.9955240886221108,0.6375,0.0150851875371506,39.75,39.130001068115234,39.130001068115234,-0.074065247935022,iShares MSCI Europe Financials ETF,Q,True,False,False,False,False,False,False,False,False,,False,,,3689534976.0,Country / Region,unknown,448.0,True,,False,True,287.0,True,True,True,10.0,2026-08-04,1,0,True,Country / Region,Country / Region,Country / Region,Country / Region,Country / Region
2026-08-04,PVAL,53.90999984741211,54.27999877929688,53.59000015258789,54.11000061035156,2200000.0,251,119042001.34277344,103867497.8591919,91983917.46579126,0.0460081401348557,0.1071949344738885,0.1379205447407139,0.3876221215048786,0.2919237256700469,0.1791933613805887,0.0178337728855665,0.031292744644574,0.0247144460155304,0.0289903401244087,1.6163195052528307,51.51467071533203,48.86791498819987,0.0132114281148405,54.27999877929688,54.27999877929688,0.9968681250411128,0.521299934387207,0.0096340774072635,51.88999938964844,51.220001220703125,51.220001220703125,-0.0534097090565466,Putnam Focused Large Cap Value ETF,P,True,False,False,False,False,False,False,False,False,,False,,,11873768448.0,Factor / Style,unknown,206.0,True,,False,True,208.0,True,True,True,16.0,2026-08-04,1,0,True,Factor / Style,Factor / Style,Factor / Style,Factor / Style,Factor / Style
2026-08-04,KBWB,97.31999969482422,98.9800033569336,97.22000122070312,98.33000183105467,1180600.0,251,116088400.16174316,192386723.2811737,156597853.33146596,0.0225665358392699,0.1582635415752058,0.1349491469065102,0.1131973497366929,0.2332427711986717,0.0981993288830579,0.0025544720497434,0.0369138270167172,0.0132519156595605,0.0286321580417123,1.4645267211585906,93.19135681152343,86.71055857340495,0.0273726548904686,98.9800033569336,98.9800033569336,0.9934330015777538,1.7255008697509766,0.0175480609948084,94.1999969482422,93.25,93.25,-0.0516627858889179,Invesco KBW Bank ETF,Q,True,False,False,False,False,False,False,False,False,,False,,,6505184256.0,Other,unknown,327.0,True,,False,True,137.0,True,True,True,18.0,2026-08-04,1,0,True,Other,Other,Other,Other,Other
2026-08-04,XLF,57.220001220703125,58.02000045776367,57.18999862670898,57.880001068115234,31405600.0,251,1817756161.5448,1909019730.9508896,1905063486.5286143,0.0326494532732246,0.1260711962754268,0.0805352963181855,0.2307696748123917,0.2761426090988021,0.086052759456514,0.0075345037146644,0.0348136290717035,0.0069302844818279,0.025054458465247,1.6476158895822393,54.3593717956543,52.537961400349936,0.0213182467913002,58.02000045776367,58.02000045776367,0.9975870494907983,0.7109994888305664,0.0122840268781929,55.45000076293945,54.95000076293945,54.95000076293945,-0.0506219808414939,State Street Financial Select Sector SPDR ETF,P,True,False,False,False,False,False,False,False,False,,False,,,51353821184.0,Sector,unknown,56.0,True,,False,True,19.0,True,True,True,30.0,2026-08-04,1,0,True,Sector,Sector,Sector,Sector,Sector
2026-08-04,VFH,140.25,142.1199951171875,140.17999267578125,141.75999450683594,335400.0,251,47546302.15759277,70412343.48731995,72690190.90327914,0.0336128386110685,0.1255615081587426,0.0818238495411578,0.2290115740968846,0.2742787207315761,0.0865517240529835,0.0076977290801853,0.0344388498309072,0.0070819952464391,0.0248639507263434,1.6644874353868335,133.05967269897462,128.523483988444,0.0213672862533771,142.1199951171875,142.1199951171875,0.9974669249738244,1.7040000915527345,0.0120203171387013,135.6999969482422,134.4199981689453,134.4199981689453,-0.0517776285434088,Vanguard Financials ETF,P,True,False,False,False,False,False,False,False,False,,False,,,13808313344.0,Sector,unknown,184.0,True,,False,True,238.0,True,True,True,32.0,2026-08-04,1,0,True,Sector,Sector,Sector,Sector,Sector
2026-08-04,FMDE,41.66999816894531,42.244998931884766,41.54499816894531,42.16999816894531,2950200.0,251,124409928.59802246,40896255.4609108,35904449.4401962,0.044328802711288,0.0996172839444771,0.14456266542643,0.4231672091112656,0.2405655675072286,0.1556588197336997,0.0187584957265796,0.0239644884456318,0.0225024538778358,0.0234527763469032,1.6584508464097432,40.25088798522949,38.24472391764323,0.0125975408323673,42.244998931884766,42.244998931884766,0.9982246238646998,0.4456005096435547,0.0105667661605852,40.25,39.77899932861328,39.77899932861328,-0.0566990501340074,Fidelity Enhanced Mid Cap Core ETF,P,True,False,False,False,False,False,False,False,False,,False,,,7389860352.0,Factor / Style,unknown,297.0,True,,False,True,327.0,True,True,True,41.0,2026-08-04,1,0,True,Factor / Style,Factor / Style,Factor / Style,Factor / Style,Factor / Style
2026-08-04,JAVA,82.51000213623047,83.43000030517578,82.2699966430664,83.25,413400.0,251,34415550.0,37988414.31209564,36001592.96223474,0.0345470204688109,0.1047752885776798,0.1075659327787523,0.2574075853221586,0.2632945620857296,0.1376917308043118,0.0088926651189518,0.0275867637234661,0.0148109394598866,0.0231152252312133,1.6145236360542166,79.28674697875977,75.8689907836914,0.0131226080826318,83.43000030517578,83.43000030517578,0.9978424990468971,0.7867992401123047,0.0094510419232709,79.30000305175781,79.25,79.25,-0.048048048048048,JPMorgan Active Value ETF,P,True,False,False,False,False,False,False,False,False,,False,,,6685886976.0,Factor / Style,unknown,323.0,True,,False,True,325.0,True,True,True,44.0,2026-08-04,1,0,True,Factor / Style,Factor / Style,Factor / Style,Factor / Style,Factor / Style
2026-08-04,DIA,537.9000244140625,542.0900268554688,536.0,540.4299926757812,6699500.0,251,3620610735.931397,2047976253.0230715,2408060779.8042417,0.0229604489174548,0.1078467785610799,0.1020282229039504,0.1611153177021095,0.2574067263657345,0.1205286342446465,0.0036992800219187,0.0277604862184978,0.0122973223610215,0.0223483788683811,1.6846039462878657,517.8213989257813,494.9475614420573,0.0107384492249757,542.0900268554688,542.0900268554688,0.9969377149597882,6.166511458415175,0.0114103797753405,514.719970703125,514.719970703125,514.719970703125,-0.0475732700277432,State Street SPDR Dow Jones Industrial Average ETF Trust,P,True,False,False,False,False,False,False,False,False,,False,,,44062826496.0,US Equity,unknown,69.0,True,,False,True,13.0,True,True,True,46.0,2026-08-04,1,0,True,US Equity,US Equity,US Equity,US Equity,US Equity
2026-08-04,IYF,135.80999755859375,137.47999572753906,135.72000122070312,137.0800018310547,2335400.0,251,320136636.2762451,69002739.60372925,45272751.1015998,0.0260478710221219,0.1190624498426324,0.0746513776107951,0.1968315696900182,0.2597632032125506,0.0784132665139087,0.0051270433403673,0.0309280433534558,0.0058536583682257,0.0221520086086253,1.7735390279301635,129.53712860107422,125.27654907226562,0.0201023486458531,137.47999572753906,137.47999572753906,0.9970905301941012,1.6235008239746094,0.0118434549335322,132.00999450683594,131.0800018310547,131.0800018310547,-0.0437700606934244,iShares U.S. Financial ETF,P,True,False,False,False,False,False,False,False,False,,False,,,3903197184.0,Other,unknown,434.0,True,,False,True,293.0,True,True,True,47.0,2026-08-04,1,0,True,Other,Other,Other,Other,Other
2026-08-04,RSP,217.57000732421875,220.4499969482422,216.9199981689453,220.22999572753903,9184700.0,251,2022746441.758728,1870300219.5365143,2055730898.2554843,0.0256135617260417,0.0964238091436153,0.1151651798176716,0.2153484009344063,0.2493907159333383,0.1449759404768018,0.0055158395599378,0.0240472027953458,0.0166961802542469,0.0214743449059612,1.5967947131566247,211.6587255859375,202.4091744995117,0.0123750006167115,220.4499969482422,220.4499969482422,0.9990020357280622,2.2170005798339845,0.010066751227552,211.2700042724609,211.2700042724609,211.2700042724609,-0.0406847006715793,Invesco S&P 500 Equal Weight ETF,P,True,False,False,False,False,False,False,False,False,,False,,,93655826432.0,Factor / Style,unknown,34.0,True,,False,True,16.0,True,True,True,49.0,2026-08-04,1,0,True,Factor / Style,Factor / Style,Factor / Style,Factor / Style,Factor / Style
2026-08-04,DFAT,71.5999984741211,72.68000030517578,71.43000030517578,72.62000274658203,371000.0,251,26942021.018981934,25561549.30912018,22752830.827379983,0.047152189537267,0.0998728238151098,0.1406155126697856,0.3234425395694637,0.2185045794766536,0.1456916510113844,0.0152510239301943,0.0218226693688665,0.0204865061986733,0.0213550122592988,1.6947494673199657,69.16824829101563,65.64227569580078,0.0149668829800302,72.68000030517578,72.68000030517578,0.9991744969958472,0.87135009765625,0.0119987615629395,69.63999938964844,68.2300033569336,68.2300033569336,-0.0604516555165657,Dimensional U.S. Targeted Value ETF,P,True,False,False,False,False,False,False,False,False,,False,,,14320157696.0,Factor / Style,unknown,178.0,True,,False,True,392.0,True,True,True,51.0,2026-08-04,1,0,True,Factor / Style,Factor / Style,Factor / Style,Factor / Style,Factor / Style
2026-08-04,VBR,247.8999938964844,251.44000244140625,247.22999572753903,251.22999572753903,237100.0,251,59566631.98699951,56346734.70626831,67246358.96729968,0.0367695119429365,0.0989095474847989,0.1282725993263234,0.2610601566115046,0.2244938953560593,0.1370939668652954,0.0095990545463516,0.0222045896027676,0.0175853994817682,0.0205878730604178,1.8612864211011744,240.2373504638672,228.9915592447917,0.0141615575217839,251.44000244140625,251.44000244140625,0.9991647839968656,3.022999572753906,0.0120327971347512,241.07000732421875,237.7899932861328,237.7899932861328,-0.0534968063924263,Vanguard Morningstar Small-Cap Value ETF,P,True,False,False,False,False,False,False,False,False,,False,,,67781795840.0,Factor / Style,unknown,46.0,True,,False,True,249.0,True,True,True,56.0,2026-08-04,1,0,True,Factor / Style,Factor / Style,Factor / Style,Factor / Style,Factor / Style
2026-08-04,MOAT,109.5199966430664,111.38999938964844,109.5199966430664,111.1999969482422,456400.0,251,50751678.60717773,63541449.54105377,81107164.2937312,0.048957595579917,0.119613343635935,0.0578386039079308,0.3058333591842441,0.2397093625869371,0.0620280908325931,0.0149728659137897,0.0286724383598622,0.0035876181768315,0.0198927512958014,2.851762978083775,104.4902000427246,103.05813329060872,0.0134800651672382,111.38999938964844,111.38999938964844,0.9982942594268124,1.4485004425048829,0.0130260834735371,103.41000366210938,103.41000366210938,103.41000366210938,-0.0700538983805786,VanEck Morningstar Wide Moat ETF,Z,True,False,False,False,False,False,False,False,False,,False,,,11624555520.0,Other,unknown,208.0,True,,False,True,222.0,True,True,True,60.0,2026-08-04,1,0,True,Other,Other,Other,Other,Other
2026-08-04,QUAL,222.1499938964844,225.3500061035156,221.92999267578125,224.8300018310547,1190900.0,251,267750049.18060303,232505434.5187378,378533760.00591457,0.0325617532792485,0.092822897449472,0.1078980428696718,0.2580990269280633,0.2363562469983922,0.1266897676735813,0.0084041568364457,0.0219392716766738,0.0136695779835928,0.0190448788840955,1.426646499776856,216.83052185058597,206.7349442545573,0.0074138578088513,225.3500061035156,225.3500061035156,0.9976924594702604,2.222501373291016,0.0098852526584111,215.1999969482422,215.1999969482422,215.1999969482422,-0.0428323835982034,iShares MSCI USA Quality Factor ETF,Z,True,False,False,False,False,False,False,False,False,,False,,,45917487104.0,Country / Region,unknown,66.0,True,,False,True,73.0,True,True,True,65.0,2026-08-04,1,0,True,Country / Region,Country / Region,Country / Region,Country / Region,Country / Region
2026-08-04,XMHQ,116.62999725341795,118.6500015258789,116.45999908447266,118.5,164200.0,251,19457700.0,18964929.478607178,20457831.336866107,0.0432256696928119,0.1042686378897166,0.1105413985413985,0.3228140364746093,0.2150487574450726,0.109314042420324,0.0139538529128548,0.0224228410186737,0.0120837271293563,0.0188041511574126,2.614941779437648,112.13035202026369,108.23368357340496,0.0118123167097603,118.6500015258789,118.6500015258789,0.9987357646527616,1.4004985809326171,0.0118185534255917,111.95999908447266,111.58000183105467,111.58000183105467,-0.0583966090206355,Invesco S&P MidCap Quality ETF,P,True,False,False,False,False,False,False,False,False,,False,,,5417101824.0,Factor / Style,unknown,363.0,True,,False,True,402.0,True,True,True,67.0,2026-08-04,1,0,True,Factor / Style,Factor / Style,Factor / Style,Factor / Style,Factor / Style
2026-08-04,SCHV,34.5,34.959999084472656,34.38999938964844,34.900001525878906,2245600.0,251,78371443.42651367,108968942.93287276,117361702.00836544,0.0166035439680227,0.0891498422018173,0.1227849917277559,0.1443038316973581,0.2062480101089221,0.1485764921089812,0.0023959550143412,0.0183869775556492,0.0182429633545402,0.018336572585261,1.2695457487775024,34.09414039611816,32.17926651000977,0.0095662026519478,34.959999084472656,35.0,0.9971429007393974,0.3745000839233398,0.010730660961308,33.75,33.599998474121094,33.599998474121094,-0.0372493694819422,Schwab U.S. Large-Cap Value ETF,P,True,False,False,False,False,False,False,False,False,,False,,,15930595328.0,Factor / Style,unknown,161.0,True,,False,True,168.0,True,True,True,69.0,2026-08-04,1,0,True,Factor / Style,Factor / Style,Factor / Style,Factor / Style,Factor / Style
2026-08-04,DBEF,55.5099983215332,55.869998931884766,55.31999969482422,55.720001220703125,317400.0,251,17685528.387451172,22177723.348693848,23197989.062802754,0.0177169172731164,0.1005332815565229,0.1062140639719519,0.1420207970992637,0.2146775387507443,0.1079282375119829,0.0025161707132697,0.0215822374470899,0.0114634967234777,0.0180406781938256,2.196985425665169,54.11160003662109,51.7425333404541,0.0106799040262475,55.869998931884766,55.869998931884766,0.9973152369062238,0.6444997787475586,0.0115667581591525,54.2400016784668,53.52999877929688,53.52999877929688,-0.0393037041175178,Xtrackers MSCI EAFE Hedged Equity ETF,P,True,False,False,False,False,False,False,False,False,,False,,,9039409152.0,Country / Region,unknown,266.0,True,,False,True,390.0,True,True,True,72.0,2026-08-04,1,0,True,Country / Region,Country / Region,Country / Region,Country / Region,Country / Region
2026-08-04,DFAC,45.22999954223633,45.93000030517578,45.19200134277344,45.810001373291016,2629000.0,251,120434493.61038208,102738161.47901537,91050622.77796306,0.0345529050626236,0.0866596447603096,0.1236967669902657,0.2746868620042338,0.2097469139276951,0.1423045046610316,0.0094912290647822,0.0181765930505453,0.0176026071547208,0.0179756979870067,1.3020012753280603,44.13141006469726,41.84930707295736,0.0065844974108231,45.93000030517578,45.93000030517578,0.99738735181608,0.463299560546875,0.0101135024374174,43.70000076293945,43.70000076293945,43.70000076293945,-0.0460598242108277,Dimensional U.S. Core Equity 2 ETF,P,True,False,False,False,False,False,False,False,False,,False,,,47398703104.0,Other,unknown,62.0,True,,False,True,212.0,True,True,True,73.0,2026-08-04,1,0,True,Other,Other,Other,Other,Other
2026-08-04,HEFA,46.9900016784668,47.25,46.93000030517578,47.15999984741211,551300.0,251,25999307.915878296,31291220.794086456,25351460.3884258,0.0174757583593723,0.0986666214025224,0.1050069883516151,0.1394151885519564,0.2144350823994089,0.1093549405607632,0.0024363861467603,0.0211575850905211,0.0114830329696556,0.0177714918482182,2.164305069746704,45.78334083557129,43.80839487711589,0.01055461018164,47.25,47.25,0.9980952348658648,0.5564994812011719,0.0118002434902829,45.91999816894531,45.560001373291016,45.560001373291016,-0.0339270245822296,iShares Currency Hedged MSCI EAFE ETF,Z,True,False,False,False,False,False,False,False,False,,False,,,7331655168.0,Country / Region,unknown,300.0,True,,False,True,381.0,True,True,True,77.0,2026-08-04,1,0,True,Country / Region,Country / Region,Country / Region,Country / Region,Country / Region
2026-08-04,VIG,240.83999633789065,244.25,240.6999969482422,243.9199981689453,1166800.0,251,284605853.8635254,243032634.3332672,258726834.9303473,0.0210984309406945,0.0795495395169629,0.0870213230529597,0.1944441991578231,0.2626598451786225,0.1326730024974937,0.0041024675077499,0.0208944697335562,0.0115453802107405,0.0176222884005707,1.3620043604825895,236.1388217163086,227.0332413736979,0.0094742716740283,244.25,244.25,0.9986489177848324,2.019001007080078,0.0082773082249765,235.77999877929688,235.3600006103516,235.3600006103516,-0.0350934635243186,Vanguard Div Appreciation ETF,P,True,False,False,False,False,False,False,False,False,,False,,,129462992896.0,Other,unknown,20.0,True,,False,True,98.0,True,True,True,79.0,2026-08-04,1,0,True,Other,Other,Other,Other,Other
2026-08-04,EFV,81.1500015258789,81.58999633789062,81.0,81.47000122070312,4423200.0,251,360358109.39941406,329200382.1499634,385490615.4270596,0.0428827234554554,0.0974321260085933,0.1011890355419566,0.3087556631562071,0.2069593015463028,0.0979792734059367,0.0132402837184333,0.0201644847469098,0.0099144281790484,0.0165769649481583,2.9144861389886083,77.57584030151367,75.11676803588867,0.0099807691229587,81.58999633789062,81.58999633789062,0.9985292913031818,0.8829994201660156,0.0108383381236727,78.19000244140625,76.94999694824219,76.94999694824219,-0.0554805965967301,iShares MSCI EAFE Value ETF,Z,True,False,False,False,False,False,False,False,False,,False,,,23718227968.0,Country / Region,unknown,116.0,True,,False,True,72.0,True,True,True,86.0,2026-08-04,1,0,True,Country / Region,Country / Region,Country / Region,Country / Region,Country / Region
2026-08-04,QLTY,42.27000045776367,42.880001068115234,42.27000045776367,42.77999877929688,402700.0,251,17227505.50842285,16368382.838573456,19242273.771183077,0.0268842759478391,0.0806267845799955,0.0866086968654429,0.2204719856603586,0.2046497248682062,0.1028976236223904,0.0059272297012611,0.0165002492813042,0.008911829092486,0.0138443022152178,1.3528725169910816,41.30166717529297,39.513556722005205,0.005640349283895,42.880001068115234,42.880001068115234,0.9976678571285597,0.4107505798339844,0.0096014631031912,40.68000030517578,40.68000030517578,40.68000030517578,-0.0490883247789473,GMO U.S. Quality ETF,P,True,False,False,False,False,False,False,False,False,,False,,,4698446848.0,Factor / Style,unknown,389.0,True,,False,True,408.0,True,True,True,114.0,2026-08-04,1,0,True,Factor / Style,Factor / Style,Factor / Style,Factor / Style,Factor / Style
2026-08-04,USMV,98.4499969482422,99.79000091552734,98.12999725341795,99.6999969482422,2618700.0,251,261084382.00836185,232674434.0632629,220338081.80110872,0.0137264717342757,0.0599022298383917,0.0528831364543804,0.1365012655220268,0.200067831174059,0.0914409458055387,0.0018736807628809,0.011984509206257,0.0048356840145519,0.0094824203891602,1.9979209416506556,96.5084895324707,94.9735757446289,0.0062431481411167,99.79000091552734,99.79000091552734,0.9990980662745824,0.8735004425048828,0.0087612885580964,95.79000091552734,95.79000091552734,95.79000091552734,-0.0392176143670762,iShares MSCI USA Min Vol Factor ETF,Z,True,False,False,False,False,False,False,False,False,,False,,,23007752192.0,Country / Region,unknown,118.0,True,,False,True,113.0,True,True,True,199.0,2026-08-04,1,0,True,Country / Region,Country / Region,Country / Region,Country / Region,Country / Region
2026-08-04,ACWV,124.52999877929688,125.69000244140624,124.19000244140624,125.55999755859376,63900.0,251,8023283.843994141,11573250.852775574,12458836.878458658,0.0235591377907109,0.0525699780210924,0.0441536115213589,0.2797679715680974,0.2074008301029264,0.0822617288620432,0.0065910921916005,0.0109030570800671,0.00363215241925,0.0083582404487811,3.0244773378720984,121.41303695678712,120.41141428629555,0.0056353013575551,125.75,125.75,0.9984890461916004,0.9330001831054688,0.0074307120201246,120.6500015258789,120.6500015258789,120.6500015258789,-0.0391047796128185,iShares MSCI Global Min Vol Factor ETF,Z,True,False,False,False,False,False,False,False,False,,False,,,3240488448.0,Country / Region,unknown,476.0,True,,False,True,441.0,True,True,True,214.0,2026-08-04,1,0,True,Country / Region,Country / Region,Country / Region,Country / Region,Country / Region
2026-08-04,CIBR,94.5999984741211,98.15499877929688,94.4000015258789,97.94000244140624,1815700.0,251,177829662.43286133,133340891.3635254,140755851.6323998,0.0621408026659278,0.4053652247319124,0.4110459159586719,0.2075335620032501,0.3130064315191523,0.1867539149015585,0.012896302123001,0.1268819224552951,0.076764434009579,0.1093408014992944,1.0839624593989832,88.80659744262695,74.98699175516764,0.0284930701624082,98.15499877929688,98.15499877929688,0.9978096241601098,2.5707000732421874,0.0262477027686428,86.83999633789062,86.83999633789062,86.83999633789062,-0.1133347542048136,First Trust NASDAQ Cybersecurity ETF,Q,True,False,False,False,False,False,False,False,False,,False,,,13836617728.0,Industry / Theme,unknown,180.0,True,,False,True,150.0,True,True,False,1.0,,0,0,False,Industry / Theme,Industry / Theme,Industry / Theme,Industry / Theme,Industry / Theme
2026-08-04,VFLO,49.880001068115234,50.51499938964844,49.68999862670898,50.5,2555500.0,251,129052750.0,77962910.07228851,53253794.8884086,0.0646195852524185,0.1856958825097865,0.2802569822763774,0.4278163014958939,0.3041327645836716,0.2386858567608776,0.0276453119668883,0.056476202119506,0.0668933779278552,0.0601222136524282,1.1198323266465342,46.94690673828125,42.59163462320964,0.027596167332671,50.66999816894531,50.66999816894531,0.9966449935842014,0.720584617183647,0.0142690023204682,47.30500030517578,46.52299880981445,46.52299880981445,-0.0787524988155553,VictoryShares Free Cash Flow ETF,Q,True,False,False,False,False,False,False,False,False,,False,,,7757980672.0,Factor / Style,unknown,291.0,True,,False,True,281.0,True,True,False,2.0,,0,0,False,Factor / Style,Factor / Style,Factor / Style,Factor / Style,Factor / Style
2026-08-04,FELV,42.43999862670898,42.79999923706055,42.11800003051758,42.70000076293945,261100.0,251,11148970.199203491,7383955.321483612,6189276.009677705,0.0455435994956454,0.1366712914554193,0.1854583076027116,0.4208147920557602,0.3440266204928512,0.2393227338065391,0.0191654203512308,0.0470185625178014,0.044384389182615,0.0460966018504861,1.1674145982837445,40.33664779663086,37.4995607248942,0.0171970707122937,42.79999923706055,42.79999923706055,0.9976635870115972,0.3799001693725586,0.0088969593111175,40.79999923706055,40.43999862670898,40.43999862670898,-0.0529274495515229,Fidelity Enhanced Large Cap Value ETF,P,True,False,False,False,False,False,False,False,False,,False,,,3197805568.0,Factor / Style,unknown,483.0,True,,False,True,462.0,True,True,False,4.0,,0,0,False,Factor / Style,Factor / Style,Factor / Style,Factor / Style,Factor / Style
2026-08-04,VLUE,194.66000366210935,198.5500030517578,194.05999755859372,198.0,411200.0,251,81417600.0,160022762.49404907,273311182.9508464,0.031948741537563,0.183008496954941,0.3336862112739158,0.1410169015567685,0.1697984985917477,0.1833403160171246,0.0045053125402651,0.0310745680124814,0.0611781354255167,0.0416108166070437,0.6376105242959673,195.54199737548828,166.6947160847982,0.0127271433739057,198.5500030517578,206.57000732421875,0.958512818800612,3.930500030517578,0.0198510102551392,188.1300048828125,187.88999938964844,187.88999938964844,-0.0510606091431896,iShares MSCI USA Value Factor ETF,Z,True,False,False,False,False,False,False,False,False,,False,,,10583302144.0,Country / Region,unknown,235.0,True,,False,True,94.0,True,True,False,5.0,,0,0,False,Country / Region,Country / Region,Country / Region,Country / Region,Country / Region
2026-08-04,RSPT,62.790000915527344,64.88999938964844,62.7599983215332,64.66000366210938,605200.0,251,39132234.216308594,43429975.16901016,43519829.18282161,0.0560183593910863,0.1870029230684873,0.3542185327263001,0.206253992758269,0.1508969564289435,0.1562366410801486,0.0115540102921792,0.0282181719343506,0.0553419137614958,0.0377114815738514,0.8861978436104702,62.1530078125,53.32323336283366,0.0067813091027693,64.88999938964844,67.4446029663086,0.9587127926961,1.5965000152587892,0.0246906885994244,57.93999862670898,57.93999862670898,57.93999862670898,-0.1039283120136644,Invesco S&P 500 Equal Weight Technology ETF,P,True,False,False,False,False,False,False,False,False,,False,,,5687853056.0,Sector,unknown,358.0,True,,False,True,300.0,True,True,False,6.0,,0,0,False,Sector,Sector,Sector,Sector,Sector
2026-08-04,IWX,110.7300033569336,112.3000030517578,110.7300033569336,112.08999633789062,335000.0,251,37550148.77319336,50335065.7043457,34085299.88990662,0.036622576390082,0.1289077045380955,0.1649645852783294,0.2977443945442353,0.2992434161004536,0.2066517114112492,0.0109041668339149,0.0385747818676476,0.0340902138700137,0.0370051830684757,1.1891107218212542,106.26286361694336,99.31195454915364,0.0148020555501748,112.3000030517578,112.3000030517578,0.9981299491704342,1.0135005950927731,0.0090418469819342,107.08999633789062,106.56999969482422,106.56999969482422,-0.0492461131538144,iShares Russell Top 200 Value ETF,P,True,False,False,False,False,False,False,False,False,,False,,,3556921344.0,Factor / Style,unknown,455.0,True,,False,True,334.0,True,True,False,7.0,,0,0,False,Factor / Style,Factor / Style,Factor / Style,Factor / Style,Factor / Style
2026-08-04,EWT,100.3499984741211,102.58999633789062,100.20999908447266,102.20999908447266,4749000.0,251,485395285.65216064,674639423.2617569,664227239.0198238,0.0032391228891952,0.1305164798628211,0.482593493833183,0.0070831048936207,0.0817513690119059,0.1518414668766678,2.2943047187498013e-05,0.0106699009074004,0.0732777040087667,0.0325826319928786,0.3160889035314946,102.22080017089844,84.56933339436848,0.006857450801728,106.36000061035156,112.77999877929688,0.9062777105051312,3.254498672485352,0.0318412944099102,89.26000213623047,89.26000213623047,89.26000213623047,-0.1266999027907192,iShares MSCI Taiwan ETF,P,True,False,False,False,False,False,False,False,False,,False,,,11151458304.0,Country / Region,unknown,221.0,True,,False,True,46.0,True,True,False,11.0,,0,0,False,Country / Region,Country / Region,Country / Region,Country / Region,Country / Region
2026-08-04,JQUA,73.20999908447266,74.66000366210938,73.20999908447266,74.52999877929688,516000.0,251,38457479.37011719,29296361.2556839,36179904.44945078,0.0358582618552525,0.1243804354869657,0.1631043545112283,0.3185185045644467,0.266343151905289,0.1818301398285996,0.0114215199424153,0.0331278772229509,0.0296572875874301,0.0319131708505186,1.17427173352846,71.40150482177734,66.51025049845377,0.0113697546936613,74.66000366210938,74.66000366210938,0.9982587077895032,0.7342002868652344,0.0098510706948942,70.94000244140625,70.94000244140625,70.94000244140625,-0.0481684743954117,JPMorgan U.S. Quality Factor ETF,P,True,False,False,False,False,False,False,False,False,,False,,,8162030080.0,Factor / Style,unknown,279.0,True,,False,True,324.0,True,True,False,12.0,,0,0,False,Factor / Style,Factor / Style,Factor / Style,Factor / Style,Factor / Style
2026-08-04,DFLV,40.88999938964844,41.45500183105469,40.790000915527344,41.3849983215332,765000.0,251,31659523.7159729,30003850.5934906,30547936.49132744,0.0377381447620182,0.1040743621933903,0.1516269362026412,0.386392439155771,0.2977231155490692,0.2052589936390048,0.0145817338038097,0.0309853433609984,0.0311227923335197,0.0310334505013808,1.3883294965955166,39.75937980651855,37.44651479085287,0.0131916866596411,41.45500183105469,41.45500183105469,0.9983113374398878,0.3660503387451171,0.0088450006908579,40.119998931884766,39.48500061035156,39.48500061035156,-0.0459103005494878,Dimensional US Large Cap Value ETF,P,True,False,False,False,False,False,False,False,False,,False,,,6419725824.0,Factor / Style,unknown,333.0,True,,False,True,347.0,True,True,False,13.0,,0,0,False,Factor / Style,Factor / Style,Factor / Style,Factor / Style,Factor / Style
2026-08-04,QTEC,311.0199890136719,320.95001220703125,310.95001220703125,319.8599853515625,472600.0,251,151165829.07714844,77999068.7008667,90632768.6734154,0.0274975839841233,0.175084360053124,0.3423407818299144,0.0777192769542036,0.1190981926758927,0.1331533922442018,0.0021370923452335,0.0208522308481423,0.0455838364041853,0.0295082927927573,0.4963482654291098,314.2993878173828,265.20192565917966,0.0040375559890688,324.0799865722656,340.1946629053564,0.940226347526648,9.40350341796875,0.0293988115069574,285.2099914550781,285.2099914550781,285.2099914550781,-0.1083286296608814,First Trust NASDAQ-100-Technology Sector Index Fund,Q,True,False,False,False,False,False,False,False,False,,False,,,4991772672.0,Sector,unknown,376.0,True,,False,True,213.0,True,True,False,14.0,,0,0,False,Sector,Sector,Sector,Sector,Sector
2026-08-04,DFUV,56.02999877929688,56.84000015258789,55.93999862670898,56.70000076293945,461000.0,251,26138700.351715088,21327066.79857254,22305522.09770566,0.0325988147969682,0.1060087259975168,0.1582420481909496,0.3102260526468892,0.2654699203111155,0.195608134304744,0.0101130016354304,0.0281421280428436,0.030953431815193,0.0291260843631659,1.2584204611230654,54.67048133850098,51.21354708353678,0.0122054535277718,56.84000015258789,56.84000015258789,0.997536956557484,0.5137495040893555,0.0090608376927069,54.80500030517578,54.2400016784668,54.2400016784668,-0.0433862266555836,Dimensional US Marketwide Value ETF,P,True,False,False,False,False,False,False,False,False,,False,,,15314369536.0,Factor / Style,unknown,168.0,True,,False,True,396.0,True,True,False,15.0,,0,0,False,Factor / Style,Factor / Style,Factor / Style,Factor / Style,Factor / Style
2026-08-04,SOXX,529.3099975585938,545.3900146484375,526.5700073242188,542.2100219726562,10577900.0,251,5735443391.424561,5635962956.034851,5846150518.747869,-0.0171835277543512,0.174019578691013,0.5390333400350249,0.0,0.0655700994558179,0.1130499264696384,-0.0,0.0114104810820292,0.0609376794556432,0.0287450005127941,0.2966842012242843,567.6857360839844,441.1619769287109,-0.0001864921341884,594.989990234375,655.9500122070312,0.8266026555107734,29.42749938964844,0.0542732487359528,464.0799865722656,464.0799865722656,464.0799865722656,-0.1440955206178957,iShares PHLX SOX Semiconductor Sector Index Fund,Q,True,False,False,False,False,False,False,False,False,,False,,,47824830464.0,Industry / Theme,unknown,60.0,True,,False,True,6.0,True,True,False,17.0,,0,0,False,Industry / Theme,Industry / Theme,Industry / Theme,Industry / Theme,Industry / Theme
2026-08-04,RWL,132.6300048828125,134.22000122070312,132.3300018310547,134.00999450683594,369400.0,251,49503291.9708252,35075089.14543152,32617969.13148184,0.0301329716296068,0.0942116966121531,0.1351904183883061,0.2784089246564876,0.2988611868414001,0.2020162805138917,0.0083892882281032,0.0281562194638499,0.0273106654839224,0.0278602755708753,1.1236284317989356,128.80288024902345,122.03926727294922,0.0109004551532823,134.22000122070312,134.22000122070312,0.9984353545525464,1.1540000915527344,0.0086112987005149,128.83999633789062,128.83999633789062,128.83999633789062,-0.0385791984244995,Invesco S&P 500 Revenue ETF,P,True,False,False,False,False,False,False,False,False,,False,,,9220293632.0,US Equity,unknown,259.0,True,,False,True,338.0,True,True,False,19.0,,0,0,False,US Equity,US Equity,US Equity,US Equity,US Equity
2026-08-04,AVSC,73.94000244140625,75.11000061035156,73.7300033569336,74.9800033569336,117800.0,251,8832644.395446777,8911138.869132996,9498709.670826746,0.0385042455151944,0.1133525557498793,0.1869588598030327,0.2476839594522119,0.2162156847534108,0.1671717607235945,0.0095368839849234,0.0245086004600093,0.0312542417761486,0.026869574920658,1.4448275078157071,71.36204467773437,66.40349901835124,0.0165370231640307,75.11000061035156,75.11000061035156,0.9982692417472828,0.9224510192871094,0.0123026270737264,71.57099914550781,70.97000122070312,70.97000122070312,-0.0534809543438044,Avantis U.S Small Cap Equity ETF,P,True,False,False,False,False,False,False,False,False,,False,,,3031877632.0,Factor / Style,unknown,500.0,True,,False,True,457.0,True,True,False,20.0,,0,0,False,Factor / Style,Factor / Style,Factor / Style,Factor / Style,Factor / Style
2026-08-04,MGV,164.58999633789062,166.55999755859375,164.22000122070312,166.25999450683594,215900.0,251,35895532.81402588,37624978.2975769,39609801.82885064,0.0131009316220107,0.1049409532779768,0.1224742818173014,0.1179368624050408,0.2807771586466469,0.1695212396513797,0.0015450827700829,0.0294650226870608,0.0207619920790813,0.026418961974268,1.1785001421092982,161.57302001953124,152.47530629475912,0.0123608657802629,166.55999755859375,166.55999755859375,0.9981988289135736,1.495001220703125,0.0089919479736399,161.8800048828125,160.8300018310547,160.8300018310547,-0.0326596466689885,Vanguard Morningstar Mega Cap Value ETF,P,True,False,False,False,False,False,False,False,False,,False,,,13311754240.0,Factor / Style,unknown,193.0,True,,False,True,313.0,True,True,False,21.0,,0,0,False,Factor / Style,Factor / Style,Factor / Style,Factor / Style,Factor / Style
2026-08-04,FNDX,31.979999542236328,32.43000030517578,31.90999984741211,32.380001068115234,2380100.0,251,77067640.54222107,80480994.26978111,108102325.7509504,0.0331844578961006,0.08744747947942,0.1402849482176731,0.3170731990979644,0.279647912064051,0.2079929603694133,0.0105219022254483,0.0244545050516837,0.0291782816750636,0.0261078268698667,1.0321715683855095,31.20799503326416,29.45534220377604,0.0091506829525844,32.43000030517578,32.43000030517578,0.9984582412399,0.2730001449584961,0.0084311345260368,31.280000686645508,31.06999969482422,31.06999969482422,-0.0404571133439826,Schwab Fundamental U.S. Large Company ETF,P,True,False,False,False,False,False,False,False,False,,False,,,25939793920.0,Other,unknown,107.0,True,,False,True,180.0,True,True,False,22.0,,0,0,False,Other,Other,Other,Other,Other
2026-08-04,PRF,55.2599983215332,56.11000061035156,55.209999084472656,56.02999877929688,263400.0,251,14758301.678466797,16173688.583183289,22703670.890693057,0.0309107700522883,0.0917196139895992,0.1458790436356749,0.2937066761278378,0.2665367523464712,0.2000858603498103,0.0090786995286095,0.0244466480392597,0.0291883339528515,0.0261062381090168,1.0214043416377907,54.00322410583496,50.75473403930664,0.0089895901589429,56.11000061035156,56.11000061035156,0.9985741965748628,0.4700004577636719,0.008388371729491,54.0099983215332,53.77999877929688,53.77999877929688,-0.0401570595934294,Invesco RAFI US 1000 ETF,P,True,False,False,False,False,False,False,False,False,,False,,,9686064128.0,Other,unknown,252.0,True,,False,True,393.0,True,True,False,23.0,,0,0,False,Other,Other,Other,Other,Other
2026-08-04,AVLV,92.91000366210938,94.20999908447266,92.8000030517578,93.97000122070312,894300.0,251,84037372.0916748,104735226.23634338,151371666.89771622,0.0333186573339838,0.0936990304779983,0.1534096458619087,0.3535591113928242,0.2558675701208334,0.1909452460175472,0.0117801148798053,0.0239745432510833,0.0292928425705669,0.0258359480129026,1.129861339575821,91.1721629333496,85.22876510620117,0.009904003088359,94.20999908447266,94.20999908447266,0.997452522385078,0.8427501678466797,0.0089682894210818,90.9499969482422,90.13999938964844,90.13999938964844,-0.040757707580096,Avantis U.S. Large Cap Value ETF,P,True,False,False,False,False,False,False,False,False,,False,,,16735772672.0,Factor / Style,unknown,157.0,True,,False,True,139.0,True,True,False,24.0,,0,0,False,Factor / Style,Factor / Style,Factor / Style,Factor / Style,Factor / Style
2026-08-04,IJT,176.32000732421875,179.50999450683594,176.32000732421875,179.07000732421875,338100.0,251,60543569.47631836,33892708.5597229,31844907.560027592,0.0237251840768095,0.1137222583270571,0.2006462631873273,0.1432520250693019,0.1950339673249633,0.1623835478425487,0.0033986806641449,0.0221797032146803,0.032581652077708,0.02582038531674,1.1585474343603988,170.52599609375,157.72494110107422,0.0153657969123051,179.50999450683594,179.64999389648438,0.996771574773335,2.3865005493164064,0.013327193006674,170.00999450683594,170.00999450683594,170.00999450683594,-0.0505948089954507,iShares S&P SmallCap 600 Growth ETF,Q,True,False,False,False,False,False,False,False,False,,False,,,8216008192.0,Factor / Style,unknown,277.0,True,,False,True,343.0,True,True,False,25.0,,0,0,False,Factor / Style,Factor / Style,Factor / Style,Factor / Style,Factor / Style
2026-08-04,SLYG,117.88999938964844,119.83999633789062,117.69000244140624,119.5,210200.0,251,25118900.0,12434216.9424057,13696283.11179025,0.0239931715936516,0.1135512593823517,0.200297179439137,0.1455303780121055,0.1952435035307489,0.162554333281942,0.0034917353317334,0.0221701457121391,0.0325591744619824,0.0258063057745843,1.1592270814646108,113.78954040527344,105.24621587117512,0.0153529719552727,119.83999633789062,119.83999633789062,0.9971629143167527,1.593999481201172,0.0133389077924784,113.4499969482422,113.4499969482422,113.4499969482422,-0.0506276406004837,State Street SPDR S&P 600 Small Cap Growth ETF,P,True,False,False,False,False,False,False,False,False,,False,,,5195253248.0,Factor / Style,unknown,369.0,True,,False,True,434.0,True,True,False,26.0,,0,0,False,Factor / Style,Factor / Style,Factor / Style,Factor / Style,Factor / Style
2026-08-04,IWS,168.82000732421875,171.38999938964844,168.33999633789062,171.2100067138672,400600.0,251,68586728.6895752,94665845.4738617,77299982.74620904,0.0330658971073485,0.1012416477571627,0.1644618477596673,0.2720956802657179,0.2351818788896734,0.1768987169736845,0.0089970877670202,0.023810200941416,0.0290930898598065,0.0256592120628527,1.4214599977632827,163.95268951416017,154.52498809814452,0.0138654682520513,171.38999938964844,171.38999938964844,0.9989498064273163,1.789501953125,0.0104520873953102,164.44000244140625,163.17999267578125,163.17999267578125,-0.0469015461900308,iShares Russell Mid-Cap Value ETF,P,True,False,False,False,False,False,False,False,False,,False,,,15646174208.0,Factor / Style,unknown,164.0,True,,False,True,228.0,True,True,False,27.0,,0,0,False,Factor / Style,Factor / Style,Factor / Style,Factor / Style,Factor / Style
2026-08-04,VTV,221.4900054931641,224.1999969482422,220.82000732421875,223.8699951171875,3247900.0,251,727107357.1411133,688114765.3561401,620958448.7168328,0.0195836755910807,0.0993110659977285,0.1229467430241118,0.1847073891083177,0.2811218250145395,0.1730670523504545,0.0036172495875728,0.0279185081174208,0.0212780304112718,0.0255943409202686,1.2488420324510514,216.7181246948242,205.4367907714844,0.013144594071524,224.1999969482422,224.1999969482422,0.9985280917236994,2.0375015258789064,0.0091012711409242,218.1499938964844,216.6100006103516,216.6100006103516,-0.0324295111680134,Vanguard Morningstar Value ETF,P,True,False,False,False,False,False,False,False,False,,False,,,254461837312.0,Factor / Style,unknown,10.0,True,,False,True,49.0,True,True,False,28.0,,0,0,False,Factor / Style,Factor / Style,Factor / Style,Factor / Style,Factor / Style
2026-08-04,IYW,247.3000030517578,254.7100067138672,247.05999755859372,253.5500030517578,1155900.0,251,293078448.52752686,138640295.8115387,191713346.71948144,0.0422147497697822,0.1474668262118743,0.2710054928899614,0.1396709720409034,0.1302978534230528,0.1328022405675185,0.0058961751348089,0.0192146109065176,0.0359901366618915,0.0250860449208984,0.6511454466543631,245.25171508789063,216.27237915039063,-0.0002615049205553,254.7100067138672,260.9332505385792,0.9717044590078804,6.084999084472656,0.0239992073012537,227.13999938964844,227.13999938964844,227.13999938964844,-0.1041609281965507,iShares U.S. Technology ETF,P,True,False,False,False,False,False,False,False,False,,False,,,25393864704.0,Sector,unknown,109.0,True,,False,True,119.0,True,True,False,29.0,,0,0,False,Sector,Sector,Sector,Sector,Sector
2026-08-04,VGT,117.3499984741211,120.63999938964844,117.11000061035156,120.1500015258789,5656000.0,251,679568408.6303711,506985770.5237198,576275333.5195632,0.0533929870036746,0.1461936696936479,0.2792572099403891,0.171115500910532,0.1247146244529202,0.1333747913665023,0.0091363677162433,0.0182324886132375,0.0372458721133909,0.0248871728382912,0.716325444491183,116.52592819213868,102.8413064066569,0.0009941304752927,120.63999938964844,125.850191476801,0.9547065452659812,3.1235000610351564,0.0259966710059707,108.0999984741211,108.0999984741211,108.0999984741211,-0.1002913266643811,Vanguard Information Tech ETF,P,True,False,False,False,False,False,False,False,False,,False,,,169247817728.0,Other,unknown,14.0,True,,False,True,56.0,True,True,False,31.0,,0,0,False,Other,Other,Other,Other,Other
2026-08-04,FTEC,279.9599914550781,287.8800048828125,279.70001220703125,286.7699890136719,581900.0,251,166871456.60705566,85140829.7467041,95918619.22326466,0.0529852128582613,0.1463425717551436,0.2785292954943472,0.1693461912310245,0.1244934644821536,0.132816125391162,0.0089728439891116,0.018218693759026,0.0369931818354892,0.0247897645857881,0.7109197080025539,278.33738098144534,245.5066423543294,0.0009801892508745,287.8800048828125,300.4786748358019,0.9543771755861836,7.412504577636719,0.0258482577034353,257.9200134277344,257.9200134277344,257.9200134277344,-0.1006031896334942,Fidelity MSCI Information Technology Index ETF,P,True,False,False,False,False,False,False,False,False,,False,,,20956467200.0,Country / Region,unknown,130.0,True,,False,True,198.0,True,True,False,33.0,,0,0,False,Country / Region,Country / Region,Country / Region,Country / Region,Country / Region
2026-08-04,XLK,182.5200042724609,187.7100067138672,181.8699951171875,186.8999938964844,13485800.0,251,2520495937.689209,1643995139.9962616,2220745872.033764,0.0430851743289897,0.1547228879747944,0.2897943719513474,0.1245966121329613,0.1160341286123043,0.126352646130133,0.0053682667545501,0.0179531354825344,0.0366162857296727,0.0244852380690328,0.6527864299782568,183.0694860839844,159.2860167948405,1.4364695821944553e-05,187.7100067138672,198.49331469466887,0.9415933941351228,5.455999755859375,0.029192080973963,166.4600067138672,166.4600067138672,166.4600067138672,-0.1093632308727521,State Street Technology Select Sector SPDR ETF,P,True,False,False,False,False,False,False,False,False,,False,,,123912577024.0,Sector,unknown,23.0,True,,False,True,14.0,True,True,False,34.0,,0,0,False,Sector,Sector,Sector,Sector,Sector
2026-08-04,SPSM,57.68999862670898,58.59999847412109,57.58000183105469,58.470001220703125,1844700.0,251,107859611.25183104,88348417.18732834,95161862.54750812,0.0339522901776501,0.1078186065528685,0.1772876504756293,0.2324455932658172,0.2051081908834357,0.1600587595532121,0.007892060233077,0.0221144793336318,0.0283764414192326,0.0243061660635921,1.2712893839770298,55.82760765075684,52.01686350504557,0.0153569615066335,58.59999847412109,58.59999847412109,0.9977816167781066,0.7159994125366211,0.0122455857292354,55.95000076293945,55.56999969482422,55.56999969482422,-0.0495981095490737,State Street SPDR Portfolio S&P 600 Small Cap ETF,P,True,False,False,False,False,False,False,False,False,,False,,,16915987456.0,Factor / Style,unknown,154.0,True,,False,True,201.0,True,True,False,35.0,,0,0,False,Factor / Style,Factor / Style,Factor / Style,Factor / Style,Factor / Style
2026-08-04,IJR,148.39999389648438,150.69000244140625,148.0800018310547,150.41000366210938,3436500.0,251,516883977.58483887,468792306.6405487,539622329.5140827,0.0345278512520466,0.1079143288838515,0.1772738037896502,0.2372407497012776,0.204938963075601,0.1595671464587935,0.0081914133166097,0.0221158506624559,0.0282870750126105,0.02427577918501,1.2763585528772623,143.58904876708985,133.7978397623698,0.0153370551924736,150.69000244140625,150.69000244140625,0.9981418888130568,1.8684989929199216,0.0124227042578726,143.8699951171875,142.9199981689453,142.9199981689453,-0.0497972562382891,iShares Core S&P Small-Cap ETF,P,True,False,False,False,False,False,False,False,False,,False,,,111317172224.0,Other,unknown,25.0,True,,False,True,58.0,True,True,False,36.0,,0,0,False,Other,Other,Other,Other,Other
2026-08-04,FESM,47.7599983215332,48.52999877929688,47.70000076293945,48.43999862670898,588200.0,251,28492407.192230225,43844423.0982399,35384590.86443583,0.0225881300179637,0.1107183215247167,0.2145034121714939,0.1325899314582841,0.1730923702467711,0.155735561961143,0.0029949586108526,0.0191644967024573,0.0334058094371102,0.0241489561595858,0.6675022843960489,46.62751594543457,42.38699447631836,0.013697753707792,48.52999877929688,48.61899948120117,0.9963182941565591,0.6969993591308594,0.0143889219424243,46.14500045776367,46.14500045776367,46.14500045776367,-0.0473781633775663,Fidelity Enhanced Small Cap Core ETF,P,True,False,False,False,False,False,False,False,False,,False,,,5784907776.0,Factor / Style,unknown,355.0,True,,False,True,330.0,True,True,False,37.0,,0,0,False,Factor / Style,Factor / Style,Factor / Style,Factor / Style,Factor / Style
2026-08-04,IMCG,97.33999633789062,98.83999633789062,97.08000183105467,98.58999633789062,381400.0,251,37602224.603271484,10348880.004348757,9242683.428119477,0.0171257198750489,0.1172576014162687,0.1959711365169965,0.1169012169967994,0.1802567069887667,0.1488907491350265,0.0020020174953394,0.0211364691006979,0.0291782893248581,0.023951106179154,0.9187028849851095,95.49055404663086,87.50280380249023,0.0128076434057837,98.83999633789062,98.83999633789062,0.9974706595582484,1.375,0.0139466482510817,93.93000030517578,93.93000030517578,93.93000030517578,-0.0472664185597894,iShares Morningstar Mid-Cap Growth ETF,P,True,False,False,False,False,False,False,False,False,,False,,,4006894848.0,Factor / Style,unknown,421.0,True,,False,True,459.0,True,True,False,38.0,,0,0,False,Factor / Style,Factor / Style,Factor / Style,Factor / Style,Factor / Style
2026-08-04,VIOO,137.74000549316406,139.6999969482422,137.41000366210938,139.38999938964844,209100.0,251,29146448.87237549,10244961.918640137,10390954.593755327,0.033973755018162,0.1070605617939128,0.1763862089854038,0.231547302671216,0.2030121891190935,0.1584534751564735,0.0078665313360681,0.0217345990181022,0.0279490077834132,0.023909642085961,1.25111211378681,133.1135989379883,124.03599975585938,0.01536701099646,139.6999969482422,139.6999969482422,0.997780976625872,1.5980026245117187,0.0114642559115355,133.52000427246094,132.47999572753906,132.47999572753906,-0.0495731665999457,Vanguard S&P Small-Cap 600 ETF,P,True,False,False,False,False,False,False,False,False,,False,,,6406161408.0,Other,unknown,334.0,True,,False,True,452.0,True,True,False,39.0,,0,0,False,Other,Other,Other,Other,Other
2026-08-04,ARTY,71.13999938964844,73.66999816894531,70.94999694824219,73.2300033569336,548300.0,251,40152010.84060669,36708488.44482422,59084509.39494542,0.0471900906242892,0.1546329385575935,0.4093671996992263,0.094882207233491,0.0775410042791388,0.1111717839793787,0.004477499957981,0.0119903933503901,0.0455100818932055,0.0237222843403755,0.5066546353432679,71.75200653076172,59.74356450398763,0.0008042185972934,73.66999816894531,81.80196563276948,0.8952108031936827,2.8667486190795897,0.0391471867768002,61.33000183105469,61.33000183105469,61.33000183105469,-0.1625017203382688,iShares Future AI & Tech ETF,P,True,False,False,False,False,False,False,False,False,,False,,,3930527488.0,Other,unknown,431.0,True,,False,True,266.0,True,True,False,40.0,,0,0,False,Other,Other,Other,Other,Other
2026-08-04,ITA,248.2400054931641,251.33999633789065,246.0,250.6499938964844,553700.0,251,138784901.6204834,156255490.92468262,178811698.66604275,0.0226020695701423,0.1702791825698726,0.0857792552192975,0.0965155983959657,0.197135265282907,0.0526489854779186,0.0021814522695495,0.0335680318280684,0.0045161907623474,0.023399887455066,3.905411124262979,236.3059561157227,231.6842670694987,0.0157689428233041,251.33999633789065,251.4900054931641,0.996659860915616,5.377000427246093,0.021452226443966,230.57000732421875,226.6000061035156,226.6000061035156,-0.0959504822605387,iShares U.S. Aerospace & Defense ETF,Z,True,False,False,False,False,False,False,False,False,,False,,,14444112896.0,Industry / Theme,unknown,176.0,True,,False,True,124.0,True,True,False,42.0,,0,0,False,Industry / Theme,Industry / Theme,Industry / Theme,Industry / Theme,Industry / Theme
2026-08-04,IXN,137.22000122070312,140.9499969482422,136.8300018310547,140.44000244140625,288500.0,251,40516940.7043457,58021515.82092285,66551842.204635866,0.0337111865926615,0.1511096964538865,0.303374573430796,0.093355059315165,0.1061822256398989,0.1219722466284153,0.0031471098239425,0.0160451638852432,0.0370032782912913,0.02338050392736,0.6013282879897293,138.52647842407225,119.96539825439451,0.0008780976012749,141.22000122070312,149.65093919782692,0.9384505248961752,4.144001007080078,0.0295072695460043,125.44000244140624,125.44000244140624,125.44000244140624,-0.1068071755855902,iShares Global Tech ETF,P,True,False,False,False,False,False,False,False,False,,False,,,9455798272.0,Global Equity,unknown,255.0,True,,False,True,252.0,True,True,False,43.0,,0,0,False,Global Equity,Global Equity,Global Equity,Global Equity,Global Equity
2026-08-04,IWN,224.3600006103516,227.30999755859372,223.8800048828125,226.97000122070312,544000.0,251,123471680.6640625,135346941.6898346,146252400.8054461,0.0308384447760441,0.1027740486597268,0.166051893666508,0.2265606305145842,0.2044213918259284,0.1511731887751497,0.0069867774925497,0.021009214070607,0.0251025942677181,0.0224418971395959,1.2348665263807332,218.26127807617183,203.6174766031901,0.0136984184251578,227.30999755859372,227.30999755859372,0.9985042613983444,2.6514968872070312,0.0116821468605833,219.0200042724609,216.47999572753903,216.47999572753903,-0.0462175857458964,iShares Russell 2000 Value ETF,P,True,False,False,False,False,False,False,False,False,,False,,,14527014912.0,Factor / Style,unknown,175.0,True,,False,True,143.0,True,True,False,45.0,,0,0,False,Factor / Style,Factor / Style,Factor / Style,Factor / Style,Factor / Style
2026-08-04,AVUV,127.0999984741211,129.0500030517578,126.8499984741211,128.74000549316406,1251100.0,251,161066620.87249756,150569233.60744476,155795094.5682586,0.0453918302722105,0.0898569194686882,0.1698233965788533,0.3749165294893319,0.2022609597012137,0.1661710744021977,0.0170181474728259,0.0181745467675315,0.0282197362681385,0.021690363092744,1.516541333354339,123.2917724609375,115.72363377888998,0.0128752844577901,129.0500030517578,129.0500030517578,0.9975978492734368,1.478750228881836,0.0114863303230195,123.9000015258789,121.66000366210938,121.66000366210938,-0.0549945745608239,Avantis U.S. Small Cap Value ETF,P,True,False,False,False,False,False,False,False,False,,False,,,29055420416.0,Factor / Style,unknown,95.0,True,,False,True,138.0,True,True,False,48.0,,0,0,False,Factor / Style,Factor / Style,Factor / Style,Factor / Style,Factor / Style
2026-08-04,KRE,77.05999755859375,78.3499984741211,76.87000274658203,77.83999633789062,13830900.0,251,1076597205.3497314,1017525402.2463988,1048713149.6390812,0.0368988497978826,0.1348778726242845,0.1243565415688665,0.1924942567555029,0.197910306323122,0.0927707148799873,0.0071028166669763,0.0266937210872831,0.0115366452613466,0.0213887445482053,1.8122019616125908,73.41507553100585,69.37984046936035,0.0232646782289434,78.3499984741211,78.3499984741211,0.9934907192576536,1.2954998016357422,0.0166431123148078,73.94999694824219,72.91999816894531,72.91999816894531,-0.063206557045409,State Street SPDR S&P Regional Banking ETF,P,True,False,False,False,False,False,False,False,False,,False,,,4740203520.0,Other,unknown,386.0,True,,False,True,33.0,True,True,False,50.0,,0,0,False,Other,Other,Other,Other,Other
2026-08-04,SMH,564.2899780273438,578.6300048828125,562.280029296875,575.7100219726562,9382200.0,251,5401426568.151855,7145544682.010345,7049617230.184549,-0.0098718550414806,0.1359932363813074,0.4111577327991067,0.0,0.0636674399194956,0.1091304163179139,-0.0,0.0086583412067646,0.0448698145526961,0.0213323568778406,0.2809806806611948,595.9420013427734,486.0262005615234,-0.004099631927925,618.1699829101562,671.8300170898438,0.8569281028353734,26.123497009277344,0.0453761373126106,503.6300048828125,503.6300048828125,503.6300048828125,-0.1252019494864156,VanEck Semiconductor ETF,Q,True,False,False,False,False,False,False,False,False,,False,,,77198270464.0,Industry / Theme,unknown,38.0,True,,False,True,4.0,True,True,False,52.0,,0,0,False,Industry / Theme,Industry / Theme,Industry / Theme,Industry / Theme,Industry / Theme
2026-08-04,DFSV,40.13999938964844,40.68999862670898,40.0099983215332,40.63999938964844,659100.0,251,26785823.597717285,28889447.030410767,35235391.653817795,0.0536686469069895,0.0960499419080358,0.1511023850821642,0.3703037970882757,0.2119876703697186,0.1519298425156901,0.0198737037342481,0.0203614034242313,0.0229569615692783,0.0212698487749977,1.635667918341244,38.64969116210938,36.62380162556966,0.0155470854001038,40.68999862670898,40.68999862670898,0.9987712155628404,0.4908998489379882,0.0120792287477993,39.055999755859375,37.9900016784668,37.9900016784668,-0.0652066375733418,Dimensional US Small Cap Value ETF,P,True,False,False,False,False,False,False,False,False,,False,,,7919026176.0,Factor / Style,unknown,287.0,True,,False,True,331.0,True,True,False,53.0,,0,0,False,Factor / Style,Factor / Style,Factor / Style,Factor / Style,Factor / Style
2026-08-04,SLYV,110.36000061035156,111.9800033569336,110.12000274658205,111.88999938964844,548600.0,251,61382853.66516113,17923270.57662964,23295348.320249528,0.0441395629516159,0.1021015056530845,0.1537360047327447,0.297670948214272,0.1946986416580458,0.145329913209855,0.013139065557571,0.0198790244618968,0.0223424402250396,0.0207412199789968,1.411106193024298,107.08582473754883,100.55370966593424,0.0152748479766602,111.9800033569336,111.9800033569336,0.9991962496464812,1.385500717163086,0.0123827037690668,107.27999877929688,105.36000061035156,105.36000061035156,-0.0583608795684826,State Street SPDR S&P 600 Small Cap Value ETF,P,True,False,False,False,False,False,False,False,False,,False,,,4830834688.0,Factor / Style,unknown,383.0,True,,False,True,389.0,True,True,False,54.0,,0,0,False,Factor / Style,Factor / Style,Factor / Style,Factor / Style,Factor / Style
2026-08-04,IJS,138.27999877929688,140.38999938964844,138.08999633789062,140.27000427246094,327000.0,251,45868291.39709473,27549616.56059265,49803848.57892233,0.0442194771118735,0.1022260500225775,0.1534624161863309,0.3003034786646938,0.194381284445252,0.1444128308473663,0.0132792628014294,0.0198708309071532,0.0221619419501447,0.0206727197722002,1.4173503977883355,134.244296875,126.06448801676432,0.0152818585518714,140.38999938964844,140.38999938964844,0.9991452730414616,1.7509986877441406,0.0124830586327137,134.49000549316406,132.0399932861328,132.0399932861328,-0.0586726365983573,iShares S&P SmallCap 600 Value ETF,P,True,False,False,False,False,False,False,False,False,,False,,,8017806848.0,Factor / Style,unknown,286.0,True,,False,True,288.0,True,True,False,55.0,,0,0,False,Factor / Style,Factor / Style,Factor / Style,Factor / Style,Factor / Style
2026-08-04,PSI,144.4600067138672,147.9199981689453,143.41000366210938,147.0,682600.0,251,100342200.0,64577769.852752686,74186870.73797801,-0.0090332774098117,0.0876170421551585,0.542361009603862,0.0,0.0319184760846884,0.0987103942950605,-0.0,0.0027966024646405,0.0535366691082643,0.0205556257899088,0.1063522335808023,156.80792999267578,123.34759694417318,-0.0123395474381665,163.89999389648438,189.2400054931641,0.7767913534821267,9.666998291015624,0.0657618931361607,120.5999984741211,120.5999984741211,120.5999984741211,-0.1795918471148224,Invesco Semiconductors ETF,P,True,False,False,False,False,False,False,False,False,,False,,,3097870848.0,Other,unknown,495.0,True,,False,True,234.0,True,True,False,57.0,,0,0,False,Other,Other,Other,Other,Other
2026-08-04,VOE,204.67999267578125,207.6199951171875,203.67999267578125,207.3800048828125,371100.0,251,76958719.81201172,55312684.25918579,55388596.19942317,0.0332835477635458,0.0807604002521773,0.1277158587272615,0.3112766237321397,0.245356490042322,0.1707878366501199,0.0103603903736639,0.0198150883402872,0.0218123152179413,0.0205141177474662,1.407786873983926,199.123701171875,190.8282066853841,0.014299495587855,208.1300048828125,208.1300048828125,0.996396483051916,2.0644996643066404,0.0099551529351793,201.94000244140625,199.0500030517578,199.0500030517578,-0.0401678157726047,Vanguard Morningstar Mid-Cap Value ETF,P,True,False,False,False,False,False,False,False,False,,False,,,37230292992.0,Factor / Style,unknown,82.0,True,,False,True,273.0,True,True,False,58.0,,0,0,False,Factor / Style,Factor / Style,Factor / Style,Factor / Style,Factor / Style
2026-08-04,IGM,159.25,164.3000030517578,159.25,163.58999633789062,855500.0,251,139951241.86706543,51944443.69049072,82000541.14762564,0.0443026026926771,0.1286885051741482,0.2587577963249226,0.1389668022052829,0.109893477759177,0.122826831767401,0.0061565910255725,0.0141420273812169,0.0317824003177046,0.0203161579089876,0.6382812473209167,158.87668212890625,140.61492279052734,-0.0007398320635131,164.3000030517578,171.40683033840085,0.9543960180286992,4.182499694824219,0.0255669649028256,146.05999755859375,146.05999755859375,146.05999755859375,-0.10715813418743,iShares Expanded Tech Sector ETF,P,True,False,False,False,False,False,False,False,False,,False,,,10708001792.0,Sector,unknown,231.0,True,,False,True,221.0,True,True,False,59.0,,0,0,False,Sector,Sector,Sector,Sector,Sector
2026-08-04,FELC,43.2599983215332,43.95500183105469,43.2599983215332,43.83000183105469,1891000.0,251,82882533.46252441,30530865.204467773,35960341.60087828,0.0413400254730056,0.0953081938114335,0.1331053402568858,0.2833880997512989,0.2091201276412924,0.1433173171366225,0.0117152712624653,0.019930861655108,0.0190763002621741,0.0196317651675811,1.107750658463393,41.984473876953125,39.61311805725098,0.0050873338081196,43.95500183105469,43.95500183105469,0.9971561825777996,0.494000244140625,0.0112708241730123,41.5099983215332,41.5099983215332,41.5099983215332,-0.0529318597444753,Fidelity Enhanced Large Cap Core ETF,P,True,False,False,False,False,False,False,False,False,,False,,,7879930368.0,Factor / Style,unknown,289.0,True,,False,True,326.0,True,True,False,61.0,,0,0,False,Factor / Style,Factor / Style,Factor / Style,Factor / Style,Factor / Style
2026-08-04,FHLC,78.7300033569336,78.94999694824219,78.23999786376953,78.86000061035156,207800.0,251,16387108.126831057,17190787.17880249,16006255.735354953,-0.0160948333246235,0.1290393157389116,0.0646926959174964,0.0,0.2167949950552111,0.0625061393468262,-0.0,0.0279750778175451,0.0040436906657408,0.0195990923144136,1.1248497559253052,75.96061096191406,73.49193812052408,0.0240790663559091,81.36000061035156,81.36000061035156,0.969272369945362,1.212000274658203,0.0153690117331689,77.33999633789062,76.56999969482422,76.56999969482422,-0.0290388143266986,Fidelity MSCI Health Care Index ETF,P,True,False,False,False,False,False,False,False,False,,False,,,3215685120.0,Country / Region,unknown,478.0,True,,False,True,422.0,True,True,False,62.0,,0,0,False,Country / Region,Country / Region,Country / Region,Country / Region,Country / Region
2026-08-04,VHT,304.57000732421875,305.29998779296875,302.5,304.989990234375,228400.0,251,69659713.76953125,73291285.48019409,73949907.56128705,-0.0170808539256576,0.1278972735433419,0.062858747232225,0.0,0.213988743655891,0.060838476013942,-0.0,0.0273685768825535,0.0038242303857541,0.0191280556086737,1.1212125104331696,293.91724548339846,284.51115478515624,0.024004267392425,314.8999938964844,314.8999938964844,0.9685296797262972,4.782998657226562,0.0156824774922973,299.1499938964844,296.3900146484375,296.3900146484375,-0.0281975666785939,Vanguard Health Care ETF,P,True,False,False,False,False,False,False,False,False,,False,,,20388290560.0,Sector,unknown,133.0,True,,False,True,236.0,True,True,False,63.0,,0,0,False,Sector,Sector,Sector,Sector,Sector
2026-08-04,IWR,111.41999816894533,113.08000183105467,111.19000244140624,112.93000030517578,2946900.0,251,332793417.8993225,269469134.9485779,222430091.09641185,0.0268230301709315,0.088654850932883,0.1376197676135353,0.2377112069071513,0.2080095517962163,0.1482088888351805,0.006376134874839,0.0184410558071093,0.0203964728397578,0.0191254517685363,1.4435840921019918,108.82554122924805,103.32038243611652,0.0109128897930594,113.08000183105467,113.08000183105467,0.9986734920105236,1.215000534057617,0.0107588818805832,108.5500030517578,108.25,108.25,-0.04144160358212,iShares Russell Mid-Cap ETF,P,True,False,False,False,False,False,False,False,False,,False,,,56977440768.0,Other,unknown,51.0,True,,False,True,111.0,True,True,False,64.0,,0,0,False,Other,Other,Other,Other,Other
2026-08-04,QTUM,149.02000427246094,153.63999938964844,148.6199951171875,152.94000244140625,476700.0,251,72906499.16381836,58048388.77433777,110339755.39696103,0.0099049126770871,0.1289943094522565,0.3149215106828855,0.0248591205236437,0.0787944381335588,0.1107906096661162,0.0002462274180158,0.0101640341357169,0.0348903461655312,0.0188182433461519,0.4822887739430086,154.0359619140625,131.4038007100423,-0.0040346710234502,157.0,169.71898395889733,0.901136684146338,4.932999420166016,0.0322544745744719,132.10000610351562,132.10000610351562,132.10000610351562,-0.1362625605153548,Defiance Quantum ETF,Q,True,False,False,False,False,False,False,False,False,,False,,,6260666368.0,Industry / Theme,unknown,339.0,True,,False,True,176.0,True,True,False,66.0,,0,0,False,Industry / Theme,Industry / Theme,Industry / Theme,Industry / Theme,Industry / Theme
2026-08-04,SPMO,148.60000610351562,151.9199981689453,148.5,151.1699981689453,3132600.0,251,473555136.2640381,342120934.06684875,351823544.10376173,0.0117119530280098,0.1261676495596306,0.262412275643864,0.0317431321654402,0.0921202649444145,0.1203562842723207,0.0003717740728835,0.0116225973048472,0.0315829664439394,0.0186087265035295,0.5193488708407415,150.5471337890625,132.13704010009766,0.0017018843361407,155.13499450683594,162.3000030517578,0.931423261407684,4.8605506896972654,0.0321528791993844,136.2899932861328,136.2899932861328,136.2899932861328,-0.0984322621091973,Invesco S&P 500 Momentum ETF,P,True,False,False,False,False,False,False,False,False,,False,,,22210627584.0,Factor / Style,unknown,125.0,True,,False,True,77.0,True,True,False,68.0,,0,0,False,Factor / Style,Factor / Style,Factor / Style,Factor / Style,Factor / Style
2026-08-04,XBI,148.77000427246094,152.2100067138672,147.94000244140625,151.8800048828125,7838300.0,251,1190481042.2729492,1302797546.379547,1293985140.569923,-0.0731676975141218,0.1387947292573081,0.1937895074554814,0.0,0.1297294915766813,0.0964484073190773,-0.0,0.0180057696600737,0.0186906893492296,0.0182454915512782,0.7399374410063801,146.07132888793944,133.70638793945312,0.0248868472502903,165.7100067138672,165.7100067138672,0.9165409373560942,4.512001800537109,0.0297076748451415,143.77999877929688,143.77999877929688,143.77999877929688,-0.0533316160331007,State Street SPDR S&P Biotech ETF,P,True,False,False,False,False,False,False,False,False,,False,,,10734887936.0,Industry / Theme,unknown,230.0,True,,False,True,27.0,True,True,False,70.0,,0,0,False,Industry / Theme,Industry / Theme,Industry / Theme,Industry / Theme,Industry / Theme
2026-08-04,DCOR,83.91999816894531,85.16999816894531,83.89399719238281,85.00499725341797,162000.0,251,13770809.555053713,9698324.481048584,9321667.200566852,0.0343757232629782,0.0856991763253163,0.1251029244582442,0.2672908395293438,0.2116085111051814,0.1470940902508331,0.0091883159303898,0.0181346751051406,0.0184019008609041,0.0182282041196578,1.2339523820211025,81.81310409545898,77.59969772338867,0.0063245759617835,85.16999816894531,85.16999816894531,0.9980626873420844,0.8212501525878906,0.0096611985074191,81.16999816894531,81.16999816894531,81.16999816894531,-0.0451149839231181,Dimensional US Core Equity 1 ETF,P,True,False,False,False,False,False,False,False,False,,False,,,3237994240.0,Other,unknown,477.0,True,,False,True,458.0,True,True,False,71.0,,0,0,False,Other,Other,Other,Other,Other
2026-08-04,DFAS,82.66999816894531,83.93000030517578,82.44999694824219,83.80999755859375,460700.0,251,38611265.87524414,42783478.682403564,37458498.33067637,0.0355862750841209,0.0955397903612111,0.1364616500172304,0.2424237559058708,0.1897683499405136,0.127813669409887,0.0086269584645921,0.0181304283705096,0.0174416642224299,0.0178893609186817,1.618701041368288,80.27447494506836,76.02545374552409,0.0127203154121011,83.93000030517578,83.93000030517578,0.9985702043828704,0.9977001190185548,0.0119043091287651,80.1500015258789,79.38999938964844,79.38999938964844,-0.0527383164025888,Dimensional U.S. Small Cap ETF,P,True,False,False,False,False,False,False,False,False,,False,,,15242885120.0,Factor / Style,unknown,169.0,True,,False,True,318.0,True,True,False,74.0,,0,0,False,Factor / Style,Factor / Style,Factor / Style,Factor / Style,Factor / Style
2026-08-04,TCAF,42.22999954223633,42.83000183105469,42.209999084472656,42.720001220703125,969200.0,251,41404225.18310547,22901110.322742462,27817591.249623373,0.0281588930234923,0.0864700293048694,0.1168627770118464,0.2131153464256109,0.2182285703652413,0.136990484420773,0.0060010922416632,0.0188702308746421,0.0160090884336096,0.0178688310202807,1.0917067445443347,40.89199989318848,38.950666681925455,0.0056563924740702,42.83000183105469,42.83000183105469,0.9974316926068444,0.4361997604370117,0.0102106682577906,40.43999862670898,40.43999862670898,40.43999862670898,-0.0533708457126447,T. Rowe Price Capital Appreciation Equity ETF,P,True,False,False,False,False,False,False,False,False,,False,,,7400264704.0,Other,unknown,296.0,True,,False,True,368.0,True,True,False,75.0,,0,0,False,Other,Other,Other,Other,Other
2026-08-04,LRGF,77.3499984741211,78.58999633789062,77.3499984741211,78.44000244140625,110900.0,251,8698996.270751953,10037544.50099945,11679134.746805826,0.0363324073364754,0.0914825975984869,0.1254030090907598,0.2520622435307511,0.200777736874234,0.1344089761944679,0.0091580281061051,0.0183676689092004,0.0168552900635945,0.0178383363132384,1.211423289435727,75.59951324462891,71.50520917256674,0.0055050485895469,78.58999633789062,78.58999633789062,0.998091437797764,0.8519493103027344,0.0108611586408239,74.4000015258789,74.4000015258789,74.4000015258789,-0.0515043445918449,iShares U.S. Equity Factor ETF,P,True,False,False,False,False,False,False,False,False,,False,,,3509724672.0,Factor / Style,unknown,458.0,True,,False,True,444.0,True,True,False,76.0,,0,0,False,Factor / Style,Factor / Style,Factor / Style,Factor / Style,Factor / Style
2026-08-04,XSD,513.530029296875,529.5599975585938,512.2000122070312,525.5499877929688,192100.0,251,100958152.6550293,52113394.8828125,78066336.73580109,-0.0177921008483689,0.0593026530942022,0.4862292336425626,0.0,0.0235998639855737,0.0990645798513002,-0.0,0.0013995345470068,0.0481680947422201,0.0177685306153314,0.0473125106004228,567.4788494873047,446.96454833984376,-0.0212028608548349,581.8200073242188,657.8990200629934,0.7988307806609101,27.1864990234375,0.0517296159355009,448.3999938964844,448.3999938964844,448.3999938964844,-0.1467985837474251,State Street SPDR S&P Semiconductor ETF,P,True,False,False,False,False,False,False,False,False,,False,,,3476073728.0,Industry / Theme,unknown,463.0,True,,False,True,226.0,True,True,False,78.0,,0,0,False,Industry / Theme,Industry / Theme,Industry / Theme,Industry / Theme,Industry / Theme
2026-08-04,SMMD,91.0,92.4800033569336,90.88999938964844,92.22000122070312,305400.0,251,28163988.37280273,20849575.311660767,23856157.942902096,0.0229617266754009,0.0907205474925436,0.1668310934607044,0.1652036039020148,0.158627699437404,0.1360164947466989,0.0037933599985892,0.0143907917404439,0.0226917805472839,0.0172961378228379,1.0684586190146277,89.39297058105468,83.2244101969401,0.0095406319170283,92.4800033569336,92.4800033569336,0.9971885583175536,1.156951904296875,0.0125455637495387,88.3499984741211,88.3499984741211,88.3499984741211,-0.0419648958507411,iShares Russell 2500 ETF,Z,True,False,False,False,False,False,False,False,False,,False,,,3622894592.0,Other,unknown,452.0,True,,False,True,385.0,True,True,False,80.0,,0,0,False,Other,Other,Other,Other,Other
2026-08-04,USMC,75.20999908447266,76.4000015258789,75.20999908447266,76.21299743652344,59900.0,251,4565158.546447754,5616613.798675537,6360479.741523379,0.0279605889390448,0.0850517445960254,0.1219750032515676,0.2044579957830989,0.2054785677397142,0.1389007980075902,0.0057167659753921,0.0174763106633553,0.0169424252886211,0.0172894507821983,0.9885253770169536,73.68857467651367,69.72403615315756,0.004110318726352,76.4000015258789,76.4000015258789,0.9975523025442332,0.8155502319335938,0.0107009336906457,72.5250015258789,72.5250015258789,72.5250015258789,-0.0483906424716624,Principal U.S. Mega-Cap ETF,Q,True,False,False,False,False,False,False,False,False,,False,,,3491833344.0,Other,unknown,461.0,True,,False,True,461.0,True,True,False,81.0,,0,0,False,Other,Other,Other,Other,Other
2026-08-04,IGV,98.18000030517578,102.37999725341795,98.13999938964844,102.0,12294300.0,251,1254018600.0,1260369115.1470184,1687468501.7083182,0.0836078080975006,0.1535404947525136,0.1396239056580372,0.279573946214775,0.1401265313736559,0.0644331191579938,0.0233745648441858,0.0215150969550647,0.0089964037505688,0.0171335543334911,1.4939498799082511,93.1541680908203,89.75244990030924,0.0029546011995793,102.37999725341795,108.03974270184716,0.9440970280860924,2.7915000915527344,0.0273676479563993,86.77999877929688,86.77999877929688,86.77999877929688,-0.1492156982421875,iShares Expanded Tech-Software Sector ETF,Z,True,False,False,False,False,False,False,False,False,,False,,,13542322176.0,Industry / Theme,unknown,191.0,True,,False,True,22.0,True,True,False,82.0,,0,0,False,Industry / Theme,Industry / Theme,Industry / Theme,Industry / Theme,Industry / Theme
2026-08-04,XLV,162.0,162.49000549316406,160.97000122070312,162.10000610351562,15121700.0,251,2451227662.295532,1557479631.9472504,1632896594.4421434,-0.0142300918459571,0.124956252408434,0.0500625289861289,0.0,0.2006013233806369,0.047032715018955,-0.0,0.0250663895978167,0.0023545766589327,0.0171172550692073,1.1860108075482716,156.65630950927735,152.4679425048828,0.023255598531257,168.52999877929688,168.52999877929688,0.9618465986924868,2.758001708984375,0.0170141986745092,158.9499969482422,157.22999572753906,157.22999572753906,-0.0300432460987485,State Street Health Care Select Sector SPDR ETF,P,True,False,False,False,False,False,False,False,False,,False,,,40598945792.0,Sector,unknown,77.0,True,,False,True,24.0,True,True,False,83.0,,0,0,False,Sector,Sector,Sector,Sector,Sector
2026-08-04,FEZ,71.0,71.41000366210938,70.91999816894531,71.3499984741211,701300.0,251,50037753.92990112,50242528.47717285,92219248.1023092,0.0397842555853735,0.1280650539326697,0.0776503962202903,0.2375974257943796,0.1859517923161916,0.0568894330997455,0.0094526367142304,0.0238139263118496,0.0044174870209429,0.0170251725600323,4.260299313198365,67.8683982849121,65.61959376017252,0.0107838983515704,71.41000366210938,71.41000366210938,0.9991597089355686,0.9409999847412108,0.0131885074262827,66.91000366210938,66.91000366210938,66.91000366210938,-0.0622283799154126,State Street SPDR EURO STOXX 50 ETF,P,True,False,False,False,False,False,False,False,False,,False,,,4349350400.0,Other,unknown,405.0,True,,False,True,207.0,True,True,False,84.0,,0,0,False,Other,Other,Other,Other,Other
2026-08-04,VO,82.02999877929688,83.04000091552734,81.69000244140625,82.88999938964844,3537000.0,251,293181927.8411865,299067965.62351227,238306855.32623777,0.0282843166112578,0.0787888476596825,0.1226082769509275,0.3056295881153367,0.2056930261880863,0.1442877939567802,0.0086445240360225,0.0162063165049922,0.0176908778020912,0.0167259129589768,1.2875853477220025,79.99707336425782,76.33380310058594,0.0109097610769648,83.04000091552734,83.04000091552734,0.998193623263185,0.8759998321533203,0.0105682209989582,80.0999984741211,79.58999633789062,79.58999633789062,-0.0398118358795636,Vanguard Morningstar Mid-Cap ETF,P,True,False,False,False,False,False,False,False,False,,False,,,223974162432.0,Other,unknown,11.0,True,,False,True,103.0,True,True,False,85.0,,0,0,False,Other,Other,Other,Other,Other
2026-08-04,SMLF,88.3499984741211,89.87999725341797,88.20999908447266,89.68000030517578,127200.0,251,11407296.03881836,13288584.981384275,14510073.649076432,0.0249142892020088,0.0942561715965524,0.1466339724106364,0.1548296308899573,0.16547803397969,0.1225015033621607,0.0038574702010326,0.0155973259662497,0.0179628820642685,0.0164252706005563,1.4035940290299809,86.57845565795898,81.28300608317058,0.0096918576745117,89.87999725341797,89.87999725341797,0.9977748447446178,1.2138992309570311,0.0135358968200959,85.22000122070312,85.22000122070312,85.22000122070312,-0.049732371423902,iShares U.S. Small-Cap Equity Factor ETF,P,True,False,False,False,False,False,False,False,False,,False,,,4182715648.0,Factor / Style,unknown,412.0,True,,False,True,428.0,True,True,False,87.0,,0,0,False,Factor / Style,Factor / Style,Factor / Style,Factor / Style,Factor / Style
2026-08-04,IYH,68.16999816894531,68.38999938964844,67.70999908447266,68.23999786376953,1023600.0,251,69850461.81335449,60375553.670921326,56905166.020178415,-0.0191174620797596,0.1220753912321372,0.0514056411846042,0.0,0.195527143132565,0.0480544069377856,-0.0,0.0238690524944099,0.0024702676003827,0.0163794777815004,1.1449713619956543,66.00691474914551,64.16589795430501,0.0229554824897286,70.77999877929688,70.77999877929688,0.9641141429876616,1.1169994354248047,0.0163686909494739,66.94999694824219,66.18000030517578,66.18000030517578,-0.0301875384390576,iShares U.S. Healthcare ETF,P,True,False,False,False,False,False,False,False,False,,False,,,3161404928.0,Sector,unknown,489.0,True,,False,True,271.0,True,True,False,88.0,,0,0,False,Sector,Sector,Sector,Sector,Sector
2026-08-04,AVUS,129.60000610351562,131.6199951171875,129.60000610351562,131.3300018310547,301200.0,251,39556596.55151367,37990828.61118317,42861536.36146424,0.0320628827587794,0.0809558652501829,0.1319634051006226,0.2443115315349887,0.1830106611018838,0.1454807940743971,0.0078333319922241,0.014815786419511,0.0191981409627999,0.0163496105096621,1.0430157444987638,127.11988479614256,119.83999267578125,0.0049749532429927,131.6199951171875,131.6199951171875,0.9977967383612604,1.384099578857422,0.0105390966234657,124.7699966430664,124.7699966430664,124.7699966430664,-0.0499505451650506,Avantis U.S. Equity ETF,P,True,False,False,False,False,False,False,False,False,,False,,,13827512320.0,US Equity,unknown,181.0,True,,False,True,302.0,True,True,False,89.0,,0,0,False,US Equity,US Equity,US Equity,US Equity,US Equity
2026-08-04,SUSA,155.91000366210938,158.6699981689453,155.6999969482422,158.25,34000.0,251,5380500.0,6166231.572952271,5768047.932070778,0.0259984074430914,0.0885562890218112,0.1195853752139488,0.1934389498315499,0.1890275869671005,0.1250702121839012,0.0050291046330843,0.0167395816245541,0.0149565682521,0.0161155269441951,0.9535371501408216,153.09708099365236,144.51384429931642,0.0046170728895931,158.6699981689453,158.6699981689453,0.9973530082952536,1.6824989318847656,0.0106319047828421,150.52999877929688,150.52999877929688,150.52999877929688,-0.0487835780139217,iShares ESG Optimized MSCI USA ETF,P,True,False,False,False,False,False,False,False,False,,False,,,4045895936.0,Country / Region,unknown,420.0,True,,False,True,464.0,True,True,False,90.0,,0,0,False,Country / Region,Country / Region,Country / Region,Country / Region,Country / Region
2026-08-04,FNDA,37.880001068115234,38.38999938964844,37.79999923706055,38.310001373291016,733400.0,251,28096555.00717163,15917980.09765625,41774002.72741167,0.0276288258508781,0.0875204544856493,0.1422395624458465,0.1969406652142168,0.1705336950746714,0.1279765297582877,0.0054412393421596,0.0149251864980523,0.0182033255961567,0.0160725351823889,1.224295354042715,37.0300617980957,34.890536549886065,0.0123519405560543,38.38999938964844,38.38999938964844,0.9979161756283071,0.4709999084472656,0.0122944372634671,36.77999877929688,36.630001068115234,36.630001068115234,-0.0438527863469888,Schwab Fundamental U.S. Small Company ETF,P,True,False,False,False,False,False,False,False,False,,False,,,9333672960.0,Other,unknown,257.0,True,,False,True,304.0,True,True,False,91.0,,0,0,False,Other,Other,Other,Other,Other
2026-08-04,CGUS,45.5,46.20000076293945,45.4900016784668,46.04999923706055,1072400.0,251,49384019.18182373,49593976.03027344,48041378.37158082,0.0409131439855876,0.0847971351803094,0.1249496314757334,0.2828120511026261,0.1845002945533728,0.1330768907824495,0.0115707301676211,0.0156450964180492,0.0166279084612035,0.0159890806331532,1.2862650617064275,44.0632243347168,41.86251846313476,0.0046387833472143,46.20000076293945,46.20000076293945,0.9967532137791816,0.5398504257202148,0.0117231364747938,43.27999877929688,43.27999877929688,43.27999877929688,-0.0601520196233663,Capital Group Core Equity ETF,P,True,False,False,False,False,False,False,False,False,,False,,,11122103296.0,Other,unknown,224.0,True,,False,True,289.0,True,True,False,92.0,,0,0,False,Other,Other,Other,Other,Other
2026-08-04,DYNF,68.81999969482422,69.83999633789062,68.80999755859375,69.62999725341797,1945100.0,251,135437307.6576233,132602326.04076384,164907810.10353452,0.0349286343156745,0.0903376279399417,0.1294482139636219,0.2274927195741717,0.1714565486751047,0.1259031216499017,0.0079460100114845,0.0154889779020781,0.0162979342300244,0.0157721126168593,1.1791085942572983,67.19908203125,63.38419644673665,0.0038608633623358,69.83999633789062,69.83999633789062,0.9969931400990248,0.8684497833251953,0.0124723512506323,65.59500122070312,65.59500122070312,65.59500122070312,-0.0579491051540544,iShares U.S. Equity Factor Rotation Active ETF,P,True,False,False,False,False,False,False,False,False,,False,,,38004244480.0,Factor / Style,unknown,80.0,True,,False,True,132.0,True,True,False,93.0,,0,0,False,Factor / Style,Factor / Style,Factor / Style,Factor / Style,Factor / Style
2026-08-04,USRT,67.43000030517578,67.75,66.70999908447266,67.58999633789062,748500.0,251,50591112.25891113,31646458.054275516,34295820.21481953,-0.0011822348635942,0.0615369019868448,0.1727180468916138,0.0,0.1296847538433567,0.1736517980517737,-0.0,0.0079803979864467,0.0299927993987193,0.0156847384807421,0.5540184786450625,66.65511177062989,62.74403111775716,0.0127982067340775,70.08999633789062,70.08999633789062,0.9643315718273407,0.9234989166259766,0.0136632485080971,66.70999908447266,66.22000122070312,66.22000122070312,-0.0202691994587295,iShares Core U.S. REIT ETF,P,True,False,False,False,False,False,False,False,False,,False,,,4356137472.0,REIT / Infra,unknown,404.0,True,,False,True,333.0,True,True,False,94.0,,0,0,False,REIT / Infra,REIT / Infra,REIT / Infra,REIT / Infra,REIT / Infra
2026-08-04,ESGU,166.57000732421875,169.61000061035156,166.57000732421875,169.10000610351562,302200.0,251,51102021.84448242,61331078.97392273,71219704.38370478,0.0305320853034116,0.0833556626428289,0.1214679814859902,0.2090119269512431,0.1808648127883538,0.128865622993728,0.0063815699831058,0.0150761063187444,0.0156530471079827,0.0152780355949778,0.9618440793733876,163.25676574707032,154.3560408528646,0.0031298749390944,169.61000061035156,169.61000061035156,0.9969931342196764,1.9055000305175784,0.0112684799629818,159.8300018310547,159.8300018310547,159.8300018310547,-0.054819656640262,iShares ESG Aware MSCI USA ETF,Q,True,False,False,False,False,False,False,False,False,,False,,,17746929664.0,Country / Region,unknown,145.0,True,,False,True,242.0,True,True,False,95.0,,0,0,False,Country / Region,Country / Region,Country / Region,Country / Region,Country / Region
2026-08-04,DUHP,41.86000061035156,42.375,41.790000915527344,42.27999877929688,744300.0,251,31469003.091430664,29016220.927696228,34908261.36983841,0.0187951513083584,0.0857595890600844,0.0905050104333191,0.1572578474336158,0.2082664733645347,0.1080736359853194,0.0029556850369415,0.0178608471707355,0.009781205552418,0.0150329726043244,1.2061239685719334,41.254466705322265,39.37679278055827,0.0076725372622106,42.375,42.375,0.997758083287242,0.4181999206542969,0.0098911999226233,40.720001220703125,40.720001220703125,40.720001220703125,-0.0368968212779994,Dimensional US High Profitability ETF,P,True,False,False,False,False,False,False,False,False,,False,,,12324184064.0,Other,unknown,200.0,True,,False,True,332.0,True,True,False,96.0,,0,0,False,Other,Other,Other,Other,Other
2026-08-04,DFAU,52.70000076293945,53.525001525878906,52.70000076293945,53.38999938964844,477100.0,251,25472368.70880127,29402870.188274384,31946282.56239513,0.0324888867708421,0.0804442986957967,0.1182877730905911,0.2362869424694341,0.1815824012523933,0.1299941659873197,0.0076766997193179,0.0146072689242475,0.0153767204094087,0.0148765769440539,1.1091421583498018,51.53146980285644,48.89508262634277,0.003810697645566,53.525001525878906,53.525001525878906,0.9974777742665696,0.5771501541137696,0.0108100798035534,50.650001525878906,50.650001525878906,50.650001525878906,-0.0513204325733852,Dimensional US Core Equity Market ETF,P,True,False,False,False,False,False,False,False,False,,False,,,12301299712.0,Other,unknown,201.0,True,,False,True,341.0,True,True,False,97.0,,0,0,False,Other,Other,Other,Other,Other
2026-08-04,VXF,241.6000061035156,246.4600067138672,241.6000061035156,245.8800048828125,1199500.0,251,294933065.8569336,91188377.82852171,107282423.643421,0.017883786089917,0.0884284743945622,0.1480733177055451,0.1091463395828385,0.1488978537121306,0.1196813243095481,0.0019519497895969,0.0131668100443884,0.017721610757908,0.0147609902941203,1.0921748884919975,238.4055633544922,223.6351227823893,0.0096922865432134,246.4600067138672,247.6699981689453,0.9927726680689368,3.5575027465820312,0.0144684507724715,233.44000244140625,233.44000244140625,233.44000244140625,-0.0505937945110063,Vanguard Extended Market ETF,P,True,False,False,False,False,False,False,False,False,,False,,,97684774912.0,Other,unknown,27.0,True,,False,True,183.0,True,True,False,98.0,,0,0,False,Other,Other,Other,Other,Other
2026-08-04,VTWO,120.27999877929688,122.20999908447266,120.13999938964844,121.95999908447266,1409000.0,251,171841638.71002197,198577557.32711792,226525011.50127596,0.0186252039172762,0.0891029079868976,0.1573129240003807,0.1144172194607527,0.1415580261732983,0.1185416293878121,0.0021310440441042,0.0126132317809262,0.0186481303347661,0.0147254462747702,0.915522474062794,118.38075851440428,110.0792358907064,0.0092036725583946,122.20999908447266,122.3499984741211,0.9968124283243786,1.695499801635742,0.0139020975267587,116.3499984741211,116.3499984741211,116.3499984741211,-0.0459986934442819,Vanguard Russell 2000 ETF,Q,True,False,False,False,False,False,False,False,False,,False,,,18552160256.0,US Equity,unknown,140.0,True,,False,True,110.0,True,True,False,99.0,,0,0,False,US Equity,US Equity,US Equity,US Equity,US Equity
2026-08-04,IWM,297.5899963378906,302.3900146484375,297.2200012207031,301.7099914550781,20731900.0,251,6255021371.847534,6448729249.448242,7414058213.512215,0.01863664866529,0.0883383586691721,0.1555628516957428,0.1138145645442515,0.1408051901519204,0.1175317173678872,0.0021211220524041,0.0124384993901213,0.0182835691184465,0.0144842737950351,0.9108041048822152,292.9961853027344,272.52931416829426,0.0091035488021589,302.3900146484375,302.7200012207031,0.9966635512633716,4.256999206542969,0.0141095731898451,287.8299865722656,287.8299865722656,287.8299865722656,-0.0460044588376818,iShares Russell 2000 Index Fund,P,True,False,False,False,False,False,False,False,False,,False,,,82970353664.0,US Equity,unknown,35.0,True,,False,True,3.0,True,True,False,100.0,,0,0,False,US Equity,US Equity,US Equity,US Equity,US Equity
2026-08-04,DSI,144.83999633789062,147.49000549316406,144.83999633789062,147.11000061035156,235800.0,251,34688538.1439209,15396178.36151123,16402802.41805788,0.0394262833263794,0.0885782622878297,0.1275876854010802,0.223737157128287,0.1582196811864167,0.1180343580933877,0.0088211245475785,0.0140148244192272,0.0150597305469376,0.0143805415639258,1.109330144302396,141.04364624023438,133.46083323160806,-0.0006968024220382,147.49000549316406,147.49000549316406,0.9974235211291648,1.9644989013671876,0.013353945300908,136.10000610351562,136.10000610351562,136.10000610351562,-0.0748419173486238,iShares ESG MSCI KLD 400 ETF,P,True,False,False,False,False,False,False,False,False,,False,,,5360755200.0,Other,unknown,364.0,True,,False,True,420.0,True,True,False,101.0,,0,0,False,Other,Other,Other,Other,Other
2026-08-04,IJJ,149.35000610351562,151.50999450683594,148.92999267578125,151.3800048828125,196000.0,251,29670480.95703125,24078396.933517456,25583692.86683098,0.0368493485124143,0.0824641256809017,0.1063352402618402,0.2616734203143785,0.188870507444485,0.1127382359895956,0.0096424950616,0.0155750412633177,0.0119880474106497,0.0143195934148839,1.8310163354211264,145.67804901123046,139.88948303222656,0.0133238576281831,151.50999450683594,151.50999450683594,0.9991420392796756,1.7769996643066406,0.0117386682982489,146.10000610351562,143.47999572753906,143.47999572753906,-0.0521866091984146,iShares S&P Mid-Cap 400 Value ETF,P,True,False,False,False,False,False,False,False,False,,False,,,8733020160.0,Factor / Style,unknown,268.0,True,,False,True,379.0,True,True,False,102.0,,0,0,False,Factor / Style,Factor / Style,Factor / Style,Factor / Style,Factor / Style
2026-08-04,IWV,433.1000061035156,440.1499938964844,432.7000122070313,439.05999755859375,155800.0,251,68405547.6196289,72392473.53057861,98813821.24570815,0.0297870640851984,0.079004177385122,0.1166808174871698,0.2135888744952237,0.1766194337074793,0.1268147591511202,0.0063621854924746,0.0139536730702854,0.0147968497671912,0.0142487849142025,1.079843139721506,424.0929876708984,402.5242232259114,0.0029500359773422,440.1499938964844,440.1499938964844,0.9975235797955118,4.808004760742188,0.0109506782386854,415.3599853515625,415.3599853515625,415.3599853515625,-0.0539789831431145,iShares Russell 3000 Fund,P,True,False,False,False,False,False,False,False,False,,False,,,19473276928.0,US Equity,unknown,138.0,True,,False,True,196.0,True,True,False,103.0,,0,0,False,US Equity,US Equity,US Equity,US Equity,US Equity
2026-08-04,VTHR,335.54998779296875,341.7900085449219,335.54998779296875,341.0,40300.0,251,13742300.0,8557454.16595459,10702185.995531838,0.0304916630691935,0.079320517746761,0.1174386377632441,0.2136352739958375,0.1762829416111137,0.1249033444367131,0.0065140947943759,0.0139828541985155,0.0146684786227208,0.0142228227469874,1.0794291989820808,329.233505859375,312.4071337890625,0.0029508983594466,341.7900085449219,341.7900085449219,0.9976886142801976,3.757501220703125,0.0110190651633522,322.5299987792969,322.5299987792969,322.5299987792969,-0.0541642264536748,Vanguard Russell 3000 ETF,Q,True,False,False,False,False,False,False,False,False,,False,,,6104798208.0,US Equity,unknown,345.0,True,,False,True,448.0,True,True,False,104.0,,0,0,False,US Equity,US Equity,US Equity,US Equity,US Equity
2026-08-04,IBB,187.41000366210935,190.1999969482422,186.02999877929688,190.1499938964844,1146200.0,251,217949923.0041504,283983189.9514008,279887032.92790973,-0.0407607425980092,0.1176347560429837,0.092888799434861,0.0,0.1581055187557076,0.0656034574759164,-0.0,0.018598704127877,0.0060938264037138,0.0142219969244199,1.1462326355063546,181.74206481933595,174.39142822265626,0.0220384623241403,199.0500030517578,199.0500030517578,0.955287570867511,3.6780014038085938,0.0193426322475238,184.25,184.25,184.25,-0.0310281045798838,iShares Biotechnology ETF,Q,True,False,False,False,False,False,False,False,False,,False,,,9087528960.0,Industry / Theme,unknown,263.0,True,,False,True,91.0,True,True,False,105.0,,0,0,False,Industry / Theme,Industry / Theme,Industry / Theme,Industry / Theme,Industry / Theme
2026-08-04,DFUS,83.16999816894531,84.55899810791016,83.16999816894531,84.33999633789062,738400.0,251,62276653.29589844,57548638.24764252,61148365.86607676,0.0313034678014916,0.0808725387042703,0.11890529467767,0.2112212716937661,0.1702224561032345,0.1247015324465836,0.0066119582774559,0.0137663221695448,0.014827672462318,0.0141377947720154,1.0416333468501555,81.45715026855468,77.16683848063151,0.0028979248648965,84.55899810791016,84.55899810791016,0.997410071371233,0.9614490509033204,0.0113996809657362,79.62000274658203,79.62000274658203,79.62000274658203,-0.0559638818621585,Dimensional U.S. Equity Market ETF,P,True,False,False,False,False,False,False,False,False,,False,,,21026164736.0,US Equity,unknown,129.0,True,,False,True,259.0,True,True,False,106.0,,0,0,False,US Equity,US Equity,US Equity,US Equity,US Equity
2026-08-04,SPTM,92.37999725341795,93.91000366210938,92.37999725341795,93.66999816894533,869200.0,251,81417962.40844727,42339349.67750549,45883360.383545406,0.0318351996971775,0.0779010562145281,0.1171443865730998,0.2235112936344969,0.1750031112882666,0.1283525979490534,0.0071155266674286,0.0136329272101845,0.0150357863518055,0.0141239279097519,1.0559571447579623,90.4764695739746,85.86446278889974,0.0025940797793864,93.91000366210938,93.91000366210938,0.9974443032285718,1.022000503540039,0.0109106493382943,88.66999816894531,88.66999816894531,88.66999816894531,-0.0533788843572078,State Street SPDR Portfolio S&P 1500 Composite Stock Market ETF,P,True,False,False,False,False,False,False,False,False,,False,,,13582209024.0,Other,unknown,189.0,True,,False,True,291.0,True,True,False,107.0,,0,0,False,Other,Other,Other,Other,Other
2026-08-04,VTI,375.3500061035156,381.739990234375,375.2999877929688,380.8200073242188,3296000.0,251,1255182744.140625,1170535258.7782288,1236897198.3288963,0.0303293266332986,0.0789181378749184,0.1186404030318646,0.2125122648844786,0.1723237060613847,0.1265377733222998,0.0064453538952634,0.0135994659940692,0.0150124924257123,0.0140940252451443,1.0494743228364178,367.8831915283203,348.7864709472656,0.0029267852962755,381.739990234375,381.739990234375,0.9975900274173752,4.295999145507812,0.0112809176589567,360.20001220703125,360.20001220703125,360.20001220703125,-0.0541463019815349,Vanguard Morningstar Total Stock Market ETF,P,True,False,False,False,False,False,False,False,False,,False,,,2297940410368.0,US Equity,unknown,1.0,True,,False,True,29.0,True,True,False,108.0,,0,0,False,US Equity,US Equity,US Equity,US Equity,US Equity
2026-08-04,SCHX,30.0,30.5,29.989999771118164,30.420000076293945,8760300.0,251,266488326.66835785,268642424.1339493,365925319.7433351,0.0315361245301399,0.0784992150727668,0.116293242358505,0.2240965826728082,0.1740035662722262,0.1263286693002642,0.0070671377379484,0.0136591433722319,0.014691170555763,0.0140203528864678,1.051136603696445,29.36521961212158,27.87860980987549,0.0025281657743834,30.5,30.5,0.9973770516817688,0.3350003242492675,0.0110125024131847,28.790000915527344,28.790000915527344,28.790000915527344,-0.0535831412451851,Schwab U.S. Large-Cap ETF,P,True,False,False,False,False,False,False,False,False,,False,,,71641505792.0,Other,unknown,41.0,True,,False,True,74.0,True,True,False,109.0,,0,0,False,Other,Other,Other,Other,Other
2026-08-04,VB,300.7300109863281,305.8299865722656,300.4100036621094,305.54998779296875,436000.0,251,133219794.67773438,121069084.93103027,164169304.92011178,0.0236180495576843,0.0814156583204774,0.1320209153820679,0.1682176706686939,0.1593047513196583,0.1209648713515914,0.0039729732823314,0.0129699012022699,0.0159698930449111,0.0140198983471943,1.41636864626552,295.66270141601564,280.2153766886393,0.0088430661679608,305.8299865722656,305.8299865722656,0.999084462637444,3.890997314453125,0.0127344050725001,291.94000244140625,291.94000244140625,291.94000244140625,-0.0445425818860912,Vanguard Morningstar Small-Cap ETF,P,True,False,False,False,False,False,False,False,False,,False,,,188574482432.0,Other,unknown,12.0,True,,False,True,134.0,True,True,False,110.0,,0,0,False,Other,Other,Other,Other,Other
2026-08-04,ITOT,166.63999938964844,169.5399932861328,166.63999938964844,169.08999633789062,1250800.0,251,211497767.4194336,234967862.6081085,305237971.2607732,0.0302827282998294,0.0786186417218524,0.1192816950203676,0.2101480973930368,0.1705668272851173,0.126771246640318,0.0063638577360794,0.0134097322839617,0.0151214891791022,0.0140088471972609,1.0305330512090738,163.40569274902344,154.87160064697267,0.0028326088860677,169.5399932861328,169.5399932861328,0.9973457770080082,1.906500244140625,0.0112750623066481,159.92999267578125,159.92999267578125,159.92999267578125,-0.0541723570908656,iShares Core S&P Total U.S. Stock Market ETF,P,True,False,False,False,False,False,False,False,False,,False,,,94139031552.0,Other,unknown,33.0,True,,False,True,85.0,True,True,False,111.0,,0,0,False,Other,Other,Other,Other,Other
2026-08-04,VONE,344.3900146484375,349.94000244140625,344.3900146484375,349.0899963378906,67500.0,251,23563574.752807617,27878582.66784668,29925946.684967525,0.0306152429139565,0.0781946435344407,0.1147088903516957,0.2180861783253899,0.1758669630298578,0.125072304666897,0.0066767613256082,0.0137518544836044,0.0143469052820689,0.013960122263067,1.0734415064040443,337.12699829101564,320.25579264322914,0.0026061277857667,349.94000244140625,349.94000244140625,0.9975709947488556,3.800997924804688,0.0108883037746106,330.1099853515625,330.1099853515625,330.1099853515625,-0.0543699652967339,Vanguard Russell 1000 ETF,Q,True,False,False,False,False,False,False,False,False,,False,,,11460844544.0,US Equity,unknown,214.0,True,,False,True,352.0,True,True,False,112.0,,0,0,False,US Equity,US Equity,US Equity,US Equity,US Equity
2026-08-04,SCHK,36.65999984741211,37.29499816894531,36.650001525878906,37.18000030517578,1029100.0,251,38261938.3140564,28536711.42812729,27775911.46111867,0.0302022761978217,0.0783239441341263,0.1175828734698258,0.2100190440630078,0.1709984079790899,0.1249076087512601,0.0063430531755934,0.0133932697535787,0.0146869955552179,0.0138460737841524,1.0300361994467908,35.93041000366211,34.073362833658855,0.0026126658317988,37.29499816894531,37.29499816894531,0.9969165338673944,0.4135501861572265,0.0111229204616132,35.18000030517578,35.18000030517578,35.18000030517578,-0.0537923610431381,Schwab 1000 Index ETF,P,True,False,False,False,False,False,False,False,False,,False,,,5700246528.0,Other,unknown,357.0,True,,False,True,369.0,True,True,False,113.0,,0,0,False,Other,Other,Other,Other,Other
2026-08-04,VV,349.9700012207031,356.0799865722656,349.9700012207031,355.19000244140625,345300.0,251,122647107.84301758,79541585.46401978,95462931.19342138,0.0315095725704452,0.0784920322808178,0.1162737300813481,0.215662891046059,0.1713580918233543,0.1251013074046915,0.0067954455161678,0.013450244874978,0.0145459956499968,0.0138337576462346,1.007685014768482,343.0454229736328,325.3577557373047,0.002094015718562,356.0799865722656,356.0799865722656,0.9975006061435054,4.008000183105469,0.0112841019047731,335.4100036621094,335.4100036621094,335.4100036621094,-0.0556885009244028,Vanguard Morningstar Large-Cap ETF,P,True,False,False,False,False,False,False,False,False,,False,,,73819176960.0,Other,unknown,40.0,True,,False,True,200.0,True,True,False,115.0,,0,0,False,Other,Other,Other,Other,Other
2026-08-04,IUSV,112.9000015258789,114.4000015258789,112.61000061035156,114.25,556400.0,251,63568700.0,60917544.81334686,69638175.35117014,0.0217313567502026,0.0668238135689092,0.0859511990515842,0.2040303202873419,0.2253756525173968,0.1343036255193704,0.0044338556780223,0.0150604605867937,0.0115435576503648,0.0138295445590436,1.159937847001166,110.87373611450197,106.88501556396484,0.0077210523862876,114.4000015258789,114.4000015258789,0.998688797868198,1.0175003051757812,0.0089059107674029,110.86000061035156,110.58000183105467,110.58000183105467,-0.0321225222664797,iShares Core S&P U.S. Value ETF,Q,True,False,False,False,False,False,False,False,False,,False,,,26456442880.0,Factor / Style,unknown,103.0,True,,False,True,243.0,True,True,False,116.0,,0,0,False,Factor / Style,Factor / Style,Factor / Style,Factor / Style,Factor / Style
2026-08-04,ESGV,134.57000732421875,137.0,134.52000427246094,136.4199981689453,457000.0,251,62343939.16320801,20800255.11062622,26223018.26985677,0.0312193294460272,0.08544318051442,0.1212742041632555,0.1867939086182313,0.1613447975137303,0.1140935265723967,0.0058315805716636,0.0137858126590282,0.0138366016352466,0.0138035888007046,0.9063071355166756,131.83594146728515,124.26359873453777,0.0024556821955872,137.0,137.0,0.9957664099923016,1.6744979858398437,0.0122745785685036,128.7100067138672,128.7100067138672,128.7100067138672,-0.0565165779105928,Vanguard ESG U.S. Stock ETF,Z,True,False,False,False,False,False,False,False,False,,False,,,13178104832.0,Other,unknown,194.0,True,,False,True,375.0,True,True,False,117.0,,0,0,False,Other,Other,Other,Other,Other
2026-08-04,SCHB,29.399999618530277,29.88999938964844,29.3700008392334,29.799999237060547,6916100.0,251,206099774.72343445,198823789.2420578,253851591.7674504,0.0297166097834329,0.0778746311656648,0.1183460559140745,0.2087373134839674,0.1691890827302707,0.1257709752429846,0.0062029652920451,0.0131755374148769,0.0148844988684739,0.0137736739236359,1.0126203333331585,28.811496124267578,27.30810349782308,0.002812289107162,29.88999938964844,29.88999938964844,0.9969889543517668,0.3404999732971191,0.0114261738931073,28.190000534057617,28.190000534057617,28.190000534057617,-0.0540268034973862,Schwab U.S. Broad Market ETF,P,True,False,False,False,False,False,False,False,False,,False,,,43229065216.0,Other,unknown,72.0,True,,False,True,99.0,True,True,False,118.0,,0,0,False,Other,Other,Other,Other,Other
2026-08-04,IWB,416.0400085449219,423.1900024414063,416.0400085449219,422.1600036621094,751800.0,251,317379890.7531738,181364523.4890747,238902886.0229492,0.0303873775760636,0.0781090463469535,0.1142249524212715,0.2125667850134794,0.1733122039269015,0.1241240867127786,0.0064593471563345,0.013537250969019,0.0141780678991009,0.0137615368945476,1.0830668220090776,407.7019989013672,387.37561848958336,0.0025605121552623,423.1900024414063,423.1900024414063,0.997566107957762,4.689498901367188,0.011108344847184,399.1499938964844,399.1499938964844,399.1499938964844,-0.0545054234556097,iShares Russell 1000 ETF,P,True,False,False,False,False,False,False,False,False,,False,,,48330235904.0,US Equity,unknown,59.0,True,,False,True,102.0,True,True,False,119.0,,0,0,False,US Equity,US Equity,US Equity,US Equity,US Equity
2026-08-04,GSUS,104.95999908447266,106.7699966430664,104.95999908447266,106.5,48300.0,251,5143950.0,7010586.901321411,8837888.800496904,0.0304789702214429,0.0783658724136795,0.1159032972191327,0.2115515963069406,0.1709320511960724,0.1241502113527216,0.0064478748041379,0.0133952393154399,0.0143894188462326,0.0137432021512173,0.9925549072091596,102.90967102050782,97.5885933939616,0.0020887501767157,106.7699966430664,106.7699966430664,0.9974712311365054,1.167547607421875,0.0109628883325997,100.6500015258789,100.6500015258789,100.6500015258789,-0.0549295631372872,Goldman Sachs MarketBeta U.S. Equity ETF,Z,True,False,False,False,False,False,False,False,False,,False,,,3177762560.0,US Equity,unknown,487.0,True,,False,True,460.0,True,True,False,120.0,,0,0,False,US Equity,US Equity,US Equity,US Equity,US Equity
2026-08-04,PBUS,76.31999969482422,77.51000213623047,76.31999969482422,77.33999633789062,60900.0,251,4710005.776977539,12450085.646400452,25645801.955353267,0.0302383995243697,0.07816547265305,0.1156978567867319,0.2054296455609678,0.1715806715806715,0.1238482352576646,0.0062118636966222,0.0134116842922309,0.0143289753861307,0.0137327361750958,1.0065157154637616,74.70949645996093,70.88237998962403,0.0022770056889829,77.51000213623047,77.51000213623047,0.9978066598677028,0.8295001983642578,0.0107253715754039,73.18000030517578,73.18000030517578,73.18000030517578,-0.0537884177617521,Invesco MSCI USA ETF,Z,True,False,False,False,False,False,False,False,False,,False,,,11176468480.0,Country / Region,unknown,220.0,True,,False,True,377.0,True,True,False,121.0,,0,0,False,Country / Region,Country / Region,Country / Region,Country / Region,Country / Region
2026-08-04,THRO,43.47999954223633,44.29499816894531,43.47999954223633,44.15999984741211,675800.0,251,29843327.896881104,25310059.74536896,79102719.03785826,0.0346766525692092,0.0859667971965545,0.1248383011036773,0.2084505725536381,0.1542239609611742,0.1153538673597616,0.0072283680822952,0.0132581399747986,0.0144005808269315,0.0136579942730451,0.9510396535846716,42.733730239868166,40.1536553700765,0.0006587091546568,44.29499816894531,44.29499816894531,0.9969522897141048,0.5730503082275391,0.0129766827492668,41.220001220703125,41.220001220703125,41.220001220703125,-0.0665760560884892,iShares U.S. Thematic Rotation Active ETF,P,True,False,False,False,False,False,False,False,False,,False,,,6481671680.0,Other,unknown,330.0,True,,False,True,223.0,True,True,False,122.0,,0,0,False,Other,Other,Other,Other,Other
2026-08-04,IOO,143.3699951171875,145.7899932861328,143.35000610351562,145.35000610351562,812300.0,251,118067809.95788574,38922022.55477905,36778337.80917213,0.0497616571974237,0.0827113903372664,0.1261900730926672,0.3082770829592601,0.1585288914837439,0.1158997056233433,0.0153403785240404,0.0131121450232461,0.0146253923240283,0.0136417815785198,1.3579422741586726,138.79108093261718,131.78626978556315,-0.0007828592845831,145.7899932861328,145.7899932861328,0.996982048131701,1.8534996032714843,0.0127519747192267,136.27000427246094,136.27000427246094,136.27000427246094,-0.0624699102151263,iShares Global 100 ETF,P,True,False,False,False,False,False,False,False,False,,False,,,8474621952.0,Global Equity,unknown,272.0,True,,False,True,322.0,True,True,False,123.0,,0,0,False,Global Equity,Global Equity,Global Equity,Global Equity,Global Equity
2026-08-04,VOO,699.1599731445312,710.9099731445312,699.0700073242188,708.97998046875,6549400.0,251,4643393484.082031,3862575966.372986,5433736048.247516,0.0318739634892373,0.0771444589865617,0.1150717822309674,0.2220642670546711,0.1702615794312266,0.1250522648083623,0.0070780683403648,0.0131347374314194,0.0143899869835171,0.0135740747746536,1.0193224182352691,684.9168200683594,650.0391353352865,0.0019173510547414,710.9099731445312,710.9099731445312,0.9972851799121,7.963998413085937,0.0112330370849406,670.1599731445312,670.1599731445312,670.1599731445312,-0.0547547298846893,Vanguard S&P 500 ETF,P,True,False,False,False,False,False,False,False,False,,False,,,1670882131968.0,US Equity,unknown,2.0,True,,False,True,7.0,True,True,False,124.0,,0,0,False,US Equity,US Equity,US Equity,US Equity,US Equity
2026-08-04,SPYM,89.5199966430664,91.04000091552734,89.5199966430664,90.79000091552734,9020300.0,251,818953045.2583313,911313704.235878,1093545275.9080312,0.0317045558582653,0.0770207465402144,0.1151815980084962,0.2230218898597251,0.1699811164051579,0.1253729403679967,0.0070708099646735,0.0130920724832643,0.0144406556186097,0.0135640765806352,1.0196989316352036,87.70439865112304,83.23754776000976,0.0019232031970588,91.04000091552734,91.04000091552734,0.9972539543334148,1.0180004119873047,0.0112126930468309,85.80999755859375,85.80999755859375,85.80999755859375,-0.0548518923528492,State Street SPDR Portfolio S&P 500 ETF,P,True,False,False,False,False,False,False,False,False,,False,,,153918701568.0,US Equity,unknown,17.0,True,,False,True,31.0,True,True,False,125.0,,0,0,False,US Equity,US Equity,US Equity,US Equity,US Equity
2026-08-04,COWZ,67.05999755859375,68.20999908447266,66.91000366210938,68.16999816894531,2405900.0,251,164010198.59466553,64837735.86513519,61622596.83285668,0.0610116446528452,0.0798206627030122,0.096097767274313,0.3322033635297989,0.1816434986692129,0.1226132346672316,0.02026827356816,0.0144989044394702,0.0117828580898023,0.0135482882170865,2.428420981292139,64.24242866516113,63.12609415690104,0.0101074253929027,68.58000183105469,68.58000183105469,0.9940215273962896,0.9917488098144532,0.0145481712843325,63.52999877929688,63.150001525878906,63.150001525878906,-0.0736393835690794,Pacer US Cash Cows 100 ETF,Z,True,False,False,False,False,False,False,False,False,,False,,,17594638336.0,Other,unknown,149.0,True,,False,True,258.0,True,True,False,126.0,,0,0,False,Other,Other,Other,Other,Other
2026-08-04,SPYV,62.310001373291016,63.18999862670898,62.20000076293945,63.11000061035156,8253600.0,251,520884701.03759766,140430095.28585434,151349860.02619305,0.0211974334864624,0.0653628606542835,0.084474078277124,0.1993915060515536,0.22565296796547,0.1337634783619612,0.0042265881872933,0.0147493235013525,0.0112995465417687,0.0135419015654981,1.105817420801008,61.26879463195801,59.08559211730957,0.0073797217106403,63.18999862670898,63.18999862670898,0.9987340082592816,0.5564994812011719,0.0088179286296804,61.2400016784668,61.150001525878906,61.150001525878906,-0.031056869997101,State Street SPDR Portfolio S&P 500 Value ETF,P,True,False,False,False,False,False,False,False,False,,False,,,35300089856.0,Factor / Style,unknown,85.0,True,,False,True,140.0,True,True,False,127.0,,0,0,False,Factor / Style,Factor / Style,Factor / Style,Factor / Style,Factor / Style
2026-08-04,IVE,232.88999938964844,235.9499969482422,232.27999877929688,235.6699981689453,663500.0,251,156367043.7850952,151103696.39717102,228550016.38253832,0.0211890086468236,0.0653815253619862,0.0841524211199595,0.2033263521474284,0.2260650844812231,0.1334181359668891,0.0043082838337789,0.0147804800544686,0.0112274591629256,0.0135369227424286,1.1228356537692317,228.8054998779297,220.68257639567057,0.0073884536463866,235.9499969482422,235.9499969482422,0.9988133130624356,2.0574989318847656,0.0087304236766268,228.6999969482422,228.3500061035156,228.3500061035156,-0.0310603476144731,iShares S&P 500 Value ETF,P,True,False,False,False,False,False,False,False,False,,False,,,47735062528.0,Factor / Style,unknown,61.0,True,,False,True,107.0,True,True,False,128.0,,0,0,False,Factor / Style,Factor / Style,Factor / Style,Factor / Style,Factor / Style
2026-08-04,DXJ,172.49000549316406,174.44000244140625,172.0399932861328,174.10000610351562,290400.0,251,50558641.77246094,64908913.283844,59087843.73168945,-0.0084291816385965,0.0898289352000876,0.1403883419068716,0.0,0.1429289203505607,0.1050640423507243,-0.0,0.012839152724389,0.0147497666996515,0.0135078676157308,1.1204608700035013,173.1718035888672,163.68272054036458,0.0074453302376549,178.88999938964844,179.75,0.9685674887539116,2.869002532958985,0.0164790490084942,169.1199951171875,169.1199951171875,169.1199951171875,-0.0286043125315408,WisdomTree Japan Hedged Equity Fund,P,True,False,False,False,False,False,False,False,False,,False,,,7079662592.0,Country / Region,unknown,306.0,True,,False,True,265.0,True,True,False,129.0,,0,0,False,Country / Region,Country / Region,Country / Region,Country / Region,Country / Region
2026-08-04,EZU,70.80000305175781,71.22000122070312,70.30999755859375,71.0999984741211,509400.0,251,36218339.222717285,53908344.89593506,74119857.83104064,0.0328297829235433,0.1113946279482527,0.0758736924643623,0.2028728732362148,0.1651112788237426,0.0574621452692777,0.0066602723894204,0.018392509474631,0.0043598651385036,0.0134810839569864,3.9636545019655656,68.33891693115234,65.89087181091308,0.0085735385688394,71.22000122070312,71.22000122070312,0.9983150414978208,0.9229991912841796,0.0129817047973655,67.30000305175781,67.30000305175781,67.30000305175781,-0.0534457876781305,iShares MSCI Eurozone ETF,Z,True,False,False,False,False,False,False,False,False,,False,,,9595190272.0,Country / Region,unknown,254.0,True,,False,True,235.0,True,True,False,130.0,,0,0,False,Country / Region,Country / Region,Country / Region,Country / Region,Country / Region
2026-08-04,GSLC,145.0800018310547,147.55999755859375,145.0800018310547,147.11000061035156,177400.0,251,26097314.108276367,51179646.5725708,41133135.738554455,0.0335113418236836,0.0761389731597059,0.1028835465601327,0.2507884094386107,0.1852551943805308,0.1181748899546678,0.0084042561141152,0.0141051402726353,0.0121582517928896,0.0134237293047243,1.1788150188445996,141.86121185302736,135.50367233276367,0.0035899115394857,147.55999755859375,147.55999755859375,0.9969504136914648,1.49844970703125,0.0101859132677198,140.1199951171875,140.1199951171875,140.1199951171875,-0.0475155017616946,Goldman Sachs ActiveBeta U.S. Large Cap Equity ETF,P,True,False,False,False,False,False,False,False,False,,False,,,15385732096.0,Factor / Style,unknown,166.0,True,,False,True,307.0,True,True,False,131.0,,0,0,False,Factor / Style,Factor / Style,Factor / Style,Factor / Style,Factor / Style
2026-08-04,IVV,764.1199951171875,777.0700073242188,764.1199951171875,774.7899780273438,4837700.0,251,3748201476.702881,3341408912.3953247,5888703185.139102,0.0315678228657543,0.0769084004759579,0.1150959827883479,0.2200869324800232,0.1676916426369039,0.124441647928692,0.0069476652995966,0.0128968960083902,0.0143227337681543,0.0133959392243076,1.0171920129481389,748.5392529296874,710.4781986490885,0.0019059047801943,777.0700073242188,777.0700073242188,0.9970658637247806,8.692007446289063,0.0112185336578815,732.5,732.5,732.5,-0.0545825052293735,iShares Core S&P 500 ETF,P,True,False,False,False,False,False,False,False,False,,False,,,888128929792.0,US Equity,unknown,3.0,True,,False,True,5.0,True,True,False,132.0,,0,0,False,US Equity,US Equity,US Equity,US Equity,US Equity
2026-08-04,SPY,760.6300048828125,773.4099731445312,760.52001953125,771.3300170898438,69059900.0,251,53267973847.2229,37166684809.57092,39597137071.71379,0.0315897800257802,0.077028395348863,0.1150675597933466,0.2182187476739648,0.1676224614810547,0.1242219949867429,0.0068934822365218,0.0129116892323122,0.0142939218357858,0.013395470643528,1.0213605473628933,745.1992712402343,707.3197819010417,0.0018705919431429,773.4099731445312,773.4099731445312,0.9973106681748222,8.69749755859375,0.0112759744414052,729.0999755859375,729.0999755859375,729.0999755859375,-0.0547496409685134,State Street SPDR S&P 500 ETF Trust,P,True,False,False,False,False,False,False,False,False,,False,,,781188857856.0,US Equity,unknown,4.0,True,,False,True,1.0,True,True,False,133.0,,0,0,False,US Equity,US Equity,US Equity,US Equity,US Equity
2026-08-04,BBUS,137.13999938964844,139.44000244140625,136.8699951171875,139.02999877929688,528200.0,251,73435645.35522461,26697516.34536743,30036904.510498047,0.0312267558698007,0.0769992903116907,0.1135687419986617,0.2166752266833783,0.1693724603933159,0.1228003195931029,0.0067660644066755,0.0130415592486302,0.0139462778132223,0.0133582107462374,1.0136724579361245,134.34641357421876,127.54857238769532,0.0020229159314928,139.44000244140625,139.44000244140625,0.997059641028896,1.5563522338867188,0.0111943627098591,131.375,131.375,131.375,-0.0550600506833693,JPMorgan BetaBuilders U.S. Equity ETF,Z,True,False,False,False,False,False,False,False,False,,False,,,8542320128.0,US Equity,unknown,271.0,True,,False,True,351.0,True,True,False,134.0,,0,0,False,US Equity,US Equity,US Equity,US Equity,US Equity
2026-08-04,VOOV,224.97000122070312,227.75999450683597,224.32000732421875,227.42999267578125,119900.0,251,27268856.12182617,15417964.589233398,15395432.766093904,0.020918383597196,0.0649360967693211,0.083942331222758,0.199999476093148,0.223354283206171,0.1319652325026367,0.0041836657601547,0.0145037553481182,0.0110774692566246,0.0133045552160954,1.1026150975017797,220.88337097167968,213.02878479003903,0.0073369020660467,227.75999450683597,227.75999450683597,0.9985510983534696,1.8995025634765623,0.00835203194235,220.8600006103516,220.5,220.5,-0.0304708829044394,Vanguard S&P 500 Value ETF,P,True,False,False,False,False,False,False,False,False,,False,,,6683939328.0,Factor / Style,unknown,324.0,True,,False,True,425.0,True,True,False,135.0,,0,0,False,Factor / Style,Factor / Style,Factor / Style,Factor / Style,Factor / Style
2026-08-04,BKLC,48.58000183105469,49.369998931884766,48.5099983215332,49.209999084472656,322500.0,251,15870224.704742432,19766819.33242798,22309484.40051003,0.0289238486157579,0.0767048228801734,0.1162841852732692,0.2005796716668879,0.1653037767716939,0.1236755724790389,0.0058015360586914,0.0126795969186965,0.0143815131839302,0.0132752676115283,0.97785441526253,47.6045874786377,45.13221066792806,0.0019521566689661,49.369998931884766,49.369998931884766,0.996759168505698,0.5539333343505859,0.0112565199076658,46.52000045776367,46.52000045776367,46.52000045776367,-0.0546636593528766,BNY Mellon US Large Cap Core Equity ETF,P,True,False,False,False,False,False,False,False,False,,False,,,5445539328.0,Factor / Style,unknown,362.0,True,,False,True,395.0,True,True,False,136.0,,0,0,False,Factor / Style,Factor / Style,Factor / Style,Factor / Style,Factor / Style
2026-08-04,MSLC,60.130001068115234,61.14400100708008,60.130001068115234,61.02999877929688,54400.0,251,3320031.93359375,3475832.560596466,4663135.787552122,0.0330060407550156,0.075892471061763,0.1027192597922852,0.2302239276513718,0.1779735057561898,0.1160511305011427,0.0075987803388409,0.0135068491353621,0.0119206862231352,0.0129516921160827,1.2611457482136808,58.755560073852536,56.1805599975586,0.0028079371551039,61.14400100708008,61.14400100708008,0.9981355124639292,0.607999610900879,0.0099623074399786,57.77000045776367,57.77000045776367,57.77000045776367,-0.0534163261795621,Morgan Stanley Pathway Large Cap Equity ETF,P,True,False,False,False,False,False,False,False,False,,False,,,3979997184.0,Factor / Style,unknown,424.0,True,,False,True,467.0,False,False,False,137.0,,0,0,False,Factor / Style,Factor / Style,Factor / Style,Factor / Style,Factor / Style
2026-08-04,IVLU,43.77999877929688,44.025001525878906,43.70000076293945,43.970001220703125,1037300.0,251,45610082.26623535,34419093.54505539,39206316.51276483,0.0375176996817996,0.0923432960009704,0.0944825657662038,0.2248935852216594,0.1678003035660225,0.0825683597031931,0.0084374899907094,0.0154952331012499,0.0078012704758645,0.012802346182365,2.916435544235686,42.292113037109374,40.80912427266439,0.0065781291880138,44.025001525878906,44.025001525878906,0.9987507029353888,0.5475004196166993,0.0124516807918329,42.06499862670898,41.55500030517578,41.55500030517578,-0.0549238309866193,iShares MSCI Intl Value Factor ETF,P,True,False,False,False,False,False,False,False,False,,False,,,4248612352.0,Country / Region,unknown,409.0,True,,False,True,315.0,True,True,False,138.0,,0,0,False,Country / Region,Country / Region,Country / Region,Country / Region,Country / Region
2026-08-04,XLI,185.63999938964844,186.8699951171875,183.27999877929688,186.3999938964844,10497300.0,251,1956696655.9295652,1232553943.294754,1353694222.8041391,0.0220418297293878,0.0928681774410162,0.1185080662550608,0.1388118162917127,0.1472734020716843,0.092392282386668,0.0030596664191289,0.0136770124359353,0.0109492307225355,0.0127222888362453,2.575284298268939,178.84626586914064,171.6947933959961,0.0107318345691513,186.8699951171875,186.8699951171875,0.997484875940579,3.0454986572265623,0.0163385126445758,175.9600067138672,175.9600067138672,175.9600067138672,-0.0560085167621569,State Street Industrial Select Sector SPDR ETF,P,True,False,False,False,False,False,False,False,False,,False,,,33963890688.0,Sector,unknown,87.0,True,,False,True,26.0,True,True,False,139.0,,0,0,False,Sector,Sector,Sector,Sector,Sector
2026-08-04,AIA,135.1699981689453,137.97000122070312,135.0,137.5800018310547,491400.0,251,67606812.89978027,65210552.11631775,74853513.75521705,0.0176788175640747,0.0948659732410952,0.2649733654536979,0.0487258048510221,0.0624744975999705,0.0950306775291269,0.0008614146146239,0.0059267040175696,0.0251805984462378,0.0126655670676035,0.4641682508486535,137.91157623291016,121.74758987426758,-0.0031636606108264,139.5,150.82000732421875,0.9122132021602284,3.966000366210937,0.0288268666479674,124.12000274658205,124.12000274658205,124.12000274658205,-0.0978339795415996,iShares Asia 50 ETF,Q,True,False,False,False,False,False,False,False,False,,False,,,5221864448.0,Country / Region,unknown,367.0,True,,False,True,232.0,True,True,False,140.0,,0,0,False,Country / Region,Country / Region,Country / Region,Country / Region,Country / Region
2026-08-04,MGC,278.6700134277344,283.44000244140625,278.6700134277344,282.6499938964844,102100.0,251,28858564.37683105,23605336.75140381,28735918.208240326,0.0320212825227033,0.0781097693987298,0.1148725426611219,0.1990011682121645,0.1569330663793504,0.1162767122349642,0.0063722726296697,0.0122580056259266,0.0133570015867059,0.0126426542121993,0.949462365281894,273.0678692626953,258.7081584676107,0.0003914186655256,283.44000244140625,283.44000244140625,0.9972127838762448,3.33499755859375,0.0117990363722248,265.4100036621094,265.4100036621094,265.4100036621094,-0.0609941291585127,Vanguard Morningstar Mega Cap ETF,P,True,False,False,False,False,False,False,False,False,,False,,,10574559232.0,Other,unknown,236.0,True,,False,True,360.0,True,True,False,141.0,,0,0,False,Other,Other,Other,Other,Other
2026-08-04,IVOO,129.4600067138672,131.35000610351562,129.02999877929688,131.14999389648438,67300.0,251,8826394.589233398,9173765.280342102,9860505.931575714,0.0267751542289857,0.0740366555064921,0.1242682566878397,0.2035707360226629,0.1538004466960379,0.1194267861220513,0.0054506378535149,0.0113868706887791,0.0148409585132188,0.012595801427333,1.6333250264107528,127.59604904174805,121.4742828877767,0.0081908934175427,131.35000610351562,131.35000610351562,0.99847725772564,1.590499496459961,0.0121273318374328,126.11000061035156,125.45999908447266,125.45999908447266,-0.0433853989844847,Vanguard S&P Mid-Cap 400 ETF,P,True,False,False,False,False,False,False,False,False,,False,,,5857669632.0,Other,unknown,351.0,True,,False,True,454.0,True,True,False,142.0,,0,0,False,Other,Other,Other,Other,Other
2026-08-04,SPMD,66.97000122070312,68.01000213623047,66.80000305175781,67.91000366210938,1640400.0,251,111399570.00732422,91129958.74900818,104761869.7099292,0.0272273942692411,0.0737109807819231,0.1246552852139752,0.2064227006350256,0.1517715537790916,0.1187929330085525,0.0056203522563113,0.0111872300838532,0.0148081669455857,0.0124545579854596,1.6317978753765727,66.06990646362304,62.89747009277344,0.0081808252737445,68.01000213623047,68.01000213623047,0.9985296504781636,0.8419994354248047,0.0123987540865735,65.2699966430664,64.9000015258789,64.9000015258789,-0.0443233982316791,State Street SPDR Portfolio S&P 400 Mid Cap ETF,P,True,False,False,False,False,False,False,False,False,,False,,,18386264064.0,Factor / Style,unknown,142.0,True,,False,True,186.0,True,True,False,143.0,,0,0,False,Factor / Style,Factor / Style,Factor / Style,Factor / Style,Factor / Style
2026-08-04,IJH,76.54000091552734,77.61000061035156,76.2300033569336,77.4800033569336,8170100.0,251,633019375.4264832,469679842.4040222,535949591.0280379,0.0266331271196413,0.0735737416682866,0.1242527046437675,0.2044764315212928,0.1512951290868293,0.1187645098142955,0.0054458467936772,0.0111313487431044,0.0147568115601175,0.012400260729059,1.632511140839449,75.40852996826172,71.79041086832682,0.0081558883237236,77.61000061035156,77.61000061035156,0.9983249935266636,0.9764991760253906,0.0126032412715171,74.4800033569336,74.08000183105469,74.08000183105469,-0.0438823099970173,iShares Core S&P Mid-Cap ETF,P,True,False,False,False,False,False,False,False,False,,False,,,124330491904.0,Other,unknown,22.0,True,,False,True,59.0,True,True,False,144.0,,0,0,False,Other,Other,Other,Other,Other
2026-08-04,SGOV,100.4250030517578,100.43000030517578,100.41999816894533,100.43000030517578,25308300.0,251,2541712576.72348,1891303577.0851896,2049690894.4376264,0.0027581338935478,0.0091129835638039,0.0183215808059011,1.0,1.0,1.0,0.0027581338935478,0.0091129835638039,0.0183215808059011,0.0123359925985379,0.9945427407775876,100.07414184570312,99.3601351928711,0.0014560530711231,100.43000030517578,100.43000030517578,1.0,0.0168049102825037,0.0001673295850984,100.29333493332516,100.15376278972272,100.15376278972272,-0.0027505477906367,iShares 0-3 Month Treasury Bond ETF,N,True,False,False,False,False,False,False,False,False,,False,,,95892447232.0,Bond,unknown,30.0,True,,False,True,17.0,True,True,False,145.0,,0,0,False,Bond,Bond,Bond,Bond,Bond
2026-08-04,URTH,206.8600006103516,209.6499938964844,206.72999572753903,209.2400054931641,462300.0,251,96731654.53948976,86563374.193573,143118635.96525645,0.0300792618691485,0.0771081297639799,0.1047900071623715,0.2135612528926836,0.1655501485392961,0.1096401530909042,0.0064237648508624,0.0127652623360142,0.0114891924276793,0.012318637868097,1.3965234397791022,202.18742431640624,193.1250123087565,0.0032208931489396,209.6499938964844,209.6499938964844,0.9980444149045732,2.2985015869140626,0.0109850006049113,199.1100006103516,199.1100006103516,199.1100006103516,-0.0484133273603046,iShares MSCI World ETF,P,True,False,False,False,False,False,False,False,False,,False,,,8064359424.0,Country / Region,unknown,282.0,True,,False,True,146.0,True,True,False,146.0,,0,0,False,Country / Region,Country / Region,Country / Region,Country / Region,Country / Region
2026-08-04,VBIL,75.5199966430664,75.5199966430664,75.51000213623047,75.5199966430664,3201400.0,251,241769717.2531128,177368147.21572876,189866809.5249963,0.0029932059089572,0.0092645640519131,0.0183378981754382,1.0,1.0,0.9583230287846368,0.0029932059089572,0.0092645640519131,0.0175736301210302,0.0121727371761041,1.0033719071755998,75.24306640625,74.70289138793946,0.0014702297340962,75.5199966430664,75.5199966430664,1.0,0.0139614345111276,0.0001848706982484,75.40429620659151,75.29462366023242,75.29462366023242,-0.0029842822146719,Vanguard 0-3 Month Treasury Bill ETF,Q,True,False,False,False,False,False,False,False,False,,False,,,9348372480.0,Bond,unknown,256.0,True,,False,True,121.0,True,True,False,147.0,,0,0,False,Bond,Bond,Bond,Bond,Bond
2026-08-04,MDY,697.6500244140625,707.5999755859375,694.8499755859375,706.47998046875,1384700.0,251,978262828.955078,431878079.68536377,479738237.0126876,0.0266813716820359,0.0725670775575166,0.1221650953241892,0.2044543466174397,0.1506313911378274,0.1175098174688886,0.0054551224141077,0.0109308798432953,0.0143555980526148,0.0121295312165571,1.650068030653801,687.7304748535156,655.2542732747396,0.0079537756595642,707.5999755859375,707.5999755859375,0.9984171916961132,8.811502075195312,0.0124724016515639,679.1099853515625,675.5499877929688,675.5499877929688,-0.0437804234102418,State Street SPDR S&P MIDCAP 400 ETF Trust,P,True,False,False,False,False,False,False,False,False,,False,,,28052918272.0,Other,unknown,100.0,True,,False,True,67.0,True,True,False,148.0,,0,0,False,Other,Other,Other,Other,Other
2026-08-04,OEF,375.989990234375,382.8500061035156,375.989990234375,381.7200012207031,207100.0,251,79054212.25280762,100323506.4894104,115590204.8846048,0.0365784147201713,0.0767616818113616,0.1106558829052934,0.2271116986052274,0.1557268657842455,0.1115463424397149,0.0083073858993845,0.0119538561208108,0.0123432590075228,0.01209014713116,0.9331549511539996,367.7947686767578,349.33420817057294,-0.0007325905363428,382.8500061035156,382.8500061035156,0.997048439689702,4.70899658203125,0.0123362584275708,358.1700134277344,358.1700134277344,358.1700134277344,-0.0616944035357283,iShares S&P 100 Fund,P,True,False,False,False,False,False,False,False,False,,False,,,20043581440.0,Other,unknown,136.0,True,,False,True,170.0,True,True,False,149.0,,0,0,False,Other,Other,Other,Other,Other
2026-08-04,DFIV,57.31999969482422,57.56999969482422,57.15999984741211,57.45000076293945,1839900.0,251,105702256.4037323,71717533.1778717,68390029.81709072,0.0396308814318742,0.0762933112855346,0.0972386332556241,0.3313161439402945,0.1757128875934861,0.0990549909346549,0.0131303508169635,0.0134057180300499,0.009631971935634,0.0120849068970044,3.074870320741889,55.16358192443848,53.543163579305016,0.0072719454663625,57.595001220703125,57.595001220703125,0.997482412454372,0.5926002502441406,0.0103150607898063,55.47999954223633,54.415000915527344,54.415000915527344,-0.0528285432046498,Dimensional International Value ETF,P,True,False,False,False,False,False,False,False,False,,False,,,19862159360.0,Factor / Style,unknown,137.0,True,,False,True,246.0,True,True,False,150.0,,0,0,False,Factor / Style,Factor / Style,Factor / Style,Factor / Style,Factor / Style
2026-08-04,SCHA,34.459999084472656,35.119998931884766,34.43000030517578,35.04999923706055,1832300.0,251,64222113.60206604,80303154.71511841,78274209.98007457,0.0159420068713203,0.0808998476670852,0.1574022328511677,0.0742239965816981,0.1109991466272568,0.111753111750697,0.0011832794635222,0.0089798140533215,0.0175901893176257,0.011993445395828,0.793603707457545,34.37592872619629,31.82748784383138,0.0065497900905233,35.20000076293945,36.20000076293945,0.968232002717076,0.6465002059936523,0.0184450847379781,32.79999923706055,32.79999923706055,32.79999923706055,-0.0641940099565233,Schwab U.S. Small-Cap ETF,P,True,False,False,False,False,False,False,False,False,,False,,,24157184000.0,Other,unknown,114.0,True,,False,True,224.0,True,True,False,151.0,,0,0,False,Other,Other,Other,Other,Other
2026-08-04,MTUM,309.5299987792969,315.3599853515625,308.1099853515625,313.3500061035156,2189800.0,251,686173843.3654785,621080276.4482117,545131184.633479,0.0029125709096102,0.103437340346945,0.2152708999287964,0.008033930078755,0.0728574412017993,0.0929687165359104,2.3399391037225103e-05,0.007536179942398,0.0200134592739106,0.0119032277084274,0.4613789909108908,316.8383514404297,279.8104126993815,0.0011313961407897,326.9200134277344,345.5899963378906,0.9067102908764372,10.762503051757813,0.03434658637984,282.6499938964844,282.6499938964844,282.6499938964844,-0.0979735490954145,iShares MSCI USA Momentum Factor ETF,Z,True,False,False,False,False,False,False,False,False,,False,,,29047369728.0,Country / Region,unknown,96.0,True,,False,True,57.0,True,True,False,152.0,,0,0,False,Country / Region,Country / Region,Country / Region,Country / Region,Country / Region
2026-08-04,JHMM,75.37000274658203,76.43000030517578,75.1449966430664,76.2699966430664,161500.0,251,12317604.457855225,14965081.522712708,17071755.10806129,0.0301187965959546,0.0717306186878026,0.1091472916381202,0.2385024503844076,0.160953480870075,0.1141789749013221,0.0071834067907647,0.0115452927627658,0.0124623258724962,0.0118662543511714,2.011204949560004,73.76475296020507,70.73410603841145,0.0080395935565027,76.43000030517578,76.43000030517578,0.9979065332792032,0.8841506958007812,0.0115923788477202,73.17500305175781,72.70999908447266,72.70999908447266,-0.0466762516754009,John Hancock Multifactor Mid Cap ETF,P,True,False,False,False,False,False,False,False,False,,False,,,5809617408.0,Factor / Style,unknown,353.0,True,,False,True,415.0,True,True,False,153.0,,0,0,False,Factor / Style,Factor / Style,Factor / Style,Factor / Style,Factor / Style
2026-08-04,JIVE,96.19000244140624,96.7699966430664,95.9499969482422,96.6050033569336,405400.0,251,39163668.36090088,29890880.442085262,30231714.01386564,0.0390204683293178,0.0825303190213788,0.1109131137765055,0.2919224535900206,0.1514032165023994,0.0961184621897604,0.0113909508549261,0.0124953557588059,0.0106607979328756,0.0118532605197303,2.61819014837144,93.14916076660155,89.37286026000976,0.0067898152176366,96.7699966430664,96.7699966430664,0.9982949954339528,1.0987491607666016,0.011373625822536,93.11000061035156,91.63999938964844,91.63999938964844,-0.0513948946199048,JPMorgan International Value ETF,Q,True,False,False,False,False,False,False,False,False,,False,,,3125305856.0,Factor / Style,unknown,492.0,True,,False,True,348.0,True,True,False,154.0,,0,0,False,Factor / Style,Factor / Style,Factor / Style,Factor / Style,Factor / Style
2026-08-04,IUSG,190.2100067138672,194.1000061035156,190.2100067138672,193.27999877929688,550400.0,251,106381311.328125,94341535.66055298,99328455.87242974,0.0377449598888421,0.0855841687816769,0.1411709644070964,0.1620189294860117,0.121450923397812,0.1026757284090419,0.0061153979946826,0.0103942763267688,0.0144948316007055,0.0118294706726467,0.8774767342397256,186.21783020019527,174.4362451171875,-0.0023691515006697,194.1000061035156,194.1000061035156,0.995775335917396,3.3209991455078125,0.0171823218464524,176.8000030517578,176.8000030517578,176.8000030517578,-0.0852648790957272,iShares Core S&P U.S. Growth ETF,Q,True,False,False,False,False,False,False,False,False,,False,,,32221673472.0,Factor / Style,unknown,92.0,True,,False,True,195.0,True,True,False,155.0,,0,0,False,Factor / Style,Factor / Style,Factor / Style,Factor / Style,Factor / Style
2026-08-04,RECS,44.310001373291016,45.0,44.29499816894531,44.91999816894531,391500.0,251,17586179.28314209,20706623.343696594,19906524.06783331,0.0300389254817574,0.0741271759144646,0.0842384223524499,0.2239309729619756,0.1840855435109101,0.0982101969287911,0.0067266458098622,0.013645741467143,0.0082730720482047,0.0117653071705146,1.090342810550491,43.67299987792969,41.8865798441569,0.0066382379792575,45.0,45.0,0.998222181532118,0.4749500274658203,0.0105732423603295,43.2400016784668,43.20000076293945,43.20000076293945,-0.0382902376695765,Columbia Research Enhanced Core ETF,P,True,False,False,False,False,False,False,False,False,,False,,,5762415616.0,Other,unknown,356.0,True,,False,True,405.0,True,True,False,156.0,,0,0,False,Other,Other,Other,Other,Other
2026-08-04,IVW,139.35000610351562,142.08999633789062,139.35000610351562,141.52999877929688,1314500.0,251,186041183.3953857,184135907.7961731,298065616.7727031,0.0402028613762652,0.0866166804554007,0.1408379140595854,0.1685671589294295,0.1203356578344737,0.1010766185359523,0.0067768821230307,0.010423075222039,0.0142354201147999,0.0117573959345053,0.8667487905316483,136.18671112060548,127.5529960123698,-0.0027061360607393,142.08999633789062,142.08999633789062,0.9960588530295822,2.487499237060547,0.0175757737477237,129.1199951171875,129.1199951171875,129.1199951171875,-0.0876846164710397,iShares S&P 500 Growth ETF,P,True,False,False,False,False,False,False,False,False,,False,,,74972356608.0,Factor / Style,unknown,39.0,True,,False,True,86.0,True,True,False,157.0,,0,0,False,Factor / Style,Factor / Style,Factor / Style,Factor / Style,Factor / Style
2026-08-04,SPYG,120.7300033569336,123.02999877929688,120.63999938964844,122.51000213623048,7340800.0,251,899321423.6816406,314925293.0572128,316437795.2676077,0.0399830132636178,0.0866572570551615,0.1411508391894047,0.1668437309383397,0.1201800511224758,0.1009272351015461,0.0066709151070591,0.0104144735830228,0.0142459639316495,0.0117554952050422,0.863437359854999,117.88660202026368,110.38384841918943,-0.0026342377851942,123.02999877929688,123.02999877929688,0.9957734158479572,2.1654994964599608,0.0176761036543933,111.77999877929688,111.77999877929688,111.77999877929688,-0.0875847128384006,State Street SPDR Portfolio S&P 500 Growth ETF,P,True,False,False,False,False,False,False,False,False,,False,,,52988604416.0,Factor / Style,unknown,53.0,True,,False,True,81.0,True,True,False,158.0,,0,0,False,Factor / Style,Factor / Style,Factor / Style,Factor / Style,Factor / Style
2026-08-04,USFR,50.400001525878906,50.400001525878906,50.38999938964844,50.38999938964844,8392400.0,251,422893030.8776856,269978038.2004547,246802381.51891196,0.0029793022094277,0.0096697008498403,0.0191325816170258,0.8824270228938964,0.9603145685310014,0.849418389576226,0.0026290167789665,0.0092859545994382,0.0162515666655697,0.0117239188225842,0.9775829166577406,50.19246894836426,49.81732846577962,0.0015688948057215,50.400001525878906,50.400001525878906,0.9998015449220704,0.0149637284258414,0.0002969582974219,50.310096740722656,50.23034785205674,50.23034785205674,-0.0031683179108054,WisdomTree Floating Rate Treasury Fund,P,True,False,False,False,False,False,False,False,False,,False,,,17754787840.0,Bond,unknown,144.0,True,,False,True,100.0,True,True,False,159.0,,0,0,False,Bond,Bond,Bond,Bond,Bond
2026-08-04,GBIL,99.91000366210938,99.91000366210938,99.89299774169922,99.91000366210938,406400.0,251,40603425.48828125,52364273.56216431,69514402.8219556,0.0029535477190498,0.0087763531321636,0.0174954083973919,1.0,1.0,0.9775718949708252,0.0029535477190498,0.0087763531321636,0.0171030195403269,0.0116906863750207,1.0174037425346871,99.5523373413086,98.88184193929035,0.0013746492313488,99.91000366210938,99.91000366210938,1.0,0.0206940502281007,0.0002071269089138,99.75536346435548,99.61578362614354,99.61578362614354,-0.0029448506173703,Goldman Sachs Access Treasury 0-1 Year ETF,P,True,False,False,False,False,False,False,False,False,,False,,,7703504896.0,Bond,unknown,292.0,True,,False,True,244.0,True,True,False,160.0,,0,0,False,Bond,Bond,Bond,Bond,Bond
2026-08-04,VOOG,83.77999877929688,85.41000366210938,83.5999984741211,85.04000091552734,1789200.0,251,152153569.63806152,109257971.49845123,128213525.55728488,0.0401174008512337,0.0864361124047548,0.1407238560818937,0.1663283995075717,0.1196647109759548,0.1005923219946871,0.0066726630759894,0.0103433524088001,0.0141557394433238,0.0116776878708834,0.8524729599884625,81.85248748779297,76.64460942586263,-0.0026934660121391,85.41000366210938,85.41000366210938,0.9956679226001932,1.5050003051757812,0.0176975574902773,77.61000061035156,77.61000061035156,77.61000061035156,-0.0873706517542987,Vanguard S&P 500 Growth ETF,P,True,False,False,False,False,False,False,False,False,,False,,,26322757632.0,Factor / Style,unknown,104.0,True,,False,True,154.0,True,True,False,161.0,,0,0,False,Factor / Style,Factor / Style,Factor / Style,Factor / Style,Factor / Style
2026-08-04,PPA,181.17999267578125,184.25999450683597,180.1499938964844,183.5399932861328,195900.0,251,35955484.68475342,30396270.796966556,35569038.87125651,0.0270844791300832,0.1152549101999498,0.0575745996621663,0.1179336094092871,0.1450471107810755,0.0379484044769211,0.0031941703827812,0.016717391727835,0.0021848641955766,0.0116310070915446,6.458768606984125,173.88660125732423,172.8630556233724,0.0091171874024411,184.25999450683597,186.1048776969368,0.9862180699262446,3.582501220703125,0.0195189133254359,169.08999633789062,166.27000427246094,166.27000427246094,-0.0940938740623604,Invesco Aerospace & Defense ETF,P,True,False,False,False,False,False,False,False,False,,False,,,8324131840.0,Industry / Theme,unknown,273.0,True,,False,True,329.0,True,True,False,162.0,,0,0,False,Industry / Theme,Industry / Theme,Industry / Theme,Industry / Theme,Industry / Theme
2026-08-04,SCHH,24.040000915527344,24.26000022888184,23.850000381469727,24.209999084472656,7120400.0,251,172384877.4810791,147704097.78645515,141750839.12738314,0.0024844499747462,0.0490880678556762,0.1546235292276938,0.0206894465209673,0.103603382803842,0.1537483560635251,5.140189488653186e-05,0.0050856898851525,0.0237731134274983,0.0116262881249736,0.5382715496276516,23.90924224853516,22.68347245534261,0.0105846724822586,25.030000686645508,25.030000686645508,0.9672392497132308,0.3255000114440918,0.013444858478035,23.850000381469727,23.68000030517578,23.68000030517578,-0.0218917306625093,Schwab U.S. REIT ETF,P,True,False,False,False,False,False,False,False,False,,False,,,11128644608.0,REIT / Infra,unknown,223.0,True,,False,True,149.0,True,True,False,163.0,,0,0,False,REIT / Infra,REIT / Infra,REIT / Infra,REIT / Infra,REIT / Infra
2026-08-04,TSPA,48.0,48.790000915527344,48.0,48.68999862670898,346600.0,251,16875953.524017334,19249928.78883362,29793379.69580756,0.0285170779419039,0.0722307595313458,0.1140600980849793,0.1914894768282442,0.147881069382156,0.1155405842107641,0.0054607203357654,0.0106815619617807,0.0131785703678755,0.0115555149039139,0.9683815352471848,47.16559967041016,44.73855997721354,0.0008700368328928,48.790000915527344,48.790000915527344,0.9979503527988962,0.5605998992919922,0.0115136560916737,46.02999877929688,46.02999877929688,46.02999877929688,-0.0546313395448108,T. Rowe Price U.S. Equity Research ETF,P,True,False,False,False,False,False,False,False,False,,False,,,4062119424.0,US Equity,unknown,418.0,True,,False,True,353.0,True,True,False,164.0,,0,0,False,US Equity,US Equity,US Equity,US Equity,US Equity
2026-08-04,TFLO,50.52000045776367,50.52999877929688,50.52000045776367,50.52999877929688,1298400.0,251,65608150.41503906,75253122.9007721,75557170.69935268,0.0031683618215279,0.0099985474652888,0.0193928141317207,1.0,0.862766384409398,0.8740136724508093,0.0031683618215279,0.0086264106459729,0.0169495846984212,0.0115395215643298,1.0183950726121993,50.32609565734863,49.95141960144043,0.0015677336047645,50.52999877929688,50.52999877929688,1.0,0.0129662253814078,0.0002566045061279,50.44018661941526,50.36044036120789,50.36044036120789,-0.0033555990933142,iShares Treasury Floating Rate Bond ETF,P,True,False,False,False,False,False,False,False,False,,False,,,6588089856.0,Bond,unknown,325.0,True,,False,True,231.0,True,True,False,165.0,,0,0,False,Bond,Bond,Bond,Bond,Bond
2026-08-04,TBIL,49.8849983215332,49.88999938964844,49.880001068115234,49.88999938964844,2351400.0,251,117311344.56481934,80921324.53058243,91181998.60858616,0.0028085987025499,0.0093387086056657,0.0181525521885972,1.0,0.9470458867818206,0.8859796109901551,0.0028085987025499,0.0088441855728497,0.0160827911265318,0.0113776975166384,1.0618579796907288,49.70915328979492,49.35615852355957,0.0014713000771913,49.88999938964844,49.88999938964844,1.0,0.0124728153526046,0.0002500063240167,49.81008860626107,49.750270327142616,49.750270327142616,-0.0028007429187263,F/m US Treasury 3 Month Bill Fund,Q,True,False,False,False,False,False,False,False,False,,False,,,7079277056.0,Bond,unknown,307.0,True,,False,True,211.0,True,True,False,166.0,,0,0,False,Bond,Bond,Bond,Bond,Bond
2026-08-04,BIL,91.41999816894533,91.43000030517578,91.41999816894533,91.41999816894533,12566200.0,251,1148801980.9906006,880098210.9079361,917137970.2469962,0.0026576372323923,0.0088892638425248,0.0178267017522608,1.0,0.9310393481366516,0.9527763527654572,0.0026576372323923,0.008276254413359,0.0169848598773566,0.0113242663257582,0.9832748689791854,91.10521209716796,90.4654381306966,0.0014357817487691,91.43000030517578,91.43000030517578,0.9998906033446672,0.0176030939832848,0.0001925518960386,91.29733202941956,91.17768096923828,91.17768096923828,-0.0026505929179655,State Street SPDR Bloomberg 1-3 Month T-Bill ETF,P,True,False,False,False,False,False,False,False,False,,False,,,47077847040.0,Bond,unknown,64.0,True,,False,True,39.0,True,True,False,167.0,,0,0,False,Bond,Bond,Bond,Bond,Bond
2026-08-04,SPHQ,86.06999969482422,87.2300033569336,85.77999877929688,87.12000274658203,1520700.0,251,132483388.1767273,132584299.26506042,143415393.59221685,0.0049602064028826,0.0839045533131581,0.1145899513880748,0.0298403864144997,0.1323558984269074,0.0993519816470965,0.0001480144757576,0.0111052625358714,0.0113847387472496,0.0112030792098538,1.0077427831114398,86.37412963867187,81.00209157307943,0.0055554562741566,88.33999633789062,90.36000061035156,0.9641434501783483,1.3750007629394532,0.0157828365425918,83.1500015258789,83.1500015258789,83.1500015258789,-0.0455693422353442,Invesco S&P 500 Quality ETF,P,True,False,False,False,False,False,False,False,False,,False,,,20360812544.0,Factor / Style,unknown,135.0,True,,False,True,145.0,True,True,False,168.0,,0,0,False,Factor / Style,Factor / Style,Factor / Style,Factor / Style,Factor / Style
2026-08-04,BILS,99.1500015258789,99.16999816894533,99.1500015258789,99.16999816894533,313700.0,251,31109628.425598145,30664034.432907104,33066737.725382004,0.0029855587907081,0.0091073764913034,0.0174952308861666,0.9080071341406176,0.901790312785862,0.935725888834927,0.0027109086813592,0.0082129438947511,0.0163707404713305,0.0110681726965539,1.030067729622269,98.8036474609375,98.13496058146158,0.0014016028055989,99.16999816894533,99.16999816894533,1.0,0.0224866661655966,0.0002267486798506,98.99443840877152,98.86483015943172,98.86483015943172,-0.0030772210864994,State Street SPDR Bloomberg 3-12 Month T-Bill ETF,P,True,False,False,False,False,False,False,False,False,,False,,,3866119680.0,Bond,unknown,438.0,True,,False,True,337.0,True,True,False,169.0,,0,0,False,Bond,Bond,Bond,Bond,Bond
2026-08-04,GSIE,47.380001068115234,47.70500183105469,47.36000061035156,47.619998931884766,337900.0,251,16090797.639083862,17959172.658958435,19968597.9225522,0.03611836119407,0.0818769767964879,0.0765977216653603,0.2511347431368599,0.1679717517037342,0.0727005715701107,0.0090705753609971,0.013753019216712,0.0055686981460399,0.0108885068419768,3.5647540312473174,45.72074546813965,44.56402163187663,0.0074956992323731,47.70500183105469,47.70500183105469,0.9982181554154226,0.5322000503540039,0.0111759777885601,45.56999969482422,45.13999938964844,45.13999938964844,-0.052078949976116,Goldman Sachs ActiveBeta International Equity ETF,P,True,False,False,False,False,False,False,False,False,,False,,,5800200704.0,Global Equity,unknown,354.0,True,,False,True,403.0,True,True,False,170.0,,0,0,False,Global Equity,Global Equity,Global Equity,Global Equity,Global Equity
2026-08-04,REET,28.26000022888184,28.364999771118164,28.030000686645508,28.309999465942383,1987400.0,251,56263292.93861389,82536308.23326111,69014605.18552084,0.0071148648611971,0.0547618548484809,0.123579750725449,0.0704221757622851,0.1362273718360522,0.13960494323787,0.0005010442637801,0.0074600635628759,0.0172523440853764,0.0108873617457511,0.8074978726473667,27.767676811218266,26.604717394510907,0.0110419309860201,29.059999465942383,29.059999465942383,0.9741913278119988,0.3155001640319824,0.0111444779224223,28.030000686645508,27.6200008392334,27.6200008392334,-0.0243729650203303,iShares Global REIT ETF,P,True,False,False,False,False,False,False,False,False,,False,,,4886244352.0,REIT / Infra,unknown,380.0,True,,False,True,245.0,True,True,False,171.0,,0,0,False,REIT / Infra,REIT / Infra,REIT / Infra,REIT / Infra,REIT / Infra
2026-08-04,AIQ,61.30500030517578,63.34999847412109,61.29999923706055,63.130001068115234,2078300.0,251,131203081.21986388,126190481.89512251,164980338.12694246,0.0169136470053274,0.1054106179903018,0.2052310000150752,0.0450450096611171,0.0723210168177124,0.0825843043026803,0.0007618753927597,0.007623403076442,0.0169488593575883,0.0108873127748432,0.4576125315219478,63.006800155639645,55.79983350118001,-0.0085320002898231,64.05999755859375,70.26000213623047,0.8985197715438361,1.8580001831054689,0.0294313345742026,55.91999816894531,55.91999816894531,55.91999816894531,-0.114208819534005,Global X Artificial Intelligence & Technology ETF,Q,True,False,False,False,False,False,False,False,False,,False,,,10413852672.0,Industry / Theme,unknown,239.0,True,,False,True,131.0,True,True,False,172.0,,0,0,False,Industry / Theme,Industry / Theme,Industry / Theme,Industry / Theme,Industry / Theme
2026-08-04,USCA,45.720001220703125,45.720001220703125,45.720001220703125,45.720001220703125,300.0,251,13716.000366210938,14705358.224773409,5520706.810475909,0.0361942769600003,0.071372452967986,0.0964918588487755,0.2329006265291885,0.1569551261070153,0.1047726049061154,0.008429669780755,0.0112022723561572,0.0101097034038194,0.010819873222839,1.11091816278573,43.97605293273926,42.17418991088867,0.0022462983453368,45.720001220703125,45.720001220703125,1.0,0.359100341796875,0.0078543379748263,43.1619987487793,43.1619987487793,43.1619987487793,-0.0559493089157115,Xtrackers MSCI USA Climate Action Equity ETF,P,True,False,False,False,False,False,False,False,False,,False,,,3158330624.0,Country / Region,unknown,490.0,True,,False,True,465.0,True,True,False,173.0,,0,0,False,Country / Region,Country / Region,Country / Region,Country / Region,Country / Region
2026-08-04,HGER,31.38500022888184,31.520000457763672,31.315000534057617,31.40999984741211,1106800.0,251,34764587.83111572,62657213.08283806,45657570.34679897,0.0376610298119783,-0.0391556694117162,0.2122732548201593,0.1781248621642918,0.0,0.1451953496545574,0.0067083657442239,-0.0,0.030821089455924,0.0107873813095733,-0.0,30.975000038146973,29.8729200108846,-0.0044866381936078,32.83000183105469,33.540000915527344,0.9364937087068133,0.4101503372192382,0.0130579541296314,31.315000534057617,30.56999969482422,30.56999969482422,-0.0267430804415332,Harbor Commodity All-Weather Strategy ETF,N,True,False,False,False,False,False,False,False,False,,False,,,3212702208.0,Commodity,unknown,479.0,True,,False,True,292.0,True,True,False,174.0,,0,0,False,Commodity,Commodity,Commodity,Commodity,Commodity
2026-08-04,EWY,166.4499969482422,172.6199951171875,166.08999633789062,171.13999938964844,23831600.0,251,4078540009.4543457,4497037833.736267,4171843525.035192,-0.0559876125124263,0.0461519849671216,0.4151988667639461,0.0,0.0159832395916677,0.069808822184608,-0.0,0.0007376582333605,0.028984543861175,0.0106240682030956,0.070480386942312,185.85519989013676,153.00800013224284,-0.0233742543438433,185.42999267578125,220.88999938964844,0.7747747741524443,10.02199935913086,0.0585602395399859,142.63999938964844,142.63999938964844,142.63999938964844,-0.1665303266427605,iShares MSCI South Korea ETF,P,True,False,False,False,False,False,False,False,False,,False,,,24467890176.0,Country / Region,unknown,113.0,True,,False,True,8.0,True,True,False,175.0,,0,0,False,Country / Region,Country / Region,Country / Region,Country / Region,Country / Region
2026-08-04,SHV,110.08000183105467,110.08999633789062,110.08000183105467,110.08999633789062,3145700.0,251,346310101.48010254,286777695.06450653,283280025.1228696,0.0029980709805745,0.0088397918295373,0.0175348755836397,0.8462232685893663,0.8582890967593032,0.9225492414826796,0.0025370374246447,0.0075870969449138,0.01617678616918,0.010593488173407,0.9882107978629224,109.69583724975584,108.94842178344726,0.0013928461122636,110.08999633789062,110.08999633789062,1.0,0.0239293884264981,0.000217362060337,109.91046171190574,109.7708971974079,109.7708971974079,-0.0028985298491911,iShares 0-1 Year Treasury Bond ETF,N,True,False,False,False,False,False,False,False,False,,False,,,20945842176.0,Bond,unknown,131.0,True,,False,True,89.0,True,True,False,176.0,,0,0,False,Bond,Bond,Bond,Bond,Bond
2026-08-04,AMLP,55.0,55.20000076293945,54.34999847412109,55.0,1540000.0,251,84700000.0,62176711.628685,74456017.33715723,0.040287518652297,0.0398380330407519,0.1533802676964217,0.3100438718017201,0.0788117120091496,0.1593113195554037,0.0124908982682422,0.0031397035870187,0.024435212840478,0.0105931318257294,0.4602333763247207,52.92399993896484,51.17838422139486,0.0046701384268383,55.619998931884766,55.619998931884766,0.9888529495902356,0.6969997406005859,0.0126727225563742,54.20000076293945,52.380001068115234,52.380001068115234,-0.0476363442160866,Alerian MLP ETF,P,True,False,False,False,False,False,False,False,False,,False,,,12160584704.0,REIT / Infra,unknown,202.0,True,,False,True,233.0,True,True,False,177.0,,0,0,False,REIT / Infra,REIT / Infra,REIT / Infra,REIT / Infra,REIT / Infra
2026-08-04,ESGD,105.83999633789062,106.5500030517578,105.66999816894533,106.37999725341795,186700.0,251,19861145.48721313,25480244.374580383,29469685.751633417,0.0322142419316153,0.0863062333534829,0.0752821071071572,0.2082811025962445,0.1556570541508088,0.0647584030442919,0.006709617828819,0.0134341740386554,0.0048751490340688,0.0104385152870501,3.359183762605325,102.47799743652344,99.45752065022786,0.0068846749233721,106.5500030517578,106.5500030517578,0.9984044505540064,1.2961002349853517,0.0121836836665617,101.72000122070312,101.2300033569336,101.2300033569336,-0.0484112993932128,iShares ESG Aware MSCI EAFE ETF,Q,True,False,False,False,False,False,False,False,False,,False,,,11761851392.0,Country / Region,unknown,207.0,True,,False,True,356.0,True,True,False,178.0,,0,0,False,Country / Region,Country / Region,Country / Region,Country / Region,Country / Region
2026-08-04,FNDF,54.38999938964844,54.77000045776367,54.29999923706055,54.66999816894531,1712100.0,251,93600503.86505128,74268090.15928268,78231312.73477948,0.0318988041017571,0.0731827276389063,0.1275461898279706,0.2376927934535399,0.1233889563026353,0.1017951122401962,0.0075821158547738,0.0090299403827446,0.0129835787093476,0.0104137137970557,2.46914517995288,53.28608047485351,50.82074968973796,0.0023968395293556,54.77000045776367,54.859771728515625,0.9965407519282172,0.6505002975463867,0.0118986705566764,52.59999847412109,52.02000045776367,52.02000045776367,-0.0484726138638677,Schwab Fundamental International Equity ETF,P,True,False,False,False,False,False,False,False,False,,False,,,23990886400.0,Global Equity,unknown,115.0,True,,False,True,225.0,True,True,False,179.0,,0,0,False,Global Equity,Global Equity,Global Equity,Global Equity,Global Equity
2026-08-04,ACWI,158.82000732421875,160.9600067138672,158.61000061035156,160.6300048828125,4807000.0,251,772148433.4716797,482849125.2206421,506009024.1376605,0.0266521666240968,0.0728174450510954,0.1050071068837315,0.1804412833757115,0.1419473919570766,0.100417210099811,0.0048091511503953,0.0103362464139807,0.0105445207139169,0.0104091424189584,1.3308781705433326,156.04536071777343,148.69653177897135,0.0021395928227863,160.9600067138672,160.9600067138672,0.9979497899025233,1.9685012817382808,0.0122548790506132,151.4199981689453,151.4199981689453,151.4199981689453,-0.0573367766538159,iShares MSCI ACWI ETF,Q,True,False,False,False,False,False,False,False,False,,False,,,33203742720.0,Country / Region,unknown,90.0,True,,False,True,63.0,True,True,False,180.0,,0,0,False,Country / Region,Country / Region,Country / Region,Country / Region,Country / Region
2026-08-04,IXJ,100.02999877929688,100.16999816894533,99.3499984741211,99.87000274658205,204800.0,251,20453376.5625,15237014.47807312,23403870.4543583,-0.0171242776628058,0.0955268406633136,0.0144543631734501,0.0,0.1660339313323487,0.0141460714567964,-0.0,0.0158606969030888,0.0002044724543141,0.0103810183460176,1.428924473629789,97.1496141052246,96.00120310465496,0.0179866757622499,103.4000015258789,103.4000015258789,0.9658607473191052,1.5034996032714845,0.0150545665557513,97.83999633789062,97.12000274658205,97.12000274658205,-0.0275357957782185,iShares Global Healthcare ETF,P,True,False,False,False,False,False,False,False,False,,False,,,3844812544.0,Sector,unknown,440.0,True,,False,True,388.0,True,True,False,181.0,,0,0,False,Sector,Sector,Sector,Sector,Sector
2026-08-04,IALT,28.729999542236328,28.84000015258789,28.6200008392334,28.790000915527344,1028900.0,161,29622031.941986084,36420469.1762352,111198866.88391972,0.0223721971423636,0.0310753996989889,0.1123140631983397,0.2395440350777951,0.1200803909317888,0.201946380461889,0.0053591263770376,0.0037315461442161,0.0226814185378725,0.0103640014819959,0.8675693686843867,28.360271759033203,27.299984868367517,0.0039407097218464,29.03899955749512,29.03899955749512,0.9914253711986608,0.3073001861572265,0.0106738512117062,28.26000022888184,27.959999084472656,27.959999084472656,-0.0288295173553482,iShares Systematic Alternatives Active ETF,Q,True,False,False,False,False,False,False,False,False,,False,,,4825180672.0,Other,unknown,384.0,True,,False,True,174.0,False,False,False,182.0,,0,0,False,Other,Other,Other,Other,Other
2026-08-04,SCHM,35.59000015258789,36.18000030517578,35.4900016784668,36.11000061035156,1051600.0,251,37973276.6418457,32307051.01797104,37068424.01959253,0.0163242851388063,0.0677613020478955,0.1388605691595861,0.094462965701228,0.107981154832714,0.1130085679784351,0.0015420403871641,0.0073169436481001,0.0156924340693952,0.0102483652955534,0.9860553909029898,35.455154724121094,33.3221454111735,0.0046285704359949,36.18000030517578,36.900001525878906,0.978590761982129,0.5715002059936524,0.0158266462568217,34.099998474121094,34.099998474121094,34.099998474121094,-0.0556633093950783,Schwab U.S. Mid Cap ETF,P,True,False,False,False,False,False,False,False,False,,False,,,15320031232.0,Factor / Style,unknown,167.0,True,,False,True,320.0,True,True,False,183.0,,0,0,False,Factor / Style,Factor / Style,Factor / Style,Factor / Style,Factor / Style
2026-08-04,IEUR,77.5,77.8550033569336,77.31999969482422,77.79000091552734,460500.0,251,35822295.42160034,58468143.838768005,72196343.20956033,0.0295130152062843,0.0881603743682248,0.0606837604170209,0.208216951219599,0.1592333728429768,0.0525322440334354,0.0061451100475501,0.0140380737617519,0.0031878541110934,0.0102404968840214,4.004698562782068,74.8353807067871,72.84712636311849,0.0076628404209788,77.8550033569336,77.8550033569336,0.9991650833138078,0.894000244140625,0.0114924827563818,74.2249984741211,74.0999984741211,74.0999984741211,-0.0474354338343978,iShares Core MSCI Europe ETF,P,True,False,False,False,False,False,False,False,False,,False,,,8644286464.0,Country / Region,unknown,270.0,True,,False,True,240.0,True,True,False,184.0,,0,0,False,Country / Region,Country / Region,Country / Region,Country / Region,Country / Region
2026-08-04,XT,81.0199966430664,82.29000091552734,81.0199966430664,82.11599731445312,109400.0,251,8983490.106201172,6362670.616111755,10143433.30401466,0.0009263334724243,0.0770494405062991,0.1353124187460213,0.0050956437131645,0.1083168811013584,0.1016740593130581,4.720265335052864e-06,0.0083457550862469,0.0137577628893763,0.0102399578173422,0.5584154149228482,81.12997207641601,75.22468846638998,0.0006262112289192,82.80000305175781,83.85781860351562,0.979228874324791,1.159649658203125,0.0141220918716043,77.16999816894531,77.16999816894531,77.16999816894531,-0.0602318586787384,iShares Future Exponential Technologies ETF,Q,True,False,False,False,False,False,False,False,False,,False,,,3962071552.0,Other,unknown,428.0,True,,False,True,453.0,True,True,False,185.0,,0,0,False,Other,Other,Other,Other,Other
2026-08-04,SPYI,53.59000015258789,54.119998931884766,53.59000015258789,54.040000915527344,3849300.0,251,208016175.5241394,144307126.84022903,147995486.85305157,0.024426101310006,0.0626523465046728,0.0833776192517368,0.1993084484935742,0.1712712076592723,0.111652680301525,0.0048683283548441,0.0107305430485425,0.0093093346666164,0.0102331201148683,1.0710898927953565,52.49448211669922,50.54462160746257,0.0025732106709663,54.119998931884766,54.119998931884766,0.9985218400233504,0.5214966826917102,0.0096501975177033,51.685001373291016,51.685001373291016,51.685001373291016,-0.043578821286801,NEOS S&P 500 High Income ETF,Z,True,False,False,False,False,False,False,False,False,,False,,,10406321152.0,Bond,unknown,240.0,True,,False,True,142.0,True,True,False,186.0,,0,0,False,Bond,Bond,Bond,Bond,Bond
2026-08-04,VGK,91.5999984741211,91.95999908447266,91.41000366210938,91.83999633789062,1999300.0,251,183615704.67834476,180069162.70565033,226752635.80070373,0.0314464891461496,0.0886548628276018,0.0603902574467305,0.217729156346313,0.1567617391521274,0.0520094096340718,0.0068468175518446,0.0138976904811481,0.003140861637454,0.0101328003858552,4.058874047772593,88.29462097167969,85.99402079264323,0.0077451343469965,91.95999908447266,91.95999908447266,0.9986950549393568,1.03699951171875,0.011291371440211,87.5999984741211,87.33000183105469,87.33000183105469,-0.0491070850029556,Vanguard FTSEEuropean ETF,P,True,False,False,False,False,False,False,False,False,,False,,,37858430976.0,Other,unknown,81.0,True,,False,True,109.0,True,True,False,187.0,,0,0,False,Other,Other,Other,Other,Other
2026-08-04,FTCS,98.62999725341795,99.88999938964844,98.2300033569336,99.8000030517578,474900.0,251,47395021.449279785,52631942.8371048,62863737.96383086,0.0232749338754507,0.0764914619594288,0.0286988490922888,0.159075404352875,0.1952552367844139,0.0416481974922703,0.0037024695175237,0.0149353585168742,0.0011952553347965,0.010126322403147,2.231519141907243,95.30106658935549,94.74712753295898,0.0126105780995597,101.12000274658205,101.12000274658205,0.9869462059041644,1.2409992218017578,0.012434861561659,95.75,95.72000122070312,95.72000122070312,-0.0408817806241823,First Trust Capital Strength ETF,Q,True,False,False,False,False,False,False,False,False,,False,,,7646184448.0,Other,unknown,293.0,True,,False,True,256.0,True,True,False,188.0,,0,0,False,Other,Other,Other,Other,Other
2026-08-04,QQQM,291.6000061035156,298.7590026855469,291.3550109863281,298.0299987792969,4585000.0,251,1366467544.4030762,965338127.9927064,1201857681.8532794,0.020161511041024,0.076971353833531,0.1588853640785714,0.0775100309673864,0.0878971821324537,0.1027306664907066,0.001562719345139,0.0067655651068874,0.0163223993474102,0.0101104570910704,0.451793192661655,294.26182434082034,269.8611790974935,-0.0057094599538626,299.0400085449219,307.85374142464434,0.9680895785125544,6.07960205078125,0.0203992956268923,272.2260131835937,272.2260131835937,272.2260131835937,-0.0865818397523532,Invesco NASDAQ 100 ETF,Q,True,False,False,False,False,False,False,False,False,,False,,,101307228160.0,US Equity,unknown,26.0,True,,False,True,30.0,True,True,False,189.0,,0,0,False,US Equity,US Equity,US Equity,US Equity,US Equity
2026-08-04,IJK,114.2300033569336,116.11000061035156,114.0500030517578,115.87999725341795,317200.0,251,36757135.12878418,20840560.27896881,31981615.031638976,0.0178304682169874,0.0658268443458409,0.140792660650787,0.1095520190516657,0.1091187863719497,0.1091435727064765,0.0019533637938075,0.0071829453657134,0.0153666139942774,0.0100472293857108,1.4028083214540557,113.953046875,107.66550745646158,0.0032516022382924,116.11000061035156,117.5999984741211,0.9853741390899624,1.7745006561279295,0.0153132611165607,110.0500030517578,110.0500030517578,110.0500030517578,-0.050310617361429,iShares S&P Mid-Cap 400 Growth ETF,P,True,False,False,False,False,False,False,False,False,,False,,,11298716672.0,Factor / Style,unknown,218.0,True,,False,True,340.0,True,True,False,190.0,,0,0,False,Factor / Style,Factor / Style,Factor / Style,Factor / Style,Factor / Style
2026-08-04,PTLC,59.290000915527344,60.30500030517578,59.290000915527344,60.119998931884766,106900.0,251,6426827.885818481,5364521.416187286,6029009.368309142,0.0311293819948383,0.0760694483846597,0.061065991771807,0.2214760414528321,0.1709573570255796,0.0728574276713605,0.0068944122970898,0.0130046318462351,0.0044491110786943,0.0100101995775958,1.2144658416789091,58.117699813842776,56.35947321573893,0.0017823198776052,60.30500030517578,60.30500030517578,0.9969322382496508,0.6490997314453125,0.0107967355784675,56.86000061035156,56.86000061035156,56.86000061035156,-0.0542248566109713,Pacer Trendpilot US Large Cap ETF,Z,True,False,False,False,False,False,False,False,False,,False,,,3292433408.0,Factor / Style,unknown,473.0,True,,False,True,463.0,True,True,False,191.0,,0,0,False,Factor / Style,Factor / Style,Factor / Style,Factor / Style,Factor / Style
2026-08-04,QQQ,708.1599731445312,725.6599731445312,707.530029296875,723.8499755859375,59441100.0,251,43026438783.80127,29130339034.97864,31754359657.20525,0.0203261534739571,0.076931165733352,0.158780995127076,0.0778785104861749,0.0866781351627815,0.1015453071086826,0.0015829705564651,0.0066682499816658,0.0161234649132011,0.0099775752077032,0.4529439686029452,714.7097180175781,655.4909920247396,-0.0057347158655658,726.3900146484375,747.828194840854,0.9679361925368174,14.805999755859377,0.0204545144093903,661.1400146484375,661.1400146484375,661.1400146484375,-0.0866339200836995,"Invesco QQQ Trust, Series 1",Q,True,False,False,False,False,False,False,False,False,,False,,,490103177216.0,Other,unknown,6.0,True,,False,True,2.0,True,True,False,192.0,,0,0,False,Other,Other,Other,Other,Other
2026-08-04,SCHG,34.95000076293945,35.63999938964844,34.91999816894531,35.52000045776367,8079100.0,251,286969635.6983185,251122718.1365776,337812664.0192304,0.0352666580017857,0.074867291676647,0.1100799427372709,0.1961098780163593,0.1314901145206397,0.0928165767100255,0.0069161399987748,0.0098443087564124,0.0102172434493091,0.0099748358989262,0.8279796199644043,34.05304962158203,32.42869450887044,-0.0012421322863286,35.63999938964844,35.63999938964844,0.9966330265448988,0.4905004501342773,0.0138091341163557,33.20000076293945,33.20000076293945,33.20000076293945,-0.0653153058819043,Schwab U.S. Large-Cap Growth ETF,P,True,False,False,False,False,False,False,False,False,,False,,,59069509632.0,Factor / Style,unknown,49.0,True,,False,True,79.0,True,True,False,193.0,,0,0,False,Factor / Style,Factor / Style,Factor / Style,Factor / Style,Factor / Style
2026-08-04,BLCR,49.9900016784668,50.84000015258789,49.9900016784668,50.65999984741211,323600.0,251,16393575.95062256,18809204.760398865,31929107.34462435,0.0284206571981737,0.0632841593721857,0.1514426961912141,0.128676643318002,0.0950498399956419,0.1142386703698217,0.0036570747691526,0.0060151492225849,0.0173006122501051,0.009965061282217,0.5373506357958631,49.45099220275879,45.95459157307943,-0.0043749335073883,50.84000015258789,50.95793141441904,0.994153381843859,0.8314506530761718,0.0164123698298559,46.720001220703125,46.720001220703125,46.720001220703125,-0.0777733643619474,iShares Large Cap Core Active ETF,Q,True,False,False,False,False,False,False,False,False,,False,,,6449013248.0,Factor / Style,unknown,332.0,True,,False,True,342.0,True,True,False,194.0,,0,0,False,Factor / Style,Factor / Style,Factor / Style,Factor / Style,Factor / Style
2026-08-04,BBEU,80.0,80.27999877929688,79.9010009765625,80.20999908447266,180100.0,251,14445820.835113524,17216630.434799194,27402557.09660848,0.0293891294833219,0.0861459960493582,0.05960539562686,0.2124312874261032,0.1560570855881441,0.0509735691582833,0.0062431706124745,0.0134436930785506,0.0030382997561925,0.0098018054157253,3.947951640772879,77.24685119628906,75.2284060160319,0.0077039409184098,80.27999877929688,80.27999877929688,0.9991280556067688,0.9043491363525392,0.0112747680672596,76.58999633789062,76.09300231933594,76.09300231933594,-0.0513277248738144,JPMorgan BetaBuilders Europe ETF,Z,True,False,False,False,False,False,False,False,False,,False,,,9113485312.0,Country / Region,unknown,262.0,True,,False,True,373.0,True,True,False,195.0,,0,0,False,Country / Region,Country / Region,Country / Region,Country / Region,Country / Region
2026-08-04,VT,158.58999633789062,160.77999877929688,158.50999450683594,160.4499969482422,2835900.0,251,455020146.34552,377619545.754776,480210517.46734136,0.0262888621378039,0.0695379370748332,0.1043986259781546,0.1775377531293687,0.1354307561260672,0.0999439050059076,0.0046672655162734,0.0094175753974915,0.0104340063575079,0.0097733262334972,1.3433837774784478,155.96399047851563,148.79755147298178,0.0018647646189617,160.77999877929688,160.77999877929688,0.9979474945045392,1.932000732421875,0.0120411391035744,152.1300048828125,152.1300048828125,152.1300048828125,-0.0518541117087932,Vanguard Total World Stock Index ETF,P,True,False,False,False,False,False,False,False,False,,False,,,96774266880.0,Global Equity,unknown,28.0,True,,False,True,66.0,True,True,False,196.0,,0,0,False,Global Equity,Global Equity,Global Equity,Global Equity,Global Equity
2026-08-04,EFA,106.72000122070312,107.47000122070312,106.61000061035156,107.31999969482422,10410000.0,251,1117201196.82312,1110660903.3143234,1357948004.9445865,0.0303379024732539,0.0826046457503564,0.0751309706252663,0.1950614283823757,0.1484812801614921,0.0646260538350147,0.0059177545905581,0.0122652435482994,0.0048554181523053,0.0096718046597015,3.662392267995159,103.539375,100.59225672403971,0.005971392330117,107.47000122070312,107.47000122070312,0.9986042474720842,1.3459991455078124,0.0125419227481858,102.54000091552734,102.26000213623048,102.26000213623048,-0.0471486915112038,iShares MSCI EAFE ETF,P,True,False,False,False,False,False,False,False,False,,False,,,77217693696.0,Country / Region,unknown,37.0,True,,False,True,25.0,True,True,False,197.0,,0,0,False,Country / Region,Country / Region,Country / Region,Country / Region,Country / Region
2026-08-04,JIRE,84.44000244140625,84.94000244140625,84.30999755859375,84.86000061035156,350200.0,251,29717972.21374512,35042409.98954773,37597857.670835465,0.0279830099720943,0.0843342485811871,0.0728192445934743,0.1748672509128124,0.1472558067803632,0.0612115206977598,0.0048933120260859,0.0124187078140384,0.0044573766976286,0.009632241923295,3.809143897071372,81.8833999633789,79.63600026448567,0.0067202058245874,84.94000244140625,84.94000244140625,0.999058137170294,1.0372501373291017,0.0122230748275834,81.12000274658203,81.01000213623047,81.01000213623047,-0.04536882449246,JPMorgan International Research Enhanced Equity ETF,P,True,False,False,False,False,False,False,False,False,,False,,,11130201088.0,Global Equity,unknown,222.0,True,,False,True,317.0,True,True,False,198.0,,0,0,False,Global Equity,Global Equity,Global Equity,Global Equity,Global Equity
2026-08-04,BOXX,117.6999969482422,117.70999908447266,117.68000030517578,117.69000244140624,4986500.0,251,586861197.1740723,276470807.34378815,283062430.6423611,0.0035815281859197,0.0094348240678188,0.01913750450493,0.9130579005854744,0.75342537336831,0.7198659022398501,0.0032701426063235,0.0071084358459607,0.0137764369470606,0.0094422362313456,0.9850860409401834,117.21839935302734,116.37116643269856,0.0015448015553518,117.72000122070312,117.72000122070312,0.9997451683742288,0.0365009307861328,0.0003101447024296,117.5199966430664,117.2699966430664,117.2699966430664,-0.0035687466193141,Alpha Architect 1-3 Month Box ETF,Z,True,False,False,False,False,False,False,False,False,,False,,,12697272320.0,Other,unknown,198.0,True,,False,True,90.0,True,True,False,200.0,,0,0,False,Other,Other,Other,Other,Other
2026-08-04,IQLT,50.709999084472656,51.01499938964844,50.63999938964844,50.959999084472656,1527600.0,251,77846494.60144043,82187245.62719345,71743649.8255654,0.0301192202749727,0.0766545226418202,0.080928755769728,0.231006983544196,0.1470065902650542,0.0718266427735972,0.0069577502224246,0.0112687200019693,0.0058128408307839,0.0093591622920544,3.6361871062923536,49.16208267211914,47.74409703572592,0.0064227878007081,51.01499938964844,51.01499938964844,0.998921879724908,0.5487506866455079,0.0107682632751991,49.13999938964844,48.775001525878906,48.775001525878906,-0.0428767189530722,iShares MSCI Intl Quality Factor ETF,P,True,False,False,False,False,False,False,False,False,,False,,,13642241024.0,Country / Region,unknown,187.0,True,,False,True,241.0,True,True,False,201.0,,0,0,False,Country / Region,Country / Region,Country / Region,Country / Region,Country / Region
2026-08-04,BBAX,64.5,64.91000366210938,64.45999908447266,64.86000061035156,208900.0,251,13549254.12750244,14464595.34860611,15742160.469999768,0.0731304117152864,0.071079377684327,0.0892498696147663,0.4316410695612686,0.1446656190089236,0.0810222097816463,0.0315660891302421,0.0102827421714722,0.0072312216589121,0.0092147099920762,4.989123232528326,61.20163505554199,60.43553840637207,0.0065061449219685,64.91000366210938,64.91000366210938,0.999229655693472,0.7604997634887696,0.0117252506372532,61.869998931884766,59.900001525878906,59.900001525878906,-0.0764723872617578,JPMorgan BetaBuilders Developed Asia Pacific-ex Japan ETF,Z,True,False,False,False,False,False,False,False,False,,False,,,6249870336.0,Country / Region,unknown,340.0,True,,False,True,423.0,True,True,False,202.0,,0,0,False,Country / Region,Country / Region,Country / Region,Country / Region,Country / Region
2026-08-04,IWO,381.2999877929688,389.30999755859375,381.2699890136719,388.3500061035156,449500.0,251,174563327.74353027,162455598.21395874,164733546.29710364,0.0068967399861847,0.0754924904138787,0.1457255155468741,0.0284919124783155,0.0921389134588853,0.0897084162489846,0.000196501312072,0.0069557960410401,0.0130728052067768,0.0090967492490479,0.6034463441597528,380.298193359375,352.94810953776044,0.0046613905404742,389.75,396.6900024414063,0.9789760359813392,7.572996520996094,0.0195004413595335,363.0700073242188,363.0700073242188,363.0700073242188,-0.0650959144637129,iShares Russell 2000 Growth Fund,P,True,False,False,False,False,False,False,False,False,,False,,,15425412096.0,Factor / Style,unknown,165.0,True,,False,True,133.0,True,True,False,203.0,,0,0,False,Factor / Style,Factor / Style,Factor / Style,Factor / Style,Factor / Style
2026-08-04,VOT,305.3699951171875,308.5199890136719,304.2300109863281,307.1600036621094,189100.0,251,58083956.69250488,60380667.5579834,62091812.76312934,0.0214152780502279,0.0757427260049439,0.1102239019007349,0.1248064555430304,0.1163840991410067,0.0856317199244616,0.0026727649479174,0.0088152489325695,0.009438662296545,0.0090334436099609,1.0005529909784947,298.5614849853516,283.6258364868164,0.006373695543576,308.5199890136719,309.03192652474814,0.9939426230691124,5.212998962402343,0.0169716073064541,289.0899963378906,289.0899963378906,289.0899963378906,-0.0588292977887076,Vanguard Morningstar Mid-Cap Growth ETF,P,True,False,False,False,False,False,False,False,False,,False,,,34797047808.0,Factor / Style,unknown,86.0,True,,False,True,257.0,True,True,False,204.0,,0,0,False,Factor / Style,Factor / Style,Factor / Style,Factor / Style,Factor / Style
2026-08-04,INTF,42.38999938964844,42.61000061035156,42.28499984741211,42.560001373291016,361800.0,251,15398208.49685669,9603345.012760162,11724607.119793365,0.0325084937628499,0.073549685181167,0.0821337751548343,0.217532228269721,0.1443399422386434,0.0738723407076592,0.007071645085925,0.01061615731072,0.0060674142218442,0.0090240972296135,3.958446731767048,41.066193466186526,39.90221051534017,0.0057995102952084,42.61000061035156,42.61000061035156,0.9988265844556594,0.4887506484985351,0.0114838024607126,40.88999938964844,40.5,40.5,-0.0484022863444687,iShares International Equity Factor ETF,P,True,False,False,False,False,False,False,False,False,,False,,,3470813184.0,Factor / Style,unknown,465.0,True,,False,True,443.0,True,True,False,205.0,,0,0,False,Factor / Style,Factor / Style,Factor / Style,Factor / Style,Factor / Style
2026-08-04,IEFA,99.33000183105467,100.01000213623048,99.22000122070312,99.87999725341795,7160800.0,251,715220684.3322754,878322698.8298798,928838703.7742736,0.0295845279248339,0.0782272641093122,0.0737792956454816,0.1855202147082234,0.1438744205428549,0.06415582940963,0.0054885279726566,0.0112549022943801,0.0047333719053941,0.008972366658235,3.6016988941718195,96.52872161865234,93.8166146850586,0.005078436506174,100.01000213623048,100.01000213623048,0.9987000811915252,1.228999710083008,0.0123047631545759,95.48999786376952,95.29000091552734,95.29000091552734,-0.0459551107740299,iShares Core MSCI EAFE ETF,Z,True,False,False,False,False,False,False,False,False,,False,,,186543423488.0,Country / Region,unknown,13.0,True,,False,True,37.0,True,True,False,206.0,,0,0,False,Country / Region,Country / Region,Country / Region,Country / Region,Country / Region
2026-08-04,VIS,356.07000732421875,359.2799987792969,352.5599975585937,358.3500061035156,140100.0,251,50204835.85510254,25444670.82321167,30042128.633335657,0.0194879263257912,0.0765398209002186,0.1098428883708586,0.1150680198351242,0.1143833976087041,0.0812485244335625,0.0022424370930015,0.0087548847669287,0.0089245725996527,0.0088142755083821,2.6531948586569776,346.97684204101563,333.05196166992187,0.0071656202068448,359.2799987792969,362.2099914550781,0.9893432388873205,5.812998962402344,0.0162215679179398,337.29998779296875,337.29998779296875,337.29998779296875,-0.0587415039821883,Vanguard Industrials ETF,P,True,False,False,False,False,False,False,False,False,,False,,,9029749760.0,Sector,unknown,267.0,True,,False,True,350.0,True,True,False,207.0,,0,0,False,Sector,Sector,Sector,Sector,Sector
2026-08-04,BAI,44.130001068115234,45.69499969482422,44.060001373291016,45.43999862670898,4436800.0,251,201608185.9069824,172300986.49799347,209682618.86309063,-0.002633949582196,0.0381539445163312,0.3106432369936092,0.0,0.0173434238798084,0.0757970352265515,-0.0,0.0006617200324334,0.0235458363772945,0.0086711607531348,0.0689335037472519,47.33360015869141,40.52173341115316,-0.0195576414861927,48.68999862670898,54.459999084472656,0.8343738411788661,2.353000450134277,0.0517825818936362,37.38999938964844,37.38999938964844,37.38999938964844,-0.1771566787048464,iShares A.I. Innovation and Tech Active ETF,P,True,False,False,False,False,False,False,False,False,,False,,,15693548544.0,Industry / Theme,unknown,163.0,True,,False,True,116.0,True,True,False,208.0,,0,0,False,Industry / Theme,Industry / Theme,Industry / Theme,Industry / Theme,Industry / Theme
2026-08-04,IDEV,91.56999969482422,92.1449966430664,91.42400360107422,92.0199966430664,1125900.0,251,103605314.22042848,123043154.18128967,126544124.71835424,0.0291912859194201,0.0732952984640913,0.0752720621090059,0.1884469597856941,0.1408192134344684,0.0668061995054264,0.0055010090837496,0.0103213862781579,0.0050286403984391,0.0084689252202563,3.532653023276458,89.07013427734375,86.6091460164388,0.0049095820460374,92.1449966430664,92.1449966430664,0.9986434423511436,1.105001449584961,0.0120082752651156,88.21499633789062,87.80999755859375,87.80999755859375,-0.0457509154320304,iShares Core MSCI International Developed Markets ETF,P,True,False,False,False,False,False,False,False,False,,False,,,30637815808.0,Country / Region,unknown,93.0,True,,False,True,157.0,True,True,False,209.0,,0,0,False,Country / Region,Country / Region,Country / Region,Country / Region,Country / Region
2026-08-04,DISV,42.709999084472656,43.13999938964844,42.64500045776367,42.970001220703125,356800.0,251,15331696.435546877,13880113.745937347,13027805.027528793,0.0513824894470462,0.0701720367363096,0.0769610848231308,0.3710251493696651,0.1437617086873716,0.0704512371615476,0.0190641958220755,0.0100880519032848,0.0054220036390843,0.0084549350108147,4.512814644006784,41.29725204467773,40.499493001302085,0.0022787773337997,43.13999938964844,43.13999938964844,0.9960593840669802,0.4993495941162109,0.0116208885252631,41.060001373291016,40.209999084472656,40.209999084472656,-0.0642309066284291,Dimensional International Small Cap Value ETF,Z,True,False,False,False,False,False,False,False,False,,False,,,4663429632.0,Factor / Style,unknown,391.0,True,,False,True,438.0,True,True,False,210.0,,0,0,False,Factor / Style,Factor / Style,Factor / Style,Factor / Style,Factor / Style
2026-08-04,DFGR,29.709999084472656,29.799999237060547,29.40999984741211,29.71999931335449,511600.0,251,15204751.648712158,11169347.25364685,13259000.208730549,0.0088255341806466,0.0436298305467084,0.114985039997693,0.0912282603821795,0.1096004821390174,0.1313383580964312,0.0008051381302438,0.0047818504635628,0.0151019463589494,0.0083938840269481,0.7156039993189978,29.233976554870605,28.11701831817627,0.0089888865522056,30.424999237060547,30.424999237060547,0.9768282681549816,0.324000072479248,0.0109017523541348,29.40999984741211,29.020000457763672,29.020000457763672,-0.0235531248910991,Dimensional Global Real Estate ETF,P,True,False,False,False,False,False,False,False,False,,False,,,3711327744.0,REIT / Infra,unknown,445.0,True,,False,True,436.0,True,True,False,211.0,,0,0,False,REIT / Infra,REIT / Infra,REIT / Infra,REIT / Infra,REIT / Infra
2026-08-04,FDL,51.34000015258789,51.97999954223633,50.9900016784668,51.95000076293945,762000.0,251,39585900.58135986,50364567.073135376,42809066.64099315,0.0369261945142367,0.0494643126998659,0.1040383991615445,0.2338816825387486,0.1141563117356517,0.1296983199210402,0.0086363605027427,0.0056466635003556,0.0134936055785268,0.0083930932277155,1.6953612657385158,50.11060760498047,48.96989977518717,0.0094783568565244,53.15999984741211,53.15999984741211,0.9772385423636988,0.7269996643066406,0.0139942185491799,50.560001373291016,49.25,49.25,-0.0519730649333426,First Trust Morningstar ETF,P,True,False,False,False,False,False,False,False,False,,False,,,7288230400.0,Other,unknown,302.0,True,,False,True,303.0,True,True,False,212.0,,0,0,False,Other,Other,Other,Other,Other
2026-08-04,FENI,41.04999923706055,41.33000183105469,41.0099983215332,41.27000045776367,1115800.0,251,46049066.51077271,58912610.928230286,58594763.83696662,0.028151496893312,0.0782275568316024,0.0745069602659143,0.176286802666354,0.1331764343388567,0.0613789987529043,0.0049627373775937,0.010418067085873,0.0045731626212442,0.0083723505232529,3.74180793949673,39.97184448242187,38.77820370992025,0.0047758437722196,41.33000183105469,41.33000183105469,0.9985482368586316,0.5204507827758789,0.0126108741701739,39.4900016784668,39.41999816894531,39.41999816894531,-0.0448268056287443,Fidelity Enhanced International ETF,P,True,False,False,False,False,False,False,False,False,,False,,,10288922624.0,Global Equity,unknown,241.0,True,,False,True,268.0,True,True,False,213.0,,0,0,False,Global Equity,Global Equity,Global Equity,Global Equity,Global Equity
2026-08-04,PDBC,16.959999084472656,16.989999771118164,16.84000015258789,16.899999618530273,6480900.0,251,109527207.52773283,159927354.22304153,123968300.60104188,0.0355392116759658,-0.0952891144307054,0.2097350963132536,0.1193414862633686,0.0,0.112996523556771,0.0042413023420382,-0.0,0.0236993367512422,0.0082947678629347,-0.0,17.050999965667724,16.393333333333334,-0.012429340947206,18.229999542236328,18.950000762939453,0.891820524439325,0.3169002532958984,0.0187514947011257,16.84000015258789,16.354999542236328,16.354999542236328,-0.0322485259524131,Invesco Optimum Yield Diversified Commodity Strategy No K-1 ETF,Q,True,False,False,False,False,False,False,False,False,,False,,,5328577024.0,Commodity,unknown,366.0,True,,False,True,161.0,True,True,False,215.0,,0,0,False,Commodity,Commodity,Commodity,Commodity,Commodity
2026-08-04,EWJ,93.33999633789062,94.7699966430664,93.29000091552734,94.61000061035156,3303900.0,251,312581981.0165405,424591594.0056992,514849904.1935028,0.0165466951818737,0.0794830169341003,0.1075101067809789,0.0682019605981469,0.1098183859767961,0.069549996643206,0.0011285170528237,0.0087286966322692,0.0074773275657278,0.0082907174589797,1.909505079910536,92.60912811279296,88.76461583455404,0.0014691795292911,94.77999877929688,97.5199966430664,0.9701600068407944,1.778000640869141,0.018792946088139,89.08999633789062,89.08999633789062,89.08999633789062,-0.0583448286317522,iShares MSCI Japan Index Fund,P,True,False,False,False,False,False,False,False,False,,False,,,22312462336.0,Country / Region,unknown,123.0,True,,False,True,62.0,True,True,False,216.0,,0,0,False,Country / Region,Country / Region,Country / Region,Country / Region,Country / Region
2026-08-04,XSMO,89.16999816894531,90.47000122070312,88.83000183105469,90.13999938964844,287000.0,251,25870179.8248291,22274582.05013275,21282064.291091196,0.0089545901561507,0.0428188553894386,0.1696290435692344,0.0452490601341531,0.0589940351117417,0.1119413067303727,0.0004051867884523,0.0025260570582891,0.0189884967965634,0.0082879109666851,0.5417537703376198,88.58774276733398,82.46285130818684,0.0046107601799241,90.47000122070312,93.68000030517578,0.9622117751494952,1.580999755859375,0.0175393805920186,84.4800033569336,84.4800033569336,84.4800033569336,-0.0627911700803143,Invesco S&P SmallCap Momentum ETF,P,True,False,False,False,False,False,False,False,False,,False,,,3182153728.0,Factor / Style,unknown,485.0,True,,False,True,399.0,True,True,False,217.0,,0,0,False,Factor / Style,Factor / Style,Factor / Style,Factor / Style,Factor / Style
2026-08-04,VNQ,98.12000274658205,99.0999984741211,97.4499969482422,98.91999816894533,4318800.0,251,427215688.092041,304616851.0421753,314056601.8161108,0.0052845186484031,0.0453789724348867,0.1223976099871386,0.0436239699175934,0.0972896924372301,0.1261524564755935,0.0002305316825469,0.0044149062713076,0.0154407591666191,0.0082739547846667,0.6722064924312259,97.36771347045898,93.3459986368815,0.0097283390608613,101.8000030517578,101.8000030517578,0.9717091866750904,1.3279998779296875,0.0134249889052929,97.4499969482422,96.56999969482422,96.56999969482422,-0.023756555980799,Vanguard Real Estate ETF,P,True,False,False,False,False,False,False,False,False,,False,,,71348019200.0,REIT / Infra,unknown,42.0,True,,False,True,83.0,True,True,False,218.0,,0,0,False,REIT / Infra,REIT / Infra,REIT / Infra,REIT / Infra,REIT / Infra
2026-08-04,MLPX,73.7300033569336,74.62000274658203,72.9800033569336,74.16000366210938,472500.0,251,35040601.73034668,36223669.8059845,31557066.37977721,-0.0131736240009071,-0.0088266766678271,0.1737873834309327,0.0,0.0,0.1353701784489127,-0.0,-0.0,0.0235256291072149,0.0082339701875252,-0.0,74.42120010375976,70.75833839416504,0.000200785897688,78.33999633789062,78.36000061035156,0.9464012644776912,1.238499069213867,0.0167003641862905,72.9800033569336,72.9800033569336,72.9800033569336,-0.0159115459399401,Global X MLP & Energy Infrastructure ETF,P,True,False,False,False,False,False,False,False,False,,False,,,3484022272.0,REIT / Infra,unknown,462.0,True,,False,True,344.0,True,True,False,219.0,,0,0,False,REIT / Infra,REIT / Infra,REIT / Infra,REIT / Infra,REIT / Infra
2026-08-04,BBIN,80.20999908447266,80.7699966430664,80.20999908447266,80.61000061035156,32400.0,251,2611764.0197753906,14344616.599769592,10569609.155128116,0.0284511793196873,0.0767584677534414,0.068037422553566,0.1802750898781949,0.1374803369791832,0.0574955558763658,0.0051290389089972,0.0105527800127488,0.0039118494301124,0.0082284543088261,3.9824147387171154,77.9215998840332,75.91564763387045,0.0049873481686661,80.7699966430664,80.7699966430664,0.998019115521053,0.9924495697021484,0.0123117424908529,77.16000366210938,76.93000030517578,76.93000030517578,-0.0456519076704139,JPMorgan BetaBuilders International Equity ETF,Z,True,False,False,False,False,False,False,False,False,,False,,,6496628224.0,Global Equity,unknown,328.0,True,,False,True,449.0,True,True,False,220.0,,0,0,False,Global Equity,Global Equity,Global Equity,Global Equity,Global Equity
2026-08-04,BBCA,103.33000183105467,103.63999938964844,102.87000274658205,103.5,413100.0,251,42755850.0,23504316.15982056,28217234.50989496,0.0271933089090745,0.0474152008386763,0.1094136279262463,0.220968086291115,0.1246277589066938,0.1131125867231104,0.0060088534295613,0.005909250218635,0.0123760584774976,0.0081726331092369,1.4585191082110047,100.88342056274412,97.66035547892253,0.007016319595021,103.73999786376952,103.73999786376952,0.9976865445468324,1.027499008178711,0.0099275266490696,101.1500015258789,99.0999984741211,99.0999984741211,-0.0425120920374773,JPMorgan BetaBuilders Canada ETF,Z,True,False,False,False,False,False,False,False,False,,False,,,10509565952.0,Country / Region,unknown,237.0,True,,False,True,366.0,True,True,False,221.0,,0,0,False,Country / Region,Country / Region,Country / Region,Country / Region,Country / Region
2026-08-04,AOA,98.0,99.12999725341795,98.0,99.0,143300.0,251,14186700.0,10319233.754463196,10420119.173528278,0.0223048713733193,0.0577603514964275,0.0835836771620541,0.1824325630487649,0.1400791394611589,0.0980858419054934,0.0040691348531076,0.0080910203325936,0.008198375343997,0.0081285945865848,1.4597692097942474,96.69295532226562,93.08207626342774,0.0017724829675409,99.12999725341795,99.12999725341795,0.9986886184099688,0.9840007781982422,0.0099394017999822,94.87999725341795,94.87999725341795,94.87999725341795,-0.0416161893594144,iShares Core 80/20 Aggressive Allocation ETF,P,True,False,False,False,False,False,False,False,False,,False,,,3205894144.0,Other,unknown,480.0,True,,False,True,451.0,True,True,False,222.0,,0,0,False,Other,Other,Other,Other,Other
2026-08-04,FLJP,39.79999923706055,40.33000183105469,39.75,40.27000045776367,492800.0,251,19845056.225585938,33385578.792304996,43082090.23220728,0.0113008730886039,0.074700822680364,0.1049451726692221,0.0483351983416927,0.1112831943296254,0.071248532763555,0.0005462299421719,0.0083129461669218,0.0074771895733,0.0080204313591542,1.9410222493959903,39.55245155334472,37.97269523620606,0.0005160912649682,40.45500183105469,41.34942477044154,0.9738950585486864,0.7162500381469726,0.0177861939410255,38.119998931884766,38.119998931884766,38.119998931884766,-0.0533896573488715,Franklin FTSE Japan ETF,P,True,False,False,False,False,False,False,False,False,,False,,,3791726592.0,Country / Region,unknown,442.0,True,,False,True,301.0,True,True,False,223.0,,0,0,False,Country / Region,Country / Region,Country / Region,Country / Region,Country / Region
2026-08-04,ONEQ,102.75,105.13999938964844,102.7300033569336,104.77999877929688,670000.0,251,70202599.1821289,33868388.48937988,39711862.20026168,0.0294753393199118,0.0632990774955746,0.1321163648425878,0.12975781287124,0.0875876219036118,0.0951190749620017,0.0038246555637894,0.0055442156665298,0.0125667864111692,0.0080021154271536,0.5150020589249468,102.14002853393556,95.55091445922852,-0.0068122805510435,105.13999938964844,106.92064958960168,0.9799790702869712,1.7854995727539062,0.0170404618587063,96.1999969482422,96.1999969482422,96.1999969482422,-0.0818858745086184,Fidelity Nasdaq Composite Index ETF,Q,True,False,False,False,False,False,False,False,False,,False,,,10687616000.0,Other,unknown,232.0,True,,False,True,312.0,True,True,False,224.0,,0,0,False,Other,Other,Other,Other,Other
2026-08-04,SCHF,27.780000686645508,28.040000915527344,27.76000022888184,28.0,6805600.0,251,190556800.0,218686009.4616127,212971700.2849064,0.0189228699572734,0.073947236353687,0.0999466513214288,0.1078840899953463,0.1112293189993186,0.0750225786969811,0.0020414766054407,0.0082251007415022,0.0074982555142616,0.007970704911968,2.3797155576483195,27.407858963012696,26.21461690266927,0.0024746305217089,28.040000915527344,28.238916312404484,0.991539465970954,0.4049999237060547,0.0144642829895019,26.6200008392334,26.6200008392334,26.6200008392334,-0.0492856843130928,Schwab International Equity ETF,P,True,False,False,False,False,False,False,False,False,,False,,,66217533440.0,Global Equity,unknown,47.0,True,,False,True,115.0,True,True,False,225.0,,0,0,False,Global Equity,Global Equity,Global Equity,Global Equity,Global Equity
2026-08-04,CGGO,40.43000030517578,41.0,40.41999816894531,40.84999847412109,1160800.0,251,47418678.228759766,52937025.52865982,52566967.64944773,0.0031924668349929,0.0861472430520986,0.1167303561871717,0.0135272887785189,0.0910623689300402,0.0701264031182159,4.318542079279423e-05,0.007844772029116,0.0081858800141145,0.0079641598238655,0.8880252102015238,40.51059997558594,37.66053337097168,0.0009537459510926,41.34999847412109,42.880001068115234,0.952658522774534,0.8459497451782226,0.0207086848660261,37.97999954223633,37.97999954223633,37.97999954223633,-0.0702570144207701,Capital Group Global Growth Equity ETF,P,True,False,False,False,False,False,False,False,False,,False,,,11956222976.0,Factor / Style,unknown,204.0,True,,False,True,283.0,True,True,False,226.0,,0,0,False,Factor / Style,Factor / Style,Factor / Style,Factor / Style,Factor / Style
2026-08-04,DFAI,42.459999084472656,42.7599983215332,42.448001861572266,42.68999862670898,4036300.0,251,172309641.45698547,76946075.78540802,62991957.58173504,0.0274368089189185,0.0684399901050984,0.0750010998876673,0.1887418306019902,0.1380702834342471,0.0693203942627222,0.0051784735412336,0.009449528832048,0.0051991058143509,0.007961880775854,3.7905322387865374,41.35390510559082,40.29476397196452,0.0044078404871676,42.7599983215332,42.7599983215332,0.9983629631063629,0.4829999923706055,0.0113141252730895,41.040000915527344,40.790000915527344,40.790000915527344,-0.0445068581003164,Dimensional International Core Equity Market ETF,P,True,False,False,False,False,False,False,False,False,,False,,,16829969408.0,Global Equity,unknown,156.0,True,,False,True,254.0,True,True,False,227.0,,0,0,False,Global Equity,Global Equity,Global Equity,Global Equity,Global Equity
2026-08-04,CGXU,34.040000915527344,34.54999923706055,34.040000915527344,34.5099983215332,904500.0,251,31214293.481826782,32187044.13625717,32130889.618628364,0.0191966243196972,0.0900483236145894,0.1059261852725064,0.0831199557065608,0.0971903348329762,0.0600505388481877,0.0015956225631687,0.0087518267232501,0.0063609245037469,0.007915010946424,1.3021412991737908,34.07281944274902,31.936609942118327,0.004155481534229,34.54999923706055,35.83886267180888,0.962921135013557,0.6545000076293945,0.0189655183848851,32.29499816894531,32.29499816894531,32.29499816894531,-0.0641843019507131,Capital Group International Focus Equity ETF,P,True,False,False,False,False,False,False,False,False,,False,,,6228755968.0,Global Equity,unknown,341.0,True,,False,True,339.0,True,True,False,228.0,,0,0,False,Global Equity,Global Equity,Global Equity,Global Equity,Global Equity
2026-08-04,FBCG,61.72999954223633,62.93000030517578,61.68999862670898,62.59000015258789,1137300.0,251,71183607.17353821,37784402.881793976,40688239.47088453,0.0237160742135196,0.0648179900036498,0.1411121585011279,0.0940947475283075,0.0807717026302486,0.0899895653537634,0.0022315580154837,0.0052354594136652,0.0126986218096478,0.0078475662522591,0.5011665622570869,61.20510002136231,56.97976671854655,-0.0037600077599245,62.93000030517578,64.31999969482422,0.9731032408202026,1.2827001571655274,0.0204936915487847,57.27999877929688,57.27999877929688,57.27999877929688,-0.0848378552539669,Fidelity Blue Chip Growth ETF,Z,True,False,False,False,False,False,False,False,False,,False,,,6965341696.0,Factor / Style,unknown,311.0,True,,False,True,308.0,True,True,False,229.0,,0,0,False,Factor / Style,Factor / Style,Factor / Style,Factor / Style,Factor / Style
2026-08-04,MGK,88.83000183105469,90.7699966430664,88.75,90.41999816894533,1576300.0,251,142529043.1137085,122214590.52959442,142642858.89291915,0.0338440328774045,0.0698597752880394,0.1142957154608457,0.1475573564553039,0.0990791658259443,0.0834409432026495,0.0049939360231762,0.0069216482603268,0.0095369423020746,0.0078370011749385,0.6429211044102254,87.58832305908203,82.72086853027344,-0.0053711660261519,90.7699966430664,92.28799613204824,0.9797590364793474,2.8059995651245115,0.0310329531292584,83.04000091552734,63.7400016784668,63.7400016784668,-0.295067430112399,Vanguard Morningstar Mega Cap Growth ETF,P,True,False,False,False,False,False,False,False,False,,False,,,33301635072.0,Factor / Style,unknown,89.0,True,,False,True,148.0,True,True,False,230.0,,0,0,False,Factor / Style,Factor / Style,Factor / Style,Factor / Style,Factor / Style
2026-08-04,SPDW,50.77999877929688,51.2400016784668,50.75,51.15999984741211,2284900.0,251,116895483.65135191,161309016.07896805,161256023.8261571,0.0215654548097024,0.0724003902810985,0.0982796334866,0.1247110895365847,0.1110460549190637,0.0742800907371932,0.0026894513656699,0.0080397777153165,0.0073002200930027,0.0077809325475067,2.421550388262524,50.006167068481446,47.911556828816735,0.0025078709554615,51.2400016784668,51.43340493409482,0.994684289577308,0.7255002975463867,0.0141810066401531,48.68999862670898,48.68999862670898,48.68999862670898,-0.0482799301811973,State Street SPDR Portfolio Developed World ex-US ETF,P,True,False,False,False,False,False,False,False,False,,False,,,40294080512.0,Country / Region,unknown,78.0,True,,False,True,136.0,True,True,False,231.0,,0,0,False,Country / Region,Country / Region,Country / Region,Country / Region,Country / Region
2026-08-04,JGLO,73.36000061035156,74.25299835205078,73.36000061035156,74.0999984741211,40600.0,251,3008459.9380493164,25750170.51979065,16481103.631603908,0.0351041468281478,0.0645021954374445,0.066493881605814,0.2295605242653218,0.1448759005924641,0.0732356353471222,0.0080585263497564,0.0093448136541909,0.0048697216660981,0.0077785314583584,2.421775423055502,71.08300033569336,69.38274004618327,0.0023209761299369,74.25299835205078,74.25299835205078,0.9979394787910882,0.8048999786376954,0.0108623481135266,70.0250015258789,70.0250015258789,70.0250015258789,-0.0549932123097863,JPMorgan Global Select Equity ETF,Q,True,False,False,False,False,False,False,False,False,,False,,,6879447552.0,Global Equity,unknown,313.0,True,,False,True,419.0,True,True,False,232.0,,0,0,False,Global Equity,Global Equity,Global Equity,Global Equity,Global Equity
2026-08-04,FDN,281.2300109863281,289.0400085449219,281.2300109863281,288.0799865722656,293600.0,251,84580284.05761719,95197193.99658205,109146374.38134088,0.0604040649811958,0.0760495490016754,0.0992901978786522,0.2659207146580262,0.1085171227467833,0.0692205036544777,0.0160626921280494,0.0082526782438523,0.006872917505113,0.0077697619852935,1.1456521373090276,270.4250021362305,259.27520029703777,0.001609687665345,289.0400085449219,290.9100036621094,0.9902718467766038,5.674497985839844,0.0196976473560629,256.1199951171875,256.1199951171875,256.1199951171875,-0.1109413806747067,First Trust DJ Internet Index Fund,P,True,False,False,False,False,False,False,False,False,,False,,,4975951360.0,Industry / Theme,unknown,377.0,True,,False,True,177.0,True,True,False,233.0,,0,0,False,Industry / Theme,Industry / Theme,Industry / Theme,Industry / Theme,Industry / Theme
2026-08-04,FLOT,50.90999984741211,50.93000030517578,50.90999984741211,50.93000030517578,2013300.0,251,102537369.6144104,95924096.63570404,92490098.71666318,0.0030846124151742,0.0117852458894642,0.0213694358635399,0.5288677057838465,0.5869972218867013,0.4142000077106261,0.0016313518912455,0.0069179065963671,0.0088512204994499,0.0075945664624461,0.9440624284526268,50.71059326171875,50.25219050089518,0.0017371229109204,50.93000030517578,50.93000030517578,1.0,0.033744702591332,0.0006625702412945,50.80327672930064,50.77338409423828,50.77338409423828,-0.003075126840743,iShares Floating Rate Bond ETF,Z,True,False,False,False,False,False,False,False,False,,False,,,9968492544.0,Bond,unknown,248.0,True,,False,True,204.0,True,True,False,234.0,,0,0,False,Bond,Bond,Bond,Bond,Bond
2026-08-04,JAAA,50.52999877929688,50.52999877929688,50.5,50.5099983215332,5019100.0,251,253514732.5756073,247611575.50691605,258977117.4308595,0.0033468909899994,0.0112707073117119,0.0202406249369133,0.6284575981787137,0.6539847284942544,0.3932693272171711,0.002103379072941,0.0073708704611881,0.007960016951395,0.0075770717327605,0.9430726428889792,50.29299812316894,49.82966807047526,0.0017040522904769,50.52999877929688,50.52999877929688,0.999604186458602,0.0246224350267453,0.0004874764570373,50.41123580932617,50.32158886447932,50.32158886447932,-0.0037301418197348,Janus Henderson AAA CLO ETF,P,True,False,False,False,False,False,False,False,False,,False,,,28412567552.0,Other,unknown,98.0,True,,False,True,97.0,True,True,False,235.0,,0,0,False,Other,Other,Other,Other,Other
2026-08-04,FV,70.63999938964844,72.1500015258789,70.63999938964844,72.08599853515625,64300.0,251,4635129.705810547,4007427.7086257935,4897693.097493005,0.005215313473629,0.0852193776277798,0.0779217193710115,0.0233750008940683,0.1066576467818072,0.0566899471120802,0.0001219079571089,0.0090892982779891,0.004417378150025,0.0074541262332017,0.6400276662450783,71.9922703552246,67.29715202331543,0.000504514033252,74.05400085449219,76.08000183105469,0.947502586753775,1.5575008392333984,0.02160614919517,68.68000030517578,68.52999877929688,68.52999877929688,-0.049329964599507,First Trust Dorsey Wright Focus 5 ETF,Q,True,False,False,False,False,False,False,False,False,,False,,,3943691776.0,Other,unknown,430.0,True,,False,True,466.0,False,False,False,236.0,,0,0,False,Other,Other,Other,Other,Other
2026-08-04,XAR,277.3999938964844,283.3599853515625,275.8599853515625,282.0899963378906,205400.0,251,57941285.247802734,58236726.85943604,61024974.3591793,0.009880821602771,0.1075624316462326,0.0443748811544482,0.0331015541333388,0.1015078371403589,0.0214010741949531,0.0003270705511659,0.0109184297939667,0.0009496701239785,0.0074293639094709,7.220305378083072,274.44468383789064,271.1695266723633,0.0021895844919763,283.3599853515625,295.1978245154552,0.9555964607832728,7.385997772216797,0.0261831254851368,254.92999267578125,254.92999267578125,254.92999267578125,-0.0962813428859661,State Street SPDR S&P Aerospace & Defense ETF,P,True,False,False,False,False,False,False,False,False,,False,,,6468274688.0,Industry / Theme,unknown,331.0,True,,False,True,261.0,True,True,False,237.0,,0,0,False,Industry / Theme,Industry / Theme,Industry / Theme,Industry / Theme,Industry / Theme
2026-08-04,VUG,87.62999725341797,89.45999908447266,87.55999755859375,89.08999633789062,8393800.0,251,747803611.2609863,657032077.9026031,654691513.675496,0.0373777269111976,0.0653224576305204,0.1095740590925045,0.1706538117555917,0.0982080890288041,0.083156167554094,0.0063786515721554,0.0064151937345584,0.0091117588174785,0.0073589915135804,0.6656726851115224,86.08596466064454,81.64933547973632,-0.0054470547156716,89.45999908447266,90.4996337030468,0.9844238334733866,1.527500534057617,0.0171455898175624,81.95999908447266,81.95999908447266,81.95999908447266,-0.080031401352584,Vanguard Morningstar Growth ETF,P,True,False,False,False,False,False,False,False,False,,False,,,379207221248.0,Factor / Style,unknown,8.0,True,,False,True,47.0,True,True,False,238.0,,0,0,False,Factor / Style,Factor / Style,Factor / Style,Factor / Style,Factor / Style
2026-08-04,DIHP,34.88999938964844,35.09000015258789,34.8129997253418,35.03499984741211,610000.0,251,21371349.906921387,20943078.412323,21840805.556796845,0.0271181243186442,0.0650988138992141,0.0646303846095885,0.2215563391027298,0.1387624671750562,0.0630440787843776,0.0060081923473715,0.0090332720268247,0.0040745630591915,0.0072977238881531,4.985196051136132,33.997104721069334,33.32197530110677,0.0033618590323345,35.09000015258789,35.09000015258789,0.9984325931907492,0.3710002899169922,0.0105894189105982,33.654998779296875,33.54999923706055,33.54999923706055,-0.0423862028491275,Dimensional International High Profitability ETF,Z,True,False,False,False,False,False,False,False,False,,False,,,6191810560.0,Global Equity,unknown,343.0,True,,False,True,397.0,True,True,False,239.0,,0,0,False,Global Equity,Global Equity,Global Equity,Global Equity,Global Equity
2026-08-04,CORO,36.2400016784668,36.64099884033203,36.2400016784668,36.47499847412109,671300.0,251,24485666.47567749,28382201.765213013,86453292.2070579,0.0160166274039763,0.0641931473931185,0.1100936805698178,0.0882575096641071,0.0967155148171829,0.0810386845091132,0.0014135876478928,0.0062084732978607,0.0089218470461445,0.00715815410976,1.4785457299907014,35.87998970031738,34.09954147338867,0.0017280816987643,36.64099884033203,37.26986892301098,0.97867257192313,0.5716499328613281,0.0156723771562845,34.619998931884766,34.619998931884766,34.619998931884766,-0.0508567407769035,iShares International Country Rotation Active ETF,Q,True,False,False,False,False,False,False,False,False,,False,,,7762802688.0,Global Equity,unknown,290.0,True,,False,True,216.0,True,True,False,240.0,,0,0,False,Global Equity,Global Equity,Global Equity,Global Equity,Global Equity
2026-08-04,VEA,71.73999786376953,72.33000183105469,71.63999938964844,72.22000122070312,7534900.0,251,544170487.197876,758560987.3041916,792592852.4642097,0.0203447649935175,0.0690640333670149,0.0942475024021143,0.114650037478846,0.1052558654533143,0.070778830348984,0.0023325280690051,0.0072693946037417,0.0066707279833347,0.0070598612865992,2.613787843792142,70.68734268188477,67.83173805236817,0.0016670119026409,72.33000183105469,72.84656404009083,0.99139886928582,1.0364997863769532,0.0143519768603911,68.66000366210938,68.66000366210938,68.66000366210938,-0.0492937897870487,Vanguard FTSE Developed Markets ETF,P,True,False,False,False,False,False,False,False,False,,False,,,316309798912.0,Country / Region,unknown,9.0,True,,False,True,42.0,True,True,False,241.0,,0,0,False,Country / Region,Country / Region,Country / Region,Country / Region,Country / Region
2026-08-04,VDE,163.52999877929688,165.8000030517578,161.32000732421875,165.25,521300.0,251,86144825.0,75162064.96192932,108249005.66636343,0.0707574550598364,-0.0170757501113636,0.1855511911917917,0.3031648215903791,0.0,0.1072914776252983,0.0214511712394045,-0.0,0.0199080614781015,0.0069678215173355,-0.0,159.44698516845702,155.60109827677408,0.0011970557982585,170.85000610351562,178.14346855470643,0.927623119391846,3.3600006103515625,0.0203328327404028,161.32000732421875,153.5500030517578,153.5500030517578,-0.070801796963644,Vanguard Energy ETF,P,True,False,False,False,False,False,False,False,False,,False,,,11076583424.0,Other,unknown,225.0,True,,False,True,179.0,True,True,False,242.0,,0,0,False,Other,Other,Other,Other,Other
2026-08-04,CGMM,32.58000183105469,33.08000183105469,32.494998931884766,33.0099983215332,772400.0,251,25496922.70355225,23063596.70732498,28555048.457611933,0.0156922560471755,0.0549134808303675,0.0940232154792113,0.1013913410143001,0.1154081666116678,0.0864211159879241,0.0015910588841628,0.0063374641448976,0.0081255912104865,0.0069633086178537,2.039827906504198,32.09166301727295,31.06030699412028,0.0059790391125436,33.08000183105469,33.25,0.9927819044070136,0.4347497940063476,0.0131702458682874,31.700000762939453,31.700000762939453,31.700000762939453,-0.0396848720146467,Capital Group U.S. Small and Mid Cap ETF,P,True,False,False,False,False,False,False,False,False,,False,,,3082042368.0,Factor / Style,unknown,498.0,True,,False,True,362.0,True,True,False,243.0,,0,0,False,Factor / Style,Factor / Style,Factor / Style,Factor / Style,Factor / Style
2026-08-04,XLE,57.70000076293945,58.720001220703125,57.130001068115234,58.52000045776367,37655100.0,251,2203576469.237137,1743778369.1516304,1961191070.3727784,0.0710102692433467,-0.0075427996349676,0.1853575150176103,0.3104001801758362,0.0,0.1070624281532214,0.0220416003674694,-0.0,0.0198448256342325,0.0069456889719813,-0.0,56.482289428710935,55.029205576578775,0.0022779449615919,60.45000076293945,63.00561722652753,0.928806081644491,1.2134998321533204,0.020736497311362,57.130001068115234,54.36000061035156,54.36000061035156,-0.071086804765399,State Street Energy Select Sector SPDR ETF,P,True,False,False,False,False,False,False,False,False,,False,,,35721338880.0,Sector,unknown,84.0,True,,False,True,18.0,True,True,False,244.0,,0,0,False,Sector,Sector,Sector,Sector,Sector
2026-08-04,VBK,349.5799865722656,356.94000244140625,349.5799865722656,355.8599853515625,172500.0,251,61385847.47314453,72048834.90829468,82883366.98065864,0.0046582364594129,0.0541052432895461,0.132631759714014,0.0227616503638403,0.0769845587904278,0.0889365131656505,0.0001060291496012,0.0041652682828944,0.0117958062439888,0.0068359565692774,0.6361103187097996,350.7498083496094,330.0542236328125,0.0016459198158742,359.5,366.8599853515625,0.970015808648472,6.5084991455078125,0.018289494220818,333.239990234375,333.239990234375,333.239990234375,-0.063564311943757,Vanguard Morningstar Small-Cap Growth ETF,P,True,False,False,False,False,False,False,False,False,,False,,,47006371840.0,Factor / Style,unknown,65.0,True,,False,True,220.0,True,True,False,245.0,,0,0,False,Factor / Style,Factor / Style,Factor / Style,Factor / Style,Factor / Style
2026-08-04,EWC,59.880001068115234,60.06999969482422,59.54999923706055,60.0,3577700.0,251,214662000.0,91573689.3979454,102365076.092717,0.0281014285897307,0.0413218741389151,0.1050801477211704,0.2309856309611309,0.1069917128246198,0.1067473162197488,0.0064910262137081,0.0044210980912459,0.0112170237572097,0.0067996720743332,1.5857513421208649,58.53700241088868,56.83271870930989,0.0060058542918346,60.06999969482422,60.06999969482422,0.9988346979327478,0.6185003280639648,0.010308338801066,58.59999847412109,57.38999938964844,57.38999938964844,-0.043500010172526,iShares MSCI Canada Index Fund,P,True,False,False,False,False,False,False,False,False,,False,,,5956639232.0,Country / Region,unknown,347.0,True,,False,True,189.0,True,True,False,246.0,,0,0,False,Country / Region,Country / Region,Country / Region,Country / Region,Country / Region
2026-08-04,DFIC,38.47999954223633,38.70000076293945,38.38999938964844,38.630001068115234,1659900.0,251,64121938.77296448,74117690.936203,54616982.48567733,0.0284877437620409,0.0605194047088311,0.0747717471077353,0.2015063369890214,0.1255137758386568,0.0702942126119855,0.0057404608945707,0.0075960189965131,0.0052560210885607,0.0067770197287298,4.340590166497749,37.512418823242186,36.612146657307946,0.0024934968372616,38.70000076293945,38.70000076293945,0.998191222391622,0.4322002410888672,0.0111882016344441,37.15499877929688,36.869998931884766,36.869998931884766,-0.0455604992898421,Dimensional International Core Equity 2 ETF,Z,True,False,False,False,False,False,False,False,False,,False,,,14218919936.0,Global Equity,unknown,179.0,True,,False,True,275.0,True,True,False,247.0,,0,0,False,Global Equity,Global Equity,Global Equity,Global Equity,Global Equity
2026-08-04,AVDE,92.11000061035156,92.7310028076172,92.0,92.5999984741211,881500.0,251,81626898.65493774,85871413.93318176,95621664.66286068,0.0318698537824038,0.0638828441555048,0.0767999561375802,0.2057555299412701,0.119796557647835,0.0669143524518117,0.0065573986541492,0.0076529448225825,0.0051390193332737,0.0067730709013244,4.637646708922859,89.79508361816406,87.58429306030274,0.0026609262478329,92.7310028076172,92.7310028076172,0.9985872649973616,1.0986011505126954,0.0118639435055684,88.91999816894531,88.1449966430664,88.1449966430664,-0.0481101717544815,Avantis International Equity ETF,P,True,False,False,False,False,False,False,False,False,,False,,,17163864064.0,Global Equity,unknown,152.0,True,,False,True,199.0,True,True,False,248.0,,0,0,False,Global Equity,Global Equity,Global Equity,Global Equity,Global Equity
2026-08-04,IYR,104.27999877929688,105.23999786376952,103.47000122070312,105.12000274658205,8161200.0,251,857905366.4154053,553676913.0397034,582969059.6055167,0.0058367677531612,0.0394194068915727,0.112387806844828,0.0467432215488624,0.0831577188417559,0.1152040980406809,0.0002728293282152,0.0032780279551981,0.0129475359183286,0.0066623557422938,0.6638241166686094,103.4144595336914,99.64553298950196,0.0087631142538544,108.16999816894533,108.16999816894533,0.9718036842563348,1.4320003509521484,0.0136225296188808,103.47000122070312,102.43000030517578,102.43000030517578,-0.0255898246872308,iShares U.S. Real Estate ETF,P,True,False,False,False,False,False,False,False,False,,False,,,4672414720.0,REIT / Infra,unknown,390.0,True,,False,True,55.0,True,True,False,249.0,,0,0,False,REIT / Infra,REIT / Infra,REIT / Infra,REIT / Infra,REIT / Infra
2026-08-04,ILCG,115.38999938964844,117.51000213623048,115.38999938964844,117.19000244140624,42500.0,251,4980575.103759766,6496423.899421692,9759384.584384494,0.0269015038638016,0.0614159760700032,0.1189444616200046,0.1118396787928159,0.0807850029504144,0.0814381772665861,0.0030086555511712,0.0049614898080178,0.0096866201502885,0.0066152854278125,0.5230378369736566,114.81225708007813,107.6943645731608,-0.0052061369572098,117.51000213623048,120.47084253119948,0.9727665215843116,2.1799999237060548,0.0186022687796771,107.68000030517578,107.68000030517578,107.68000030517578,-0.0811502853324486,iShares Morningstar Large-Cap Growth ETF,P,True,False,False,False,False,False,False,False,False,,False,,,3202697216.0,Factor / Style,unknown,481.0,True,,False,True,455.0,True,True,False,250.0,,0,0,False,Factor / Style,Factor / Style,Factor / Style,Factor / Style,Factor / Style
2026-08-04,EMXC,94.25499725341795,95.73999786376952,94.19000244140624,95.47000122070312,1842800.0,251,175932118.24951172,265013887.1400452,275627637.5132364,-0.0137396879041785,0.0499191885410248,0.1946275458563944,0.0,0.0378230691217715,0.0786027914837099,-0.0,0.0018880969186899,0.0152982684039363,0.0065816569385261,0.2888256010970219,97.32673004150392,87.851650390625,-0.0055206799685415,98.62999725341795,107.12000274658205,0.8912434538165597,2.5927494049072264,0.0271577393082192,86.37999725341797,86.37999725341797,86.37999725341797,-0.095213196303112,iShares MSCI Emerging Markets ex China ETF,Q,True,False,False,False,False,False,False,False,False,,False,,,26057398272.0,Country / Region,unknown,106.0,True,,False,True,93.0,True,True,False,251.0,,0,0,False,Country / Region,Country / Region,Country / Region,Country / Region,Country / Region
2026-08-04,VSGX,81.38999938964844,82.12999725341797,81.2300033569336,82.08000183105469,83400.0,251,6845472.152709961,11952462.088356018,14503461.962708972,0.0133333559389468,0.0691546451584692,0.0956802351054302,0.0667492163127657,0.0951470323620506,0.0664331535290659,0.0008899910597438,0.006579859260879,0.0063563397484561,0.006501627431531,1.4853665141967043,80.84010650634765,76.91582962036132,0.0016471751719449,82.81999969482422,84.45695211165649,0.9718560731689756,1.6219985961914063,0.0197611910332308,77.58000183105469,75.69000244140625,75.69000244140625,-0.0778508680202149,Vanguard ESG International Stock ETF,Z,True,False,False,False,False,False,False,False,False,,False,,,6694336000.0,Global Equity,unknown,322.0,True,,False,True,429.0,True,True,False,252.0,,0,0,False,Global Equity,Global Equity,Global Equity,Global Equity,Global Equity
2026-08-04,XLRE,44.650001525878906,45.23500061035156,44.43000030517578,45.16999816894531,6248200.0,251,282231182.5592041,212726603.54646683,227827224.78981623,0.0062374422611697,0.0337072334793839,0.1199239124194571,0.0509088689630681,0.0700793586836811,0.1178521904986391,0.0003175411307385,0.0023621813052363,0.0141332957717999,0.0064820713685336,0.5611563317378334,44.57519248962402,42.83196815490723,0.0075337856602553,46.45500183105469,46.45500183105469,0.9723387447753716,0.6200002670288086,0.0137259307540787,44.43000030517578,44.04999923706055,44.04999923706055,-0.0247951954236467,State Street Real Estate Select Sector SPDR ETF,P,True,False,False,False,False,False,False,False,False,,False,,,8102354432.0,REIT / Infra,unknown,281.0,True,,False,True,108.0,True,True,False,253.0,,0,0,False,REIT / Infra,REIT / Infra,REIT / Infra,REIT / Infra,REIT / Infra
2026-08-04,BSCQ,19.549999237060547,19.549999237060547,19.530000686645508,19.53499984741211,680000.0,251,13283799.896240234,15796505.884122849,16902867.970257714,0.0035387547338046,0.0095123345331147,0.0184351089019201,0.5797296863462712,0.5392145359459596,0.4860320256708717,0.0020515211718849,0.0051291890510361,0.0089600533230633,0.0064699915462456,0.9594098103836026,19.461140480041504,19.315185712178547,0.0015221204026041,19.549999237060547,19.549999237060547,0.9992327677629776,0.0142278344723269,0.000728325292217,19.5,19.46611433191745,19.46611433191745,-0.0035262613786909,Invesco BulletShares 2026 Corporate Bond ETF,Q,True,False,False,False,False,False,False,False,False,,False,,,3705947392.0,Bond,unknown,447.0,True,,False,True,417.0,True,True,False,254.0,,0,0,False,Bond,Bond,Bond,Bond,Bond
2026-08-04,ACWX,76.30999755859375,76.94999694824219,76.19999694824219,76.86000061035156,2825500.0,251,217167931.72454837,138152926.37062073,131792157.77926975,0.0228906206371366,0.066055433815042,0.0913522454080455,0.131699811076281,0.0983995891386571,0.0681450969674411,0.0030146904133297,0.0064998275477759,0.0062252076215247,0.0064037105735879,2.330027295110753,75.20064727783203,72.16244517008464,0.0021428984286455,76.94999694824219,77.56999969482422,0.9908469886906544,1.0985000610351563,0.0142922203007009,72.87999725341797,72.87999725341797,72.87999725341797,-0.051782504883269,iShares MSCI ACWI ex U.S. ETF,Q,True,False,False,False,False,False,False,False,False,,False,,,11616678912.0,Global Equity,unknown,209.0,True,,False,True,153.0,True,True,False,255.0,,0,0,False,Global Equity,Global Equity,Global Equity,Global Equity,Global Equity
2026-08-04,IBDR,24.170000076293945,24.18000030517578,24.170000076293945,24.170000076293945,346000.0,251,8362820.026397705,12755333.551712036,13763826.48689028,0.0028962968854677,0.0091316884720535,0.018845607922914,0.4118759285103318,0.448981989036805,0.5338941163340007,0.0011929149689436,0.004099963653447,0.0100615591887812,0.006186522090814,0.8399688676708982,24.08211853027344,23.90333393096924,0.0015175133508849,24.18000030517578,24.18000030517578,0.9995864256097756,0.0147047311599866,0.0006083877167385,24.130098342895508,24.10019799690735,24.10019799690735,-0.0028879635567339,iShares iBonds Dec 2026 Term Corporate ETF,P,True,False,False,False,False,False,False,False,False,,False,,,3504570624.0,Bond,unknown,459.0,True,,False,True,433.0,True,True,False,256.0,,0,0,False,Bond,Bond,Bond,Bond,Bond
2026-08-04,PAVE,57.9900016784668,58.72499847412109,57.29999923706055,58.58000183105469,1719500.0,251,100728313.14849854,126975656.85649872,110470886.20431082,0.0379164290647766,0.0443624989679738,0.1407995285965868,0.1851216068210565,0.0586044537623967,0.089377977632705,0.007019150273388,0.0025998400195529,0.0125843771176011,0.0060944280038698,1.4562434340832504,57.089404296875,54.353271560668944,0.0050505843434689,58.72499847412109,60.32421526966227,0.9710860152790952,1.093050193786621,0.0186591013933217,54.90399932861328,54.90399932861328,54.90399932861328,-0.0627518331775242,Global X U.S. Infrastructure Development ETF,Z,True,False,False,False,False,False,False,False,False,,False,,,14567146496.0,REIT / Infra,unknown,174.0,True,,False,True,175.0,True,True,False,257.0,,0,0,False,REIT / Infra,REIT / Infra,REIT / Infra,REIT / Infra,REIT / Infra
2026-08-04,FRDM,66.55999755859375,67.75700378417969,66.55999755859375,67.44999694824219,314100.0,251,21186044.04144287,20832265.66427231,24778812.81365894,-0.0173368655592632,0.0743639364046686,0.1686030023353406,0.0,0.0491549246277071,0.0627050851065477,-0.0,0.003655353688991,0.010572265610657,0.0060762728615741,0.5516905223839594,69.24550148010253,62.259251505533854,-0.005482297804641,70.22000122070312,76.54803516994124,0.8811460254792841,2.18265151977539,0.0323595495704803,60.88999938964844,60.88999938964844,60.88999938964844,-0.0972571957805656,Freedom 100 Emerging Markets ETF,Z,True,False,False,False,False,False,False,False,False,,False,,,3602242816.0,Country / Region,unknown,453.0,True,,False,True,383.0,True,True,False,258.0,,0,0,False,Country / Region,Country / Region,Country / Region,Country / Region,Country / Region
2026-08-04,CGBL,37.84999847412109,38.20000076293945,37.810001373291016,38.150001525878906,1367900.0,251,52185387.08724976,65458929.652519226,76831544.85824828,0.0143579076512623,0.0500053703510634,0.0627049197312377,0.1370559850045699,0.1312277287138648,0.0816153701568375,0.0019678371757484,0.0065620911746656,0.0051176852345197,0.0060565490956146,1.7584090044483602,37.45657928466797,36.35233843485514,0.0019240090269854,38.20000076293945,38.20000076293945,0.998691119474818,0.3228498458862304,0.0084626430661405,36.845001220703125,36.845001220703125,36.845001220703125,-0.0342070839575338,Capital Group Core Balanced ETF,P,True,False,False,False,False,False,False,False,False,,False,,,6991702016.0,Other,unknown,310.0,True,,False,True,230.0,True,True,False,259.0,,0,0,False,Other,Other,Other,Other,Other
2026-08-04,BBJP,75.33000183105469,76.47000122070312,75.2750015258789,76.31999969482422,1057900.0,251,80738927.67715454,110477367.9556656,111880758.02135164,0.0151635991622889,0.0651779214164927,0.0907531565433532,0.0635450537842014,0.0950926106883606,0.0605800364146789,0.0009635717243297,0.0061979387067351,0.0054978295281434,0.005952900494228,2.1722511958404414,75.04559982299804,72.46853357950846,-0.0010037090592099,76.51000213623047,78.63999938964844,0.9704984777107004,1.4145004272460937,0.0185338107036447,72.0,71.98999786376953,71.98999786376953,-0.0567348250572429,JPMorgan BetaBuilders Japan ETF,Z,True,False,False,False,False,False,False,False,False,,False,,,17599494144.0,Country / Region,unknown,148.0,True,,False,True,173.0,True,True,False,260.0,,0,0,False,Country / Region,Country / Region,Country / Region,Country / Region,Country / Region
2026-08-04,VEU,83.94999694824219,84.69000244140625,83.87000274658203,84.58000183105469,2968700.0,251,251092651.43585205,243881684.99816892,221125035.90962243,0.0197733221771609,0.0607427850857404,0.0888427617262497,0.1161471802059502,0.094307518179656,0.0680291028350611,0.002296615614181,0.0057285013087564,0.0060438933736258,0.0058388885314607,2.123418736086827,82.92486724853515,79.63696105957031,0.0013001105365535,84.69000244140625,85.47000122070312,0.989586996876831,1.1685001373291015,0.0138153240959149,80.37999725341797,80.37999725341797,80.37999725341797,-0.0496571823919567,Vanguard FTSE All World Ex US ETF,P,True,False,False,False,False,False,False,False,False,,False,,,94563958784.0,Country / Region,unknown,32.0,True,,False,True,112.0,True,True,False,261.0,,0,0,False,Country / Region,Country / Region,Country / Region,Country / Region,Country / Region
2026-08-04,AOR,69.41000366210938,69.9800033569336,69.3499984741211,69.88999938964844,229000.0,251,16004809.860229492,20541154.01454925,21713323.75973898,0.0165818093039773,0.0438924699667686,0.0640408015678901,0.165697835599607,0.1307126727927627,0.0937942468824421,0.0027475699119944,0.0057373020648323,0.0060066587528081,0.0058315769056239,1.520648442371495,68.65611373901368,66.68688446044922,0.00133801207041,69.9800033569336,69.9800033569336,0.9987138616323568,0.555499267578125,0.0079481939108501,67.56999969482422,67.56999969482422,67.56999969482422,-0.0331950166702653,iShares Core 60/40 Balanced Allocation ETF,P,True,False,False,False,False,False,False,False,False,,False,,,3667536128.0,Other,unknown,450.0,True,,False,True,398.0,True,True,False,262.0,,0,0,False,Other,Other,Other,Other,Other
2026-08-04,VPL,111.37000274658205,113.08999633789062,111.2699966430664,112.91000366210938,337800.0,251,38140999.23706055,43456135.94043732,59560637.15086438,0.0055214421722948,0.0587959893881016,0.1444354294654537,0.0191595361159554,0.0565323601607902,0.0725227839322111,0.0001057882707122,0.0033238760480981,0.0104748594432792,0.0058267202364115,1.0430079374642118,113.00620025634764,105.76906667073568,-0.0057277502808205,114.04000091552734,121.2300033569336,0.9313701273246036,2.5845005035400392,0.0228899160367962,104.52999877929688,104.52999877929688,104.52999877929688,-0.0742184448765959,Vanguard FTSE Pacific ETF,P,True,False,False,False,False,False,False,False,False,,False,,,13825753088.0,Country / Region,unknown,182.0,True,,False,True,264.0,True,True,False,263.0,,0,0,False,Country / Region,Country / Region,Country / Region,Country / Region,Country / Region
2026-08-04,EMLP,43.77999877929688,44.02000045776367,43.31999969482422,43.880001068115234,659900.0,251,28956412.704849243,11951282.822971344,12555061.06061784,-0.0052142266845118,-0.006383725632909,0.1169390053419046,0.0,0.0,0.1418265530755672,-0.0,-0.0,0.0165850560477276,0.0058047696167046,-0.0,43.58126525878906,42.40217226664225,0.0032022040044961,45.22999954223633,45.22999954223633,0.9701525870487696,0.5194997787475586,0.0118391013241119,43.31999969482422,43.31999969482422,43.31999969482422,-0.0127621093814861,First Trust North American Energy Infrastructure Fund,P,True,False,False,False,False,False,False,False,False,,False,,,4057605120.0,REIT / Infra,unknown,419.0,True,,False,True,439.0,True,True,False,264.0,,0,0,False,REIT / Infra,REIT / Infra,REIT / Infra,REIT / Infra,REIT / Infra
2026-08-04,IDMO,61.79999923706055,62.18999862670898,61.7599983215332,62.060001373291016,413200.0,251,25643192.567443848,20675835.3178978,22757217.757597424,0.035023387606458,0.0737042316414748,0.0780126114695431,0.1444293471488018,0.0923547123431295,0.0502382735152172,0.0050584050069401,0.0068069331117197,0.0039192189126432,0.005796233142043,4.714369206610176,59.69271224975586,58.00882558186849,0.0024641737726589,62.18999862670898,62.20000076293945,0.9977492059818132,1.0809995651245117,0.0174186197422442,57.90999984741211,57.90999984741211,57.90999984741211,-0.0668707933297751,Invesco S&P International Developed Momentum ETF,P,True,False,False,False,False,False,False,False,False,,False,,,3922271744.0,Factor / Style,unknown,432.0,True,,False,True,391.0,True,True,False,265.0,,0,0,False,Factor / Style,Factor / Style,Factor / Style,Factor / Style,Factor / Style
2026-08-04,VNLA,48.83000183105469,48.84999847412109,48.81999969482422,48.84999847412109,349300.0,251,17063304.467010498,18222119.748134613,18808039.47814457,0.0031538980185066,0.0107833070318466,0.0175025839349802,0.5067655166337307,0.49013206281325,0.3767677182323844,0.0015982867587586,0.0052852445194675,0.0065944086123533,0.0057434519519775,1.2023988684209088,48.64997520446777,48.30477396647135,0.0015760619130977,48.84999847412109,48.84999847412109,1.0,0.0280586091372679,0.0005743830094924,48.70637873472989,48.68645477294922,48.68645477294922,-0.0033478752565061,Janus Henderson Short Duration Income ETF,P,True,False,False,False,False,False,False,False,False,,False,,,3309779456.0,Bond,unknown,472.0,True,,False,True,410.0,True,True,False,266.0,,0,0,False,Bond,Bond,Bond,Bond,Bond
2026-08-04,GRNY,27.68000030517578,28.020000457763672,27.625,27.899999618530277,1195400.0,251,33351659.54399109,33060530.59764862,43811039.31354341,0.0079479519844281,0.0480774163630834,0.1031522071287069,0.0474136708465302,0.0847938602582463,0.0849458685382067,0.0003768415792937,0.0040766697246688,0.008762353826181,0.005716659160198,0.4802563429923818,27.328667945861817,25.99377892812093,0.0018477482664436,28.020000457763672,28.020000457763672,0.995717314872486,0.3968498229980469,0.0142240081872428,26.31999969482422,26.31999969482422,26.31999969482422,-0.0566308224125089,Fundstrat Granny Shots US Large Cap ETF,P,True,False,False,False,False,False,False,False,False,,False,,,4392313856.0,Factor / Style,unknown,402.0,True,,False,True,298.0,True,True,False,267.0,,0,0,False,Factor / Style,Factor / Style,Factor / Style,Factor / Style,Factor / Style
2026-08-04,IXUS,95.8499984741211,96.69000244140624,95.7699966430664,96.5500030517578,2082200.0,251,201036416.3543701,138811510.83515167,173053504.5816452,0.0211528285081616,0.0586850222235979,0.0886166501804281,0.1222494982129666,0.0910319468029968,0.0675409034682149,0.0025859226709077,0.0053422118211912,0.0059852486155128,0.0055672746992038,2.223630377591032,94.62393478393555,90.95443547566732,0.0009663555007928,96.69000244140624,97.4499969482422,0.9907645569556828,1.3565006256103516,0.0140497212090523,91.62999725341795,91.62999725341795,91.62999725341795,-0.0509581112669914,iShares Core MSCI Total International Stock ETF,Q,True,False,False,False,False,False,False,False,False,,False,,,58515161088.0,Country / Region,unknown,50.0,True,,False,True,127.0,True,True,False,268.0,,0,0,False,Country / Region,Country / Region,Country / Region,Country / Region,Country / Region
2026-08-04,CWB,104.12999725341795,105.45999908447266,103.05999755859376,105.3499984741211,816500.0,251,86018273.75411987,68987362.56725311,92450355.02104986,0.0165498495689075,0.0330951109610795,0.1322017958214476,0.0789891530328536,0.0458583184965298,0.0985642710913125,0.0013072586002691,0.0015176861391311,0.0130303736421035,0.0055471267651714,0.3903811185709922,105.22004974365234,98.57374944051108,-0.0043220892577322,105.97001054826836,111.69357481451836,0.943205539343408,2.0442897126282302,0.0194047436377552,98.01651887216988,98.01651887216988,98.01651887216988,-0.069610628459123,State Street SPDR Bloomberg Convertible Securities ETF,P,True,False,False,False,False,False,False,False,False,,False,,,6197490688.0,Other,unknown,342.0,True,,False,True,205.0,True,True,False,269.0,,0,0,False,Other,Other,Other,Other,Other
2026-08-04,EAGL,34.41999816894531,34.65999984741211,34.33000183105469,34.59000015258789,96300.0,251,3331017.014694214,8498260.361728668,10989764.29099431,0.0359389273697166,0.0571515544657605,0.0610429991291725,0.2127662596525782,0.1093567700234994,0.063054557427395,0.0076465911523802,0.0062499093981976,0.0038490392941308,0.0054096048617742,1.8180983612417976,32.84929988861084,32.34777997334798,0.0051036488529281,34.65999984741211,34.65999984741211,0.9979803896384192,0.4502500534057617,0.0130167693385244,32.11000061035156,32.11000061035156,32.11000061035156,-0.0716970087105011,Eagle Capital Select Equity ETF,P,True,False,False,False,False,False,False,False,False,,False,,,4262146816.0,Other,unknown,408.0,True,,False,True,447.0,True,True,False,270.0,,0,0,False,Other,Other,Other,Other,Other
2026-08-04,EEMV,72.81999969482422,73.75,72.81999969482422,73.6500015258789,258300.0,251,19023795.39413452,16063530.955047607,17930970.21966359,0.0089041304914918,0.054221208105055,0.1055204256872732,0.0409578710387368,0.0702797212200874,0.0773464565276699,0.0003646942283826,0.0038106513898396,0.0081616310182019,0.0053334942597664,0.788907400412463,73.39583038330078,69.14589195251465,0.0001300857365305,74.33999633789062,77.38999938964844,0.951673370031454,1.2009990692138672,0.0163068437791119,69.41999816894531,69.41999816894531,69.41999816894531,-0.0574338529436047,iShares MSCI Emerging Markets Min Vol Factor ETF,Z,True,False,False,False,False,False,False,False,False,,False,,,3654402304.0,Country / Region,unknown,451.0,True,,False,True,412.0,True,True,False,271.0,,0,0,False,Country / Region,Country / Region,Country / Region,Country / Region,Country / Region
2026-08-04,AKRE,57.68000030517578,58.72999954223633,57.58000183105469,58.56999969482422,363400.0,193,21284337.88909912,25867451.856365204,44316384.83401708,0.0485141255793408,0.0768523690399474,-0.0312603277914013,0.1684275762133537,0.1048670607436574,0.0,0.0081711165834386,0.0080592820524061,-0.0,0.0052385333340639,2.192343210286951,55.03759971618652,56.22313316345215,0.0112781521736979,59.2400016784668,60.2400016784668,0.9722775242843406,1.3020503997802737,0.0222306711040555,53.15999984741211,53.15999984741211,53.15999984741211,-0.0923681044152402,Akre Focus ETF,P,True,False,False,False,False,False,False,False,False,,False,,,5185632256.0,Other,unknown,371.0,True,,False,True,295.0,True,True,False,272.0,,0,0,False,Other,Other,Other,Other,Other
2026-08-04,VXUS,85.88999938964844,86.58000183105469,85.76000213623047,86.44999694824219,5243800.0,251,453326493.9971924,396224624.2197418,504998530.2404252,0.0212639738915183,0.0557942985374431,0.0851231621254067,0.1244811504675515,0.0873474077014155,0.0655685960356301,0.0026469639335281,0.0048734873417645,0.0055814062306762,0.0051212589528836,2.247620164702313,84.77417343139649,81.59375249226888,0.0005142425738267,86.58000183105469,88.62000274658203,0.975513363449726,1.2004997253417968,0.0138866369892475,82.06999969482422,82.06999969482422,82.06999969482422,-0.0506650943670973,Vanguard Total International Stock ETF,Q,True,False,False,False,False,False,False,False,False,,False,,,650318381056.0,Global Equity,unknown,5.0,True,,False,True,64.0,True,True,False,273.0,,0,0,False,Global Equity,Global Equity,Global Equity,Global Equity,Global Equity
2026-08-04,PAAA,51.31999969482422,51.31999969482422,51.29999923706055,51.29999923706055,1337000.0,251,68588098.97994995,108800933.06625366,102572214.95116705,-0.0005845040507282,0.0075012767963347,0.017859485149402,0.0,0.423666706159132,0.4832512759177186,-0.0,0.003178041232291,0.008630618985682,0.0050864434459779,0.328912496950433,51.268956604003904,50.79472544352213,0.001491326719641,51.47999954223633,51.47999954223633,0.9965034905443598,0.0329996109008789,0.0006432672785897,51.290000915527344,51.290000915527344,51.290000915527344,-0.0001948990581266,PGIM AAA CLO ETF,P,True,False,False,False,False,False,False,False,False,,False,,,10160844800.0,Other,unknown,245.0,True,,False,True,188.0,True,True,False,274.0,,0,0,False,Other,Other,Other,Other,Other
2026-08-04,EWU,48.459999084472656,48.459999084472656,48.29999923706055,48.34000015258789,3169300.0,251,153203962.4835968,71736241.18890762,65733193.95156134,0.0256736485688571,0.0562784011437644,0.053554867358686,0.1899526786109956,0.1136263998506893,0.048631614868099,0.0048767783153717,0.0063947121113188,0.0026044596836997,0.0050681237616521,3.775135646605865,46.55525253295898,45.96962170918783,0.0078524120728391,48.70000076293945,48.70000076293945,0.9926077904576642,0.5264999389648437,0.0108915998614587,46.59999847412109,46.18000030517578,46.18000030517578,-0.0446834886345459,iShares MSCI United Kingdom ETF,P,True,False,False,False,False,False,False,False,False,,False,,,3667788800.0,Country / Region,unknown,449.0,True,,False,True,253.0,True,True,False,275.0,,0,0,False,Country / Region,Country / Region,Country / Region,Country / Region,Country / Region
2026-08-04,EFG,123.8000030517578,124.70999908447266,123.54000091552734,124.62000274658205,536800.0,251,66896017.474365234,89749457.2636795,105933153.78867257,0.0176384425792737,0.0690850934947522,0.0487352437073578,0.0943232663124052,0.0982050765328005,0.0347970574299197,0.0016637155167409,0.0067845068939278,0.001695843074146,0.0050034745570042,3.859725548908413,121.82230392456054,118.64856775919596,0.0021466942413708,124.70999908447266,125.70999908447266,0.9913292789290518,1.859000396728516,0.0149173515949027,117.98999786376952,117.98999786376952,117.98999786376952,-0.0532017712782014,iShares MSCI EAFE Growth ETF,Z,True,False,False,False,False,False,False,False,False,,False,,,16891213824.0,Country / Region,unknown,155.0,True,,False,True,184.0,True,True,False,276.0,,0,0,False,Country / Region,Country / Region,Country / Region,Country / Region,Country / Region
2026-08-04,ICVT,116.23999786376952,117.52999877929688,116.0,117.12000274658205,276800.0,251,32418816.760253903,65718394.123687744,89674176.33828057,0.0082884941380145,0.0251808924374179,0.1342079500897324,0.0377370452352913,0.0334266320350679,0.0947036164797138,0.0003127832782187,0.0008417124258201,0.0127099782338265,0.0049956054586224,0.1942150690289049,118.03392456054688,109.96688339233398,-0.0047263918489898,118.97376931668028,126.28003718748644,0.9274625297480344,2.1606870884998264,0.0184484890525063,109.49541508265293,109.49541508265293,109.49541508265293,-0.0651006445109703,iShares Convertible Bond ETF,Z,True,False,False,False,False,False,False,False,False,,False,,,7533008896.0,Bond,unknown,295.0,True,,False,True,214.0,True,True,False,277.0,,0,0,False,Bond,Bond,Bond,Bond,Bond
2026-08-04,EFAV,92.47000122070312,92.95999908447266,92.37000274658205,92.68000030517578,325200.0,251,30139536.099243164,49809851.614341736,44280140.47510056,0.0327613384376199,0.0428510795891488,0.0550856588378727,0.329596190098224,0.1272338344042042,0.0729893826301772,0.010798012331558,0.0054521071644871,0.0040206682303528,0.0049511035375401,3.137367297758348,89.41462860107421,89.20273996988932,0.0055688110093945,94.02999877929688,94.02999877929688,0.9856428959731272,0.8059989929199218,0.0086965795238016,89.80000305175781,89.06999969482422,89.06999969482422,-0.0389512364961651,iShares MSCI EAFE Min Vol Factor ETF,Z,True,False,False,False,False,False,False,False,False,,False,,,5082040320.0,Country / Region,unknown,374.0,True,,False,True,296.0,True,True,False,278.0,,0,0,False,Country / Region,Country / Region,Country / Region,Country / Region,Country / Region
2026-08-04,HELO,69.08999633789062,69.66999816894531,69.08200073242188,69.58999633789062,331100.0,251,23041247.787475582,36807418.99673462,27727915.210372683,0.0257959919585457,0.0327486378605585,0.0384842476878233,0.2777783160077117,0.1711248739806036,0.0885024661548459,0.0071655672059933,0.0056041065269245,0.0034059508284862,0.0048347520324711,1.1782961790194308,67.75269882202149,66.79161921183268,0.0013126767690343,69.66999816894531,69.66999816894531,0.9988517032703133,0.529400634765625,0.0076074243802966,67.04000091552734,67.04000091552734,67.04000091552734,-0.0366431320096916,JPMorgan Hedged Equity Laddered Overlay ETF,P,True,False,False,False,False,False,False,False,False,,False,,,3913838592.0,Other,unknown,433.0,True,,False,True,370.0,True,True,False,279.0,,0,0,False,Other,Other,Other,Other,Other
2026-08-04,FWD,130.2100067138672,132.8300018310547,130.05999755859375,132.4499969482422,290900.0,251,38529704.11224365,43093288.14876557,37418734.99723162,-0.018525380189218,0.0334737294284359,0.1715018557257575,0.0,0.0240821428840633,0.0687491093539663,-0.0,0.000806119134958,0.0117905998336982,0.0046506873795171,0.1311069320053342,136.8654005432129,123.71740005493164,-0.0110488497029476,139.6699981689453,149.56900024414062,0.8855444425786414,4.138248062133789,0.0312438516986218,117.86000061035156,117.86000061035156,117.86000061035156,-0.1101547502760003,AB Disruptors ETF,P,True,False,False,False,False,False,False,False,False,,False,,,3163472384.0,Other,unknown,488.0,True,,False,True,319.0,True,True,False,280.0,,0,0,False,Other,Other,Other,Other,Other
2026-08-04,FELG,43.7599983215332,44.68999862670898,43.7599983215332,44.54999923706055,393800.0,251,17543789.699554443,13851532.73519516,19401835.422933668,0.0319666696003695,0.0520759115239393,0.0836884611940553,0.1311788981826871,0.0794541108684387,0.0656778911183665,0.0041933524967464,0.004137645247798,0.0054964816421668,0.0046132379858271,0.5657079564761621,43.382909240722654,41.52154139200847,-0.0064634962823204,44.68999862670898,45.581402281289385,0.9773722835935608,0.8492002487182617,0.0190617343044042,40.970001220703125,40.970001220703125,40.970001220703125,-0.0803591038757924,Fidelity Enhanced Large Cap Growth ETF,P,True,False,False,False,False,False,False,False,False,,False,,,5650164224.0,Factor / Style,unknown,359.0,True,,False,True,407.0,True,True,False,281.0,,0,0,False,Factor / Style,Factor / Style,Factor / Style,Factor / Style,Factor / Style
2026-08-04,QQQI,54.31999969482422,55.27199935913086,54.29499816894531,55.15999984741211,6607800.0,251,364486246.99172974,328156137.5338364,350216678.64794654,0.0110812336650447,0.0477967979577189,0.0916386481791959,0.0458959716023436,0.0671629359581273,0.0736224780895482,0.0005085839856098,0.0032101732802378,0.0067466643677286,0.0044479451608596,0.3867170291599289,54.67914276123047,51.76898765563965,-0.0055526146637033,55.76637737683403,56.59177511765119,0.9746999406316113,1.0660105725735858,0.0193257899840911,50.959999084472656,50.959999084472656,50.959999084472656,-0.0761421460217154,NEOS Nasdaq 100 High Income ETF,Q,True,False,False,False,False,False,False,False,False,,False,,,13110758400.0,Bond,unknown,195.0,True,,False,True,78.0,True,True,False,282.0,,0,0,False,Bond,Bond,Bond,Bond,Bond
2026-08-04,IBDS,24.13999938964844,24.149999618530277,24.1299991607666,24.1299991607666,752500.0,251,18157824.368476868,14761827.76731491,14670952.194135152,0.0031090581578068,0.009388273032334,0.0155231878536672,0.4054031699424116,0.4571172172129396,0.2944657200502493,0.0012604220327102,0.0042915412429758,0.0045710466888054,0.0043893681490161,1.2193310226118126,24.040163230895995,23.888058153788247,0.0014104317332965,24.174790404759875,24.174790404759875,0.9981471920441364,0.0204364774016172,0.0008469323710066,24.07513999938965,24.045244616602357,24.045244616602357,-0.0035124138877739,iShares iBonds Dec 2027 Term Corporate ETF,P,True,False,False,False,False,False,False,False,False,,False,,,3791735808.0,Bond,unknown,441.0,True,,False,True,427.0,True,True,False,283.0,,0,0,False,Bond,Bond,Bond,Bond,Bond
2026-08-04,BSCR,19.61000061035156,19.6200008392334,19.61000061035156,19.614999771118164,576400.0,251,11306085.86807251,10602386.094694138,11842163.401046632,0.0025007174708839,0.0091621230745135,0.014667822106358,0.485108072842798,0.4558423614535477,0.2841866208895193,0.0012131182330248,0.0041764838182143,0.0041683988002144,0.0041736540619143,1.1800854085567052,19.547309074401856,19.42310750325521,0.0013925235190535,19.6200008392334,19.6200008392334,0.9997451035728177,0.0139817396977624,0.0007128085577828,19.56999969482422,19.55112343294767,19.55112343294767,-0.0032565046605071,Invesco BulletShares 2027 Corporate Bond ETF,Q,True,False,False,False,False,False,False,False,False,,False,,,4586565632.0,Bond,unknown,395.0,True,,False,True,442.0,True,True,False,284.0,,0,0,False,Bond,Bond,Bond,Bond,Bond
2026-08-04,DFIS,36.38999938964844,36.630001068115234,36.29800033569336,36.55500030517578,2657700.0,251,97152224.31106567,41296648.53387833,27971198.305402484,0.0311706493217209,0.048972468981848,0.0601757320694431,0.1960955413107245,0.0943067857427435,0.0528434052855646,0.0061124253517496,0.0046184361395642,0.0031798905981011,0.0041149452000521,5.84194641599514,35.595759811401365,34.96092249552409,-0.0006971141765299,36.630001068115234,36.7116648980554,0.9957325663841544,0.4465499877929687,0.0122158387105728,35.060001373291016,34.76499938964844,34.76499938964844,-0.0489673341699822,Dimensional International Small Cap ETF,Z,True,False,False,False,False,False,False,False,False,,False,,,5815646208.0,Factor / Style,unknown,352.0,True,,False,True,367.0,True,True,False,285.0,,0,0,False,Factor / Style,Factor / Style,Factor / Style,Factor / Style,Factor / Style
2026-08-04,AAXJ,112.51000213623048,114.5999984741211,112.51000213623048,114.19000244140624,441600.0,251,50426305.078125,63561940.41519165,77158544.43195888,-0.000525142744803,0.0381348531730261,0.1396152641364305,0.0,0.0330499233566769,0.0667463706059909,-0.0,0.0012603539745866,0.0093188121623035,0.0040808143402875,0.2477506322943208,115.41735595703123,106.88021077473958,-0.0065997543724624,116.66999816894533,124.88999938964844,0.9143246296698352,2.752999877929688,0.0241089396538223,105.06999969482422,105.06999969482422,105.06999969482422,-0.0798669108643003,iShares MSCI All Country Asia ex Japan ETF,Q,True,False,False,False,False,False,False,False,False,,False,,,3970623744.0,Country / Region,unknown,425.0,True,,False,True,229.0,True,True,False,286.0,,0,0,False,Country / Region,Country / Region,Country / Region,Country / Region,Country / Region
2026-08-04,DFAX,37.0099983215332,37.47999954223633,37.0099983215332,37.40999984741211,780800.0,251,29209727.88085937,30229543.030776978,28665021.041585527,0.0229696516160151,0.042842009356945,0.0863019469302199,0.1268881148095966,0.0687277092509284,0.0667483299381219,0.0029145757913893,0.0029444331628096,0.0057605108280006,0.0039300603456265,2.930721346281172,36.72374298095704,35.517067464192706,-0.0019147183034023,37.47999954223633,38.060749671588624,0.98290233824106,0.567149543762207,0.0151603727900426,35.439998626708984,35.439998626708984,35.439998626708984,-0.052659749498486,Dimensional World ex U.S. Core Equity 2 ETF,P,True,False,False,False,False,False,False,False,False,,False,,,11913159680.0,Global Equity,unknown,205.0,True,,False,True,361.0,True,True,False,287.0,,0,0,False,Global Equity,Global Equity,Global Equity,Global Equity,Global Equity
2026-08-04,SCZ,84.94000244140625,85.4800033569336,84.70999908447266,85.4000015258789,2241100.0,251,191389943.4196472,141704397.72857666,128025168.6698187,0.0241036353392751,0.0474320365232949,0.0581840323673288,0.1479029837716818,0.092214430706101,0.0527950473060265,0.0035649995864233,0.0043739182452266,0.0030718287412885,0.0039181869188482,4.187682697910534,83.37695907592773,81.68591710408529,-0.0011302296109245,85.4800033569336,85.83275847491939,0.994958137700224,1.0730003356933593,0.0125644065166463,81.68000030517578,81.68000030517578,81.68000030517578,-0.0435597324852019,iShares MSCI EAFE Small-Cap ETF,Q,True,False,False,False,False,False,False,False,False,,False,,,14441042944.0,Country / Region,unknown,177.0,True,,False,True,155.0,True,True,False,288.0,,0,0,False,Country / Region,Country / Region,Country / Region,Country / Region,Country / Region
2026-08-04,XMMO,158.6199951171875,161.0800018310547,157.32000732421875,160.33999633789062,357500.0,251,57321548.6907959,61508176.73492432,66827685.94193231,0.0004992002608066,0.0034596683496925,0.1365815553496132,0.0018895089547155,0.0037718735401545,0.076871649940925,9.4324336299048e-07,1.3049431505915744e-05,0.0104992495112225,0.0036832194594067,0.0139859924821392,164.08697784423828,154.24496449788413,-0.0084329601513856,163.9600067138672,173.94000244140625,0.9218120851291988,3.901001739501953,0.0243295611113849,149.08999633789062,149.08999633789062,149.08999633789062,-0.0701634043716231,Invesco S&P MidCap Momentum ETF,P,True,False,False,False,False,False,False,False,False,,False,,,7917685760.0,Factor / Style,unknown,288.0,True,,False,True,251.0,True,True,False,289.0,,0,0,False,Factor / Style,Factor / Style,Factor / Style,Factor / Style,Factor / Style
2026-08-04,JTEK,98.8000030517578,101.4000015258789,98.63500213623048,100.98300170898438,397500.0,251,40140743.17932129,33061929.7719574,31280845.513855465,-0.0122945635861617,0.039989735282006,0.1429881545336264,0.0,0.0286042892074143,0.0576867931544651,-0.0,0.0011438779533344,0.00824852809412,0.0036305055026093,0.0957532139197694,103.08300003051758,93.58269994099936,-0.0138500859384136,106.19000244140624,111.81999969482422,0.9030853334339488,3.2812000274658204,0.0324925974860766,89.68000030517578,89.68000030517578,89.68000030517578,-0.1119297427539527,JPMorgan U.S. Tech Leaders ETF,Q,True,False,False,False,False,False,False,False,False,,False,,,4632256512.0,Other,unknown,393.0,True,,False,True,345.0,True,True,False,290.0,,0,0,False,Other,Other,Other,Other,Other
2026-08-04,COPX,82.69000244140625,84.18000030517578,82.33000183105469,83.98999786376953,3939300.0,251,330861798.5847473,204189442.57099152,296758035.5373322,0.1254187452073487,0.0994835130461044,-0.0108518674626643,0.2529729894689611,0.0545442657945801,0.0,0.0317275549105489,0.0054262551777653,-0.0,0.0035270658655474,18.57415839197911,80.51223495483399,81.61784133911132,-0.0156430516321908,84.18000030517578,96.91066954025116,0.8666744153375691,2.872500991821289,0.0342005127382005,74.8499984741211,71.05000305175781,71.05000305175781,-0.1540659023828073,Global X Copper Miners ETF,P,True,False,False,False,False,False,False,False,False,,False,,,7154050560.0,Commodity,unknown,304.0,True,,False,True,87.0,True,True,False,291.0,,0,0,False,Commodity,Commodity,Commodity,Commodity,Commodity
2026-08-04,ESGE,52.31999969482422,53.09999847412109,52.29999923706055,52.95000076293945,1040800.0,251,55110360.79406738,41795932.44796753,56443589.414414905,0.0064626525117543,0.0412220574099726,0.119450170745986,0.0229419869842081,0.0379647247118591,0.0596715709148027,0.0001482660898081,0.001564984061626,0.0071277793344544,0.0035119624071159,0.419107666787649,53.1701741027832,49.74915033976237,-0.0046672511315953,53.650001525878906,57.11000061035156,0.9271581193669594,1.1897497177124023,0.0224693050154803,48.81499862670898,48.81499862670898,48.81499862670898,-0.0780925793512853,iShares ESG Aware MSCI EM ETF,Q,True,False,False,False,False,False,False,False,False,,False,,,6917690880.0,Country / Region,unknown,312.0,True,,False,True,272.0,True,True,False,292.0,,0,0,False,Country / Region,Country / Region,Country / Region,Country / Region,Country / Region
2026-08-04,IWP,141.4499969482422,143.74000549316406,141.24000549316406,143.08999633789062,584000.0,251,83564557.86132812,106213293.41323853,114178952.51927452,0.0081019717958585,0.0501782858576311,0.0526165376331437,0.0393159896292509,0.0814270163393407,0.0415943664146454,0.0003185370391024,0.0040858681024094,0.0021885515457829,0.0034218073075901,1.1272897389431769,140.68533233642577,137.0066419474284,0.0018307037214126,144.82000732421875,146.63999938964844,0.9757910320067252,2.7874992370605467,0.0194807415500814,134.0,134.0,134.0,-0.0635264279162159,iShares Russell Midcap Growth ETF,P,True,False,False,False,False,False,False,False,False,,False,,,21568610304.0,Factor / Style,unknown,126.0,True,,False,True,171.0,True,True,False,293.0,,0,0,False,Factor / Style,Factor / Style,Factor / Style,Factor / Style,Factor / Style
2026-08-04,FNDE,41.470001220703125,41.77999877929688,41.40999984741211,41.709999084472656,1029200.0,251,42927931.05773926,32021415.0333786,33610682.95134287,0.0580923648375859,0.0367338958649074,0.0794638076904357,0.3848743008521845,0.0630103495464409,0.0666200626373383,0.0223582583017159,0.0023146156186503,0.0052938838457382,0.0033573594981311,3.2154351115648416,40.48024375915527,39.43891649881999,0.0011461365910221,41.77999877929688,42.232774798483234,0.9876215636669616,0.4564998626708984,0.0109446145454565,40.02999877929688,39.58000183105469,39.58000183105469,-0.0510668257053714,Schwab Fundamental Emerging Markets Equity ETF,P,True,False,False,False,False,False,False,False,False,,False,,,9189189632.0,Country / Region,unknown,260.0,True,,False,True,335.0,True,True,False,294.0,,0,0,False,Country / Region,Country / Region,Country / Region,Country / Region,Country / Region
2026-08-04,IFRA,61.65999984741211,61.86000061035156,60.709999084472656,61.63999938964844,253000.0,251,15594919.845581057,21151956.529331207,23531836.97044736,-0.0025889943266562,-0.0028656598083282,0.1025427002250793,0.0,0.0,0.0902451577741124,-0.0,-0.0,0.0092539821603958,0.0032388937561385,-0.0,61.64490562438965,59.281802342732746,0.0022070253104089,63.130001068115234,64.25,0.9593774224069797,0.8663505554199219,0.0140550059052306,59.84000015258789,59.84000015258789,59.84000015258789,-0.0292018049137559,iShares U.S. Infrastructure ETF,Z,True,False,False,False,False,False,False,False,False,,False,,,4618109440.0,REIT / Infra,unknown,394.0,True,,False,True,387.0,True,True,False,295.0,,0,0,False,REIT / Infra,REIT / Infra,REIT / Infra,REIT / Infra,REIT / Infra
2026-08-04,EEM,65.22000122070312,66.13999938964844,65.12000274658203,66.0,25805600.0,251,1703169600.0,1551934603.6306765,1898182986.2603085,0.0042604804335983,0.0349930646537461,0.1191473278540418,0.0147678807044963,0.0322232040362969,0.0591595443878449,6.291826678722177e-05,0.0011275886621929,0.0070487016308742,0.0031999782012314,0.3231412262355923,66.41112953186035,62.13673439025879,-0.0061764552113212,67.0199966430664,71.56999969482422,0.9221740992234904,1.5064990997314454,0.0228257439353249,60.77000045776367,60.77000045776367,60.77000045776367,-0.079242417306611,iShares MSCI Emerging Index Fund,P,True,False,False,False,False,False,False,False,False,,False,,,30315917312.0,Other,unknown,94.0,True,,False,True,20.0,True,True,False,296.0,,0,0,False,Other,Other,Other,Other,Other
2026-08-04,XLG,62.09000015258789,63.33000183105469,62.09000015258789,63.09000015258789,1044000.0,251,65865960.15930176,59449331.25776291,101163191.4793166,0.033245966813634,0.0348681090538682,0.0681332187182528,0.1701590468699038,0.0664576723249225,0.0649742663214774,0.0056571020252764,0.0023172533660916,0.0044269058983392,0.0030556317523782,0.4603864062875999,61.5207933807373,59.412312596639,-0.0086819588873814,63.33000183105469,64.6472954183753,0.9759108984264676,0.9335006713867188,0.0147963333195273,58.59000015258789,58.59000015258789,58.59000015258789,-0.0713266760043812,Invesco S&P 500 Top 50 ETF,P,True,False,False,False,False,False,False,False,False,,False,,,10253615104.0,US Equity,unknown,242.0,True,,False,True,190.0,True,True,False,297.0,,0,0,False,US Equity,US Equity,US Equity,US Equity,US Equity
2026-08-04,GRID,185.8699951171875,187.44000244140625,183.75999450683597,186.75999450683597,741300.0,251,138445183.92791748,102307328.4336853,137790689.0656002,0.0240719389548018,-0.0122553901249289,0.1289111117957,0.0864683155684924,0.0,0.0674097036053156,0.0020814600138892,-0.0,0.0086898598375798,0.0030414509431529,-0.0,185.90589630126956,176.56808939615885,-0.0154156126415444,187.44000244140625,199.1864313808516,0.9376140393305412,4.422001647949219,0.0236774565111018,166.39999389648438,166.39999389648438,166.39999389648438,-0.1090169265859896,First Trust NASDAQ Clean Edge Smart Grid Infrastructure Index Fund,Q,True,False,False,False,False,False,False,False,False,,False,,,12076603392.0,REIT / Infra,unknown,203.0,True,,False,True,151.0,True,True,False,298.0,,0,0,False,REIT / Infra,REIT / Infra,REIT / Infra,REIT / Infra,REIT / Infra
2026-08-04,AVEM,91.55999755859376,92.79000091552734,91.38999938964844,92.5999984741211,1592700.0,251,147484017.56973267,187118802.62439728,182563180.82460675,0.0001080261002923,0.0304318362728477,0.1174679030817478,0.0004038007164921,0.0285831800913941,0.0597717547297962,4.362101669791287e-08,0.0008698386566986,0.0070212626916257,0.0030228370689231,0.2956494311996574,93.5829606628418,87.63341578165691,-0.0067106264926511,94.3499984741211,100.83000183105467,0.9183774352129505,2.0177993774414062,0.0217904903962317,85.51000213623047,85.51000213623047,85.51000213623047,-0.0765658364440693,Avantis Emerging Markets Equity ETF,P,True,False,False,False,False,False,False,False,False,,False,,,26237122560.0,Country / Region,unknown,105.0,True,,False,True,123.0,True,True,False,299.0,,0,0,False,Country / Region,Country / Region,Country / Region,Country / Region,Country / Region
2026-08-04,IMTM,52.88999938964844,53.119998931884766,52.7599983215332,53.0,386800.0,251,20500400.0,20042911.88199997,22585750.35551162,0.0164940663678316,0.0508363688565116,0.0491908654392554,0.0782529736574285,0.0698855050687638,0.0326656534617553,0.0012907097409858,0.0035527253133992,0.0016068517639225,0.0028716695710824,2.8946724547740628,52.383406982421874,50.82362383524577,0.0001637786892392,53.119998931884766,54.38999938964844,0.9744438425216644,0.8671499252319336,0.0163613193439987,50.15499877929688,50.15499877929688,50.15499877929688,-0.0536792683151533,iShares MSCI Intl Momentum Factor ETF,P,True,False,False,False,False,False,False,False,False,,False,,,4170761216.0,Country / Region,unknown,414.0,True,,False,True,394.0,True,True,False,300.0,,0,0,False,Country / Region,Country / Region,Country / Region,Country / Region,Country / Region
2026-08-04,DFAE,38.41999816894531,38.97999954223633,38.400001525878906,38.900001525878906,814700.0,251,31691831.243133545,49661364.27309036,50342765.49635993,0.0046487680656253,0.0264527906698646,0.1133983810993746,0.0173410744512971,0.0261592112678972,0.0594508509317111,8.061463313282126e-05,0.0006919841397584,0.0067416302506362,0.0028093602785656,0.2482451982975433,39.125037002563474,36.79646664937337,-0.0073021833128351,39.47999954223633,41.9479311788804,0.9273401675042312,0.8138494491577148,0.020921578849201,35.84000015258789,35.84000015258789,35.84000015258789,-0.0786632712920408,Dimensional Emerging Core Equity Market ETF,P,True,False,False,False,False,False,False,False,False,,False,,,9686572032.0,Other,unknown,251.0,True,,False,True,286.0,True,True,False,301.0,,0,0,False,Other,Other,Other,Other,Other
2026-08-04,IEMG,79.30000305175781,80.43000030517578,79.1500015258789,80.23999786376953,11601800.0,251,930928407.2158812,984785087.040329,1085464955.230713,0.0056397661746938,0.0293276476967103,0.1105940695056824,0.0200087658354953,0.0281742753297178,0.056920001884806,0.0001128447607563,0.00082628522098,0.0062950146447118,0.0027403405192861,0.2741702205765747,80.5775178527832,75.7787331644694,-0.0067782979928455,81.44999694824219,86.48999786376953,0.927737308886926,1.7670001983642578,0.022021438751335,73.83000183105469,73.83000183105469,73.83000183105469,-0.0798852966521467,iShares Core MSCI Emerging Markets ETF,P,True,False,False,False,False,False,False,False,False,,False,,,160718422016.0,Country / Region,unknown,16.0,True,,False,True,32.0,True,True,False,302.0,,0,0,False,Country / Region,Country / Region,Country / Region,Country / Region,Country / Region
2026-08-04,AVDV,106.16999816894533,106.9499969482422,105.95099639892578,106.87000274658205,2222600.0,251,237529268.1045532,97407087.56587982,87096302.3812188,0.0297745616075453,0.0338293466209069,0.0734864574850724,0.1578949420271266,0.056922204184955,0.0566585144941986,0.0047012526789064,0.0019256409757988,0.0041636335165452,0.0027089383650601,7.343389708229252,105.16258575439451,102.97796920776368,-0.0057449181431271,106.9499969482422,109.54138759810138,0.9756130088353412,1.5306995391845704,0.0143230045835619,101.69000244140624,101.69000244140624,101.69000244140624,-0.0484701054743956,Avantis International Small Cap Value ETF,P,True,False,False,False,False,False,False,False,False,,False,,,19221213184.0,Factor / Style,unknown,139.0,True,,False,True,215.0,True,True,False,303.0,,0,0,False,Factor / Style,Factor / Style,Factor / Style,Factor / Style,Factor / Style
2026-08-04,SRLN,40.27999877929688,40.33000183105469,40.27000045776367,40.29999923706055,2108500.0,251,84972548.39134216,46375212.47648239,72237057.56760855,0.006475629051853,0.0130994010724212,0.0205833294207955,0.3831186765493334,0.2228941416818147,0.1003563211081986,0.0024809344321703,0.0029197797585831,0.0020656672168291,0.0026208403689692,0.7241588407756507,39.96036346435547,39.55897984822591,0.0015508604235523,40.33000183105469,40.33000183105469,0.9992560725853714,0.0611876675867261,0.0015183044353622,40.03077372133591,40.00094985961914,40.00094985961914,-0.0074205802258774,State Street Blackstone Senior Loan ETF,P,True,False,False,False,False,False,False,False,False,,False,,,5200829440.0,Bond,unknown,368.0,True,,False,True,239.0,True,True,False,304.0,,0,0,False,Bond,Bond,Bond,Bond,Bond
2026-08-04,VONG,125.86000061035156,128.47000122070312,125.79000091552734,127.93000030517578,937100.0,251,119883203.28598022,147848012.61325836,172304583.00116402,0.0241773801499174,0.0386999656080147,0.0661293603156822,0.0963623098403792,0.0564966208013224,0.0511396629860414,0.0023297881971349,0.0021864172819802,0.0033818332000264,0.0026048128532964,0.4059797194951752,125.57805114746094,120.93358545939128,-0.0087521382787609,128.47000122070312,132.77137888766129,0.9635359772336036,2.541000366210937,0.0198624275787493,117.33000183105467,117.33000183105467,117.33000183105467,-0.082857800741303,Vanguard Russell 1000 Growth ETF,Q,True,False,False,False,False,False,False,False,False,,False,,,53361160192.0,Factor / Style,unknown,52.0,True,,False,True,128.0,True,True,False,305.0,,0,0,False,Factor / Style,Factor / Style,Factor / Style,Factor / Style,Factor / Style
2026-08-04,IWF,122.20999908447266,124.80999755859376,122.20999908447266,124.3000030517578,3146200.0,251,391072669.6014404,555284118.1388855,635122346.0421729,0.0243098855766845,0.0383030569691549,0.0654483387775521,0.0963109165058632,0.0556327123925522,0.0503369882305603,0.0023413073600431,0.0021309029521205,0.0032944722587553,0.0025381522094427,0.4009699056176629,122.0180499267578,117.53938588460286,-0.0088793919302928,124.80999755859376,129.02637734576848,0.9633689297394996,2.496999740600586,0.0200884929951357,113.97000122070312,113.97000122070312,113.97000122070312,-0.0831054028756003,iShares Russell 1000 Growth Fund,P,True,False,False,False,False,False,False,False,False,,False,,,128899137536.0,Factor / Style,unknown,21.0,True,,False,True,48.0,True,True,False,306.0,,0,0,False,Factor / Style,Factor / Style,Factor / Style,Factor / Style,Factor / Style
2026-08-04,CGGR,46.08000183105469,46.845001220703125,46.0099983215332,46.720001220703125,4016100.0,251,187632196.90246585,119774202.0374298,119502392.8790804,0.0012859274215009,0.0420633988079806,0.0495501860931022,0.0062113223849677,0.0638484893922504,0.0385201664455666,7.987309778612426e-06,0.0026856844725933,0.0019086814157151,0.0024137334026859,0.4285561203267998,46.146805114746094,44.44629483540853,-0.0044289815878452,47.20000076293945,47.99230270034517,0.9734894679343468,0.7816499710083008,0.0167305212025963,43.755001068115234,43.755001068115234,43.755001068115234,-0.0634631865393445,Capital Group Growth ETF,P,True,False,False,False,False,False,False,False,False,,False,,,24842137600.0,Factor / Style,unknown,111.0,True,,False,True,166.0,True,True,False,307.0,,0,0,False,Factor / Style,Factor / Style,Factor / Style,Factor / Style,Factor / Style
2026-08-04,IWY,285.4700012207031,291.6300048828125,285.3900146484375,290.510009765625,405200.0,251,117714655.95703124,107379397.28363036,112709095.60808454,0.0235712855639664,0.037341283851817,0.0651243819504352,0.0883402108385183,0.0524236482864465,0.0492347384381787,0.0020822923364557,0.001957566331212,0.0032063819112777,0.002394651784235,0.3539462546533481,285.6561749267578,274.8387898763021,-0.0099970128512127,291.6300048828125,302.8307183720784,0.9593148651738976,5.956500244140625,0.0205035972734507,265.5199890136719,265.5199890136719,265.5199890136719,-0.0860212037861082,iShares Russell Top 200 Growth ETF,P,True,False,False,False,False,False,False,False,False,,False,,,16964288512.0,Factor / Style,unknown,153.0,True,,False,True,172.0,True,True,False,308.0,,0,0,False,Factor / Style,Factor / Style,Factor / Style,Factor / Style,Factor / Style
2026-08-04,DFEM,38.72999954223633,39.27000045776367,38.72999954223633,39.18000030517578,1032400.0,251,40449432.31506348,40978710.6186676,39822160.65816122,0.0,0.0146210592409448,0.1050312004381908,0.0,0.0149116139837864,0.0567567543997602,0.0,0.000218023591435,0.0059612300475823,0.0022281458510866,0.0929171148222905,39.55997741699219,37.33458925882975,-0.0087793173113962,39.992000579833984,42.33473122840727,0.9254812577830984,0.7998502731323243,0.0204147592369125,36.130001068115234,36.130001068115234,36.130001068115234,-0.077845819635117,Dimensional Emerging Markets Core Equity 2 ETF,P,True,False,False,False,False,False,False,False,False,,False,,,9250564096.0,Country / Region,unknown,258.0,True,,False,True,311.0,True,True,False,309.0,,0,0,False,Country / Region,Country / Region,Country / Region,Country / Region,Country / Region
2026-08-04,JPIE,45.77000045776367,45.79999923706055,45.72999954223633,45.790000915527344,1312900.0,251,60117692.20199585,65617295.99412918,67319056.86106606,0.0031787956379396,0.0107495735275258,0.0169161930165944,0.1765355660964085,0.1779726114480968,0.1372657122725007,0.0005611704874484,0.001913129672647,0.0023220132833619,0.0020562389363972,1.9976206862747177,45.57822402954102,45.27883908589681,0.0014761777775877,45.79999923706055,45.79999923706055,0.9997816960327564,0.0712153128619405,0.0015552590399226,45.51551393206982,45.51551393206982,45.51551393206982,-0.0059944742950298,JPMorgan Income ETF,P,True,False,False,False,False,False,False,False,False,,False,,,9740692480.0,Bond,unknown,250.0,True,,False,True,248.0,True,True,False,310.0,,0,0,False,Bond,Bond,Bond,Bond,Bond
2026-08-04,SCHE,36.459999084472656,36.810001373291016,36.400001525878906,36.7599983215332,2932200.0,251,107787667.07839966,115460910.49125671,116907906.9499485,0.0271024694381896,0.0315262487344649,0.0640317367321117,0.1352856582698924,0.0457474796286519,0.0468868146034238,0.0036665754186851,0.0014422464217477,0.0030022441688937,0.0019882456332488,0.9337401496328464,36.03182632446289,35.00621290842692,-0.0008883273105122,36.810001373291016,37.35441542254625,0.9840870993619064,0.5189998626708985,0.0141186040905469,34.810001373291016,34.810001373291016,34.810001373291016,-0.0530467093927999,Schwab Emerging Markets Equity ETF,P,True,False,False,False,False,False,False,False,False,,False,,,12488486912.0,Country / Region,unknown,199.0,True,,False,True,169.0,True,True,False,311.0,,0,0,False,Country / Region,Country / Region,Country / Region,Country / Region,Country / Region
2026-08-04,EMLC,25.46999931335449,25.540000915527344,25.46999931335449,25.520000457763672,1928100.0,251,49205112.882614136,35780812.86170006,53351476.44285777,0.0067081624302876,0.0263940034508143,0.0050701097891541,0.1035315648413513,0.1148000992963836,0.0096927069399034,0.0006945065536176,0.0030300342169825,4.914308833940678e-05,0.0019867223219574,6.1770296558612205,25.226439781188965,25.142767753601078,0.0020726968471562,25.540000915527344,25.798147049611085,0.989218350011242,0.1254182823475906,0.0049145094082251,24.98183829633969,24.98183829633969,24.98183829633969,-0.0210878586117055,VanEck J. P. Morgan EM Local Currency Bond ET,P,True,False,False,False,False,False,False,False,False,,False,,,4872451072.0,Bond,unknown,382.0,True,,False,True,280.0,True,True,False,312.0,,0,0,False,Bond,Bond,Bond,Bond,Bond
2026-08-04,DBMF,30.56999969482422,30.709999084472656,30.56999969482422,30.690000534057617,2315900.0,251,71074972.23682404,59635867.210178375,53904905.21873898,0.0003259526982517,0.0047545128375905,0.065286189751168,0.0044053899858251,0.0175430673779127,0.0839146473779385,1.435948752730945e-06,8.340873905900216e-05,0.0054784675916184,0.0019716793374548,0.0339659915751953,30.814642868041997,30.22064884185791,0.0007231248138597,31.540000915527344,31.540000915527344,0.9730500838048084,0.2217000007629394,0.0072238513165521,30.3799991607666,30.3799991607666,30.3799991607666,-0.0101010546724167,iMGP DBi Managed Futures Strategy ETF,P,True,False,False,False,False,False,False,False,False,,False,,,3887484160.0,Other,unknown,435.0,True,,False,True,278.0,True,True,False,313.0,,0,0,False,Other,Other,Other,Other,Other
2026-08-04,GNR,72.44999694824219,73.11000061035156,72.0,72.95999908447266,162700.0,251,11870591.8510437,13461581.53491974,17972415.48390464,0.0737307190763616,-0.0003492448638217,0.0827838841940262,0.4271105899095463,0.0,0.0679207699861685,0.0314911709191598,-0.0,0.005622745156904,0.0019679608049164,-0.0,70.48831527709962,70.82193280537923,-0.0050123615338237,73.31999969482422,75.24868057626888,0.9695850947249964,0.9244991302490234,0.012671314992461,71.01000213623047,67.1500015258789,67.1500015258789,-0.0796326429755978,State Street SPDR S&P Global Natural Resources ETF,P,True,False,False,False,False,False,False,False,False,,False,,,4480049664.0,Global Equity,unknown,400.0,True,,False,True,411.0,True,True,False,314.0,,0,0,False,Global Equity,Global Equity,Global Equity,Global Equity,Global Equity
2026-08-04,INDA,50.29999923706055,50.619998931884766,50.2599983215332,50.52999877929688,6289800.0,251,317823586.3220215,298506786.18120193,312884503.9587596,0.0243259052037325,0.0390704846689258,-0.0516141152966499,0.1662045353678382,0.0759391788884652,0.0,0.0040430757717884,0.0029669805245325,-0.0,0.0019285373409461,10.470452901290097,48.81520011901856,49.91293342590332,0.0042089583404698,50.619998931884766,53.810001373291016,0.9390447405633744,0.5114999771118164,0.0101226991780848,47.560001373291016,47.560001373291016,47.560001373291016,-0.058776914263903,iShares MSCI India ETF,Z,True,False,False,False,False,False,False,False,False,,False,,,6871878656.0,Country / Region,unknown,314.0,True,,False,True,84.0,True,True,False,315.0,,0,0,False,Country / Region,Country / Region,Country / Region,Country / Region,Country / Region
2026-08-04,SPEM,51.650001525878906,52.11000061035156,51.560001373291016,52.02000045776367,1492300.0,251,77629446.68312073,112805215.37906648,120489956.7527892,0.0198000817381738,0.0300461871941364,0.0621114166495186,0.0999012179099702,0.0435863771368862,0.0456807355568502,0.0019780522803605,0.0013096044465691,0.002837295199028,0.0018442962099297,0.6829786249603476,51.293713150024416,49.64991521199544,-0.001531015477508,52.11000061035156,53.34999847412109,0.9750703270028664,0.7205005645751953,0.0138504528687997,49.27999877929688,49.27999877929688,49.27999877929688,-0.0526720810141374,State Street SPDR Portfolio Emerging Markets ETF,P,True,False,False,False,False,False,False,False,False,,False,,,17305092096.0,Country / Region,unknown,151.0,True,,False,True,164.0,True,True,False,316.0,,0,0,False,Country / Region,Country / Region,Country / Region,Country / Region,Country / Region
2026-08-04,XLB,51.310001373291016,52.06999969482422,51.02999877929688,52.0,16874300.0,251,877463600.0,565695195.1251793,597354549.7483329,0.0095127488727164,0.0304922092936319,0.0559223768751131,0.0458374266722858,0.0461013865904518,0.0437728468324162,0.000436039928905,0.0014057331286426,0.0024478816374589,0.0017704851067283,11.557109463392736,51.06082824707031,50.43715003967285,0.0022754702425695,52.77999877929688,53.69950860346508,0.9683515054855564,0.9335006713867188,0.0179519359882061,50.119998931884766,49.84999847412109,49.84999847412109,-0.0413461831899789,State Street Materials Select Sector SPDR ETF,P,True,False,False,False,False,False,False,False,False,,False,,,8166011392.0,Sector,unknown,278.0,True,,False,True,52.0,True,True,False,317.0,,0,0,False,Sector,Sector,Sector,Sector,Sector
2026-08-04,SPSB,29.88999938964844,29.90999984741211,29.8799991607666,29.899999618530277,3579800.0,251,107036018.63441467,103203881.08703612,91738874.57074362,0.0032511144826845,0.0091206516375201,0.0113249320174415,0.2330595953571592,0.1968391263696494,0.1167749197082622,0.0007577034257942,0.0017953011002513,0.0013224680270382,0.0016298095246267,2.8038032150414898,29.77397636413574,29.649266713460285,0.0010761286911664,29.90999984741211,29.90999984741211,0.9996656560035824,0.0362339504146579,0.0012118378219711,29.73335688184458,29.73335688184458,29.73335688184458,-0.0055733357462125,State Street SPDR Portfolio Short Term Corporate Bond ETF,P,True,False,False,False,False,False,False,False,False,,False,,,10633097216.0,Bond,unknown,233.0,True,,False,True,209.0,True,True,False,318.0,,0,0,False,Bond,Bond,Bond,Bond,Bond
2026-08-04,JPLD,52.0,52.0,51.95000076293945,51.970001220703125,316900.0,251,16469293.38684082,21366930.598526,23724968.889290947,0.0036429472614687,0.0089107107151584,0.0118946207151033,0.2676561011518143,0.191089964298873,0.1228470148366404,0.0009750570607064,0.0017027473924372,0.0014612186474645,0.0016182123316967,2.1673139802040686,51.72867881774902,51.50829216003418,0.0010640568536255,52.0,52.0,0.999423100398137,0.0683769913381635,0.0013157011685988,51.686705843848976,51.686705843848976,51.686705843848976,-0.0054511327727522,JPMorgan Limited Duration Bond ETF,P,True,False,False,False,False,False,False,False,False,,False,,,3882614016.0,Bond,unknown,436.0,True,,False,True,386.0,True,True,False,319.0,,0,0,False,Bond,Bond,Bond,Bond,Bond
2026-08-04,USHY,36.68999862670898,36.81999969482422,36.68999862670898,36.79999923706055,15892700.0,251,584851347.8748322,437528729.33424,407853455.4707664,0.0022841762534189,0.0138664797329679,0.0165063091067148,0.0750236315054889,0.1371614211087143,0.0640069462178865,0.00017136719753,0.001901946065949,0.0010565184392493,0.0016060463966041,2.960581478889437,36.5651530456543,36.27405316670736,0.0014628200732147,36.81999969482422,36.81999969482422,0.9994568045103356,0.1008885279210339,0.0027415361416483,36.407927421133,36.407927421133,36.407927421133,-0.0106541256536957,iShares Broad USD High Yield Corporate Bond ETF,Z,True,False,False,False,False,False,False,False,False,,False,,,28476405760.0,Bond,unknown,97.0,True,,False,True,69.0,True,True,False,320.0,,0,0,False,Bond,Bond,Bond,Bond,Bond
2026-08-04,SHYG,42.02000045776367,42.130001068115234,42.02000045776367,42.11000061035156,769100.0,251,32386801.469421387,59622447.01711655,57494514.69377185,0.0020392289000628,0.0119688414095511,0.01681909595091,0.0839960665986173,0.1395820236827588,0.0763219438180408,0.0001712872064995,0.0016706351050831,0.0012836660962355,0.0015351959519865,2.1306542646704467,41.8880290222168,41.53736351013183,0.0012131071254628,42.130001068115234,42.130001068115234,0.9995252680451792,0.0892940403636984,0.0021204948722263,41.75587063204016,41.75587063204016,41.75587063204016,-0.0084096407784034,iShares 0-5 Year High Yield Corporate Bond ETF,P,True,False,False,False,False,False,False,False,False,,False,,,7603881984.0,Bond,unknown,294.0,True,,False,True,270.0,True,True,False,321.0,,0,0,False,Bond,Bond,Bond,Bond,Bond
2026-08-04,IDEF,33.959999084472656,34.630001068115234,33.89500045776367,34.529998779296875,455000.0,251,15711149.444580078,18622768.33879471,28882018.68090857,0.0521023491886969,0.0433732981616716,0.0089797745514794,0.2223666306692786,0.0533342650261691,0.0052825145293739,0.0115858238390447,0.0023132829792136,4.743578953869248e-05,0.0015202364628274,20.0,32.2538179397583,33.54483470916748,-0.0006381929816996,34.630001068115234,36.81834220635579,0.9378477332240156,0.6535998344421386,0.0189284638733904,31.364999771118164,30.76000022888184,30.76000022888184,-0.1091803847000253,iShares Defense Industrials Active ETF,Q,True,False,False,False,False,False,False,False,False,,False,,,4074098176.0,Industry / Theme,unknown,417.0,True,,False,True,358.0,True,True,False,322.0,,0,0,False,Industry / Theme,Industry / Theme,Industry / Theme,Industry / Theme,Industry / Theme
2026-08-04,SPHY,23.209999084472656,23.280000686645508,23.200000762939453,23.270000457763672,6104100.0,251,142042409.79423523,183535720.08909225,127135363.28595176,0.0024325058705105,0.0130165705450064,0.0171786403342499,0.0815140326386537,0.1311578003266311,0.0675977461184518,0.0001982833629225,0.0017072247604794,0.0011612373679748,0.0015161291731028,2.4550211963962383,23.132345695495605,22.94139030456543,0.0014043097068967,23.280000686645508,23.280000686645508,0.9995704369163712,0.0639699610085553,0.0027490313601267,23.03458458845716,23.03458458845716,23.03458458845716,-0.0101167109873421,State Street SPDR Portfolio High Yield Bond ETF,P,True,False,False,False,False,False,False,False,False,,False,,,11327878144.0,Bond,unknown,217.0,True,,False,True,156.0,True,True,False,323.0,,0,0,False,Bond,Bond,Bond,Bond,Bond
2026-08-04,VWO,59.58000183105469,60.130001068115234,59.5,60.04999923706055,9797300.0,251,588327857.5252533,482741025.7143593,503161698.3779786,0.0198708924544992,0.0236909379135319,0.0588476375015663,0.1027215304338506,0.035736413029617,0.0442189513343875,0.0020411684840126,0.0008466291423369,0.0026021808188254,0.0014610722291079,0.5716475716518606,59.18131294250488,57.496415583292645,-0.0027052715031012,60.130001068115234,61.52000045776367,0.9761053119348992,0.814999771118164,0.0135720196748175,56.790000915527344,56.790000915527344,56.790000915527344,-0.0542880659942,Vanguard FTSE Emerging Markets ETF,P,True,False,False,False,False,False,False,False,False,,False,,,163324018688.0,Country / Region,unknown,15.0,True,,False,True,65.0,True,True,False,324.0,,0,0,False,Country / Region,Country / Region,Country / Region,Country / Region,Country / Region
2026-08-04,ANGL,28.809999465942383,29.0,28.809999465942383,28.96999931335449,2352900.0,251,68163511.38439178,23267157.784786224,19942452.6883534,-2.4952264803146385e-05,0.0146669746795258,0.0165648838357219,0.0,0.115860921088808,0.054212985374423,-0.0,0.001699329195956,0.000898031805115,0.0014188751091617,2.7279530328687907,28.792718658447267,28.54765741984049,0.0019571823256492,29.0,29.030374690346477,0.9979202687655264,0.0935470649429699,0.0032291013862691,28.622755749063767,28.622755749063767,28.622755749063767,-0.0119863159310001,VanEck Fallen Angel High Yield Bond ETF,Q,True,False,False,False,False,False,False,False,False,,False,,,3117964800.0,Bond,unknown,494.0,True,,False,True,404.0,True,True,False,325.0,,0,0,False,Bond,Bond,Bond,Bond,Bond
2026-08-04,BSCS,20.34000015258789,20.36000061035156,20.34000015258789,20.36000061035156,400000.0,251,8144000.244140625,10845797.516012192,10492736.479265727,0.0037412373079603,0.0087333434321603,0.0106544497561629,0.2346249786232802,0.1781432941580133,0.1056628576257499,0.0008777877234048,0.0015557865680182,0.0011257796076661,0.001405284131895,2.501598994050013,20.274888610839845,20.195133260091147,0.0010765884822108,20.36000061035156,20.36000061035156,1.0,0.0249608751558113,0.0012259761496824,20.25,20.25,20.25,-0.0054027803071693,Invesco BulletShares 2028 Corporate Bond ETF,Q,True,False,False,False,False,False,False,False,False,,False,,,3521428736.0,Bond,unknown,456.0,True,,False,True,450.0,True,True,False,326.0,,0,0,False,Bond,Bond,Bond,Bond,Bond
2026-08-04,JNK,95.48999786376952,95.81999969482422,95.4499969482422,95.75,3982700.0,251,381343525.0,246899371.72153476,260610570.27537027,0.0023977398306918,0.0129014726127094,0.0160858716297507,0.0813695674565098,0.1232221387138424,0.0606289563045765,0.0001951030528966,0.0015897470478961,0.0009752696081611,0.0013746799439888,2.6508453613396936,95.1948956298828,94.42110407511392,0.0013359947187974,95.81999969482422,95.81999969482422,0.9992694667601006,0.2615930342210241,0.0027320421328566,94.75519877629478,94.75519877629478,94.75519877629478,-0.0103895689159814,State Street SPDR Bloomberg High Yield Bond ETF,P,True,False,False,False,False,False,False,False,False,,False,,,7345531392.0,Bond,unknown,299.0,True,,False,True,96.0,True,True,False,327.0,,0,0,False,Bond,Bond,Bond,Bond,Bond
2026-08-04,IGF,66.52999877929688,66.72000122070312,66.05999755859375,66.56999969482422,934800.0,251,62229635.71472168,60349842.87914276,54439598.10445877,-0.0089325367050328,-0.0006385265990137,0.0554545081210948,0.0,0.0,0.0699375008152117,-0.0,-0.0,0.0038783497069262,0.0013574223974241,-0.0,66.47509262084961,65.65941965738932,0.0024074465118923,67.76000213623047,68.63407614090849,0.969926360750502,0.5549995422363281,0.0083370819405228,66.05999755859375,66.05999755859375,66.05999755859375,-0.0076611407325891,iShares Global Infrastructure ETF,Q,True,False,False,False,False,False,False,False,False,,False,,,10779330560.0,REIT / Infra,unknown,227.0,True,,False,True,276.0,True,True,False,328.0,,0,0,False,REIT / Infra,REIT / Infra,REIT / Infra,REIT / Infra,REIT / Infra
2026-08-04,AIRR,121.1500015258789,123.47000122070312,120.19000244140624,122.66000366210938,674400.0,251,82721906.46972656,88463914.33803558,92822611.35741945,-0.0017091159744317,-0.0208349409347692,0.0907611151708702,0.0,0.0,0.042266793631604,-0.0,-0.0,0.0038361813247014,0.0013426634636454,-0.0,125.74419982910156,119.60799168904624,-0.0132307683752563,125.37000274658205,135.0500030517578,0.908256207999492,3.3112998962402345,0.0269957589872722,109.97899627685548,109.97899627685548,109.97899627685548,-0.1033833931734274,First Trust RBA American Industrial Renaissance ETF,Q,True,False,False,False,False,False,False,False,False,,False,,,11489859584.0,Other,unknown,213.0,True,,False,True,203.0,True,True,False,329.0,,0,0,False,Other,Other,Other,Other,Other
2026-08-04,IBDT,25.1299991607666,25.149999618530277,25.1299991607666,25.13999938964844,309800.0,251,7788371.810913086,16705848.194875715,15391997.785080804,0.0029062412853659,0.0082436613581509,0.0102254225374405,0.1959712879872345,0.1785355735874438,0.1013423129774645,0.0005695398478948,0.0014717868090381,0.0010362679711161,0.0013193552157654,2.1458512739062403,25.047229843139647,24.94861509958903,0.0010745604424182,25.16677887540919,25.22655575810475,0.9965688392309162,0.0499747407269131,0.0019878576746302,25.01733274301209,25.01733274301209,25.01733274301209,-0.0048793416712195,iShares iBonds Dec 2028 Term Corporate ETF,P,True,False,False,False,False,False,False,False,False,,False,,,3989931008.0,Bond,unknown,422.0,True,,False,True,426.0,True,True,False,330.0,,0,0,False,Bond,Bond,Bond,Bond,Bond
2026-08-04,SJNK,24.799999237060547,24.850000381469727,24.790000915527344,24.84000015258789,3314200.0,251,82324728.50570679,64469649.89522934,61142289.66703566,0.0013129854545939,0.0109644654131257,0.0165831841696297,0.0501855840976616,0.1223954835550972,0.0751891274918376,6.589294195052897e-05,0.0013420010461626,0.0012468751487509,0.0013087069820685,2.2895066218717584,24.718477478027346,24.526173210144044,0.0011006080408761,24.850000381469727,24.850000381469727,0.9995975763087194,0.0563229377450921,0.0022674290418321,24.61851493818288,24.61851493818288,24.61851493818288,-0.0089164739550912,State Street SPDR Bloomberg Short Term High Yield Bond ETF,P,True,False,False,False,False,False,False,False,False,,False,,,4880412160.0,Bond,unknown,381.0,True,,False,True,260.0,True,True,False,331.0,,0,0,False,Bond,Bond,Bond,Bond,Bond
2026-08-04,BKLN,20.43000030517578,20.46999931335449,20.43000030517578,20.450000762939453,6906700.0,251,141242020.26939392,113092336.86372755,169797501.85226864,0.0068277894382571,0.0079208019453564,0.0154648343698851,0.5810444719702721,0.1586387385267121,0.085579423705255,0.0039672493088763,0.0012565460287312,0.0013234716130719,0.0012799699832505,0.8548380401719294,20.30254894256592,20.186273409525555,0.0007761885403712,20.46999931335449,20.46999931335449,0.9990230312122194,0.0323831946071134,0.0015835302395587,20.34000015258789,20.29142534124084,20.29142534124084,-0.0077542990602713,Invesco Senior Loan ETF,P,True,False,False,False,False,False,False,False,False,,False,,,7145859584.0,Bond,unknown,305.0,True,,False,True,130.0,True,True,False,332.0,,0,0,False,Bond,Bond,Bond,Bond,Bond
2026-08-04,BINC,51.93999862670898,51.9900016784668,51.91999816894531,51.97999954223633,1506000.0,251,78281879.31060791,77556667.70893097,120319636.87761097,0.0002103002338627,0.0117116173307108,0.0086235541268253,0.0069877878346638,0.1421152685304478,0.04840651802312,1.469533415812756e-06,0.0016643996418798,0.0004174362282635,0.0012279624471141,1.8741303954955144,51.77905776977539,51.513430760701496,0.0010600805941032,51.9900016784668,52.03876045406359,0.9988708241450306,0.1110095715253802,0.0021356208638512,51.57084115426328,51.57084115426328,51.57084115426328,-0.0078714580911181,iShares Flexible Income Active ETF,P,True,False,False,False,False,False,False,False,False,,False,,,16206218240.0,Other,unknown,160.0,True,,False,True,165.0,True,True,False,333.0,,0,0,False,Other,Other,Other,Other,Other
2026-08-04,HYLB,36.20000076293945,36.30500030517578,36.20000076293945,36.290000915527344,852700.0,251,30944483.78067017,36065455.49510956,41535486.4181458,0.0022831923392792,0.0117168589876115,0.0165593102976628,0.074016264383323,0.1119151763130788,0.064120908085062,0.000168993367822,0.001311294339434,0.0010617980135484,0.001223970625374,3.0392303614291434,36.079887313842775,35.81223762512207,0.0012462565713453,36.30500030517578,36.30500030517578,0.9995868505847032,0.093090486931355,0.0025651828212416,35.90900248087026,35.90900248087026,35.90900248087026,-0.0104987165898381,Xtrackers USD High Yield Corporate Bond ETF,P,True,False,False,False,False,False,False,False,False,,False,,,3468311296.0,Bond,unknown,466.0,True,,False,True,306.0,True,True,False,334.0,,0,0,False,Bond,Bond,Bond,Bond,Bond
2026-08-04,FLXR,38.81999969482422,38.93000030517578,38.81999969482422,38.88999938964844,437300.0,251,17006596.73309326,16430865.693359377,17031274.55788264,0.0020746686078862,0.0102896179823739,0.0138675610772667,0.077751050764544,0.1172614893266205,0.0829519651590205,0.0001613076642513,0.0012065759292151,0.001150341443322,0.0011868938591525,2.409733336016986,38.734141693115234,38.51928810119629,0.001016488014361,38.93000030517578,38.93000030517578,0.9989724912608844,0.0918430758682397,0.0023616116562009,38.57072028610542,38.57072028610542,38.57072028610542,-0.0082097996542525,TCW Flexible Income ETF,N,True,False,False,False,False,False,False,False,False,,False,,,3345479168.0,Bond,unknown,471.0,True,,False,True,416.0,True,True,False,335.0,,0,0,False,Bond,Bond,Bond,Bond,Bond
2026-08-04,XLP,84.29000091552734,85.43000030517578,83.86000061035156,85.37000274658203,13261100.0,251,1132100143.422699,967383186.6345978,1010627453.2572428,0.0060099237869704,0.0289962492308701,0.0230320838048294,0.0299824851370353,0.0521625055419167,0.022027454792732,0.0001801924506175,0.0015125170112,0.0005073381847932,0.0011607044219576,0.5765739375851261,84.03417037963867,83.24487431844075,0.0022892560358307,88.77999877929688,89.01780978862107,0.9590216042081804,1.5575000762939453,0.0182441141640504,82.80999755859375,82.80999755859375,82.80999755859375,-0.0299871747174188,State Street Consumer Staples Select Sector SPDR ETF,P,True,False,False,False,False,False,False,False,False,,False,,,13649293312.0,Sector,unknown,186.0,True,,False,True,34.0,True,True,False,336.0,,0,0,False,Sector,Sector,Sector,Sector,Sector
2026-08-04,MAGS,67.73999786376953,69.20800018310547,67.73999786376953,68.95999908447266,9305200.0,251,641686583.480835,329104656.5895272,292317538.6715662,0.0410628216851265,0.0297147652306499,0.0424004286438532,0.1442208077216359,0.0372449585730817,0.0277078093235587,0.0059221133107584,0.0011067252000244,0.001174822992101,0.0011305594272512,0.2486696223422474,66.17040016174316,64.64869349161783,-0.0141712965721504,69.20800018310547,71.16000366210938,0.9690836921807502,1.437449836730957,0.0208446904845539,62.43000030517578,62.43000030517578,62.43000030517578,-0.0946925589615792,Roundhill Magnificent Seven ETF,Z,True,False,False,False,False,False,False,False,False,,False,,,3602203392.0,Other,unknown,454.0,True,,False,True,88.0,True,True,False,337.0,,0,0,False,Other,Other,Other,Other,Other
2026-08-04,IAGG,49.959999084472656,50.02999877929688,49.959999084472656,50.02999877929688,1062700.0,251,53166879.70275879,67751271.01568222,103270279.4875917,0.0018021657000959,0.012113117500782,0.0091071572701411,0.054545622686614,0.1192966375499055,0.0409139380741278,9.83002502961913e-05,0.0014450541880902,0.0003726096685818,0.0010696986062623,3.643653883042114,49.90334945678711,49.68975667317709,0.0013394696880284,50.02999877929688,50.27921961734516,0.995043263599853,0.1283496856689453,0.00256545450331,49.630001068115234,49.630001068115234,49.630001068115234,-0.0079951573244324,iShares International Aggregate Bond Fund,Z,True,False,False,False,False,False,False,False,False,,False,,,10738313216.0,Bond,unknown,229.0,True,,False,True,187.0,True,True,False,338.0,,0,0,False,Bond,Bond,Bond,Bond,Bond
2026-08-04,HYG,79.37000274658203,79.5999984741211,79.37000274658203,79.55000305175781,46467400.0,251,3696481811.807251,2604021859.0434265,2669667762.676288,0.0022091940690098,0.0115016992271019,0.0144144878634937,0.0729266481790548,0.1050118951245046,0.0533368996624347,0.0001611091186299,0.00120781523299,0.0007688240928605,0.0010541683339447,3.162749981738419,79.13232986450195,78.5773129272461,0.0010971515273856,79.5999984741211,79.5999984741211,0.9993719167924414,0.2113003414506963,0.0026561952651745,78.75763950834767,78.75763950834767,78.75763950834767,-0.0099605721308975,iShares iBoxx $ High Yield Corporate Bond ETF,P,True,False,False,False,False,False,False,False,False,,False,,,17626118144.0,Bond,unknown,146.0,True,,False,True,12.0,True,True,False,339.0,,0,0,False,Bond,Bond,Bond,Bond,Bond
2026-08-04,JGRO,94.48999786376952,96.30999755859376,94.48999786376952,95.94000244140624,618800.0,251,59367673.51074219,60980592.66616821,60027880.46511696,0.0113852184704374,0.0207469371417912,0.0477230835551596,0.042253571575684,0.0283142805266331,0.0361127354631872,0.0004810661435454,0.0005874345983011,0.001723411091915,0.0009850263710659,0.1652034122356846,95.3999998474121,92.2385331217448,-0.010036606973152,97.02999877929688,99.7300033569336,0.9619973850601116,2.144099807739258,0.0223483401415247,88.12999725341797,88.12999725341797,88.12999725341797,-0.0814050968234872,JPMorgan Active Growth ETF,P,True,False,False,False,False,False,False,False,False,,False,,,9992348672.0,Factor / Style,unknown,247.0,True,,False,True,263.0,True,True,False,340.0,,0,0,False,Factor / Style,Factor / Style,Factor / Style,Factor / Style,Factor / Style
2026-08-04,EMB,95.0500030517578,95.25,94.91000366210938,95.22000122070312,9029600.0,251,859798523.0224609,582447051.2944412,592435400.6748624,-0.0031448756195062,0.014342250121625,0.0165661993104666,0.0,0.0759833006384543,0.0400689052466175,-0.0,0.0010897715028233,0.0006637894704676,0.0009406777914988,1.8148194871795595,95.13549255371092,94.22855509440105,0.0009989519934678,95.61000726871966,96.04631112850502,0.9913967553975463,0.3991878091050182,0.0041922684728786,94.06679319064276,94.06679319064276,94.06679319064276,-0.0121109852475997,iShares J.P. Morgan USD Emerging Markets Bond ETF,Q,True,False,False,False,False,False,False,False,False,,False,,,14615079936.0,Bond,unknown,173.0,True,,False,True,53.0,True,True,False,341.0,,0,0,False,Bond,Bond,Bond,Bond,Bond
2026-08-04,NEAR,50.43000030517578,50.459999084472656,50.41999816894531,50.45000076293945,386000.0,251,19473700.29449463,22665081.0351944,28331797.488718186,0.0024610585689945,0.006523944239954,0.0085771841715223,0.2127430937778476,0.1497307428283968,0.087552818162286,0.0005235732139363,0.0009768350172193,0.0007509566461137,0.0008977775873323,2.6778810055869453,50.269839935302734,50.117061106363934,0.0007448605927562,50.459999084472656,50.459999084472656,0.9998018564860364,0.0637940622533317,0.0012645007192982,50.19661918781716,50.19661918781716,50.19661918781716,-0.0050224295597718,iShares Short Duration Bond Active ETF,Z,True,False,False,False,False,False,False,False,False,,False,,,4774438400.0,Bond,unknown,385.0,True,,False,True,364.0,True,True,False,342.0,,0,0,False,Bond,Bond,Bond,Bond,Bond
2026-08-04,VCR,397.6900024414063,401.8399963378906,397.55999755859375,401.1300048828125,74800.0,251,30004524.36523437,25842519.658203125,23982277.764117528,0.013056908625378,0.0295133260684872,0.0018351924330133,0.0582012181610365,0.0445649714681004,0.0014699974724688,0.0007599279874143,0.0013152605341708,2.6977282380235333e-06,0.0008558635520943,0.7053435913403348,390.6782550048828,386.9379193115234,-0.0025895261160163,402.010009765625,405.132061529269,0.9901215997782308,6.715498352050782,0.0167414510764725,368.5299987792969,368.5299987792969,368.5299987792969,-0.081270425315203,Vanguard Consumer Discretion ETF,P,True,False,False,False,False,False,False,False,False,,False,,,6827243008.0,Other,unknown,316.0,True,,False,True,384.0,True,True,False,343.0,,0,0,False,Other,Other,Other,Other,Other
2026-08-04,PYLD,26.15999984741211,26.200000762939453,26.14299964904785,26.200000762939453,4762900.0,251,124787983.63380432,99368678.81635666,105495376.31801726,3.88764785075324e-05,0.011456205476541,0.0095772185848665,0.0010332737362713,0.0905586928405875,0.0380225518539743,4.017004420055243e-08,0.0010374589928687,0.0003641502902599,0.0008018009469556,2.7085758863690703,26.109495124816892,25.9700981648763,0.0012032494305507,26.2188757520442,26.308025360107425,0.9958938538453832,0.0802774289630518,0.0030640239169995,25.91053443629635,25.91053443629635,25.91053443629635,-0.0110483327562556,PIMCO Multisector Bond Active Exchange-Traded Fund,P,True,False,False,False,False,False,False,False,False,,False,,,14711611392.0,Bond,unknown,171.0,True,,False,True,185.0,True,True,False,344.0,,0,0,False,Bond,Bond,Bond,Bond,Bond
2026-08-04,IGSB,52.060001373291016,52.119998931884766,52.060001373291016,52.119998931884766,4566700.0,251,238016399.12223816,138682691.801548,161563640.5888633,0.0028484739987568,0.00765884279323,0.008768413069403,0.1534240509832138,0.1160868491095652,0.062822779995694,0.0004370244200096,0.0008890909276915,0.0005508560851704,0.0007707087328091,5.265322162632256,51.92423042297364,51.77738980611166,0.0007635185833114,52.119998931884766,52.119998931884766,1.0,0.082616493427156,0.0015851207812787,51.77271958072366,51.77271958072366,51.77271958072366,-0.0066630728756338,iShares 1-5 Year Investment Grade Corporate Bond ETF,Q,True,False,False,False,False,False,False,False,False,,False,,,22337937408.0,Bond,unknown,122.0,True,,False,True,135.0,True,True,False,345.0,,0,0,False,Bond,Bond,Bond,Bond,Bond
2026-08-04,XLU,44.25,44.290000915527344,43.59000015258789,44.11000061035156,26764100.0,251,1180564467.3355105,834470548.910408,917635953.6927178,-0.034792125296359,-0.042664107847918,0.0488509841936344,0.0,0.0,0.0440836835536673,-0.0,-0.0,0.0021535313284773,0.000753735964967,-0.0,44.85842735290528,44.72247266133626,0.0038273145308425,46.630001068115234,47.40728211653791,0.9304477844125112,0.709500503540039,0.0160847992229121,43.59000015258789,43.59000015258789,43.59000015258789,-0.0117887202577285,State Street Utilities Select Sector SPDR ETF,P,True,False,False,False,False,False,False,False,False,,False,,,23111417856.0,Sector,unknown,117.0,True,,False,True,38.0,True,True,False,346.0,,0,0,False,Sector,Sector,Sector,Sector,Sector
2026-08-04,STIP,100.66999816894533,100.68000030517578,100.58999633789062,100.62000274658205,1009400.0,251,101565830.7723999,81022806.97315216,99535392.49991766,0.0003848782153241,-0.0018402637446471,0.0143553759670089,0.0354082344731332,0.0,0.144617988027404,1.3627858091799658e-05,-0.0,0.0020760455897257,0.000726615956404,-0.0,100.56289413452149,100.02087473551433,-0.0003177964367915,100.75997668913166,100.92222721425404,0.9970053725922002,0.1097561803060251,0.001090798820414,100.36289641012011,100.36289641012011,100.36289641012011,-0.0025552209247046,iShares 0-5 Year TIPS Bond ETF,P,True,False,False,False,False,False,False,False,False,,False,,,15883689984.0,Bond,unknown,162.0,True,,False,True,194.0,True,True,False,347.0,,0,0,False,Bond,Bond,Bond,Bond,Bond
2026-08-04,VGSH,58.02999877929688,58.02999877929688,58.0099983215332,58.02999877929688,2812900.0,251,163232583.56628418,153371515.00205994,191079172.91193765,0.0031423919040727,0.005607843365383,0.0079137197822323,0.2456378191415331,0.1292150405624826,0.086534044887,0.0007718902942044,0.000724617707926,0.0006848061828588,0.0007106836741525,4.425499597214452,57.83042686462402,57.715643870035805,0.0007026180365481,58.02999877929688,58.02999877929688,1.0,0.0609285914695391,0.0010499499009342,57.77843637073661,57.77843637073661,57.77843637073661,-0.0043350407350001,Vanguard Short-Term Treasury ETF,Q,True,False,False,False,False,False,False,False,False,,False,,,33827600384.0,Bond,unknown,88.0,True,,False,True,120.0,True,True,False,348.0,,0,0,False,Bond,Bond,Bond,Bond,Bond
2026-08-04,VTIP,49.66999816894531,49.68000030517578,49.630001068115234,49.650001525878906,4143800.0,251,205739676.322937,116901267.63580322,126379074.30284289,0.0002014934801259,-0.0019557616754294,0.0143948683292398,0.0163969282337343,0.0,0.1363835400779917,3.303874133191272e-06,-0.0,0.0019632231016982,0.0006871280855944,-0.0,49.61933517456055,49.35099360148112,-0.0003263673343607,49.709999084472656,49.79661568359011,0.9970557405217496,0.0589994430541992,0.0011883069736351,49.52000045776367,49.52000045776367,49.52000045776367,-0.0026183497305125,Vanguard Short-Term Inflation-Protected Securities Index Fund ETF Shares,Q,True,False,False,False,False,False,False,False,False,,False,,,71082704896.0,Other,unknown,43.0,True,,False,True,158.0,True,True,False,349.0,,0,0,False,Other,Other,Other,Other,Other
2026-08-04,SCHO,24.049999237060547,24.059999465942383,24.040000915527344,24.049999237060547,3730200.0,251,89711307.15408325,61367125.03867149,83280029.78915866,0.0029553040684469,0.0055313640671388,0.0076311977210132,0.2442574452698704,0.1222548100310915,0.0822848181434344,0.0007218550217544,0.0006762358632408,0.0006279317166901,0.0006593294119481,4.05953681760255,23.97250244140625,23.9248961130778,0.0006977792512417,24.059999465942383,24.059999465942383,0.9995843628801409,0.0254712911861131,0.0010590973802137,23.94923710146121,23.94923710146121,23.94923710146121,-0.004189693920824,Schwab Short-Term U.S. Treasury ETF,P,True,False,False,False,False,False,False,False,False,,False,,,12952873984.0,Bond,unknown,197.0,True,,False,True,219.0,True,True,False,350.0,,0,0,False,Bond,Bond,Bond,Bond,Bond
2026-08-04,GUNR,52.150001525878906,52.47999954223633,51.86000061035156,52.380001068115234,461300.0,251,24162894.49272156,44313624.71908569,28821426.91301618,0.0484387915930668,-0.0311379115551477,0.046297737023788,0.3078887174591557,0.0,0.0405024528225541,0.0149137574188606,-0.0,0.0018751719095969,0.0006563101683589,,51.54902305603027,52.20477361043295,-0.0086960542641246,53.150001525878906,55.97048809790195,0.9358503534307876,0.6439998626708985,0.0122947661233041,51.470001220703125,49.41999816894531,49.41999816894531,-0.0565101725622478,FlexShares Global Upstream Natural Resources Index Fund ETF,P,True,False,False,False,False,False,False,False,False,,False,,,6723008512.0,Global Equity,unknown,320.0,True,,False,True,359.0,True,True,False,351.0,,0,0,False,Global Equity,Global Equity,Global Equity,Global Equity,Global Equity
2026-08-04,CGHM,25.40999984741211,25.450000762939453,25.350000381469727,25.450000762939453,429600.0,251,10933320.327758787,10980150.975971222,11297633.348810105,-0.0158545954267297,0.0066598238909441,0.0146009717353918,0.0,0.0647275649603715,0.0724865601697829,-0.0,0.0004310741835257,0.0010583742162347,0.0006506291949738,0.1561613392401562,25.63071365356445,25.32498540242513,0.0019632054380056,25.86400032043457,29.610699472566253,0.8594866455795275,0.0872001647949218,0.003426332502194,25.309999465942383,25.309999465942383,25.309999465942383,-0.005501033115918,Capital Group Municipal High-Income ETF,P,True,False,False,False,False,False,False,False,False,,False,,,3181882880.0,Bond,unknown,486.0,True,,False,True,445.0,True,True,False,352.0,,0,0,False,Bond,Bond,Bond,Bond,Bond
2026-08-04,SHY,81.86000061035156,81.87999725341797,81.8499984741211,81.87000274658203,5718600.0,251,468181797.706604,272708930.6040192,276461519.5918371,0.0031929440741176,0.0055265770267785,0.0074975056353816,0.255896544490065,0.1206738864893288,0.0773963441818992,0.0008170633553167,0.000666913528804,0.0005802795266617,0.0006365916280542,5.097676350599525,81.59682327270508,81.45211771647135,0.0006558708801709,81.87999725341797,81.87999725341797,0.9998779371376258,0.082818277653358,0.0010115826905455,81.50973518297866,81.50973518297866,81.50973518297866,-0.0044004831014667,iShares 1-3 Year Treasury Bond ETF,Q,True,False,False,False,False,False,False,False,False,,False,,,25358272512.0,Bond,unknown,110.0,True,include,False,True,92.0,True,True,False,353.0,,0,0,False,Bond,Bond,Bond,Bond,Bond
2026-08-04,VCSH,78.5199966430664,78.58999633789062,78.4800033569336,78.58999633789062,2366000.0,251,185943931.3354492,275722731.0277939,333580225.581481,0.0027967666966601,0.0069255439267987,0.0081558171843429,0.1375113081021055,0.1016655593550136,0.0578387693896574,0.0003845870469141,0.0007040892971557,0.0004717224293094,0.0006227608934095,5.462231551898396,78.30099792480469,78.10028513590495,0.0006809323639849,78.58999633789062,78.58999633789062,1.0,0.129008851657931,0.0016415429147403,78.06198826322101,78.06198826322101,78.06198826322101,-0.0067185150690106,Vanguard Short-Term Corporate Bond ETF,Q,True,False,False,False,False,False,False,False,False,,False,,,51786543104.0,Bond,unknown,55.0,True,,False,True,80.0,True,True,False,354.0,,0,0,False,Bond,Bond,Bond,Bond,Bond
2026-08-04,HYMB,24.809999465942383,24.8799991607666,24.809999465942383,24.86000061035156,1786600.0,251,44414877.0904541,41042753.34086418,29381872.41849748,-0.0123758763839945,0.0071078145780514,0.0162617632310788,0.0,0.0578996066089693,0.0607140268350287,-0.0,0.0004115396679186,0.0009873171291966,0.0006130617793659,0.3144722779251733,25.01260398864746,24.722438354492187,0.001293779979687,25.18148117830412,25.291050477293386,0.9829564269254524,0.0971537345985909,0.0039080342805034,24.71331106716263,24.71331106716263,24.71331106716263,-0.0059006250839693,State Street SPDR Nuveen ICE High Yield Municipal Bond ETF,P,True,False,False,False,False,False,False,False,False,,False,,,3091741440.0,Bond,unknown,496.0,True,,False,True,357.0,True,True,False,355.0,,0,0,False,Bond,Bond,Bond,Bond,Bond
2026-08-04,SPTS,28.899999618530277,28.920000076293945,28.899999618530277,28.899999618530277,1652800.0,251,47765919.36950684,29644051.693544388,39597689.0384553,0.0028410222835426,0.0049839551294139,0.0079015439091958,0.204248171639838,0.1092056423835669,0.0854805107889595,0.0005802736070016,0.0005442760215185,0.0006754280093794,0.0005901792172698,3.119482179090704,28.815732879638677,28.755947456359863,0.0007131520662921,28.920000076293945,28.920000076293945,0.9993084212409784,0.033004683202428,0.001142030575712,28.78822135925293,28.78822135925293,28.78822135925293,-0.0038677598876393,State Street SPDR Portfolio Short Term Treasury ETF,P,True,False,False,False,False,False,False,False,False,,False,,,5912571904.0,Bond,unknown,349.0,True,,False,True,314.0,True,True,False,356.0,,0,0,False,Bond,Bond,Bond,Bond,Bond
2026-08-04,VPU,191.22000122070312,191.3699951171875,188.2400054931641,190.5399932861328,529200.0,251,100833764.44702148,44510952.81990051,44271994.82090057,-0.0340177780170706,-0.043382757778798,0.0424205718807888,0.0,0.0,0.0393624900046298,-0.0,-0.0,0.0016697793366482,0.0005844227678268,-0.0,193.99505340576167,193.54094614664717,0.0029746844609204,201.08999633789065,204.4856368333461,0.9318013540551072,2.8964988708496096,0.0152015270962036,188.2400054931641,188.2400054931641,188.2400054931641,-0.0120708925895408,Vanguard Utilities ETF,P,True,False,False,False,False,False,False,False,False,,False,,,10763640832.0,Sector,unknown,228.0,True,,False,True,297.0,True,True,False,357.0,,0,0,False,Sector,Sector,Sector,Sector,Sector
2026-08-04,IBDU,23.020000457763672,23.049999237060547,23.020000457763672,23.040000915527344,324000.0,251,7464960.296630859,12916456.053676603,15406449.8081177,0.0025237387385554,0.0065977690780822,0.0072706862836413,0.1328605944625763,0.0966437841163201,0.0513042142852519,0.0003353054290727,0.0006376333704315,0.0003730168470967,0.0005450175872643,4.949609752902435,22.95710681915283,22.905593694051102,0.0007722588802898,23.049999237060547,23.14138988706048,0.9956187172841408,0.0430980760413117,0.0018705761427408,22.892343517888587,22.892343517888587,22.892343517888587,-0.0064087409622993,iShares iBonds Dec 2029 Term Corporate ETF,P,True,False,False,False,False,False,False,False,False,,False,,,3963476736.0,Bond,unknown,426.0,True,,False,True,424.0,True,True,False,358.0,,0,0,False,Bond,Bond,Bond,Bond,Bond
2026-08-04,VWOB,65.9800033569336,66.16000366210938,65.97000122070312,66.12999725341797,501300.0,251,33150967.623138428,30252808.588790894,35807340.803200856,-0.0029938511487299,0.0107021809328791,0.0118768819198293,0.0,0.0581284294899401,0.0300848596608629,-0.0,0.0006221009697454,0.0003573143257667,0.0005294256443528,1.4463627618601615,66.16015548706055,65.63836647033692,0.0005499956841932,66.4678358951669,66.8306962863041,0.9895153114987112,0.2457395629888132,0.0037160074579635,65.35373398320351,65.35373398320351,65.35373398320351,-0.0117384440111153,Vanguard Emerging Markets Government Bond ETF,Q,True,False,False,False,False,False,False,False,False,,False,,,6760565248.0,Bond,unknown,318.0,True,,False,True,328.0,True,True,False,359.0,,0,0,False,Bond,Bond,Bond,Bond,Bond
2026-08-04,BNDX,47.900001525878906,47.970001220703125,47.880001068115234,47.970001220703125,3569500.0,251,171228919.3572998,177385824.69129562,234034575.79959688,0.0014535555089052,0.0099130112840783,0.0043388069522822,0.0337229368443224,0.0748050225961069,0.0156155008098789,4.901816062652856e-05,0.0007415430331009,6.775264347727235e-05,0.0005057163967326,5.276553346405959,47.9114956665039,47.79298192342122,0.0009971659428815,47.99015201454064,48.551745054740586,0.9880180653984412,0.1346544008528503,0.0028070543553527,47.55124710749425,47.55124710749425,47.55124710749425,-0.00872949974052,Vanguard Total International Bond ETF,Q,True,False,False,False,False,False,False,False,False,,False,,,123285929984.0,Bond,unknown,24.0,True,,False,True,105.0,True,True,False,360.0,,0,0,False,Bond,Bond,Bond,Bond,Bond
2026-08-04,ISTB,47.97999954223633,48.0,47.970001220703125,48.0,376300.0,251,18062400.0,19493733.647651672,25297191.18572417,0.0023828566876444,0.0059780280646088,0.0070588250359311,0.1280238311276985,0.0950551587896847,0.0542121723223988,0.0003050624421805,0.0005682424069305,0.0003826742392415,0.0005032935482394,6.665358987626232,47.841705856323244,47.75291760762533,0.0006230001917166,48.0,48.01596151985888,0.9996675788768226,0.0704703689149134,0.0014681326857273,47.71650886035199,47.71650886035199,47.71650886035199,-0.0059060654093335,iShares Core 1-5 Year USD Bond ETF,Q,True,False,False,False,False,False,False,False,False,,False,,,5038184448.0,Bond,unknown,375.0,True,,False,True,382.0,True,True,False,361.0,,0,0,False,Bond,Bond,Bond,Bond,Bond
2026-08-04,LMBS,49.59000015258789,49.61000061035156,49.459999084472656,49.58000183105469,698100.0,251,34611799.27825928,24720304.84272003,25489690.100685,0.0032250848647636,0.0044346410358124,0.0096486462173928,0.1785265640622463,0.0670196949116514,0.0735505555700307,0.0005757633197154,0.0002972082892628,0.0007096632897879,0.0004415675394466,2.064501326301386,49.50104515075684,49.32200904846192,0.0006259146862948,49.75,50.308660072689904,0.9855162462967132,0.1680372578580087,0.0033892144342914,49.29999923706055,49.29999923706055,49.29999923706055,-0.0056474905940555,First Trust Low Duration Opportunities ETF,Q,True,False,False,False,False,False,False,False,False,,False,,,6341681152.0,Bond,unknown,335.0,True,,False,True,380.0,True,True,False,362.0,,0,0,False,Bond,Bond,Bond,Bond,Bond
2026-08-04,VAW,228.08999633789065,231.2700042724609,227.52999877929688,231.13999938964844,44600.0,251,10308843.97277832,9808314.687728882,12459801.411365326,0.0094331544345014,0.0166109413924919,0.0255343861247578,0.044739071072792,0.024162036791631,0.0187203842750439,0.0004220305666857,0.000401354177069,0.0004780135204828,0.0004281849472638,20.0,228.8422131347656,228.3974287923177,-0.0020480773836987,232.16000366210935,243.504293127968,0.949223508220359,3.778002166748047,0.0163450816679254,221.5,221.0,221.0,-0.0438695137856894,Vanguard Materials ETF,P,True,False,False,False,False,False,False,False,False,,False,,,4486959616.0,Sector,unknown,399.0,True,,False,True,440.0,True,True,False,363.0,,0,0,False,Sector,Sector,Sector,Sector,Sector
2026-08-04,SUB,106.02999877929688,106.0999984741211,105.98999786376952,106.06999969482422,488500.0,251,51815194.85092163,43951299.41368103,47080469.71175179,0.0001723690040531,0.0043746494428795,0.0032340187862742,0.0117558165778602,0.1272514074251527,0.0448031558248501,2.0263383953573005e-06,0.000556680298598,0.0001448942476219,0.0004125551807564,2.198598542391473,105.93854339599608,105.74128067016602,0.0005543078413392,106.11158354770248,106.22134905192662,0.9985751512435752,0.1381266234096536,0.0013022213991426,105.47296342059867,105.47296342059867,105.47296342059867,-0.0056287006311236,iShares Short-Term National Muni Bond ETF,P,True,False,False,False,False,False,False,False,False,,False,,,11377924096.0,Bond,unknown,215.0,True,,False,True,290.0,True,True,False,364.0,,0,0,False,Bond,Bond,Bond,Bond,Bond
2026-08-04,BSV,77.5199966430664,78.0,77.44999694824219,77.54000091552734,2307000.0,251,178884782.11212158,169521407.41344452,198148297.5166805,0.0022771668340526,0.0048226593309594,0.0061810401044897,0.12656000789253,0.0790502752555249,0.0473350619418035,0.0002881982524903,0.0003812325475759,0.0002925799162107,0.0003502041265981,10.481776652064724,77.30114334106446,77.23023518880208,0.0004788980649805,78.0,78.0,0.9941025758400942,0.1808053477267698,0.0023317687076601,77.08478905986993,77.08478905986993,77.08478905986993,-0.0058706712700883,Vanguard Short-Term Bond ETF,P,True,False,False,False,False,False,False,False,False,,False,,,69833809920.0,Bond,unknown,44.0,True,,False,True,118.0,True,True,False,365.0,,0,0,False,Bond,Bond,Bond,Bond,Bond
2026-08-04,VDC,228.5,231.4600067138672,227.30999755859372,231.3800048828125,165800.0,251,38362804.80957031,34679020.06896973,37812702.124410965,0.0055627933304835,0.0123374056565763,0.0167559976569389,0.0291041032185003,0.0231438350254248,0.016436570725282,0.0001619001112735,0.0002855348811575,0.0002754111405609,0.0002819915719487,0.2963023437155935,227.7001214599609,226.8211869303385,0.0003188204895956,239.72999572753903,241.69274851576964,0.957331183098014,4.019999694824219,0.01737401508337,223.77999877929688,223.77999877929688,223.77999877929688,-0.0328464255472931,Vanguard Consumer Staples ETF,P,True,False,False,False,False,False,False,False,False,,False,,,9185586176.0,Sector,unknown,261.0,True,,False,True,316.0,True,True,False,366.0,,0,0,False,Sector,Sector,Sector,Sector,Sector
2026-08-04,SHM,47.560001373291016,47.63999938964844,47.54999923706055,47.630001068115234,258900.0,251,12331407.276535034,14215214.194049835,11060378.918057395,-0.0019594047591642,0.0041701560720237,0.0010965148770754,0.0,0.0962553741284444,0.0135488038296472,-0.0,0.0004013999328866,1.4856464965784457e-05,0.0002661097191143,1.336614372844463,47.64402145385742,47.556163762410485,0.0004656040985964,47.79335590053418,47.85322120149986,0.995335316457701,0.091117587356036,0.0019130292948288,47.37428998393355,47.37428998393355,47.37428998393355,-0.0053686978468884,State Street SPDR Nuveen ICE Short Term Municipal Bond ETF,P,True,False,False,False,False,False,False,False,False,,False,,,3468243712.0,Bond,unknown,467.0,True,,False,True,446.0,True,True,False,367.0,,0,0,False,Bond,Bond,Bond,Bond,Bond
2026-08-04,SCHC,49.34000015258789,49.83000183105469,49.34000015258789,49.77999877929688,160200.0,251,7974755.804443359,15394767.817344666,17106163.577542987,0.0306418129526744,0.00609228258446,0.0234280165279014,0.1662922687144327,0.0109672437215236,0.0192187458784943,0.0050954965934235,6.681554792416702e-05,0.0004502570960869,0.0002010200897811,5.714285693298794,48.77847290039063,48.71199918111165,-0.0082088377652296,49.83000183105469,51.6636376123713,0.96354033668308,0.6620002746582031,0.0132985193027671,47.11000061035156,47.11000061035156,47.11000061035156,-0.053635962925249,Schwab International Small-Cap Equity ETF,P,True,False,False,False,False,False,False,False,False,,False,,,5338413056.0,Global Equity,unknown,365.0,True,,False,True,414.0,True,True,False,368.0,,0,0,False,Global Equity,Global Equity,Global Equity,Global Equity,Global Equity
2026-08-04,VSS,154.39999389648438,155.97000122070312,154.30999755859375,155.75,164200.0,251,25574150.0,27682269.80819702,40260960.01301114,0.0145257664504838,0.0007180456921769,0.0264296355588895,0.0749579549190564,0.0012101428609667,0.021564133373755,0.0010888217467601,8.689378682358345e-07,0.0005699321862116,0.0002000410747884,0.006056612322524,154.53806213378903,152.88716145833334,-0.0097632792705246,155.97000122070312,162.02329946291178,0.9612814978851372,2.108998870849609,0.0135409237293714,147.13999938964844,147.13999938964844,147.13999938964844,-0.0552809027951946,Vanguard FTSE All-Wld ex-US SmCp Idx ETF,P,True,False,False,False,False,False,False,False,False,,False,,,13810126848.0,Country / Region,unknown,183.0,True,,False,True,310.0,True,True,False,369.0,,0,0,False,Country / Region,Country / Region,Country / Region,Country / Region,Country / Region
2026-08-04,FPE,17.860000610351562,17.860000610351562,17.809999465942383,17.860000610351562,1068200.0,251,19078052.65197754,17075592.39713669,17760003.178793285,0.0017337111281661,0.0049337762985559,0.0037530123200553,0.0689112649465072,0.0510440423079741,0.0146964931332271,0.0001194722268937,0.0002518398861215,5.515611979060998e-05,0.0001830005679057,0.6466688890134087,17.806878051757813,17.754701754252117,-4.53003319789147e-05,17.91868319631239,17.95164890645797,0.9948947143193384,0.0504100169877897,0.0028225092533632,17.700000762939453,17.700000762939453,17.700000762939453,-0.0089585577796327,First Trust Preferred Securities and Income ETF ETF,P,True,False,False,False,False,False,False,False,False,,False,,,6320397824.0,Bond,unknown,336.0,True,,False,True,413.0,True,True,False,370.0,,0,0,False,Bond,Bond,Bond,Bond,Bond
2026-08-04,SPIB,33.130001068115234,33.18000030517578,33.130001068115234,33.16999816894531,5317000.0,251,176364880.26428223,188899173.7826157,229459898.3849238,0.0008307917337029,0.0047469244826376,0.0044183560573525,0.0279862898973293,0.0470365302816054,0.0211745011398247,2.3250778303715e-05,0.000223278857172,9.355648537256274e-05,0.0001778760270422,11.44728588441277,33.10646606445312,33.070387522379555,0.0001744720827334,33.2620016773615,33.38591499308494,0.9935326971213956,0.0835645441172399,0.0025192809385041,32.90338172338011,32.90338172338011,32.90338172338011,-0.0080378794176364,State Street SPDR Portfolio Intermediate Term Corporate Bond ETF,P,True,False,False,False,False,False,False,False,False,,False,,,11570174976.0,Bond,unknown,211.0,True,,False,True,106.0,True,True,False,371.0,,0,0,False,Bond,Bond,Bond,Bond,Bond
2026-08-04,UCON,24.68000030517578,24.709999084472656,24.65999984741211,24.690000534057617,373000.0,251,9209370.199203491,12191023.592319489,13425619.741875784,-0.0018038160363657,0.0046429732537762,0.0050176070827088,0.0,0.0444007706900288,0.0230317259557113,-0.0,0.0002061515907608,0.0001155641512823,0.0001744459869433,2.252961797248509,24.68575527191162,24.617649777730307,0.0001325242053764,24.77446314959561,25.00758893962889,0.9873003188616876,0.1079302258958231,0.0043714144820265,23.71999931335449,23.71999931335449,23.71999931335449,-0.0392872093852365,First Trust Smith Unconstrained Bond ETF,P,True,False,False,False,False,False,False,False,False,,False,,,3285839104.0,Bond,unknown,475.0,True,,False,True,435.0,True,True,False,372.0,,0,0,False,Bond,Bond,Bond,Bond,Bond
2026-08-04,ARKK,74.55999755859375,77.11000061035156,74.52999877929688,76.76000213623047,6615600.0,251,507813470.1324463,373032348.3525848,521627122.7110726,-0.0545633719911864,-0.018790760036096,0.03227543714604,0.0,0.0,0.0125477141256149,-0.0,-0.0,0.0004049829585877,0.0001417440355057,-0.0,77.44459991455078,75.6260001373291,-0.0095585233172619,82.72000122070312,84.33999633789062,0.9101257466114596,2.620249557495117,0.0341356107943406,69.88999938964844,69.88999938964844,69.88999938964844,-0.0894997727382737,ARK Innovation ETF,Z,True,False,False,False,False,False,False,False,False,,False,,,6534055424.0,Other,unknown,326.0,True,,False,True,61.0,True,True,False,373.0,,0,0,False,Other,Other,Other,Other,Other
2026-08-04,IBDV,21.61000061035156,21.6299991607666,21.60300064086914,21.6200008392334,368900.0,251,7975618.309593201,14647252.20396042,14127157.887367977,0.0014929039132514,0.0039167884389554,0.0032902475797786,0.0546148003296863,0.0416628198147104,0.0168514189272809,8.153464913363303e-05,0.0001631844509845,5.544534034132289e-05,0.0001254757622594,12.765828241032567,21.57462574005127,21.56525090535482,0.0002319737350822,21.906558219889398,21.976292189070488,0.9837874675686062,0.0695546025053939,0.003217141526617,21.463246994322592,21.463246994322592,21.463246994322592,-0.0072504088263654,iShares iBonds Dec 2030 Term Corporate ETF,P,True,False,False,False,False,False,False,False,False,,False,,,3198090240.0,Bond,unknown,482.0,True,,False,True,431.0,True,True,False,374.0,,0,0,False,Bond,Bond,Bond,Bond,Bond
2026-08-04,CQQQ,50.9900016784668,51.77000045776367,50.720001220703125,51.68999862670898,909800.0,251,47027560.75057984,65139275.9425354,77383381.97689965,-0.0417130155225085,0.0131320690500573,-0.0577834842941001,0.0,0.0101900897669651,0.0,-0.0,0.000133816962446,-0.0,8.698102558994501e-05,0.021131556585579,52.93659996032715,52.1625333404541,-0.0114657901147614,57.20000076293945,57.56999969482422,0.8978634514628308,1.394999885559082,0.0269878104589127,48.7400016784668,48.7400016784668,48.7400016784668,-0.0570709426700948,Invesco China Technology ETF,P,True,False,False,False,False,False,False,False,False,,False,,,3417853440.0,Country / Region,unknown,468.0,True,,False,True,227.0,True,True,False,375.0,,0,0,False,Country / Region,Country / Region,Country / Region,Country / Region,Country / Region
2026-08-04,GVI,105.31999969482422,105.41000366210938,105.31999969482422,105.38999938964844,91700.0,251,9664262.944030762,12291264.242134094,14005522.567361498,0.0012908210935591,0.0028791885012509,0.0029076578147995,0.0487380330722367,0.0335662607364974,0.0161257785764588,6.291208114822702e-05,9.664359194251336e-05,4.688824609756711e-05,7.922922089678217e-05,18.92882156900534,105.19406265258787,105.26593516031902,0.0001509192466682,105.51332404775005,106.38056551228313,0.9906884672227062,0.2101656839914568,0.0019941710333864,104.6759213611862,104.6759213611862,104.6759213611862,-0.006775576739707,iShares Intermediate Government/Credit Bond ETF,Z,True,False,False,False,False,False,False,False,False,,False,,,3754905600.0,Bond,unknown,443.0,True,,False,True,432.0,True,True,False,376.0,,0,0,False,Bond,Bond,Bond,Bond,Bond
2026-08-04,KWEB,28.524999618530277,28.88999938964844,28.395000457763672,28.88999938964844,14585900.0,251,421386642.09747314,576026973.3697796,694177337.0629053,0.1324970258894724,0.0104931526918299,-0.1762190008255931,0.4412532728094431,0.0115207059356766,0.0,0.0584647463112472,0.0001208885265007,-0.0,7.857754222547229e-05,19.45125279918392,26.401399879455568,29.743200035095214,-0.0097890671448986,28.88999938964844,34.709999084472656,0.832324982761876,0.5982500076293945,0.0207078580916742,26.1200008392334,26.09000015258789,26.09000015258789,-0.0969193248949604,KraneShares CSI China Internet ETF,P,True,False,False,False,False,False,False,False,False,,False,,,4907469312.0,Country / Region,unknown,378.0,True,,False,True,45.0,True,True,False,377.0,,0,0,False,Country / Region,Country / Region,Country / Region,Country / Region,Country / Region
2026-08-04,HYD,50.2400016784668,50.33000183105469,50.119998931884766,50.2599983215332,1316200.0,251,66152209.790802,46795464.30624008,40370194.47824993,-0.0195511459331971,-0.0016950644838262,0.0074924052042244,0.0,0.0,0.0282597691767457,-0.0,-0.0,0.00021173364165,7.410677457751111e-05,-0.0,50.7871794128418,50.26586710611979,-0.0002614245439257,51.2024695673704,51.43158226526512,0.9772205346961852,0.2233866632595841,0.004444621383202,49.89750248101059,49.89750248101059,49.89750248101059,-0.007212412507529,VanEck High Yield Muni ETF,Z,True,False,False,False,False,False,False,False,False,,False,,,4521939456.0,Bond,unknown,398.0,True,,False,True,309.0,True,True,False,378.0,,0,0,False,Bond,Bond,Bond,Bond,Bond
2026-08-04,CGMS,27.13999938964844,27.190000534057617,27.13999938964844,27.18000030517578,719800.0,251,19564164.219665527,28784351.55154228,28418637.340839326,-0.0047601304763378,0.0020239971355771,0.0059772074052142,0.0,0.0168315280061562,0.0233653241700715,-0.0,3.4066964471846126e-05,0.0001396593886545,7.102431293580391e-05,0.218811318349709,27.2620059967041,27.10406345367432,-0.0002113084394984,27.350000381469727,27.41663586607225,0.991368906015588,0.0812999725341796,0.0029911689338244,26.950000762939453,26.950000762939453,26.950000762939453,-0.0084620875516521,Capital Group U.S. Multi-Sector Income ETF,P,True,False,False,False,False,False,False,False,False,,False,,,5172525056.0,Bond,unknown,372.0,True,,False,True,363.0,True,True,False,379.0,,0,0,False,Bond,Bond,Bond,Bond,Bond
2026-08-04,VMBS,46.130001068115234,46.25,46.11000061035156,46.25,1966100.0,251,90932125.0,61846294.56338882,62906420.404016405,-0.0008758290626914,0.0033471497256556,0.0042145975955489,0.0,0.0218202887792161,0.0136408502771652,-0.0,7.303577360108028e-05,5.749069477938425e-05,6.759499601348667e-05,20.0,46.27055809020996,46.24755175272624,-4.286537809472524e-05,46.43002848207552,46.90787433270543,0.985975183440646,0.1758286448609286,0.0038017004294254,45.81229207336904,45.81229207336904,45.81229207336904,-0.0094639551703991,Vanguard Mortgage-Backed Securities ETF,Q,True,False,False,False,False,False,False,False,False,,False,,,17337255936.0,Bond,unknown,150.0,True,,False,True,255.0,True,True,False,380.0,,0,0,False,Bond,Bond,Bond,Bond,Bond
2026-08-04,FSEC,43.5,43.540000915527344,43.37099838256836,43.5,225300.0,251,9800550.0,11845847.96655655,14218953.71424357,-0.003183741510365,0.0030736286322643,0.0050429903069315,0.0,0.0195010603862038,0.0159074190325215,-0.0,5.993901756255207e-05,8.022095998930481e-05,6.703769741191553e-05,18.49929449778955,43.52799575805664,43.49385281880696,-1.8324725675311623e-05,43.77848503199114,44.122601168298,0.985889291387804,0.1796904636763699,0.004130815256928,43.090707789498445,43.090707789498445,43.090707789498445,-0.0094090163333691,Fidelity Investment Grade Securitized ETF,P,True,False,False,False,False,False,False,False,False,,False,,,4651778048.0,Bond,unknown,392.0,True,,False,True,430.0,True,True,False,381.0,,0,0,False,Bond,Bond,Bond,Bond,Bond
2026-08-04,JMTG,50.040000915527344,50.1349983215332,50.025001525878906,50.11000061035156,286700.0,251,14366537.174987791,28692465.94242096,36746526.39801389,-9.621459508424302e-05,0.001588843721612,0.0056467953976779,0.0,0.0126734865164029,0.0217412193593532,-0.0,2.01361894825218e-05,0.0001227682174183,5.605739926004533e-05,20.00000000000043,50.07271858215332,50.11514419555664,-1.4805213532920192e-05,50.25430370717704,50.92463302612305,0.9840031755289508,0.1482178323407708,0.0029578493421561,49.69138463437179,49.69138463437179,49.69138463437179,-0.008353940747973,JPMorgan Mortgage-Backed Securities ETF,P,True,False,False,False,False,False,False,False,False,,False,,,6718420992.0,Bond,unknown,321.0,True,,False,True,323.0,True,True,False,382.0,,0,0,False,Bond,Bond,Bond,Bond,Bond
2026-08-04,BOND,90.72000122070312,90.8499984741211,90.63999938964844,90.83999633789062,977700.0,251,88814264.41955566,51490490.62477112,50392546.58918835,-0.0021508944880028,0.0034913155369651,0.0012533136624308,0.0,0.0224084741627723,0.0042521407634338,-0.0,7.823505400416885e-05,5.3292661133908855e-06,5.271802824239656e-05,15.488157650341174,90.86923583984375,90.8889437866211,8.2774765443272e-05,91.2249565488997,92.31558132259502,0.984015862072644,0.3382623122129445,0.0037237156082078,89.96057372366985,89.96057372366985,89.96057372366985,-0.0096810067115111,PIMCO Active Bond Exchange-Traded Fund Exchange-Traded Fund,N,True,False,False,False,False,False,False,False,False,,False,,,8311250432.0,Bond,unknown,275.0,True,,False,True,285.0,True,True,False,383.0,,0,0,False,Bond,Bond,Bond,Bond,Bond
2026-08-04,XLY,117.52999877929688,118.56999969482422,117.12000274658205,118.29000091552734,10500800.0,251,1242139641.6137695,987188757.8634262,951351114.1925508,0.0076667648910326,0.0068442912061612,-0.0262867600996365,0.033112657138807,0.0103697803294133,0.0,0.0002538669572006,7.097379631842808e-05,-0.0,4.613296760697826e-05,0.0821481201581579,115.99630264282229,116.32540033976235,-0.007754098666556,119.12000274658205,122.2702440695026,0.9674471643999274,2.079499053955078,0.017579668931105,108.29000091552734,108.29000091552734,108.29000091552734,-0.0845379991766265,State Street Consumer Discretionary Select Sector SPDR ETF,P,True,False,False,False,False,False,False,False,False,,False,,,22593435648.0,Sector,unknown,121.0,True,,False,True,36.0,True,True,False,384.0,,0,0,False,Sector,Sector,Sector,Sector,Sector
2026-08-04,JCPB,46.220001220703125,46.29999923706055,46.209999084472656,46.27000045776367,2131600.0,251,98629132.97576904,70000083.05044174,100471267.56581505,-0.0019940531386569,0.0027507144847154,0.0022868634958577,0.0,0.0213800348912299,0.0086091019750073,-0.0,5.8810371659027374e-05,1.9687841038760804e-05,4.511748594193407e-05,15.75171565774792,46.32842231750488,46.31797297159831,1.82963545589665e-05,46.46203493789599,47.03342990640388,0.9837683653911818,0.1370513298142079,0.0029619911056476,45.91431166409515,45.91431166409515,45.91431166409515,-0.0076872442219489,JPMorgan Core Plus Bond ETF,P,True,False,False,False,False,False,False,False,False,,False,,,13578677248.0,Bond,unknown,190.0,True,,False,True,191.0,True,True,False,385.0,,0,0,False,Bond,Bond,Bond,Bond,Bond
2026-08-04,TIP,107.0999984741211,107.12999725341795,106.98999786376952,107.0500030517578,2324900.0,251,248880552.0950317,187016271.8638229,214872213.67875355,-0.0030923391921807,-0.0089597404625517,0.0047268769916404,0.0,0.0,0.0216506044012269,-0.0,-0.0,0.0001023397437992,3.581891032974395e-05,-0.0,107.4092414855957,107.29320988972982,-0.0015042873115359,107.58060850559336,108.34822769132404,0.988018035299435,0.2617548312808083,0.0024451641645843,106.55810456672214,106.55810456672214,106.55810456672214,-0.0045950347595772,iShares TIPS Bond ETF,P,True,False,False,False,False,False,False,False,False,,False,,,14696782848.0,Bond,unknown,172.0,True,,False,True,114.0,True,True,False,386.0,,0,0,False,Bond,Bond,Bond,Bond,Bond
2026-08-04,SCHP,25.950000762939453,25.96999931335449,25.920000076293945,25.93000030517578,8626800.0,251,223692926.63269043,108011154.78049278,108490103.92295596,-0.0035645021556178,-0.008680361990805,0.004505307964185,0.0,0.0,0.0209878404491798,-0.0,-0.0,9.455668472673456e-05,3.3094839654357096e-05,-0.0,26.022367477416992,25.98830379486084,-0.0014046179537113,26.06242787577172,26.24489532029274,0.9880016661802616,0.0679906766566734,0.0026220854553211,25.81449782008404,25.81449782008404,25.81449782008404,-0.0044543958246189,Schwab U.S. TIPS ETF,P,True,False,False,False,False,False,False,False,False,,False,,,16518061056.0,Other,unknown,159.0,True,,False,True,178.0,True,True,False,387.0,,0,0,False,Other,Other,Other,Other,Other
2026-08-04,PZA,22.93000030517578,22.989999771118164,22.899999618530277,22.979999542236328,1734800.0,251,39865703.20587158,33135584.979362488,27558631.603292435,-0.0173012700550461,-0.0026002628575174,0.0047648224256136,0.0,0.0,0.0185849421471097,-0.0,-0.0,8.855394912127985e-05,3.0993882192447945e-05,-0.0,23.199388999938964,23.006049524943037,-7.967523899721218e-05,23.3845822816037,23.504196443820923,0.9776977314311716,0.0954130818472695,0.0041520053850264,22.76000022888184,22.76000022888184,22.76000022888184,-0.0095735125211878,Invesco National AMT-Free Municipal Bond ETFo,P,True,False,False,False,False,False,False,False,False,,False,,,4290295296.0,Bond,unknown,406.0,True,,False,True,372.0,True,True,False,388.0,,0,0,False,Bond,Bond,Bond,Bond,Bond
2026-08-04,IUSB,45.470001220703125,45.560001373291016,45.470001220703125,45.560001373291016,3370600.0,251,153564540.6288147,151995489.20524597,262413321.52645776,-0.0015273938973299,0.0020388489619078,0.0014439806608386,0.0,0.0163017921170997,0.0056033993283469,-0.0,3.3236891935186684e-05,8.091200265089116e-06,2.4435899850652537e-05,18.52069506248805,45.60049102783203,45.60704605102539,-0.0001116699538306,45.75921554227987,46.24830453307488,0.985117223934304,0.1384888919573942,0.0030397034192931,45.20129768791743,45.20129768791743,45.20129768791743,-0.0078732149815927,iShares Core Universal USD Bond ETF,Q,True,False,False,False,False,False,False,False,False,,False,,,42765500416.0,Bond,unknown,73.0,True,,False,True,95.0,True,True,False,389.0,,0,0,False,Bond,Bond,Bond,Bond,Bond
2026-08-04,SCHI,22.280000686645508,22.32999992370605,22.280000686645508,22.32999992370605,2063400.0,251,46075721.84257507,42249345.63979149,58989781.47664751,-0.0012113585660599,0.0021687181390608,8.456297002856772e-06,0.0,0.0148766969328813,2.7933378609860143e-05,-0.0,3.226336248765042e-05,2.362129458182238e-10,2.0971268291503813e-05,19.00067615490448,22.32861011505127,22.346507263183597,-0.0005832165392871,22.434725791391607,22.68084785944173,0.9845310925804028,0.0797247601400906,0.0035702982719428,22.09827626913805,22.09827626913805,22.09827626913805,-0.0103772349019131,Schwab 5-10 Year Corporate Bond ETF,P,True,False,False,False,False,False,False,False,False,,False,,,11602564096.0,Bond,unknown,210.0,True,,False,True,267.0,True,True,False,390.0,,0,0,False,Bond,Bond,Bond,Bond,Bond
2026-08-04,IGIB,52.34000015258789,52.43999862670898,52.33000183105469,52.43000030517578,1530000.0,251,80217900.46691895,130444365.3852272,136798444.25998265,-0.001298930990549,0.0020826581615374,-0.0002139352364719,0.0,0.0146654817224406,0.0,-0.0,3.0543185202118787e-05,-0.0,1.985307038137721e-05,11.427568240824298,52.44868690490723,52.48223866780599,-0.0005135701495893,52.58781320689782,53.26091573398913,0.98439915241106,0.1663837144776657,0.0031734448504521,51.93059201546114,51.93059201546114,51.93059201546114,-0.0095252391151586,iShares 5-10 Year Investment Grade Corporate Bond ETF,Q,True,False,False,False,False,False,False,False,False,,False,,,18526003200.0,Bond,unknown,141.0,True,,False,True,152.0,True,True,False,391.0,,0,0,False,Bond,Bond,Bond,Bond,Bond
2026-08-04,FBND,44.970001220703125,45.02999877929688,44.95100021362305,45.02000045776367,3140800.0,251,141398817.43774414,129534394.5444107,124514026.16436066,-0.0019899782287993,0.0015414697715689,0.002404910931065,0.0,0.0116475767987246,0.0089167393089826,-0.0,1.7954387547262454e-05,2.1443963833630137e-05,1.9175739247491145e-05,19.43127099311404,45.08269287109375,45.088196461995445,-0.0001509009214114,45.41853100755139,45.79364824856216,0.9831057838720508,0.1674500034263459,0.003719458056946,44.650001525878906,44.650001525878906,44.650001525878906,-0.0082185457157399,Fidelity Total Bond ETF,P,True,False,False,False,False,False,False,False,False,,False,,,26618243072.0,Bond,unknown,102.0,True,,False,True,160.0,True,True,False,392.0,,0,0,False,Bond,Bond,Bond,Bond,Bond
2026-08-04,VCIT,81.37999725341797,81.54000091552734,81.3499984741211,81.5199966430664,7516100.0,251,612712446.7689514,633368722.0854187,709428558.0795894,-0.0010428058039239,0.0019960231454285,-0.0001794719463732,0.0,0.0137554470859584,0.0,-0.0,2.745619075929108e-05,-0.0,1.7846523993539204e-05,17.946257329638534,81.5296826171875,81.60327107747396,-0.0005797525944628,81.73455636132036,82.8232507867199,0.98426463425096,0.2686121562175991,0.0032950462129397,80.6989298414024,80.6989298414024,80.6989298414024,-0.0100719680504776,Vanguard Intermediate-Term Corporate Bond ETF,Q,True,False,False,False,False,False,False,False,False,,False,,,69441978368.0,Bond,unknown,45.0,True,,False,True,44.0,True,True,False,393.0,,0,0,False,Bond,Bond,Bond,Bond,Bond
2026-08-04,SPMB,21.96999931335449,22.030000686645508,21.959999084472656,22.020000457763672,1190300.0,251,26210406.5448761,21583455.34860611,27657697.969118755,-0.0016914003705515,0.0019284708374436,0.000914752219711,0.0,0.0128411313787414,0.0030812163781354,-0.0,2.476374738368516e-05,2.818549521309409e-06,1.7082928131853647e-05,20.0,22.054622383117675,22.07242155710856,-0.0001783219673046,22.127080287397163,22.44144585408665,0.9812202208777812,0.0848537320587878,0.0038534845728793,21.808130048013517,21.808130048013517,21.808130048013517,-0.0096217259466704,State Street SPDR Portfolio Mortgage Backed Bond ETF,P,True,False,False,False,False,False,False,False,False,,False,,,7072976896.0,Bond,unknown,309.0,True,,False,True,371.0,True,True,False,394.0,,0,0,False,Bond,Bond,Bond,Bond,Bond
2026-08-04,JBND,52.755001068115234,52.790000915527344,52.70000076293945,52.790000915527344,1135600.0,251,59948325.03967285,42025151.49642944,53025464.13941762,-0.0016352783216,0.0017550607025149,0.0005986130600319,0.0,0.0139682426285761,0.0022974585873307,-0.0,2.4515113720608263e-05,1.3752887152587464e-06,1.6416174968735935e-05,20.0,52.84647003173828,52.90660705566406,-3.1842466786335955e-05,52.99600422721531,53.805368677826,0.9811288764067682,0.1559746828933519,0.0029546255008204,52.38834559079653,52.38834559079653,52.38834559079653,-0.0076085493041291,JPMorgan Active Bond ETF,N,True,False,False,False,False,False,False,False,False,,False,,,8293582336.0,Bond,unknown,276.0,True,,False,True,282.0,True,True,False,395.0,,0,0,False,Bond,Bond,Bond,Bond,Bond
2026-08-04,DFCF,41.709999084472656,41.79499816894531,41.70500183105469,41.77000045776367,1044400.0,251,43624588.47808838,51231221.06046677,53373907.210558936,-0.0017580391500112,0.0017239185279249,0.0005591377490992,0.0,0.0120213071353385,0.001959691022796,-0.0,2.0723754100486863e-05,1.095737227416104e-06,1.38539481949121e-05,17.090460555136808,41.821158218383786,41.83737673441569,-0.0003097980618744,41.9332081520669,42.48902793905925,0.9830773374639952,0.1317744068581237,0.0031547619203731,41.41999816894531,41.41999816894531,41.41999816894531,-0.0083792742394692,Dimensional Core Fixed Income ETF,P,True,False,False,False,False,False,False,False,False,,False,,,10866136064.0,Bond,unknown,226.0,True,,False,True,279.0,True,True,False,396.0,,0,0,False,Bond,Bond,Bond,Bond,Bond
2026-08-04,USIG,50.34999847412109,50.459999084472656,50.34999847412109,50.43999862670898,3196700.0,251,161241543.6100006,108009198.72709274,97180204.8440479,-0.0033974445603238,0.0016331358329044,-0.0008241992828779,0.0,0.0119306066906359,0.0,-0.0,1.948430129476749e-05,-0.0,1.2664795841598873e-05,8.10180870642938,50.57520271301269,50.54943557739258,-0.0006588437552973,50.67170593147064,51.22369764050397,0.9847004599454122,0.1557378175062318,0.0030875856809354,49.99449203954878,49.99449203954878,49.99449203954878,-0.0088324068059014,iShares Broad USD Investment Grade Corporate Bond ETF,Q,True,False,False,False,False,False,False,False,False,,False,,,17618763776.0,Bond,unknown,147.0,True,,False,True,197.0,True,True,False,397.0,,0,0,False,Bond,Bond,Bond,Bond,Bond
2026-08-04,MBB,93.13999938964844,93.33000183105467,93.08000183105467,93.3000030517578,1579100.0,251,147330034.81903076,195329984.8577118,205323529.8882015,-0.0020922656511507,0.0016998319007792,0.0007373153929195,0.0,0.0105569997609006,0.0023439150300884,-0.0,1.7945124970098033e-05,1.7282046313797187e-06,1.2269202851546625e-05,20.0,93.42932250976564,93.48105127970378,-0.0002668149983069,93.72478108995122,94.93475301343064,0.9827802789833818,0.3608828113345119,0.0038679828459846,92.41959349761773,92.41959349761773,92.41959349761773,-0.0094363293177138,iShares MBS ETF,Q,True,False,False,False,False,False,False,False,False,,False,,,39630225408.0,Bond,unknown,79.0,True,,False,True,117.0,True,True,False,398.0,,0,0,False,Bond,Bond,Bond,Bond,Bond
2026-08-04,SMBS,24.989999771118164,25.040000915527344,24.98500061035156,25.040000915527344,397300.0,251,9948392.363739014,12186505.065393448,19101594.078324333,-0.0021168254444106,0.0013619809011469,0.0016306803819909,0.0,0.0091062642285378,0.0055778210822481,-0.0,1.240255796006595e-05,9.095643413077784e-06,1.124513786862009e-05,19.926089219448567,25.08104591369629,25.08710184733073,3.116063756136711e-05,25.172748854135705,25.457309606790165,0.9836075100743752,0.0881710499946422,0.0035212079381341,24.8442781899233,24.8442781899233,24.8442781899233,-0.0078164024939262,Schwab Mortgage-Backed Securities ETF,P,True,False,False,False,False,False,False,False,False,,False,,,6495026176.0,Bond,unknown,329.0,True,,False,True,409.0,True,True,False,399.0,,0,0,False,Bond,Bond,Bond,Bond,Bond
2026-08-04,FIXD,43.02999877929688,43.119998931884766,42.65999984741211,43.09999847412109,193800.0,251,8352779.704284668,12446336.22806549,16347257.505986048,-0.0033393723610127,0.0015932899029673,-0.0030306848680708,0.0,0.0103504335572193,0.0,-0.0,1.6491241278052196e-05,-0.0,1.0719306830733928e-05,8.239640447561255,43.205446014404295,43.23953297932943,-7.942651383741062e-05,43.39084628628341,44.29368426896487,0.9730506546351994,0.2328239494521447,0.0054019479743587,42.57400131225586,42.57400131225586,42.57400131225586,-0.012204110916177,First Trust Smith Opportunistic Fixed Income ETF,Q,True,False,False,False,False,False,False,False,False,,False,,,3286956288.0,Bond,unknown,474.0,True,,False,True,421.0,True,True,False,400.0,,0,0,False,Bond,Bond,Bond,Bond,Bond
2026-08-04,VCRB,76.04000091552734,76.0999984741211,75.98999786376953,76.08999633789062,561600.0,251,42732141.943359375,38433780.461006165,41597082.61801099,-0.0029501804398738,0.001284275972353,0.0001560414099404,0.0,0.0106647458118862,0.0006194193540682,-0.0,1.36964767974582e-05,9.665506935318405e-08,8.936539192621443e-06,14.224678634494508,76.23786453247071,76.25701309204102,-0.0002754066270096,76.3948137338757,77.37274246062307,0.9834212142165536,0.2020473184848804,0.0026553729558305,75.53325577250534,75.53325577250534,75.53325577250534,-0.0073168693938816,Vanguard Core Bond ETF,Q,True,False,False,False,False,False,False,False,False,,False,,,7294146560.0,Bond,unknown,301.0,True,,False,True,305.0,True,True,False,401.0,,0,0,False,Bond,Bond,Bond,Bond,Bond
2026-08-04,BOTZ,36.58000183105469,37.15999984741211,36.41999816894531,37.09000015258789,1010700.0,251,37486863.15422058,28933366.71747208,36845226.67162456,0.0136649357178162,-0.0331279911074499,0.0064700098898411,0.0463822273179259,0.0,0.0033239870848293,0.0006338101547485,-0.0,2.150622931255009e-05,7.52718025939253e-06,-0.0,37.065162353515625,37.165526707967125,-0.0291823002421027,37.15999984741211,41.68914992307781,0.8896799340121834,0.799749755859375,0.0215624090743923,33.48400115966797,33.48400115966797,33.48400115966797,-0.0972229435989452,Global X Robotics & Artificial Intelligence ETF,Q,True,False,False,False,False,False,False,False,False,,False,,,3517117696.0,Industry / Theme,unknown,457.0,True,,False,True,321.0,True,True,False,402.0,,0,0,False,Industry / Theme,Industry / Theme,Industry / Theme,Industry / Theme,Industry / Theme
2026-08-04,BND,72.33999633789062,72.44999694824219,72.33000183105469,72.44000244140625,7986300.0,251,578527591.4978027,488780817.46997833,587081995.6644088,-0.0021465472223047,0.0009862420551112,-0.0001609033501593,0.0,0.0075691682815034,0.0,-0.0,7.465032081432646e-06,-0.0,4.85227085293122e-06,20.0,72.55653778076172,72.63089228312174,-0.0002775216740958,72.74531539891596,73.74561930469197,0.9822956688736812,0.2154335233697594,0.0029739579805234,71.87834725731237,71.87834725731237,71.87834725731237,-0.0077533843893528,Vanguard Total Bond Market ETF,Q,True,False,False,False,False,False,False,False,False,,False,,,397862928384.0,Bond,unknown,7.0,True,,False,True,54.0,True,True,False,403.0,,0,0,False,Bond,Bond,Bond,Bond,Bond
2026-08-04,FLCB,21.06999969482422,21.108999252319336,21.065000534057617,21.104999542236328,342400.0,251,7226351.843261719,9892186.211605072,9712503.028203571,-0.0021400816984372,0.0009235733550625,-0.0001178341433828,0.0,0.0071906573570777,0.0,-0.0,6.641099540381487e-06,-0.0,4.316714701247967e-06,20.0,21.140485916137692,21.16150683085124,-0.000192084807343,21.195084363774946,21.48912239074707,0.9821247772930856,0.0645224351029721,0.0030572109216987,20.946080856703094,20.946080856703094,20.946080856703094,-0.0075299070826888,Franklin U.S. Core Bond ETF,P,True,False,False,False,False,False,False,False,False,,False,,,3058559488.0,Bond,unknown,499.0,True,,False,True,456.0,True,True,False,404.0,,0,0,False,Bond,Bond,Bond,Bond,Bond
2026-08-04,JMBS,44.369998931884766,44.47999954223633,44.36000061035156,44.459999084472656,632200.0,251,28107611.421203613,28377660.344161987,29506622.518345665,-0.0039559153321823,0.000812849234929,-0.0003328815145088,0.0,0.0049691175590535,0.0,-0.0,4.039143406149336e-06,-0.0,2.625443213997069e-06,19.99999999999785,44.57064971923828,44.60853022257487,-0.0004961073618706,44.71623071253112,45.33402483233765,0.9807203143533476,0.1668173261317033,0.0037520766884127,44.04999923706055,44.04999923706055,44.04999923706055,-0.0092217691375369,Janus Henderson Mortgage-Backed Securities ETF,P,True,False,False,False,False,False,False,False,False,,False,,,6783227392.0,Bond,unknown,317.0,True,,False,True,355.0,True,True,False,405.0,,0,0,False,Bond,Bond,Bond,Bond,Bond
2026-08-04,AGG,97.5500030517578,97.66000366210938,97.51000213623048,97.66000366210938,10963800.0,251,1070724748.1506348,808327131.9674301,822769497.8605483,-0.0021362817409807,0.0006966300725452,-0.0005417948377001,0.0,0.005229051957799,0.0,-0.0,3.6427148447045984e-06,-0.0,2.367764649057989e-06,20.0,97.8207698059082,97.93389149983724,-0.0003180846227757,98.1381454539524,99.44783050595429,0.9820224650980408,0.2999698320415554,0.0030715730165177,96.90244408991016,96.90244408991016,96.90244408991016,-0.007757111855333,iShares Core U.S. Aggregate Bond ETF,P,True,False,False,False,False,False,False,False,False,,False,,,138847469568.0,Bond,unknown,18.0,True,,False,True,41.0,True,True,False,406.0,,0,0,False,Bond,Bond,Bond,Bond,Bond
2026-08-04,SPAB,25.1299991607666,25.200000762939453,25.07999992370605,25.15999984741211,1339400.0,251,33699303.79562378,52168028.30236435,58328061.5730982,-0.0027845647690641,0.0005298806896185,-0.0012165377352711,0.0,0.0041093730882532,0.0,-0.0,2.1774774459036323e-06,-0.0,1.415360339837361e-06,20.0,25.214602088928224,25.24452298482259,-0.0003040517905154,25.28007984314737,25.64135377681004,0.9812274369915186,0.0946526985071971,0.003762030965073,24.971177893269264,24.971177893269264,24.971177893269264,-0.0075048471895069,State Street SPDR Portfolio Aggregate Bond ETF,P,True,False,False,False,False,False,False,False,False,,False,,,9625304064.0,Bond,unknown,253.0,True,,False,True,269.0,True,True,False,407.0,,0,0,False,Bond,Bond,Bond,Bond,Bond
2026-08-04,FXI,36.0099983215332,36.31999969482422,35.90999984741211,36.310001373291016,18936900.0,251,687598865.0058746,765239133.8342857,963109813.2395124,0.1175746228833216,0.000892958822001,-0.066054721627182,0.5968755215411392,0.001486942241259,0.0,0.0701774143534853,1.3277781921382007e-06,-0.0,8.630558248898306e-07,0.0952389310191911,34.23204013824463,36.26109073638916,-0.0053782230553928,36.54999923706055,39.37435719666424,0.9221738196748812,0.5300004959106446,0.014596542987203,34.380001068115234,33.16999816894531,33.16999816894531,-0.0864776393717086,iShares China Large-Cap ETF,P,True,False,False,False,False,False,False,False,False,,False,,,4523697152.0,Country / Region,unknown,397.0,True,,False,True,35.0,True,True,False,408.0,,0,0,False,Country / Region,Country / Region,Country / Region,Country / Region,Country / Region
2026-08-04,VTEB,49.58000183105469,49.68000030517578,49.560001373291016,49.65999984741211,8116600.0,251,403070354.7615051,362643761.6313553,358999195.7372332,-0.012245494124949,-0.0007975615233786,0.000639212652352,0.0,0.0,0.0034010878900658,-0.0,-0.0,2.1740184110912765e-06,7.609064438819468e-07,-0.0,49.96582321166992,49.75328152974446,-6.651595894513473e-05,50.24573497940309,50.60184424489237,0.98138715275036,0.1492123848837636,0.0030046795276327,49.30842982429594,49.30842982429594,49.30842982429594,-0.0070795413652118,Vanguard Tax-Exempt Bond ETF,P,True,False,False,False,False,False,False,False,False,,False,,,48785248256.0,Bond,unknown,58.0,True,,False,True,75.0,True,True,False,409.0,,0,0,False,Bond,Bond,Bond,Bond,Bond
2026-08-04,SCHZ,22.790000915527344,22.899999618530277,22.780000686645508,22.81999969482422,1557400.0,251,35539867.52471924,40023963.22307587,43743797.02185071,-0.0018050395435899,0.0003786040547424,9.80516805080267e-05,0.0,0.0029118109689359,0.0003732232520949,-0.0,1.1024234394826625e-06,3.659516707258232e-08,7.293835441391345e-07,20.0,22.86141445159912,22.888013458251955,-0.0003094178929159,23.160104998051118,23.238862939206957,0.981975742725516,0.1887369956393977,0.008270683530386,22.63215462916104,22.63215462916104,22.63215462916104,-0.0082315980795472,Schwab US Aggregate Bond ETF,P,True,False,False,False,False,False,False,False,False,,False,,,10601679872.0,Bond,unknown,234.0,True,,False,True,299.0,True,True,False,410.0,,0,0,False,Bond,Bond,Bond,Bond,Bond
2026-08-04,EAGG,46.70000076293945,46.77000045776367,46.70000076293945,46.7599983215332,274200.0,251,12821591.539764404,13237547.985458374,19480557.91136121,-0.0022762829242397,0.0003621847460484,-0.000541889236568,0.0,0.0027817858839723,0.0,-0.0,1.007520413947632e-06,-0.0,6.548882690659609e-07,20.0,46.847602157592775,46.90838465372721,-0.0003146633809533,46.96633516132775,47.638124407080696,0.981566736800054,0.1386700453783156,0.0029655699391772,46.39831135547266,46.39831135547266,46.39831135547266,-0.007734965334547,iShares ESG Aware U.S. Aggregate Bond ETF,P,True,False,False,False,False,False,False,False,False,,False,,,4899153408.0,Bond,unknown,379.0,True,,False,True,406.0,True,True,False,411.0,,0,0,False,Bond,Bond,Bond,Bond,Bond
2026-08-04,IEI,116.5199966430664,116.5999984741211,116.47000122070312,116.55999755859376,1532400.0,251,178616540.25878906,159201112.67608643,148655728.84905377,0.0008601588693122,0.0002705318058193,-0.0008660652887533,0.0292112733712434,0.0026458211138061,0.0,2.512633587417933e-05,7.157787637930094e-07,-0.0,4.652561964654562e-07,20.0,116.3920848083496,116.78095982869466,-0.0001315475702177,116.84856705742108,118.58541954564392,0.9829201431777153,0.2816172475040225,0.0024160711513609,115.69233234371356,115.69233234371356,115.69233234371356,-0.0074439364537908,iShares 3-7 Year Treasury Bond ETF,Q,True,False,False,False,False,False,False,False,False,,False,,,18260961280.0,Bond,unknown,143.0,True,,False,True,141.0,True,True,False,412.0,,0,0,False,Bond,Bond,Bond,Bond,Bond
2026-08-04,SPTI,28.11000061035156,28.13999938964844,28.100000381469727,28.1299991607666,1722100.0,251,48442671.554756165,52769748.49248886,67868322.73608918,0.0008681797366183,0.0002866251650248,-0.0009345606362599,0.0243733293705001,0.0024428366964246,0.0,2.1160430673393013e-05,7.001784712415171e-07,-0.0,4.551160063069861e-07,19.99999999998761,28.098737907409667,28.19794724782308,-0.0001775417825858,28.21523036224089,28.68608542663704,0.980614773413661,0.0784638495212359,0.0027893299631046,27.90626736235199,27.90626736235199,27.90626736235199,-0.0079534946707945,State Street SPDR Portfolio Intermediate Term Treasury ETF,P,True,False,False,False,False,False,False,False,False,,False,,,10175785984.0,Bond,unknown,244.0,True,,False,True,247.0,True,True,False,413.0,,0,0,False,Bond,Bond,Bond,Bond,Bond
2026-08-04,PFF,30.6200008392334,30.770000457763672,30.530000686645508,30.729999542236328,3398400.0,251,104432830.44433594,83132457.56069183,91426007.78033848,0.011926591502386,-0.0033727181047158,0.0003873920677825,0.1376311431149638,0.0,0.0007237153241006,0.0016414704219386,-0.0,2.803615758893221e-07,9.812655156126273e-08,-0.0,30.52060749053955,30.56358553568522,-0.0044712609450818,30.770000457763672,31.35677348737083,0.980011529394536,0.2121355266000785,0.0069032063052429,29.95972442626953,29.95972442626953,29.95972442626953,-0.0250659006651824,iShares Preferred and Income Securities ETF,Q,True,False,False,False,False,False,False,False,False,,False,,,13096669184.0,Other,unknown,196.0,True,,False,True,210.0,True,True,False,414.0,,0,0,False,Other,Other,Other,Other,Other
2026-08-04,VCLT,72.33000183105469,72.61000061035156,72.30999755859375,72.58999633789062,4120200.0,251,299085302.9113769,275250194.2147064,353191036.0922314,-0.0125269635885693,-0.0069573922867088,-0.0157079892058589,0.0,0.0,0.0,-0.0,-0.0,-0.0,-0.0,,73.61057006835938,73.7394276936849,-0.003047097476269,73.78950145479567,75.44134934972794,0.9622043741739144,0.4465871700494375,0.0061521861493238,71.39121483097539,71.39121483097539,71.39121483097539,-0.0165144175147106,Vanguard Long-Term Corporate Bond ETF,Q,True,False,False,False,False,False,False,False,False,,False,,,10055394304.0,Bond,unknown,246.0,True,,False,True,76.0,True,True,False,415.0,,0,0,False,Bond,Bond,Bond,Bond,Bond
2026-08-04,FBTC,55.5,56.01499938964844,55.290000915527344,55.88999938964844,2401300.0,251,134208655.5343628,195770995.73360443,236641421.4332641,0.0064829933056973,-0.1983649109137983,-0.1767565194856918,0.0208938212543466,0.0,0.0,0.0001354545033223,-0.0,-0.0,-0.0,,56.26390007019043,63.297866923014325,-0.0441307114407198,58.255001068115234,71.5250015258789,0.78140507790729,1.4100006103515623,0.0252281378734942,54.244998931884766,53.47999954223633,53.47999954223633,-0.043120412841845,Fidelity Wise Origin Bitcoin Fund,Z,True,False,False,False,False,False,False,False,False,,False,,,10223253504.0,Crypto,unknown,243.0,True,,False,True,104.0,True,True,False,416.0,,0,0,False,Crypto,Crypto,Crypto,Crypto,Crypto
2026-08-04,VGIT,58.400001525878906,58.459999084472656,58.380001068115234,58.43000030517578,3103300.0,251,181325819.947052,143203887.0889473,173459411.65714568,0.0002716661244228,-4.8766727330229465e-05,-0.0011584731994903,0.00805823625354,0.0,0.0,2.1891498126830383e-06,-0.0,-0.0,-0.0,,58.38342178344727,58.59022994995117,-0.0001562161214566,58.6134647816075,59.60631058257659,0.98026533992955,0.15678040987281,0.0026832176801977,57.98556824628624,57.98556824628624,57.98556824628624,-0.007606230644674,Vanguard Intermediate-Term Treasury ETF,Q,True,False,False,False,False,False,False,False,False,,False,,,50384760832.0,Bond,unknown,57.0,True,,False,True,126.0,True,True,False,417.0,,0,0,False,Bond,Bond,Bond,Bond,Bond
2026-08-04,CMF,56.40999984741211,56.59000015258789,56.400001525878906,56.59000015258789,478700.0,251,27089633.073043823,26767290.07352829,26944101.87316773,-0.0130393620531817,-0.0017724834079915,-0.0055401175528694,0.0,0.0,0.0,-0.0,-0.0,-0.0,-0.0,-0.0,56.9662720489502,56.839657135009766,-0.0001855365872023,57.287771435222346,57.585166813817466,0.9827183506397208,0.1571486379864335,0.0027769683259003,56.24037334127497,56.24037334127497,56.24037334127497,-0.0061782436891711,iShares California Muni Bond ETF,P,True,False,False,False,False,False,False,False,False,,False,,,4542874112.0,Bond,unknown,396.0,True,,False,True,374.0,True,True,False,418.0,,0,0,False,Bond,Bond,Bond,Bond,Bond
2026-08-04,VOX,186.7400054931641,190.2899932861328,186.7400054931641,189.7700042724609,240300.0,251,45601732.02667236,52927906.44744873,55013007.72511316,-0.0011579620734893,-0.0290058416889946,-0.0405146924663524,0.0,0.0,0.0,-0.0,-0.0,-0.0,-0.0,-0.0,187.8439508056641,189.84502278645837,-0.0126108498722955,195.4199981689453,199.16970205639092,0.9528055839473584,3.783999633789063,0.0199399249017047,178.00999450683594,178.00999450683594,178.00999450683594,-0.0619698029238627,Vanguard Communication Services  ETF,P,True,False,False,False,False,False,False,False,False,,False,,,5931463168.0,Sector,unknown,348.0,True,,False,True,274.0,True,True,False,419.0,,0,0,False,Sector,Sector,Sector,Sector,Sector
2026-08-04,SCHR,24.43000030517578,24.450000762939453,24.40999984741211,24.43000030517578,2826500.0,251,69051395.86257935,65793367.50988007,73587463.48686823,0.0003834905071651,-0.0004009055142106,-0.00107135395134,0.0110660854905814,0.0,0.0,4.243738737115755e-06,-0.0,-0.0,-0.0,,24.414462661743165,24.501414273579915,-0.0001701776198561,24.510306200716595,24.92689244891112,0.9800660212758674,0.0667290940619629,0.0027314405742281,24.251255257126456,24.251255257126456,24.251255257126456,-0.0073166207865931,Schwab Intermediate-Term U.S. Treasury ETF,P,True,False,False,False,False,False,False,False,False,,False,,,13378999296.0,Bond,unknown,192.0,True,,False,True,237.0,True,True,False,420.0,,0,0,False,Bond,Bond,Bond,Bond,Bond
2026-08-04,XLC,110.53500366210938,112.2750015258789,110.4499969482422,112.04000091552734,5461000.0,251,611850444.9996948,695788965.8398438,717058096.176971,0.0091875725392092,-0.0324592750296762,-0.0583275798575703,0.0377779360170717,0.0,0.0,0.0003470875275384,-0.0,-0.0,-0.0,,110.53402297973632,113.753264058431,-0.0132868659202263,114.02999877929688,119.16998107948716,0.9401696627005078,2.115601348876953,0.0188825538342507,105.25499725341795,105.25499725341795,105.25499725341795,-0.0605587612162279,State Street Communication Services Select Sector SPDR ETF,P,True,False,False,False,False,False,False,False,False,,False,,,22262224896.0,Sector,unknown,124.0,True,,False,True,43.0,True,True,False,421.0,,0,0,False,Sector,Sector,Sector,Sector,Sector
2026-08-04,SCMB,25.290000915527344,25.32999992370605,25.290000915527344,25.32999992370605,1366400.0,251,34610911.89575195,31340303.18588257,30102624.380717203,-0.0127324966178458,-0.0007449897352288,-0.0035451608456913,0.0,0.0,0.0,-0.0,-0.0,-0.0,-0.0,-0.0,25.48404815673828,25.409211095174157,-0.000216090124874,25.64670589358477,25.985604695947757,0.9747704631116808,0.0853200881574567,0.0033683414297055,25.11044695030807,25.11044695030807,25.11044695030807,-0.008667705253031,Schwab Municipal Bond ETF,P,True,False,False,False,False,False,False,False,False,,False,,,3980585728.0,Bond,unknown,423.0,True,,False,True,349.0,True,True,False,422.0,,0,0,False,Bond,Bond,Bond,Bond,Bond
2026-08-04,CGMU,27.040000915527344,27.07999992370605,27.030000686645508,27.06999969482422,2013800.0,251,54513565.38543701,30685492.703437805,30633251.99849265,-0.0131243385470773,-0.0044410736495993,-0.0055262493515851,0.0,0.0,0.0,-0.0,-0.0,-0.0,-0.0,-0.0,27.299144439697265,27.225008328755692,-0.0002425718785051,27.420000076293945,27.56866896136324,0.981911739473607,0.0671498298645019,0.0024805995796646,26.96999931335449,26.96999931335449,26.96999931335449,-0.0036941404727406,Capital Group Municipal Income ETF,P,True,False,False,False,False,False,False,False,False,,False,,,6310218752.0,Bond,unknown,337.0,True,,False,True,346.0,True,True,False,423.0,,0,0,False,Bond,Bond,Bond,Bond,Bond
2026-08-04,ILF,35.459999084472656,35.56999969482422,35.040000915527344,35.08000183105469,1115400.0,251,39128234.0423584,81630021.82834625,84827576.08411275,0.0403321637342219,-0.0065006277425586,-0.0028757822958419,0.1915494229060262,0.0,0.0,0.0077256026878415,-0.0,-0.0,-0.0,-0.0,34.162085647583005,34.51431193033854,0.0006440853421301,35.630001068115234,38.01502057204531,0.9227931828833756,0.551999855041504,0.0157354568480336,34.22999954223633,33.2400016784668,33.2400016784668,-0.0524515409505772,iShares Latin America 40 ETF,P,True,False,False,False,False,False,False,False,False,,False,,,3739343872.0,Country / Region,unknown,444.0,True,,False,True,218.0,True,True,False,424.0,,0,0,False,Country / Region,Country / Region,Country / Region,Country / Region,Country / Region
2026-08-04,EDV,60.22999954223633,60.45000076293945,60.11000061035156,60.43999862670898,1634900.0,251,98813353.75480652,75379754.42335129,67072801.30324591,-0.0303225276564013,-0.0259809591491279,-0.0397338719330649,0.0,0.0,0.0,-0.0,-0.0,-0.0,-0.0,,62.5698713684082,63.42501401265462,-0.0027949085341334,62.47999954223633,67.54321477537628,0.8948344971098878,0.6174997329711914,0.0102167396922857,59.09999847412109,59.09999847412109,59.09999847412109,-0.0221707508774782,Vanguard Extended Duration Treasury ETF,P,True,False,False,False,False,False,False,False,False,,False,,,4162188800.0,Bond,unknown,415.0,True,,False,True,250.0,True,True,False,425.0,,0,0,False,Bond,Bond,Bond,Bond,Bond
2026-08-04,MCHI,55.52000045776367,56.130001068115234,55.43000030517578,56.09000015258789,3142900.0,251,176285261.47956848,143138717.50019073,173838559.81899443,0.0832367994379768,-0.0146292502979167,-0.0835620326549723,0.4522560545793767,0.0,0.0,0.0376443465096342,-0.0,-0.0,-0.0,,53.675442962646486,57.062207845052086,-0.0089411014304333,56.130001068115234,61.83021358895055,0.9071616754468323,0.7780000686645507,0.0138705663495822,53.130001068115234,52.400001525878906,52.400001525878906,-0.0657871031675997,iShares MSCI China ETF,Q,True,False,False,False,False,False,False,False,False,,False,,,5885857792.0,Country / Region,unknown,350.0,True,,False,True,125.0,True,True,False,426.0,,0,0,False,Country / Region,Country / Region,Country / Region,Country / Region,Country / Region
2026-08-04,LQD,106.52999877929688,106.77999877929688,106.4800033569336,106.76000213623048,30075900.0,251,3210903148.249054,3260294975.4639435,3016873106.601897,-0.006097551014465,-0.0022454606820133,-0.0073551464957055,0.0,0.0,0.0,-0.0,-0.0,-0.0,-0.0,,107.379806060791,107.55869633992512,-0.0017739553790718,107.54441451028524,109.3784333614516,0.9760608088381714,0.4337660781557467,0.0040630017747867,105.54307746438418,105.54307746438418,105.54307746438418,-0.011398694712402,iShares iBoxx $ Investment Grade Corporate Bond ETF,P,True,False,False,False,False,False,False,False,False,,False,,,33113137152.0,Bond,unknown,91.0,True,,False,True,10.0,True,True,False,427.0,,0,0,False,Bond,Bond,Bond,Bond,Bond
2026-08-04,JMUB,49.7400016784668,49.77999877929688,49.66999816894531,49.7599983215332,1460700.0,251,72684429.54826355,64073666.93078995,50665277.17982701,-0.0101048450909398,-0.000737403526039,-0.0010938411398676,0.0,0.0,0.0,-0.0,-0.0,-0.0,-0.0,-0.0,50.03244552612305,49.85443222045898,6.920579449465336e-05,50.267947593993526,50.4274677003235,0.986763773609318,0.1265993349830935,0.0025441989399808,49.46039055968433,49.46039055968433,49.46039055968433,-0.00602105651035,JPMorgan Municipal ETF,P,True,False,False,False,False,False,False,False,False,,False,,,8048841216.0,Bond,unknown,283.0,True,,False,True,284.0,True,True,False,428.0,,0,0,False,Bond,Bond,Bond,Bond,Bond
2026-08-04,PGX,10.760000228881836,10.779999732971191,10.760000228881836,10.770000457763672,1830900.0,251,19718793.838119507,29507985.512628555,28253312.18745065,-0.0044264603788555,-0.015328581902799,-0.0248916262176265,0.0,0.0,0.0,-0.0,-0.0,-0.0,-0.0,,10.802609195709229,10.910460249582927,-0.003502930098246,10.829999923706056,11.209921147079354,0.9607561299010297,0.0440114479055028,0.0040864852400054,10.68000030517578,10.68000030517578,10.68000030517578,-0.0083565597736825,Invesco Preferred ETF,P,True,False,False,False,False,False,False,False,False,,False,,,3857212160.0,Other,unknown,439.0,True,,False,True,365.0,True,True,False,429.0,,0,0,False,Other,Other,Other,Other,Other
2026-08-04,MUB,105.58000183105467,105.7699966430664,105.55999755859376,105.76000213623048,4947800.0,251,523279338.5696411,442188276.1805725,388144212.0290968,-0.0111236131954193,-0.0007388038312554,-0.0017423559936829,0.0,0.0,0.0,-0.0,-0.0,-0.0,-0.0,-0.0,106.32522109985352,105.96830932617188,-0.0001440293843131,106.91975056965563,107.29872058281757,0.985659489337532,0.3150220224809509,0.0029786499254715,104.81545851167044,104.81545851167044,104.81545851167044,-0.0089310098854136,iShares National Muni Bond ETF,P,True,False,False,False,False,False,False,False,False,,False,,,45820870656.0,Bond,unknown,67.0,True,,False,True,71.0,True,True,False,430.0,,0,0,False,Bond,Bond,Bond,Bond,Bond
2026-08-04,MUNI,51.68999862670898,51.75,51.68999862670898,51.72999954223633,429400.0,251,22212861.80343628,16524198.244514463,16675043.344370523,-0.0095383916007404,-0.001952640860101,-0.0019667439734013,0.0,0.0,0.0,-0.0,-0.0,-0.0,-0.0,-0.0,52.00499855041504,51.88947799682617,-0.0003009964945853,52.19825672406925,52.490896092753815,0.9855042186901716,0.1246705986824519,0.002410025126342,51.41055219340412,51.41055219340412,51.41055219340412,-0.0061752822667511,PIMCO Intermediate Municipal Bond Active Exchange-Traded Fund,P,True,False,False,False,False,False,False,False,False,,False,,,3086858752.0,Bond,unknown,497.0,True,,False,True,418.0,True,True,False,431.0,,0,0,False,Bond,Bond,Bond,Bond,Bond
2026-08-04,NLR,113.1999969482422,114.93000030517578,112.11000061035156,113.87999725341795,408100.0,251,46474426.87911987,46621795.32230377,60407120.93563988,0.0280762002762615,-0.2061899350070917,-0.2131011864783849,0.06073031196925,0.0,0.0,0.0017050764016885,-0.0,-0.0,-0.0,,117.91140060424804,133.35579971313476,-0.0402721125045716,115.29000091552734,154.25999450683594,0.7382341586195988,4.0345001220703125,0.0354276450594946,102.12999725341795,101.91999816894533,101.91999816894533,-0.1050228255437869,VanEck Uranium and Nuclear ETF,P,True,False,False,False,False,False,False,False,False,,False,,,4214125568.0,Commodity,unknown,410.0,True,,False,True,262.0,True,True,False,432.0,,0,0,False,Commodity,Commodity,Commodity,Commodity,Commodity
2026-08-04,GDXJ,100.73999786376952,103.1500015258789,100.4000015258789,101.91999816894533,5911000.0,251,602449109.1766357,451314977.3215103,619696596.5057737,0.0302233685893671,-0.0987708774485371,-0.178594482068771,0.0580244202851022,0.0,0.0,0.0017536934414609,-0.0,-0.0,-0.0,,102.2936004638672,118.9450668334961,-0.0422808440331379,103.1500015258789,157.49000549316406,0.6471521659408996,4.1860004425048825,0.0410714336509902,93.48999786376952,89.83000183105469,89.83000183105469,-0.1186224151795011,VanEck Junior Gold Miners ETF,P,True,False,False,False,False,False,False,False,False,,False,,,7078291968.0,Commodity,unknown,308.0,True,,False,True,50.0,True,True,False,433.0,,0,0,False,Commodity,Commodity,Commodity,Commodity,Commodity
2026-08-04,GDX,77.61000061035156,78.86000061035156,77.01000213623047,77.91999816894531,20245200.0,251,1577505946.9299316,1292886680.8010485,1771388886.9072566,0.0285110344747716,-0.0902510591853054,-0.1727360001140481,0.0660145308215097,0.0,0.0,0.0018821425640879,-0.0,-0.0,-0.0,,78.4663996887207,90.2952663675944,-0.0379681007435086,78.86000061035156,117.18000030517578,0.6649598734085651,2.797000503540039,0.0358957978602054,72.18000030517578,69.73999786376953,69.73999786376953,-0.1049794725025531,VanEck Gold Miners ETF,P,True,False,False,False,False,False,False,False,False,,False,,,22753128448.0,Commodity,unknown,120.0,True,,False,True,21.0,True,True,False,434.0,,0,0,False,Commodity,Commodity,Commodity,Commodity,Commodity
2026-08-04,GBTC,49.40999984741211,49.869998931884766,49.220001220703125,49.72999954223633,1150900.0,251,57234256.47315979,75518610.08356094,100004337.40840489,0.0054589660889912,-0.2008677501518553,-0.1823413385109182,0.0177515149067932,0.0,0.0,9.690491790440608e-05,-0.0,-0.0,-0.0,,50.1315998840332,56.5539333597819,-0.0446610972613755,51.880001068115234,63.845001220703125,0.7789176692209115,1.2490001678466798,0.0251156279779549,48.29999923706055,47.66999816894531,47.66999816894531,-0.041423715910985,Grayscale Bitcoin Trust (BTC),P,True,False,False,False,False,False,False,False,False,,False,,,8134695424.0,Crypto,unknown,280.0,True,,False,True,192.0,True,True,False,435.0,,0,0,False,Crypto,Crypto,Crypto,Crypto,Crypto
2026-08-04,TFI,44.84000015258789,44.95000076293945,44.84000015258789,44.93999862670898,699100.0,251,31417553.03993225,24416895.944957733,20822024.86940414,-0.0115015952994779,-0.0019358499156316,-0.0027396668871843,0.0,0.0,0.0,-0.0,-0.0,-0.0,-0.0,-0.0,45.23041976928711,45.10716354370117,-0.0001792932215738,45.48283275772844,45.68238067626953,0.983749050759384,0.1219153240736652,0.002712846635496,44.63539189290243,44.63539189290243,44.63539189290243,-0.0067780761707793,State Street SPDR Nuveen ICE Municipal Bond ETF,P,True,False,False,False,False,False,False,False,False,,False,,,3122414592.0,Bond,unknown,493.0,True,,False,True,400.0,True,True,False,436.0,,0,0,False,Bond,Bond,Bond,Bond,Bond
2026-08-04,TLH,97.0,97.26000213623048,96.9499969482422,97.23999786376952,1094500.0,251,106429177.66189577,98292540.47668456,121576574.29788984,-0.0103076636963982,-0.0071410921708869,-0.0147298396890658,0.0,0.0,0.0,-0.0,-0.0,-0.0,-0.0,,98.35632598876953,99.04773356119792,-0.001143976388898,98.65118220244348,102.732236948973,0.9465383092170818,0.5684445804268521,0.0058457897255739,95.80240819587264,95.80240819587264,95.80240819587264,-0.0147839335610734,iShares 10-20 Year Treasury Bond ETF,P,True,False,False,False,False,False,False,False,False,,False,,,11252374528.0,Bond,unknown,219.0,True,,False,True,163.0,True,True,False,437.0,,0,0,False,Bond,Bond,Bond,Bond,Bond
2026-08-04,BIV,75.66000366210938,75.76000213623047,75.6500015258789,75.73999786376953,1630400.0,251,123486492.51708984,129854826.96174622,121848912.9462227,-0.0009480906052986,-9.880772017656358e-05,-0.0015167252654344,0.0,0.0,0.0,-0.0,-0.0,-0.0,-0.0,,75.76467330932617,75.99059748331706,-0.0004347783741923,76.03104916359538,77.41128604203747,0.9784102775742498,0.2449723076458859,0.0032343849294332,75.06471814870436,75.06471814870436,75.06471814870436,-0.0089157609468086,Vanguard Intermediate-Term Bond ETF,P,True,False,False,False,False,False,False,False,False,,False,,,52510502912.0,Bond,unknown,54.0,True,,False,True,162.0,True,True,False,438.0,,0,0,False,Bond,Bond,Bond,Bond,Bond
2026-08-04,GLD,374.1400146484375,376.6900024414063,373.7099914550781,374.1600036621094,5627900.0,251,2105735084.609985,2403066513.718872,2694155306.345137,-0.0088213903902408,-0.0977791435665498,-0.1240137677408919,0.0,0.0,0.0,-0.0,-0.0,-0.0,-0.0,,383.51299926757815,421.0311334228516,-0.0258319764154816,382.2200012207031,492.1499938964844,0.7602560363757878,6.561997985839843,0.0175379461236208,366.5299987792969,363.6000061035156,363.6000061035156,-0.0282232132115599,SPDR Gold Shares,P,True,False,False,False,False,False,False,False,False,,False,,,130053275648.0,Commodity,unknown,19.0,True,,False,True,11.0,True,True,False,439.0,,0,0,False,Commodity,Commodity,Commodity,Commodity,Commodity
2026-08-04,TLT,82.6500015258789,82.83999633789062,82.56999969482422,82.81999969482422,38365000.0,251,3177389288.291931,2131613744.956932,2190206777.5154963,-0.0165154346363703,-0.0137827515008279,-0.0211992379419021,0.0,0.0,0.0,-0.0,-0.0,-0.0,-0.0,,84.41280044555664,85.11824188232421,-0.0016231698469417,84.4796846937536,88.82732167029954,0.9323707856714096,0.562452517691009,0.0067912644260267,81.56144194595663,81.56144194595663,81.56144194595663,-0.0151963022640079,iShares 20+ Year Treasury Bond ETF,Q,True,False,False,False,False,False,False,False,False,,False,,,41099935744.0,Bond,unknown,75.0,True,,False,True,15.0,True,True,False,440.0,,0,0,False,Bond,Bond,Bond,Bond,Bond
2026-08-04,BLV,66.30000305175781,66.5,66.26000213623047,66.48999786376953,783300.0,251,52081615.326690674,52627682.10243225,44828194.54997229,-0.0127974189257032,-0.0084691633664852,-0.0159638966758235,0.0,0.0,0.0,-0.0,-0.0,-0.0,-0.0,,67.45640594482421,67.76883616129557,-0.0020428420677701,67.47142174913527,69.94103296151371,0.950657933524614,0.3915669794769257,0.0058891110250778,65.44011029803328,65.44011029803328,65.44011029803328,-0.0157901579104778,Vanguard Long-Term Bond ETF,P,True,False,False,False,False,False,False,False,False,,False,,,8673027072.0,Bond,unknown,269.0,True,,False,True,294.0,True,True,False,441.0,,0,0,False,Bond,Bond,Bond,Bond,Bond
2026-08-04,GOVT,22.46999931335449,22.5,22.459999084472656,22.489999771118164,7057800.0,251,158729920.38459778,162658562.426548,189502106.96475923,-0.001620862326191,-0.000366409086674,-0.0012633244091724,0.0,0.0,0.0,-0.0,-0.0,-0.0,-0.0,,22.52810775756836,22.581607348124187,-0.0001442843817278,22.596284495872613,22.97019159963728,0.9790950011698336,0.0659581875772124,0.0029327784903722,22.33712996289463,22.33712996289463,22.33712996289463,-0.0067972347611959,iShares U.S. Treasury Bond ETF,Z,True,False,False,False,False,False,False,False,False,,False,,,43729891328.0,Bond,unknown,70.0,True,,False,True,122.0,True,True,False,442.0,,0,0,False,Bond,Bond,Bond,Bond,Bond
2026-08-04,EVTR,50.130001068115234,50.2400016784668,50.130001068115234,50.2400016784668,443600.0,251,22286464.74456787,23622231.15758896,25630367.493523493,-0.0055423352486103,-0.000963223858216,-0.0040878923704421,0.0,0.0,0.0,-0.0,-0.0,-0.0,-0.0,-0.0,50.45493881225586,50.47437599182129,-0.0001871095480209,50.650001525878906,51.328515074228,0.9787932030726574,0.2026006698608398,0.0040326565105923,49.45000076293945,49.45000076293945,49.45000076293945,-0.0157245399907289,Eaton Vance Total Return Bond ETF,N,True,False,False,False,False,False,False,False,False,,False,,,5577608192.0,Bond,unknown,360.0,True,,False,True,378.0,True,True,False,443.0,,0,0,False,Bond,Bond,Bond,Bond,Bond
2026-08-04,GLDM,80.66999816894531,81.2249984741211,80.6050033569336,80.69999694824219,2537900.0,251,204808522.25494385,245387518.9064026,314258320.9348769,-0.0087213693886325,-0.0971134545972908,-0.1227307444038319,0.0,0.0,0.0,-0.0,-0.0,-0.0,-0.0,,82.6863996887207,90.72026646931968,-0.0257471291885522,82.41500091552734,105.98999786376952,0.7613925707590546,1.4035003662109375,0.0173915789254749,79.04000091552734,78.43000030517578,78.43000030517578,-0.0281288318328226,SPDR Gold MiniShares Trust,P,True,False,False,False,False,False,False,False,False,,False,,,27261255680.0,Commodity,unknown,101.0,True,,False,True,82.0,True,True,False,444.0,,0,0,False,Commodity,Commodity,Commodity,Commodity,Commodity
2026-08-04,ETHA,14.09000015258789,14.204999923706056,14.0,14.149999618530272,20346300.0,251,287900137.2385025,412911734.9058247,405870099.8043984,0.0473722708220418,-0.2037141669094233,-0.1914285932268414,0.1107264883087501,0.0,0.0,0.0052453651913357,-0.0,-0.0,-0.0,,13.61029993057251,16.443833351135254,-0.0351615962034396,14.91800022125244,18.63500022888184,0.7593238231679551,0.4601000308990478,0.0325159041203449,13.850000381469728,12.90999984741211,12.90999984741211,-0.0876324950210111,iShares Ethereum Trust ETF,Q,True,False,False,False,False,False,False,False,False,,False,,,4276033536.0,Crypto,unknown,407.0,True,,False,True,70.0,True,True,False,445.0,,0,0,False,Crypto,Crypto,Crypto,Crypto,Crypto
2026-08-04,VGLT,53.02999877929688,53.16999816894531,53.0,53.15999984741211,1704600.0,251,90616535.73989868,100499802.33154295,107595906.16639152,-0.0133553673695991,-0.0104978052206069,-0.0178121422448174,0.0,0.0,0.0,-0.0,-0.0,-0.0,-0.0,,53.97631309509277,54.38086601257324,-0.0013439498997463,54.07876736086288,56.58691134840831,0.9394398559784164,0.3345235654103852,0.00629276836664,52.35581440284229,52.35581440284229,52.35581440284229,-0.0151276419653519,Vanguard Long-Term Treasury ETF,Q,True,False,False,False,False,False,False,False,False,,False,,,15153465344.0,Bond,unknown,170.0,True,,False,True,181.0,True,True,False,446.0,,0,0,False,Bond,Bond,Bond,Bond,Bond
2026-08-04,EWZ,36.68000030517578,36.72999954223633,36.0,36.09000015258789,26117700.0,251,942587796.9852448,665958338.513546,824855257.8637986,0.0418591451642103,-0.0667629880189508,-0.0271408495920805,0.167630190360059,0.0,0.0,0.0070168564721859,-0.0,-0.0,-0.0,,35.06577369689941,36.37190090179443,-0.0042237102655534,36.84000015258789,41.62374534901532,0.8670531652058951,0.6039999008178711,0.0167359351139975,35.459999084472656,34.20000076293945,34.20000076293945,-0.0523690601733874,iShares MSCI Brazil ETF,P,True,False,False,False,False,False,False,False,False,,False,,,9067350016.0,Country / Region,unknown,265.0,True,,False,True,40.0,True,True,False,447.0,,0,0,False,Country / Region,Country / Region,Country / Region,Country / Region,Country / Region
2026-08-04,XME,105.3000030517578,108.5199966430664,105.3000030517578,107.86000061035156,2256400.0,251,243375305.37719727,199244164.68494412,244131899.32795933,0.0526007546153852,-0.0771734433441908,-0.0895239481410734,0.1347162727833001,0.0,0.0,0.0070861776073736,-0.0,-0.0,-0.0,,110.61839141845704,114.42201588948568,-0.0274420855304781,108.5199966430664,132.8491221892372,0.8118984817732569,3.365499496459961,0.0312024798573658,96.37000274658205,96.37000274658205,96.37000274658205,-0.1065269590093699,State Street SPDR S&P Metals & Mining ETF,P,True,False,False,False,False,False,False,False,False,,False,,,4383336448.0,Other,unknown,403.0,True,,False,True,101.0,True,True,False,448.0,,0,0,False,Other,Other,Other,Other,Other
2026-08-04,URA,41.65999984741211,43.02999877929688,41.54999923706055,42.4900016784668,5834700.0,251,247916412.79335025,122128379.67453004,170372333.2195282,0.0177245911010011,-0.2242103099627814,-0.2023652841498291,0.0359922837762443,0.0,0.0,0.0006379485127251,-0.0,-0.0,-0.0,,44.14080001831055,49.492973480224606,-0.0492838511202554,43.380001068115234,58.970001220703125,0.720535879242096,1.6290000915527345,0.0383384332125899,37.18000030517578,37.18000030517578,37.18000030517578,-0.1249706086969169,Global X Uranium ETF,P,True,False,False,False,False,False,False,False,False,,False,,,5997526528.0,Commodity,unknown,346.0,True,,False,True,129.0,True,True,False,449.0,,0,0,False,Commodity,Commodity,Commodity,Commodity,Commodity
2026-08-04,TOTL,38.79999923706055,38.834999084472656,38.77299880981445,38.83000183105469,296900.0,251,11528627.543640137,24621968.71427536,20472927.283992466,-0.0048211033553362,-0.004134303724278,-0.0076828875256851,0.0,0.0,0.0,-0.0,-0.0,-0.0,-0.0,,38.92112716674805,39.076067759195965,-0.0008547966174452,39.0678978665291,39.76949454915276,0.9763765486901798,0.1173886679763565,0.0030231435086483,38.52528660451676,38.52528660451676,38.52528660451676,-0.0078474172590491,State Street DoubleLine Total Return Tactical ETF,P,True,False,False,False,False,False,False,False,False,,False,,,4176964608.0,Other,unknown,413.0,True,,False,True,401.0,True,True,False,450.0,,0,0,False,Other,Other,Other,Other,Other
2026-08-04,SILJ,25.61000061035156,26.34000015258789,25.56999969482422,26.11000061035156,4110200.0,251,107317324.508667,80465689.2843628,125880367.27211665,0.0307935526646216,-0.0921418497023879,-0.1716370485038992,0.0570175848313384,0.0,0.0,0.0017557740013133,-0.0,-0.0,-0.0,,26.46980014801025,30.294399960835776,-0.0469575866621571,26.38999938964844,40.29999923706055,0.6478908462693065,1.1905000686645508,0.0455955588217246,23.21999931335449,23.059999465942383,23.059999465942383,-0.1168135225243915,Amplify Junior Silver Miners ETF,P,True,False,False,False,False,False,False,False,False,,False,,,3404911360.0,Commodity,unknown,469.0,True,,False,True,159.0,True,True,False,451.0,,0,0,False,Commodity,Commodity,Commodity,Commodity,Commodity
2026-08-04,SIVR,56.75,57.04999923706055,56.33000183105469,56.59999847412109,935500.0,251,52949298.57254028,50038206.02445602,86311213.41656882,-0.0116990043353797,-0.1830254117868861,-0.2562417922601044,0.0,0.0,0.0,-0.0,-0.0,-0.0,-0.0,,60.28700012207031,71.53786664326985,-0.0655264556756112,57.880001068115234,89.58000183105469,0.6318374337708439,1.8719999313354487,0.033074204625489,53.72999954223633,52.13999938964844,52.13999938964844,-0.0787985725213734,abrdn Physical Silver Shares ETF,P,True,False,False,False,False,False,False,False,False,,False,,,3950569728.0,Commodity,unknown,429.0,True,,False,True,217.0,True,True,False,452.0,,0,0,False,Commodity,Commodity,Commodity,Commodity,Commodity
2026-08-04,SLV,53.970001220703125,54.27999877929688,53.58000183105469,53.84000015258789,13988500.0,251,753140842.1344757,756029149.2660713,1239147354.1887496,-0.0113844829656182,-0.1835001795696068,-0.2567642416061918,0.0,0.0,0.0,-0.0,-0.0,-0.0,-0.0,,57.364600067138674,68.10020011901855,-0.0655952961145908,55.08000183105469,85.2699966430664,0.6314061483778164,1.7904998779296877,0.0332559411748743,51.119998931884766,49.61000061035156,49.61000061035156,-0.0785661131175351,iShares Silver Trust,P,True,False,False,False,False,False,False,False,False,,False,,,28194189312.0,Commodity,unknown,99.0,True,,False,True,28.0,True,True,False,453.0,,0,0,False,Commodity,Commodity,Commodity,Commodity,Commodity
2026-08-04,BTC,28.229999542236328,28.475000381469727,28.100000381469727,28.399999618530277,1157000.0,251,32858799.558639526,39153351.54899597,54290826.91432711,0.006378465965823,-0.1984194362430906,-0.1765729708195028,0.0206422520029362,0.0,0.0,0.0001316659018586,-0.0,-0.0,-0.0,,28.589799842834477,32.15840000152588,-0.0441199148261898,29.600000381469727,36.34000015258789,0.78150796640841,0.709999942779541,0.0249999983209959,27.56999969482422,27.18000030517578,27.18000030517578,-0.042957722878224,Grayscale Bitcoin Mini Trust (BTC),P,True,False,False,False,False,False,False,False,False,,False,,,3187986688.0,Crypto,unknown,484.0,True,,False,True,277.0,True,True,False,454.0,,0,0,False,Crypto,Crypto,Crypto,Crypto,Crypto
2026-08-04,IBIT,36.13999938964844,36.470001220703125,35.9900016784668,36.38999938964844,33611800.0,251,1223133381.4849854,1311549993.2362366,1649598665.0387778,0.0066389447756378,-0.1984581901631564,-0.1770692359770628,0.0212012109971046,0.0,0.0,0.0001407536689864,-0.0,-0.0,-0.0,,36.62720008850098,41.20363327026367,-0.0442102840341509,37.93000030517578,46.560001373291016,0.7815721287869943,0.9269001007080078,0.0254712865142744,35.290000915527344,34.810001373291016,34.810001373291016,-0.0434184677894463,iShares Bitcoin Trust ETF,Q,True,False,False,False,False,False,False,False,False,,False,,,43234205696.0,Crypto,unknown,71.0,True,,False,True,23.0,True,True,False,455.0,,0,0,False,Crypto,Crypto,Crypto,Crypto,Crypto
2026-08-04,VNQI,46.0,46.290000915527344,45.90999984741211,46.2599983215332,191100.0,251,8840285.679244995,9748690.111694336,13028613.664245604,0.0167032598139165,-0.0066566754417537,-0.0344396061601747,0.1279458749562498,0.0,0.0,0.0021371131915131,-0.0,-0.0,-0.0,-0.0,45.333199996948245,46.61753323872884,-0.0034688143981733,46.630001068115234,50.880001068115234,0.9091980611321718,0.4415000915527344,0.0095438847291791,44.93999862670898,44.75,44.75,-0.0326415559083651,Vanguard Global ex-U.S. Real Estate ETF,Q,True,False,False,False,False,False,False,False,False,,False,,,3710765056.0,REIT / Infra,unknown,446.0,True,,False,True,437.0,True,True,False,456.0,,0,0,False,REIT / Infra,REIT / Infra,REIT / Infra,REIT / Infra,REIT / Infra
2026-08-04,SIL,77.68000030517578,79.5,77.51000213623047,78.58999633789062,1255100.0,251,98638304.40368652,66197825.673561096,118351414.22719803,0.0269175172017777,-0.0943799579233142,-0.156682556961874,0.0585226629883734,0.0,0.0,0.0015752847876833,-0.0,-0.0,-0.0,,79.72188659667968,90.85059631347656,-0.0465928766509907,79.5,118.68631159390996,0.6621656304122879,3.177499771118164,0.0404313515610407,71.08999633789062,69.68000030517578,69.68000030517578,-0.1133731574996786,Global X Silver Miners ETF,P,True,False,False,False,False,False,False,False,False,,False,,,4207305472.0,Commodity,unknown,411.0,True,,False,True,167.0,True,True,False,457.0,,0,0,False,Commodity,Commodity,Commodity,Commodity,Commodity
2026-08-04,SGOL,38.81999969482422,39.09000015258789,38.790000915527344,38.83000183105469,1639900.0,251,63677320.00274658,77820235.64849854,99537466.08466496,-0.0089330901325913,-0.0973965267811342,-0.1242669892325567,0.0,0.0,0.0,-0.0,-0.0,-0.0,-0.0,,39.79320014953613,43.6668667602539,-0.0257223855852662,39.65999984741211,51.02000045776367,0.7610741176531283,0.6710006713867187,0.0172804697333307,38.04999923706055,37.7400016784668,37.7400016784668,-0.028071081668509,abrdn Physical Gold Shares ETF,P,True,False,False,False,False,False,False,False,False,,False,,,6743476736.0,Commodity,unknown,319.0,True,,False,True,193.0,True,True,False,458.0,,0,0,False,Commodity,Commodity,Commodity,Commodity,Commodity
2026-08-04,CGCP,22.030000686645508,22.059999465942383,22.01499938964844,22.05500030517578,1225100.0,251,27019580.87387085,30086589.722452164,33531461.94992065,-0.0065315519270492,-0.0033496709844437,-0.0060834045473479,0.0,0.0,0.0,-0.0,-0.0,-0.0,-0.0,-0.0,22.17716022491455,22.187992273966472,-0.000666031899714,22.23500061035156,22.479293481109885,0.9811251551882336,0.0733499526977539,0.003325774277162,21.8700008392334,21.8700008392334,21.8700008392334,-0.0083880962766963,Capital Group Core Plus Income ETF,P,True,False,False,False,False,False,False,False,False,,False,,,8320875520.0,Bond,unknown,274.0,True,,False,True,336.0,True,True,False,459.0,,0,0,False,Bond,Bond,Bond,Bond,Bond
2026-08-04,SHLD,66.05000305175781,67.83999633789062,66.0199966430664,67.56999969482422,1419700.0,251,95929128.56674194,65740634.65854645,107518604.59509955,0.0592569168372087,-0.0043023994682738,-0.0893727292244342,0.2441859147016133,0.0,0.0,0.0144697044402912,-0.0,-0.0,-0.0,,62.57758819580078,68.88418271382649,-0.0016641155484768,67.83999633789062,78.1967570103106,0.8641023269790434,1.3419492721557618,0.0198601343527688,60.560001373291016,59.09000015258789,59.09000015258789,-0.1254994758107995,Global X Defense Tech ETF,P,True,False,False,False,False,False,False,False,False,,False,,,6854938112.0,Industry / Theme,unknown,315.0,True,,False,True,182.0,True,True,False,460.0,,0,0,False,Industry / Theme,Industry / Theme,Industry / Theme,Industry / Theme,Industry / Theme
2026-08-04,IEF,93.1500015258789,93.2699966430664,93.0999984741211,93.25,5461100.0,251,509247575.0,474652969.10331726,614425952.4910215,-0.0013860940735062,-0.0020730976975151,-0.0036218625205257,0.0,0.0,0.0,-0.0,-0.0,-0.0,-0.0,,93.37833053588868,93.87488596598308,-0.0004355154503212,93.7780640342498,96.14833419191964,0.969855596394064,0.3373581627241862,0.0036177819058893,92.41275520617572,92.41275520617572,92.41275520617572,-0.0089784964485176,iShares 7-10 Year Treasury Bond ETF,Q,True,False,False,False,False,False,False,False,False,,False,,,47093366784.0,Bond,unknown,63.0,True,,False,True,51.0,True,True,False,461.0,,0,0,False,Bond,Bond,Bond,Bond,Bond
2026-08-04,CGCB,25.8799991607666,25.90999984741211,25.8700008392334,25.905000686645508,944000.0,251,24454320.64819336,27171574.070777893,29551156.31201608,-0.0059477660196978,-0.0030111502851013,-0.0053808970939772,0.0,0.0,0.0,-0.0,-0.0,-0.0,-0.0,,26.042163887023925,26.0851779683431,-0.0003308641537816,26.125,26.523419306984128,0.9766840536968106,0.0881501197814941,0.0034028225224845,25.700000762939453,25.700000762939453,25.700000762939453,-0.0079135270516219,Capital Group Core Bond ETF,P,True,False,False,False,False,False,False,False,False,,False,,,5556136960.0,Bond,unknown,361.0,True,,False,True,354.0,True,True,False,462.0,,0,0,False,Bond,Bond,Bond,Bond,Bond
2026-08-04,SPTL,25.229999542236328,25.290000915527344,25.209999084472656,25.290000915527344,3575600.0,251,90426927.27355956,127266517.16636658,143617961.09456864,-0.0130587366252902,-0.0103436923017441,-0.0170313841372735,0.0,0.0,0.0,-0.0,-0.0,-0.0,-0.0,,25.67166534423828,25.86387414296468,-0.001346339575765,25.724256572010795,26.913232286837832,0.9396864949549614,0.1601180468229232,0.0063312788068985,24.907296239762548,24.907296239762548,24.907296239762548,-0.0151326477623742,State Street SPDR Portfolio Long Term Treasury ETF,P,True,False,False,False,False,False,False,False,False,,False,,,10471982080.0,Bond,unknown,238.0,True,,False,True,144.0,True,True,False,463.0,,0,0,False,Bond,Bond,Bond,Bond,Bond
2026-08-04,IAUM,40.63999938964844,40.90999984741211,40.61000061035156,40.650001525878906,1266200.0,251,51471031.93206787,70574118.30860138,92397344.83428834,-0.0087782689682597,-0.0968672952286788,-0.1241111471767089,0.0,0.0,0.0,-0.0,-0.0,-0.0,-0.0,,41.64399978637695,45.69039998372396,-0.0256707800212001,41.5099983215332,53.380001068115234,0.7615211823245884,0.7044496536254883,0.0173296341250323,39.81100082397461,39.4900016784668,39.4900016784668,-0.0285362805379877,iShares Gold Trust Micro Shares,P,True,False,False,False,False,False,False,False,False,,False,,,6306659840.0,Commodity,unknown,338.0,True,,False,True,206.0,True,True,False,464.0,,0,0,False,Commodity,Commodity,Commodity,Commodity,Commodity
2026-08-04,IAU,76.66999816894531,77.19000244140625,76.5,76.69000244140625,10081900.0,251,773180935.6140137,360287683.30654144,472038681.9878836,-0.008788939912579,-0.0974461417011187,-0.1242434314415217,0.0,0.0,0.0,-0.0,-0.0,-0.0,-0.0,,78.59580001831054,86.25886662801106,-0.0257773734779306,78.33000183105469,100.80999755859376,0.7607380646629989,1.3310009002685548,0.0173555986164622,75.12999725341797,74.55000305175781,74.55000305175781,-0.0279045419418713,iShares Gold Trust Shares,P,True,False,False,False,False,False,False,False,False,,False,,,60138172416.0,Commodity,unknown,48.0,True,,False,True,68.0,True,True,False,465.0,,0,0,False,Commodity,Commodity,Commodity,Commodity,Commodity
2026-08-04,FIMU,19.790000915527344,19.799999237060547,19.75,19.799999237060547,1200.0,32,23759.999084472656,31385.369701385494,,-0.0089752501141536,,,0.0,,,-0.0,,,,,,,,20.07906342793944,,,0.0578886559194083,0.0029236696035349,19.650152837054115,19.650152837054115,19.650152837054115,-0.0075680002919372,Fidelity Intermediate Municipal Income ETF,Q,True,False,False,False,False,False,False,False,False,,False,,,13629500416.0,Bond,unknown,188.0,True,,False,True,,False,False,False,,,0,0,False,Bond,Bond,Bond,Bond,Bond
2026-08-04,IQMM,100.05999755859376,100.05999755859376,100.0500030517578,100.0500030517578,18800.0,115,1880940.0573730469,183710639.10373688,142892578.8716271,0.0027615074279456,0.0089111126019469,,0.9325036149555876,0.8393553342898966,,0.002575115659286,0.0074795898969021,,,0.9988480283013894,99.71238861083984,,0.001426006793709,100.17990241371147,,,0.0331979688173746,0.000331813771162,99.92909886106716,99.7844467163086,99.7844467163086,-0.0026542361554136,ProShares GENIUS Money Market ETF,P,True,False,False,False,False,False,False,False,False,,False,,,20518305792.0,Other,unknown,132.0,True,,False,True,147.0,False,False,False,,,0,0,False,Other,Other,Other,Other,Other
2026-08-04,DRAM,53.52000045776367,55.40999984741211,53.33000183105469,54.88999938964844,53459900.0,85,2934413878.3706665,4465201703.757248,3543254254.3660665,-0.0940749422113345,0.2924416720499376,,0.0,0.0589519541541052,,-0.0,0.0172400080434377,,,0.249649469546303,61.87980010986328,,-0.0001615775132937,66.0999984741211,,,4.8124998092651365,0.087675348201456,44.400001525878906,44.400001525878906,44.400001525878906,-0.1911094549173526,Roundhill Memory ETF,Z,True,False,False,False,False,False,False,False,False,,False,,,25910761472.0,Other,unknown,108.0,True,,False,True,9.0,False,False,False,,,0,0,False,Other,Other,Other,Other,Other
2026-08-04,FREI,24.86000061035156,24.950000762939453,24.86000061035156,24.940000534057617,11900.0,32,296786.00635528564,1512805.899353027,,-0.0004752345978736,,,0.0,,,-0.0,,,,,,,,27.809999465942383,,,0.373014849727628,0.0149564892437851,24.82999992370605,24.82999992370605,24.82999992370605,-0.0044106097833216,Fidelity Real Estate Income ETF,Q,True,False,False,False,False,False,False,False,False,,False,,,4103114240.0,Bond,unknown,416.0,True,,False,True,,False,False,False,,,0,0,False,Bond,Bond,Bond,Bond,Bond
