date,symbol,open,high,low,close,volume,history_days,dollar_volume,avg_dollar_vol_20,avg_dollar_vol_63,r20,r63,r126,er20,er63,er126,te20,te63,te126,score,surge_ratio,ma50,ma150,ma50_slope_10,hhv20,hhv126,hhv126_ratio,atr20,atr20_pct,low10,low20,suggested_stop,stop_distance_pct,name,exchange,is_etf,is_test_issue,exclude_leveraged,exclude_inverse,exclude_volatility,exclude_single_stock,exclude_option_income,exclude_buffer,exclude_by_name,exclude_reason,exclude_income_oriented,income_exclusion_reason_category,income_exclusion_matched_keyword,aum,asset_group,category,aum_rank,aum_eligible,manual_action,excluded_product_type,base_universe_eligible,dollar_vol_rank,liquidity_eligible,eligible_universe,signal_surge_v0,rank_score,signal_streak_start_date,signal_streak_trading_days,signal_streak_calendar_days,is_first_signal_today,group,Group,assetGroup,AssetGroup,Asset Group
2026-09-11,ETHA,18.859699249267575,20.1200008392334,18.790000915527344,19.15999984741211,96396910.0,251,1846964780.8909988,877152279.0514116,542946603.2937891,0.3464511921130393,0.5086614279658614,0.2258477099888018,0.5595915631516596,0.2966023669248958,0.0751863600405804,0.1938711641502916,0.1508701834980718,0.0169806672375586,0.1040088528068922,2.645128619960801,15.542599906921389,15.50256664911906,0.0875034957215115,20.1200008392334,20.1200008392334,0.9522862350010785,0.7125503540039062,0.0371894759748731,17.899999618530273,14.039999961853027,14.039999961853027,-0.2672233782011551,iShares Ethereum Trust ETF,Q,True,False,False,False,False,False,False,False,False,,False,,,4276033536.0,Crypto,unknown,408.0,True,,False,True,54.0,True,True,True,1.0,2026-09-11,1,0,True,Crypto,Crypto,Crypto,Crypto,Crypto
2026-09-11,HGER,36.290000915527344,36.290000915527344,35.96500015258789,36.13999938964844,1390560.0,251,50254837.55126953,34506501.0642128,46523141.7544041,0.0826841891317244,0.1923457613470727,0.1583332854458421,0.5433069683582753,0.3122657252855532,0.1431054044380222,0.0449228961283194,0.0600629886726455,0.022658348849728,0.0469713647346244,2.532467494004883,33.1967998123169,31.40628660837809,0.0393097298272286,36.47999954223633,36.47999954223633,0.9906798202616686,0.3962997436523437,0.0109656820792823,34.80500030517578,33.37900161743164,33.37900161743164,-0.0763972833106253,Harbor Commodity All-Weather Strategy ETF,N,True,False,False,False,False,False,False,False,False,,False,,,3212702208.0,Commodity,unknown,480.0,True,,False,True,285.0,True,True,True,3.0,2026-09-04,5,7,False,Commodity,Commodity,Commodity,Commodity,Commodity
2026-09-11,XLE,64.88999938964844,65.7249984741211,64.70999908447266,65.13999938964844,30522607.0,251,1988242601.3504791,1708631554.9163284,1727272305.924438,0.0668194877922505,0.1486304869514259,0.1482951078469649,0.3784789248344515,0.2133119455801647,0.0978852674475533,0.0252897678975997,0.0317046583441359,0.0145159062927639,0.0256885951261557,2.105734260020106,60.1392000579834,57.755778783162434,0.0373107133837771,66.16999816894531,66.16999816894531,0.9844340515671908,1.1467496871948242,0.0176043859063507,62.119998931884766,61.25,61.25,-0.0597175226603795,State Street Energy Select Sector SPDR ETF,P,True,False,False,False,False,False,False,False,False,,False,,,35721338880.0,Sector,unknown,84.0,True,,False,True,19.0,True,True,True,21.0,2026-09-11,1,0,True,Sector,Sector,Sector,Sector,Sector
2026-09-11,VDE,182.5,185.0500030517578,182.4250030517578,183.6100006103516,417655.0,251,76685634.80491638,86034491.08068466,94214411.0271575,0.065641307941221,0.1473819560787648,0.1465093442912852,0.3895969009361317,0.2130509461173687,0.0971003815315708,0.025573650147294,0.0313998651832093,0.014226113228624,0.0253890519991044,2.172587380508836,169.655,163.28208231608073,0.0368817143870374,186.22999572753903,186.22999572753903,0.9859314010777264,3.088751220703125,0.0168223474235367,175.3000030517578,172.91000366210938,172.91000366210938,-0.0582756762304533,Vanguard Energy ETF,P,True,False,False,False,False,False,False,False,False,,False,,,11076583424.0,Other,unknown,226.0,True,,False,True,187.0,True,True,True,23.0,2026-09-11,1,0,True,Other,Other,Other,Other,Other
2026-09-11,PDBC,19.709999084472656,19.825000762939453,19.680099487304688,19.790000915527344,4244655.0,251,84001726.33609772,92760099.85650064,119053902.62916808,0.1136747555277151,0.1479119012913878,0.1499129557410865,0.5401079336649609,0.2022206020930925,0.1001553793577579,0.0613966373179438,0.0299108337358785,0.0150145889528912,0.024697148061833,4.375749161425959,17.82359983444214,17.203399957021077,0.0362196620486166,20.059999465942383,20.059999465942383,0.9865404507675368,0.2759449005126953,0.0139436527411268,18.325000762939453,17.739999771118164,17.739999771118164,-0.1035877235761387,Invesco Optimum Yield Diversified Commodity Strategy No K-1 ETF,Q,True,False,False,False,False,False,False,False,False,,False,,,5328577024.0,Commodity,unknown,367.0,True,,False,True,158.0,True,True,True,25.0,2026-09-10,2,1,False,Commodity,Commodity,Commodity,Commodity,Commodity
2026-09-11,GNR,78.95999908447266,79.27999877929688,78.33999633789062,78.58999633789062,195068.0,251,15330393.405639648,25201062.284722906,19277993.49717204,0.0553242251866932,0.1037921307078213,0.0797133509572454,0.3814809215740849,0.2118086199733222,0.0789693685438991,0.0211051364095919,0.0219840679693143,0.0062949129896118,0.0164928637264184,1.7031828424396276,73.93059997558593,72.85129399617513,0.0296941696938703,80.58000183105469,80.58000183105469,0.975303978059763,1.0525001525878903,0.0133922916609228,77.5199966430664,74.70999908447266,74.70999908447266,-0.0493701162261959,State Street SPDR S&P Global Natural Resources ETF,P,True,False,False,False,False,False,False,False,False,,False,,,4480049664.0,Global Equity,unknown,401.0,True,,False,True,400.0,True,True,True,57.0,2026-09-04,5,7,False,Global Equity,Global Equity,Global Equity,Global Equity,Global Equity
2026-09-11,VFLO,53.810001373291016,54.02999877929688,53.55500030517578,53.880001068115234,1685868.0,251,90834569.6407013,121884312.25782242,86709211.34148806,0.0051352970223716,0.1783288330820278,0.3782581275531329,0.0351562842552345,0.3355091816162062,0.300951057420577,0.0001805379618535,0.0598309608459242,0.1138371834650428,0.0787331387626157,0.7173558026612656,51.2799600982666,45.08179679870605,0.0377017693678791,56.32937581254435,56.32937581254435,0.9565169201842344,0.6671211673651698,0.012381610136232,53.525001525878906,53.195527709658535,53.195527709658535,-0.0127036626742339,VictoryShares Free Cash Flow ETF,Q,True,False,False,False,False,False,False,False,False,,False,,,7757980672.0,Factor / Style,unknown,292.0,True,,False,True,199.0,True,True,False,2.0,,0,0,False,Factor / Style,Factor / Style,Factor / Style,Factor / Style,Factor / Style
2026-09-11,EWT,110.37999725341795,111.1500015258789,110.30999755859376,110.91000366210938,2234463.0,251,247824299.5128479,389213005.0901596,548151295.59684,0.0317209642986917,0.0825769347571692,0.5898795909655985,0.1461638831751098,0.0712481583500872,0.1853686679934388,0.0046364593199558,0.0058834545236436,0.1093451940538075,0.0420950633592009,0.8034176513453786,103.68080017089844,91.70160003662107,0.0070203382593629,112.3000030517578,112.77999877929688,0.983419089045683,1.9245002746582032,0.0173519088550501,107.62000274658205,102.62000274658205,102.62000274658205,-0.0747452947597322,iShares MSCI Taiwan ETF,P,True,False,False,False,False,False,False,False,False,,False,,,11151458304.0,Country / Region,unknown,222.0,True,,False,True,51.0,True,True,False,4.0,,0,0,False,Country / Region,Country / Region,Country / Region,Country / Region,Country / Region
2026-09-11,IBB,203.9600067138672,205.3000030517578,202.75,202.92999267578125,2281774.0,251,463040381.1077881,333181246.95547485,313263058.9567106,0.0200562490469968,0.190442388965939,0.2218420100535014,0.0701105249977611,0.2341872081683152,0.1386252080967803,0.0014061541501707,0.0445991713888376,0.0307528948082746,0.0397529745856405,0.621279100836743,199.096799621582,180.51778940836587,0.0270207274728497,217.1199951171875,217.1199951171875,0.9346444235421644,4.334502410888672,0.0213595947732273,201.9199981689453,195.6699981689453,195.6699981689453,-0.0357758575314943,iShares Biotechnology ETF,Q,True,False,False,False,False,False,False,False,False,,False,,,9087528960.0,Industry / Theme,unknown,264.0,True,,False,True,77.0,True,True,False,5.0,,0,0,False,Industry / Theme,Industry / Theme,Industry / Theme,Industry / Theme,Industry / Theme
2026-09-11,EUFN,42.52000045776367,42.52000045776367,42.17499923706055,42.290000915527344,1945968.0,251,82294988.50158691,69378570.8697815,62141856.34750245,-0.0023590109828006,0.1348005804786667,0.273830159961999,0.0,0.2349256497783898,0.178250960581203,-0.0,0.0316681139594549,0.0488104890493308,0.0376679452409114,0.883182422024516,41.47880004882813,37.933085403442384,0.0177847600468366,43.06999969482422,43.06999969482422,0.9818899748125468,0.4329998016357422,0.010238822233668,41.75,41.720001220703125,41.720001220703125,-0.0134783561713032,iShares MSCI Europe Financials ETF,Q,True,False,False,False,False,False,False,False,False,,False,,,3689534976.0,Country / Region,unknown,449.0,True,,False,True,247.0,True,True,False,6.0,,0,0,False,Country / Region,Country / Region,Country / Region,Country / Region,Country / Region
2026-09-11,CALF,55.77999877929688,56.08000183105469,55.72999954223633,55.93999862670898,571110.0,251,31947892.615699768,36709460.070791245,29105192.093195237,-0.0174797376575386,0.1163892150617136,0.2689591000218756,0.0,0.1979464636107898,0.2231831212963844,-0.0,0.0230388335239018,0.0600271314439486,0.0359847377959182,0.5107815686088305,54.88663040161133,49.66594273885091,0.0267775567142884,58.34000015258789,58.34000015258789,0.9588618183133062,0.6536594173340855,0.0116850095348767,55.34999847412109,55.34999847412109,55.34999847412109,-0.0105470176451915,Pacer US Small Cap Cash Cows ETF,Z,True,False,False,False,False,False,False,False,False,,False,,,3474337792.0,Factor / Style,unknown,465.0,True,,False,True,354.0,True,True,False,7.0,,0,0,False,Factor / Style,Factor / Style,Factor / Style,Factor / Style,Factor / Style
2026-09-11,FELV,42.52000045776367,42.650001525878906,42.459999084472656,42.630001068115234,112456.0,251,4793999.400115967,7089274.326695251,7274559.301100474,-0.0102158957470774,0.0830951293376702,0.2253554701141944,0.0,0.2487587623601504,0.2856477712142637,-0.0,0.0206706415321954,0.0643722877690622,0.0359662177150988,0.7182489909853571,42.08389991760254,38.8403018951416,0.0128554277719357,43.2599983215332,43.2599983215332,0.9854369561289515,0.3097499847412109,0.0072660093122279,42.130001068115234,42.130001068115234,42.130001068115234,-0.0117288291689481,Fidelity Enhanced Large Cap Value ETF,P,True,False,False,False,False,False,False,False,False,,False,,,3197805568.0,Factor / Style,unknown,484.0,True,,False,True,460.0,True,True,False,8.0,,0,0,False,Factor / Style,Factor / Style,Factor / Style,Factor / Style,Factor / Style
2026-09-11,VLUE,202.5500030517578,203.31500244140625,202.3650054931641,203.19000244140625,484596.0,251,98465062.4230957,90341968.0492096,228257090.79768103,0.0015279847749058,0.0320194923564545,0.424232441832856,0.0118184441259144,0.0487245382029999,0.2256617472366323,1.805840268747339e-05,0.0015601349785627,0.0957330340584653,0.0345206496565286,0.2388726000709482,197.50240112304687,177.13506601969402,0.0029993137954933,206.22000122070312,206.57000732421875,0.9836374848091696,2.336749267578125,0.0115003161548362,198.7400054931641,198.7400054931641,198.7400054931641,-0.0219006688064066,iShares MSCI USA Value Factor ETF,Z,True,False,False,False,False,False,False,False,False,,False,,,10583302144.0,Country / Region,unknown,236.0,True,,False,True,101.0,True,True,False,9.0,,0,0,False,Country / Region,Country / Region,Country / Region,Country / Region,Country / Region
2026-09-11,CIBR,94.5,95.5,93.76000213623048,94.4000015258789,1121846.0,251,105902264.11180116,151153981.5779732,141431710.47333756,-0.0763208968226631,0.1054308552081957,0.4493946972889031,0.0,0.1022265165343722,0.1734442213470729,-0.0,0.0107778290631736,0.0779449133487773,0.0342863085631349,0.5815122650484877,94.30660018920898,79.6479690806071,0.0209880460570062,102.3499984741211,102.3499984741211,0.9223253828357182,2.648449325561524,0.0280556068088142,92.68000030517578,91.12000274658205,91.12000274658205,-0.0347457492190579,First Trust NASDAQ Cybersecurity ETF,Q,True,False,False,False,False,False,False,False,False,,False,,,13836617728.0,Industry / Theme,unknown,181.0,True,,False,True,139.0,True,True,False,10.0,,0,0,False,Industry / Theme,Industry / Theme,Industry / Theme,Industry / Theme,Industry / Theme
2026-09-11,XBI,158.27000427246094,159.66070556640625,156.1300048828125,156.1999969482422,8411294.0,251,1313844097.1307678,1354573635.9872909,1372047146.6665993,-0.0042075969625223,0.1778915159829142,0.2751045571678834,0.0,0.1699236170531976,0.1263305416340484,-0.0,0.0302279698388935,0.0347541077130137,0.0318121180948355,0.564972119391832,158.1977996826172,140.27892923990885,0.0145781507828028,169.88999938964844,169.88999938964844,0.9194184325705496,4.243034362792969,0.027164112968574,155.82000732421875,154.14999389648438,154.14999389648438,-0.0131242195378344,State Street SPDR S&P Biotech ETF,P,True,False,False,False,False,False,False,False,False,,False,,,10734887936.0,Industry / Theme,unknown,231.0,True,,False,True,24.0,True,True,False,11.0,,0,0,False,Industry / Theme,Industry / Theme,Industry / Theme,Industry / Theme,Industry / Theme
2026-09-11,IWX,112.3000030517578,112.66999816894533,112.26499938964844,112.45999908447266,730190.0,251,82117166.73149109,33101121.44841385,44267146.07024783,-0.0034559095695324,0.0805840319938961,0.2129798704529375,0.0,0.219968419142138,0.2578231145464889,-0.0,0.0177259421257968,0.054911133535884,0.0307407591193273,0.7631092157270147,110.69640014648438,102.64195948282878,0.0131484804508605,113.9499969482422,113.9499969482422,0.9869241079098378,0.8,0.007113640463389,111.2699966430664,111.2699966430664,111.2699966430664,-0.010581561898399,iShares Russell Top 200 Value ETF,P,True,False,False,False,False,False,False,False,False,,False,,,3556921344.0,Factor / Style,unknown,456.0,True,,False,True,293.0,True,True,False,12.0,,0,0,False,Factor / Style,Factor / Style,Factor / Style,Factor / Style,Factor / Style
2026-09-11,ARTY,75.55000305175781,75.75959777832031,74.95999908447266,75.4800033569336,239427.0,251,18071950.76374054,33277737.40257454,39830865.67000192,-0.0268178734803181,0.0418585710174137,0.5642984788223213,0.0,0.0311565506106411,0.1399587457995195,-0.0,0.0013041686863931,0.0789785073525488,0.0284901872195476,0.3234038333781388,71.74460021972656,64.01379720052083,-0.0011110403241847,78.43000030517578,81.80196563276948,0.9227162547142592,1.6085792541503907,0.0213113299232865,72.48999786376953,71.5999984741211,71.5999984741211,-0.0514044079259581,iShares Future AI & Tech ETF,P,True,False,False,False,False,False,False,False,False,,False,,,3930527488.0,Other,unknown,432.0,True,,False,True,305.0,True,True,False,13.0,,0,0,False,Other,Other,Other,Other,Other
2026-09-11,RSPT,63.880001068115234,64.81500244140625,63.900001525878906,64.7699966430664,320746.0,251,20774717.343276978,27410370.09438248,41549197.92396521,-0.0274775056003307,0.0479158411869626,0.4272583171160802,0.0,0.0547647720404707,0.1769785307918238,-0.0,0.0026241001197314,0.075615549231791,0.0281711073089522,0.6278021112745871,62.7702001953125,56.48483978271484,0.0030697748728454,66.88999938964844,67.4446029663086,0.9603436567848392,1.0462499618530274,0.0161533119666299,63.02999877929688,62.560001373291016,62.560001373291016,-0.034120663645456,Invesco S&P 500 Equal Weight Technology ETF,P,True,False,False,False,False,False,False,False,False,,False,,,5687853056.0,Sector,unknown,359.0,True,,False,True,303.0,True,True,False,14.0,,0,0,False,Sector,Sector,Sector,Sector,Sector
2026-09-11,FBTC,67.37000274658203,69.45999908447266,66.88999938964844,67.25,2904202.0,251,195307584.5,282841035.30284274,230249412.08333015,0.2207297116306303,0.2163139606878514,0.0958123052053743,0.4181568320799795,0.1764792832128075,0.0415577210371243,0.0922996369613918,0.0381749327311154,0.0039817410516487,0.0262073156433021,1.9369080913126615,59.7125,60.89853337605794,0.0527053474168683,71.20999908447266,71.5250015258789,0.9402306685120148,2.219200134277344,0.0329992585022653,66.447998046875,54.345001220703125,54.345001220703125,-0.1918958926289498,Fidelity Wise Origin Bitcoin Fund,Z,True,False,False,False,False,False,False,False,False,,False,,,10223253504.0,Crypto,unknown,244.0,True,,False,True,99.0,True,True,False,15.0,,0,0,False,Crypto,Crypto,Crypto,Crypto,Crypto
2026-09-11,IWD,255.25999450683597,255.97000122070312,254.9600067138672,255.5800018310547,1353098.0,251,345824789.31759644,392047945.47570646,524413815.4274394,-0.0120603410466006,0.0692543610263831,0.1988692343078184,0.0,0.1995525024216152,0.2455810958991771,-0.0,0.0138198810464247,0.0488385245019442,0.0260764062558565,0.6191722020400542,253.26160064697265,235.87910044352213,0.011139794330633,260.19000244140625,260.19000244140625,0.982282176228544,1.7885009765625,0.0069978126760666,252.97000122070312,252.97000122070312,252.97000122070312,-0.0102120689868249,iShares Russell 1000 Value ETF,P,True,False,False,False,False,False,False,False,False,,False,,,79741509632.0,Factor / Style,unknown,36.0,True,,False,True,56.0,True,True,False,16.0,,0,0,False,Factor / Style,Factor / Style,Factor / Style,Factor / Style,Factor / Style
2026-09-11,BTC,34.2400016784668,35.29499816894531,33.97999954223633,34.150001525878906,1766600.0,251,60329392.69561768,71692402.17823029,52952730.23558722,0.2196429116385323,0.2148701808744573,0.095253405761196,0.4203689589689529,0.1767115524165962,0.0413591517976193,0.0923310621103995,0.0379700432303601,0.0039396000681175,0.0260593881235752,1.912900790805517,30.343799896240235,30.942266693115236,0.0527707255968019,36.18000030517578,36.34000015258789,0.9397358663314967,1.1227496147155762,0.0328770004260396,33.7599983215332,27.6200008392334,27.6200008392334,-0.1912152385029051,Grayscale Bitcoin Mini Trust (BTC),P,True,False,False,False,False,False,False,False,False,,False,,,3187986688.0,Crypto,unknown,485.0,True,,False,True,273.0,True,True,False,17.0,,0,0,False,Crypto,Crypto,Crypto,Crypto,Crypto
2026-09-11,VONV,111.76000213623048,112.25499725341795,111.76000213623048,112.08999633789062,405939.0,251,45501701.02340698,64241961.91182709,81855435.81836519,-0.0117263432597978,0.069031169991983,0.1995589709038043,0.0,0.1972963069409512,0.2453413941969491,-0.0,0.0136195949032312,0.0489600761460477,0.025988763338217,0.6097708678017937,111.06579956054688,103.41855239868164,0.0111709156878134,114.08000183105467,114.08000183105467,0.9825560531098944,0.7772502899169922,0.0069341628629731,110.9499969482422,110.9499969482422,110.9499969482422,-0.0101703936737758,Vanguard Russell 1000 Value ETF,Q,True,False,False,False,False,False,False,False,False,,False,,,21457317888.0,Factor / Style,unknown,127.0,True,,False,True,209.0,True,True,False,18.0,,0,0,False,Factor / Style,Factor / Style,Factor / Style,Factor / Style,Factor / Style
2026-09-11,IBIT,43.84999847412109,45.21989822387695,43.5,43.77000045776367,47511434.0,251,2079575487.9290085,2623372896.229413,1813945876.9521415,0.2198996419947123,0.2141470564239767,0.0956195149404834,0.4185676407603168,0.1750566927946001,0.0412259859527245,0.092042874353765,0.0374878754692799,0.0039420087797427,0.0257468221279419,1.9021710920749817,38.87359992980957,39.64269991556803,0.0527148146867029,46.369998931884766,46.560001373291016,0.9400773016916658,1.4564947128295898,0.0332760954442998,43.22999954223633,35.3650016784668,35.3650016784668,-0.1920264722731124,iShares Bitcoin Trust ETF,Q,True,False,False,False,False,False,False,False,False,,False,,,43234205696.0,Crypto,unknown,71.0,True,,False,True,17.0,True,True,False,19.0,,0,0,False,Crypto,Crypto,Crypto,Crypto,Crypto
2026-09-11,KBWB,97.5,97.80999755859376,96.0199966430664,96.8499984741211,1004205.0,251,97257252.71770476,122083580.58220482,159386233.41052523,-0.0237879309760111,0.0691601141497728,0.2826634869331097,0.0,0.1228642949162027,0.2043206037568276,-0.0,0.0084973086613359,0.0577539743101831,0.0257371416384324,0.3703890492245103,96.78320068359376,88.81752649943034,0.0058509535495456,100.61000061035156,100.61000061035156,0.962627948380674,1.4255001068115234,0.0147186384023787,94.4499969482422,94.4499969482422,94.4499969482422,-0.0247806046844719,Invesco KBW Bank ETF,Q,True,False,False,False,False,False,False,False,False,,False,,,6505184256.0,Other,unknown,328.0,True,,False,True,125.0,True,True,False,20.0,,0,0,False,Other,Other,Other,Other,Other
2026-09-11,DFLV,41.72999954223633,41.80500030517578,41.56010055541992,41.709999084472656,622615.0,251,25969271.079978943,22922090.692022324,27438965.610013083,-0.0080856161416581,0.0581763331402929,0.1882433091378128,0.0,0.2076879757047253,0.2690729763857759,-0.0,0.0120825248638311,0.050651187474419,0.0255815567775369,0.5623788506617398,41.10639976501465,38.63786666870117,0.0111078587068254,42.34999847412109,42.34999847412109,0.9848878533008796,0.2891502380371094,0.0069323961731936,41.34000015258789,41.34000015258789,41.34000015258789,-0.0088707489812078,Dimensional US Large Cap Value ETF,P,True,False,False,False,False,False,False,False,False,,False,,,6419725824.0,Factor / Style,unknown,334.0,True,,False,True,364.0,True,True,False,22.0,,0,0,False,Factor / Style,Factor / Style,Factor / Style,Factor / Style,Factor / Style
2026-09-11,GBTC,59.88999938964844,61.744998931884766,59.4900016784668,59.77000045776367,1428525.0,251,85382939.90392685,132412300.9213972,97779986.7140982,0.2185525257379301,0.2118816063990387,0.0889051033408381,0.4197336583442367,0.1751299103683507,0.0387794132077352,0.0917338511683543,0.0371068067373658,0.0034476877387307,0.0253261150878435,1.932055821026844,53.1292000579834,54.32653333028158,0.0521883812374517,63.28499984741211,63.845001220703125,0.9361735345755144,1.9634998321533204,0.0328509254996714,59.07500076293945,48.36000061035156,48.36000061035156,-0.1908984400205076,Grayscale Bitcoin Trust (BTC),P,True,False,False,False,False,False,False,False,False,,False,,,8134695424.0,Crypto,unknown,281.0,True,,False,True,183.0,True,True,False,24.0,,0,0,False,Crypto,Crypto,Crypto,Crypto,Crypto
2026-09-11,XLF,57.43999862670898,57.6150016784668,56.95500183105469,57.25,34436738.0,251,1971503250.5,1709167397.353434,1800511355.0061707,-0.0173360513324954,0.091800545705887,0.1825897565713137,0.0,0.2028672968486293,0.1966578914023485,-0.0,0.0186233285565823,0.0359077165189826,0.0246728643434224,0.5742967269424677,57.11440002441406,53.235152893066406,0.0135348813810947,58.59999847412109,58.59999847412109,0.9769624827769018,0.6462505340576172,0.0112882189355042,56.68999862670898,56.68999862670898,56.68999862670898,-0.0097816833762622,State Street Financial Select Sector SPDR ETF,P,True,False,False,False,False,False,False,False,False,,False,,,51353821184.0,Sector,unknown,56.0,True,,False,True,18.0,True,True,False,26.0,,0,0,False,Sector,Sector,Sector,Sector,Sector
2026-09-11,SOXX,525.2349853515625,531.0399780273438,521.1400146484375,527.0700073242188,5549671.0,251,2925065134.6170044,3648891033.707321,5014610735.817769,-0.0429785076984933,-0.1015618781990318,0.5980046765912845,0.0,0.0,0.1138297011221787,-0.0,-0.0,0.0680706936060511,0.0238247427621178,-0.0,531.5234027099609,475.6237955729167,-0.0369846826072167,566.02001953125,655.9500122070312,0.8035216060913262,15.280003356933594,0.0289904626417764,489.2099914550781,489.2099914550781,489.2099914550781,-0.0718310951923538,iShares PHLX SOX Semiconductor Sector Index Fund,Q,True,False,False,False,False,False,False,False,False,,False,,,47824830464.0,Industry / Theme,unknown,60.0,True,,False,True,7.0,True,True,False,27.0,,0,0,False,Industry / Theme,Industry / Theme,Industry / Theme,Industry / Theme,Industry / Theme
2026-09-11,VFH,140.25999450683594,140.47000122070312,139.02999877929688,139.67999267578125,292111.0,251,40802062.34051514,72582070.91129151,67629544.83873834,-0.0214376677849389,0.0877648867254694,0.183793044407557,0.0,0.1949040948691032,0.1952799155477982,-0.0,0.0171057358085169,0.0358910901901804,0.0236806098420992,0.5312714431616804,139.73199951171875,130.22936879475913,0.0129889288469515,143.1999969482422,143.1999969482422,0.9754189640539364,1.5209976196289063,0.0108891587871097,138.44000244140625,138.44000244140625,138.44000244140625,-0.0088773646863885,Vanguard Financials ETF,P,True,False,False,False,False,False,False,False,False,,False,,,13808313344.0,Sector,unknown,185.0,True,,False,True,232.0,True,True,False,28.0,,0,0,False,Sector,Sector,Sector,Sector,Sector
2026-09-11,GDX,98.20999908447266,99.07579803466795,96.2300033569336,97.0999984741211,14285067.0,251,1387079983.9027176,2383451072.314376,1980650406.678493,0.100034011180041,0.2493566256951565,-0.0221551310173677,0.1698403711885682,0.1442608060227349,0.0,0.0169898135902995,0.0359723878098927,-0.0,0.0233820520764302,1.7252670841353888,86.16999984741211,90.1037996927897,0.0493921882786607,105.66999816894533,105.66999816894533,0.9188984589445862,3.6692901611328126,0.0377887767126046,94.48999786376952,88.77999877929688,88.77999877929688,-0.0856848591716678,VanEck Gold Miners ETF,P,True,False,False,False,False,False,False,False,False,,False,,,22753128448.0,Commodity,unknown,120.0,True,,False,True,16.0,True,True,False,29.0,,0,0,False,Commodity,Commodity,Commodity,Commodity,Commodity
2026-09-11,PVAL,53.970001220703125,54.060001373291016,53.755001068115234,53.88999938964844,1018454.0,251,54884485.43838501,78013707.74016571,89059139.23291767,-0.0097390444161998,0.0627767683098436,0.1789118831601315,0.0,0.1964513192313043,0.2415710415870643,-0.0,0.0123325789515467,0.0432199299672961,0.023143151807059,0.6895324278098602,53.32597496032715,50.22434122721354,0.0109161347040982,54.70000076293945,54.70000076293945,0.9851919312249844,0.3842004776000977,0.0071293464826777,53.31999969482422,53.31999969482422,53.31999969482422,-0.0105770959599177,Putnam Focused Large Cap Value ETF,P,True,False,False,False,False,False,False,False,False,,False,,,11873768448.0,Factor / Style,unknown,207.0,True,,False,True,195.0,True,True,False,30.0,,0,0,False,Factor / Style,Factor / Style,Factor / Style,Factor / Style,Factor / Style
2026-09-11,DFUV,57.04999923706055,57.1599006652832,56.83000183105469,57.0099983215332,312635.0,251,17823320.825252533,23422741.064017296,22050160.048004333,-0.0095552994898472,0.0515466391073156,0.194621734626593,0.0,0.1692152757165906,0.253110530331855,-0.0,0.008722478748808,0.0492608104654425,0.02291089484963,0.5033785772406152,56.29120002746582,52.8651473236084,0.0084872341103894,57.88999938964844,57.88999938964844,0.9847987376508318,0.3833953857421875,0.0067250552013676,56.51499938964844,56.51499938964844,56.51499938964844,-0.0086826687679062,Dimensional US Marketwide Value ETF,P,True,False,False,False,False,False,False,False,False,,False,,,15314369536.0,Factor / Style,unknown,168.0,True,,False,True,386.0,True,True,False,31.0,,0,0,False,Factor / Style,Factor / Style,Factor / Style,Factor / Style,Factor / Style
2026-09-11,FNDX,32.43000030517578,32.519901275634766,32.399898529052734,32.459999084472656,2919298.0,251,94760410.40730286,87325486.97433701,82064771.93006255,-0.0058193700620703,0.0504225913355504,0.1713419936422178,0.0,0.1820848415684456,0.2592327553009787,-0.0,0.0091811895548041,0.0444174571106349,0.0215138831993449,0.725827011314293,32.04419998168945,30.28099100748698,0.0094012782367272,32.849998474121094,32.849998474121094,0.9881278719097756,0.2104949951171875,0.0064847504945826,32.13999938964844,32.13999938964844,32.13999938964844,-0.0098582779990678,Schwab Fundamental U.S. Large Company ETF,P,True,False,False,False,False,False,False,False,False,,False,,,25939793920.0,Other,unknown,107.0,True,,False,True,207.0,True,True,False,32.0,,0,0,False,Other,Other,Other,Other,Other
2026-09-11,COWZ,69.58999633789062,70.0,69.58999633789062,69.94000244140625,782780.0,251,54747635.111083984,69898027.19432068,64578743.89648195,-0.00734100922905,0.1078518443681129,0.1287847640747226,0.0,0.2071543089475053,0.1548527044371741,-0.0,0.0223419742887903,0.0199426690072742,0.0215022174402596,0.8112608456815592,67.83920402526856,64.42842585245768,0.027310103423394,72.47799682617188,72.47799682617188,0.9649825533830269,0.7344938301472489,0.0105017701531049,69.19000244140625,69.19000244140625,69.19000244140625,-0.0107234768919021,Pacer US Cash Cows 100 ETF,Z,True,False,False,False,False,False,False,False,False,,False,,,17594638336.0,Other,unknown,149.0,True,,False,True,242.0,True,True,False,33.0,,0,0,False,Other,Other,Other,Other,Other
2026-09-11,PRF,55.93999862670898,56.08000183105469,55.875,55.959999084472656,341855.0,251,19130205.4870224,14972181.89330864,15478607.127882335,-0.008855827277856,0.0478240810614885,0.1811407539179856,0.0,0.1674999480892984,0.2522302826932574,-0.0,0.0080105310952177,0.0456891835680033,0.0211980594606926,0.6996027509667675,55.36479995727539,52.197498906453454,0.0082088051736792,56.65999984741211,56.65999984741211,0.9876455918668444,0.3580011367797852,0.0063974471521948,55.43000030517578,55.43000030517578,55.43000030517578,-0.0094710290916344,Invesco RAFI US 1000 ETF,P,True,False,False,False,False,False,False,False,False,,False,,,9686064128.0,Other,unknown,253.0,True,,False,True,421.0,True,True,False,34.0,,0,0,False,Other,Other,Other,Other,Other
2026-09-11,VGT,120.93000030517578,121.7699966430664,120.6449966430664,121.06999969482422,2887303.0,251,349565773.32886505,420030898.6388248,482745472.5943503,-0.0156110106699246,0.0443190881158483,0.3469888994218491,0.0,0.0527393946475287,0.1617983948949987,-0.0,0.0023373618785603,0.0561422469728373,0.0211690716615572,1.2188348721688596,117.64699996948242,107.5231709798177,0.0055837205269131,123.38999938964844,125.850191476801,0.9620168096219548,1.827000045776367,0.0150904439611927,118.2300033569336,115.91000366210938,115.91000366210938,-0.0426199392559792,Vanguard Information Tech ETF,P,True,False,False,False,False,False,False,False,False,,False,,,169247817728.0,Other,unknown,14.0,True,,False,True,59.0,True,True,False,35.0,,0,0,False,Other,Other,Other,Other,Other
2026-09-11,FTEC,288.4700012207031,290.5950012207031,287.7001037597656,289.0199890136719,184046.0,251,53192972.898010254,60195511.88052674,77161362.56482418,-0.0150627501055073,0.0436080076078224,0.3474940138533995,0.0,0.0518728924921106,0.1617707149551352,-0.0,0.0022620734904357,0.0562143550636941,0.0211453720410761,1.2157013994313948,280.836201171875,256.68685638427735,0.0053287739402907,294.3699951171875,300.4786748358019,0.961865227779004,4.254246520996094,0.014719558102242,282.29998779296875,276.8299865722656,276.8299865722656,-0.0421770220219253,Fidelity MSCI Information Technology Index ETF,P,True,False,False,False,False,False,False,False,False,,False,,,20956467200.0,Country / Region,unknown,130.0,True,,False,True,213.0,True,True,False,36.0,,0,0,False,Country / Region,Country / Region,Country / Region,Country / Region,Country / Region
2026-09-11,IYW,252.9900054931641,254.80499267578125,252.589599609375,253.25,798241.0,251,202154533.25,124902637.43657836,139137330.8653022,-0.0130168610840633,0.0409882500048923,0.3405518711518784,0.0,0.0495428084325939,0.1624248160243319,-0.0,0.0020306730179796,0.0553140750185858,0.0206798637181918,1.3769759660975636,246.9319998168945,225.5632367960612,0.0036197146898038,257.3299865722656,260.9332505385792,0.9705547279899338,3.428749084472656,0.0135389894747192,246.75,242.82000732421875,242.82000732421875,-0.04118457127653,iShares U.S. Technology ETF,P,True,False,False,False,False,False,False,False,False,,False,,,25393864704.0,Sector,unknown,109.0,True,,False,True,143.0,True,True,False,37.0,,0,0,False,Sector,Sector,Sector,Sector,Sector
2026-09-11,IYF,136.22000122070312,136.1699981689453,134.97000122070312,135.55999755859375,139679.0,251,18934884.898986816,49136373.7906189,52920148.63627358,-0.0212980800320268,0.0764269482223838,0.1768807809539478,0.0,0.1786849982287969,0.1900800669188842,-0.0,0.013656349107749,0.0336215106803909,0.0206441556581736,0.4710688358349904,135.51540008544922,126.85812576293944,0.0121126057417533,139.08999633789062,139.08999633789062,0.974620757263366,1.5059989929199218,0.0111094645916394,134.5500030517578,134.5500030517578,134.5500030517578,-0.0074505350031404,iShares U.S. Financial ETF,P,True,False,False,False,False,False,False,False,False,,False,,,3903197184.0,Other,unknown,435.0,True,,False,True,274.0,True,True,False,38.0,,0,0,False,Other,Other,Other,Other,Other
2026-09-11,QTEC,309.5400085449219,310.1099853515625,307.82000732421875,308.5299987792969,86784.0,251,26775467.4140625,34599125.24036255,85681312.99565585,-0.0567716508031552,-0.017224387825529,0.4045979244000119,0.0,0.0,0.1451632504293807,-0.0,-0.0,0.0587327498228866,0.0205564624380103,-0.0,311.0164013671875,279.28368021647134,-0.0097485523393965,328.8299865722656,340.1946629053564,0.9069219256538756,5.1864990234375,0.0168103556994715,304.260009765625,304.260009765625,304.260009765625,-0.0138397855332257,First Trust NASDAQ-100-Technology Sector Index Fund,Q,True,False,False,False,False,False,False,False,False,,False,,,4991772672.0,Sector,unknown,377.0,True,,False,True,201.0,True,True,False,39.0,,0,0,False,Sector,Sector,Sector,Sector,Sector
2026-09-11,IXN,142.61000061035156,143.36000061035156,142.1800994873047,142.74000549316406,117439.0,251,16763243.505111694,64639871.97116928,53792502.71958875,-0.0091627938900443,0.0271007833851077,0.3781176703873226,0.0,0.027909592675852,0.1478047353180889,-0.0,0.0007563718254748,0.0558875821906906,0.0200522954533003,0.4716029120373697,138.29400009155273,126.12049296061198,-0.0001980820538179,145.22999572753906,149.65093919782692,0.9538196436206317,2.315501403808594,0.0162218110879888,138.5399932861328,136.0,136.0,-0.0472187560164193,iShares Global Tech ETF,P,True,False,False,False,False,False,False,False,False,,False,,,9455798272.0,Global Equity,unknown,256.0,True,,False,True,269.0,True,True,False,40.0,,0,0,False,Global Equity,Global Equity,Global Equity,Global Equity,Global Equity
2026-09-11,XLK,187.3500061035156,188.6300048828125,186.8800048828125,187.6699981689453,6508708.0,251,1221489218.4421997,1142779513.9208436,1595723205.2804198,-0.0162499661062446,0.0255650361628647,0.3648243986391195,0.0,0.0273636258968662,0.152578461751519,-0.0,0.0006995520856004,0.0556643455537798,0.0199372297994632,0.5698435093278051,182.72660034179688,166.77728754679362,-0.0002298795692138,191.75,198.49331469466887,0.9454726395074188,3.0730003356933597,0.0163744890801723,182.2700042724609,178.82000732421875,178.82000732421875,-0.0471571957748919,State Street Technology Select Sector SPDR ETF,P,True,False,False,False,False,False,False,False,False,,False,,,123912577024.0,Sector,unknown,23.0,True,,False,True,21.0,True,True,False,41.0,,0,0,False,Sector,Sector,Sector,Sector,Sector
2026-09-11,GDXJ,127.56999969482422,128.8800048828125,124.54499816894533,125.41000366210938,2751328.0,251,345044054.55566406,575673519.7543411,567289988.4557718,0.0821469007041111,0.2407004490534132,-0.046964000666985,0.1351889602786019,0.1262912251696149,0.0,0.0111053540962983,0.030398354609832,-0.0,0.0197589304963908,1.7127022130642122,112.16339996337892,118.2612001546224,0.0489167945135311,136.25,136.5500030517578,0.918418168138554,5.037000274658203,0.0401642622404296,122.0,115.36000061035156,115.36000061035156,-0.0801371721416691,VanEck Junior Gold Miners ETF,P,True,False,False,False,False,False,False,False,False,,False,,,7078291968.0,Commodity,unknown,309.0,True,,False,True,50.0,True,True,False,42.0,,0,0,False,Commodity,Commodity,Commodity,Commodity,Commodity
2026-09-11,EFV,82.6500015258789,82.6500015258789,82.20500183105469,82.30000305175781,2091460.0,251,172127164.3826294,145859670.33239746,255583206.7775012,0.0047613157393722,0.0753133191217245,0.1515246359942172,0.0520694123015743,0.2153688406009863,0.1562842795927676,0.0002479189123313,0.0162201422210579,0.0236809185769126,0.018831413945607,1.00690104270619,80.60740005493165,76.94489705403646,0.0144527381020265,83.2300033569336,83.2300033569336,0.9888261412031012,0.6385002136230469,0.0077582040090751,81.25,81.22000122070312,81.22000122070312,-0.0131227435116312,iShares MSCI EAFE Value ETF,Z,True,False,False,False,False,False,False,False,False,,False,,,23718227968.0,Country / Region,unknown,116.0,True,,False,True,91.0,True,True,False,43.0,,0,0,False,Country / Region,Country / Region,Country / Region,Country / Region,Country / Region
2026-09-11,XSD,498.010009765625,509.8500061035156,496.9249877929688,505.5700073242188,74941.0,251,37887921.91888428,41258506.84347229,54562547.77635266,-0.0551506481705708,-0.1536469492904977,0.5541217272857755,0.0,0.0,0.096915886985621,-0.0,-0.0,0.0537031986979053,0.0187961195442668,,512.15,475.4832781982422,-0.0439850767316917,558.6400146484375,657.8990200629934,0.7684614080680813,15.372003173828125,0.0304052909609611,466.3399963378906,466.3399963378906,466.3399963378906,-0.0775956057875287,State Street SPDR S&P Semiconductor ETF,P,True,False,False,False,False,False,False,False,False,,False,,,3476073728.0,Industry / Theme,unknown,464.0,True,,False,True,265.0,True,True,False,44.0,,0,0,False,Industry / Theme,Industry / Theme,Industry / Theme,Industry / Theme,Industry / Theme
2026-09-11,SMH,568.8280029296875,572.7999877929688,564.0,568.530029296875,4981547.0,251,2832159061.85376,3775958274.429663,5825057501.623304,-0.0349503768179125,-0.0671424761515234,0.4647927811417991,0.0,0.0,0.115479634819059,-0.0,-0.0,0.0536741006327898,0.0187859352214764,-0.0,569.1038006591797,517.7243336995442,-0.0256359940947303,600.3699951171875,671.8300170898438,0.8462408865855209,14.399505615234377,0.0253276078187863,540.0700073242188,540.0700073242188,540.0700073242188,-0.0500589599600463,VanEck Semiconductor ETF,Q,True,False,False,False,False,False,False,False,False,,False,,,77198270464.0,Industry / Theme,unknown,38.0,True,,False,True,4.0,True,True,False,45.0,,0,0,False,Industry / Theme,Industry / Theme,Industry / Theme,Industry / Theme,Industry / Theme
2026-09-11,SIL,98.30999755859376,99.02999877929688,95.81500244140624,96.36000061035156,711857.0,251,68594540.95448303,123184009.4758934,101874549.14677767,0.0866035214112141,0.2200391665274854,-0.0329435225023031,0.1547138770847303,0.1280448720380969,0.0,0.0133987665667194,0.0281748869213813,-0.0,0.0183136764988978,1.972836931468996,86.0050001525879,90.58727294921874,0.0457792429560104,104.48999786376952,104.48999786376952,0.9221935360356924,3.90324935913086,0.0405069461852156,93.61000061035156,87.18000030517578,87.18000030517578,-0.0952677485162822,Global X Silver Miners ETF,P,True,False,False,False,False,False,False,False,False,,False,,,4207305472.0,Commodity,unknown,412.0,True,,False,True,176.0,True,True,False,46.0,,0,0,False,Commodity,Commodity,Commodity,Commodity,Commodity
2026-09-11,TCAF,42.47999954223633,42.54219818115234,42.369998931884766,42.400001525878906,463385.0,251,19647524.7070694,20662318.06287956,25420354.821729507,-0.013035325198509,0.0647916085089783,0.161007694261001,0.0,0.1787199364111627,0.1904391434552254,-0.0,0.0115795521527015,0.0306621673847658,0.018258467483924,1.358603553206334,42.0818399810791,39.72554664611816,0.0103673389116663,43.119998931884766,43.1349983215332,0.9829605465572168,0.3023601531982421,0.0071311354320045,42.060001373291016,42.060001373291016,42.060001373291016,-0.0080188712347184,T. Rowe Price Capital Appreciation Equity ETF,P,True,False,False,False,False,False,False,False,False,,False,,,7400264704.0,Other,unknown,297.0,True,,False,True,371.0,True,True,False,47.0,,0,0,False,Other,Other,Other,Other,Other
2026-09-11,RWL,133.72999572753906,133.902099609375,133.3300018310547,133.63999938964844,211054.0,251,28205256.43118286,30332785.009745788,34102856.09969463,-0.0126339611138205,0.0482700170845074,0.1580703127685851,0.0,0.1669474700375214,0.2340610702208076,-0.0,0.0080585572309264,0.0369981065767528,0.0181873995019656,0.5563955895678161,132.58420013427735,125.18155604044595,0.0098135936567194,135.8800048828125,135.8800048828125,0.9835148262240944,0.968603515625,0.0072478563308047,132.52000427246094,132.52000427246094,132.52000427246094,-0.0083806878352489,Invesco S&P 500 Revenue ETF,P,True,False,False,False,False,False,False,False,False,,False,,,9220293632.0,US Equity,unknown,260.0,True,,False,True,326.0,True,True,False,48.0,,0,0,False,US Equity,US Equity,US Equity,US Equity,US Equity
2026-09-11,DFIV,58.650001525878906,58.70500183105469,58.45500183105469,58.58000183105469,1159400.0,251,67917654.1229248,62787339.98300552,67236134.64024256,0.0096518677847765,0.0698093188605808,0.1411155565945578,0.1181437078039503,0.2227746016332171,0.1602443490856485,0.001140307447327,0.0155517431994521,0.0226129705123539,0.0180231727589677,1.1687267266215982,57.12360008239746,54.84755556742351,0.0150982641927752,59.209999084472656,59.209999084472656,0.9893599516439922,0.412849998474121,0.0070476269301729,57.83599853515625,57.68999862670898,57.68999862670898,-0.01519295282565,Dimensional International Value ETF,P,True,False,False,False,False,False,False,False,False,,False,,,19862159360.0,Factor / Style,unknown,137.0,True,,False,True,233.0,True,True,False,49.0,,0,0,False,Factor / Style,Factor / Style,Factor / Style,Factor / Style,Factor / Style
2026-09-11,FELC,43.59000015258789,43.70500183105469,43.54499816894531,43.58000183105469,644211.0,251,28074716.55958557,27765853.094519805,32233839.70179458,-0.0142501078141672,0.0566497403335055,0.176587343069571,0.0,0.1486872313086466,0.1928264818188453,-0.0,0.0084230930445427,0.0340507160978428,0.0173927611131977,1.4003033558191127,43.060800323486326,40.5934407043457,0.0097346400620359,44.36000061035156,44.36000061035156,0.9824166192839308,0.3142499923706054,0.0072108760708374,43.06999969482422,43.06999969482422,43.06999969482422,-0.0117026644057423,Fidelity Enhanced Large Cap Core ETF,P,True,False,False,False,False,False,False,False,False,,False,,,7879930368.0,Factor / Style,unknown,290.0,True,,False,True,336.0,True,True,False,50.0,,0,0,False,Factor / Style,Factor / Style,Factor / Style,Factor / Style,Factor / Style
2026-09-11,JQUA,73.4800033569336,73.63999938964844,73.38500213623047,73.55999755859375,420710.0,251,30947426.572875977,37894517.1205368,33923313.05052258,-0.0256953965749172,0.0464494933351855,0.1866434465825246,0.0,0.1226524296140858,0.205477870669637,-0.0,0.0056971432119037,0.0383510979782193,0.0171260273801142,0.5017433085501305,73.36419982910157,68.44926030476888,0.008176806840678,75.63999938964844,75.63999938964844,0.972501297622441,0.5196491241455078,0.0070642895784707,72.91000366210938,72.91000366210938,72.91000366210938,-0.008836241409152,JPMorgan U.S. Quality Factor ETF,P,True,False,False,False,False,False,False,False,False,,False,,,8162030080.0,Factor / Style,unknown,280.0,True,,False,True,328.0,True,True,False,51.0,,0,0,False,Factor / Style,Factor / Style,Factor / Style,Factor / Style,Factor / Style
2026-09-11,AVLV,93.66000366210938,93.86990356445312,93.26000213623048,93.52999877929688,1324778.0,251,123906484.72283936,259411269.40974885,203547140.0478414,-0.0112858209524595,0.0315741270634257,0.1778963910867326,0.0,0.1106593020611871,0.2384739013964885,-0.0,0.0034939708640299,0.0424236464268086,0.0171193573110024,0.3468327954853509,92.86241287231444,87.76884419759115,0.0062820030141181,95.08142113780632,95.08142113780632,0.9836832228636876,0.6601735567427951,0.0070584151112907,92.78500366210938,92.78500366210938,92.78500366210938,-0.0079653066065515,Avantis U.S. Large Cap Value ETF,P,True,False,False,False,False,False,False,False,False,,False,,,16735772672.0,Factor / Style,unknown,157.0,True,,False,True,109.0,True,True,False,52.0,,0,0,False,Factor / Style,Factor / Style,Factor / Style,Factor / Style,Factor / Style
2026-09-11,IGM,161.9600067138672,163.10000610351562,161.80999755859375,162.24000549316406,324443.0,251,52637634.10221863,39308048.03338852,55875136.2545493,-0.0207037647956236,0.0255213249823471,0.3192737751281749,0.0,0.0300820228638107,0.1469098831766356,-0.0,0.0007677330816337,0.0469044730054436,0.0169155920549671,0.8463484003931179,158.799599609375,146.3008095296224,0.0007310148078649,166.02999877929688,171.40683033840085,0.9465200725832272,2.206498718261719,0.0136002135327509,157.9499969482422,155.72999572753906,155.72999572753906,-0.0401257984788424,iShares Expanded Tech Sector ETF,P,True,False,False,False,False,False,False,False,False,,False,,,10708001792.0,Sector,unknown,232.0,True,,False,True,262.0,True,True,False,53.0,,0,0,False,Sector,Sector,Sector,Sector,Sector
2026-09-11,EWY,189.7700042724609,190.1300048828125,187.9900054931641,188.72000122070312,11639129.0,251,2196536439.087921,2481398350.393269,3557575513.8746147,0.0565446555795128,-0.0513722785527421,0.5280971758761386,0.123865649314365,0.0,0.0904175647412244,0.0070039404786134,-0.0,0.0477492605894385,0.0167122412063034,-0.0,173.93679962158205,164.75839986165366,-0.020564358948548,193.92999267578125,220.88999938964844,0.854361907475052,6.037499237060547,0.0319918355129716,174.61000061035156,169.9499969482422,169.9499969482422,-0.099459538740199,iShares MSCI South Korea ETF,P,True,False,False,False,False,False,False,False,False,,False,,,24467890176.0,Country / Region,unknown,113.0,True,,False,True,9.0,True,True,False,54.0,,0,0,False,Country / Region,Country / Region,Country / Region,Country / Region,Country / Region
2026-09-11,JAVA,82.2699966430664,82.44000244140625,82.01000213623047,82.22000122070312,288206.0,251,23696297.671813965,27848788.911491398,32225478.58941699,-0.0189714399738409,0.0564417395624479,0.1553123781891656,0.0,0.1597729061962953,0.1990783389874481,-0.0,0.0090178607606667,0.0309193302740894,0.0166833750903646,0.529723939983243,81.88040008544922,77.49279296875,0.0081009449002376,83.98999786376953,84.05999755859375,0.9781109161155036,0.591250228881836,0.0071910754087043,81.3949966430664,81.3949966430664,81.3949966430664,-0.0100341105009492,JPMorgan Active Value ETF,P,True,False,False,False,False,False,False,False,False,,False,,,6685886976.0,Factor / Style,unknown,324.0,True,,False,True,337.0,True,True,False,55.0,,0,0,False,Factor / Style,Factor / Style,Factor / Style,Factor / Style,Factor / Style
2026-09-11,FDN,288.6000061035156,290.0899963378906,288.3599853515625,288.9200134277344,90393.0,251,26116346.773773197,39602960.29980926,75949273.82944888,-0.0214394126071655,0.0899762532331454,0.1990870184148476,0.0,0.1268549392164609,0.1308475066697094,-0.0,0.0114139321348155,0.0260500399698893,0.0165365698770913,2.3488602927250546,280.78600158691404,263.7763340250651,0.0201978726857456,297.5899963378906,297.5899963378906,0.9708660135863164,3.949996948242188,0.0136715933983928,285.239990234375,283.54998779296875,283.54998779296875,-0.0185865477820518,First Trust DJ Internet Index Fund,P,True,False,False,False,False,False,False,False,False,,False,,,4975951360.0,Industry / Theme,unknown,378.0,True,,False,True,215.0,True,True,False,56.0,,0,0,False,Industry / Theme,Industry / Theme,Industry / Theme,Industry / Theme,Industry / Theme
2026-09-11,JIVE,99.2699966430664,99.2699966430664,98.81950378417967,98.91999816894533,230180.0,251,22769405.178527832,29865112.515930176,29092679.112577893,0.0140440294651822,0.0635415105577414,0.1724546041093109,0.1357777687041498,0.1639209143775169,0.1607166739492533,0.0019068669843977,0.0104157825115536,0.0277163303796836,0.0164709742653991,0.953777560096864,96.06066024780272,91.8667269897461,0.0134554609162491,100.20999908447266,100.20999908447266,0.9871270239765204,0.8409500122070312,0.0085013144740538,97.63999938964844,96.7300033569336,96.7300033569336,-0.0221390502683939,JPMorgan International Value ETF,Q,True,False,False,False,False,False,False,False,False,,False,,,3125305856.0,Factor / Style,unknown,493.0,True,,False,True,355.0,True,True,False,58.0,,0,0,False,Factor / Style,Factor / Style,Factor / Style,Factor / Style,Factor / Style
2026-09-11,DISV,44.400001525878906,44.540000915527344,44.28010177612305,44.43000030517578,243645.0,251,10825147.424354551,15332944.228193283,14388928.771573627,0.0086265851236502,0.0765414676217923,0.1417442946644329,0.0808510154770668,0.1934117086512197,0.1379176842746833,0.0006974681673464,0.0148040160354028,0.0195490448792669,0.0164647761307552,1.169028732141111,42.95090026855469,41.422298736572266,0.0186402046457625,45.130001068115234,45.130001068115234,0.9844892367300648,0.384400749206543,0.0086518286420484,44.0,43.709999084472656,43.709999084472656,-0.0162052940751218,Dimensional International Small Cap Value ETF,Z,True,False,False,False,False,False,False,False,False,,False,,,4663429632.0,Factor / Style,unknown,392.0,True,,False,True,427.0,True,True,False,59.0,,0,0,False,Factor / Style,Factor / Style,Factor / Style,Factor / Style,Factor / Style
2026-09-11,AMLP,55.79999923706055,56.02999877929688,55.43000030517578,55.90999984741211,1181677.0,251,66067560.8896904,64363513.54379024,68060357.35962683,0.0287028779593032,0.0890871564221009,0.1155679368250797,0.2557381539475585,0.1943481491003695,0.1221477792914501,0.0073404210222942,0.0173139239592504,0.014116366840478,0.0161947789676801,1.8926648158596864,54.08943397521973,51.838603998819984,0.0208598724092317,56.43000030517578,56.43000030517578,0.990785035354395,0.632499885559082,0.0113128221657177,55.02000045776367,54.43999862670898,54.43999862670898,-0.0262922773155966,Alerian MLP ETF,P,True,False,False,False,False,False,False,False,False,,False,,,12160584704.0,REIT / Infra,unknown,203.0,True,,False,True,231.0,True,True,False,60.0,,0,0,False,REIT / Infra,REIT / Infra,REIT / Infra,REIT / Infra,REIT / Infra
2026-09-11,VTV,224.22999572753903,224.53160095214844,223.2899932861328,223.97000122070312,2420138.0,251,542038310.81427,520132392.5071136,618568899.0072883,-0.0135653018703222,0.0464687334440632,0.148825795639516,0.0,0.159462902492234,0.2176367476881326,-0.0,0.0074100391101282,0.0323899621350829,0.0161530121688624,0.4095386539177582,222.79140045166017,210.86819040934245,0.0067977364141178,228.57000732421875,228.57000732421875,0.9798748481597996,1.506079864501953,0.0067244713858702,222.13999938964844,222.13999938964844,222.13999938964844,-0.0081707452832103,Vanguard Morningstar Value ETF,P,True,False,False,False,False,False,False,False,False,,False,,,254461837312.0,Factor / Style,unknown,10.0,True,,False,True,46.0,True,True,False,61.0,,0,0,False,Factor / Style,Factor / Style,Factor / Style,Factor / Style,Factor / Style
2026-09-11,PSI,138.25,140.72000122070312,138.0,139.6999969482422,292739.0,251,40895637.40663147,45885314.97831802,65127757.29132298,-0.0785568472670805,-0.1428678557295203,0.5239634793234349,0.0,0.0,0.0869127482450195,-0.0,-0.0,0.0455391059680222,0.0159386870888077,-0.0,143.4363999938965,132.41163009643554,-0.0544270464570654,158.63999938964844,189.2400054931641,0.7382159844277144,5.248501205444336,0.0375698018618344,124.94000244140624,124.94000244140624,124.94000244140624,-0.1056549379332084,Invesco Semiconductors ETF,P,True,False,False,False,False,False,False,False,False,,False,,,3097870848.0,Other,unknown,496.0,True,,False,True,240.0,True,True,False,62.0,,0,0,False,Other,Other,Other,Other,Other
2026-09-11,DYNF,69.81999969482422,69.9800033569336,69.66999816894531,69.7699966430664,2793104.0,251,194874856.70373532,117746598.79519348,151172468.11745924,-0.0079625362350126,0.0549359873041668,0.1769498906273217,0.0,0.1322478146238998,0.1789960452001305,-0.0,0.0072651642651823,0.0316733306208862,0.0158080224896787,1.5138854134438142,68.63039978027344,64.94907196044922,0.007297463685771,70.47000122070312,70.51000213623047,0.9895049571586408,0.4999504089355469,0.0071656934641006,68.91100311279297,68.67500305175781,68.67500305175781,-0.0156943334383463,iShares U.S. Equity Factor Rotation Active ETF,P,True,False,False,False,False,False,False,False,False,,False,,,38004244480.0,Factor / Style,unknown,80.0,True,,False,True,132.0,True,True,False,63.0,,0,0,False,Factor / Style,Factor / Style,Factor / Style,Factor / Style,Factor / Style
2026-09-11,USMC,76.30999755859375,76.47989654541016,76.26000213623047,76.28970336914062,28649.0,251,2185623.7118225098,7112225.442411805,7071742.992686438,-0.00673500908441,0.0533333375469009,0.1583242795604285,0.0,0.1528869855474826,0.1873738828448315,-0.0,0.008153973206732,0.029665835009848,0.0156831248378226,1.546256370176954,75.28355422973632,71.24666651407878,0.0082775379046413,77.19999694824219,77.19999694824219,0.9882086319289384,0.5110958099365235,0.0066994074870562,75.5999984741211,75.58999633789062,75.58999633789062,-0.009171709947073,Principal U.S. Mega-Cap ETF,Q,True,False,False,False,False,False,False,False,False,,False,,,3491833344.0,Other,unknown,462.0,True,,False,True,461.0,True,True,False,64.0,,0,0,False,Other,Other,Other,Other,Other
2026-09-11,MGV,166.38999938964844,166.6699981689453,165.77999877929688,166.3000030517578,260037.0,251,43244153.89356995,48514707.019095615,43810191.61751617,-0.0139341294383263,0.039458486942864,0.1501922011015364,0.0,0.1323281292630042,0.2154304544635049,-0.0,0.0052214677606978,0.0323559741401781,0.0147185449935159,0.3339707506752783,165.6061996459961,156.5912618001302,0.0050384512335734,169.83999633789062,169.83999633789062,0.9791568925903053,1.067498779296875,0.0064191146103866,164.9199981689453,164.9199981689453,164.9199981689453,-0.0082982853727489,Vanguard Morningstar Mega Cap Value ETF,P,True,False,False,False,False,False,False,False,False,,False,,,13311754240.0,Factor / Style,unknown,194.0,True,,False,True,295.0,True,True,False,65.0,,0,0,False,Factor / Style,Factor / Style,Factor / Style,Factor / Style,Factor / Style
2026-09-11,EAGL,35.029998779296875,35.08980178833008,34.880001068115234,34.93000030517578,80769.0,251,2821261.1946487427,7170360.871259689,9932593.115846545,-0.0121606419047939,0.0800865844269527,0.1400130874994958,0.0,0.1525325069498081,0.1341884051036549,-0.0,0.0122158074956905,0.0187881329051958,0.0145161213890174,0.9390072829358456,34.42979988098145,32.766666615804034,0.0226632764294514,36.43000030517578,36.43000030517578,0.9588251444569192,0.3945398330688476,0.0112951568743727,34.79999923706055,34.650001525878906,34.650001525878906,-0.0080159970469678,Eagle Capital Select Equity ETF,P,True,False,False,False,False,False,False,False,False,,False,,,4262146816.0,Other,unknown,409.0,True,,False,True,455.0,True,True,False,66.0,,0,0,False,Other,Other,Other,Other,Other
2026-09-11,FESM,46.560001373291016,46.66999816894531,46.27000045776367,46.36000061035156,540980.0,251,25079833.13018799,39641266.39756775,41127584.96337043,-0.0468749754915108,0.0131988514908276,0.2373733506774042,0.0,0.0263263532589662,0.1718107221820914,-0.0,0.0003474776269601,0.0407832868066676,0.0145000108398577,0.0406783349808028,47.48580017089844,43.874219233194985,-0.0018648641358873,48.93000030517578,48.93000030517578,0.9474759926671744,0.495500373840332,0.0106881011069204,45.93999862670898,45.93999862670898,45.93999862670898,-0.0090595767496344,Fidelity Enhanced Small Cap Core ETF,P,True,False,False,False,False,False,False,False,False,,False,,,5784907776.0,Factor / Style,unknown,356.0,True,,False,True,304.0,True,True,False,67.0,,0,0,False,Factor / Style,Factor / Style,Factor / Style,Factor / Style,Factor / Style
2026-09-11,PAAA,51.43000030517578,51.43000030517578,51.41999816894531,51.41999816894531,1707514.0,251,87800366.75344849,117207215.4572136,111170881.16272312,0.0048357853182665,0.0125322560787679,0.0267147262100462,0.9841014593889378,0.849047577850269,0.7934672934831298,0.0047589033889977,0.0106404816686772,0.0211972615020282,0.01433535461035,1.0889794645000532,51.14934219360352,50.65962725321452,0.0020083100977785,51.43000030517578,51.43000030517578,0.9998055194211332,0.020457694172758,0.0003978548211056,51.302040385433294,51.20242338160509,51.20242338160509,-0.0042313262366395,PGIM AAA CLO ETF,P,True,False,False,False,False,False,False,False,False,,False,,,10160844800.0,Other,unknown,246.0,True,,False,True,168.0,True,True,False,68.0,,0,0,False,Other,Other,Other,Other,Other
2026-09-11,LRGF,78.11000061035156,78.29499816894531,78.05000305175781,78.12000274658203,61842.0,251,4831097.209854126,11480624.502521517,11789517.478045508,-0.015500891634424,0.0448306959874711,0.1678179647668223,0.0,0.1188537861529459,0.1827477516023788,-0.0,0.0053282979539826,0.030668355739624,0.0141973181789571,1.008364702029385,77.24949981689453,73.12606056213379,0.0084567352551545,79.44499969482422,79.44499969482422,0.9833218333018824,0.5461997985839844,0.006991804651567,77.33000183105469,77.33000183105469,77.33000183105469,-0.0101126585733755,iShares U.S. Equity Factor ETF,P,True,False,False,False,False,False,False,False,False,,False,,,3509724672.0,Factor / Style,unknown,459.0,True,,False,True,443.0,True,True,False,69.0,,0,0,False,Factor / Style,Factor / Style,Factor / Style,Factor / Style,Factor / Style
2026-09-11,QTUM,147.4199981689453,148.10989379882812,146.58999633789062,147.41000366210938,139711.0,251,20594799.021636963,42715967.104478456,66905570.57296075,-0.0684403529771271,-0.0734558199627432,0.3516676491003421,0.0,0.0,0.1142342903620599,-0.0,-0.0,0.0401725043382714,0.014060376518395,-0.0,148.35880096435548,137.6466207885742,-0.0204307604211293,159.5500030517578,169.71898395889733,0.8685534182658626,2.70799560546875,0.0183705009035612,142.89999389648438,142.89999389648438,142.89999389648438,-0.0305950047729648,Defiance Quantum ETF,Q,True,False,False,False,False,False,False,False,False,,False,,,6260666368.0,Industry / Theme,unknown,340.0,True,,False,True,235.0,True,True,False,70.0,,0,0,False,Industry / Theme,Industry / Theme,Industry / Theme,Industry / Theme,Industry / Theme
2026-09-11,IGV,101.9000015258789,102.7699966430664,101.1364974975586,101.5199966430664,5434258.0,251,551685853.9175568,1080861082.2079017,1318302603.776088,-0.0447873747732645,0.1167953522131071,0.1947173932620507,0.0,0.1091424059709401,0.0843197296553109,-0.0,0.0127473257467618,0.0164185179590429,0.0140322430210602,1.48124541723427,98.83899993896485,90.73750188191732,0.0338850809529314,110.56999969482422,110.56999969482422,0.9181513694787372,2.644675064086914,0.0260507796644764,100.58999633789062,99.72000122070312,99.72000122070312,-0.0177304519492044,iShares Expanded Tech-Software Sector ETF,Z,True,False,False,False,False,False,False,False,False,,False,,,13542322176.0,Industry / Theme,unknown,192.0,True,,False,True,25.0,True,True,False,71.0,,0,0,False,Industry / Theme,Industry / Theme,Industry / Theme,Industry / Theme,Industry / Theme
2026-09-11,FMDE,41.380001068115234,41.470001220703125,41.28089904785156,41.45000076293945,908088.0,251,37640248.29281616,30544639.788813017,35589401.7876926,-0.0328978027842483,0.0465476609676358,0.1617061912758512,0.0,0.1233999070067431,0.1784395642977883,-0.0,0.0057439770347876,0.0288547823155177,0.0138327588830431,0.375313844974818,41.48839988708496,39.17080863952637,0.0072170906178841,42.970001220703125,42.970001220703125,0.964626473945006,0.3534507751464844,0.0085271596777027,41.0099983215332,41.0099983215332,41.0099983215332,-0.0106152577396249,Fidelity Enhanced Mid Cap Core ETF,P,True,False,False,False,False,False,False,False,False,,False,,,7389860352.0,Factor / Style,unknown,298.0,True,,False,True,321.0,True,True,False,72.0,,0,0,False,Factor / Style,Factor / Style,Factor / Style,Factor / Style,Factor / Style
2026-09-11,IVLU,44.63999938964844,44.68999862670898,44.505001068115234,44.630001068115234,812569.0,251,36264955.33791733,30818085.093994714,33502596.66388999,0.0074492513936346,0.0617854641912125,0.1535514278733514,0.0731712268284348,0.1499696115454539,0.1421735186996664,0.0005450708634256,0.0092659420639117,0.0218309468021124,0.0136636937222819,1.1199347579190622,43.54599983215332,41.775299606323244,0.01200574222871,45.09000015258789,45.09000015258789,0.9897982017539148,0.3472494125366211,0.0077806274753756,43.9900016784668,43.8650016784668,43.8650016784668,-0.0171409225036961,iShares MSCI Intl Value Factor ETF,P,True,False,False,False,False,False,False,False,False,,False,,,4248612352.0,Country / Region,unknown,410.0,True,,False,True,332.0,True,True,False,73.0,,0,0,False,Country / Region,Country / Region,Country / Region,Country / Region,Country / Region
2026-09-11,VOE,205.41000366210935,205.67999267578125,204.8350067138672,205.3999938964844,336092.0,251,69033294.74865723,60275113.13579407,56244443.71733844,-0.0233465062008828,0.048255143566966,0.1331141869939331,0.0,0.1536857268068889,0.1880793254286688,-0.0,0.0074161268112599,0.0250360264948046,0.0135830917005005,0.3976004687316851,205.64139984130856,195.51689961751305,0.0092655280205311,211.07000732421875,211.07000732421875,0.973136811337554,1.6494979858398438,0.0080306622923812,203.82000732421875,203.82000732421875,203.82000732421875,-0.0076922425472996,Vanguard Morningstar Mid-Cap Value ETF,P,True,False,False,False,False,False,False,False,False,,False,,,37230292992.0,Factor / Style,unknown,82.0,True,,False,True,261.0,True,True,False,74.0,,0,0,False,Factor / Style,Factor / Style,Factor / Style,Factor / Style,Factor / Style
2026-09-11,AIA,141.55999755859375,141.9600067138672,141.1199951171875,141.42999267578125,68299.0,251,9659527.069763184,60173873.19179077,62304989.73668271,0.0167504419125021,0.0124722297412289,0.3273667802574449,0.0773825209498056,0.0121985068800228,0.1175156313026984,0.0012961914222127,0.0001521425803076,0.0384707138494854,0.0135636425245198,0.1403734590764709,136.46020080566407,127.74821299235026,-0.0016052163436789,144.77999877929688,150.82000732421875,0.9377402586365632,2.3975013732910155,0.0169518595591468,137.25,134.75999450683594,134.75999450683594,-0.047161129282074,iShares Asia 50 ETF,Q,True,False,False,False,False,False,False,False,False,,False,,,5221864448.0,Country / Region,unknown,368.0,True,,False,True,246.0,True,True,False,75.0,,0,0,False,Country / Region,Country / Region,Country / Region,Country / Region,Country / Region
2026-09-11,VHT,313.2300109863281,314.07000732421875,310.29998779296875,310.739990234375,160544.0,251,49887440.9921875,66641431.56285401,73604140.65427363,-0.0173297418416724,0.0872158869776082,0.1289924959122186,0.0,0.1470264714644039,0.1149834365822776,-0.0,0.012823044117956,0.0148320004733122,0.0135261788423307,0.3140929447216571,312.49199829101565,289.9888437906901,0.0175629360953895,330.75,330.75,0.9395011042611487,4.573002624511719,0.014716492142072,310.29998779296875,310.29998779296875,310.29998779296875,-0.0014159826711533,Vanguard Health Care ETF,P,True,False,False,False,False,False,False,False,False,,False,,,20388290560.0,Sector,unknown,133.0,True,,False,True,218.0,True,True,False,76.0,,0,0,False,Sector,Sector,Sector,Sector,Sector
2026-09-11,AIQ,63.92499923706055,64.1500015258789,63.709999084472656,63.97999954223633,678741.0,251,43425848.86929703,68718525.02195224,120026748.92195402,-0.009904103638862,0.0004690974032679,0.316731824270817,0.0,0.0004811351461148,0.1214200989106489,-0.0,2.256992476634077e-07,0.0384576094311129,0.0134603100054004,0.0006683228346792,62.1018002319336,57.877266845703126,-0.0022428775396987,65.04000091552734,70.26000213623047,0.910617671462384,0.9269008636474608,0.0144873533960494,62.77999877929688,61.959999084472656,61.959999084472656,-0.0315723737451759,Global X Artificial Intelligence & Technology ETF,Q,True,False,False,False,False,False,False,False,False,,False,,,10413852672.0,Industry / Theme,unknown,240.0,True,,False,True,156.0,True,True,False,77.0,,0,0,False,Industry / Theme,Industry / Theme,Industry / Theme,Industry / Theme,Industry / Theme
2026-09-11,FHLC,81.02999877929688,81.19000244140625,80.21299743652344,80.30000305175781,279266.0,251,22425060.6522522,23153737.91180115,18818278.780511767,-0.0174966382777527,0.0867160656579955,0.1294139487169581,0.0,0.146252287738765,0.1151388123933059,-0.0,0.0126824229861868,0.0149005683623987,0.0134587738678609,0.3096828654819253,80.76780044555665,74.92529678344727,0.0176786295066697,85.45999908447266,85.45999908447266,0.9396209210391582,1.15885009765625,0.014431507516996,80.21299743652344,80.21299743652344,80.21299743652344,-0.0010835069978551,Fidelity MSCI Health Care Index ETF,P,True,False,False,False,False,False,False,False,False,,False,,,3215685120.0,Country / Region,unknown,479.0,True,,False,True,404.0,True,True,False,78.0,,0,0,False,Country / Region,Country / Region,Country / Region,Country / Region,Country / Region
2026-09-11,DFSV,39.880001068115234,39.96989822387695,39.595001220703125,39.75,1447891.0,251,57553667.25,37104970.93549423,33582908.457067825,-0.0233415416494169,0.0350510208592069,0.1727372144848615,0.0,0.0932975447430087,0.1857172951898468,-0.0,0.0032701741868999,0.0320802882527569,0.0133537141099499,0.2394370557852332,39.76979995727539,37.64482233683268,0.0075309621768195,40.95000076293945,40.95000076293945,0.9706959526109344,0.4137950897216796,0.0104099393640674,39.290000915527344,39.290000915527344,39.290000915527344,-0.0115723040118906,Dimensional US Small Cap Value ETF,P,True,False,False,False,False,False,False,False,False,,False,,,7919026176.0,Factor / Style,unknown,288.0,True,,False,True,331.0,True,True,False,79.0,,0,0,False,Factor / Style,Factor / Style,Factor / Style,Factor / Style,Factor / Style
2026-09-11,RECS,45.290000915527344,45.369998931884766,45.18999862670898,45.18999862670898,275077.0,251,12430729.252239227,20778159.62497692,18991590.99394777,-0.0094256973968327,0.04995347735706,0.1449201223486549,0.0,0.1409834917371135,0.1720508218196805,-0.0,0.0070426156622091,0.0249336261482947,0.0133044693323391,1.094224993891919,44.74239990234375,42.61851325988769,0.01033768094911,45.91999816894531,45.91999816894531,0.984102796791268,0.3391992568969726,0.0075060692012611,44.790000915527344,44.790000915527344,44.790000915527344,-0.0088514654422943,Columbia Research Enhanced Core ETF,P,True,False,False,False,False,False,False,False,False,,False,,,5762415616.0,Other,unknown,357.0,True,,False,True,402.0,True,True,False,80.0,,0,0,False,Other,Other,Other,Other,Other
2026-09-11,EWJ,98.45999908447266,98.76000213623048,98.31999969482422,98.55999755859376,3402425.0,251,335342999.69329834,354784567.1232605,413320120.939612,0.0009139467530716,0.0750217713766208,0.1770459540131859,0.0061768282018601,0.1168595961113471,0.1226912084105598,5.645292079371558e-06,0.0087670139026297,0.0217219820420781,0.0133012527514366,1.8064791382594811,94.57660003662107,91.011283009847,0.0064681041736951,98.76000213623048,98.79000091552734,0.9976717951735796,1.1509990692138672,0.0116781564298396,94.98999786376952,94.0500030517578,94.0500030517578,-0.0457588739706974,iShares MSCI Japan Index Fund,P,True,False,False,False,False,False,False,False,False,,False,,,22312462336.0,Country / Region,unknown,123.0,True,,False,True,71.0,True,True,False,81.0,,0,0,False,Country / Region,Country / Region,Country / Region,Country / Region,Country / Region
2026-09-11,DCOR,84.01000213623047,84.0999984741211,83.8550033569336,83.91000366210938,135460.0,251,11366449.096069336,9162298.403327942,10880054.826393733,-0.0210009968683965,0.0386321118652359,0.1569297483709155,0.0,0.115940591365546,0.1885668146502902,-0.0,0.0044790298953553,0.0295917427741751,0.0132684794029422,0.7142588424922381,83.60656021118164,79.37393320719401,0.006860540413097,85.87999725341797,85.87999725341797,0.9770610892604542,0.5617504119873047,0.0066946774814761,83.13500213623047,83.13500213623047,83.13500213623047,-0.0092361040645367,Dimensional US Core Equity 1 ETF,P,True,False,False,False,False,False,False,False,False,,False,,,3237994240.0,Other,unknown,478.0,True,,False,True,447.0,True,True,False,82.0,,0,0,False,Other,Other,Other,Other,Other
2026-09-11,IOO,143.97000122070312,144.5373992919922,144.02000427246094,144.07000732421875,908545.0,251,130894084.80438232,43020694.508010864,39794176.69935438,-0.0113230433891181,0.0485461260382433,0.1721990430120656,0.0,0.1131116812897122,0.1606046077788334,-0.0,0.0054911339362879,0.0276559597628432,0.0132488229755823,2.625132861458396,141.97180084228515,134.8683120727539,0.0115525152649804,146.02999877929688,146.67999267578125,0.9822062620542152,1.2003684997558597,0.008331841734793,142.02999877929688,142.02999877929688,142.02999877929688,-0.0141598420296529,iShares Global 100 ETF,P,True,False,False,False,False,False,False,False,False,,False,,,8474621952.0,Global Equity,unknown,273.0,True,,False,True,306.0,True,True,False,83.0,,0,0,False,Global Equity,Global Equity,Global Equity,Global Equity,Global Equity
2026-09-11,OEF,380.5199890136719,381.6700134277344,380.2000122070313,380.3500061035156,202785.0,251,77129275.98770142,74168070.88632965,91333641.97681488,-0.0089890093777547,0.0483427712405062,0.1632931721059984,0.0,0.1173987761441042,0.1657368660231623,-0.0,0.0056753821790498,0.027063698587829,0.0131612929221225,2.6445036770151606,374.8157989501953,356.3246860758464,0.0094134348777614,385.0499877929688,385.0499877929688,0.9877938401806152,3.005499267578125,0.0079019303782005,376.0799865722656,376.0400085449219,376.0400085449219,-0.0113316615996602,iShares S&P 100 Fund,P,True,False,False,False,False,False,False,False,False,,False,,,20043581440.0,Other,unknown,136.0,True,,False,True,192.0,True,True,False,84.0,,0,0,False,Other,Other,Other,Other,Other
2026-09-11,THRO,43.91999816894531,44.025001525878906,43.86000061035156,43.91999816894531,406585.0,251,17857212.45552063,21788328.92113495,29300615.42626275,-0.0112561913689936,0.0355496284938126,0.182480209000595,0.0,0.0832649193557731,0.1711578304273202,-0.0,0.002960036949665,0.0312329166684657,0.0128555448512452,1.4379137961012884,43.33179985046387,41.06312873840332,0.0055835060588833,44.55899810791016,44.58000183105469,0.985195073239104,0.3233003616333008,0.0073611196519105,43.41999816894531,43.31499862670898,43.31499862670898,-0.0137750356889611,iShares U.S. Thematic Rotation Active ETF,P,True,False,False,False,False,False,False,False,False,,False,,,6481671680.0,Other,unknown,331.0,True,,False,True,352.0,True,True,False,85.0,,0,0,False,Other,Other,Other,Other,Other
2026-09-11,IALT,29.100000381469727,29.46419906616211,29.100000381469727,29.420000076293945,1194692.0,188,35147838.731147766,29312633.28936348,35623928.198644124,0.0096088089399539,0.0409972455460729,0.1084675360513913,0.1521744313452314,0.1788396531430452,0.2119317144678497,0.0014622150363424,0.0073319331732799,0.0229877108794746,0.012811455370448,1.9486916423189853,28.78913990020752,27.89364386240641,0.0068231009745021,29.46419906616211,29.46419906616211,0.9984999086596952,0.2392098426818847,0.0081308579898555,28.82999992370605,28.809999465942383,28.809999465942383,-0.0207342151179357,iShares Systematic Alternatives Active ETF,Q,True,False,False,False,False,False,False,False,False,,False,,,4825180672.0,Other,unknown,385.0,True,,False,True,320.0,True,True,False,86.0,,0,0,False,Other,Other,Other,Other,Other
2026-09-11,ESGV,135.42999267578125,135.75,135.27999877929688,135.3000030517578,104859.0,251,14187423.020004272,23237266.092635345,24641582.14131649,-0.0181422347215841,0.0404325664126352,0.1788004142210029,0.0,0.0902712139343729,0.1659836911506328,-0.0,0.0036498968525507,0.0296779527316641,0.0127597164102404,1.2179378642645853,134.2930014038086,126.94725077311196,0.0073207473132594,138.0800018310547,138.1199951171875,0.9795830280544314,1.076500701904297,0.0079563982085979,133.9199981689453,133.9199981689453,133.9199981689453,-0.0101995923997473,Vanguard ESG U.S. Stock ETF,Z,True,False,False,False,False,False,False,False,False,,False,,,13178104832.0,Other,unknown,195.0,True,,False,True,373.0,True,True,False,87.0,,0,0,False,Other,Other,Other,Other,Other
2026-09-11,QLTY,42.650001525878906,42.709999084472656,42.52000045776367,42.59000015258789,263002.0,251,11201255.22013092,16586805.518155288,15627401.64684877,-0.0188896497974326,0.0393986433194879,0.1573580997401915,0.0,0.1102809943715652,0.1802171547916471,-0.0,0.0043449215621637,0.0283586290185975,0.0127497191719155,0.6063769930417025,42.33349998474121,40.19829561869303,0.0089577574039649,43.70000076293945,43.70000076293945,0.974599528810697,0.3255002975463867,0.0076426460760791,42.15999984741211,42.15999984741211,42.15999984741211,-0.0100962738585398,GMO U.S. Quality ETF,P,True,False,False,False,False,False,False,False,False,,False,,,4698446848.0,Factor / Style,unknown,390.0,True,,False,True,420.0,True,True,False,88.0,,0,0,False,Factor / Style,Factor / Style,Factor / Style,Factor / Style,Factor / Style
2026-09-11,AVUS,129.75999450683594,129.92990112304688,129.49000549316406,129.64999389648438,269875.0,251,34989292.10281372,36826737.09163666,37766020.82674541,-0.0182020037052242,0.0318508148826868,0.1650656982218188,0.0,0.0887902948831945,0.1874223444255393,-0.0,0.0028280432457038,0.0309370001449718,0.0126661781604476,0.6536940654165092,129.01249420166016,122.54959381103517,0.0050511836066731,132.51259007111668,132.51259007111668,0.9783975532204447,0.8808860317746181,0.0067943391688698,128.38999938964844,128.38999938964844,128.38999938964844,-0.0097184308997495,Avantis U.S. Equity ETF,P,True,False,False,False,False,False,False,False,False,,False,,,13827512320.0,US Equity,unknown,182.0,True,,False,True,312.0,True,True,False,89.0,,0,0,False,US Equity,US Equity,US Equity,US Equity,US Equity
2026-09-11,SGOV,100.51499938964844,100.5199966430664,100.51000213623048,100.5199966430664,19273462.0,251,1937368335.540268,2189202168.236212,2040793985.615568,0.0029584760559762,0.0093935796646604,0.0183705199191355,1.0,1.0,1.0,0.0029584760559762,0.0093935796646604,0.0183705199191355,0.0125355087537267,1.020985735412126,100.1624771118164,99.44212295532226,0.0014531506296582,100.5199966430664,100.5199966430664,1.0,0.0188129556863387,0.0001871563501254,100.38300323486328,100.2434310464894,100.2434310464894,-0.0027513490431069,iShares 0-3 Month Treasury Bond ETF,N,True,False,False,False,False,False,False,False,False,,False,,,95892447232.0,Bond,unknown,30.0,True,,False,True,14.0,True,True,False,90.0,,0,0,False,Bond,Bond,Bond,Bond,Bond
2026-09-11,FLJP,41.81999969482422,41.97499847412109,41.790000915527344,41.900001525878906,383817.0,251,16081932.885658264,29517893.456187826,39312890.26734355,0.0009555880301983,0.0695961814138106,0.1678577386576853,0.0068730189109614,0.1160424823235222,0.1230650179535963,6.567774602641655e-06,0.0080761136514967,0.0206574156215581,0.0124795693410182,1.9572516987708832,40.3236003112793,38.90856135050456,0.0062552877573218,41.97499847412109,42.025001525878906,0.9970255801198954,0.463749885559082,0.0110680159587262,40.5099983215332,40.14500045776367,40.14500045776367,-0.0418854654941071,Franklin FTSE Japan ETF,P,True,False,False,False,False,False,False,False,False,,False,,,3791726592.0,Country / Region,unknown,443.0,True,,False,True,307.0,True,True,False,91.0,,0,0,False,Country / Region,Country / Region,Country / Region,Country / Region,Country / Region
2026-09-11,DFAC,45.22999954223633,45.290000915527344,45.130001068115234,45.15999984741211,1982486.0,251,89529067.45749664,82501884.90926322,93748249.6917469,-0.022933824000338,0.0354674735059075,0.1560017322806197,0.0,0.1047503809661337,0.1834873470190318,-0.0,0.00371523136165,0.0286243439865441,0.012433420780363,0.5883574948914089,45.06460014343261,42.80473203023275,0.006195070367388,46.345001220703125,46.345001220703125,0.9744308697361376,0.3164005279541015,0.0070062118915669,44.75,44.75,44.75,-0.0090788274755851,Dimensional U.S. Core Equity 2 ETF,P,True,False,False,False,False,False,False,False,False,,False,,,47398703104.0,Other,unknown,62.0,True,,False,True,188.0,True,True,False,92.0,,0,0,False,Other,Other,Other,Other,Other
2026-09-11,EMXC,100.77999877929688,100.96499633789062,100.33999633789062,100.58999633789062,1170471.0,251,117737673.60360718,160016747.99582368,224883985.17931643,0.0322216468751266,0.0200248388926338,0.2931177897052008,0.1485335610362407,0.0207356557385257,0.1172743965274051,0.0047859959528148,0.000415228165497,0.0343752118991242,0.0123012224722666,0.3316709859695095,96.01460006713867,91.54815678914387,-0.0041033015943582,102.41500091552734,107.12000274658205,0.939040270339241,1.593649673461914,0.0158430234762978,97.65499877929688,94.63500213623048,94.63500213623048,-0.05920066028889,iShares MSCI Emerging Markets ex China ETF,Q,True,False,False,False,False,False,False,False,False,,False,,,26057398272.0,Country / Region,unknown,106.0,True,,False,True,103.0,True,True,False,93.0,,0,0,False,Country / Region,Country / Region,Country / Region,Country / Region,Country / Region
2026-09-11,MGC,281.3599853515625,282.010009765625,281.156005859375,281.25,58796.0,251,16536375.0,19181903.452453613,23692406.700449143,-0.0123608145151239,0.0423491672912732,0.1623874575668982,0.0,0.1024756470736667,0.1665211508966308,-0.0,0.0043397583212041,0.0270409463252176,0.0122851741226089,1.9102181766597288,277.88599975585936,264.1621999104818,0.0077451600762108,285.1300048828125,285.54998779296875,0.9849413833766776,1.9830032348632811,0.0070506781684027,278.2799987792969,278.2799987792969,278.2799987792969,-0.0105600043402778,Vanguard Morningstar Mega Cap ETF,P,True,False,False,False,False,False,False,False,False,,False,,,10574559232.0,Other,unknown,237.0,True,,False,True,378.0,True,True,False,94.0,,0,0,False,Other,Other,Other,Other,Other
2026-09-11,ESGU,167.11000061035156,167.6199951171875,167.02999877929688,167.14999389648438,459902.0,251,76872616.49298096,64272901.40631409,65603875.9178244,-0.0195330942897059,0.0380783962578035,0.1616772169483775,0.0,0.0984300352667024,0.1738086253461459,-0.0,0.003748057886555,0.0281008948275881,0.0122715508159166,1.123273554000649,166.31179870605467,157.7214668782552,0.0069457984415504,170.57000732421875,170.85000610351562,0.9783435055613082,1.1779991149902345,0.007047557032636,165.6300048828125,165.6300048828125,165.6300048828125,-0.0090935630821094,iShares ESG Aware MSCI USA ETF,Q,True,False,False,False,False,False,False,False,False,,False,,,17746929664.0,Country / Region,unknown,145.0,True,,False,True,238.0,True,True,False,95.0,,0,0,False,Country / Region,Country / Region,Country / Region,Country / Region,Country / Region
2026-09-11,USFR,50.43999862670898,50.459999084472656,50.43000030517578,50.459999084472656,12443281.0,251,627887947.867836,274252702.45326346,262249416.2008719,0.0035762275438788,0.010388038669737,0.0198378949613193,0.9001623221617493,0.8967058761472729,0.8920363738477166,0.0032191852904768,0.0093150153167982,0.0176961238860672,0.0122484033160424,1.0536415613366472,50.24659881591797,49.86311553955078,0.0015621619226791,50.459999084472656,50.459999084472656,1.0,0.0184793218974899,0.0003662172459923,50.34999847412109,50.290157318115234,50.290157318115234,-0.0033658693903877,WisdomTree Floating Rate Treasury Fund,P,True,False,False,False,False,False,False,False,False,,False,,,17754787840.0,Bond,unknown,144.0,True,,False,True,90.0,True,True,False,96.0,,0,0,False,Bond,Bond,Bond,Bond,Bond
2026-09-11,VV,352.44000244140625,353.27349853515625,352.0950012207031,352.4800109863281,201241.0,251,70933429.89089966,72034039.63800812,79946761.4326913,-0.0163806195540899,0.0402792976578085,0.1571087351500206,0.0,0.1049299712132684,0.1713785299633459,-0.0,0.0042265055437245,0.0269250640744112,0.0121710010294648,1.3674313875025472,349.36219970703127,332.202436319987,0.0071555982821118,358.94000244140625,359.2200012207031,0.9812371521310864,2.4811767578125,0.0070391984807011,348.92999267578125,348.92999267578125,348.92999267578125,-0.0100715450519109,Vanguard Morningstar Large-Cap ETF,P,True,False,False,False,False,False,False,False,False,,False,,,73819176960.0,Other,unknown,40.0,True,,False,True,210.0,True,True,False,97.0,,0,0,False,Other,Other,Other,Other,Other
2026-09-11,VBIL,75.58999633789062,75.58999633789062,75.58000183105469,75.58999633789062,3783566.0,251,285999740.0841675,209692489.22417143,192508690.3239431,0.0029408787408844,0.0093161545277529,0.0185088249165987,1.0,0.972231081627012,0.9586097475269136,0.0029408787408844,0.0090574549931216,0.0177427399803206,0.0120973047386412,1.0115844061422017,75.3172770690918,74.77360448201497,0.0014356094654277,75.58999633789062,75.58999633789062,1.0,0.0155744807981037,0.0002060389145738,75.47802615486678,75.37831759817479,75.37831759817479,-0.0028003538824056,Vanguard 0-3 Month Treasury Bill ETF,Q,True,False,False,False,False,False,False,False,False,,False,,,9348372480.0,Bond,unknown,257.0,True,,False,True,117.0,True,True,False,98.0,,0,0,False,Bond,Bond,Bond,Bond,Bond
2026-09-11,GUNR,56.84999847412109,57.0,56.40999984741211,56.619998931884766,150309.0,251,8510495.419452667,17693395.127417944,28144717.541142844,0.0646859459753366,0.0909839242495484,0.0399291037986724,0.4343435705688189,0.1942419264633236,0.0425038849673764,0.0280959247405494,0.0176728927234254,0.0016971420347092,0.0120813799823747,2.14216662445486,53.50760009765625,53.42101458231608,0.0269380384329021,58.06999969482422,58.06999969482422,0.9750301227732108,0.7344999313354492,0.0129724469302634,55.83000183105469,53.31999969482422,53.31999969482422,-0.0582832797476828,Northern Trust Morningstar Global Upstream Natural Resources ETF,P,True,False,False,False,False,False,False,False,False,,False,,,6723008512.0,Global Equity,unknown,321.0,True,,False,True,362.0,True,True,False,99.0,,0,0,False,Global Equity,Global Equity,Global Equity,Global Equity,Global Equity
2026-09-11,GSUS,105.66000366210938,106.01000213623048,105.6500015258789,105.72000122070312,45034.0,251,4760994.5349731445,13775457.431254577,10226802.709244983,-0.0163751589250106,0.0404146422204692,0.1567888612465147,0.0,0.1049008042728248,0.1697781740779038,-0.0,0.0042395284733256,0.026619326578187,0.0120724578100271,1.3659278328169555,104.8121401977539,99.64546574910482,0.007218704686039,107.66999816894533,107.66999816894533,0.9818891336360716,0.7183998107910157,0.0067953064935297,104.70500183105467,104.70500183105467,104.70500183105467,-0.0096008265032981,Goldman Sachs MarketBeta U.S. Equity ETF,Z,True,False,False,False,False,False,False,False,False,,False,,,3177762560.0,US Equity,unknown,488.0,True,,False,True,453.0,True,True,False,100.0,,0,0,False,US Equity,US Equity,US Equity,US Equity,US Equity
2026-09-11,JAAA,50.61000061035156,50.619998931884766,50.59999847412109,50.619998931884766,5210995.0,251,263780561.33405685,346879471.60513973,284094005.63228273,0.00491349880843,0.0126726319670267,0.0274272147412413,0.8611206965200542,0.7266990503697869,0.6320721723800755,0.0042311155162657,0.0092091896161241,0.0173359792038312,0.0120535659718216,1.129955742233963,50.33964653015137,49.8605024210612,0.0020002835588766,50.619998931884766,50.619998931884766,1.0,0.0218525291155206,0.0004316975420115,50.492000579833984,50.38244916129402,50.38244916129402,-0.0046928047333703,Janus Henderson AAA CLO ETF,P,True,False,False,False,False,False,False,False,False,,False,,,28412567552.0,Other,unknown,98.0,True,,False,True,82.0,True,True,False,101.0,,0,0,False,Other,Other,Other,Other,Other
2026-09-11,IYH,70.45999908447266,70.63999938964844,69.8550033569336,69.91999816894531,255767.0,251,17883228.171676636,38476461.25469895,46146411.163701616,-0.0167346706678697,0.0849280124406397,0.1223420996619706,0.0,0.1361297555281128,0.1053184892463584,-0.0,0.0115612295710328,0.0128848851076261,0.0120245090088404,0.3086084818272212,70.14759979248046,65.31551226298015,0.0182729241973755,74.58999633789062,74.58999633789062,0.9373910926635476,1.049750518798828,0.0150135947695872,69.8550033569336,69.8550033569336,69.8550033569336,-0.000929559692703,iShares U.S. Healthcare ETF,P,True,False,False,False,False,False,False,False,False,,False,,,3161404928.0,Sector,unknown,490.0,True,,False,True,286.0,True,True,False,102.0,,0,0,False,Sector,Sector,Sector,Sector,Sector
2026-09-11,BIL,91.4990005493164,91.5,91.48999786376952,91.5,13879081.0,251,1269935911.5,792079089.2776978,876317280.5870938,0.0029544833609709,0.0092312891549708,0.0181259556798838,1.0,0.9767953341347224,0.9536817844796012,0.0029544833609709,0.0090170801746239,0.0172863937581897,0.011911339928872,1.0376634965608789,91.17835876464844,90.53331771850586,0.0014195102244358,91.5,91.5,1.0,0.0174697796360746,0.0001909265533997,91.37003326416016,91.25039672851562,91.25039672851562,-0.0027279046063866,State Street SPDR Bloomberg 1-3 Month T-Bill ETF,P,True,False,False,False,False,False,False,False,False,,False,,,47077847040.0,Bond,unknown,64.0,True,,False,True,36.0,True,True,False,103.0,,0,0,False,Bond,Bond,Bond,Bond,Bond
2026-09-11,FRDM,71.16999816894531,71.16999816894531,70.56500244140625,70.83000183105469,321114.0,251,22744505.20797729,16666613.701522827,19635592.81399076,0.0347699779243542,-0.0004821114889815,0.3042107645436422,0.1608111075713477,0.0,0.1116874536457758,0.0055913986602467,-0.0,0.033976525663514,0.0118917839822299,-0.0,67.65359977722169,64.6685011545817,-0.0074343725387492,72.86000061035156,76.54803516994124,0.9253013702286128,1.2733989715576173,0.0179782428157344,68.26000213623047,66.19000244140625,66.19000244140625,-0.065508954817139,Freedom 100 Emerging Markets ETF,Z,True,False,False,False,False,False,False,False,False,,False,,,3602242816.0,Country / Region,unknown,454.0,True,,False,True,399.0,True,True,False,104.0,,0,0,False,Country / Region,Country / Region,Country / Region,Country / Region,Country / Region
2026-09-11,PBUS,76.7699966430664,76.8499984741211,76.5999984741211,76.66999816894531,286828.0,251,21991102.23480225,13118578.214042664,23410967.21645779,-0.0175551349373376,0.0397661571418046,0.155764203304201,0.0,0.1033396125053573,0.1690201749606452,-0.0,0.0041094192698612,0.0263272928950815,0.0118856750386883,1.328956516347343,76.09160034179688,72.36989529927571,0.0070776381337047,78.13999938964844,78.22000122070312,0.9801840574332852,0.5288005828857422,0.0068970991980527,75.9000015258789,75.9000015258789,75.9000015258789,-0.0100429980625497,Invesco MSCI USA ETF,Z,True,False,False,False,False,False,False,False,False,,False,,,11176468480.0,Country / Region,unknown,221.0,True,,False,True,381.0,True,True,False,105.0,,0,0,False,Country / Region,Country / Region,Country / Region,Country / Region,Country / Region
2026-09-11,SPYV,62.970001220703125,63.15499877929688,62.900001525878906,63.040000915527344,1059232.0,251,66773986.24975586,90036200.1248085,117757682.9815974,-0.0105163738592581,0.040571603045129,0.1195265047164515,0.0,0.1460400286582763,0.1915910202720935,-0.0,0.0059250780714228,0.0229002049881821,0.0118663724922886,0.6822957870869386,62.69359985351562,60.138286158243815,0.0081254597138602,64.26000213623047,64.26000213623047,0.9810146097082796,0.4142499923706054,0.006571224402831,62.41999816894531,62.41999816894531,62.41999816894531,-0.0098350688067537,State Street SPDR Portfolio S&P 500 Value ETF,P,True,False,False,False,False,False,False,False,False,,False,,,35300089856.0,Factor / Style,unknown,85.0,True,,False,True,159.0,True,True,False,106.0,,0,0,False,Factor / Style,Factor / Style,Factor / Style,Factor / Style,Factor / Style
2026-09-11,EWZ,38.630001068115234,38.63999938964844,37.89500045776367,38.18999862670898,16685537.0,251,637220635.115902,916726944.8269888,762539839.3668779,0.1308853452481717,0.1075427076855746,0.0673744982328199,0.5325297040715214,0.1549870012177689,0.0433604680053336,0.0697003341723078,0.0166677217670263,0.0029213897749995,0.0118565055698169,2.0210302499905497,35.743199844360355,36.64202748616537,0.0190854720004811,39.09999847412109,41.62374534901532,0.9175050997089677,0.8532501220703125,0.0223422401872927,35.0,33.439998626708984,33.439998626708984,-0.1243781139253036,iShares MSCI Brazil ETF,P,True,False,False,False,False,False,False,False,False,,False,,,9067350016.0,Country / Region,unknown,266.0,True,,False,True,41.0,True,True,False,107.0,,0,0,False,Country / Region,Country / Region,Country / Region,Country / Region,Country / Region
2026-09-11,BBUS,137.80999755859375,138.28500366210938,137.80999755859375,137.9499969482422,228983.0,251,31588204.15119934,23019832.20875015,24570719.32764277,-0.0174501214725731,0.0398683102844892,0.1546567489573442,0.0,0.1040548670292287,0.1689992830698844,-0.0,0.0041484917253325,0.0261368796957102,0.0118444275149647,1.3736589324524413,136.80859985351563,130.18942977905274,0.0071219482465962,140.58599853515625,140.6999969482422,0.9804548680906396,0.9570510864257812,0.0069376666009268,136.5500030517578,136.5500030517578,136.5500030517578,-0.0101485605469758,JPMorgan BetaBuilders U.S. Equity ETF,Z,True,False,False,False,False,False,False,False,False,,False,,,8542320128.0,US Equity,unknown,272.0,True,,False,True,375.0,True,True,False,108.0,,0,0,False,US Equity,US Equity,US Equity,US Equity,US Equity
2026-09-11,SUSA,156.2100067138672,156.49569702148438,156.00999450683594,156.16000366210938,25393.0,251,3965370.972991944,5532620.926731872,6152890.124145024,-0.0252793388804424,0.034408548896138,0.1640036869227525,0.0,0.0885911506958043,0.1717063126224584,-0.0,0.0030482929404817,0.0281604683379939,0.011837554329611,0.6752467134770642,156.08779998779298,147.6735014851888,0.0061793663587992,160.22999572753906,160.35000610351562,0.9738696458876256,1.1142845153808594,0.0071355307969375,154.75999450683594,154.75999450683594,154.75999450683594,-0.0089652223517021,iShares ESG Optimized MSCI USA ETF,P,True,False,False,False,False,False,False,False,False,,False,,,4045895936.0,Country / Region,unknown,421.0,True,,False,True,463.0,True,True,False,109.0,,0,0,False,Country / Region,Country / Region,Country / Region,Country / Region,Country / Region
2026-09-11,DFAU,52.810001373291016,52.91999816894531,52.75,52.77999877929688,516848.0,251,27279236.80908203,25796673.3167038,30116263.274539765,-0.0198700041809366,0.0371100734816649,0.1548641782816295,0.0,0.1009196454325024,0.1730253969032588,-0.0,0.0037451354577437,0.0267954359132759,0.01181274061718,0.9536705625781534,52.511699752807615,49.94525253295898,0.0065398330498411,53.94599914550781,53.95000076293945,0.9783132165505676,0.3663002014160156,0.0069401328133356,52.255001068115234,52.255001068115234,52.255001068115234,-0.0099469064669166,Dimensional US Core Equity Market ETF,P,True,False,False,False,False,False,False,False,False,,False,,,12301299712.0,Other,unknown,202.0,True,,False,True,347.0,True,True,False,110.0,,0,0,False,Other,Other,Other,Other,Other
2026-09-11,IVE,235.08999633789065,235.7949981689453,234.9001007080078,235.32000732421875,586168.0,251,137937058.05322266,112955708.61654358,159392636.61776975,-0.0113019925410734,0.0400553223929442,0.1189659321911782,0.0,0.1464985528723277,0.1917590702610379,-0.0,0.0058680467654008,0.022812796549718,0.0117987091899118,0.6762448706698052,234.1001998901367,224.59390614827475,0.0080471462950537,239.92999267578125,239.92999267578125,0.9807861230680236,1.5262474060058593,0.0064858378314727,233.0200042724609,233.0200042724609,233.0200042724609,-0.0097739375325996,iShares S&P 500 Value ETF,P,True,False,False,False,False,False,False,False,False,,False,,,47735062528.0,Factor / Style,unknown,61.0,True,,False,True,124.0,True,True,False,111.0,,0,0,False,Factor / Style,Factor / Style,Factor / Style,Factor / Style,Factor / Style
2026-09-11,IWS,166.97999572753906,167.21499633789062,166.5449981689453,167.0,275369.0,251,45986623.0,54911753.115255736,79309158.13420081,-0.0356297178159339,0.0348775428557217,0.1587779784039469,0.0,0.0900689118635798,0.1749913416720888,-0.0,0.0031413823334902,0.0277847714688886,0.0117665685308796,0.2107205106579021,168.68019989013672,158.98408650716146,0.0057693923528525,173.52000427246094,173.52000427246094,0.9624250569852268,1.4112503051757812,0.008450600629795,165.55999755859375,165.55999755859375,165.55999755859375,-0.008622769110217,iShares Russell Mid-Cap Value ETF,P,True,False,False,False,False,False,False,False,False,,False,,,15646174208.0,Factor / Style,unknown,164.0,True,,False,True,211.0,True,True,False,112.0,,0,0,False,Factor / Style,Factor / Style,Factor / Style,Factor / Style,Factor / Style
2026-09-11,BKLC,48.84999847412109,49.0098991394043,48.82500076293945,48.86000061035156,243715.0,251,11907915.048751833,20938740.98400879,19786682.51338777,-0.0174944488214978,0.0383819333051098,0.1571348734748658,0.0,0.0994746378943157,0.1685794232556696,-0.0,0.0038180289172095,0.0264897063437455,0.0117531160164971,1.2575905706182886,48.46900001525879,46.091928278605145,0.0070048713142716,49.79999923706055,49.84000015258789,0.9803370878965488,0.3519445419311523,0.0072031219307146,48.400001525878906,48.400001525878906,48.400001525878906,-0.0094146352584203,BNY Mellon US Large Cap Core Equity ETF,P,True,False,False,False,False,False,False,False,False,,False,,,5445539328.0,Factor / Style,unknown,363.0,True,,False,True,398.0,True,True,False,113.0,,0,0,False,Factor / Style,Factor / Style,Factor / Style,Factor / Style,Factor / Style
2026-09-11,AVUV,124.79000091552734,125.2427978515625,124.0199966430664,124.5,942018.0,251,117281241.0,153436266.003743,155947346.66564602,-0.0242371336516142,0.0138588035178495,0.1770418874489125,0.0,0.0380460821130045,0.1838484906908847,-0.0,0.000527273176628,0.032548883796548,0.0117348368936,0.0681755657612403,125.24654083251951,118.79105021158854,0.0031500887858197,128.48954043513197,128.62908532773028,0.9678992871852437,1.283528856660979,0.0103094687282006,123.12999725341795,123.12999725341795,123.12999725341795,-0.0110040381251568,Avantis U.S. Small Cap Value ETF,P,True,False,False,False,False,False,False,False,False,,False,,,29055420416.0,Factor / Style,unknown,95.0,True,,False,True,129.0,True,True,False,114.0,,0,0,False,Factor / Style,Factor / Style,Factor / Style,Factor / Style,Factor / Style
2026-09-11,VOOV,226.9199981689453,227.6499938964844,226.8999938964844,227.1999969482422,80980.0,251,18398655.75286865,14598556.178756714,14801051.55005561,-0.0109268629674958,0.0400001592502052,0.1191155744116927,0.0,0.144232183477292,0.1910061361242637,-0.0,0.0057693103080965,0.0227518056205996,0.0117131836674726,0.6641905323109276,226.01919921875,216.8178651936849,0.0081325821044351,231.66000366210935,231.66000366210935,0.9807476187371024,1.4514999389648438,0.006388644183369,224.97000122070312,224.97000122070312,224.97000122070312,-0.0098151221720618,Vanguard S&P 500 Value ETF,P,True,False,False,False,False,False,False,False,False,,False,,,6683939328.0,Factor / Style,unknown,325.0,True,,False,True,425.0,True,True,False,115.0,,0,0,False,Factor / Style,Factor / Style,Factor / Style,Factor / Style,Factor / Style
2026-09-11,SCHG,35.15999984741211,35.28990173339844,35.10499954223633,35.15999984741211,7187686.0,251,252719038.66324612,231304085.4137112,248935279.63317615,-0.0217028049276889,0.0544110027767998,0.1653257977903779,0.0,0.1041363700256035,0.1386501438620036,-0.0,0.0056661643186289,0.0229224456477364,0.0117058627838165,2.415598343329801,34.893600158691406,33.00661159515381,0.0116596048025339,36.11000061035156,36.11000061035156,0.973691477516422,0.3474945068359375,0.009883234025711,34.7400016784668,34.7400016784668,34.7400016784668,-0.0119453404655297,Schwab U.S. Large-Cap Growth ETF,P,True,False,False,False,False,False,False,False,False,,False,,,59069509632.0,Factor / Style,unknown,49.0,True,,False,True,94.0,True,True,False,116.0,,0,0,False,Factor / Style,Factor / Style,Factor / Style,Factor / Style,Factor / Style
2026-09-11,VOO,703.0,704.4954223632812,701.9299926757812,702.5599975585938,5787950.0,251,4066382137.869263,5177791392.230682,5234206190.568276,-0.0173299034014837,0.0388894113586695,0.1540083662712446,0.0,0.101139509189753,0.1695026193897293,-0.0,0.0039332559774942,0.0261048214909087,0.0116933039071893,1.3651875010811183,697.31900390625,663.7137475585937,0.0070375660445183,715.8900146484375,716.3900146484375,0.980694849443664,4.990771484375,0.0071036943488356,695.5399780273438,695.5399780273438,695.5399780273438,-0.0099920569853744,Vanguard S&P 500 ETF,P,True,False,False,False,False,False,False,False,False,,False,,,1670882131968.0,US Equity,unknown,2.0,True,,False,True,6.0,True,True,False,117.0,,0,0,False,US Equity,US Equity,US Equity,US Equity,US Equity
2026-09-11,GSLC,145.67999267578125,146.1199951171875,145.63009643554688,145.8000030517578,159333.0,251,23230751.886245728,29011326.25962601,42106710.771740384,-0.0195683110129132,0.041031584656338,0.1455199449535598,0.0,0.1147645591097968,0.169232407956246,-0.0,0.0047089717226609,0.0246266906901512,0.0116801733612825,1.130909485914697,144.80609893798828,138.02650385538738,0.0077837589364204,148.9149932861328,148.93499755859375,0.9789505854350816,1.0046005249023438,0.0068902640869336,144.25999450683594,144.25999450683594,144.25999450683594,-0.0105624726521794,Goldman Sachs ActiveBeta U.S. Large Cap Equity ETF,P,True,False,False,False,False,False,False,False,False,,False,,,15385732096.0,Factor / Style,unknown,166.0,True,,False,True,299.0,True,True,False,118.0,,0,0,False,Factor / Style,Factor / Style,Factor / Style,Factor / Style,Factor / Style
2026-09-11,IVV,768.4000244140625,770.0,767.3200073242188,767.9199829101562,7579352.0,251,5820335858.310059,5716771570.197607,5429400269.301498,-0.017339102333999,0.0390426333158253,0.1540957480377365,0.0,0.1003950940803842,0.1683281157016628,-0.0,0.0039196888448882,0.0259386469048303,0.0116263241658679,1.3726003623633836,762.1771948242188,725.4323783365885,0.0071501605001933,782.52001953125,783.0900268554688,0.98062796942233,5.469497680664063,0.0071224838555919,760.2999877929688,760.2999877929688,760.2999877929688,-0.0099229024986565,iShares Core S&P 500 ETF,P,True,False,False,False,False,False,False,False,False,,False,,,888128929792.0,US Equity,unknown,3.0,True,,False,True,5.0,True,True,False,119.0,,0,0,False,US Equity,US Equity,US Equity,US Equity,US Equity
2026-09-11,SRLN,40.52999877929688,40.55929946899414,40.5099983215332,40.52999877929688,1752570.0,251,71031659.96063232,62639491.63717651,63304402.53529745,0.0045543305472581,0.0244595881313562,0.0500721333717728,0.2579869423868974,0.3841445408743505,0.3145079537518429,0.0011749578125063,0.0093960172526955,0.0157480842067456,0.0116192406866131,1.324342261803194,40.14028381347656,39.49692273457845,0.0048781615516606,40.61000061035156,40.61000061035156,0.9980299968024552,0.0877022316190998,0.0021638843883681,40.33000183105469,40.24687340298978,40.24687340298978,-0.006985575742275,State Street Blackstone Senior Loan ETF,P,True,False,False,False,False,False,False,False,False,,False,,,5200829440.0,Bond,unknown,369.0,True,,False,True,243.0,True,True,False,120.0,,0,0,False,Bond,Bond,Bond,Bond,Bond
2026-09-11,DSI,145.52999877929688,145.85000610351562,145.42059326171875,145.42999267578125,75551.0,251,10987381.37664795,16075352.538604736,15975652.261061896,-0.0197493119608809,0.0405671505301914,0.1726966146904338,0.0,0.0835131027519892,0.1557968370177405,-0.0,0.0033878886105832,0.026905586332441,0.0116190828132335,1.1103313348674149,143.99679931640625,136.4985853068034,0.0081282126709922,148.92999267578125,148.92999267578125,0.9764990252324832,1.2405006408691406,0.0085298817530348,144.11000061035156,144.11000061035156,144.11000061035156,-0.0090764775624547,iShares ESG MSCI KLD 400 ETF,P,True,False,False,False,False,False,False,False,False,,False,,,5360755200.0,Other,unknown,365.0,True,,False,True,418.0,True,True,False,121.0,,0,0,False,Other,Other,Other,Other,Other
2026-09-11,SCHX,30.1200008392334,30.190000534057617,30.084999084472656,30.11000061035156,6549933.0,251,197218486.62776184,199643875.69901428,263276539.8634531,-0.0195375607947986,0.038498276703206,0.1533234543699946,0.0,0.1013005653774104,0.1687985926915482,-0.0,0.0038998971960907,0.0258807833242619,0.0115932073409506,1.214584665107031,29.9161999130249,28.460134938557943,0.0070331854444025,30.729999542236328,30.770000457763672,0.978550541514679,0.2170001983642578,0.0072069144458819,29.809999465942383,29.809999465942383,29.809999465942383,-0.0099635050922596,Schwab U.S. Large-Cap ETF,P,True,False,False,False,False,False,False,False,False,,False,,,71641505792.0,Other,unknown,41.0,True,,False,True,88.0,True,True,False,122.0,,0,0,False,Other,Other,Other,Other,Other
2026-09-11,SPYI,53.61000061035156,53.69499969482422,53.52999877929688,53.57500076293945,2475230.0,251,132610449.13845062,139750385.33141136,138358107.9456178,-0.0053706746363365,0.0451292245929095,0.1202089162451833,0.0,0.1464015981363123,0.1718642840835563,-0.0,0.0066069906030545,0.0206596193309386,0.0115254106578139,1.5707915156655723,52.96901573181152,50.87951772054036,0.0078044473070346,54.02000045776367,54.02000045776367,0.991762315974578,0.2670740790404149,0.0049850504010662,53.10499954223633,53.10499954223633,53.10499954223633,-0.0087727711434443,NEOS S&P 500 High Income ETF,Z,True,False,False,False,False,False,False,False,False,,False,,,10406321152.0,Bond,unknown,241.0,True,,False,True,146.0,True,True,False,123.0,,0,0,False,Bond,Bond,Bond,Bond,Bond
2026-09-11,SCHK,36.81999969482422,36.92279815673828,36.78850173950195,36.81999969482422,1208051.0,251,44480437.45133209,61372294.70896568,38673316.9450634,-0.0197018544038982,0.0372776097486327,0.1558282518612339,0.0,0.096936457182332,0.167864507940169,-0.0,0.003613559421258,0.0261580328218627,0.0115041251114696,1.1032726737196614,36.588600158691406,34.79678782145182,0.006622455782812,37.61000061035156,37.619998931884766,0.9787347352532084,0.2661399841308594,0.0072281365110459,36.470001220703125,36.470001220703125,36.470001220703125,-0.009505662059261,Schwab 1000 Index ETF,P,True,False,False,False,False,False,False,False,False,,False,,,5700246528.0,Other,unknown,358.0,True,,False,True,308.0,True,True,False,124.0,,0,0,False,Other,Other,Other,Other,Other
2026-09-11,IWN,220.8500061035156,221.3300018310547,219.4199981689453,219.69000244140625,291011.0,251,63932207.30047608,88201040.53210755,119980741.38080512,-0.0312210684731838,0.0216521274620946,0.180981007321332,0.0,0.0567342075670401,0.1688611260775862,-0.0,0.0012284162937024,0.030560656694936,0.0114947004341342,0.1298202129212452,222.852399597168,209.56282958984372,0.0024957525641546,227.63999938964844,227.8600006103516,0.9641446583557406,2.0329986572265626,0.0092539425309933,218.32000732421875,218.32000732421875,218.32000732421875,-0.0062360376073685,iShares Russell 2000 Value ETF,P,True,False,False,False,False,False,False,False,False,,False,,,14527014912.0,Factor / Style,unknown,175.0,True,,False,True,157.0,True,True,False,125.0,,0,0,False,Factor / Style,Factor / Style,Factor / Style,Factor / Style,Factor / Style
2026-09-11,SPY,764.719970703125,766.3699951171875,763.5999755859375,764.2899780273438,45100244.0,251,34469664495.78784,28639342611.218224,35523077503.35556,-0.0174705954262394,0.0386290269068709,0.1535772323271034,0.0,0.0987023627640908,0.1675488064705238,-0.0,0.0038127762269858,0.0257316819774525,0.0114843932396491,1.3588978602283208,758.6164013671874,722.1606827799479,0.0069915492057186,778.7999877929688,779.3699951171875,0.9806510166104402,5.4524993896484375,0.0071340715519016,756.6400146484375,756.6400146484375,756.6400146484375,-0.0100092420401103,State Street SPDR S&P 500 ETF Trust,P,True,False,False,False,False,False,False,False,False,,False,,,781188857856.0,US Equity,unknown,4.0,True,,False,True,1.0,True,True,False,126.0,,0,0,False,US Equity,US Equity,US Equity,US Equity,US Equity
2026-09-11,IUSV,113.66999816894533,114.08159637451172,113.66999816894533,113.88999938964844,486808.0,251,55442562.82287598,61581371.00701141,66061076.86762976,-0.012400280167881,0.0392047743944361,0.1193701144970966,0.0,0.1380803960664046,0.1876026012306609,-0.0,0.0054134107760777,0.0223941439888571,0.0113566674005505,0.6301529812640991,113.41079986572264,108.78468943277994,0.0076768045450232,116.19000244140624,116.19000244140624,0.9802048110557732,0.7525787353515625,0.006607943975632,112.76000213623048,112.76000213623048,112.76000213623048,-0.00992183035801,iShares Core S&P U.S. Value ETF,Q,True,False,False,False,False,False,False,False,False,,False,,,26456442880.0,Factor / Style,unknown,103.0,True,,False,True,236.0,True,True,False,127.0,,0,0,False,Factor / Style,Factor / Style,Factor / Style,Factor / Style,Factor / Style
2026-09-11,TFLO,50.560001373291016,50.56999969482422,50.560001373291016,50.56999969482422,1920529.0,251,97121150.94390106,71354697.6406742,73272317.75710927,0.0032285552551998,0.0098969985389327,0.0192090675212777,1.0,0.8331676596399643,0.8891008213172391,0.0032285552551998,0.0082458591101427,0.0170787977099063,0.01133738762006,1.0277539785621874,50.37276527404785,49.99300239562988,0.0015232880582942,50.56999969482422,50.56999969482422,1.0,0.0156224509437596,0.0003089272501094,50.4770295643985,50.40725493675371,50.40725493675371,-0.00321820761425,iShares Treasury Floating Rate Bond ETF,P,True,False,False,False,False,False,False,False,False,,False,,,6588089856.0,Bond,unknown,326.0,True,,False,True,219.0,True,True,False,128.0,,0,0,False,Bond,Bond,Bond,Bond,Bond
2026-09-11,DFUS,83.41999816894531,83.55500030517578,83.2750015258789,83.37000274658203,1210802.0,251,100944566.06556702,44049457.88373794,54131699.86041187,-0.02009871941315,0.035992227029002,0.1572209388301719,0.0,0.0912832700396881,0.1664178718837458,-0.0,0.0032854881792181,0.0261643740556818,0.0112930982359804,1.0329066042663186,82.89320007324218,78.8079623413086,0.0060283845556112,85.22000122070312,85.2699966430664,0.9777179081589789,0.5894508361816406,0.0070702988696471,82.55999755859375,82.55999755859375,82.55999755859375,-0.0097157869893615,Dimensional U.S. Equity Market ETF,P,True,False,False,False,False,False,False,False,False,,False,,,21026164736.0,US Equity,unknown,129.0,True,,False,True,267.0,True,True,False,129.0,,0,0,False,US Equity,US Equity,US Equity,US Equity,US Equity
2026-09-11,IMCG,95.1999969482422,95.43499755859376,95.04010009765624,95.25,125243.0,251,11929395.75,15646492.763459776,11870963.859914629,-0.0526158829058689,0.0166847398198852,0.2024466536597373,0.0,0.0330033386071922,0.1538278409952067,-0.0,0.0005506521178485,0.0311419316491817,0.0112575999538151,0.0719168117094717,96.97679946899414,90.3101873779297,-0.0021525779397258,100.72000122070312,100.79000091552734,0.9450342210020372,0.949750518798828,0.0099711340556307,94.13999938964844,94.13999938964844,94.13999938964844,-0.011653549714977,iShares Morningstar Mid-Cap Growth ETF,P,True,False,False,False,False,False,False,False,False,,False,,,4006894848.0,Factor / Style,unknown,422.0,True,,False,True,442.0,True,True,False,130.0,,0,0,False,Factor / Style,Factor / Style,Factor / Style,Factor / Style,Factor / Style
2026-09-11,TBIL,49.91999816894531,49.91999816894531,49.90999984741211,49.91999816894531,2504614.0,251,125030326.2939148,87116614.8287758,87492575.8667714,0.0026878093262132,0.0091762023647594,0.0182328668731575,0.7701376539550814,0.9081542312858712,0.9127833372935956,0.0020699831687684,0.0083334070046917,0.0166426570729105,0.0112416445285683,0.970163039329696,49.75145347595215,49.39389099121094,0.0014589060465872,49.91999816894531,49.91999816894531,1.0,0.0124829824165818,0.000250059753094,49.86000061035156,49.78618269271377,49.78618269271377,-0.002680598580526,F/m US Treasury 3 Month Bill Fund,Q,True,False,False,False,False,False,False,False,False,,False,,,7079277056.0,Bond,unknown,308.0,True,,False,True,197.0,True,True,False,131.0,,0,0,False,Bond,Bond,Bond,Bond,Bond
2026-09-11,VTHR,337.1400146484375,337.9200134277344,336.7699890136719,337.13531494140625,21486.0,251,7243689.376831055,5455677.195739746,8512767.193555076,-0.020297222698154,0.0374786430458338,0.1537676234877834,0.0,0.0955601578178476,0.1649972672571005,-0.0,0.0035814650442586,0.025371237668103,0.0112078854626041,1.0265788634119315,335.2993054199219,318.97729227701825,0.0063038834703721,344.5299987792969,344.5599975585937,0.9784516987758426,2.441500854492188,0.0072419018307723,334.0299987792969,334.0299987792969,334.0299987792969,-0.0092108895879065,Vanguard Russell 3000 ETF,Q,True,False,False,False,False,False,False,False,False,,False,,,6104798208.0,US Equity,unknown,346.0,True,,False,True,457.0,True,True,False,132.0,,0,0,False,US Equity,US Equity,US Equity,US Equity,US Equity
2026-09-11,SPMO,149.1199951171875,149.35000610351562,148.08999633789062,148.30999755859375,1217529.0,251,180571723.0175171,242298583.22416383,314080015.69213283,-0.0288763988139069,-0.0135636915625448,0.271296666765636,0.0,0.0,0.1180048935187189,-0.0,-0.0,0.0320143342736622,0.0112050169957817,-0.0,148.46060028076172,137.5832367960612,-0.0125623125876749,156.1699981689453,162.3000030517578,0.91380156974672,2.334949493408203,0.0157437093375024,144.76800537109375,144.76800537109375,144.76800537109375,-0.0238823561850619,Invesco S&P 500 Momentum ETF,P,True,False,False,False,False,False,False,False,False,,False,,,22210627584.0,Factor / Style,unknown,125.0,True,,False,True,76.0,True,True,False,133.0,,0,0,False,Factor / Style,Factor / Style,Factor / Style,Factor / Style,Factor / Style
2026-09-11,VONE,346.0,346.5408935546875,345.4599914550781,345.6300048828125,51720.0,251,17875983.852539062,26025202.048614506,30268671.907251757,-0.0190997296757043,0.0371549056825457,0.151757080792696,0.0,0.0964996297962083,0.1668728520645955,-0.0,0.0035854346434787,0.0253241368928744,0.0111939804307672,1.0563953345303647,343.4597991943359,326.90122497558593,0.0068859713153253,353.239990234375,353.239990234375,0.9784566143077026,2.473542785644532,0.0071566205210777,342.5400085449219,342.5400085449219,342.5400085449219,-0.0089401854417654,Vanguard Russell 1000 ETF,Q,True,False,False,False,False,False,False,False,False,,False,,,11460844544.0,US Equity,unknown,215.0,True,,False,True,346.0,True,True,False,134.0,,0,0,False,US Equity,US Equity,US Equity,US Equity,US Equity
2026-09-11,GBIL,99.95999908447266,99.97000122070312,99.9499969482422,99.95999908447266,685972.0,251,68569760.49197388,66832493.97236023,61004067.928181484,0.0024527349099841,0.0088476584216341,0.0174970933828844,0.8594600391431406,0.9360057347203102,0.945431961998758,0.0021080276417426,0.008281459021496,0.0165423113262558,0.0111727573281619,0.9470953586591592,99.63658935546874,98.94800435384114,0.0014544683638364,99.97000122070312,99.97000122070312,0.9998999486235036,0.0222130298368199,0.0002222191880779,99.84503173828124,99.73536676145066,99.73536676145066,-0.0022472221396496,Goldman Sachs Access Treasury 0-1 Year ETF,P,True,False,False,False,False,False,False,False,False,,False,,,7703504896.0,Bond,unknown,293.0,True,,False,True,251.0,True,True,False,135.0,,0,0,False,Bond,Bond,Bond,Bond,Bond
2026-09-11,IWV,434.2900085449219,435.0899963378906,433.8320007324219,434.0700073242188,122587.0,251,53211339.987854,53993622.48599549,75262259.9267491,-0.0200474198850728,0.0363499013531356,0.1525296636325492,0.0,0.0958238273061375,0.1667857782695426,-0.0,0.003483186669858,0.0254397786581462,0.0111679938657589,0.9943353958946928,431.88900085449217,410.93934143066406,0.0063730064802773,443.6300048828125,443.9100036621094,0.9778333530294115,3.047003173828125,0.0070196123261569,430.0899963378906,430.0899963378906,430.0899963378906,-0.0091690531922776,iShares Russell 3000 Fund,P,True,False,False,False,False,False,False,False,False,,False,,,19473276928.0,US Equity,unknown,138.0,True,,False,True,216.0,True,True,False,136.0,,0,0,False,US Equity,US Equity,US Equity,US Equity,US Equity
2026-09-11,ITOT,167.22999572753906,167.5500030517578,166.99000549316406,167.11000061035156,1420716.0,251,237415851.62713623,252698732.33569032,276701936.1043624,-0.0210310275458244,0.0356124732449718,0.1553419628211358,0.0,0.0915835432393405,0.1663350924913473,-0.0,0.0032615164832907,0.025838819753641,0.0111635726279133,1.0090709545673413,166.30419952392575,158.16635823567708,0.0061200527166482,170.9199981689453,171.02999877929688,0.9770800549791044,1.1965003967285155,0.0071599568688793,165.5399932861328,165.5399932861328,165.5399932861328,-0.0093950530697413,iShares Core S&P Total U.S. Stock Market ETF,P,True,False,False,False,False,False,False,False,False,,False,,,94139031552.0,Other,unknown,33.0,True,,False,True,85.0,True,True,False,137.0,,0,0,False,Other,Other,Other,Other,Other
2026-09-11,VTI,376.510009765625,377.2950134277344,375.9299926757813,376.30999755859375,2644535.0,251,995164959.3936156,1115804358.7881622,1170288505.706889,-0.0207910239088515,0.0359387462570806,0.1544729894204661,0.0,0.0928570746366109,0.1662559791858331,-0.0,0.0033371668435399,0.0256820581138624,0.0111578787881528,1.003569269462406,374.4783996582031,356.1772151692708,0.0061629883277758,384.8999938964844,385.1199951171875,0.9771240193438594,2.701249694824219,0.007178256523476,372.75,372.75,372.75,-0.0094602789766153,Vanguard Morningstar Total Stock Market ETF,P,True,False,False,False,False,False,False,False,False,,False,,,2297940410368.0,US Equity,unknown,1.0,True,,False,True,27.0,True,True,False,138.0,,0,0,False,US Equity,US Equity,US Equity,US Equity,US Equity
2026-09-11,IWB,418.0700073242188,418.9800109863281,417.6099853515625,417.9100036621094,636117.0,251,265839657.79953003,186277107.580986,221498362.7562871,-0.0190827263161958,0.0377924440120711,0.1513526974875609,0.0,0.0975315436467377,0.1653316811559755,-0.0,0.0036859554026802,0.0250233959231102,0.0111540595848307,1.1159510484692627,415.2839990234375,395.3672833251953,0.0067998560787987,426.6499938964844,426.9200134277344,0.978895321179057,2.9919952392578124,0.0071594247877275,413.9200134277344,413.9200134277344,413.9200134277344,-0.0095474867780408,iShares Russell 1000 ETF,P,True,False,False,False,False,False,False,False,False,,False,,,48330235904.0,US Equity,unknown,59.0,True,,False,True,106.0,True,True,False,139.0,,0,0,False,US Equity,US Equity,US Equity,US Equity,US Equity
2026-09-11,SCHB,29.489999771118164,29.545000076293945,29.434999465942383,29.46999931335449,4768725.0,251,140534322.4755764,158714186.22858763,201410531.38747367,-0.0206048798966216,0.0349496882008799,0.1551155734819265,0.0,0.0906377810173533,0.1664843870486092,-0.0,0.0031677621857761,0.025824321172832,0.0110975578312456,0.9916770617486552,29.32079998016357,27.88775413513184,0.0061512348286798,30.13999938964844,30.149999618530277,0.9774460924119596,0.2132498741149902,0.007236168275659,29.18000030517578,29.18000030517578,29.18000030517578,-0.0098404823527531,Schwab U.S. Broad Market ETF,P,True,False,False,False,False,False,False,False,False,,False,,,43229065216.0,Other,unknown,72.0,True,,False,True,112.0,True,True,False,140.0,,0,0,False,Other,Other,Other,Other,Other
2026-09-11,IQMM,100.11499786376952,100.12999725341795,100.11090087890624,100.12999725341795,513656.0,142,51432373.86920166,177480644.1922699,177567091.72874135,0.0030917654040072,0.0092945848378782,0.0180840834947171,0.9335364165051232,0.9009325312520964,0.8925866650330426,0.0028862755959314,0.008373793844927,0.0161416117767286,0.0110925301210575,1.0600933637891012,99.77054931640625,,0.001411939767888,100.12999725341795,100.12999725341795,1.0,0.0251205776246592,0.0002508796396057,99.98406446197168,99.85128784179688,99.85128784179688,-0.0027834756742848,ProShares GENIUS Money Market ETF,P,True,False,False,False,False,False,False,False,False,,False,,,20518305792.0,Other,unknown,132.0,True,,False,True,121.0,False,False,False,141.0,,0,0,False,Other,Other,Other,Other,Other
2026-09-11,SPTM,92.61000061035156,92.79499816894533,92.51499938964844,92.5500030517578,317080.0,251,29345754.967651367,43560593.71929932,43315658.071151,-0.0200126995000985,0.0348485422375912,0.1518668402562977,0.0,0.0925154150083048,0.1684596330562227,-0.0,0.0032240273475451,0.0255834321829839,0.0110498190399487,1.0546639719452422,92.07879974365234,87.67288258870443,0.0063207061691317,94.58999633789062,94.62000274658205,0.9781230222496586,0.6407489776611328,0.0069232734363368,91.66000366210938,91.66000366210938,91.66000366210938,-0.0096164166429115,State Street SPDR Portfolio S&P 1500 Composite Stock Market ETF,P,True,False,False,False,False,False,False,False,False,,False,,,13582209024.0,Other,unknown,190.0,True,,False,True,296.0,True,True,False,142.0,,0,0,False,Other,Other,Other,Other,Other
2026-09-11,OMFL,69.66000366210938,69.94999694824219,69.66000366210938,69.80000305175781,105965.0,251,7396357.323379517,7956469.9773750305,8152238.038137527,-0.0226826541405863,0.0318779543411544,0.145211843185234,0.0,0.0947202689632568,0.1783111073947902,-0.0,0.0030194884091925,0.0258928845651977,0.0110251770637943,0.6079821751487166,69.86760025024414,66.34161028544108,0.0066419319736694,71.48999786376953,71.51000213623047,0.9760872740401404,0.473550796508789,0.0067843950688317,68.98999786376953,68.98999786376953,68.98999786376953,-0.0116046583463277,Invesco Russell 1000 Dynamic Multifactor ETF,Z,True,False,False,False,False,False,False,False,False,,False,,,4719748608.0,Factor / Style,unknown,388.0,True,,False,True,459.0,True,True,False,143.0,,0,0,False,Factor / Style,Factor / Style,Factor / Style,Factor / Style,Factor / Style
2026-09-11,SPYM,89.77999877929688,89.97000122070312,89.66000366210938,89.72000122070312,43428439.0,251,3896399600.093231,1196022988.55336,1148084959.5949712,-0.0200960723782579,0.0360157893169621,0.1506869367485108,0.0,0.0939487840391813,0.1663209721767866,-0.0,0.0033836396125399,0.0250623978143542,0.0109712049831749,1.181899394842152,89.29120010375976,84.98850962320964,0.0070125666709652,91.68000030517578,91.73999786376952,0.9779812874416454,0.629000473022461,0.0070107051322388,89.06999969482422,89.06999969482422,89.06999969482422,-0.0072447783887114,State Street SPDR Portfolio S&P 500 ETF,P,True,False,False,False,False,False,False,False,False,,False,,,153918701568.0,US Equity,unknown,17.0,True,,False,True,28.0,True,True,False,144.0,,0,0,False,US Equity,US Equity,US Equity,US Equity,US Equity
2026-09-11,BILS,99.1999969482422,99.20999908447266,99.19000244140624,99.19000244140624,533913.0,251,52958831.773498535,31168172.471014403,30701972.067081027,0.0023599848948629,0.0088334984973066,0.0174659205320455,0.9211001444390948,0.9065996639244388,0.9355996294107044,0.0021737824275323,0.0080084467689352,0.0163411087770986,0.0109248784717924,0.9582853261457014,98.88026489257813,98.18976079305013,0.0014694325363682,99.20999908447266,99.20999908447266,0.9997984412533923,0.0221553972368731,0.0002233632089076,99.0860606430707,98.97641098451192,98.97641098451192,-0.002153356705687,State Street SPDR Bloomberg 3-12 Month T-Bill ETF,P,True,False,False,False,False,False,False,False,False,,False,,,3866119680.0,Bond,unknown,439.0,True,,False,True,343.0,True,True,False,145.0,,0,0,False,Bond,Bond,Bond,Bond,Bond
2026-09-11,USCA,45.369998931884766,45.37009811401367,45.35940170288086,45.35940170288086,2132.0,251,96706.244430542,25775.71701812744,5129141.198175824,-0.0155738864651308,0.0462493493219751,0.1400213360403341,0.0,0.1129730746291112,0.1512293802028409,-0.0,0.0052249311924993,0.0211753398645534,0.0108075742277182,1.597163668976521,44.9255281829834,42.876166330973305,0.0092149825813341,46.05500030517578,46.709999084472656,0.9710854761707592,0.2678045272827148,0.0059040577527217,44.9379997253418,44.9379997253418,44.9379997253418,-0.0092902895919876,Xtrackers MSCI USA Climate Action Equity ETF,P,True,False,False,False,False,False,False,False,False,,False,,,3158330624.0,Country / Region,unknown,491.0,True,,False,True,465.0,False,False,False,146.0,,0,0,False,Country / Region,Country / Region,Country / Region,Country / Region,Country / Region
2026-09-11,MSLC,60.33250045776367,60.37129974365234,60.23500061035156,60.26490020751953,64802.0,251,3905286.0632476807,3854219.873097229,4435020.041036697,-0.021038030163745,0.0390500035779228,0.1420295562770492,0.0,0.105516396423038,0.1616293015573806,-0.0,0.0041204156578491,0.0229561379815641,0.0107129184711494,1.096133803462919,59.95537811279297,57.21373931884766,0.0074383772880017,61.65999984741211,61.67599868774414,0.9771207842556588,0.4153148651123047,0.0068914884730943,59.68000030517578,59.68000030517578,59.68000030517578,-0.0097054819692669,Morgan Stanley Pathway Large Cap Equity ETF,P,True,False,False,False,False,False,False,False,False,,False,,,3979997184.0,Factor / Style,unknown,425.0,True,,False,True,467.0,False,False,False,147.0,,0,0,False,Factor / Style,Factor / Style,Factor / Style,Factor / Style,Factor / Style
2026-09-11,FNDF,55.970001220703125,55.98500061035156,55.755001068115234,55.83000183105469,3115488.0,251,173937700.7446289,107131363.31993105,83692660.90383984,0.0064900054521217,0.0418577593469815,0.1595563111539089,0.0606062162922394,0.1056717821295524,0.1400691992041521,0.0003933346741691,0.0044231840261454,0.0223489247312965,0.0106971932729483,0.90951313686235,54.43220016479492,52.3344770304362,0.0106490274900197,56.47999954223633,56.47999954223633,0.9884915418475604,0.473249626159668,0.0084766184961224,55.15999984741211,54.90999984741211,54.90999984741211,-0.0164786307266577,Schwab Fundamental International Equity ETF,P,True,False,False,False,False,False,False,False,False,,False,,,23990886400.0,Global Equity,unknown,115.0,True,,False,True,204.0,True,True,False,148.0,,0,0,False,Global Equity,Global Equity,Global Equity,Global Equity,Global Equity
2026-09-11,BBJP,79.36000061035156,79.71499633789062,79.30000305175781,79.55000305175781,1148010.0,251,91324199.00344849,96857736.73758698,110888381.86617412,0.0015107987677323,0.0643565068968239,0.1581016192220306,0.0102918073183131,0.1046335145832223,0.1136815920000677,1.5548849814245854e-05,0.006733847502914,0.0179732437709489,0.0106676361967262,2.1018642616972723,76.35480010986328,74.08493347167969,0.0062413352115664,79.71499633789062,79.7249984741211,0.9978050119070232,0.9170001983642578,0.011527343346142,76.71499633789062,75.94000244140625,75.94000244140625,-0.0453802699165551,JPMorgan BetaBuilders Japan ETF,Z,True,False,False,False,False,False,False,False,False,,False,,,17599494144.0,Country / Region,unknown,148.0,True,,False,True,169.0,True,True,False,149.0,,0,0,False,Country / Region,Country / Region,Country / Region,Country / Region,Country / Region
2026-09-11,DFAT,70.56999969482422,70.70500183105469,70.16690063476562,70.41999816894531,215965.0,251,15208254.904556274,19406215.996837616,21794608.3753495,-0.0272137206425343,0.0252336076963526,0.1592298443388029,0.0,0.0686748524936865,0.1706362539766925,-0.0,0.0017329142864305,0.0271703841592651,0.0106360287419226,0.1429152725931362,70.95160034179688,67.29207145690918,0.0051719678426793,72.80999755859375,72.80999755859375,0.9671748459032004,0.7256500244140625,0.0103046015802662,69.69000244140625,69.69000244140625,69.69000244140625,-0.0103663127878492,Dimensional U.S. Targeted Value ETF,P,True,False,False,False,False,False,False,False,False,,False,,,14320157696.0,Factor / Style,unknown,179.0,True,,False,True,388.0,True,True,False,150.0,,0,0,False,Factor / Style,Factor / Style,Factor / Style,Factor / Style,Factor / Style
2026-09-11,IDMO,63.060001373291016,63.08000183105469,62.63010025024414,62.88999938964844,377914.0,251,23767011.2293396,19708629.576187897,20516439.76665097,-0.0049050849612141,0.0747883148465349,0.1441984500032134,0.0,0.1196569945888572,0.0939466453556528,-0.0,0.0089489449849015,0.0135469606432867,0.0105582504653363,1.232795910121359,61.44,59.14248446146647,0.0080557639270886,63.880001068115234,63.880001068115234,0.9845021655930912,0.6915000915527344,0.0109953903365207,61.43000030517578,61.43000030517578,61.43000030517578,-0.0232151232094457,Invesco S&P International Developed Momentum ETF,P,True,False,False,False,False,False,False,False,False,,False,,,3922271744.0,Factor / Style,unknown,433.0,True,,False,True,396.0,True,True,False,151.0,,0,0,False,Factor / Style,Factor / Style,Factor / Style,Factor / Style,Factor / Style
2026-09-11,BKLN,20.600000381469727,20.61000061035156,20.59000015258789,20.59000015258789,8482063.0,251,174645678.4642601,150148090.24978352,150918746.67721006,0.0064933430274134,0.0233662087579509,0.0364993555898631,0.4252133882016778,0.4673928089913208,0.2678549912380029,0.0027610563894422,0.0109211979468562,0.0097765345717155,0.010520565765557,1.6693538965635302,20.383398780822755,20.144626592000325,0.0045084680578264,20.6200008392334,20.6200008392334,0.9985450686021106,0.0291006469268241,0.0014133388397846,20.520000457763672,20.427330017089844,20.427330017089844,-0.0079004436276122,Invesco Senior Loan ETF,P,True,False,False,False,False,False,False,False,False,,False,,,7145859584.0,Bond,unknown,306.0,True,,False,True,133.0,True,True,False,152.0,,0,0,False,Bond,Bond,Bond,Bond,Bond
2026-09-11,SHV,110.1500015258789,110.16000366210938,110.13999938964844,110.1500015258789,1921140.0,251,211613573.931427,299311033.6546478,291996291.1169676,0.0025257605143791,0.0089045150870472,0.0177575580102691,0.874038831218762,0.8302330581635512,0.9062595562654924,0.0022076127679264,0.0073928227921827,0.0160929566427452,0.0104378696398796,0.9528109977035112,109.7872882080078,109.02173014322916,0.0014426552666884,110.16000366210938,110.16000366210938,0.9999092035593868,0.0228610507132536,0.0002075447153569,110.02203369140624,109.89243325626111,109.89243325626111,-0.0023383410444824,iShares 0-1 Year Treasury Bond ETF,N,True,False,False,False,False,False,False,False,False,,False,,,20945842176.0,Bond,unknown,131.0,True,,False,True,80.0,True,True,False,153.0,,0,0,False,Bond,Bond,Bond,Bond,Bond
2026-09-11,ARKK,83.62999725341797,84.79000091552734,83.5,83.58000183105469,3263284.0,251,272745282.69525146,406422236.57658845,430086681.3686349,0.0119869903991007,0.1076067167386551,0.1831823690998286,0.0293508796532958,0.0851242493876849,0.0688114897976082,0.0003518287126092,0.0091599409914512,0.0126050517224145,0.0103657297472884,1.1647448876456636,80.06919967651368,76.39060005187989,0.0149036551017522,87.83000183105469,87.83000183105469,0.9516110678424544,2.2994998931884765,0.0275125609333748,82.41999816894531,79.05500030517578,79.05500030517578,-0.0541397634212256,ARK Innovation ETF,Z,True,False,False,False,False,False,False,False,False,,False,,,6534055424.0,Other,unknown,327.0,True,,False,True,68.0,True,True,False,154.0,,0,0,False,Other,Other,Other,Other,Other
2026-09-11,TSPA,48.16999816894531,48.32500076293945,48.16999816894531,48.209999084472656,210610.0,251,10153507.907180786,15543591.36301422,23514056.313446287,-0.0169249962389761,0.0336620865216537,0.1536252220219482,0.0,0.0792529885042862,0.156753627205635,-0.0,0.0026678209561309,0.0240813107822113,0.010162542395259,1.3785957452229185,47.87000007629395,45.66576665242513,0.0055539705590015,49.11000061035156,49.16999816894531,0.9804759178315576,0.3689496994018554,0.00765297047103,47.7400016784668,47.7400016784668,47.7400016784668,-0.009748961106229,T. Rowe Price U.S. Equity Research ETF,P,True,False,False,False,False,False,False,False,False,,False,,,4062119424.0,US Equity,unknown,419.0,True,,False,True,379.0,True,True,False,155.0,,0,0,False,US Equity,US Equity,US Equity,US Equity,US Equity
2026-09-11,XLV,166.8300018310547,167.10000610351562,165.11000061035156,165.36000061035156,6436844.0,251,1064396527.7687378,1313643962.0759215,1528080492.7445312,-0.0179356466616257,0.0778719052056469,0.1106290576858177,0.0,0.1255883354074051,0.0970440260392674,-0.0,0.0097798029497804,0.0107358891547621,0.010114433121524,0.2725479289165974,166.23699951171875,155.13328389485676,0.0179376487565354,176.60000610351562,176.60000610351562,0.9363533119779416,2.5615020751953126,0.0154904575818861,165.11000061035156,165.11000061035156,165.11000061035156,-0.0015118529213669,State Street Health Care Select Sector SPDR ETF,P,True,False,False,False,False,False,False,False,False,,False,,,40598945792.0,Sector,unknown,77.0,True,,False,True,22.0,True,True,False,156.0,,0,0,False,Sector,Sector,Sector,Sector,Sector
2026-09-11,CGXU,35.369998931884766,35.38999938964844,35.21500015258789,35.31999969482422,1202403.0,251,42468873.593055725,35345772.53087578,33299671.68684932,0.0031241298838906,0.0321944915668512,0.2153994001846413,0.0174327289874435,0.048061802376254,0.1208094045679952,5.446210958743934e-05,0.0015473252912899,0.0260222732806098,0.0101135570875519,0.4110374961989637,34.40630004882812,32.73754463195801,0.0031336246612165,36.0,36.0,0.981111102634006,0.4311000823974609,0.0122055517022168,34.30500030517578,34.30500030517578,34.30500030517578,-0.0287372423108253,Capital Group International Focus Equity ETF,P,True,False,False,False,False,False,False,False,False,,False,,,6228755968.0,Global Equity,unknown,342.0,True,,False,True,333.0,True,True,False,157.0,,0,0,False,Global Equity,Global Equity,Global Equity,Global Equity,Global Equity
2026-09-11,SPYG,120.81999969482422,121.16999816894533,120.58999633789062,120.62000274658205,2595992.0,251,313128562.170105,240021061.72521973,269607580.1238118,-0.0225283528761858,0.037360694449247,0.1845160421222729,0.0,0.0631585719451512,0.1328036277066679,-0.0,0.0023596481082935,0.0245043997639141,0.0101103111877607,2.1702035905571506,119.4986001586914,113.00363876342772,0.006074164893056,123.6500015258789,124.04000091552734,0.9724282639172636,1.2085006713867188,0.0100190734858938,119.26000213623048,118.9499969482422,118.9499969482422,-0.0138451812329043,State Street SPDR Portfolio S&P 500 Growth ETF,P,True,False,False,False,False,False,False,False,False,,False,,,52988604416.0,Factor / Style,unknown,53.0,True,,False,True,86.0,True,True,False,158.0,,0,0,False,Factor / Style,Factor / Style,Factor / Style,Factor / Style,Factor / Style
2026-09-11,VOOG,83.91000366210938,84.11499786376953,83.7300033569336,83.73999786376953,772921.0,251,64724402.88886261,81903935.79317054,106497097.82687584,-0.0227565004327092,0.0370078497634414,0.1838775399481598,0.0,0.0624376243030778,0.1324337581065634,-0.0,0.0023106822197945,0.0243515936467245,0.01002500121922,2.14219929306582,82.97239974975587,78.46295822143554,0.006071943183562,85.87000274658203,86.13999938964844,0.9721383614710436,0.8422504425048828,0.0100579229041189,82.80999755859375,82.58999633789062,82.58999633789062,-0.0137330016147093,Vanguard S&P 500 Growth ETF,P,True,False,False,False,False,False,False,False,False,,False,,,26322757632.0,Factor / Style,unknown,104.0,True,,False,True,173.0,True,True,False,159.0,,0,0,False,Factor / Style,Factor / Style,Factor / Style,Factor / Style,Factor / Style
2026-09-11,IVW,139.58999633789062,139.9199981689453,139.27000427246094,139.30999755859375,1061681.0,251,147902777.51800537,178657433.5868988,221806908.27302963,-0.0226602769726192,0.0367296835868147,0.1838100348096285,0.0,0.0619920520307377,0.1324059965116055,-0.0,0.0022769484559863,0.0243375508278017,0.0099981592861217,2.140571910533949,138.02800079345704,130.56120513916017,0.0059807267734428,142.75,143.25999450683594,0.9724277739794712,1.383002471923828,0.0099275177385753,137.74000549316406,137.42999267578125,137.42999267578125,-0.0134951181951012,iShares S&P 500 Growth ETF,P,True,False,False,False,False,False,False,False,False,,False,,,74972356608.0,Factor / Style,unknown,39.0,True,,False,True,105.0,True,True,False,160.0,,0,0,False,Factor / Style,Factor / Style,Factor / Style,Factor / Style,Factor / Style
2026-09-11,AVDV,111.76000213623048,112.08999633789062,111.33000183105467,111.61000061035156,511140.0,251,57048335.7119751,79801526.35186768,89810920.9897771,0.0147353940581886,0.0621178995152458,0.1277554523157116,0.1193923401815898,0.1294360594280942,0.1061730287025506,0.001759293180105,0.0080402961332037,0.0135641833056233,0.0099736566435506,1.5046216053939945,107.46670211791992,104.94304021199544,0.0143916060301874,113.46282336330457,113.46282336330457,0.9836702216811553,1.083949153617708,0.0097119357377476,110.59500122070312,109.16815030448105,109.16815030448105,-0.0218784185334378,Avantis International Small Cap Value ETF,P,True,False,False,False,False,False,False,False,False,,False,,,19221213184.0,Factor / Style,unknown,139.0,True,,False,True,194.0,True,True,False,161.0,,0,0,False,Factor / Style,Factor / Style,Factor / Style,Factor / Style,Factor / Style
2026-09-11,MTUM,306.17999267578125,307.7200012207031,305.6600036621094,307.0400085449219,542349.0,251,166522841.59432983,287642716.5833481,477487437.6349861,-0.0284466356646517,-0.0364589997264834,0.2613971247139361,0.0,0.0,0.1078782152717152,-0.0,-0.0,0.0281990552912973,0.009869669351954,-0.0,307.6496014404297,289.1013758341471,-0.0201337050761725,324.0400085449219,345.5899963378906,0.8884516675787177,5.538999938964844,0.0180399940881139,293.3299865722656,293.3299865722656,293.3299865722656,-0.044652232904854,iShares MSCI USA Momentum Factor ETF,Z,True,False,False,False,False,False,False,False,False,,False,,,29047369728.0,Country / Region,unknown,96.0,True,,False,True,61.0,True,True,False,162.0,,0,0,False,Country / Region,Country / Region,Country / Region,Country / Region,Country / Region
2026-09-11,BOXX,118.16000366210938,118.19000244140624,118.16000366210938,118.19000244140624,2527818.0,251,298762815.59143066,448644880.26607513,335222804.2526124,0.0029701808757023,0.0104300351198696,0.019142892104297,0.6363535482439105,0.7349321175464882,0.7161244911721131,0.0018900851391793,0.00766536779673,0.0137086938677524,0.0097805319215878,1.0683315073925626,117.7384994506836,116.84613291422528,0.0017416267761698,118.19000244140624,118.19000244140624,1.0,0.040750503540039,0.0003447880759647,118.01000213623048,117.83999633789062,117.83999633789062,-0.0029613850265308,Alpha Architect 1-3 Month Box ETF,Z,True,False,False,False,False,False,False,False,False,,False,,,12697272320.0,Other,unknown,199.0,True,,False,True,75.0,True,True,False,163.0,,0,0,False,Other,Other,Other,Other,Other
2026-09-11,URTH,208.1199951171875,208.25999450683597,207.5399932861328,207.69000244140625,483307.0,251,100378032.00994872,84827081.87858887,116644895.71513924,-0.0180605747465338,0.0374065271260353,0.1415720114335241,0.0,0.0959014231196862,0.1502245239395641,-0.0,0.0035873391853519,0.0212675880207677,0.0097754262777474,0.9012590586221396,206.33620025634767,197.02531840006512,0.0074163705199079,211.83999633789065,211.94000244140625,0.9799471550861428,1.467998504638672,0.007068219400945,205.7100067138672,205.7100067138672,205.7100067138672,-0.0095334185770336,iShares MSCI World ETF,P,True,False,False,False,False,False,False,False,False,,False,,,8064359424.0,Country / Region,unknown,283.0,True,,False,True,160.0,True,True,False,164.0,,0,0,False,Country / Region,Country / Region,Country / Region,Country / Region,Country / Region
2026-09-11,MAGS,69.70999908447266,70.31500244140625,69.61000061035156,69.88999938964844,4344879.0,251,303663590.6580963,193472943.61463088,279555559.2910752,0.0204409631996715,0.0767215443934119,0.1466775802264621,0.1232394815507807,0.1006466638120676,0.0915420494106692,0.0025191337071261,0.0077217674857063,0.0134271662965282,0.009718657069494,6.32741833536497,67.32459991455079,65.17640012105306,0.0169111116577791,70.80000305175781,71.16000366210938,0.9821528357630316,0.9337501525878906,0.0133602827406261,67.37000274658203,66.55000305175781,66.55000305175781,-0.0477893313357979,Roundhill Magnificent Seven ETF,Z,True,False,False,False,False,False,False,False,False,,False,,,3602203392.0,Other,unknown,455.0,True,,False,True,84.0,True,True,False,165.0,,0,0,False,Other,Other,Other,Other,Other
2026-09-11,IUSG,190.17999267578125,190.9340057373047,190.08999633789065,190.1000061035156,357684.0,251,67995730.58312988,89857791.97349243,91338284.49602789,-0.0248281331552019,0.0334620239603304,0.1809674412890622,0.0,0.057765106086827,0.1328619546334538,-0.0,0.0019329373639484,0.0240436879746796,0.0096717000777043,1.792263624020563,188.66700042724608,178.57904103597005,0.0054753895204939,195.17999267578125,195.63999938964844,0.971682716707134,1.836199951171875,0.0096591262084021,188.0800018310547,187.92999267578125,187.92999267578125,-0.011415114981915,iShares Core S&P U.S. Growth ETF,Q,True,False,False,False,False,False,False,False,False,,False,,,32221673472.0,Factor / Style,unknown,92.0,True,,False,True,191.0,True,True,False,166.0,,0,0,False,Factor / Style,Factor / Style,Factor / Style,Factor / Style,Factor / Style
2026-09-11,EEMV,75.88999938964844,76.0199966430664,75.7699966430664,75.93000030517578,182595.0,251,13864438.405723572,12314299.000860214,16851147.245305985,0.014971297729355,0.024626226436462,0.1894830462789158,0.1241686550714683,0.0431782788871633,0.1353948718723903,0.0018589659037285,0.0010633180730119,0.025655032772924,0.0096704182179812,0.387880204021547,73.78080017089843,70.84533103942871,0.0024973871420332,76.91000366210938,77.38999938964844,0.9811345251842972,0.7360000610351562,0.0096931391818391,74.9800033569336,74.19999694824219,74.19999694824219,-0.022784187409198,iShares MSCI Emerging Markets Min Vol Factor ETF,Z,True,False,False,False,False,False,False,False,False,,False,,,3654402304.0,Country / Region,unknown,452.0,True,,False,True,414.0,True,True,False,167.0,,0,0,False,Country / Region,Country / Region,Country / Region,Country / Region,Country / Region
2026-09-11,ACWI,160.3699951171875,160.69000244140625,160.02999877929688,160.25,2204406.0,251,353256061.5,308732964.11740416,421824530.56673664,-0.013724740190654,0.0350452936982059,0.1483881507475519,0.0,0.0876185665444913,0.1452258409527224,-0.0,0.0030706183979675,0.0215497939797325,0.0095383298515852,0.9208992881909492,158.67739929199217,151.80245951334635,0.0060613192545273,162.74000549316406,162.8000030517578,0.9843365908847858,1.2065017700195313,0.0075288721998098,158.6999969482422,158.6999969482422,158.6999969482422,-0.0096724059392062,iShares MSCI ACWI ETF,Q,True,False,False,False,False,False,False,False,False,,False,,,33203742720.0,Country / Region,unknown,90.0,True,,False,True,69.0,True,True,False,168.0,,0,0,False,Country / Region,Country / Region,Country / Region,Country / Region,Country / Region
2026-09-11,DIA,525.3699951171875,527.3200073242188,524.2899780273438,525.7899780273438,3276047.0,251,1722512680.1465454,1649216724.3183014,2036678634.6408625,-0.0217212124350543,0.0362253030894264,0.1326010237731301,0.0,0.0988611217161598,0.1543890528019956,-0.0,0.0035812740979285,0.0204721464609084,0.0094930794249715,0.4253313549261741,528.8583264160156,502.9558015950521,0.0043413812922352,537.8341010350777,546.2970287569466,0.9624617201812996,4.3405851550751375,0.0082553592431718,519.7999877929688,519.7999877929688,519.7999877929688,-0.0113923628914499,State Street SPDR Dow Jones Industrial Average ETF Trust,P,True,False,False,False,False,False,False,False,False,,False,,,44062826496.0,US Equity,unknown,69.0,True,,False,True,15.0,True,True,False,169.0,,0,0,False,US Equity,US Equity,US Equity,US Equity,US Equity
2026-09-11,FNDE,42.720001220703125,42.76499938964844,42.56999969482422,42.650001525878906,2174062.0,251,92723747.61735536,69300666.3207634,44714796.08732581,0.0316884704512756,0.0520298527545766,0.1299888602461176,0.3350374199867901,0.1215245429480987,0.117843330386062,0.010616823383323,0.0063229040756568,0.0153183202044908,0.0094712997207487,1.5919878852971376,41.27099960327149,40.19113543192545,0.013052791446954,43.18000030517578,43.18000030517578,0.9877258273378624,0.3372501373291016,0.0079073886345459,41.86000061035156,40.95000076293945,40.95000076293945,-0.0398593365092363,Schwab Fundamental Emerging Markets Equity ETF,P,True,False,False,False,False,False,False,False,False,,False,,,9189189632.0,Country / Region,unknown,261.0,True,,False,True,292.0,True,True,False,170.0,,0,0,False,Country / Region,Country / Region,Country / Region,Country / Region,Country / Region
2026-09-11,MGK,90.0,90.33999633789062,89.80999755859375,89.9000015258789,1038252.0,251,93338856.38424684,95985412.75539246,116096166.0089276,-0.0136054188289842,0.0380622828225378,0.1745785312421719,0.0,0.0635579363754248,0.1271567772146281,-0.0,0.0024191601499382,0.0221988434036178,0.0093420492887261,3.924312352425391,88.53940017700195,84.21170689900715,0.0076744559366401,91.3000030517578,92.28799613204824,0.974124537250191,0.9624996185302734,0.0107063359532113,88.58000183105469,88.05000305175781,88.05000305175781,-0.020578403144838,Vanguard Morningstar Mega Cap Growth ETF,P,True,False,False,False,False,False,False,False,False,,False,,,33301635072.0,Factor / Style,unknown,89.0,True,,False,True,162.0,True,True,False,171.0,,0,0,False,Factor / Style,Factor / Style,Factor / Style,Factor / Style,Factor / Style
2026-09-11,SLYV,107.8000030517578,107.8499984741211,107.01000213623048,107.41000366210938,281309.0,251,30215400.720184326,17874920.91789093,20126025.77841574,-0.0396959756154042,0.0085453578217253,0.1661462467601282,0.0,0.0197572275551097,0.1580977675249398,-0.0,0.0001688325790236,0.026267350695424,0.0093033139197637,0.0184292141234942,109.23339965820313,103.17800328572592,0.0019703574870781,112.4000015258789,112.4000015258789,0.9556050018146962,1.058000564575195,0.0098501119868076,106.56999969482422,106.56999969482422,106.56999969482422,-0.007820537553724,State Street SPDR S&P 600 Small Cap Value ETF,P,True,False,False,False,False,False,False,False,False,,False,,,4830834688.0,Factor / Style,unknown,384.0,True,,False,True,397.0,True,True,False,172.0,,0,0,False,Factor / Style,Factor / Style,Factor / Style,Factor / Style,Factor / Style
2026-09-11,IJS,135.0500030517578,135.3699951171875,134.1300048828125,134.6699981689453,1639293.0,251,220763585.30836487,32790491.45619888,36098963.31989809,-0.0397176775958573,0.008796546807587,0.1667469440874538,0.0,0.0201236564552251,0.1572659865818772,-0.0,0.0001770186859481,0.0262236226714265,0.0092933300808656,0.0194794661700825,136.9339987182617,129.3446787516276,0.0019551179142585,141.17999267578125,141.17999267578125,0.9538886893004302,1.3824981689453124,0.0102658215470601,133.52000427246094,133.52000427246094,133.52000427246094,-0.0085393473833844,iShares S&P SmallCap 600 Value ETF,P,True,False,False,False,False,False,False,False,False,,False,,,8017806848.0,Factor / Style,unknown,287.0,True,,False,True,318.0,True,True,False,173.0,,0,0,False,Factor / Style,Factor / Style,Factor / Style,Factor / Style,Factor / Style
2026-09-11,SILJ,31.299999237060547,31.51000022888184,30.270000457763672,30.489999771118164,3567939.0,251,108786459.29336356,127158539.70692626,113843975.10052632,0.0356657343075064,0.1579946775338452,-0.0863050420422634,0.0690334672531752,0.089926487511156,0.0,0.0024621293013776,0.0142079063960764,-0.0,0.0092351391574497,1.653313424842854,28.09819992065429,29.94113328297933,0.0361915829851637,33.58000183105469,34.72999954223633,0.8779153519434472,1.275999927520752,0.0418497847523583,29.920000076293945,28.6299991607666,28.6299991607666,-0.0610036282162737,Amplify Junior Silver Miners ETF,P,True,False,False,False,False,False,False,False,False,,False,,,3404911360.0,Commodity,unknown,470.0,True,,False,True,166.0,True,True,False,174.0,,0,0,False,Commodity,Commodity,Commodity,Commodity,Commodity
2026-09-11,KRE,74.53500366210938,74.83999633789062,73.12999725341797,73.9000015258789,10364917.0,251,765967382.1156082,890642290.0353076,968201875.289936,-0.0495176652620076,0.0273972355732259,0.178126153195719,0.0,0.0475760699730106,0.1319946070241536,-0.0,0.0013034527966988,0.0235116915917931,0.0090763363749818,0.1009031629033486,75.5193994140625,70.83632586161296,0.0009253004743057,78.23999786376953,78.3499984741211,0.943203611551926,1.1630008697509766,0.0157374945296003,72.41999816894531,72.41999816894531,72.41999816894531,-0.0200271086112943,State Street SPDR S&P Regional Banking ETF,P,True,False,False,False,False,False,False,False,False,,False,,,4740203520.0,Other,unknown,387.0,True,,False,True,31.0,True,True,False,175.0,,0,0,False,Other,Other,Other,Other,Other
2026-09-11,BAI,44.65999984741211,44.7598991394043,44.25,44.5099983215332,1461568.0,251,65054389.22680664,103422539.2208809,153045412.9721428,-0.0442345154990405,-0.0886568758707354,0.3342325391841214,0.0,0.0,0.0774574362456615,-0.0,-0.0,0.0258887955950796,0.0090610784582778,-0.0,44.43879997253418,42.37619998931885,-0.0302964187055508,48.29999923706055,54.459999084472656,0.8172970817075106,1.160844612121582,0.0260805359671286,42.42499923706055,42.42499923706055,42.42499923706055,-0.0468433871736178,iShares A.I. Innovation and Tech Active ETF,P,True,False,False,False,False,False,False,False,False,,False,,,15693548544.0,Industry / Theme,unknown,163.0,True,,False,True,131.0,True,True,False,176.0,,0,0,False,Industry / Theme,Industry / Theme,Industry / Theme,Industry / Theme,Industry / Theme
2026-09-11,SPSM,55.57500076293945,55.720001220703125,55.22499847412109,55.310001373291016,1436518.0,251,79453812.55275726,96109556.36704063,100761291.81172992,-0.0496563462502345,0.0027048272854501,0.1695432055964416,0.0,0.0062474961775776,0.1521923219259997,-0.0,1.6898398126857717e-05,0.0258031741264996,0.0090420949030573,0.0018069047936895,56.855799713134765,53.462222849528,-0.0017632690127298,58.52000045776367,58.59999847412109,0.9438567033020828,0.5544998168945312,0.0100253083190537,54.900001525878906,54.900001525878906,54.900001525878906,-0.0074127614759036,State Street SPDR Portfolio S&P 600 Small Cap ETF,P,True,False,False,False,False,False,False,False,False,,False,,,16915987456.0,Factor / Style,unknown,154.0,True,,False,True,178.0,True,True,False,177.0,,0,0,False,Factor / Style,Factor / Style,Factor / Style,Factor / Style,Factor / Style
2026-09-11,ONEQ,103.68000030517578,104.20999908447266,103.61000061035156,103.77999877929688,296717.0,251,30793289.89779663,19690741.559480287,28845371.60661292,-0.0175139498459205,0.0218777429438825,0.1843583726954136,0.0,0.0361663545009119,0.1305817251868438,-0.0,0.0007912382069882,0.0240738343592062,0.0089401468602645,2.0673798184816525,102.61339996337892,97.71226221720376,0.0039473664056552,105.86000061035156,106.92064958960168,0.9706263399786692,1.0664993286132811,0.0102765401923095,102.44000244140624,102.08000183105467,102.08000183105467,-0.0163807763368496,Fidelity Nasdaq Composite Index ETF,Q,True,False,False,False,False,False,False,False,False,,False,,,10687616000.0,Other,unknown,233.0,True,,False,True,358.0,True,True,False,178.0,,0,0,False,Other,Other,Other,Other,Other
2026-09-11,IJR,142.9199981689453,143.2100067138672,141.99000549316406,142.19000244140625,3781973.0,251,537758750.1033325,381335354.0842224,481391890.7077056,-0.0502938733496058,0.0023180563477753,0.1689462226336464,0.0,0.0053254857519595,0.150988920057178,-0.0,1.2344776052317109e-05,0.0255090077031938,0.0089361768005518,0.0013270589838358,146.2244009399414,137.50898864746094,-0.0017981016968965,150.5,150.69000244140625,0.943592807337666,1.4430015563964844,0.0101484037669323,141.13999938964844,141.13999938964844,141.13999938964844,-0.0073845068832494,iShares Core S&P Small-Cap ETF,P,True,False,False,False,False,False,False,False,False,,False,,,111317172224.0,Other,unknown,25.0,True,,False,True,60.0,True,True,False,179.0,,0,0,False,Other,Other,Other,Other,Other
2026-09-11,QQQM,294.4100036621094,295.4598999023437,293.8699951171875,294.3900146484375,2952405.0,251,869158551.1981201,744163835.679718,933812465.2996053,-0.0232904977551492,-0.000980629639,0.2000270195328084,0.0,0.0,0.1273159174608885,-0.0,-0.0,0.0254666235087865,0.0089133182280753,-0.0,292.51060180664064,277.1535169474284,-0.0023978432347986,302.45001220703125,307.85374142464434,0.9562658335289308,3.217198181152344,0.0109283536161861,290.1499938964844,289.3900146484375,289.3900146484375,-0.0169842717184923,Invesco NASDAQ 100 ETF,Q,True,False,False,False,False,False,False,False,False,,False,,,101307228160.0,US Equity,unknown,26.0,True,,False,True,32.0,True,True,False,180.0,,0,0,False,US Equity,US Equity,US Equity,US Equity,US Equity
2026-09-11,VIOO,132.42999267578125,132.82000732421875,131.72500610351562,131.80999755859375,91028.0,251,11998400.457763672,10958389.163894651,10808211.14979093,-0.0504971142182184,0.0020526401569262,0.1686319397879179,0.0,0.0046352652657923,0.1503319770430661,-0.0,9.514531622570971e-06,0.0253507729009249,0.0088789549608784,0.0010311782654299,135.54899963378907,127.47233301798502,-0.0017703891905131,139.47999572753906,139.6999969482422,0.9435218356334566,1.3025001525878903,0.0098816491670814,130.8800048828125,130.8800048828125,130.8800048828125,-0.0070555549124249,Vanguard S&P Small-Cap 600 ETF,P,True,False,False,False,False,False,False,False,False,,False,,,6406161408.0,Other,unknown,335.0,True,,False,True,448.0,True,True,False,181.0,,0,0,False,Other,Other,Other,Other,Other
2026-09-11,QQQ,715.4400024414062,717.6199951171875,713.6500244140625,714.8800048828125,26176978.0,251,18713398160.457275,21904713846.675514,27174910135.813328,-0.0234813641720376,-0.002028050178266,0.1997589540992552,0.0,0.0,0.1259689394204624,-0.0,-0.0,0.025163423587624,0.0088071982556684,-0.0,710.4063989257812,673.1725850423177,-0.0024532336243869,734.5800170898438,747.828194840854,0.9559414980802464,7.868002319335938,0.0110060461414439,704.6599731445312,702.7000122070312,702.7000122070312,-0.0170378141682363,"Invesco QQQ Trust, Series 1",Q,True,False,False,False,False,False,False,False,False,,False,,,490103177216.0,Other,unknown,6.0,True,,False,True,2.0,True,True,False,182.0,,0,0,False,Other,Other,Other,Other,Other
2026-09-11,VT,160.02000427246094,160.33999633789062,159.75999450683594,159.94000244140625,2080155.0,251,332699995.7785034,310481953.7538452,417961150.8648924,-0.0150871171713198,0.031539021049272,0.1447513947313268,0.0,0.0782249653334518,0.1415436832124635,-0.0,0.0024671388282303,0.0204886455604131,0.0087746661844943,0.7637355396002363,158.53639953613282,151.88749399820964,0.0058871162933984,162.7100067138672,162.7100067138672,0.9829758210425736,1.1550003051757811,0.0072214598445996,158.41000366210938,158.41000366210938,158.41000366210938,-0.0095660795044528,Vanguard Total World Stock Index ETF,P,True,False,False,False,False,False,False,False,False,,False,,,96774266880.0,Global Equity,unknown,28.0,True,,False,True,70.0,True,True,False,183.0,,0,0,False,Global Equity,Global Equity,Global Equity,Global Equity,Global Equity
2026-09-11,CGUS,44.81999969482422,44.81999969482422,44.57989883422852,44.630001068115234,986735.0,251,44037984.103946686,60742285.77528858,50505998.66817686,-0.0377317800711106,0.0283753506078667,0.1375790032212398,0.0,0.0739368642663492,0.150107859610008,-0.0,0.0020979844464039,0.0206516897008187,0.008591781285449,0.6465383746137193,44.91669990539551,42.724275741577145,0.0045072474931748,46.34799957275391,46.79600143432617,0.9537139862419504,0.333799934387207,0.0074792723817719,44.290000915527344,44.290000915527344,44.290000915527344,-0.007618197276513,Capital Group Core Equity ETF,P,True,False,False,False,False,False,False,False,False,,False,,,11122103296.0,Other,unknown,225.0,True,,False,True,278.0,True,True,False,184.0,,0,0,False,Other,Other,Other,Other,Other
2026-09-11,VO,81.12999725341797,81.28990173339844,80.86499786376953,81.02999877929688,1722077.0,251,139539897.20785522,180289183.0907547,230154012.3769764,-0.0381054032036393,0.02830033310855,0.1287679618754693,0.0,0.0843835118153198,0.1561498890672433,-0.0,0.0023880814932428,0.0201071029622695,0.0085897390074021,0.2320916833866086,81.7563996887207,77.90590596516927,0.0039517097418362,84.58999633789062,84.58999633789062,0.9579146741610732,0.6774944305419922,0.0083610322195277,80.37000274658203,80.37000274658203,80.37000274658203,-0.0081450825948113,Vanguard Morningstar Mid-Cap ETF,P,True,False,False,False,False,False,False,False,False,,False,,,223974162432.0,Other,unknown,11.0,True,,False,True,100.0,True,True,False,185.0,,0,0,False,Other,Other,Other,Other,Other
2026-09-11,VPL,118.26000213623048,118.45999908447266,117.83999633789062,118.0999984741211,375234.0,251,44315134.827438354,49203341.91444473,47441257.33245389,0.0139079247123927,0.0333362282620834,0.2065795033519684,0.0731044607161989,0.0417716987255626,0.1058971455020696,0.0010167313357809,0.0013925108836103,0.0218761797242086,0.0085617949778197,0.955627742684404,113.05839965820311,109.26259994506836,0.0007364400571701,118.98999786376952,121.2300033569336,0.9741812686947064,1.6515003204345704,0.0139839148329579,113.73999786376952,113.08000183105467,113.08000183105467,-0.0425063226750711,Vanguard FTSE Pacific ETF,P,True,False,False,False,False,False,False,False,False,,False,,,13825753088.0,Country / Region,unknown,183.0,True,,False,True,281.0,True,True,False,186.0,,0,0,False,Country / Region,Country / Region,Country / Region,Country / Region,Country / Region
2026-09-11,SMMD,88.91999816894531,89.07499694824219,88.47000122070312,88.5999984741211,460456.0,251,40796400.8973999,25974979.75853882,23435801.472003754,-0.0483351243152905,-0.0008837458642164,0.171166382169436,0.0,0.0,0.1427346240418606,-0.0,-0.0,0.0244313692075598,0.0085509792226459,-0.0,90.5929002380371,85.52380228678385,-0.0017267274895497,93.41999816894533,93.41999816894533,0.9484050547067288,0.9393482208251952,0.0106021245711371,87.91999816894531,87.91999816894531,87.91999816894531,-0.0076749471431921,iShares Russell 2500 ETF,Z,True,False,False,False,False,False,False,False,False,,False,,,3622894592.0,Other,unknown,453.0,True,,False,True,380.0,True,True,False,187.0,,0,0,False,Other,Other,Other,Other,Other
2026-09-11,FV,72.08000183105469,72.38990020751953,72.0,72.08999633789062,48741.0,251,3513738.511505127,5241381.378471375,4771891.983005584,-0.0234354289364063,-0.0100731996316446,0.1876533314412622,0.0,0.0,0.1292142399580206,-0.0,-0.0,0.0242474825977732,0.0084866189092206,-0.0,72.08497985839844,68.5821543375651,-0.0020543965215286,74.62000274658203,76.08000183105469,0.947555134107063,0.8162952423095703,0.0113232803964025,71.45999908447266,71.45999908447266,71.45999908447266,-0.0087390384993936,First Trust Dorsey Wright Focus 5 ETF,Q,True,False,False,False,False,False,False,False,False,,False,,,3943691776.0,Other,unknown,431.0,True,,False,True,466.0,False,False,False,188.0,,0,0,False,Other,Other,Other,Other,Other
2026-09-11,SCHV,34.529998779296875,34.560001373291016,34.38999938964844,34.4900016784668,2621743.0,251,90423920.47050858,99106784.6374361,112392933.69313322,-0.0237758309949913,0.0151730033853894,0.1360309336349565,0.0,0.0446388990740832,0.1678025350527142,-0.0,0.0006773061667711,0.0228263355095332,0.0084294664367378,0.099968442582042,34.53020027160645,32.969434865315755,9.845106798178628e-05,35.4900016784668,35.4900016784668,0.9718230500787284,0.2450000762939453,0.00710351012963,34.189998626708984,34.189998626708984,34.189998626708984,-0.008698261442681,Schwab U.S. Large-Cap Value ETF,P,True,False,False,False,False,False,False,False,False,,False,,,15930595328.0,Factor / Style,unknown,161.0,True,,False,True,167.0,True,True,False,189.0,,0,0,False,Factor / Style,Factor / Style,Factor / Style,Factor / Style,Factor / Style
2026-09-11,FBCG,61.810001373291016,62.036399841308594,61.68000030517578,61.709999084472656,468919.0,251,28936991.060691837,30816177.359812547,36393721.45864783,-0.0243478405616971,0.0134669026612541,0.1931554065735523,0.0,0.0204743900106601,0.1218589476090162,-0.0,0.0002757266173221,0.0235377145700447,0.008417422400775,0.6534824422096867,61.3426000213623,58.26250005086263,0.0015756107776523,63.52000045776367,64.31999969482422,0.959421632109218,0.7412202835083008,0.0120113481527308,60.650001525878906,60.5989990234375,60.5989990234375,-0.0180035663185531,Fidelity Blue Chip Growth ETF,Z,True,False,False,False,False,False,False,False,False,,False,,,6965341696.0,Factor / Style,unknown,312.0,True,,False,True,317.0,True,True,False,190.0,,0,0,False,Factor / Style,Factor / Style,Factor / Style,Factor / Style,Factor / Style
2026-09-11,VUG,88.06999969482422,88.4551010131836,87.91999816894531,88.0199966430664,4685960.0,251,412458183.46954346,424960229.4637375,579698977.0723882,-0.0190572456245768,0.0352162369027204,0.1625090297069169,0.0,0.0609374536622917,0.1231129655753622,-0.0,0.0021459878044198,0.0200069685799931,0.0083973310758704,4.021043005490747,87.05099990844727,83.03564107259115,0.0072442817765367,89.9000015258789,90.4996337030468,0.97260058457124,0.9197544097900392,0.0104493801961817,86.8499984741211,86.6500015258789,86.6500015258789,-0.0155645895187093,Vanguard Morningstar Growth ETF,P,True,False,False,False,False,False,False,False,False,,False,,,379207221248.0,Factor / Style,unknown,8.0,True,,False,True,49.0,True,True,False,191.0,,0,0,False,Factor / Style,Factor / Style,Factor / Style,Factor / Style,Factor / Style
2026-09-11,MOAT,109.05999755859376,109.0250015258789,108.29000091552734,108.54000091552734,456106.0,251,49505745.65757752,56780936.20389176,68102761.23135643,-0.0504767453967338,0.0593402487349434,0.1026005508292509,0.0,0.1195908820652544,0.1039308013036384,-0.0,0.0070965526881834,0.0106633574618787,0.0083449343589768,0.3116206390559051,109.80719970703124,104.28439982096354,0.0166109619317051,115.58000183105467,115.58000183105467,0.939089800969048,1.2217498779296876,0.0112562176858698,108.16000366210938,108.16000366210938,108.16000366210938,-0.0035009881169404,VanEck Morningstar Wide Moat ETF,Z,True,False,False,False,False,False,False,False,False,,False,,,11624555520.0,Other,unknown,209.0,True,,False,True,229.0,True,True,False,192.0,,0,0,False,Other,Other,Other,Other,Other
2026-09-11,DXJ,176.72000122070312,177.6999969482422,176.52000427246094,177.22000122070312,225936.0,251,40040378.19580078,51068561.23202515,56496491.75089034,-0.0296758551634801,0.0499481321939743,0.1380187034494706,0.0,0.085568998256608,0.1127669619098009,-0.0,0.004274011636627,0.0155639498747265,0.0082254900199618,0.8768343896606715,176.94180053710937,168.74079762776694,0.0040108683443911,182.6100006103516,183.1100006103516,0.9678335461197336,2.0680000305175783,0.011669111930217,172.92999267578125,172.92999267578125,172.92999267578125,-0.0242072481400068,WisdomTree Japan Hedged Equity Fund,P,True,False,False,False,False,False,False,False,False,,False,,,7079662592.0,Country / Region,unknown,307.0,True,,False,True,259.0,True,True,False,193.0,,0,0,False,Country / Region,Country / Region,Country / Region,Country / Region,Country / Region
2026-09-11,ESGE,54.97999954223633,55.040000915527344,54.770599365234375,54.86000061035156,514040.0,251,28200234.71374512,35020987.80450821,37408111.09849839,0.0221725821130138,0.0187269769879323,0.2141022817192559,0.117126094377608,0.0230253726252683,0.10578167382751,0.0025969879451641,0.0004311956232919,0.0226480977305519,0.0082071113608329,0.3438315458442517,52.91769996643066,51.08883097330729,0.0003478328828321,55.915000915527344,57.11000061035156,0.9606023467702052,0.7585004806518555,0.0138261114147478,53.720001220703125,52.44499969482422,52.44499969482422,-0.0440211609307138,iShares ESG Aware MSCI EM ETF,Q,True,False,False,False,False,False,False,False,False,,False,,,6917690880.0,Country / Region,unknown,313.0,True,,False,True,315.0,True,True,False,194.0,,0,0,False,Country / Region,Country / Region,Country / Region,Country / Region,Country / Region
2026-09-11,SLYG,111.86000061035156,112.0,111.0999984741211,111.1500015258789,132274.0,251,14702255.301834106,12478741.837395478,14042846.177918209,-0.0608364768996306,-0.0049728637090432,0.1700417366855893,0.0,0.0,0.1365950138484854,-0.0,-0.0,0.0232268533773885,0.008129398682086,-0.0,115.6484001159668,108.32201548258465,-0.0056858914014731,119.20999908447266,119.83999633789062,0.9274866899402252,1.1184993743896483,0.010062972191046,110.38999938964844,110.38999938964844,110.38999938964844,-0.0068376259630866,State Street SPDR S&P 600 Small Cap Growth ETF,P,True,False,False,False,False,False,False,False,False,,False,,,5195253248.0,Factor / Style,unknown,370.0,True,,False,True,432.0,True,True,False,195.0,,0,0,False,Factor / Style,Factor / Style,Factor / Style,Factor / Style,Factor / Style
2026-09-11,GSIE,47.61000061035156,47.65499877929688,47.44990158081055,47.45000076293945,254403.0,251,12071422.544094086,16585374.094409753,19219122.434410155,-0.0165802950686123,0.0463361298477258,0.1133665843759601,0.0,0.121727183790835,0.1106992338336809,-0.0,0.0056403665941301,0.0125495940327601,0.0080585961976506,0.5106379177433342,47.173700180053714,45.38368136088054,0.0097719395787958,48.4900016784668,48.4900016784668,0.978552260682037,0.3833003997802734,0.008077985113114,47.05500030517578,47.05500030517578,47.05500030517578,-0.0083245616736045,Goldman Sachs ActiveBeta International Equity ETF,P,True,False,False,False,False,False,False,False,False,,False,,,5800200704.0,Global Equity,unknown,355.0,True,,False,True,401.0,True,True,False,196.0,,0,0,False,Global Equity,Global Equity,Global Equity,Global Equity,Global Equity
2026-09-11,IJT,166.89999389648438,167.9940948486328,166.4499969482422,166.4600067138672,1163403.0,251,193660071.19093323,39451945.4820015,38040159.04927789,-0.0615627346281769,-0.0055268346565022,0.1694087450720895,0.0,0.0,0.1355622760317806,-0.0,-0.0,0.0229654350616601,0.008037902271581,-0.0,173.30320007324218,162.32470174153647,-0.005754244456308,178.6199951171875,179.67999267578125,0.9264248302493616,1.6867034912109375,0.0101327851927235,165.4199981689453,165.4199981689453,165.4199981689453,-0.0062477982877267,iShares S&P SmallCap 600 Growth ETF,Q,True,False,False,False,False,False,False,False,False,,False,,,8216008192.0,Factor / Style,unknown,278.0,True,,False,True,310.0,True,True,False,197.0,,0,0,False,Factor / Style,Factor / Style,Factor / Style,Factor / Style,Factor / Style
2026-09-11,BLCR,49.290000915527344,49.42990112304688,49.2400016784668,49.2599983215332,306006.0,251,15073855.04637909,18702185.58246193,20591051.07370879,-0.0268668636714435,0.0050553927146554,0.1728705253316054,0.0,0.0093402547248073,0.1318098043328808,-0.0,4.721865568881783e-05,0.0227860301188812,0.0080058026678061,0.2313690973936392,49.367399826049805,47.10300005594889,-0.0018520398082337,50.93000030517578,51.02000045776367,0.9655036824688492,0.4473943710327148,0.0090823058521531,48.75400161743164,48.64699935913086,48.64699935913086,-0.0124441531321445,iShares Large Cap Core Active ETF,Q,True,False,False,False,False,False,False,False,False,,False,,,6449013248.0,Factor / Style,unknown,333.0,True,,False,True,395.0,True,True,False,198.0,,0,0,False,Factor / Style,Factor / Style,Factor / Style,Factor / Style,Factor / Style
2026-09-11,CORO,37.18000030517578,37.2400016784668,37.0099983215332,37.09000015258789,864727.0,251,32072724.56194687,26328347.2408041,30319601.600681305,-0.0042952979171035,0.031117563204319,0.1601872017770829,0.0,0.0597554292431226,0.1203124936984589,-0.0,0.001859443346274,0.019272521704379,0.0079540207716108,0.5330217728074239,36.39280036926269,34.96999080657959,0.0046777968577584,37.65999984741211,37.65999984741211,0.9848645858435024,0.3970502853393555,0.0107050494393608,36.4900016784668,36.4900016784668,36.4900016784668,-0.0161768258736237,iShares International Country Rotation Active ETF,Q,True,False,False,False,False,False,False,False,False,,False,,,7762802688.0,Global Equity,unknown,291.0,True,,False,True,345.0,True,True,False,199.0,,0,0,False,Global Equity,Global Equity,Global Equity,Global Equity,Global Equity
2026-09-11,VTWO,117.5199966430664,117.79000091552734,116.73999786376952,116.76000213623048,1051025.0,251,122717681.24523164,144248503.96159172,178956790.29804716,-0.0483331990151993,-0.0026394528634032,0.1733192724852816,0.0,0.0,0.1308364682035638,-0.0,-0.0,0.0226764814835853,0.0079367685192548,-0.0,119.7652001953125,112.94312723795574,-0.0028124172598874,123.37000274658205,123.37000274658205,0.9464213304434356,1.2295005798339844,0.0105301520840968,116.08999633789062,116.08999633789062,116.08999633789062,-0.0057383160849732,Vanguard Russell 2000 ETF,Q,True,False,False,False,False,False,False,False,False,,False,,,18552160256.0,US Equity,unknown,140.0,True,,False,True,119.0,True,True,False,200.0,,0,0,False,US Equity,US Equity,US Equity,US Equity,US Equity
2026-09-11,IWR,109.83000183105467,110.07270050048828,109.56500244140624,109.86000061035156,1114793.0,251,122471159.66041563,124870538.04188156,194921097.26222327,-0.0422805205547037,0.0225845246384541,0.1362965254328905,0.0,0.0583165411400941,0.1482956220680233,-0.0,0.0013170513602078,0.0202121780247806,0.0079303456928083,0.1284835770848231,111.27040008544924,105.73053700764974,0.0031246678933514,114.97000122070312,114.97000122070312,0.9555536178473016,0.9361351013183594,0.0085211641736524,108.88999938964844,108.88999938964844,108.88999938964844,-0.0088294303232665,iShares Russell Mid-Cap ETF,P,True,False,False,False,False,False,False,False,False,,False,,,56977440768.0,Other,unknown,51.0,True,,False,True,116.0,True,True,False,201.0,,0,0,False,Other,Other,Other,Other,Other
2026-09-11,INTF,42.810001373291016,42.82500076293945,42.65999984741211,42.709999084472656,157965.0,251,6746685.005378723,10170887.432966232,10356247.586522784,-0.0127138062505836,0.0434483973394146,0.1209601344330777,0.0,0.1089686174121659,0.1141670257561668,-0.0,0.0047345117868504,0.0138096587832905,0.0079108132356044,0.537394287441556,42.253720169067385,40.72425018310547,0.0097211474219252,43.4900016784668,43.4900016784668,0.9820647835389636,0.3375501632690429,0.0079033053267322,42.27000045776367,42.27000045776367,42.27000045776367,-0.0103020050606591,iShares International Equity Factor ETF,P,True,False,False,False,False,False,False,False,False,,False,,,3470813184.0,Factor / Style,unknown,466.0,True,,False,True,451.0,True,True,False,202.0,,0,0,False,Factor / Style,Factor / Style,Factor / Style,Factor / Style,Factor / Style
2026-09-11,IWM,290.7099914550781,291.44000244140625,288.7699890136719,288.8900146484375,26292158.0,251,7595541909.759033,5365306242.200598,6301103324.75527,-0.0481383372374382,-0.0028682547296708,0.1725157353605657,0.0,0.0,0.1303292488204219,-0.0,-0.0,0.0224838461992452,0.0078693461697358,-0.0,296.2806018066406,279.5532925415039,-0.0030807888968731,305.17999267578125,305.17999267578125,0.9466217366200348,3.0704986572265627,0.0106286077798956,287.17999267578125,287.17999267578125,287.17999267578125,-0.0059192837618055,iShares Russell 2000 Index Fund,P,True,False,False,False,False,False,False,False,False,,False,,,82970353664.0,US Equity,unknown,35.0,True,,False,True,3.0,True,True,False,203.0,,0,0,False,US Equity,US Equity,US Equity,US Equity,US Equity
2026-09-11,QUAL,220.1000061035156,220.7100067138672,219.78640747070312,220.1999969482422,1025957.0,251,225915728.2690277,189716304.84225383,233357889.84976608,-0.0307245177945776,0.021734853115358,0.1266124713292455,0.0,0.0641107088842025,0.1560864452240285,-0.0,0.0013934368407196,0.0197624905708111,0.0078226056462516,0.2409749741666534,221.22200073242183,210.69873077392575,0.0053415961982294,226.8300018310547,227.32000732421875,0.9686784702332798,1.5884979248046875,0.0072138871336045,217.9199981689453,217.9199981689453,217.9199981689453,-0.0103542180331309,iShares MSCI USA Quality Factor ETF,Z,True,False,False,False,False,False,False,False,False,,False,,,45917487104.0,Country / Region,unknown,66.0,True,,False,True,96.0,True,True,False,204.0,,0,0,False,Country / Region,Country / Region,Country / Region,Country / Region,Country / Region
2026-09-11,VIG,239.88999938964844,240.1300048828125,238.9750061035156,239.42999267578125,787651.0,251,188587273.16107175,208051162.5186035,249491711.77435595,-0.029114828744982,0.0254666782297252,0.1068370054531069,0.0,0.0951422821246598,0.1669185441207636,-0.0,0.0024229578849104,0.0178330774084546,0.0078164997181509,0.2903893695904105,241.19939910888672,230.86676818847656,0.0052257553096846,246.5399932861328,247.4499969482422,0.9675893943367538,1.5690017700195311,0.0065530711189728,237.55999755859372,237.55999755859372,237.55999755859372,-0.0078101957749282,Vanguard Div Appreciation ETF,P,True,False,False,False,False,False,False,False,False,,False,,,129462992896.0,Other,unknown,20.0,True,,False,True,93.0,True,True,False,205.0,,0,0,False,Other,Other,Other,Other,Other
2026-09-11,DFAS,80.71499633789062,80.89119720458984,80.34500122070312,80.5199966430664,438245.0,251,35287485.92884064,34880996.42424202,38270334.74551791,-0.0433646382949023,0.0133115076953327,0.1513256822045583,0.0,0.0316408160433541,0.1421123455531656,-0.0,0.0004211869662477,0.0215052476405227,0.0078006082022439,0.0451824074747604,81.915,77.75038609822592,0.0008861575836009,84.5199966430664,84.5199966430664,0.9526739214520764,0.7697093963623047,0.009559232842176,79.83399963378906,79.83399963378906,79.83399963378906,-0.0085195856666296,Dimensional U.S. Small Cap ETF,P,True,False,False,False,False,False,False,False,False,,False,,,15242885120.0,Factor / Style,unknown,169.0,True,,False,True,309.0,True,True,False,206.0,,0,0,False,Factor / Style,Factor / Style,Factor / Style,Factor / Style,Factor / Style
2026-09-11,RSP,214.9850006103516,215.3300018310547,214.33999633789065,214.8699951171875,5280593.0,251,1134640992.1258545,1252263221.393631,1694220514.399758,-0.0352893672209581,0.0283773377116798,0.1193386406927032,0.0,0.0789513304642722,0.1509122371610554,-0.0,0.002240428567371,0.0180096612466952,0.0077596600051345,0.1739922639467698,217.3179989624024,206.72710520426432,0.006225415133523,223.44000244140625,223.44000244140625,0.961645152029274,1.7535018920898438,0.0081607573506645,213.02999877929688,213.02999877929688,213.02999877929688,-0.0085633005059041,Invesco S&P 500 Equal Weight ETF,P,True,False,False,False,False,False,False,False,False,,False,,,93655826432.0,Factor / Style,unknown,34.0,True,,False,True,20.0,True,True,False,207.0,,0,0,False,Factor / Style,Factor / Style,Factor / Style,Factor / Style,Factor / Style
2026-09-11,XT,81.30999755859375,81.41999816894531,81.06300354003906,81.20999908447266,60625.0,251,4923356.194496155,4957195.207452774,6295307.290349687,-0.0302125488874831,0.0077888940541124,0.1737258956775278,0.0,0.0138006292457522,0.1262985414906392,-0.0,0.0001074916390752,0.0219413272432267,0.0077493341005282,0.0868506242136898,81.5762400817871,77.19605677286783,0.0011101348629782,83.70999908447266,83.88999938964844,0.9680533993959418,0.8430004119873047,0.0103805002030653,80.48999786376953,80.48999786376953,80.48999786376953,-0.008865918345279,iShares Future Exponential Technologies ETF,Q,True,False,False,False,False,False,False,False,False,,False,,,3962071552.0,Other,unknown,429.0,True,,False,True,462.0,True,True,False,208.0,,0,0,False,Other,Other,Other,Other,Other
2026-09-11,XMHQ,114.83000183105467,114.91000366210938,114.4000015258789,114.75,128812.0,251,14781177.0,17404817.135331728,18955399.78563145,-0.0415135413467041,0.0367180058966842,0.1287666520247201,0.0,0.0875903695284999,0.1250953189787332,-0.0,0.0032161437048402,0.0161081054088559,0.0077283303012457,0.2045958564075852,116.09619995117188,110.29507619222004,0.0093104975850719,119.98999786376952,119.98999786376952,0.9563297111671027,1.1164993286132812,0.0097298416436887,114.02999877929688,114.02999877929688,114.02999877929688,-0.0062745204418572,Invesco S&P MidCap Quality ETF,P,True,False,False,False,False,False,False,False,False,,False,,,5417101824.0,Factor / Style,unknown,364.0,True,,False,True,403.0,True,True,False,209.0,,0,0,False,Factor / Style,Factor / Style,Factor / Style,Factor / Style,Factor / Style
2026-09-11,SCHA,34.0,34.060001373291016,33.749900817871094,33.790000915527344,4111717.0,251,138934921.19438934,98316522.7252163,83243839.14101507,-0.0438596273448811,-0.0160499506072481,0.1793998483982823,0.0,0.0,0.1216080333071261,-0.0,-0.0,0.0218164627393117,0.007635761958759,-0.0,34.448400039672855,32.6743944422404,-0.0069522219151975,35.86000061035156,36.20000076293945,0.9334254199828802,0.4034997940063476,0.01194139636205,33.599998474121094,33.599998474121094,33.599998474121094,-0.0056230374743475,Schwab U.S. Small-Cap ETF,P,True,False,False,False,False,False,False,False,False,,False,,,24157184000.0,Other,unknown,114.0,True,,False,True,205.0,True,True,False,210.0,,0,0,False,Other,Other,Other,Other,Other
2026-09-11,SMLF,86.18000030517578,86.39179992675781,85.95999908447266,86.12000274658203,115225.0,251,9923177.316474916,15814349.309167862,14179964.97382815,-0.0479664478357363,-0.0011028828754845,0.1628072349202274,0.0,0.0,0.1333975429889158,-0.0,-0.0,0.0217180851191775,0.0076013297917121,-0.0,87.86897979736328,83.23804880777995,-0.0012026158647721,90.73500061035156,90.73500061035156,0.9491376223868891,0.8674400329589844,0.0100724570981671,85.26000213623047,85.26000213623047,85.26000213623047,-0.0099860727232233,iShares U.S. Small-Cap Equity Factor ETF,P,True,False,False,False,False,False,False,False,False,,False,,,4182715648.0,Factor / Style,unknown,413.0,True,,False,True,430.0,True,True,False,211.0,,0,0,False,Factor / Style,Factor / Style,Factor / Style,Factor / Style,Factor / Style
2026-09-11,EFAV,94.02999877929688,94.25,93.87000274658205,93.9800033569336,508603.0,251,47798511.6473465,36081901.53840675,45174168.94299232,0.006533154036711,0.05236535898575,0.0628785510509972,0.0695552168587495,0.1667550390629569,0.0871588403922259,0.000454414945795,0.0087321874832145,0.0054804215951483,0.0075940694223913,0.8103276749826721,92.51520004272462,90.5704938252767,0.0147303694017839,95.33999633789062,95.33999633789062,0.9857353363415589,0.6620002746582031,0.007044054596848,93.18000030517578,93.01000213623048,93.01000213623048,-0.0103213575873059,iShares MSCI EAFE Min Vol Factor ETF,Z,True,False,False,False,False,False,False,False,False,,False,,,5082040320.0,Country / Region,unknown,375.0,True,,False,True,289.0,True,True,False,212.0,,0,0,False,Country / Region,Country / Region,Country / Region,Country / Region,Country / Region
2026-09-11,GRNY,27.84000015258789,27.93000030517578,27.76499938964844,27.790000915527344,1065295.0,251,29604549.0253067,33303392.35743332,37919548.84239318,-0.0148882730441664,0.0342395906757782,0.1407178805111901,0.0,0.0700247490830877,0.121663634897202,-0.0,0.0023976187457789,0.0171202488380215,0.0075505392780638,1.1993226439874145,27.649999885559083,26.444577509562176,0.0040900409585222,28.38500022888184,28.38500022888184,0.9790382487737632,0.2990497589111328,0.0107610561014426,27.30500030517578,27.30500030517578,27.30500030517578,-0.0174523423668033,Fundstrat Granny Shots US Large Cap ETF,P,True,False,False,False,False,False,False,False,False,,False,,,4392313856.0,Factor / Style,unknown,403.0,True,,False,True,311.0,True,True,False,213.0,,0,0,False,Factor / Style,Factor / Style,Factor / Style,Factor / Style,Factor / Style
2026-09-11,VXF,238.41000366210935,238.7400054931641,237.2400054931641,237.75999450683597,366367.0,251,87107415.90748596,73104330.14763871,97896583.86591664,-0.0490361153352536,0.0040188877608433,0.1635975114796479,0.0,0.0081759742420959,0.1312851266153711,-0.0,3.28583228145299e-05,0.0214779200085652,0.0075386299128272,0.0052155996712574,241.83179931640623,228.73400634765625,-0.0010057319671227,250.75,250.75,0.9481953918517884,2.4065010070800783,0.0101215556135575,235.8600006103516,235.8600006103516,235.8600006103516,-0.0079912261960863,Vanguard Extended Market ETF,P,True,False,False,False,False,False,False,False,False,,False,,,97684774912.0,Other,unknown,27.0,True,,False,True,182.0,True,True,False,214.0,,0,0,False,Other,Other,Other,Other,Other
2026-09-11,AAXJ,117.94000244140624,118.04000091552734,117.47000122070312,117.6500015258789,361268.0,251,42503180.75125122,50462870.073977664,58407592.8662773,0.015011628063112,0.0072694228114866,0.210003216344649,0.0782372678550539,0.0085104033544249,0.0994342774624802,0.0011744687657141,6.186572027960928e-05,0.020881518082027,0.0073487440468912,0.0778150005202897,114.2920001220703,110.09107162475586,-0.0022017715795589,120.0999984741211,124.88999938964844,0.9420290023288316,1.718000411987305,0.0146026382465401,115.73999786376952,113.30999755859376,113.30999755859376,-0.0368891110156976,iShares MSCI All Country Asia ex Japan ETF,Q,True,False,False,False,False,False,False,False,False,,False,,,3970623744.0,Country / Region,unknown,426.0,True,,False,True,256.0,True,True,False,215.0,,0,0,False,Country / Region,Country / Region,Country / Region,Country / Region,Country / Region
2026-09-11,BSCQ,19.549999237060547,19.559999465942383,19.549999237060547,19.55500030517578,1548627.0,251,30283401.45760345,19984234.55046692,18329574.257681224,0.0031781890574835,0.0095656361056433,0.0202645744270195,0.6080648482692775,0.5537239075663782,0.5446489944715326,0.0019325450470098,0.0052967214027748,0.0110370800850697,0.007305846941578,1.0079528220327492,19.47800804138184,19.330602798461918,0.0014958114437517,19.559999465942383,19.559999465942383,0.9997444191767332,0.0155848614597937,0.0007969757717502,19.520000457763672,19.488062490102944,19.488062490102944,-0.0034230536450117,Invesco BulletShares 2026 Corporate Bond ETF,Q,True,False,False,False,False,False,False,False,False,,False,,,3705947392.0,Bond,unknown,448.0,True,,False,True,406.0,True,True,False,216.0,,0,0,False,Bond,Bond,Bond,Bond,Bond
2026-09-11,FLOT,50.93999862670898,50.95000076293945,50.93000030517578,50.93999862670898,1834367.0,251,93442652.46088028,94085100.4955492,99849242.17696448,0.0033611388244332,0.0096804791621694,0.0235168082646497,0.591479458937709,0.5401972945832595,0.4578533855623951,0.0019880445732902,0.0052293686536735,0.0107672502815916,0.0071676272234448,0.972240513527736,50.74438041687012,50.29968226114909,0.00158433069419,50.95000076293945,50.95000076293945,0.9998036872211836,0.0324400822199415,0.000636829271584,50.85903773934981,50.76935577392578,50.76935577392578,-0.0033498794146753,iShares Floating Rate Bond ETF,Z,True,False,False,False,False,False,False,False,False,,False,,,9968492544.0,Bond,unknown,249.0,True,,False,True,179.0,True,True,False,217.0,,0,0,False,Bond,Bond,Bond,Bond,Bond
2026-09-11,VBR,242.4499969482422,242.7749938964844,241.42010498046875,242.1000061035156,262330.0,251,63510094.60113525,68723007.81599426,63165600.26913113,-0.0354581430138819,0.0165671526941428,0.1328434851524735,0.0,0.0445402667610152,0.1428697142000624,-0.0,0.0007379054004675,0.0189793107570741,0.0071223972752798,0.0668378386878145,245.84640045166012,233.9855228678385,0.0035468144324426,251.8500061035156,251.8500061035156,0.9612864809858588,2.350749206542969,0.0097098271263068,239.8000030517578,239.8000030517578,239.8000030517578,-0.009500218892082,Vanguard Morningstar Small-Cap Value ETF,P,True,False,False,False,False,False,False,False,False,,False,,,67781795840.0,Factor / Style,unknown,46.0,True,,False,True,244.0,True,True,False,218.0,,0,0,False,Factor / Style,Factor / Style,Factor / Style,Factor / Style,Factor / Style
2026-09-11,DUHP,41.97999954223633,41.97999954223633,41.810001373291016,41.84999847412109,645960.0,251,27033425.01434326,26337343.545848846,32059991.95580013,-0.0240205822839876,0.0255795519888148,0.1157861184644382,0.0,0.0736610874437198,0.1437864662824082,-0.0,0.0018842176158192,0.0166484768185578,0.0070517083367777,0.3606896820088491,41.94419990539551,40.10538963317871,0.0045281943054502,42.900001525878906,42.900001525878906,0.9755244052584844,0.2994499206542969,0.0071553149718623,41.4900016784668,41.4900016784668,41.4900016784668,-0.0086020742838714,Dimensional US High Profitability ETF,P,True,False,False,False,False,False,False,False,False,,False,,,12324184064.0,Other,unknown,201.0,True,,False,True,338.0,True,True,False,219.0,,0,0,False,Other,Other,Other,Other,Other
2026-09-11,IBDR,24.200000762939453,24.209999084472656,24.190000534057617,24.190000534057617,381103.0,251,9218881.77353096,15755379.82491312,14378071.741763556,0.0032684371195479,0.0099248345184048,0.0200285486743798,0.652686286589893,0.4868878011430446,0.5475182762601001,0.0021332640865103,0.0048322808553747,0.0109659964461879,0.0069790813121593,1.0932270721465214,24.102511672973638,23.92034666697184,0.0015729933059125,24.209999084472656,24.209999084472656,0.999173954928901,0.0175763115839181,0.0007265940965636,24.1299991607666,24.12116241455078,24.12116241455078,-0.0028457262499815,iShares iBonds Dec 2026 Term Corporate ETF,P,True,False,False,False,False,False,False,False,False,,False,,,3504570624.0,Bond,unknown,460.0,True,,False,True,428.0,True,True,False,220.0,,0,0,False,Bond,Bond,Bond,Bond,Bond
2026-09-11,AVEM,95.55999755859376,95.6500015258789,95.1050033569336,95.3499984741211,1230559.0,251,117333798.77231598,145779220.22986794,158140020.67761922,0.0226113710791742,0.007055512199485,0.1960158500117135,0.1320778524336771,0.0092127225636368,0.1009723223423642,0.0029864613327182,6.500047643821097e-05,0.0197921755915952,0.0069695117667431,0.0840416595151551,92.0871046447754,89.42405303955078,-0.0013825765781586,96.73999786376952,100.15508825036424,0.9520235081393812,1.2305457441768797,0.0129055664800127,93.32113631988916,91.27492982275798,91.27492982275798,-0.0427380043689158,Avantis Emerging Markets Equity ETF,P,True,False,False,False,False,False,False,False,False,,False,,,26237122560.0,Country / Region,unknown,105.0,True,,False,True,126.0,True,True,False,221.0,,0,0,False,Country / Region,Country / Region,Country / Region,Country / Region,Country / Region
2026-09-11,AVDE,93.0999984741211,93.18000030517578,92.78990173339844,92.94000244140624,797376.0,251,74108127.38671875,87978045.31468658,88868381.48990595,-0.0096558665203866,0.0426014969266281,0.1101182909228033,0.0,0.1049927555781204,0.1016086137150917,-0.0,0.0044728485540795,0.0111889668853412,0.0068234899700211,0.7407025262495767,91.76580337524416,88.97196228027343,0.0092931166052305,94.49393206819651,94.49393206819651,0.9835552443127376,0.7458627801332348,0.0080252072362862,91.97000122070312,91.97000122070312,91.97000122070312,-0.0104368538328225,Avantis International Equity ETF,P,True,False,False,False,False,False,False,False,False,,False,,,17163864064.0,Global Equity,unknown,152.0,True,,False,True,196.0,True,True,False,222.0,,0,0,False,Global Equity,Global Equity,Global Equity,Global Equity,Global Equity
2026-09-11,EEM,67.9800033569336,68.02999877929688,67.69000244140625,67.83999633789062,21449138.0,251,1455109443.3709106,1128299777.4325988,1505375400.7515574,0.0173964611188641,0.0102609624533509,0.1974119951219721,0.0907663588447993,0.0125258177779429,0.097385022694598,0.0015790134325444,0.0001285269459169,0.0192249716251391,0.0068122825836447,0.1503577354106015,65.85539970397949,63.789182840983074,-0.0018339923635446,69.12999725341797,71.56999969482422,0.947883144154836,0.9530010223388672,0.0140477752621367,66.55999755859375,65.25,65.25,-0.0381780141170797,iShares MSCI Emerging Index Fund,P,True,False,False,False,False,False,False,False,False,,False,,,30315917312.0,Other,unknown,94.0,True,,False,True,23.0,True,True,False,223.0,,0,0,False,Other,Other,Other,Other,Other
2026-09-11,VSGX,83.19000244140625,83.19000244140625,82.80999755859375,82.87000274658203,377662.0,251,31296850.977279663,13327653.502385711,14220063.364591328,-0.0087320064696536,0.023014763445065,0.1585256710064524,0.0,0.0416419214985849,0.1104640602094762,-0.0,0.0009583789726879,0.0175113892668043,0.0067519325756286,0.2950081317456949,81.82559982299804,78.64013615926106,0.0032840543852399,84.54000091552734,84.54000091552734,0.9802460592517148,0.8334999084472656,0.0100579206084513,81.95999908447266,81.95999908447266,81.95999908447266,-0.0109810984909966,Vanguard ESG International Stock ETF,Z,True,False,False,False,False,False,False,False,False,,False,,,6694336000.0,Global Equity,unknown,323.0,True,,False,True,429.0,True,True,False,224.0,,0,0,False,Global Equity,Global Equity,Global Equity,Global Equity,Global Equity
2026-09-11,DFAE,40.20000076293945,40.27999877929688,40.040000915527344,40.130001068115234,864369.0,251,34687128.8932457,32020956.058138084,42327232.32883217,0.0180112362290583,0.0113799288581393,0.187779526229046,0.109063325674647,0.0153794382129042,0.0999612803847102,0.0019643653226527,0.000175016912741,0.0187706818718897,0.006683499648443,0.1975919748184315,38.868200149536136,37.763112970987954,-0.0003714426716183,40.77000045776367,41.9479311788804,0.9566622224344538,0.523750114440918,0.013051335671582,39.40999984741211,38.6150016784668,38.6150016784668,-0.0377522887945338,Dimensional Emerging Core Equity Market ETF,P,True,False,False,False,False,False,False,False,False,,False,,,9686572032.0,Other,unknown,252.0,True,,False,True,298.0,True,True,False,225.0,,0,0,False,Other,Other,Other,Other,Other
2026-09-11,IEMG,82.75,82.80509948730469,82.38500213623047,82.56999969482422,5567109.0,251,459676188.4310532,665791595.7597103,893300051.5432855,0.0157460790365471,0.0141742998734182,0.189556786128151,0.0877914923276896,0.0181866319556121,0.0975645631371695,0.0013823717769282,0.0002577827750263,0.0184940250282789,0.0066404675636647,0.2643981292572649,80.12299987792969,77.74079503377278,-0.0005313955131479,84.08000183105469,86.48999786376953,0.9546768613045904,1.1042545318603516,0.0133735562061479,81.19999694824219,79.52999877929688,79.52999877929688,-0.0368172571970821,iShares Core MSCI Emerging Markets ETF,P,True,False,False,False,False,False,False,False,False,,False,,,160718422016.0,Country / Region,unknown,16.0,True,,False,True,34.0,True,True,False,226.0,,0,0,False,Country / Region,Country / Region,Country / Region,Country / Region,Country / Region
2026-09-11,HELO,68.94999694824219,69.38999938964844,68.94999694824219,69.23999786376953,184907.0,251,12802960.284996033,19769672.535429,26026717.643880088,-0.0125499835759118,0.0319889071220502,0.0641450677808144,0.0,0.1474035113091065,0.1575030554647833,-0.0,0.004715277232731,0.0101030441684738,0.006600995660241,1.2001277670687347,68.86552001953125,67.32795288085937,0.0058868229970514,70.2300033569336,70.2300033569336,0.9859033825168352,0.3180500030517578,0.0045934432822705,68.81099700927734,68.81099700927734,68.81099700927734,-0.00619585308677,JPMorgan Hedged Equity Laddered Overlay ETF,P,True,False,False,False,False,False,False,False,False,,False,,,3913838592.0,Other,unknown,434.0,True,,False,True,369.0,True,True,False,227.0,,0,0,False,Other,Other,Other,Other,Other
2026-09-11,PTLC,59.584999084472656,59.720001220703125,59.52000045776367,59.56999969482422,49545.0,251,2951395.634880066,4795198.051073074,5896594.608804006,-0.0174831165201555,0.0379857175180418,0.0978621735633877,0.0,0.1006928831296243,0.1194601168404621,-0.0,0.0038248914146391,0.0116906266881438,0.0065778987603657,1.3807104634075664,59.13539978027344,57.02094650268555,0.006715935989503,60.72100067138672,60.75,0.9805761266637733,0.413699722290039,0.0069447662314825,58.970001220703125,58.970001220703125,58.970001220703125,-0.0100721584219384,Pacer Trendpilot US Large Cap ETF,Z,True,False,False,False,False,False,False,False,False,,False,,,3292433408.0,Factor / Style,unknown,474.0,True,,False,True,464.0,True,True,False,228.0,,0,0,False,Factor / Style,Factor / Style,Factor / Style,Factor / Style,Factor / Style
2026-09-11,DFIC,39.02000045776367,39.04499816894531,38.869998931884766,38.92499923706055,1735071.0,251,67537637.35124588,72761717.04242802,67184272.35008149,-0.0087853632972116,0.0390281846293207,0.1046448876876262,0.0,0.106918488122818,0.1047147744940176,-0.0,0.0041728344947451,0.0109578658161615,0.0065475954572409,0.6523191403186879,38.46969993591309,37.31454343159994,0.0096173678309372,39.630001068115234,39.630001068115234,0.9822104009070566,0.3104999542236328,0.0079768775930509,38.54999923706055,38.54999923706055,38.54999923706055,-0.0096339115568424,Dimensional International Core Equity 2 ETF,Z,True,False,False,False,False,False,False,False,False,,False,,,14218919936.0,Global Equity,unknown,180.0,True,,False,True,234.0,True,True,False,229.0,,0,0,False,Global Equity,Global Equity,Global Equity,Global Equity,Global Equity
2026-09-11,ACWV,126.13999938964844,126.12960052490234,125.77999877929688,125.97000122070312,89114.0,251,11225690.688781738,8893638.35131073,11879317.649025084,-0.0062322570386068,0.043691563470966,0.0525085839503458,0.0,0.1655529176870044,0.099162971889194,-0.0,0.0072332658109253,0.0052069072342095,0.0065240403090748,0.6781059231253861,124.87700042724607,121.80536326090495,0.0117527515660869,128.4499969482422,128.4499969482422,0.9806929094086444,0.749481201171875,0.0059496800342072,125.06999969482422,125.06999969482422,125.06999969482422,-0.0071445702719497,iShares MSCI Global Min Vol Factor ETF,Z,True,False,False,False,False,False,False,False,False,,False,,,3240488448.0,Country / Region,unknown,477.0,True,,False,True,441.0,True,True,False,230.0,,0,0,False,Country / Region,Country / Region,Country / Region,Country / Region,Country / Region
2026-09-11,BBCA,104.69000244140624,104.79000091552734,103.93000030517578,104.47000122070312,238207.0,251,24885485.58078003,21223935.778901678,23055066.344215028,-0.0243743048722532,0.0416994992907544,0.0961342415611319,0.0,0.1069972230670098,0.1056180806932074,-0.0,0.0044617306273954,0.0101535140825839,0.0064538548367114,0.3674548707499628,104.2336001586914,99.88178965250653,0.0119196090751692,108.05999755859376,108.05999755859376,0.9667777492226576,1.1740001678466796,0.011237677363155,103.76000213623048,103.76000213623048,103.76000213623048,-0.0067962005951613,JPMorgan BetaBuilders Canada ETF,Z,True,False,False,False,False,False,False,False,False,,False,,,10509565952.0,Country / Region,unknown,238.0,True,,False,True,383.0,True,True,False,231.0,,0,0,False,Country / Region,Country / Region,Country / Region,Country / Region,Country / Region
2026-09-11,BBAX,63.9900016784668,64.08000183105469,63.72999954223633,63.79999923706055,146987.0,251,9377770.48785782,10870542.85052662,13173008.599845584,-0.0060757624164557,0.0566883061497198,0.072156575701757,0.0,0.1273379754238759,0.0684648707455915,-0.0,0.0072185741353141,0.0049401906288652,0.006421139908057,0.6531339428700802,63.5912003326416,61.702209548950194,0.015176562480935,65.80000305175781,65.80000305175781,0.9696048066574696,0.6249996185302734,0.009796232382511,63.29999923706055,63.29999923706055,63.29999923706055,-0.0078369906893284,JPMorgan BetaBuilders Developed Asia Pacific-ex Japan ETF,Z,True,False,False,False,False,False,False,False,False,,False,,,6249870336.0,Country / Region,unknown,341.0,True,,False,True,435.0,True,True,False,232.0,,0,0,False,Country / Region,Country / Region,Country / Region,Country / Region,Country / Region
2026-09-11,HEFA,46.709999084472656,47.0099983215332,46.46609878540039,46.54999923706055,473293.0,251,22031788.788906097,36841868.753181264,28933323.828904837,-0.0293994969626386,0.0291817329142995,0.1112354336383307,0.0,0.0848088600725626,0.1228913572951102,-0.0,0.0024748695034037,0.0136698734191246,0.006393120873906,0.2793783314051649,46.81519973754883,44.74976740519206,0.0039589001586592,47.84000015258789,48.0,0.9697916507720948,0.3510000228881836,0.0075402798848756,46.04999923706055,46.04999923706055,46.04999923706055,-0.0107411387367312,iShares Currency Hedged MSCI EAFE ETF,Z,True,False,False,False,False,False,False,False,False,,False,,,7331655168.0,Country / Region,unknown,301.0,True,,False,True,357.0,True,True,False,233.0,,0,0,False,Country / Region,Country / Region,Country / Region,Country / Region,Country / Region
2026-09-11,JGLO,72.95999908447266,73.0199966430664,72.73999786376953,72.83000183105469,47679.0,251,3472461.6573028564,12373471.94352951,14969895.8497966,-0.025163930885507,0.0386480173748247,0.1009826175523587,0.0,0.0957259452197663,0.111698303171577,-0.0,0.003699617994075,0.0112795870304227,0.0063526071567967,0.9469409966562528,72.71916000366211,70.26113334655761,0.0076511387047051,74.77999877929688,74.88999938964844,0.9724930220939688,0.5352985382080078,0.0073499728786187,72.08000183105469,72.08000183105469,72.08000183105469,-0.0102979538808716,JPMorgan Global Select Equity ETF,Q,True,False,False,False,False,False,False,False,False,,False,,,6879447552.0,Global Equity,unknown,314.0,True,,False,True,424.0,True,True,False,234.0,,0,0,False,Global Equity,Global Equity,Global Equity,Global Equity,Global Equity
2026-09-11,JTEK,100.0199966430664,100.45999908447266,99.4800033569336,99.52999877929688,142255.0,251,14158639.976348875,25393812.855560303,28292131.500035845,-0.0496515268878051,-0.0428427350570328,0.2186551370062639,0.0,0.0,0.0826254332331669,-0.0,-0.0,0.0180664754238,0.00632326639833,-0.0,99.91167984008788,95.47463979085286,-0.0146161025595601,104.9800033569336,111.81999969482422,0.8900912095415056,1.8180507659912108,0.0182663597738271,97.18000030517578,97.18000030517578,97.18000030517578,-0.0236109565250985,JPMorgan U.S. Tech Leaders ETF,Q,True,False,False,False,False,False,False,False,False,,False,,,4632256512.0,Other,unknown,394.0,True,,False,True,360.0,True,True,False,235.0,,0,0,False,Other,Other,Other,Other,Other
2026-09-11,AOA,98.61000061035156,98.55719757080078,98.32990264892578,98.36000061035156,81809.0,251,8046733.289932251,10664651.59609909,10248598.16437712,-0.0153168364065024,0.0228152866919171,0.1123761866230559,0.0,0.0688515296043692,0.1347566719255174,-0.0,0.0015708673871007,0.0151434409130038,0.0063212681211668,0.6121204368605444,97.96700012207032,94.63942153930664,0.0044761588719328,100.0199966430664,100.02999877929688,0.9833050265987712,0.5958595275878906,0.0060579455458561,97.58000183105467,97.58000183105467,97.58000183105467,-0.0079300404072464,iShares Core 80/20 Aggressive Allocation ETF,P,True,False,False,False,False,False,False,False,False,,False,,,3205894144.0,Other,unknown,481.0,True,,False,True,452.0,True,True,False,236.0,,0,0,False,Other,Other,Other,Other,Other
2026-09-11,DFAI,42.869998931884766,42.8849983215332,42.69409942626953,42.77000045776367,1959273.0,251,83798107.106884,79493776.81709805,72495005.50326556,-0.0142889822679435,0.0385731699081921,0.1055677849712424,0.0,0.1008190628835952,0.1025367181526754,-0.0,0.0038889108425936,0.0108245742135985,0.0063163930224453,0.546872756476486,42.43619995117187,41.04641103108724,0.0086688745695919,43.59000015258789,43.59000015258789,0.981188353017807,0.3434000015258789,0.0080289922340541,42.31399917602539,42.31399917602539,42.31399917602539,-0.0106617086008355,Dimensional International Core Equity Market ETF,P,True,False,False,False,False,False,False,False,False,,False,,,16829969408.0,Global Equity,unknown,156.0,True,,False,True,220.0,True,True,False,237.0,,0,0,False,Global Equity,Global Equity,Global Equity,Global Equity,Global Equity
2026-09-11,USMV,99.62999725341795,99.73999786376952,99.30500030517578,99.61000061035156,1102301.0,251,109800203.28279114,147120969.37831193,195531312.93536985,-0.0173621593029877,0.0447730785690667,0.0562515972913983,0.0,0.15154125125605,0.0955163908584569,-0.0,0.0067849683489418,0.0053729495532977,0.0062907617704663,0.654109816731784,99.28039978027344,96.20135889689128,0.0107899967948192,102.20999908447266,102.20999908447266,0.974562190613344,0.7099998474121094,0.0071277968382857,98.94000244140624,98.94000244140624,98.94000244140624,-0.0067262138825414,iShares MSCI USA Min Vol Factor ETF,Z,True,False,False,False,False,False,False,False,False,,False,,,23007752192.0,Country / Region,unknown,118.0,True,,False,True,115.0,True,True,False,238.0,,0,0,False,Country / Region,Country / Region,Country / Region,Country / Region,Country / Region
2026-09-11,DBEF,54.790000915527344,55.13999938964844,54.790000915527344,55.0099983215332,282129.0,251,15519915.81645584,21342501.837270547,23322170.76401417,-0.0287782677556514,0.0282242676922093,0.1131121076427021,0.0,0.0799364687659976,0.1214953751442326,-0.0,0.0022561482928214,0.0137425979514049,0.0062764056733256,0.2584771169128305,55.32579986572266,52.85693339029948,0.0038575126972519,56.560001373291016,56.84000015258789,0.9678043309967976,0.4234998703002929,0.0076985981316512,54.40999984741211,54.40999984741211,54.40999984741211,-0.0109070803931696,Xtrackers MSCI EAFE Hedged Equity ETF,P,True,False,False,False,False,False,False,False,False,,False,,,9039409152.0,Country / Region,unknown,267.0,True,,False,True,382.0,True,True,False,239.0,,0,0,False,Country / Region,Country / Region,Country / Region,Country / Region,Country / Region
2026-09-11,ESGD,105.94000244140624,106.0199966430664,105.58000183105467,105.66000366210938,192842.0,251,20375686.426208496,30325279.76614227,29431465.331384085,-0.0196696524512739,0.0370508153902109,0.1155057926838354,0.0,0.0888323747575133,0.1022055634608648,-0.0,0.0032913119178146,0.0118053346242452,0.0062712198650653,0.4351513767002504,105.18588012695312,101.24400202433269,0.007461968001527,107.98999786376952,108.0,0.9783333672417536,0.8601985931396484,0.0081411940500256,104.56800079345705,104.56800079345705,104.56800079345705,-0.0103350637024816,iShares ESG Aware MSCI EAFE ETF,Q,True,False,False,False,False,False,False,False,False,,False,,,11761851392.0,Country / Region,unknown,208.0,True,,False,True,350.0,True,True,False,240.0,,0,0,False,Country / Region,Country / Region,Country / Region,Country / Region,Country / Region
2026-09-11,DFIS,37.09999847412109,37.20000076293945,37.02999877929688,37.119998931884766,400375.0,251,14861919.572353365,15124482.780165672,27302109.049447376,-0.0069556481755226,0.0428555475439464,0.102773233942911,0.0,0.1032737980711494,0.0937513019391669,-0.0,0.004425855163282,0.0096351244866465,0.0062490994264596,0.891895349263407,36.51060005187989,35.57114135742187,0.0114837258777409,38.04999923706055,38.04999923706055,0.9755584671794169,0.3459997177124023,0.0093211133531364,36.790000915527344,36.790000915527344,36.790000915527344,-0.0088900330240571,Dimensional International Small Cap ETF,Z,True,False,False,False,False,False,False,False,False,,False,,,5815646208.0,Factor / Style,unknown,353.0,True,,False,True,365.0,True,True,False,241.0,,0,0,False,Factor / Style,Factor / Style,Factor / Style,Factor / Style,Factor / Style
2026-09-11,SPDW,51.709999084472656,51.709999084472656,51.470001220703125,51.560001373291016,1697711.0,251,87533981.49145126,121312475.69196606,138561831.2443503,-0.0109341968759876,0.0280846811397166,0.1381886489552624,0.0,0.0578234206253837,0.1069786811106868,-0.0,0.0016239523306716,0.0147832394097016,0.0062297028083321,0.3919805726535121,50.88480026245117,49.02308245340983,0.005670730026801,52.43000030517578,52.43000030517578,0.9834064671596258,0.493499755859375,0.0095713681674767,50.93000030517578,50.93000030517578,50.93000030517578,-0.0122187946341209,State Street SPDR Portfolio Developed World ex-US ETF,P,True,False,False,False,False,False,False,False,False,,False,,,40294080512.0,Country / Region,unknown,78.0,True,,False,True,145.0,True,True,False,242.0,,0,0,False,Country / Region,Country / Region,Country / Region,Country / Region,Country / Region
2026-09-11,DFEM,40.61000061035156,40.650001525878906,40.45989990234375,40.52999877929688,694682.0,251,28155460.61199951,30513439.9260849,37410724.39249263,0.0160441062782898,0.0077952943671688,0.1784262739901181,0.1015871554966733,0.010856750916949,0.0978945418546735,0.0016298751192977,8.46315692686484e-05,0.017466958347099,0.0061684459415092,0.1096836709314255,39.29550003051758,38.29821965535482,-0.0001307381326733,41.209999084472656,42.33473122840727,0.9573699325177388,0.4942497253417969,0.0121946642049805,39.96500015258789,39.09000015258789,39.09000015258789,-0.0355292047885417,Dimensional Emerging Markets Core Equity 2 ETF,P,True,False,False,False,False,False,False,False,False,,False,,,9250564096.0,Country / Region,unknown,259.0,True,,False,True,314.0,True,True,False,243.0,,0,0,False,Country / Region,Country / Region,Country / Region,Country / Region,Country / Region
2026-09-11,FNDA,36.52999877929688,36.59999847412109,36.31990051269531,36.41999816894531,1950176.0,251,71025406.3491211,49124447.01337509,27545990.151147027,-0.0525494414653836,-0.0093264979898134,0.1386104595200661,0.0,0.0,0.12557889316254,-0.0,-0.0,0.0174065480872809,0.0060922918305483,-0.0,37.49540008544922,35.68250030517578,-0.0025442625559326,38.59000015258789,38.59000015258789,0.9437677643155684,0.3600004196166992,0.0098846907665049,36.11000061035156,36.11000061035156,36.11000061035156,-0.0085117400927845,Schwab Fundamental U.S. Small Company ETF,P,True,False,False,False,False,False,False,False,False,,False,,,9333672960.0,Other,unknown,258.0,True,,False,True,363.0,True,True,False,244.0,,0,0,False,Other,Other,Other,Other,Other
2026-09-11,SCHF,28.290000915527344,28.290000915527344,28.145000457763672,28.190000534057617,5885210.0,251,165904073.04304123,194637407.1757784,202381458.39611503,-0.0105299838354042,0.0253357787452157,0.1399030814532429,0.0,0.0512034281993625,0.1071462029244105,-0.0,0.0012972787278555,0.0149900839551395,0.0060897605574049,0.3493939023372031,27.836399917602535,26.82402793884277,0.0046148170327053,28.690000534057617,28.690000534057617,0.9825723251762768,0.2750000953674316,0.009755235550109,27.84000015258789,27.84000015258789,27.84000015258789,-0.0124157635629298,Schwab International Equity ETF,P,True,False,False,False,False,False,False,False,False,,False,,,66217533440.0,Global Equity,unknown,47.0,True,,False,True,110.0,True,True,False,245.0,,0,0,False,Global Equity,Global Equity,Global Equity,Global Equity,Global Equity
2026-09-11,XLG,62.970001220703125,63.19499969482422,62.84999847412109,62.900001525878906,783525.0,251,49283723.69556427,71310138.3040905,85340235.93289511,-0.0066329464777247,0.0287199959023038,0.119890967090448,0.0,0.0615354158247981,0.1161802234502886,-0.0,0.0017672968903347,0.0139289593462394,0.0060238787499014,6.826483199305502,61.887000198364255,60.11595024108887,0.0070960551378786,63.41999816894531,64.6472954183753,0.9729718949387056,0.5442499160766602,0.0086526216673101,61.790000915527344,61.65999984741211,61.65999984741211,-0.0197138576849894,Invesco S&P 500 Top 50 ETF,P,True,False,False,False,False,False,False,False,False,,False,,,10253615104.0,US Equity,unknown,243.0,True,,False,True,202.0,True,True,False,246.0,,0,0,False,US Equity,US Equity,US Equity,US Equity,US Equity
2026-09-11,DFAX,38.09199905395508,38.290000915527344,37.90999984741211,38.060001373291016,471396.0,251,17941332.40736389,21751475.73974533,27242501.37596106,-0.0015739129138213,0.0313639127899469,0.1271700580316508,0.0,0.067137784166345,0.1034775719782148,-0.0,0.0021057036075035,0.0131592488334439,0.0059744444365826,0.6602673048793055,37.323899536132814,36.29289957682292,0.0072836606523627,38.7400016784668,38.7400016784668,0.9824470760011932,0.4264001846313476,0.0112033675576947,37.63999938964844,37.61000061035156,37.61000061035156,-0.0118234562980138,Dimensional World ex U.S. Core Equity 2 ETF,P,True,False,False,False,False,False,False,False,False,,False,,,11913159680.0,Global Equity,unknown,206.0,True,,False,True,366.0,True,True,False,247.0,,0,0,False,Global Equity,Global Equity,Global Equity,Global Equity,Global Equity
2026-09-11,ILCG,114.8499984741211,115.06890106201172,114.6500015258789,114.66999816894533,28633.0,251,3283346.057571411,7608071.697714996,8279820.537319849,-0.0334625863210306,0.007235193098648,0.1574321376687293,0.0,0.011286080458953,0.1068543032806057,-0.0,8.16569714474039e-05,0.0168223013845684,0.0059408825160397,0.546051713687894,114.73500015258789,109.75495076497396,-0.0002666315350503,118.8000030517578,120.47084253119948,0.951848561524322,1.2074443817138671,0.0105297322838962,113.31999969482422,113.31999969482422,113.31999969482422,-0.011772900459387,iShares Morningstar Large-Cap Growth ETF,P,True,False,False,False,False,False,False,False,False,,False,,,3202697216.0,Factor / Style,unknown,482.0,True,,False,True,458.0,True,True,False,248.0,,0,0,False,Factor / Style,Factor / Style,Factor / Style,Factor / Style,Factor / Style
2026-09-11,IDEV,92.0999984741211,92.18000030517578,91.75499725341795,91.87999725341795,2416333.0,251,222012669.4033432,182119106.59726524,149607771.7524495,-0.0179563953507335,0.0361822901712567,0.1088666460906562,0.0,0.088558924229476,0.1000137118526489,-0.0,0.0032042646937252,0.0108881573724751,0.0058936271312877,0.4731573449952524,91.33899932861328,88.1936789449056,0.0080766200874633,93.86000061035156,93.86000061035156,0.9789047161297884,0.7754005432128906,0.008439274775708,90.91500091552734,90.91500091552734,90.91500091552734,-0.0105027902344079,iShares Core MSCI International Developed Markets ETF,P,True,False,False,False,False,False,False,False,False,,False,,,30637815808.0,Country / Region,unknown,93.0,True,,False,True,135.0,True,True,False,249.0,,0,0,False,Country / Region,Country / Region,Country / Region,Country / Region,Country / Region
2026-09-11,IXUS,97.48999786376952,97.48999786376952,97.0999984741211,97.22000122070312,1717527.0,251,166977977.03659058,178227933.46234894,178335861.23116386,-0.0081615532520002,0.0262609081526599,0.1339090489409284,0.0,0.054546811058679,0.1050313957093344,-0.0,0.0014324487952324,0.0140646543083752,0.0058537207248324,0.4484616609649701,95.99699951171876,92.84985616048176,0.0048969303290424,98.83000183105467,98.83000183105467,0.9837093941058124,0.8909988403320312,0.0091647688659182,96.1500015258789,96.1500015258789,96.1500015258789,-0.0110059625734335,iShares Core MSCI Total International Stock ETF,Q,True,False,False,False,False,False,False,False,False,,False,,,58515161088.0,Country / Region,unknown,50.0,True,,False,True,120.0,True,True,False,250.0,,0,0,False,Country / Region,Country / Region,Country / Region,Country / Region,Country / Region
2026-09-11,VEU,85.4000015258789,85.41000366210938,85.05000305175781,85.18000030517578,2369930.0,251,201870638.12324524,195099769.26353076,217125481.6549622,-0.0061836283392621,0.0253884062648295,0.1336994503269484,0.0,0.0531211735252723,0.1059585440315858,-0.0,0.0013486619347241,0.0141665990944667,0.005834939940634,0.4375755021564294,84.05120010375977,81.2902451578776,0.0045158942401661,86.5199966430664,86.5199966430664,0.9845122932283654,0.7754997253417969,0.0091042465668396,84.22000122070312,84.22000122070312,84.22000122070312,-0.0112702404441564,Vanguard FTSE All World Ex US ETF,P,True,False,False,False,False,False,False,False,False,,False,,,94563958784.0,Country / Region,unknown,32.0,True,,False,True,107.0,True,True,False,251.0,,0,0,False,Country / Region,Country / Region,Country / Region,Country / Region,Country / Region
2026-09-11,EWC,60.72999954223633,60.79999923706055,60.2599983215332,60.58000183105469,1174017.0,251,71121952.00968933,113077633.53304444,98682561.87524512,-0.0244765971081276,0.040602658599067,0.0897914477427364,0.0,0.104203968616332,0.0975074969738985,-0.0,0.0042309581623968,0.0087553393190568,0.0058144915672278,0.3899354564252337,60.42740020751953,58.08319249471029,0.0119774564054588,62.709999084472656,62.709999084472656,0.966034168641132,0.6794994354248047,0.0112165634679211,60.18999862670898,60.18999862670898,60.18999862670898,-0.0064378209402063,iShares MSCI Canada Index Fund,P,True,False,False,False,False,False,False,False,False,,False,,,5956639232.0,Country / Region,unknown,348.0,True,,False,True,181.0,True,True,False,252.0,,0,0,False,Country / Region,Country / Region,Country / Region,Country / Region,Country / Region
2026-09-11,EFA,106.9800033569336,107.0199966430664,106.5749969482422,106.6999969482422,10228239.0,251,1091353070.0858915,1016216476.3978952,1143528551.3561428,-0.0183090021939861,0.0349323223809379,0.1121328511174304,0.0,0.083752255473015,0.0995923788101393,-0.0,0.002925660788314,0.011167577385548,0.0058103315973459,0.4233744281849411,106.14879974365236,102.39511815388995,0.0072935888745411,108.88999938964844,108.88999938964844,0.979887937793354,0.879000473022461,0.0082380552780038,105.48999786376952,105.48999786376952,105.48999786376952,-0.0113401979295237,iShares MSCI EAFE ETF,P,True,False,False,False,False,False,False,False,False,,False,,,77217693696.0,Country / Region,unknown,37.0,True,,False,True,29.0,True,True,False,253.0,,0,0,False,Country / Region,Country / Region,Country / Region,Country / Region,Country / Region
2026-09-11,ACWX,77.62000274658203,77.62000274658203,77.2249984741211,77.25,10583281.0,251,817558457.25,159975007.36975557,147634701.86741808,-0.0084713596596884,0.026011347487834,0.1353074329006329,0.0,0.0523667188097983,0.1039932079202323,-0.0,0.0013621289197593,0.0140710540027884,0.0058102526988195,0.3836028698979652,76.32979995727538,73.69303756713867,0.0047413687819652,78.77999877929688,78.77999877929688,0.9805788423076373,0.731500244140625,0.0094692588238268,76.5199966430664,76.5199966430664,76.5199966430664,-0.0094498816431533,iShares MSCI ACWI ex U.S. ETF,Q,True,False,False,False,False,False,False,False,False,,False,,,11616678912.0,Global Equity,unknown,210.0,True,,False,True,137.0,True,True,False,254.0,,0,0,False,Global Equity,Global Equity,Global Equity,Global Equity,Global Equity
2026-09-11,IEFA,99.7699966430664,99.80500030517578,99.38009643554688,99.5,7061915.0,251,702660542.5,765121135.4458466,867675847.5272236,-0.0168955547864934,0.0341433088997928,0.1125289495731256,0.0,0.0819529976574199,0.1003703612115586,-0.0,0.0027981465142812,0.0112945713154118,0.005771895194677,0.439491661754511,98.90519958496094,95.49691324869792,0.0075649971990388,101.44000244140624,101.44000244140624,0.9808753707145578,0.8247505187988281,0.0082889499376766,98.4000015258789,98.4000015258789,98.4000015258789,-0.0110552610464431,iShares Core MSCI EAFE ETF,Z,True,False,False,False,False,False,False,False,False,,False,,,186543423488.0,Country / Region,unknown,13.0,True,,False,True,37.0,True,True,False,255.0,,0,0,False,Country / Region,Country / Region,Country / Region,Country / Region,Country / Region
2026-09-11,VB,293.82000732421875,294.25,292.7099914550781,293.45001220703125,563228.0,251,165279263.4753418,139799716.7281494,146201247.2209434,-0.0489077458999732,2.131960004425615e-05,0.1330147006753594,0.0,4.939257969251794e-05,0.1227727822440314,-0.0,1.0530300441985308e-09,0.0163305848812709,0.0057157053929143,1.8745489210087594e-07,299.8938000488281,286.2309369913737,-0.0006001471899035,309.510009765625,309.510009765625,0.9481115406550014,2.880499267578125,0.0098159793755466,290.70001220703125,290.70001220703125,290.70001220703125,-0.0093712723994022,Vanguard Morningstar Small-Cap ETF,P,True,False,False,False,False,False,False,False,False,,False,,,188574482432.0,Other,unknown,12.0,True,,False,True,138.0,True,True,False,256.0,,0,0,False,Other,Other,Other,Other,Other
2026-09-11,SCHM,35.22999954223633,35.290000915527344,35.02989959716797,35.130001068115234,2301159.0,251,80839718.12790298,61920699.11625309,41836701.30053451,-0.0388508399065978,-0.0110715812126431,0.142721800595575,0.0,0.0,0.1144066745030888,-0.0,-0.0,0.0163283265852327,0.0057149143048314,-0.0,35.590800247192384,34.12091270446777,-0.004062907522662,36.91999816894531,36.91999816894531,0.9515168691872876,0.3795003890991211,0.0108027434546127,34.869998931884766,34.869998931884766,34.869998931884766,-0.0074011422808196,Schwab U.S. Mid Cap ETF,P,True,False,False,False,False,False,False,False,False,,False,,,15320031232.0,Factor / Style,unknown,167.0,True,,False,True,300.0,True,True,False,257.0,,0,0,False,Factor / Style,Factor / Style,Factor / Style,Factor / Style,Factor / Style
2026-09-11,VXUS,87.4000015258789,87.41000366210938,86.99500274658203,87.13999938964844,5330326.0,251,464484604.3866272,425709850.2732712,462577685.6422017,-0.006611967886268,0.0256877827314749,0.131057805523179,0.0,0.0539457525037189,0.1044298268940237,-0.0,0.0013857467696014,0.0136863439438962,0.0056909557806046,0.4599436263139323,85.96599990844726,83.25554321289063,0.0049439443684509,88.52999877929688,88.62000274658203,0.9832994435673196,0.7860000610351563,0.0090199686314035,86.19000244140625,86.19000244140625,86.19000244140625,-0.0109019618418202,Vanguard Total International Stock ETF,Q,True,False,False,False,False,False,False,False,False,,False,,,650318381056.0,Global Equity,unknown,5.0,True,,False,True,63.0,True,True,False,258.0,,0,0,False,Global Equity,Global Equity,Global Equity,Global Equity,Global Equity
2026-09-11,FEZ,69.91000366210938,70.00150299072266,69.60050201416016,69.69999694824219,516100.0,251,35972168.42498779,46111536.70749664,68098577.80586122,-0.0324820091275261,0.0276281450570696,0.1309452436503375,0.0,0.0621517333591774,0.0994219484754008,-0.0,0.0017171371047956,0.0130188312673026,0.0056727300616731,0.1606744873306908,69.90859985351562,66.69145975748698,0.0067427569205855,72.36000061035156,72.36000061035156,0.9632393084622384,0.568575668334961,0.0081574704910987,69.02999877929688,69.02999877929688,69.02999877929688,-0.0096125996883879,State Street SPDR EURO STOXX 50 ETF,P,True,False,False,False,False,False,False,False,False,,False,,,4349350400.0,Other,unknown,406.0,True,,False,True,230.0,True,True,False,259.0,,0,0,False,Other,Other,Other,Other,Other
2026-09-11,IWO,370.2950134277344,371.0199890136719,367.3800048828125,367.6300048828125,867952.0,251,319085197.9980469,159170889.55307007,167649108.57970223,-0.063840098153605,-0.0260449006519714,0.1634605865834784,0.0,0.0,0.0981784595772283,-0.0,-0.0,0.016048308592356,0.0056169080073246,-0.0,381.0662030029297,360.8307169596354,-0.0081582381696339,395.739990234375,396.6900024414063,0.926743811591556,4.852999877929688,0.0132007720084671,365.510009765625,365.510009765625,365.510009765625,-0.0057666542149171,iShares Russell 2000 Growth Fund,P,True,False,False,False,False,False,False,False,False,,False,,,15425412096.0,Factor / Style,unknown,165.0,True,,False,True,123.0,True,True,False,260.0,,0,0,False,Factor / Style,Factor / Style,Factor / Style,Factor / Style,Factor / Style
2026-09-11,FELG,44.11000061035156,44.290000915527344,44.06999969482422,44.08000183105469,184368.0,251,8126941.777587891,15156859.30895691,17613088.800093878,-0.0215315743048423,0.0264479859237802,0.1342119258002729,0.0,0.0431629603986289,0.1034455992652454,-0.0,0.0011415733690516,0.0138836330929518,0.0056012942724167,3.4239489822971105,43.66749992370605,42.06606699625651,0.0049738385482627,45.165000915527344,45.581402281289385,0.9670611175810402,0.4804500579833984,0.0108995017700956,43.470001220703125,43.28499984741211,43.28499984741211,-0.0180354344514226,Fidelity Enhanced Large Cap Growth ETF,P,True,False,False,False,False,False,False,False,False,,False,,,5650164224.0,Factor / Style,unknown,360.0,True,,False,True,411.0,True,True,False,261.0,,0,0,False,Factor / Style,Factor / Style,Factor / Style,Factor / Style,Factor / Style
2026-09-11,VEA,72.95999908447266,72.95999908447266,72.6050033569336,72.69000244140625,7567925.0,251,550112486.7263794,676016826.711731,763807190.5476283,-0.0115583147068145,0.0247176645151909,0.1336064027017258,0.0,0.050255739655063,0.1025057130593681,-0.0,0.0012422045127566,0.0136954195782375,0.0056008297856749,0.3541692600404836,71.80539962768555,69.34626719156901,0.0049648245661324,74.04000091552734,74.04000091552734,0.9817666334761216,0.7134998321533204,0.0098156528847066,71.83000183105469,71.83000183105469,71.83000183105469,-0.0118310714192751,Vanguard FTSE Developed Markets ETF,P,True,False,False,False,False,False,False,False,False,,False,,,316309798912.0,Country / Region,unknown,9.0,True,,False,True,40.0,True,True,False,262.0,,0,0,False,Country / Region,Country / Region,Country / Region,Country / Region,Country / Region
2026-09-11,ILF,36.36000061035156,36.38999938964844,35.744998931884766,35.970001220703125,5366357.0,251,193027867.8407288,97437729.82664873,83215829.02468969,0.0763017112947461,0.0577494314887903,0.0812969159600842,0.406699269062241,0.1040949020172421,0.0586279533953502,0.0310318502117714,0.006011421412377,0.0047662718000935,0.0055756190480778,1.1084824256303332,34.687000045776365,34.85351270039876,0.0122448738501343,36.86000061035156,38.01502057204531,0.94620496528559,0.6502498626708985,0.018077560205826,34.34000015258789,33.15999984741211,33.15999984741211,-0.0781206916299372,iShares Latin America 40 ETF,P,True,False,False,False,False,False,False,False,False,,False,,,3739343872.0,Country / Region,unknown,445.0,True,,False,True,206.0,True,True,False,263.0,,0,0,False,Country / Region,Country / Region,Country / Region,Country / Region,Country / Region
2026-09-11,DBMF,31.780000686645508,32.005001068115234,31.729999542236328,31.989999771118164,2045402.0,251,65432409.51184464,74238315.32716236,65872480.902049534,0.0213920843812991,0.045952185963763,0.0446485189940788,0.1876748066341438,0.1492751782299629,0.070871106843603,0.0040147552997616,0.0068595207497971,0.003164289960038,0.0055661899733814,5.840430671553843,31.140600051879883,30.69278258005778,0.0067072065905311,32.005001068115234,32.005001068115234,0.9995312827215614,0.2599501609802246,0.0081259819581154,31.1200008392334,30.940000534057617,30.940000534057617,-0.0328227334971263,iMGP DBi Managed Futures Strategy ETF,P,True,False,False,False,False,False,False,False,False,,False,,,3887484160.0,Other,unknown,436.0,True,,False,True,237.0,True,True,False,264.0,,0,0,False,Other,Other,Other,Other,Other
2026-09-11,CGGO,40.119998931884766,40.119998931884766,39.880001068115234,39.93000030517578,1073388.0,251,42860383.16757202,44189048.79834747,49773954.10750737,-0.0329377713779639,-0.0126112348875395,0.1573913131935009,0.0,0.0,0.0952130531545266,-0.0,-0.0,0.0149857074691535,0.0052449976142037,-0.0,40.24959999084473,38.48320002237956,-0.0075451987060655,41.71500015258789,42.880001068115234,0.9312033421302076,0.4154499053955078,0.0104044553523746,39.56999969482422,39.56999969482422,39.56999969482422,-0.009015792827452,Capital Group Global Growth Equity ETF,P,True,False,False,False,False,False,False,False,False,,False,,,11956222976.0,Factor / Style,unknown,205.0,True,,False,True,280.0,True,True,False,265.0,,0,0,False,Factor / Style,Factor / Style,Factor / Style,Factor / Style,Factor / Style
2026-09-11,SCHE,37.040000915527344,37.07500076293945,36.935001373291016,37.02000045776367,2717726.0,251,100610217.76407623,102533132.5674717,109349476.16066378,0.0043407445676268,0.0327438434093185,0.1204708979888822,0.0388348525742221,0.0615125584058433,0.0923036679273511,0.0001685721753461,0.0020141575801474,0.0111199057628755,0.0052011694441023,0.9201909651113708,36.46980018615723,35.52516615549723,0.0056631976129264,37.63999938964844,37.63999938964844,0.9835281896403198,0.3282503128051758,0.0088668370812063,36.68999862670898,36.38999938964844,36.38999938964844,-0.0170178568429248,Schwab Emerging Markets Equity ETF,P,True,False,False,False,False,False,False,False,False,,False,,,12488486912.0,Country / Region,unknown,200.0,True,,False,True,170.0,True,True,False,266.0,,0,0,False,Country / Region,Country / Region,Country / Region,Country / Region,Country / Region
2026-09-11,QQQI,54.54990005493164,54.709999084472656,54.45500183105469,54.560001373291016,3184376.0,251,173739558.93307495,215294136.6122345,280858001.21562,-0.0101523460941386,0.0134511039489482,0.1312596624201716,0.0,0.0224406115584422,0.1084488912847444,-0.0,0.0003018509987505,0.0142349648598774,0.0051784408501449,0.969131757103678,53.97112594604492,52.06170201619466,-0.0002663260616015,55.31722703526285,55.92175933003246,0.9756488713328066,0.4683440061259169,0.0085840174915242,53.79999923706055,53.60900115966797,53.60900115966797,-0.0174303553828096,NEOS Nasdaq 100 High Income ETF,Q,True,False,False,False,False,False,False,False,False,,False,,,13110758400.0,Bond,unknown,196.0,True,,False,True,83.0,True,True,False,267.0,,0,0,False,Bond,Bond,Bond,Bond,Bond
2026-09-11,IJJ,145.19000244140625,145.66099548339844,144.6300048828125,145.2100067138672,170388.0,251,24742042.6239624,18011205.255587768,25082243.67726741,-0.0401242207456996,0.0015896639845647,0.1169398762156346,0.0,0.004137644621692,0.1260234924838268,-0.0,6.577464636031813e-06,0.0147371716113206,0.0051622854159756,0.0009331330317718,147.97979919433592,142.0884555053711,0.0004272703599452,151.80999755859375,151.80999755859375,0.9565246627306006,1.3970504760742188,0.0096208967115267,143.8000030517578,143.8000030517578,143.8000030517578,-0.0097100998341509,iShares S&P Mid-Cap 400 Value ETF,P,True,False,False,False,False,False,False,False,False,,False,,,8733020160.0,Factor / Style,unknown,269.0,True,,False,True,372.0,True,True,False,268.0,,0,0,False,Factor / Style,Factor / Style,Factor / Style,Factor / Style,Factor / Style
2026-09-11,BBIN,80.41000366210938,80.43990325927734,80.20999908447266,80.25499725341797,30884.0,251,2478595.3351745605,17623602.313336182,14126765.121916756,-0.016241781660911,0.0318584556921173,0.1054233317293642,0.0,0.0774269805532589,0.0936531686919479,-0.0,0.0024667040293304,0.0098732290705173,0.0050589877937458,0.409971495281092,79.76419982910156,77.19399190266927,0.0070719017147211,81.73699951171875,81.7969970703125,0.9811484544405824,0.6372947692871094,0.0079408733548983,79.33000183105469,79.33000183105469,79.33000183105469,-0.0115257049905872,JPMorgan BetaBuilders International Equity ETF,Z,True,False,False,False,False,False,False,False,False,,False,,,6496628224.0,Global Equity,unknown,329.0,True,,False,True,431.0,True,True,False,269.0,,0,0,False,Global Equity,Global Equity,Global Equity,Global Equity,Global Equity
2026-09-11,SPEM,52.56999969482422,52.61000061035156,52.42499923706055,52.5099983215332,1253896.0,251,65842076.8553772,53413244.643779,90483725.25823538,0.0040152789203837,0.0266661942995229,0.1239155969672884,0.0367774287466546,0.0512993096070325,0.095169728323438,0.0001476716343923,0.0013679573574125,0.0117930136984134,0.0050167270767628,0.7407263874111806,51.76419990539551,50.4100163269043,0.0045637352040424,53.470001220703125,53.470001220703125,0.982045953296178,0.4485004425048828,0.0085412389419361,52.13999938964844,51.68000030517578,51.68000030517578,-0.015806475773911,State Street SPDR Portfolio Emerging Markets ETF,P,True,False,False,False,False,False,False,False,False,,False,,,17305092096.0,Country / Region,unknown,151.0,True,,False,True,193.0,True,True,False,270.0,,0,0,False,Country / Region,Country / Region,Country / Region,Country / Region,Country / Region
2026-09-11,SCZ,86.02999877929688,86.25,85.86029815673828,86.08999633789062,1687826.0,251,145304934.15899658,94045780.5742218,122041077.17098516,-0.0105735636794882,0.031196939085476,0.1048072973754923,0.0,0.0737304894199892,0.0958238053612662,-0.0,0.0023001655871777,0.0100430340641495,0.0050101695541178,0.7996553881415941,85.03279968261718,82.94465250651042,0.0090374889620701,87.8499984741211,87.8499984741211,0.979965826217414,0.745999526977539,0.008665345088988,85.16999816894531,85.16999816894531,85.16999816894531,-0.0106864700671429,iShares MSCI EAFE Small-Cap ETF,Q,True,False,False,False,False,False,False,False,False,,False,,,14441042944.0,Country / Region,unknown,177.0,True,,False,True,154.0,True,True,False,271.0,,0,0,False,Country / Region,Country / Region,Country / Region,Country / Region,Country / Region
2026-09-11,IXJ,101.54000091552734,101.6261978149414,100.56800079345705,100.76000213623048,92506.0,251,9320904.757614136,20675026.155239105,25784859.89591689,-0.0224119294211053,0.0536224513200382,0.0725205218758027,0.0,0.0917487797360424,0.0657702799503477,-0.0,0.0049197944750688,0.0047696950259168,0.0048672596678656,0.1922299487072716,102.1034001159668,97.04278472900393,0.0144482020696574,107.69000244140624,107.69000244140624,0.9356486196669336,1.4544101715087892,0.0144343999669867,100.56800079345705,100.56800079345705,100.56800079345705,-0.0019055313487771,iShares Global Healthcare ETF,P,True,False,False,False,False,False,False,False,False,,False,,,3844812544.0,Sector,unknown,441.0,True,,False,True,370.0,True,True,False,272.0,,0,0,False,Sector,Sector,Sector,Sector,Sector
2026-09-11,BSCR,19.6200008392334,19.6200008392334,19.61000061035156,19.61000061035156,654351.0,251,12831823.509384155,11488105.982312012,11538468.384781731,0.0017323511610261,0.0080312772136799,0.0186087804767858,0.2737574675124715,0.4230920209908681,0.3972039004130073,0.0004742440666847,0.0033979693074737,0.0073914801873087,0.0047956981154159,0.7163828193803652,19.55751762390137,19.42222068786621,0.0014968247175433,19.6299991607666,19.6299991607666,0.9989812251008644,0.0134868291357433,0.0006877526117273,19.600000381469727,19.581069946289062,19.581069946289062,-0.0014753015380952,Invesco BulletShares 2027 Corporate Bond ETF,Q,True,False,False,False,False,False,False,False,False,,False,,,4586565632.0,Bond,unknown,396.0,True,,False,True,444.0,True,True,False,273.0,,0,0,False,Bond,Bond,Bond,Bond,Bond
2026-09-11,IQLT,50.650001525878906,50.67499923706055,50.435001373291016,50.47999954223633,1473074.0,251,74360774.84568024,61796956.25506325,72432568.28585102,-0.0258587448953947,0.0271791647878816,0.1046770402400247,0.0,0.0704643313388838,0.0963804451774036,-0.0,0.0019151616731274,0.0100888197381865,0.0047759419958981,0.1852214939655514,50.653000106811525,48.67933280944824,0.0082004730868465,52.36000061035156,52.36000061035156,0.9640947088197024,0.4322502136230469,0.0085628014568697,50.13999938964844,50.13999938964844,50.13999938964844,-0.0067353438128187,iShares MSCI Intl Quality Factor ETF,P,True,False,False,False,False,False,False,False,False,,False,,,13642241024.0,Country / Region,unknown,188.0,True,,False,True,221.0,True,True,False,274.0,,0,0,False,Country / Region,Country / Region,Country / Region,Country / Region,Country / Region
2026-09-11,JIRE,84.27999877929688,84.23989868164062,83.94000244140625,83.9800033569336,318160.0,251,26719077.868041992,28732890.9114151,31350733.798244417,-0.0228065979612809,0.0310620810740989,0.1034030046441971,0.0,0.0721004879637563,0.0903663310018809,-0.0,0.0022395912026122,0.0093441501442665,0.0047261868321912,0.3336592504537723,83.8533999633789,80.98793365478515,0.005991314451373,86.06500244140625,86.06999969482422,0.9757174817555356,0.6750457763671875,0.008038172771893,83.0199966430664,83.0199966430664,83.0199966430664,-0.0114313726541179,JPMorgan International Research Enhanced Equity ETF,P,True,False,False,False,False,False,False,False,False,,False,,,11130201088.0,Global Equity,unknown,223.0,True,,False,True,341.0,True,True,False,275.0,,0,0,False,Global Equity,Global Equity,Global Equity,Global Equity,Global Equity
2026-09-11,IVOO,126.0999984741211,126.37960052490234,125.5999984741211,126.0199966430664,67740.0,251,8536594.572601318,9256798.963783264,10208356.01901342,-0.0498379551865845,-0.0107166568093851,0.1175335944568545,0.0,0.0,0.1145721118720362,-0.0,-0.0,0.0134660721328332,0.0047131252464916,-0.0,128.77580017089844,123.8673021443685,-0.002546171295113,133.13999938964844,133.13999938964844,0.946522436689033,1.2209808349609377,0.0096887864425134,124.83999633789062,124.83999633789062,124.83999633789062,-0.0093635957515374,Vanguard S&P Mid-Cap 400 ETF,P,True,False,False,False,False,False,False,False,False,,False,,,5857669632.0,Other,unknown,352.0,True,,False,True,454.0,True,True,False,276.0,,0,0,False,Other,Other,Other,Other,Other
2026-09-11,JHMM,73.76000213623047,73.93170166015625,73.57469940185547,73.83999633789062,241247.0,251,17813677.5965271,14014588.748829652,16188759.876194546,-0.0429035012640665,0.0061769799998752,0.1113201441930205,0.0,0.0159827067414333,0.1188163005384195,-0.0,9.872485988570475e-05,0.0132266477084181,0.004693497856872,0.0183850763555938,74.8699998474121,72.09945505777995,0.000597987507078,77.44999694824219,77.44999694824219,0.9533892736914628,0.6624851226806641,0.0089719008062939,72.97000122070312,72.97000122070312,72.97000122070312,-0.0117821663100634,John Hancock Multifactor Mid Cap ETF,P,True,False,False,False,False,False,False,False,False,,False,,,5809617408.0,Factor / Style,unknown,354.0,True,,False,True,416.0,True,True,False,277.0,,0,0,False,Factor / Style,Factor / Style,Factor / Style,Factor / Style,Factor / Style
2026-09-11,SPMD,65.30000305175781,65.41000366210938,65.0199966430664,65.23999786376953,1197064.0,251,78096452.80279541,86822199.42812653,95379461.26216924,-0.0503638899297096,-0.0113530141572766,0.1172056848409468,0.0,0.0,0.1134205637441883,-0.0,-0.0,0.0132935348486838,0.0046527371970393,-0.0,66.67820007324218,64.1374178314209,-0.0025604172722639,68.97000122070312,68.97000122070312,0.9459184675813238,0.6544998168945313,0.0100321863630532,64.62999725341797,64.62999725341797,64.62999725341797,-0.0093501016297599,State Street SPDR Portfolio S&P 400 Mid Cap ETF,P,True,False,False,False,False,False,False,False,False,,False,,,18386264064.0,Factor / Style,unknown,142.0,True,,False,True,185.0,True,True,False,278.0,,0,0,False,Factor / Style,Factor / Style,Factor / Style,Factor / Style,Factor / Style
2026-09-11,IBDS,24.1200008392334,24.145000457763672,24.11000061035156,24.1200008392334,1461891.0,251,35260812.14686775,12225741.7571599,13548970.174082711,0.0014488183439171,0.0085181311646573,0.0189028974510883,0.2256997989119036,0.3759966768637197,0.3842341619362383,0.0003269980088819,0.0032027890110004,0.0072631389602855,0.0046239114932502,0.7500745593335435,24.055928344726563,23.88870712280273,0.0015444287034214,24.20599937438965,24.20599937438965,0.9964472222846028,0.0333273444750831,0.0013817306515542,24.075141260505184,24.0572048326822,24.0572048326822,-0.0026034827680876,iShares iBonds Dec 2027 Term Corporate ETF,P,True,False,False,False,False,False,False,False,False,,False,,,3791735808.0,Bond,unknown,442.0,True,,False,True,433.0,True,True,False,279.0,,0,0,False,Bond,Bond,Bond,Bond,Bond
2026-09-11,IJH,74.51000213623047,74.68000030517578,74.20500183105469,74.44000244140625,5739319.0,251,427234920.3720093,434249367.93533325,470223491.31984407,-0.0507523057953239,-0.0115830272283196,0.1164148220801839,0.0,0.0,0.1127427421825783,-0.0,-0.0,0.0131249262720169,0.0045937241952059,-0.0,76.094599609375,73.20183451334636,-0.0026240346108123,78.70999908447266,78.70999908447266,0.9457502643535316,0.7529994964599609,0.0101155221891974,73.76000213623047,73.76000213623047,73.76000213623047,-0.009134877523829,iShares Core S&P Mid-Cap ETF,P,True,False,False,False,False,False,False,False,False,,False,,,124330491904.0,Other,unknown,22.0,True,,False,True,62.0,True,True,False,280.0,,0,0,False,Other,Other,Other,Other,Other
2026-09-11,VNLA,48.77999877929688,48.77999877929688,48.7599983215332,48.77000045776367,551364.0,251,26890022.53239441,19292442.59995117,18510866.717149764,0.0008168727153397,0.0079183565478144,0.0188075276330268,0.1533904658307486,0.3750452754802935,0.4038552691244791,0.0001253004863303,0.0029697422128262,0.0075955191338021,0.0045887641351678,0.6463677360068522,48.66220703125,48.29773763020833,0.0013991572870843,48.81999969482422,48.81999969482422,0.9989758451992402,0.0217573432506036,0.0004461214485623,48.7599983215332,48.7202348926168,48.7202348926168,-0.0010204134648301,Janus Henderson Short Duration Income ETF,P,True,False,False,False,False,False,False,False,False,,False,,,3309779456.0,Bond,unknown,473.0,True,,False,True,405.0,True,True,False,281.0,,0,0,False,Bond,Bond,Bond,Bond,Bond
2026-09-11,FENI,41.09000015258789,41.10900115966797,40.935001373291016,40.959999084472656,1090880.0,251,44682443.80126953,44882336.929367065,54309398.79764617,-0.0242972955904261,0.0293591283353886,0.1046237666440681,0.0,0.0681388666765454,0.0897307780200233,-0.0,0.0020004977313846,0.0093879719803576,0.0045861137185251,0.3634826997754518,40.88480010986328,39.51327095031738,0.0061825715554015,42.084999084472656,42.084999084472656,0.9732683848289528,0.3409498214721679,0.0083239704368405,40.52000045776367,40.52000045776367,40.52000045776367,-0.0107421542124931,Fidelity Enhanced International ETF,P,True,False,False,False,False,False,False,False,False,,False,,,10288922624.0,Global Equity,unknown,242.0,True,,False,True,266.0,True,True,False,282.0,,0,0,False,Global Equity,Global Equity,Global Equity,Global Equity,Global Equity
2026-09-11,EZU,69.8499984741211,69.8499984741211,69.48999786376953,69.61000061035156,2736822.0,251,190510181.0904236,66862033.03847656,61545964.28023856,-0.0315803663022324,0.013260791947151,0.1248979689463121,0.0,0.0307035035683659,0.0977275054615376,-0.0,0.0004071527728687,0.0122059669423356,0.0045367377321821,0.0574398271736828,69.87539978027344,66.97800559997559,0.0041415673350206,72.19999694824219,72.19999694824219,0.9641274730281872,0.6184978485107422,0.0088851866554755,68.93000030517578,68.93000030517578,68.93000030517578,-0.0097687156904673,iShares MSCI Eurozone ETF,Z,True,False,False,False,False,False,False,False,False,,False,,,9595190272.0,Country / Region,unknown,255.0,True,,False,True,249.0,True,True,False,283.0,,0,0,False,Country / Region,Country / Region,Country / Region,Country / Region,Country / Region
2026-09-11,MDY,678.6199951171875,680.7899780273438,676.5,678.6799926757812,482574.0,251,327513318.78552246,339935648.47009885,438133313.7618602,-0.0502658608135322,-0.0123127228004769,0.1148712661013249,0.0,0.0,0.1119929291207304,-0.0,-0.0,0.0128647695624942,0.0045026693468729,-0.0,693.7317956542969,667.889833984375,-0.0027200877609697,717.3499755859375,717.3499755859375,0.9460932819038989,6.782498168945312,0.0099936615815127,672.4400024414062,672.4400024414062,672.4400024414062,-0.0091943040928215,State Street SPDR S&P MIDCAP 400 ETF Trust,P,True,False,False,False,False,False,False,False,False,,False,,,28052918272.0,Other,unknown,100.0,True,,False,True,66.0,True,True,False,284.0,,0,0,False,Other,Other,Other,Other,Other
2026-09-11,FDL,52.310001373291016,52.435001373291016,52.09550094604492,52.22999954223633,601016.0,251,31391065.40487671,31066555.630091857,41766802.07713875,-0.0109828028019712,0.0405471821444962,0.0674170565402521,0.0,0.0903359665591161,0.0873497067063596,-0.0,0.0036628688902716,0.005888860115797,0.0044419658192055,0.3852480608651544,51.82099990844726,50.27339846293132,0.0148085646142177,53.7599983215332,53.7599983215332,0.9715402003894028,0.4887496948242187,0.0093576430999005,51.93000030517578,51.93000030517578,51.93000030517578,-0.0057438108307458,First Trust Morningstar ETF,P,True,False,False,False,False,False,False,False,False,,False,,,7288230400.0,Other,unknown,303.0,True,,False,True,301.0,True,True,False,285.0,,0,0,False,Other,Other,Other,Other,Other
2026-09-11,SPHQ,84.45999908447266,84.73989868164062,84.07499694824219,84.56999969482422,931090.0,251,78742281.01585388,119374948.68980788,137818287.76956105,-0.0329330743730329,-0.0193949061743547,0.1174914860621032,0.0,0.0,0.1047493472467519,-0.0,-0.0,0.0123071564720561,0.0043075047652196,-0.0,85.86300018310547,82.65151891072591,-0.008160956796045,88.08000183105469,90.36000061035156,0.9359229650684172,0.7544952392578125,0.0089215471441463,83.52999877929688,83.52999877929688,83.52999877929688,-0.0122975158954741,Invesco S&P 500 Quality ETF,P,True,False,False,False,False,False,False,False,False,,False,,,20360812544.0,Factor / Style,unknown,135.0,True,,False,True,147.0,True,True,False,286.0,,0,0,False,Factor / Style,Factor / Style,Factor / Style,Factor / Style,Factor / Style
2026-09-11,CGGR,46.86000061035156,46.97999954223633,46.720001220703125,46.72999954223633,3273402.0,251,152966073.96155548,112928109.93621406,120325159.86233532,-0.0160034135474683,0.0215636860052321,0.1169843874620806,0.0,0.0376724956937539,0.0901028010617069,-0.0,0.0008123578681735,0.0105406209908214,0.0042172499611003,1.1430641804887935,46.366200103759766,44.84380210876465,0.0021367292835721,47.54999923706055,47.99230270034517,0.9736977997077902,0.4843500137329101,0.0103648623684478,46.21099853515625,46.21099853515625,46.21099853515625,-0.0111063773200122,Capital Group Growth ETF,P,True,False,False,False,False,False,False,False,False,,False,,,24842137600.0,Factor / Style,unknown,111.0,True,,False,True,155.0,True,True,False,287.0,,0,0,False,Factor / Style,Factor / Style,Factor / Style,Factor / Style,Factor / Style
2026-09-11,IMTM,53.88999938964844,53.970001220703125,53.64500045776367,53.7400016784668,387177.0,251,20806892.62986374,14622769.661896324,18079671.90256046,-0.009400890719506,0.0231849759728781,0.1211135390535755,0.0,0.0428117970762125,0.084075036816089,-0.0,0.0009925904865677,0.0101826252548562,0.0042091026554686,0.4240378579977187,53.00134010314942,51.59075253804525,0.0022389051478834,54.79199981689453,54.79199981689453,0.9808001507164672,0.5308502197265625,0.0098781206391229,52.7599983215332,52.7599983215332,52.7599983215332,-0.0182360127712142,iShares MSCI Intl Momentum Factor ETF,P,True,False,False,False,False,False,False,False,False,,False,,,4170761216.0,Country / Region,unknown,415.0,True,,False,True,408.0,True,True,False,288.0,,0,0,False,Country / Region,Country / Region,Country / Region,Country / Region,Country / Region
2026-09-11,VWO,60.380001068115234,60.470001220703125,60.25,60.34999847412109,6348006.0,251,383102152.4137116,353869195.34579086,447137874.1051774,0.0001656997266807,0.0223642151877572,0.1125340538138162,0.0014386088361649,0.0432020804649687,0.0881108860841457,2.383770909530941e-07,0.0009661806240773,0.0099154751961762,0.0040984337243119,0.6660721597859229,59.66319999694824,58.315107879638674,0.0040492992943568,61.540000915527344,61.540000915527344,0.980662944041231,0.5375,0.008906379678377,59.900001525878906,59.560001373291016,59.560001373291016,-0.0130902588368554,Vanguard FTSE Emerging Markets ETF,P,True,False,False,False,False,False,False,False,False,,False,,,163324018688.0,Country / Region,unknown,15.0,True,,False,True,65.0,True,True,False,289.0,,0,0,False,Country / Region,Country / Region,Country / Region,Country / Region,Country / Region
2026-09-11,VOT,295.7099914550781,296.1698913574219,294.614990234375,294.989990234375,198067.0,251,58427782.39575195,51399782.68485107,57905680.297776,-0.0588629787625153,0.0015920849391044,0.1229964068695153,0.0,0.0027863851761769,0.0933924276953569,-0.0,4.436161873535279e-06,0.0114869330353499,0.0040233100675902,0.0012737531676208,300.90379943847654,287.6990658569336,-0.0031605522829528,315.1499938964844,315.1499938964844,0.936030448825802,3.310494995117188,0.0112223977243666,292.54998779296875,292.54998779296875,292.54998779296875,-0.0082714753794446,Vanguard Morningstar Mid-Cap Growth ETF,P,True,False,False,False,False,False,False,False,False,,False,,,34797047808.0,Factor / Style,unknown,86.0,True,,False,True,257.0,True,True,False,290.0,,0,0,False,Factor / Style,Factor / Style,Factor / Style,Factor / Style,Factor / Style
2026-09-11,AOR,69.55999755859375,69.5999984741211,69.32499694824219,69.36000061035156,337853.0,251,23433484.286209103,24457233.91676407,21431069.04091753,-0.0147727399571865,0.0137358829550184,0.082672320142604,0.0,0.0499651777395505,0.1226581383843381,-0.0,0.0006863158332571,0.0101404328846058,0.0039952568012291,0.3743669852713958,69.29919998168945,67.52626627604167,0.002789444494629,70.44000244140625,70.48999786376953,0.983969395833976,0.3599990844726562,0.0051902981733672,68.94000244140625,68.94000244140625,68.94000244140625,-0.0060553368692247,iShares Core 60/40 Balanced Allocation ETF,P,True,False,False,False,False,False,False,False,False,,False,,,3667536128.0,Other,unknown,451.0,True,,False,True,389.0,True,True,False,291.0,,0,0,False,Other,Other,Other,Other,Other
2026-09-11,VBK,341.1099853515625,341.9798889160156,340.07501220703125,340.69000244140625,156892.0,251,53451535.86303711,64203800.3371582,74082524.90871853,-0.0674969296568791,-0.0246279534899488,0.1296614333730539,0.0,0.0,0.0877618876913144,-0.0,-0.0,0.0113793321535808,0.0039827662537532,-0.0,351.44319885253907,336.90483907063805,-0.0063924784082227,367.0400085449219,367.0400085449219,0.9282094445017685,4.166995239257813,0.0122310464334053,337.79998779296875,337.79998779296875,337.79998779296875,-0.0084828278720463,Vanguard Morningstar Small-Cap Growth ETF,P,True,False,False,False,False,False,False,False,False,,False,,,47006371840.0,Factor / Style,unknown,65.0,True,,False,True,217.0,True,True,False,292.0,,0,0,False,Factor / Style,Factor / Style,Factor / Style,Factor / Style,Factor / Style
2026-09-11,CWB,102.6999969482422,103.01000213623048,102.22000122070312,102.6500015258789,1467629.0,251,150652119.08942413,50591847.74970589,68921672.11917563,-0.0337788228116121,-0.0237987907752041,0.1246080663604083,0.0,0.0,0.0912996531634587,-0.0,-0.0,0.0113766732400745,0.003981835634026,-0.0,103.1320948791504,100.5211149597168,-0.0097743930037497,106.77779788367818,111.52416058159478,0.9204283716690856,1.3650063060111186,0.0132976744833948,100.36000061035156,100.36000061035156,100.36000061035156,-0.0223088249535974,State Street SPDR Bloomberg Convertible Securities ETF,P,True,False,False,False,False,False,False,False,False,,False,,,6197490688.0,Other,unknown,343.0,True,,False,True,225.0,True,True,False,293.0,,0,0,False,Other,Other,Other,Other,Other
2026-09-11,ICVT,114.62000274658205,114.62000274658205,114.01000213623048,114.16000366210938,808526.0,251,92301331.12091064,64350817.18165589,71719765.51297869,-0.0357332479597301,-0.0304873493500883,0.1266003303339455,0.0,0.0,0.0879636926892113,-0.0,-0.0,0.0111362325518478,0.0038976813931467,-0.0,115.2738638305664,112.32582595825195,-0.0120227616268269,119.3593397025625,126.13139735236436,0.9050879167158408,1.2405623532987236,0.0108668738043363,111.86000061035156,111.86000061035156,111.86000061035156,-0.0201471879640557,iShares Convertible Bond ETF,Z,True,False,False,False,False,False,False,False,False,,False,,,7533008896.0,Bond,unknown,296.0,True,,False,True,224.0,True,True,False,294.0,,0,0,False,Bond,Bond,Bond,Bond,Bond
2026-09-11,VGK,90.30999755859376,90.38839721679688,89.9000015258789,90.0199966430664,1070647.0,251,96379639.34590912,156093623.1596554,175730383.58003488,-0.025546662486659,0.0199652666720837,0.1005161160946421,0.0,0.0525666052830848,0.0887789536882681,-0.0,0.0010495062925229,0.0089237156156908,0.0038054795556317,0.1415956833661453,90.56220031738282,87.28117543538411,0.0070364086658074,93.29000091552734,93.29000091552734,0.964947966123166,0.6889190673828125,0.0076529559328291,89.37000274658203,89.37000274658203,89.37000274658203,-0.0072205501080124,Vanguard FTSEEuropean ETF,P,True,False,False,False,False,False,False,False,False,,False,,,37858430976.0,Other,unknown,81.0,True,,False,True,122.0,True,True,False,295.0,,0,0,False,Other,Other,Other,Other,Other
2026-09-11,IJK,111.58000183105467,111.7300033569336,111.16000366210938,111.5199966430664,216099.0,251,24099359.754570007,24055761.32173576,27073793.037469167,-0.0597757687446329,-0.023012215731836,0.1160694263391379,0.0,0.0,0.0930544035503864,-0.0,-0.0,0.0108007712384239,0.0037802699334483,-0.0,114.23419921875,110.15082494099934,-0.0055817007604874,119.38999938964844,119.38999938964844,0.9340815580298564,1.2174999237060546,0.0109173238912731,110.4499969482422,110.4499969482422,110.4499969482422,-0.0095946890874547,iShares S&P Mid-Cap 400 Growth ETF,P,True,False,False,False,False,False,False,False,False,,False,,,11298716672.0,Factor / Style,unknown,219.0,True,,False,True,367.0,True,True,False,296.0,,0,0,False,Factor / Style,Factor / Style,Factor / Style,Factor / Style,Factor / Style
2026-09-11,EWU,48.08000183105469,48.08000183105469,47.7400016784668,47.93999862670898,726335.0,251,34820498.90253067,45843322.79323673,58919658.12104271,-0.0066307440106444,0.0368168149487551,0.0598672482259479,0.0,0.1010261218949319,0.0601139282430073,-0.0,0.003719460034796,0.0035988554639609,0.0036772484350037,0.521056142284039,47.86059989929199,46.64403091430664,0.0102543972646007,49.38999938964844,49.38999938964844,0.9706418145199784,0.3790004730224609,0.0079057255711164,47.459999084472656,47.459999084472656,47.459999084472656,-0.0100125063826953,iShares MSCI United Kingdom ETF,P,True,False,False,False,False,False,False,False,False,,False,,,3667788800.0,Country / Region,unknown,450.0,True,,False,True,255.0,True,True,False,297.0,,0,0,False,Country / Region,Country / Region,Country / Region,Country / Region,Country / Region
2026-09-11,COPX,89.66999816894531,90.05000305175781,87.98999786376953,88.52999877929688,3049014.0,251,269929205.6980591,303203961.2098526,262459982.3493541,0.0351964716368415,0.0681919128847348,0.1140061081283883,0.0806755341653353,0.0483136298228859,0.0350543680401646,0.0028394941500372,0.0032945988360275,0.0039964120731593,0.0035402334690236,0.4611897386171523,84.31359954833984,83.24578180948893,0.0303213632236989,97.58999633789062,97.58999633789062,0.9071626406540187,2.901999664306641,0.0327798452990071,87.98999786376953,84.93000030517578,84.93000030517578,-0.0406641649583188,Global X Copper Miners ETF,P,True,False,False,False,False,False,False,False,False,,False,,,7154050560.0,Commodity,unknown,305.0,True,,False,True,89.0,True,True,False,298.0,,0,0,False,Commodity,Commodity,Commodity,Commodity,Commodity
2026-09-11,FWD,127.79000091552734,128.15989685058594,127.3550033569336,127.55999755859376,75914.0,251,9683589.654663086,20015820.11925354,32038209.10306852,-0.0619208591962036,-0.0846071620274182,0.157006780576814,0.0,0.0,0.0641348535436147,-0.0,-0.0,0.0100696068776484,0.0035243624071769,-0.0,130.4973991394043,127.08916651407876,-0.0246918590155588,137.14999389648438,149.56900024414062,0.85285050612345,1.995794677734375,0.0156459290995017,125.2699966430664,125.2699966430664,125.2699966430664,-0.0179523436763586,AB Disruptors ETF,P,True,False,False,False,False,False,False,False,False,,False,,,3163472384.0,Other,unknown,489.0,True,,False,True,339.0,True,True,False,299.0,,0,0,False,Other,Other,Other,Other,Other
2026-09-11,IEUR,76.33999633789062,76.4000015258789,76.00499725341797,76.06999969482422,364816.0,251,27751553.008666992,80833592.97781067,72195668.92852202,-0.0274865954017633,0.0175196949231,0.0962547024845654,0.0,0.0472335722502384,0.0858525310146564,-0.0,0.0008275177759523,0.0082637098303626,0.0034301849949959,0.1155383758074049,76.68740005493164,73.92830525716145,0.0064940704244245,78.90399932861328,78.90399932861328,0.9640829405619068,0.5823505401611329,0.0076554560601734,75.54499816894531,75.54499816894531,75.54499816894531,-0.0069015581436189,iShares Core MSCI Europe ETF,P,True,False,False,False,False,False,False,False,False,,False,,,8644286464.0,Country / Region,unknown,271.0,True,,False,True,222.0,True,True,False,300.0,,0,0,False,Country / Region,Country / Region,Country / Region,Country / Region,Country / Region
2026-09-11,BBEU,78.75,78.76000213623047,78.33000183105469,78.51000213623047,1729813.0,251,135807622.32527924,28610552.139175035,23012108.336908128,-0.0261721723947847,0.0176931191019227,0.0946963338365092,0.0,0.0477522504187213,0.0837957441729268,-0.0,0.0008448862540432,0.0079351497642782,0.0033264784826255,0.1192496729850965,79.10829986572266,76.32912475585937,0.0060425426336654,81.30999755859375,81.30999755859375,0.9655639465448816,0.5984004974365235,0.0076219651146892,77.89299774169922,77.89299774169922,77.89299774169922,-0.0078589272416605,JPMorgan BetaBuilders Europe ETF,Z,True,False,False,False,False,False,False,False,False,,False,,,9113485312.0,Country / Region,unknown,263.0,True,,False,True,384.0,True,True,False,301.0,,0,0,False,Country / Region,Country / Region,Country / Region,Country / Region,Country / Region
2026-09-11,CGMM,32.029998779296875,32.09000015258789,31.925500869750977,32.02000045776367,786523.0,251,25184466.820041656,22703144.8447176,24357198.742761943,-0.0504152046677774,0.0097395159022661,0.0971673717754368,0.0,0.0221129972836548,0.0933525871282252,-0.0,0.0002153698886909,0.0090708255396871,0.0033147793665395,0.043200600183018,32.58680004119873,31.54929401397705,-0.0001987363926702,33.84000015258789,33.84000015258789,0.946217503350542,0.308699893951416,0.0096408460193062,31.70499992370605,31.70499992370605,31.70499992370605,-0.0098376180372989,Capital Group U.S. Small and Mid Cap ETF,P,True,False,False,False,False,False,False,False,False,,False,,,3082042368.0,Factor / Style,unknown,499.0,True,,False,True,377.0,True,True,False,302.0,,0,0,False,Factor / Style,Factor / Style,Factor / Style,Factor / Style,Factor / Style
2026-09-11,CGBL,37.72999954223633,37.7599983215332,37.619998931884766,37.630001068115234,1097912.0,251,41314429.73269653,48445289.34161148,65306603.03433421,-0.0243712375977831,0.0110340231686096,0.0801558484960074,0.0,0.0371893132497615,0.1075918687462097,-0.0,0.0004103477440225,0.0086241175306235,0.0032851671693328,0.1807271871875564,37.82320045471192,36.78411005655924,0.0014764414794841,38.59000015258789,38.68000030517578,0.9728542081495266,0.2113494873046875,0.0056165155808025,37.45399856567383,37.45399856567383,37.45399856567383,-0.0046771856881645,Capital Group Core Balanced ETF,P,True,False,False,False,False,False,False,False,False,,False,,,6991702016.0,Other,unknown,311.0,True,,False,True,239.0,True,True,False,303.0,,0,0,False,Other,Other,Other,Other,Other
2026-09-11,XSMO,84.51000213623047,84.51000213623047,83.5999984741211,83.75,183753.0,251,15389313.75,23635175.30114746,22883473.887360588,-0.0563380281690141,-0.0538420557297552,0.1179533410747191,0.0,0.0,0.0766427217028933,-0.0,-0.0,0.0090402650939161,0.0031640927828706,-0.0,87.19059967041015,84.38330891927083,-0.015053751593632,90.08000183105467,93.68000030517578,0.8940008510586315,1.083001708984375,0.0129313636893656,82.70999908447266,82.70999908447266,82.70999908447266,-0.0124179213794309,Invesco S&P SmallCap Momentum ETF,P,True,False,False,False,False,False,False,False,False,,False,,,3182153728.0,Factor / Style,unknown,486.0,True,,False,True,385.0,True,True,False,304.0,,0,0,False,Factor / Style,Factor / Style,Factor / Style,Factor / Style,Factor / Style
2026-09-11,IWY,287.3299865722656,288.260009765625,286.63751220703125,286.6600036621094,277416.0,251,79524071.57592773,79283143.32183838,101014047.89423868,-0.0226056281825127,0.0067147720698577,0.1086271754533785,0.0,0.0102867493146463,0.0814435369756539,-0.0,6.907317698761514e-05,0.008846981380598,0.0031413410482512,3.011960064576895,284.9242041015625,277.3787790934245,0.0022273019525869,293.8999938964844,302.8307183720784,0.9466014716178806,3.1809967041015623,0.0110967580529687,282.70001220703125,281.7099914550781,281.7099914550781,-0.017267885801278,iShares Russell Top 200 Growth ETF,P,True,False,False,False,False,False,False,False,False,,False,,,16964288512.0,Factor / Style,unknown,153.0,True,,False,True,177.0,True,True,False,305.0,,0,0,False,Factor / Style,Factor / Style,Factor / Style,Factor / Style,Factor / Style
2026-09-11,VONG,126.01000213623048,126.5500030517578,125.86000061035156,125.9000015258789,738797.0,251,93014543.42731476,135510150.1356907,140803191.63885027,-0.0268222441236498,0.0079147926010272,0.1065152981998669,0.0,0.0125237821775786,0.0817216715472112,-0.0,9.912313851597596e-05,0.0087046082142427,0.0031110429150203,3.191560824196756,125.46280014038086,122.05215301513672,0.0021004801403023,129.64999389648438,132.77137888766129,0.9482465466627692,1.396500015258789,0.0110921366031257,124.37000274658205,124.27999877929688,124.27999877929688,-0.0128673767033198,Vanguard Russell 1000 Growth ETF,Q,True,False,False,False,False,False,False,False,False,,False,,,53361160192.0,Factor / Style,unknown,52.0,True,,False,True,140.0,True,True,False,306.0,,0,0,False,Factor / Style,Factor / Style,Factor / Style,Factor / Style,Factor / Style
2026-09-11,IWF,122.51000213623048,122.91999816894533,122.23500061035156,122.2699966430664,2493904.0,251,304929633.7081299,404078056.9348877,536476763.3548787,-0.0269776135623746,0.0066436760426227,0.1052142848473212,0.0,0.0104492103372594,0.0802182906058494,-0.0,6.942116838197636e-05,0.008440110077769,0.0029991622866674,2.467885034519599,121.86279998779295,118.60285135904948,0.0019815518952197,125.98999786376952,129.02637734576848,0.947635663019538,1.3689990997314454,0.0111965252091063,120.73999786376952,120.69000244140624,120.69000244140624,-0.0129221742458415,iShares Russell 1000 Growth Fund,P,True,False,False,False,False,False,False,False,False,,False,,,128899137536.0,Factor / Style,unknown,21.0,True,,False,True,55.0,True,True,False,307.0,,0,0,False,Factor / Style,Factor / Style,Factor / Style,Factor / Style,Factor / Style
2026-09-11,SCHC,50.88999938964844,50.97999954223633,50.68000030517578,50.720001220703125,282052.0,251,14305677.784301758,14757974.857404329,15811949.061523195,-0.0068533087176925,0.0292414645789966,0.0774530413339016,0.0,0.0643432836405625,0.065003690613111,-0.0,0.0018814918494718,0.0050347335359134,0.0029851264397264,0.8550248269208979,49.74140022277832,49.32131210327148,0.0111770804266007,52.119998931884766,52.119998931884766,0.9731389535711372,0.503999900817871,0.0099369063227101,50.36000061035156,50.36000061035156,50.36000061035156,-0.0070978036610263,Schwab International Small-Cap Equity ETF,P,True,False,False,False,False,False,False,False,False,,False,,,5338413056.0,Global Equity,unknown,366.0,True,,False,True,419.0,True,True,False,308.0,,0,0,False,Global Equity,Global Equity,Global Equity,Global Equity,Global Equity
2026-09-11,FTCS,97.3000030517578,97.45999908447266,96.73999786376952,97.11000061035156,303311.0,251,29454531.395126343,31282991.564377595,44729346.79414319,-0.0385148454420637,0.0342376451588106,0.0368834717620287,0.0,0.0840350815612794,0.0505024050570222,-0.0,0.0028771633033867,0.0018627040308352,0.0025221025579937,0.1868704553745512,98.99080032348633,95.713616994222,0.0114149103934488,102.93000030517578,102.93000030517578,0.9434567212905024,0.9450000762939452,0.0097312333472811,96.73999786376952,96.73999786376952,96.73999786376952,-0.0038101405031047,First Trust Capital Strength ETF,Q,True,False,False,False,False,False,False,False,False,,False,,,7646184448.0,Other,unknown,294.0,True,,False,True,291.0,True,True,False,309.0,,0,0,False,Other,Other,Other,Other,Other
2026-09-11,MLPX,75.12999725341797,75.52999877929688,74.61000061035156,75.13999938964844,209536.0,251,15744534.912109377,25788075.14152527,30696187.51655457,0.0134879957948801,0.0266120140942012,0.0694006405056986,0.0754148125389093,0.0451005501609604,0.0569836313103278,0.0010171946743964,0.0012002164765397,0.0039547005112773,0.0021642858886978,0.5967413842219685,74.74640548706054,72.6153145345052,0.0083748037859594,77.12999725341797,77.54653107216272,0.9689666107659306,1.2520004272460938,0.0166622363244066,74.61000061035156,73.61000061035156,73.61000061035156,-0.0203619748699073,Global X MLP & Energy Infrastructure ETF,P,True,False,False,False,False,False,False,False,False,,False,,,3484022272.0,REIT / Infra,unknown,463.0,True,,False,True,344.0,True,True,False,310.0,,0,0,False,REIT / Infra,REIT / Infra,REIT / Infra,REIT / Infra,REIT / Infra
2026-09-11,AKRE,56.86000061035156,57.15999984741211,56.52000045776367,56.97999954223633,255432.0,220,14554515.24307251,22500580.896507263,30715257.127215672,-0.053016432171929,0.0384545407586194,0.0644498569328151,0.0,0.0468161015348176,0.0438875874242525,-0.0,0.0018002916846303,0.0028285487306194,0.0021601816507265,0.1382264093870792,57.9321997833252,55.5979332224528,0.0214905129040741,62.31999969482422,62.31999969482422,0.9143132192115304,1.1212493896484377,0.0196779466243644,56.26300048828125,56.26300048828125,56.26300048828125,-0.0125833460813491,Akre Focus ETF,P,True,False,False,False,False,False,False,False,False,,False,,,5185632256.0,Other,unknown,372.0,True,,False,True,342.0,True,True,False,311.0,,0,0,False,Other,Other,Other,Other,Other
2026-09-11,VSS,158.64999389648438,158.77499389648438,158.0800018310547,158.55999755859375,384350.0,251,60942535.06164551,44061559.63035584,33913370.3059363,-0.0083182302591264,0.0158516206192484,0.0791832992572285,0.0,0.03352990147606,0.0648200204291828,-0.0,0.0005315032775992,0.0051326630755036,0.0021419092068658,0.5487714394570107,156.08299926757812,154.78446482340496,0.0062105627404858,162.4600067138672,162.4600067138672,0.9759940354911942,1.4767494201660156,0.0093135055682647,157.1999969482422,157.1999969482422,157.1999969482422,-0.0085771987341826,Vanguard FTSE All-Wld ex-US SmCp Idx ETF,P,True,False,False,False,False,False,False,False,False,,False,,,13810126848.0,Country / Region,unknown,184.0,True,,False,True,329.0,True,True,False,312.0,,0,0,False,Country / Region,Country / Region,Country / Region,Country / Region,Country / Region
2026-09-11,DIHP,34.68000030517578,34.720001220703125,34.56019973754883,34.6150016784668,538694.0,251,18646893.714179996,19734790.629636765,21314289.181500997,-0.0276684505020505,0.0132307907041664,0.0714837322869121,0.0,0.0358936827239576,0.0730470073058229,-0.0,0.0004749018037224,0.0052216727146095,0.0021362716225329,0.0795824128826541,34.77240020751953,33.852744839986165,0.0060444386558715,35.875,35.875,0.9648780955670188,0.3033994674682617,0.0087649704681944,34.32500076293945,34.32500076293945,34.32500076293945,-0.0083778969078527,Dimensional International High Profitability ETF,Z,True,False,False,False,False,False,False,False,False,,False,,,6191810560.0,Global Equity,unknown,344.0,True,,False,True,390.0,True,True,False,313.0,,0,0,False,Global Equity,Global Equity,Global Equity,Global Equity,Global Equity
2026-09-11,JGRO,94.1500015258789,94.4250030517578,93.91999816894533,93.91999816894533,594333.0,251,55819754.271743774,44714604.3130516,53712733.92888702,-0.0304532310725138,-0.0120963661467384,0.0845265568568303,0.0,0.0,0.062510656554518,-0.0,-0.0,0.0052838105654132,0.0018493336978946,-0.0,94.30059997558594,92.7063330078125,-0.0046631701034932,97.55999755859376,99.7300033569336,0.9417426552449388,1.0049007415771485,0.0106995396206195,92.76000213623048,92.76000213623048,92.76000213623048,-0.0123508949673126,JPMorgan Active Growth ETF,P,True,False,False,False,False,False,False,False,False,,False,,,9992348672.0,Factor / Style,unknown,248.0,True,,False,True,270.0,True,True,False,314.0,,0,0,False,Factor / Style,Factor / Style,Factor / Style,Factor / Style,Factor / Style
2026-09-11,EMLC,25.51000022888184,25.5049991607666,25.43000030517578,25.440000534057617,2140965.0,251,54466150.74339867,64688975.65368223,51538579.34534754,-0.0031268210859073,0.0155831429130532,0.0373142308694669,0.0,0.0783532333146629,0.0739712113708979,-0.0,0.0012209896324422,0.0027601788587878,0.0017597058616631,0.3020298608610445,25.37253204345703,25.106309305826823,0.0032423763773583,25.788426181274463,25.788426181274463,0.9864890689812686,0.1029177134778027,0.0040455075203328,25.420000076293945,25.420000076293945,25.420000076293945,-0.0007861814993633,VanEck J. P. Morgan EM Local Currency Bond ET,P,True,False,False,False,False,False,False,False,False,,False,,,4872451072.0,Bond,unknown,383.0,True,,False,True,276.0,True,True,False,315.0,,0,0,False,Bond,Bond,Bond,Bond,Bond
2026-09-11,GRID,179.64999389648438,181.25999450683597,179.39999389648438,180.77999877929688,291807.0,251,52752869.10379028,92887863.78867036,114369988.53027974,-0.0394772204958583,-0.0414590317032325,0.0909912813504882,0.0,0.0,0.048060644122496,-0.0,-0.0,0.0043730995912357,0.0015305848569325,,181.28660003662108,180.7672779337565,-0.0123895876942345,189.8300018310547,199.1864313808516,0.907591935484998,2.8334983825683597,0.0156737382547922,174.1999969482422,174.1999969482422,174.1999969482422,-0.0363978419929508,First Trust NASDAQ Clean Edge Smart Grid Infrastructure Index Fund,Q,True,False,False,False,False,False,False,False,False,,False,,,12076603392.0,REIT / Infra,unknown,204.0,True,,False,True,164.0,True,True,False,316.0,,0,0,False,REIT / Infra,REIT / Infra,REIT / Infra,REIT / Infra,REIT / Infra
2026-09-11,USRT,64.69000244140625,64.75499725341797,64.27999877929688,64.4800033569336,416382.0,251,26848312.757766724,32126147.578195952,35862508.61973669,-0.0404760969469023,-0.02109422407204,0.0642292694803385,0.0,0.0,0.0672511132905242,-0.0,-0.0,0.0043194898783898,0.0015118214574364,-0.0,67.13739990234374,64.31877482096354,-0.0029671602318214,67.73999786376953,70.08999633789062,0.9199601473238448,0.6832500457763672,0.0105963090912726,64.05999755859375,64.05999755859375,64.05999755859375,-0.0065137372281894,iShares Core U.S. REIT ETF,P,True,False,False,False,False,False,False,False,False,,False,,,4356137472.0,REIT / Infra,unknown,405.0,True,,False,True,319.0,True,True,False,317.0,,0,0,False,REIT / Infra,REIT / Infra,REIT / Infra,REIT / Infra,REIT / Infra
2026-09-11,SHYG,41.86000061035156,41.88999938964844,41.77999877929688,41.790000915527344,1379848.0,251,57663849.183288574,53390436.37193756,56335530.345148,-0.0055524767466718,0.0040775362471598,0.0272145808049519,0.0,0.0594811841686565,0.130516978310052,-0.0,0.0002425366844716,0.003551964852637,0.0014008365433295,0.1172065040882646,41.849906845092775,41.46370323181152,0.0013637336258707,42.132718207701146,42.132718207701146,0.991865768297115,0.0764116757674376,0.001828467913219,41.77999877929688,41.77999877929688,41.77999877929688,-0.0002393428095559,iShares 0-5 Year High Yield Corporate Bond ETF,P,True,False,False,False,False,False,False,False,False,,False,,,7603881984.0,Bond,unknown,295.0,True,,False,True,260.0,True,True,False,318.0,,0,0,False,Bond,Bond,Bond,Bond,Bond
2026-09-11,EFG,122.19000244140624,122.20999908447266,121.64469909667967,121.7699966430664,588904.0,251,71710838.10308838,67868511.8663208,81895092.62761289,-0.042312267544232,-0.0060354159859121,0.0742576543187607,0.0,0.0,0.0538633694102571,-0.0,-0.0,0.0039997674661105,0.0013999186131387,-0.0,123.20699951171876,120.00655197143554,-0.0001249779707225,127.44000244140624,127.44000244140624,0.9555084299300232,1.1880012512207032,0.009756108105209,120.58999633789062,120.58999633789062,120.58999633789062,-0.0096904027076112,iShares MSCI EAFE Growth ETF,Z,True,False,False,False,False,False,False,False,False,,False,,,16891213824.0,Country / Region,unknown,155.0,True,,False,True,208.0,True,True,False,319.0,,0,0,False,Country / Region,Country / Region,Country / Region,Country / Region,Country / Region
2026-09-11,PAVE,53.91999816894531,54.2599983215332,53.83000183105469,54.08000183105469,1140143.0,251,61658935.527664185,84328011.01640014,105428358.7115614,-0.0725432934764752,-0.0525562289503784,0.072769040380934,0.0,0.0,0.0474434743552147,-0.0,-0.0,0.0034524161011664,0.0012083456354082,-0.0,56.53459991455078,55.405934702555335,-0.0142319971763846,58.880001068115234,60.32421526966227,0.8964891062288237,0.8352495193481445,0.0154447021277376,53.14500045776367,53.14500045776367,53.14500045776367,-0.0172892259917436,Global X U.S. Infrastructure Development ETF,Z,True,False,False,False,False,False,False,False,False,,False,,,14567146496.0,REIT / Infra,unknown,174.0,True,,False,True,174.0,True,True,False,320.0,,0,0,False,REIT / Infra,REIT / Infra,REIT / Infra,REIT / Infra,REIT / Infra
2026-09-11,SCHH,23.21999931335449,23.280000686645508,23.100000381469727,23.200000762939453,10076060.0,251,233764599.6874237,129371016.49663162,156247506.60341415,-0.0357439202864606,-0.0236656382772759,0.0571571430545581,0.0,0.0,0.0598571073471565,-0.0,-0.0,0.0034212612474734,0.0011974414366157,-0.0,24.0234001159668,23.184725964864096,-0.0024154901595142,24.270000457763672,25.030000686645508,0.9268877397721196,0.2429999351501464,0.0104741347913368,23.0,23.0,23.0,-0.0086207222569985,Schwab U.S. REIT ETF,P,True,False,False,False,False,False,False,False,False,,False,,,11128644608.0,REIT / Infra,unknown,224.0,True,,False,True,128.0,True,True,False,321.0,,0,0,False,REIT / Infra,REIT / Infra,REIT / Infra,REIT / Infra,REIT / Infra
2026-09-11,IWP,138.0500030517578,138.47500610351562,137.75999450683594,138.0,517765.0,251,71451570.0,115424531.31059264,116355757.17066687,-0.0619264534875579,-0.0181995231020836,0.0641805263217347,0.0,0.0,0.050330896299474,-0.0,-0.0,0.0032302634147448,0.0011305921951607,-0.0,140.9775994873047,137.64203908284506,-0.0050068088336329,148.2899932861328,148.2899932861328,0.9306089840716508,1.763751220703125,0.012780805947124,136.66000366210938,136.66000366210938,136.66000366210938,-0.0097101183905117,iShares Russell Midcap Growth ETF,P,True,False,False,False,False,False,False,False,False,,False,,,21568610304.0,Factor / Style,unknown,126.0,True,,False,True,161.0,True,True,False,322.0,,0,0,False,Factor / Style,Factor / Style,Factor / Style,Factor / Style,Factor / Style
2026-09-11,REET,27.049999237060547,27.065000534057617,26.899999618530277,26.979999542236328,1628384.0,251,43933799.57458496,85520990.98038292,78625956.23145512,-0.0395158634504065,-0.0191044305405992,0.0506060115862123,0.0,0.0,0.058502577319145,-0.0,-0.0,0.0029605821056359,0.0010362037369725,-0.0,28.010599899291996,27.08018296559652,-0.0018672265568765,28.2549991607666,29.059999465942383,0.9284239517573368,0.2381500244140625,0.0088269098760081,26.825000762939453,26.825000762939453,26.825000762939453,-0.0057449511462825,iShares Global REIT ETF,P,True,False,False,False,False,False,False,False,False,,False,,,4886244352.0,REIT / Infra,unknown,381.0,True,,False,True,212.0,True,True,False,323.0,,0,0,False,REIT / Infra,REIT / Infra,REIT / Infra,REIT / Infra,REIT / Infra
2026-09-11,EMLP,44.060001373291016,44.03749847412109,43.70000076293945,43.790000915527344,309344.0,251,13546174.04321289,9807065.4318779,10739949.210738167,-0.0079292813538908,0.0209583410636309,0.0201604417605012,0.0,0.0577433043907827,0.0269084497803592,-0.0,0.001210203867563,0.0005424862346623,0.0009765026960478,0.7016404894960963,44.08620018005371,43.41194536844889,0.0037413793556875,44.93999862670898,45.22999954223633,0.968162753896022,0.446875,0.0102049552559279,43.70000076293945,43.63999938964844,43.63999938964844,-0.0034254743718381,First Trust North American Energy Infrastructure Fund,P,True,False,False,False,False,False,False,False,False,,False,,,4057605120.0,REIT / Infra,unknown,420.0,True,,False,True,449.0,True,True,False,324.0,,0,0,False,REIT / Infra,REIT / Infra,REIT / Infra,REIT / Infra,REIT / Infra
2026-09-11,VNQ,94.8499984741211,95.1500015258789,94.41500091552734,94.8000030517578,3167698.0,251,300297780.0670471,279996250.25911254,308073980.4659584,-0.0383444786882333,-0.0202277877313939,0.0505152760898282,0.0,0.0,0.0527112458085807,-0.0,-0.0,0.0026627231350592,0.0009319530972707,-0.0,98.04139999389648,94.96643493652344,-0.0016884365126772,99.43000030517578,101.8000030517578,0.9312377230829648,0.9929988861083984,0.0104746714571966,93.91000366210938,93.91000366210938,93.91000366210938,-0.0093881789134808,Vanguard Real Estate ETF,P,True,False,False,False,False,False,False,False,False,,False,,,71348019200.0,REIT / Infra,unknown,42.0,True,,False,True,78.0,True,True,False,325.0,,0,0,False,REIT / Infra,REIT / Infra,REIT / Infra,REIT / Infra,REIT / Infra
2026-09-11,IAUM,43.7400016784668,43.86000061035156,43.27000045776367,43.33000183105469,2558712.0,251,110868995.6451416,146745842.99339294,108998127.95247276,0.0,0.033635585011879,-0.1448588238234666,0.0,0.042611176130437,0.0,0.0,0.0014332518371914,-0.0,0.0009316136941744,2.0997718148010422,42.50240028381348,45.17413342793783,0.0145804927300958,46.650001525878906,50.9900016784668,0.8497744735190518,0.85469970703125,0.0197253558946006,42.97999954223633,42.97999954223633,42.97999954223633,-0.0080775969080968,iShares Gold Trust Micro Shares,P,True,False,False,False,False,False,False,False,False,,False,,,6306659840.0,Commodity,unknown,339.0,True,,False,True,171.0,True,True,False,326.0,,0,0,False,Commodity,Commodity,Commodity,Commodity,Commodity
2026-09-11,SJNK,24.649999618530277,24.65999984741211,24.59000015258789,24.600000381469727,1439742.0,251,35417653.74921799,48335057.21837711,55503765.19731098,-0.0067852108432459,0.0008065435403536,0.023751620859268,0.0,0.010887463390721,0.110889666210724,-0.0,8.781213268623437e-06,0.0026338093090479,0.0009275410467913,0.0067481066842691,24.664952812194823,24.467295519510905,0.0008188231356327,24.807828650270245,24.807828650270245,0.9916224724166556,0.0487457385000356,0.0019815340546398,24.59000015258789,24.59000015258789,24.59000015258789,-0.0004065133628765,State Street SPDR Bloomberg Short Term High Yield Bond ETF,P,True,False,False,False,False,False,False,False,False,,False,,,4880412160.0,Bond,unknown,382.0,True,,False,True,263.0,True,True,False,327.0,,0,0,False,Bond,Bond,Bond,Bond,Bond
2026-09-11,GLDM,86.83000183105469,87.06999969482422,85.9000015258789,86.0,2596334.0,251,223284724.0,497304980.3491699,376625281.37462896,-0.0005810929690233,0.0332812270977236,-0.1451292116855934,0.0,0.0418618454982682,0.0,-0.0,0.0013932135867576,-0.0,0.0009055888313924,2.10221983294256,84.3743995666504,89.6937330118815,0.0145202184689874,92.6050033569336,101.25,0.8493827160493828,1.7078487396240234,0.0198587062746979,85.31999969482422,85.31999969482422,85.31999969482422,-0.0079069802927416,SPDR Gold MiniShares Trust,P,True,False,False,False,False,False,False,False,False,,False,,,27261255680.0,Commodity,unknown,101.0,True,,False,True,73.0,True,True,False,328.0,,0,0,False,Commodity,Commodity,Commodity,Commodity,Commodity
2026-09-11,SGOL,41.790000915527344,41.90999984741211,41.334999084472656,41.38999938964844,3604902.0,251,149206891.57974243,107054257.3536644,94551957.2433399,-0.000241597484585,0.0332001490455304,-0.1453644615148798,0.0,0.0418896862037167,0.0,-0.0,0.0013907438254338,-0.0,0.000903983486532,2.109636788587736,40.604599990844726,43.168533401489256,0.0145215036852381,44.560001373291016,48.72999954223633,0.8493740976495187,0.8169996261596679,0.0197390586665241,41.060001373291016,41.060001373291016,41.060001373291016,-0.0079728925156725,abrdn Physical Gold Shares ETF,P,True,False,False,False,False,False,False,False,False,,False,,,6743476736.0,Commodity,unknown,320.0,True,,False,True,186.0,True,True,False,329.0,,0,0,False,Commodity,Commodity,Commodity,Commodity,Commodity
2026-09-11,SPHY,23.059999465942383,23.07999992370605,22.9950008392334,23.0,4120817.0,251,94778791.0,89866499.43130569,122734567.85669504,-0.0081983487496856,0.0005384108292845,0.0249264025669941,0.0,0.0065946395306413,0.1024764764093188,-0.0,3.5506253385250776e-06,0.0025543699046257,0.000896337373089,0.0020096410529953,23.091039962768555,22.8865571085612,0.0010313396254282,23.259701280798584,23.259701280798584,0.9888347112603302,0.0575582928005172,0.0025025344695877,22.989999771118164,22.989999771118164,22.989999771118164,-0.0004347925600798,State Street SPDR Portfolio High Yield Bond ETF,P,True,False,False,False,False,False,False,False,False,,False,,,11327878144.0,Bond,unknown,218.0,True,,False,True,153.0,True,True,False,330.0,,0,0,False,Bond,Bond,Bond,Bond,Bond
2026-09-11,IAU,82.5199966430664,82.74500274658203,81.63500213623047,81.70999908447266,4452403.0,251,363805845.0537033,464784093.0124584,458208771.04398686,-0.0008559512823316,0.0326045990219372,-0.1457396991011512,0.0,0.0413328962508442,0.0,-0.0,0.0013476425086741,-0.0,0.0008759676306381,2.0694474765950783,80.18740036010742,85.26920003255208,0.0144679259623941,88.0199966430664,96.3000030517578,0.8484942522852927,1.6207496643066406,0.0198353895785886,81.08000183105469,81.08000183105469,81.08000183105469,-0.0077101610632337,iShares Gold Trust Shares,P,True,False,False,False,False,False,False,False,False,,False,,,60138172416.0,Commodity,unknown,48.0,True,,False,True,64.0,True,True,False,331.0,,0,0,False,Commodity,Commodity,Commodity,Commodity,Commodity
2026-09-11,XMMO,152.6199951171875,153.12899780273438,151.85000610351562,152.1699981689453,211388.0,251,32166911.57293701,45668499.7388031,61069656.14455547,-0.066670728439683,-0.0932302414403405,0.0664609659925519,0.0,0.0,0.0372439685038464,-0.0,-0.0,0.0024752701241618,0.0008663445434566,-0.0,158.1271987915039,157.155637105306,-0.0207790874745918,166.6699981689453,173.94000244140625,0.8748418766994417,2.4814498901367186,0.0163070902280074,150.3300018310547,150.3300018310547,150.3300018310547,-0.0120917155814629,Invesco S&P MidCap Momentum ETF,P,True,False,False,False,False,False,False,False,False,,False,,,7917685760.0,Factor / Style,unknown,289.0,True,,False,True,250.0,True,True,False,332.0,,0,0,False,Factor / Style,Factor / Style,Factor / Style,Factor / Style,Factor / Style
2026-09-11,GLD,402.5260009765625,403.6400146484375,398.1499938964844,398.7699890136719,10733039.0,251,4280013844.113312,4987710222.518013,3573787965.5641127,-0.0004762443489967,0.032227121177818,-0.1458833429506931,0.0,0.0406423702345876,0.0,-0.0,0.0013097865905038,-0.0,0.0008513612838274,2.068328819405131,391.21680053710935,416.1385996500651,0.0144080195981779,429.4200134277344,470.1000061035156,0.8482662919299411,7.952006530761719,0.0199413364842986,395.4500122070313,395.4500122070313,395.4500122070313,-0.0083255432908889,SPDR Gold Shares,P,True,False,False,False,False,False,False,False,False,,False,,,130053275648.0,Commodity,unknown,19.0,True,,False,True,8.0,True,True,False,333.0,,0,0,False,Commodity,Commodity,Commodity,Commodity,Commodity
2026-09-11,USHY,36.45000076293945,36.46989822387695,36.34999847412109,36.36000061035156,12629326.0,251,459202301.06832886,327464809.9558365,398360971.65226746,-0.0086475917085296,0.0005367165898122,0.0241336980072408,0.0,0.0064588825741546,0.0982406340278218,-0.0,3.4665894291980148e-06,0.0023709097936673,0.0008320717109125,0.0019550620946404,36.514862594604494,36.1920325978597,0.0011056247309035,36.77659750675637,36.77659750675637,0.9886722284102472,0.0858211156089435,0.0023603166712959,36.34999847412109,36.34999847412109,36.34999847412109,-0.0002750862503456,iShares Broad USD High Yield Corporate Bond ETF,Z,True,False,False,False,False,False,False,False,False,,False,,,28476405760.0,Bond,unknown,97.0,True,,False,True,72.0,True,True,False,334.0,,0,0,False,Bond,Bond,Bond,Bond,Bond
2026-09-11,JNK,94.80999755859376,94.91500091552734,94.6050033569336,94.61000061035156,1963201.0,251,185738447.8082428,227630841.48636705,251767883.4504896,-0.0094034887257109,-0.000895033134112,0.0242182118521576,0.0,0.0,0.0956465180364316,-0.0,-0.0,0.0023163876367275,0.0008107356728546,-0.0,95.04674102783204,94.22661732991536,0.0009328143691338,95.71694862146688,95.71694862146688,0.9884351932749864,0.2222164810263457,0.0023487631285569,94.6050033569336,94.6050033569336,94.6050033569336,-5.281950518687406e-05,State Street SPDR Bloomberg High Yield Bond ETF,P,True,False,False,False,False,False,False,False,False,,False,,,7345531392.0,Bond,unknown,300.0,True,,False,True,92.0,True,True,False,335.0,,0,0,False,Bond,Bond,Bond,Bond,Bond
2026-09-11,DFGR,28.479999542236328,28.535600662231445,28.3700008392334,28.43000030517578,482344.0,251,13713040.067199709,12346071.60045166,12447486.035303146,-0.0375761874051975,-0.0235127879433587,0.0436808068634535,0.0,0.0,0.0519262103193182,-0.0,-0.0,0.0022681787641092,0.0007938625674382,-0.0,29.415500144958497,28.580433680216476,-0.0018325831003999,29.729999542236328,30.424999237060547,0.9344289570448152,0.2424302101135254,0.0085272672357091,28.26000022888184,28.26000022888184,28.26000022888184,-0.0059796016345098,Dimensional Global Real Estate ETF,P,True,False,False,False,False,False,False,False,False,,False,,,3711327744.0,REIT / Infra,unknown,446.0,True,,False,True,438.0,True,True,False,336.0,,0,0,False,REIT / Infra,REIT / Infra,REIT / Infra,REIT / Infra,REIT / Infra
2026-09-11,XLRE,43.400001525878906,43.54999923706055,43.22999954223633,43.41999816894531,4370365.0,251,189761240.29762268,224964347.76509857,231515273.1352597,-0.0376773227655845,-0.024922435691892,0.0463901523073635,0.0,0.0,0.0469575273888744,-0.0,-0.0,0.002178366847547,0.0007624283966414,-0.0,44.75640022277832,43.57599352518717,-0.0021746337362352,45.46500015258789,46.45500183105469,0.9346678819829364,0.4799999237060547,0.0110548121590976,42.93999862670898,42.93999862670898,42.93999862670898,-0.0110548033735209,State Street Real Estate Select Sector SPDR ETF,P,True,False,False,False,False,False,False,False,False,,False,,,8102354432.0,REIT / Infra,unknown,282.0,True,,False,True,97.0,True,True,False,337.0,,0,0,False,REIT / Infra,REIT / Infra,REIT / Infra,REIT / Infra,REIT / Infra
2026-09-11,HYLB,35.970001220703125,35.98500061035156,35.869998931884766,35.880001068115234,920266.0,251,33019145.06295013,28498019.803139117,35231312.279588126,-0.0093093497642907,-0.0006670204701336,0.0228922001716542,0.0,0.0,0.0894116937458665,-0.0,-0.0,0.002046830390917,0.0007163906368209,-0.0,36.03921699523926,35.74681696573893,0.0010834354272732,36.291761919743344,36.291761919743344,0.988654150974023,0.0841126767705628,0.0023442774321796,35.869998931884766,35.869998931884766,35.869998931884766,-0.0002787663303431,Xtrackers USD High Yield Corporate Bond ETF,P,True,False,False,False,False,False,False,False,False,,False,,,3468311296.0,Bond,unknown,467.0,True,,False,True,323.0,True,True,False,338.0,,0,0,False,Bond,Bond,Bond,Bond,Bond
2026-09-11,IYR,100.8499984741211,101.08499908447266,100.31999969482422,100.75,6291362.0,251,633854721.5,499441062.5155823,546490051.7403797,-0.0394699152801883,-0.0213172751993031,0.043248072553258,0.0,0.0,0.0447576322180192,-0.0,-0.0,0.0019356813254769,0.0006774884639169,-0.0,104.16640014648438,101.21606358846029,-0.0012004791382311,105.66000366210938,108.16999816894533,0.9314042868212276,1.0702491760253907,0.010622820605711,99.8000030517578,99.8000030517578,99.8000030517578,-0.0094292501066222,iShares U.S. Real Estate ETF,P,True,False,False,False,False,False,False,False,False,,False,,,4672414720.0,REIT / Infra,unknown,391.0,True,,False,True,52.0,True,True,False,339.0,,0,0,False,REIT / Infra,REIT / Infra,REIT / Infra,REIT / Infra,REIT / Infra
2026-09-11,XLI,172.4499969482422,172.91000366210938,171.88999938964844,172.3699951171875,5574857.0,251,960938073.8690186,1195233471.2675323,1233567230.32834,-0.0722320827488127,-0.0134508156791631,0.0486541341783135,0.0,0.0,0.0391154144964613,-0.0,-0.0,0.0019031266253511,0.0006660943188729,-0.0,180.32039978027345,174.76740275065103,-0.0087640205235881,187.38999938964844,188.19000244140625,0.9159359842766124,2.2255012512207037,0.0129111870642432,170.0,170.0,170.0,-0.0137494644330425,State Street Industrial Select Sector SPDR ETF,P,True,False,False,False,False,False,False,False,False,,False,,,33963890688.0,Sector,unknown,87.0,True,,False,True,26.0,True,True,False,340.0,,0,0,False,Sector,Sector,Sector,Sector,Sector
2026-09-11,ANGL,28.61000061035156,28.63500022888184,28.51000022888184,28.51000022888184,509874.0,251,14536507.856700895,20161004.40776577,20901777.306852613,-0.0145369056561778,-0.0036329272350691,0.0233821420377595,0.0,0.0,0.0785264207359526,-0.0,-0.0,0.0018361159233649,0.0006426405731777,-0.0,28.75410083770752,28.49008363087972,0.0002550972524435,28.980285758774286,28.980285758774286,0.983772225926031,0.0800649241098035,0.0028083101882508,28.51000022888184,28.51000022888184,28.51000022888184,0.0,VanEck Fallen Angel High Yield Bond ETF,Q,True,False,False,False,False,False,False,False,False,,False,,,3117964800.0,Bond,unknown,495.0,True,,False,True,392.0,True,True,False,341.0,,0,0,False,Bond,Bond,Bond,Bond,Bond
2026-09-11,VOX,190.32000732421875,191.69000244140625,190.5,190.88999938964844,288867.0,251,55141821.453689575,41611254.92674942,54886821.91483973,0.0125715842535323,0.0216760670226887,0.0251925201444362,0.0767238159972021,0.0321824268220759,0.0203223139162812,0.0009645399170613,0.000697588440748,0.0005119703027174,0.0006326220924373,9.99531997368551,187.25980072021488,188.7444677734375,0.0053700656059303,192.1199951171875,199.16970205639092,0.9584289046915464,2.503998565673828,0.0131174947544665,184.44000244140625,183.75999450683597,183.75999450683597,-0.0373513798816594,Vanguard Communication Services  ETF,P,True,False,False,False,False,False,False,False,False,,False,,,5931463168.0,Sector,unknown,349.0,True,,False,True,264.0,True,True,False,342.0,,0,0,False,Sector,Sector,Sector,Sector,Sector
2026-09-11,HYG,78.77999877929688,78.86000061035156,78.5999984741211,78.5999984741211,38727244.0,251,3043961319.3069158,2586066043.9446626,2516247895.954083,-0.0095156026213431,-0.0019693704718235,0.0208207719815027,0.0,0.0,0.0800610537641947,-0.0,-0.0,0.0016669329450231,0.000583426530758,-0.0,78.98532028198242,78.39103469848632,0.0008553955973051,79.53413056375734,79.53413056375734,0.9882549531501144,0.1861774941234038,0.0023686704546782,78.5999984741211,78.5999984741211,78.5999984741211,0.0,iShares iBoxx $ High Yield Corporate Bond ETF,P,True,False,False,False,False,False,False,False,False,,False,,,17626118144.0,Bond,unknown,146.0,True,,False,True,12.0,True,True,False,343.0,,0,0,False,Bond,Bond,Bond,Bond,Bond
2026-09-11,VIS,330.9200134277344,332.0199890136719,330.1600036621094,331.1499938964844,46342.0,251,15346153.01715088,32515059.73063049,31461712.97208562,-0.0740947866691981,-0.0309959892743696,0.0456839501137991,0.0,0.0,0.0345326842370222,-0.0,-0.0,0.0015775894239797,0.0005521562983928,-0.0,346.54700134277346,338.3778871663412,-0.0117151511850168,360.6000061035156,362.2099914550781,0.9142486450088833,4.264505004882812,0.0128778652679542,326.29998779296875,326.29998779296875,326.29998779296875,-0.0146459495482633,Vanguard Industrials ETF,P,True,False,False,False,False,False,False,False,False,,False,,,9029749760.0,Sector,unknown,268.0,True,,False,True,340.0,True,True,False,344.0,,0,0,False,Sector,Sector,Sector,Sector,Sector
2026-09-11,JPIE,45.459999084472656,45.459999084472656,45.38999938964844,45.41999816894531,4312421.0,251,195870153.9237213,75388827.57222748,68392580.26137458,-0.0052957526209338,0.001699761138298,0.0135904398543482,0.0,0.0312740894385709,0.10340195448516,-0.0,5.315848186334076e-05,0.0014052780432526,0.0005264003283495,0.0276069900652036,45.53100059509277,45.22526089986165,0.0008886496992799,45.7513829445892,45.7513829445892,0.9927568358743332,0.0580513439008708,0.0012781009740454,45.38999938964844,45.38999938964844,45.38999938964844,-0.0006604751322377,JPMorgan Income ETF,P,True,False,False,False,False,False,False,False,False,,False,,,9740692480.0,Bond,unknown,251.0,True,,False,True,227.0,True,True,False,345.0,,0,0,False,Bond,Bond,Bond,Bond,Bond
2026-09-11,IBDT,25.030000686645508,25.09000015258789,25.0,25.0,1040796.0,251,26019900.0,12958819.205121994,15300542.80573527,-0.0042588990676398,0.0022490041893934,0.0110122834536832,0.0,0.0537985681518037,0.1119773610714588,-0.0,0.0001209932051567,0.0012331264405143,0.0005102398375319,0.0764519084804075,25.03982791900635,24.916995735168456,0.0009787755064958,25.270000457763672,25.270000457763672,0.9893153758261718,0.0673782672661984,0.0026951306906479,25.0,25.0,25.0,0.0,iShares iBonds Dec 2028 Term Corporate ETF,P,True,False,False,False,False,False,False,False,False,,False,,,3989931008.0,Bond,unknown,423.0,True,,False,True,423.0,True,True,False,346.0,,0,0,False,Bond,Bond,Bond,Bond,Bond
2026-09-11,BSCS,20.26000022888184,20.26000022888184,20.229999542236328,20.23500061035156,600578.0,251,12152696.19656372,14049084.02127304,13104733.96270098,-0.0043772247670476,0.0020529443339916,0.0110282366390723,0.0,0.044797160682376,0.1098308906854156,-0.0,9.196607720179584e-05,0.0012112410527588,0.0004837123186467,0.0637625801359788,20.26663410186768,20.16821384429932,0.0009466927364116,20.34000015258789,20.34000015258789,0.9948377806564092,0.0239793021693319,0.0011850408424037,20.229999542236328,20.229999542236328,20.229999542236328,-0.0002471493928533,Invesco BulletShares 2028 Corporate Bond ETF,Q,True,False,False,False,False,False,False,False,False,,False,,,3521428736.0,Bond,unknown,457.0,True,,False,True,436.0,True,True,False,347.0,,0,0,False,Bond,Bond,Bond,Bond,Bond
2026-09-11,VCR,379.4700012207031,381.1099853515625,378.8299865722656,380.2099914550781,38670.0,251,14702720.369567871,16754208.730117798,21261199.1953871,-0.0464235797275169,-0.0282611600180608,0.043006588443188,0.0,0.0,0.0310247228354459,-0.0,-0.0,0.001334267486548,0.0004669936202918,-0.0,391.1764001464844,385.52400553385417,-0.0023977225115044,401.1600036621094,405.132061529269,0.9384840834859712,4.971002197265625,0.0130743597195891,373.6700134277344,373.6700134277344,373.6700134277344,-0.0172009630844128,Vanguard Consumer Discretion ETF,P,True,False,False,False,False,False,False,False,False,,False,,,6827243008.0,Other,unknown,317.0,True,,False,True,391.0,True,True,False,348.0,,0,0,False,Other,Other,Other,Other,Other
2026-09-11,SPSB,29.729999542236328,29.75,29.682300567626957,29.690000534057617,8719121.0,251,258870707.146513,194416665.39673147,135934364.29029286,-0.0046574104600897,0.001483492335772,0.0104601942801323,0.0,0.0332906936788396,0.1055709771698233,-0.0,4.938648892509373e-05,0.0011042929315397,0.0004186037438402,0.0346477857648486,29.7576318359375,29.612675857543945,0.0008220823785607,29.878740018559675,29.878740018559675,0.9936831511507908,0.0378086741995131,0.0012734480808157,29.682300567626957,29.682300567626957,29.682300567626957,-0.0002593454460141,State Street SPDR Portfolio Short Term Corporate Bond ETF,P,True,False,False,False,False,False,False,False,False,,False,,,10633097216.0,Bond,unknown,234.0,True,,False,True,148.0,True,True,False,349.0,,0,0,False,Bond,Bond,Bond,Bond,Bond
2026-09-11,INDA,48.52999877929688,48.59000015258789,48.375,48.56999969482422,4119416.0,251,200080033.862854,207381076.75267103,264815656.7781869,-0.0282112817192118,0.016321380296175,0.0010304871514597,0.0,0.0378273018428951,0.0009828827522936,-0.0,0.000617393778956,1.0128480476299807e-06,0.0004016604531381,0.2329061866810492,49.375600051879886,49.328333358764645,-0.0003846577405821,50.27999877929688,51.650001525878906,0.9403678269106832,0.3844997406005859,0.0079164040151632,48.04999923706055,48.04999923706055,48.04999923706055,-0.0107062067331881,iShares MSCI India ETF,Z,True,False,False,False,False,False,False,False,False,,False,,,6871878656.0,Country / Region,unknown,315.0,True,,False,True,87.0,True,True,False,350.0,,0,0,False,Country / Region,Country / Region,Country / Region,Country / Region,Country / Region
2026-09-11,XLB,51.18999862670898,51.209999084472656,50.869998931884766,50.95000076293945,8967386.0,251,456888323.5415726,568218336.2793888,586814020.8727024,-0.0259988639772043,-0.0015519924575005,0.0339761506902922,0.0,0.0,0.028066084943517,-0.0,-0.0,0.0009535775313274,0.0003337521359646,-0.0,51.84139976501465,51.22218004862467,0.0030752315950759,54.18999862670898,54.18999862670898,0.9402104088230664,0.7875003814697266,0.0154563369907257,50.58000183105469,50.58000183105469,50.58000183105469,-0.0072620005170618,State Street Materials Select Sector SPDR ETF,P,True,False,False,False,False,False,False,False,False,,False,,,8166011392.0,Sector,unknown,279.0,True,,False,True,47.0,True,True,False,351.0,,0,0,False,Sector,Sector,Sector,Sector,Sector
2026-09-11,JPLD,51.59999847412109,51.61000061035156,51.54999923706055,51.61000061035156,991572.0,251,51175031.52520752,20497957.99866562,21821901.94354853,-0.0051220296691513,0.0017270937216744,0.0075685015034303,0.0,0.0370675243610198,0.0770435567078694,-0.0,6.401908860193227e-05,0.0005831042747731,0.0002456989037618,0.0414379429951791,51.7176993560791,51.46803487141927,0.0008298596088238,51.9305110193046,51.9305110193046,0.9938280906029618,0.0657204435646573,0.0012734052080494,51.54999923706055,51.54999923706055,51.54999923706055,-0.0011625919895645,JPMorgan Limited Duration Bond ETF,P,True,False,False,False,False,False,False,False,False,,False,,,3882614016.0,Bond,unknown,437.0,True,,False,True,387.0,True,True,False,352.0,,0,0,False,Bond,Bond,Bond,Bond,Bond
2026-09-11,CGMS,26.8700008392334,26.875600814819336,26.799999237060547,26.809999465942383,994825.0,251,26671257.71870613,33303151.316940784,29337900.32806169,-0.0103271628286069,-0.0094525864717691,0.0130900897485481,0.0,0.0,0.0505506128203094,-0.0,-0.0,0.0006617120586619,0.0002315992205316,-0.0,26.98057857513428,26.877144419352213,-0.0005803879660859,27.14449615613444,27.14449615613444,0.9876771818394404,0.0705899979224225,0.0026329727463103,26.799999237060547,26.799999237060547,26.799999237060547,-0.0003730036956748,Capital Group U.S. Multi-Sector Income ETF,P,True,False,False,False,False,False,False,False,False,,False,,,5172525056.0,Bond,unknown,373.0,True,,False,True,351.0,True,True,False,353.0,,0,0,False,Bond,Bond,Bond,Bond,Bond
2026-09-11,NEAR,50.16999816894531,50.18000030517578,50.119998931884766,50.119998931884766,403691.0,251,20232992.488811493,37888607.24185696,29033540.1112927,-0.0045673361218904,0.0005918869901,0.0077560661956319,0.0,0.0152408294211543,0.0823633860865173,-0.0,9.020848652715264e-06,0.0006388158745834,0.0002294491077284,0.0066687671500218,50.24032089233398,50.04174331665039,0.0008159924086128,50.46953803321853,50.46953803321853,0.9930742559778594,0.0628738245375256,0.0012544657996296,50.119998931884766,50.119998931884766,50.119998931884766,0.0,iShares Short Duration Bond Active ETF,Z,True,False,False,False,False,False,False,False,False,,False,,,4774438400.0,Bond,unknown,386.0,True,,False,True,356.0,True,True,False,354.0,,0,0,False,Bond,Bond,Bond,Bond,Bond
2026-09-11,BINC,51.33000183105469,51.3577995300293,51.2599983215332,51.27999877929688,1829776.0,251,93830911.04638672,107015278.32629088,92450950.48298572,-0.0112103940588816,-0.0038100194032127,0.009939639123957,0.0,0.0,0.0551772603008243,-0.0,-0.0,0.0005484420552388,0.0001919547193335,-0.0,51.66030487060547,51.38600189208984,-0.0003374220579486,51.92112538358902,51.92112538358902,0.987651912404526,0.0939771943163208,0.0018326286379371,51.2599983215332,51.2599983215332,51.2599983215332,-0.0003900245366571,iShares Flexible Income Active ETF,P,True,False,False,False,False,False,False,False,False,,False,,,16206218240.0,Other,unknown,160.0,True,,False,True,189.0,True,True,False,355.0,,0,0,False,Other,Other,Other,Other,Other
2026-09-11,FLXR,38.45000076293945,38.47999954223633,38.32500076293945,38.380001068115234,517632.0,251,19866716.712890625,16653142.969776915,16391735.71221391,-0.0103040222171595,-0.0036687962678256,0.00885510625576,0.0,0.0,0.0500037371154451,-0.0,-0.0,0.0004427884053423,0.0001549759418698,-0.0,38.6360994720459,38.42679639180501,0.0001419581960713,38.84923007406035,38.84923007406035,0.9879217939441632,0.0910475423790593,0.0023722652382805,38.32500076293945,38.32500076293945,38.32500076293945,-0.0014330459521918,TCW Flexible Income ETF,N,True,False,False,False,False,False,False,False,False,,False,,,3345479168.0,Bond,unknown,472.0,True,,False,True,415.0,True,True,False,356.0,,0,0,False,Bond,Bond,Bond,Bond,Bond
2026-09-11,IFRA,58.52000045776367,58.59000015258789,58.28499984741211,58.380001068115234,179973.0,251,10506823.932231903,33770779.92318936,29447354.651096344,-0.0490307599195178,-0.0441937675228657,0.0217438836939967,0.0,0.0,0.0203619391801431,-0.0,-0.0,0.0004427476373172,0.000154961673061,-0.0,60.74219985961914,60.170369720458986,-0.0128676842092353,62.29999923706055,64.25,0.9086381489200814,0.7518001556396484,0.0128777002720928,57.84999847412109,57.84999847412109,57.84999847412109,-0.00907849579132,iShares U.S. Infrastructure ETF,Z,True,False,False,False,False,False,False,False,False,,False,,,4618109440.0,REIT / Infra,unknown,395.0,True,,False,True,349.0,True,True,False,357.0,,0,0,False,REIT / Infra,REIT / Infra,REIT / Infra,REIT / Infra,REIT / Infra
2026-09-11,VAW,229.47999572753903,229.7386016845703,228.26499938964844,228.4499969482422,51482.0,251,11761062.742889404,9231998.711408995,10628221.949094258,-0.0231752609659459,-0.0075305103332721,0.0224722362338063,0.0,0.0,0.0172491999416452,-0.0,-0.0,0.0003876280959328,0.0001356698335764,-0.0,231.32980010986327,230.8552137247721,0.0024654157682098,242.3800048828125,242.3800048828125,0.9425282298294148,3.390428924560547,0.014841011030211,227.07000732421875,227.07000732421875,227.07000732421875,-0.0060406637883916,Vanguard Materials ETF,P,True,False,False,False,False,False,False,False,False,,False,,,4486959616.0,Sector,unknown,400.0,True,,False,True,450.0,True,True,False,358.0,,0,0,False,Sector,Sector,Sector,Sector,Sector
2026-09-11,PYLD,25.84000015258789,25.861400604248047,25.770000457763672,25.780000686645508,3352489.0,251,86427168.72197151,91260143.14604808,95987468.74267654,-0.0129986161974273,-0.0069576140906471,0.0093964872990741,0.0,0.0,0.0345399522784147,-0.0,-0.0,0.0003245542228947,0.0001135939780131,-0.0,25.99816711425781,25.875082206726077,-0.0008221588861633,26.179197311401367,26.179197311401367,0.9847513802655056,0.0788213635421653,0.0030574616541029,25.770000457763672,25.770000457763672,25.770000457763672,-0.0003879064629744,PIMCO Multisector Bond Active Exchange-Traded Fund,P,True,False,False,False,False,False,False,False,False,,False,,,14711611392.0,Bond,unknown,171.0,True,,False,True,184.0,True,True,False,359.0,,0,0,False,Bond,Bond,Bond,Bond,Bond
2026-09-11,VTIP,49.59999847412109,49.61000061035156,49.470001220703125,49.5,6468568.0,251,320194116.0,134474153.43612748,127322662.98737323,-0.0042244837726873,-0.0037857457241939,0.0056576208232315,0.0,0.0,0.0538668886247233,-0.0,-0.0,0.0003047584307659,0.000106665450768,-0.0,49.67380004882813,49.50676328023275,0.0007185426233662,49.84999847412109,49.84999847412109,0.992978967204928,0.0669998168945312,0.0013535316544349,49.470001220703125,49.470001220703125,49.470001220703125,-0.0006060359453914,Vanguard Short-Term Inflation-Protected Securities Index Fund ETF Shares,Q,True,False,False,False,False,False,False,False,False,,False,,,71082704896.0,Other,unknown,43.0,True,,False,True,152.0,True,True,False,360.0,,0,0,False,Other,Other,Other,Other,Other
2026-09-11,STIP,100.51000213623048,100.52999877929688,100.27999877929688,100.3000030517578,819747.0,251,82220626.60166931,90658908.19852218,91435368.99517412,-0.004367627767937,-0.0039048923784928,0.0053576414356084,0.0,0.0,0.0541781408265107,-0.0,-0.0,0.0002902670521963,0.0001015934682687,-0.0,100.67415908813476,100.33595194498696,0.0007375412767463,101.04000091552734,101.04000091552734,0.9926761890631,0.1304996490478515,0.0013010931712585,100.27999877929688,100.27999877929688,100.27999877929688,-0.0001994443853666,iShares 0-5 Year TIPS Bond ETF,P,True,False,False,False,False,False,False,False,False,,False,,,15883689984.0,Bond,unknown,162.0,True,,False,True,190.0,True,True,False,361.0,,0,0,False,Bond,Bond,Bond,Bond,Bond
2026-09-11,EMB,93.62999725341795,93.8000030517578,93.33499908447266,93.33999633789062,6988824.0,251,652336806.5661621,565945617.3362122,545526008.7941778,-0.0168882063163389,-0.0178296970228766,0.0104029484573306,0.0,0.0,0.0244405974463124,-0.0,-0.0,0.0002542542755003,8.898899642512483e-05,-0.0,94.47946273803711,94.04403788248698,-0.0023996246688147,94.98325001439144,95.62673604319149,0.9760868163034656,0.3456474099747595,0.0037031007449744,93.33499908447266,93.33499908447266,93.33499908447266,-5.353817885189738e-05,iShares J.P. Morgan USD Emerging Markets Bond ETF,Q,True,False,False,False,False,False,False,False,False,,False,,,14615079936.0,Bond,unknown,173.0,True,,False,True,53.0,True,True,False,362.0,,0,0,False,Bond,Bond,Bond,Bond,Bond
2026-09-11,SCHO,23.940000534057617,23.949899673461918,23.90999984741211,23.920000076293945,5331094.0,251,127519768.8867302,197121841.86105597,114033449.4827024,-0.0049057371797287,0.0008560888129693,0.0043327121206624,0.0,0.0213946512374672,0.0478872840504948,-0.0,1.8315721581777467e-05,0.0002074818160311,8.452385463906987e-05,0.0168499676260864,23.9776016998291,23.90474613189697,0.000745104468226,24.0578727722168,24.0578727722168,0.9942691235742972,0.0273568992710723,0.0011436830762464,23.90999984741211,23.90999984741211,23.90999984741211,-0.000418069767974,Schwab Short-Term U.S. Treasury ETF,P,True,False,False,False,False,False,False,False,False,,False,,,12952873984.0,Bond,unknown,198.0,True,,False,True,165.0,True,True,False,363.0,,0,0,False,Bond,Bond,Bond,Bond,Bond
2026-09-11,VGSH,57.72999954223633,57.7400016784668,57.65999984741211,57.68999862670898,3918850.0,251,226078451.1182785,419043835.63391685,247632790.0032679,-0.0048604486518381,0.0006407557583159,0.0044182726163999,0.0,0.0149337511411581,0.0488827164576122,-0.0,9.568887036953791e-06,0.0002159771675399,8.18117852129887e-05,0.0090731730487361,57.82445960998536,57.64930351257324,0.0007524240103489,58.03159332275391,58.03159332275391,0.9941136426472892,0.0530175839899357,0.0009190082380308,57.65999984741211,57.65999984741211,57.65999984741211,-0.0005199996535099,Vanguard Short-Term Treasury ETF,Q,True,False,False,False,False,False,False,False,False,,False,,,33827600384.0,Bond,unknown,88.0,True,,False,True,95.0,True,True,False,364.0,,0,0,False,Bond,Bond,Bond,Bond,Bond
2026-09-11,XLY,112.87000274658205,113.25,112.5500030517578,112.95999908447266,4534620.0,251,512230671.0484314,630032546.2565079,823635649.1067383,-0.046348653484292,-0.026783434217256,0.0169696968864401,0.0,0.0,0.0124303119107231,-0.0,-0.0,0.0002109386253288,7.38285188651075e-05,-0.0,115.93879959106444,115.55398534138996,-0.0017525640875835,119.18000030517578,121.94699945092368,0.9263040467833098,1.5430007934570311,0.0136597096845154,111.0199966430664,111.0199966430664,111.0199966430664,-0.0171742427153837,State Street Consumer Discretionary Select Sector SPDR ETF,P,True,False,False,False,False,False,False,False,False,,False,,,22593435648.0,Sector,unknown,121.0,True,,False,True,38.0,True,True,False,365.0,,0,0,False,Sector,Sector,Sector,Sector,Sector
2026-09-11,IBDU,22.84000015258789,22.88999938964844,22.799999237060547,22.809999465942383,719713.0,251,16416653.14563179,19365421.02192087,15385776.550272292,-0.0080821462302629,-0.0028619233702591,0.0051619680416057,0.0,0.0,0.0354734461775722,-0.0,-0.0,0.0001831127954942,6.408947842298724e-05,-0.0,22.919473876953123,22.85216409047445,0.0003116511726923,23.04199981689453,23.05002996580292,0.9895865428280723,0.056232614028786,0.0024652615232519,22.799999237060547,22.799999237060547,22.799999237060547,-0.0004384142532211,iShares iBonds Dec 2029 Term Corporate ETF,P,True,False,False,False,False,False,False,False,False,,False,,,3963476736.0,Bond,unknown,427.0,True,,False,True,422.0,True,True,False,366.0,,0,0,False,Bond,Bond,Bond,Bond,Bond
2026-09-11,SHY,81.43000030517578,81.44499969482422,81.33999633789062,81.37000274658203,5934257.0,251,482870508.3889237,328871195.77398413,293676673.809724,-0.0050812519898927,0.0001431009181245,0.0040726528889993,0.0,0.0032422280012917,0.0422434535341541,-0.0,4.639658037539087e-07,0.0001720429230771,6.051660084945444e-05,0.0005191119350821,81.56853042602539,81.34147633870442,0.0007008776191326,81.8553710204699,81.8553710204699,0.9940704162984432,0.0746278140266603,0.0009171415940476,81.33999633789062,81.33999633789062,81.33999633789062,-0.0003687649954352,iShares 1-3 Year Treasury Bond ETF,Q,True,False,False,False,False,False,False,False,False,,False,,,25358272512.0,Bond,unknown,110.0,True,include,False,True,79.0,True,True,False,367.0,,0,0,False,Bond,Bond,Bond,Bond,Bond
2026-09-11,SPTS,28.75,28.76000022888184,28.71999931335449,28.71999931335449,1898253.0,251,54517824.85657311,102415906.07879668,59358228.07043176,-0.0054324374362483,8.368594894991865e-05,0.0037002301020394,0.0,0.0018289071844119,0.0405164051625918,-0.0,1.5305383326883414e-07,0.000149920022009,5.257149269479201e-05,0.0001580487304733,28.800962028503417,28.71441660563151,0.0006946239454377,28.906774520874023,28.906774520874023,0.9935387046595372,0.0292987232378074,0.0010201505549543,28.71999931335449,28.71999931335449,28.71999931335449,0.0,State Street SPDR Portfolio Short Term Treasury ETF,P,True,False,False,False,False,False,False,False,False,,False,,,5912571904.0,Bond,unknown,350.0,True,,False,True,254.0,True,True,False,368.0,,0,0,False,Bond,Bond,Bond,Bond,Bond
2026-09-11,XLC,112.33999633789062,113.04000091552734,112.33000183105467,112.5999984741211,3977097.0,251,447821116.1314316,449567149.9902645,650032889.845673,0.0004442063172604,0.0068937329086817,-0.0174963547319317,0.0026134610192298,0.0112997900985094,0.0,1.1609158946559629e-06,7.78977348632911e-05,-0.0,5.063352766113922e-05,4.137703735341297,110.89819961547852,112.88931355794271,0.0080623285959631,114.29000091552734,119.16998107948716,0.9448688122138424,1.5079994201660156,0.01339253499646,110.30999755859376,110.25,110.25,-0.0208703242092955,State Street Communication Services Select Sector SPDR ETF,P,True,False,False,False,False,False,False,False,False,,False,,,22262224896.0,Sector,unknown,124.0,True,,False,True,44.0,True,True,False,369.0,,0,0,False,Sector,Sector,Sector,Sector,Sector
2026-09-11,IGSB,51.619998931884766,51.630001068115234,51.52999877929688,51.52999877929688,6386749.0,251,329109168.17367554,156248817.5272026,150394627.18285576,-0.0089922478800298,-0.0042474878741928,0.0043665394951444,0.0,0.0,0.0298955427500967,-0.0,-0.0,0.000130540068147,4.56890238514766e-05,-0.0,51.82175994873047,51.66560923258464,0.0001146562892011,52.02745819091797,52.03741964811191,0.9902489233277452,0.0762434118752267,0.0014795927359086,51.52999877929688,51.52999877929688,51.52999877929688,0.0,iShares 1-5 Year Investment Grade Corporate Bond ETF,Q,True,False,False,False,False,False,False,False,False,,False,,,22337937408.0,Bond,unknown,122.0,True,,False,True,134.0,True,True,False,370.0,,0,0,False,Bond,Bond,Bond,Bond,Bond
2026-09-11,VCSH,77.83999633789062,77.8550033569336,77.69999694824219,77.72000122070312,4096367.0,251,318369648.240448,352207599.2643631,338204749.86533177,-0.0086271655135264,-0.0041132115682975,0.0041660370246277,0.0,0.0,0.0286484724045858,-0.0,-0.0,0.0001193505967365,4.177270885778539e-05,-0.0,78.13992004394531,77.92447174072265,4.812593801051257e-05,78.47603562671004,78.47603562671004,0.9903660474185626,0.1168492386701544,0.0015034641898465,77.69999694824219,77.69999694824219,77.69999694824219,-0.0002573889879921,Vanguard Short-Term Corporate Bond ETF,Q,True,False,False,False,False,False,False,False,False,,False,,,51786543104.0,Bond,unknown,55.0,True,,False,True,74.0,True,True,False,371.0,,0,0,False,Bond,Bond,Bond,Bond,Bond
2026-09-11,VWOB,65.05000305175781,65.10600280761719,64.86000061035156,64.87999725341797,760451.0,251,49338058.79135895,26612045.182037733,34057528.50387827,-0.016333993085843,-0.0181850403973463,0.0060935024015533,0.0,0.0,0.0151673815748633,-0.0,-0.0,9.24224760517062e-05,3.234786661809717e-05,-0.0,65.64735260009766,65.44074668884278,-0.0025603963962067,66.00710476685043,66.50535872228677,0.9755604435477748,0.2216143580729593,0.0034157578214336,64.86000061035156,64.86000061035156,64.86000061035156,-0.0003082096780661,Vanguard Emerging Markets Government Bond ETF,Q,True,False,False,False,False,False,False,False,False,,False,,,6760565248.0,Bond,unknown,319.0,True,,False,True,327.0,True,True,False,372.0,,0,0,False,Bond,Bond,Bond,Bond,Bond
2026-09-11,LMBS,49.27000045776367,49.27000045776367,49.14339828491211,49.15999984741211,347519.0,251,17084033.98697281,21780045.763641547,24426738.46351872,-0.0078702142937374,-0.0032741059842925,0.0025435840434133,0.0,0.0,0.0189636132480813,-0.0,-0.0,4.823554406328218e-05,1.688244042214876e-05,-0.0,49.41686622619629,49.2704273223877,5.767205230045036e-05,49.65999984741211,51.72251304641129,0.950456521772254,0.1366976671327961,0.0027806685833419,49.14339828491211,49.14339828491211,49.14339828491211,-0.0003377046898195,First Trust Low Duration Opportunities ETF,Q,True,False,False,False,False,False,False,False,False,,False,,,6341681152.0,Bond,unknown,336.0,True,,False,True,376.0,True,True,False,373.0,,0,0,False,Bond,Bond,Bond,Bond,Bond
2026-09-11,PFF,30.07999992370605,30.200000762939453,30.049999237060547,30.149999618530277,2816712.0,251,84923865.72550964,73900293.75040969,84368413.49351355,-0.0192195889991255,-0.0141657117419012,0.0047777416379828,0.0,0.0,0.0088507934085587,-0.0,-0.0,4.228680419725501e-05,1.4800381469039254e-05,-0.0,30.281401023864746,30.39547337849935,-0.0002724196111556,30.77068224002651,31.205345811499576,0.966180596127847,0.1755365151660697,0.0058221067126708,29.959999084472656,29.959999084472656,29.959999084472656,-0.0063018420053592,iShares Preferred and Income Securities ETF,Q,True,False,False,False,False,False,False,False,False,,False,,,13096669184.0,Other,unknown,197.0,True,,False,True,203.0,True,True,False,374.0,,0,0,False,Other,Other,Other,Other,Other
2026-09-11,XME,116.02999877929688,116.41999816894533,113.5199966430664,113.62999725341795,1773702.0,251,201545753.388382,220885279.1385353,224025816.71837968,-0.0142274610688737,-0.0392248857323739,0.0085825990595769,0.0,0.0,0.0034476227197028,-0.0,-0.0,2.958956351189796e-05,1.0356347229164286e-05,-0.0,110.34279922485352,114.02071792602538,0.0135003061751208,123.80999755859376,132.8491221892372,0.8553311860921256,3.701501083374024,0.0325750345229607,113.5199966430664,112.8499984741211,112.8499984741211,-0.0068643738286582,State Street SPDR S&P Metals & Mining ETF,P,True,False,False,False,False,False,False,False,False,,False,,,4383336448.0,Other,unknown,404.0,True,,False,True,104.0,True,True,False,375.0,,0,0,False,Other,Other,Other,Other,Other
2026-09-11,ISTB,47.58000183105469,47.58599853515625,47.5,47.52000045776367,357383.0,251,16982840.323596954,18279886.336992078,20614191.64812536,-0.0081955290035787,-0.0033288291275989,0.0018161566609031,0.0,0.0,0.0135991131039374,-0.0,-0.0,2.469811984609179e-05,8.644341946132126e-06,-0.0,47.75940216064453,47.64670186360677,0.0001963301725818,47.96248373067687,47.96248373067687,0.9907743878445108,0.0653192530916893,0.0013745633935703,47.5,47.5,47.5,-0.0004208850498949,iShares Core 1-5 Year USD Bond ETF,Q,True,False,False,False,False,False,False,False,False,,False,,,5038184448.0,Bond,unknown,376.0,True,,False,True,394.0,True,True,False,376.0,,0,0,False,Bond,Bond,Bond,Bond,Bond
2026-09-11,XLP,83.51000213623047,83.68000030517578,83.04000091552734,83.37999725341797,10809810.0,251,901321928.10997,820148146.467411,902054676.9728076,-0.0304651482160701,-0.0153800704788884,0.002149772693907,0.0,0.0,0.0021488392931451,-0.0,-0.0,4.619516035997969e-06,1.6168306125992892e-06,-0.0,84.99399963378906,84.11589131673178,0.0021295244541572,87.47000122070312,88.77999877929688,0.9391754719517054,0.9980003356933592,0.0119693016139125,82.8499984741211,82.8499984741211,82.8499984741211,-0.0063564259625248,State Street Consumer Staples Select Sector SPDR ETF,P,True,False,False,False,False,False,False,False,False,,False,,,13649293312.0,Sector,unknown,187.0,True,,False,True,33.0,True,True,False,377.0,,0,0,False,Sector,Sector,Sector,Sector,Sector
2026-09-11,SUB,105.44000244140624,105.58000183105467,105.43000030517578,105.51000213623048,795320.0,251,83914214.89898682,55624244.27346802,51319871.189655125,-0.0055784908693737,-0.0020031514382631,0.000305239994222,0.0,0.0,0.0043249403527183,-0.0,-0.0,1.3201447682744656e-06,4.62050668896063e-07,-0.0,105.85602508544922,105.6438633219401,8.812892407727979e-05,106.20167783377369,106.20167783377369,0.9934871490577972,0.1234700926825105,0.0011702216868794,105.41000366210938,105.41000366210938,105.41000366210938,-0.0009477629807265,iShares Short-Term National Muni Bond ETF,P,True,False,False,False,False,False,False,False,False,,False,,,11377924096.0,Bond,unknown,216.0,True,,False,True,277.0,True,True,False,378.0,,0,0,False,Bond,Bond,Bond,Bond,Bond
2026-09-11,UCON,24.3700008392334,24.420000076293945,24.32999992370605,24.32999992370605,465746.0,251,11331600.1444664,13960999.7767107,12822176.810223471,-0.0119657702582645,-0.0123598957598592,0.0002249656513755,0.0,0.0,0.0009884306415566,-0.0,-0.0,2.223629431173142e-07,7.782703009105996e-08,-0.0,24.556394538879395,24.539463500976563,-0.0014079373694499,24.700000762939453,24.73844610005593,0.9834894166473556,0.0726806748472265,0.0029872862751803,24.32999992370605,24.32999992370605,24.32999992370605,0.0,First Trust Smith Unconstrained Bond ETF,P,True,False,False,False,False,False,False,False,False,,False,,,3285839104.0,Bond,unknown,476.0,True,,False,True,437.0,True,True,False,379.0,,0,0,False,Bond,Bond,Bond,Bond,Bond
2026-09-11,VCIT,79.87000274658203,79.95500183105469,79.5999984741211,79.5999984741211,7499506.0,251,596960666.156662,753225314.7449821,721672904.9751265,-0.0188394159190488,-0.023188084489818,-0.0133181277111493,0.0,0.0,0.0,-0.0,-0.0,-0.0,-0.0,-0.0,80.83396881103516,81.1672646077474,-0.0029892659305453,81.23794555664062,82.08597893847426,0.9697149196915044,0.268100939051903,0.00336810231396,79.5999984741211,79.5999984741211,79.5999984741211,0.0,Vanguard Intermediate-Term Corporate Bond ETF,Q,True,False,False,False,False,False,False,False,False,,False,,,69441978368.0,Bond,unknown,45.0,True,,False,True,43.0,True,True,False,380.0,,0,0,False,Bond,Bond,Bond,Bond,Bond
2026-09-11,VMBS,45.45000076293945,45.494998931884766,45.29499816894531,45.31999969482422,1774844.0,251,80435929.5383606,68507707.82629089,62103029.923890375,-0.0180340589518481,-0.0204691725668251,-0.0134176054688862,0.0,0.0,0.0,-0.0,-0.0,-0.0,-0.0,-0.0,45.97771850585937,46.09102732340495,-0.0023455491075791,46.30176932966936,46.55393017763546,0.9734946012484244,0.1807701336031272,0.0039887496650573,45.29499816894531,45.29499816894531,45.29499816894531,-0.0005516665058972,Vanguard Mortgage-Backed Securities ETF,Q,True,False,False,False,False,False,False,False,False,,False,,,17337255936.0,Bond,unknown,150.0,True,,False,True,248.0,True,True,False,381.0,,0,0,False,Bond,Bond,Bond,Bond,Bond
2026-09-11,VCLT,71.16999816894531,71.19000244140625,70.6500015258789,70.6500015258789,4954779.0,251,350055143.9103928,298373510.7439129,288159943.3024238,-0.0168095777708671,-0.0477123004758951,-0.0203406355583761,0.0,0.0,0.0,-0.0,-0.0,-0.0,-0.0,-0.0,71.94960083007813,73.01563329060872,-0.0081276881405015,72.4847443902384,74.92901750781311,0.9428924050487112,0.4818874678374684,0.0068207708058003,70.58000183105469,70.58000183105469,70.58000183105469,-0.0009907953759714,Vanguard Long-Term Corporate Bond ETF,Q,True,False,False,False,False,False,False,False,False,,False,,,10055394304.0,Bond,unknown,247.0,True,,False,True,81.0,True,True,False,382.0,,0,0,False,Bond,Bond,Bond,Bond,Bond
2026-09-11,PPA,162.39999389648438,162.61000061035156,160.97000122070312,161.80999755859375,152695.0,251,24707577.577209476,33765735.22102356,32668590.08491153,-0.1170950303573047,-0.0815811481106053,-0.0695102854739123,0.0,0.0,0.0,-0.0,-0.0,-0.0,-0.0,-0.0,174.08079956054686,173.26030934651692,-0.0106893830200754,185.08999633789065,185.67999267578125,0.8714455188563731,2.542499542236328,0.0157128705308561,160.3000030517578,160.3000030517578,160.3000030517578,-0.0093318987060063,Invesco Aerospace & Defense ETF,P,True,False,False,False,False,False,False,False,False,,False,,,8324131840.0,Industry / Theme,unknown,274.0,True,,False,True,335.0,True,True,False,383.0,,0,0,False,Industry / Theme,Industry / Theme,Industry / Theme,Industry / Theme,Industry / Theme
2026-09-11,VGLT,52.17499923706055,52.27989959716797,51.880001068115234,51.900001525878906,2556058.0,251,132659414.100235,125256950.65276948,108379811.5664341,-0.0176913084362624,-0.0436517610089949,-0.0432345208941277,0.0,0.0,0.0,-0.0,-0.0,-0.0,-0.0,-0.0,52.95164916992187,53.873748245239256,-0.007965642415841,53.37252362655961,55.28672764911373,0.9387425107752944,0.3974760135340016,0.0076584971454347,51.81999969482422,51.81999969482422,51.81999969482422,-0.0015414610540001,Vanguard Long-Term Treasury ETF,Q,True,False,False,False,False,False,False,False,False,,False,,,15153465344.0,Bond,unknown,170.0,True,,False,True,172.0,True,True,False,384.0,,0,0,False,Bond,Bond,Bond,Bond,Bond
2026-09-11,VGIT,57.47999954223633,57.52000045776367,57.31999969482422,57.34000015258789,3717512.0,251,213162138.6472473,393521886.1320961,231054474.8282141,-0.0168521923292512,-0.0164507053017751,-0.0191450681349687,0.0,0.0,0.0,-0.0,-0.0,-0.0,-0.0,-0.0,58.08818580627442,58.326803843180336,-0.0017725042258753,58.39261903590168,58.839138387632254,0.9745214108138694,0.1498889963534946,0.0026140389946742,57.31999969482422,57.31999969482422,57.31999969482422,-0.0003488046339457,Vanguard Intermediate-Term Treasury ETF,Q,True,False,False,False,False,False,False,False,False,,False,,,50384760832.0,Bond,unknown,57.0,True,,False,True,98.0,True,True,False,385.0,,0,0,False,Bond,Bond,Bond,Bond,Bond
2026-09-11,PZA,22.1299991607666,22.239999771118164,22.100000381469727,22.1200008392334,5155020.0,251,114029046.72626495,50552032.14278412,34782179.059604466,-0.0400555608484576,-0.0451088805092884,-0.0290784582565097,0.0,0.0,0.0,-0.0,-0.0,-0.0,-0.0,-0.0,22.85988395690918,22.92192156473796,-0.0079519044798317,23.043000887869702,23.42591999132513,0.9442532394640072,0.1128886681411796,0.0051034658163734,22.030000686645508,22.030000686645508,22.030000686645508,-0.0040687228378518,Invesco National AMT-Free Municipal Bond ETFo,P,True,False,False,False,False,False,False,False,False,,False,,,4290295296.0,Bond,unknown,407.0,True,,False,True,324.0,True,True,False,386.0,,0,0,False,Bond,Bond,Bond,Bond,Bond
2026-09-11,VDC,225.1199951171875,225.5525054931641,223.9900054931641,225.2100067138672,124894.0,251,28127378.57852173,33127864.28575287,34447817.430870906,-0.0338066401296797,-0.0187145723053078,-0.0107009111194374,0.0,0.0,0.0,-0.0,-0.0,-0.0,-0.0,-0.0,229.97999969482424,228.88184753417968,0.000995913267783,236.22000122070312,239.72999572753903,0.9394319055919296,2.5746253967285155,0.0114321092312723,223.6300048828125,223.6300048828125,223.6300048828125,-0.0070156821808637,Vanguard Consumer Staples ETF,P,True,False,False,False,False,False,False,False,False,,False,,,9185586176.0,Sector,unknown,262.0,True,,False,True,325.0,True,True,False,387.0,,0,0,False,Sector,Sector,Sector,Sector,Sector
2026-09-11,VCRB,74.97000122070312,75.05500030517578,74.7750015258789,74.80000305175781,742797.0,251,55561217.86683655,54778895.22103958,42452892.22293939,-0.0143350009093401,-0.0179330005414087,-0.0107391890192922,0.0,0.0,0.0,-0.0,-0.0,-0.0,-0.0,-0.0,75.68996932983399,75.92385752360026,-0.0023887037261305,76.11693424106498,76.6402587890625,0.975988393484296,0.2259227753537814,0.0030203578360478,74.7750015258789,74.7750015258789,74.7750015258789,-0.0003342449847443,Vanguard Core Bond ETF,Q,True,False,False,False,False,False,False,False,False,,False,,,7294146560.0,Bond,unknown,302.0,True,,False,True,297.0,True,True,False,388.0,,0,0,False,Bond,Bond,Bond,Bond,Bond
2026-09-11,PGX,10.43000030517578,10.449999809265137,10.40999984741211,10.43000030517578,4244297.0,251,44268019.00525665,46739692.31457023,36493802.78971772,-0.0198706406275037,-0.0306643260759776,-0.0406101554380873,0.0,0.0,0.0,-0.0,-0.0,-0.0,-0.0,,10.635667877197266,10.786637064615883,-0.004476154777707,10.65999984741211,10.975811004638672,0.9502714925364316,0.0569069859707283,0.0054560867023645,10.369999885559082,10.369999885559082,10.369999885559082,-0.0057526766885064,Invesco Preferred ETF,P,True,False,False,False,False,False,False,False,False,,False,,,3857212160.0,Other,unknown,440.0,True,,False,True,316.0,True,True,False,389.0,,0,0,False,Other,Other,Other,Other,Other
2026-09-11,AGG,96.26000213623048,96.29499816894533,95.94300079345705,95.9800033569336,7338472.0,251,704346567.1947632,755040504.7944076,809262227.0381204,-0.0140934356050587,-0.0192860193179035,-0.0134380277749197,0.0,0.0,0.0,-0.0,-0.0,-0.0,-0.0,-0.0,97.12534591674805,97.52235534667967,-0.002522154846379,97.6709213256836,98.41185311492596,0.9752890563380364,0.3086110628649542,0.0032153683274763,95.94300079345705,95.94300079345705,95.94300079345705,-0.0003855236734985,iShares Core U.S. Aggregate Bond ETF,P,True,False,False,False,False,False,False,False,False,,False,,,138847469568.0,Bond,unknown,18.0,True,,False,True,39.0,True,True,False,390.0,,0,0,False,Bond,Bond,Bond,Bond,Bond
2026-09-11,SMBS,24.57999992370605,24.604999542236328,24.5,24.51000022888184,2847872.0,251,69801343.37182617,27618078.036387254,17526096.65487465,-0.0197713244549311,-0.0222566491468265,-0.0167827078367787,0.0,0.0,0.0,-0.0,-0.0,-0.0,-0.0,-0.0,24.89308261871338,24.974678026835125,-0.0026727600314879,25.05913914535216,25.265314476749285,0.9701046963590128,0.1060783201173377,0.0043279607966848,24.5,24.5,24.5,-0.0004080060705202,Schwab Mortgage-Backed Securities ETF,P,True,False,False,False,False,False,False,False,False,,False,,,6495026176.0,Bond,unknown,330.0,True,,False,True,412.0,True,True,False,391.0,,0,0,False,Bond,Bond,Bond,Bond,Bond
2026-09-11,SLV,58.72999954223633,58.95899963378906,57.875,58.119998931884766,15589565.0,251,906065501.148548,1026101125.6836672,981750592.4368956,-0.0006877736525496,-0.0443933044473399,-0.2400628088281109,0.0,0.0,0.0,-0.0,-0.0,-0.0,-0.0,-0.0,56.45979988098144,64.43120012919108,0.014850736824765,64.30999755859375,80.86000061035156,0.7187731695916453,1.909450340270996,0.0328535852608811,57.380001068115234,57.22999954223633,57.22999954223633,-0.0153131349966385,iShares Silver Trust,P,True,False,False,False,False,False,False,False,False,,False,,,28194189312.0,Commodity,unknown,99.0,True,,False,True,30.0,True,True,False,392.0,,0,0,False,Commodity,Commodity,Commodity,Commodity,Commodity
2026-09-11,SIVR,61.7599983215332,61.96500015258789,60.869998931884766,61.150001525878906,1211557.0,251,74086712.39868927,80164595.37478295,68209310.85548049,-0.0003269027900111,-0.0434850424843781,-0.2386702968349315,0.0,0.0,0.0,-0.0,-0.0,-0.0,-0.0,-0.0,59.35259994506836,67.69999992370606,0.0149838230243388,67.5999984741211,84.9800033569336,0.7195810674310784,1.993249702453613,0.0325960695456411,60.34000015258789,60.18000030517578,60.18000030517578,-0.015862652436609,abrdn Physical Silver Shares ETF,P,True,False,False,False,False,False,False,False,False,,False,,,3950569728.0,Commodity,unknown,430.0,True,,False,True,228.0,True,True,False,393.0,,0,0,False,Commodity,Commodity,Commodity,Commodity,Commodity
2026-09-11,TFI,43.72999954223633,43.91999816894531,43.72999954223633,43.78499984741211,1155612.0,251,50598471.2436676,35376699.08668518,26260794.49700855,-0.0272704699078625,-0.0313217617188126,-0.022713405782232,0.0,0.0,0.0,-0.0,-0.0,-0.0,-0.0,-0.0,44.77905632019043,44.92374237060547,-0.0049292051133982,45.012508779013125,45.46360518545496,0.963078041629222,0.1529737364005669,0.0034937475604355,43.66999816894531,43.66999816894531,43.66999816894531,-0.0026265085958107,State Street SPDR Nuveen ICE Municipal Bond ETF,P,True,False,False,False,False,False,False,False,False,,False,,,3122414592.0,Bond,unknown,494.0,True,,False,True,368.0,True,True,False,394.0,,0,0,False,Bond,Bond,Bond,Bond,Bond
2026-09-11,VNQI,44.18000030517578,44.220001220703125,44.05500030517578,44.08000183105469,314012.0,251,13841649.534973145,12194669.424952695,12086337.942976937,-0.034392106075488,-0.0286469635624126,-0.0386040720168275,0.0,0.0,0.0,-0.0,-0.0,-0.0,-0.0,-0.0,45.4618000793457,46.26753326416016,-0.0004353399453724,45.90999984741211,48.43999862670898,0.9099918059607404,0.32550048828125,0.0073843120408387,43.9900016784668,43.9900016784668,43.9900016784668,-0.0020417456635513,Vanguard Global ex-U.S. Real Estate ETF,Q,True,False,False,False,False,False,False,False,False,,False,,,3710765056.0,REIT / Infra,unknown,447.0,True,,False,True,439.0,True,True,False,395.0,,0,0,False,REIT / Infra,REIT / Infra,REIT / Infra,REIT / Infra,REIT / Infra
2026-09-11,SPTI,27.68000030517578,27.690000534057617,27.5900993347168,27.61000061035156,1982793.0,251,54744915.940200806,53550247.1864563,60692543.83050089,-0.0165790183978142,-0.0163879710017891,-0.0185874977025038,0.0,0.0,0.0,-0.0,-0.0,-0.0,-0.0,-0.0,27.96342456817627,28.077895075480143,-0.0017479981673748,28.115327835083008,28.322885128126817,0.9748300882996096,0.0743523436783071,0.0026929497296146,27.5900993347168,27.5900993347168,27.5900993347168,-0.0007207995362124,State Street SPDR Portfolio Intermediate Term Treasury ETF,P,True,False,False,False,False,False,False,False,False,,False,,,10175785984.0,Bond,unknown,245.0,True,,False,True,253.0,True,True,False,396.0,,0,0,False,Bond,Bond,Bond,Bond,Bond
2026-09-11,SPTL,24.82999992370605,24.875,24.683399200439453,24.690000534057617,5994397.0,251,148001665.13135338,144332409.67768544,130439918.12297842,-0.0181267734089988,-0.043664245734815,-0.0433458486140763,0.0,0.0,0.0,-0.0,-0.0,-0.0,-0.0,-0.0,25.193585624694823,25.631485659281413,-0.0079770627157927,25.39487974024196,26.311878099418472,0.9383594907504264,0.1936268433706731,0.0078423183143954,24.649999618530277,24.649999618530277,24.649999618530277,-0.0016201261507534,State Street SPDR Portfolio Long Term Treasury ETF,P,True,False,False,False,False,False,False,False,False,,False,,,10471982080.0,Bond,unknown,239.0,True,,False,True,150.0,True,True,False,397.0,,0,0,False,Bond,Bond,Bond,Bond,Bond
2026-09-11,SPMB,21.65999984741211,21.665000915527344,21.55500030517578,21.56999969482422,1392217.0,251,30030120.26512909,24614777.568050765,24626206.67775363,-0.0194864727030715,-0.0232930719647888,-0.017143445151535,0.0,0.0,0.0,-0.0,-0.0,-0.0,-0.0,-0.0,21.90701362609863,21.993091430664062,-0.002736424958587,22.058481329640383,22.2230624013782,0.9706132892596532,0.0872902232281251,0.0040468346992638,21.55500030517578,21.55500030517578,21.55500030517578,-0.0006953820055934,State Street SPDR Portfolio Mortgage Backed Bond ETF,P,True,False,False,False,False,False,False,False,False,,False,,,7072976896.0,Bond,unknown,310.0,True,,False,True,374.0,True,True,False,398.0,,0,0,False,Bond,Bond,Bond,Bond,Bond
2026-09-11,SPIB,32.720001220703125,32.72760009765625,32.630001068115234,32.630001068115234,3857120.0,251,125857829.71984863,185923418.83296585,205121458.70330325,-0.0130236320230585,-0.0123249249263812,-0.0036761588385756,0.0,0.0,0.0,-0.0,-0.0,-0.0,-0.0,-0.0,32.949705352783205,32.95564130147298,-0.0012451158608696,33.100413432918,33.239100762654296,0.9816752053887264,0.0842406517768946,0.0025816931970379,32.630001068115234,32.630001068115234,32.630001068115234,0.0,State Street SPDR Portfolio Intermediate Term Corporate Bond ETF,P,True,False,False,False,False,False,False,False,False,,False,,,11570174976.0,Bond,unknown,212.0,True,,False,True,108.0,True,True,False,399.0,,0,0,False,Bond,Bond,Bond,Bond,Bond
2026-09-11,TIP,106.31999969482422,106.37000274658205,105.81999969482422,105.83999633789062,2660352.0,251,281571645.9375,192007873.67279816,196281363.0719406,-0.0123180970428193,-0.0177237482308963,-0.0132563190165808,0.0,0.0,0.0,-0.0,-0.0,-0.0,-0.0,-0.0,107.05562072753906,107.3724094136556,-0.0013913999570512,107.6500015258789,108.34822005233714,0.9768503468424776,0.3330005645751953,0.0031462639464962,105.81999969482422,105.81999969482422,105.81999969482422,-0.0001889327641562,iShares TIPS Bond ETF,P,True,False,False,False,False,False,False,False,False,,False,,,14696782848.0,Bond,unknown,172.0,True,,False,True,114.0,True,True,False,400.0,,0,0,False,Bond,Bond,Bond,Bond,Bond
2026-09-11,SPAB,24.799999237060547,24.825000762939453,24.72410011291504,24.739999771118164,1402452.0,251,34696662.15900421,59917490.76153946,64969480.40480901,-0.0139779799892997,-0.0187762546438522,-0.0136854917712232,0.0,0.0,0.0,-0.0,-0.0,-0.0,-0.0,-0.0,25.033125343322755,25.136361961364745,-0.0025461243010781,25.19036208044764,25.36184310913086,0.9754811456195462,0.0898983088300683,0.0036337231067809,24.72410011291504,24.72410011291504,24.72410011291504,-0.0006426701030808,State Street SPDR Portfolio Aggregate Bond ETF,P,True,False,False,False,False,False,False,False,False,,False,,,9625304064.0,Bond,unknown,254.0,True,,False,True,241.0,True,True,False,401.0,,0,0,False,Bond,Bond,Bond,Bond,Bond
2026-09-11,TLH,95.5,95.66000366210938,94.96499633789062,95.01000213623048,1349320.0,251,128198896.0824585,113930113.45898438,99469957.40218632,-0.0181616989940871,-0.0380450017685451,-0.0379779721025492,0.0,0.0,0.0,-0.0,-0.0,-0.0,-0.0,-0.0,96.82051177978516,98.22350672403972,-0.0065527917388908,97.6142042245735,100.39891262721449,0.9463250113973516,0.6527015694303728,0.0068698195427308,94.94000244140624,94.94000244140624,94.94000244140624,-0.0007367613224957,iShares 10-20 Year Treasury Bond ETF,P,True,False,False,False,False,False,False,False,False,,False,,,11252374528.0,Bond,unknown,220.0,True,,False,True,180.0,True,True,False,402.0,,0,0,False,Bond,Bond,Bond,Bond,Bond
2026-09-11,SCHI,21.8799991607666,21.895000457763672,21.799999237060547,21.809999465942383,5846228.0,251,127506229.5577774,54942223.11127548,45113945.23022933,-0.0184321227320271,-0.0233728341045331,-0.0129264471123272,0.0,0.0,0.0,-0.0,-0.0,-0.0,-0.0,-0.0,22.14083629608154,22.231485392252605,-0.0030011618039424,22.244452236893963,22.450955058539662,0.9714508540538244,0.076078740869949,0.0034882504691827,21.799999237060547,21.799999237060547,21.799999237060547,-0.000458515778391,Schwab 5-10 Year Corporate Bond ETF,P,True,False,False,False,False,False,False,False,False,,False,,,11602564096.0,Bond,unknown,211.0,True,,False,True,290.0,True,True,False,403.0,,0,0,False,Bond,Bond,Bond,Bond,Bond
2026-09-11,AIRR,106.23999786376952,107.43000030517578,106.1500015258789,107.29000091552734,651225.0,251,69869930.8462143,86921723.20139885,86957217.11533259,-0.1261605963330686,-0.1643430062655043,-0.0175403652870548,0.0,0.0,0.0,-0.0,-0.0,-0.0,-0.0,,117.85540008544922,120.62060185750326,-0.0384237552173856,125.1999969482422,135.0500030517578,0.7944464901226883,2.405549621582032,0.0224210047633049,104.79000091552734,104.79000091552734,104.79000091552734,-0.0233013326374031,First Trust RBA American Industrial Renaissance ETF,Q,True,False,False,False,False,False,False,False,False,,False,,,11489859584.0,Other,unknown,214.0,True,,False,True,198.0,True,True,False,404.0,,0,0,False,Other,Other,Other,Other,Other
2026-09-11,USIG,49.63999938964844,49.70000076293945,49.5,49.5,2700406.0,251,133670097.0,119613676.32153854,103566588.89256844,-0.0140516765249129,-0.0218023746689116,-0.007751103365148,0.0,0.0,0.0,-0.0,-0.0,-0.0,-0.0,-0.0,50.10178215026856,50.29591837565104,-0.0031057596358048,50.3449034656307,50.8996560245501,0.9725016604458976,0.1673938313751275,0.0033816935631338,49.5,49.5,49.5,0.0,iShares Broad USD Investment Grade Corporate Bond ETF,Q,True,False,False,False,False,False,False,False,False,,False,,,17618763776.0,Bond,unknown,147.0,True,,False,True,175.0,True,True,False,405.0,,0,0,False,Bond,Bond,Bond,Bond,Bond
2026-09-11,SHLD,62.11000061035156,62.2338981628418,61.36399841308594,61.75,841240.0,251,51946570.0,47797628.31460571,71851743.69913615,-0.1212465781995605,-0.0491420751873268,-0.1848894952036689,0.0,0.0,0.0,-0.0,-0.0,-0.0,-0.0,-0.0,64.60319969177246,67.62987953186035,0.0102281032399513,71.13999938964844,76.94777340510379,0.8024923564052634,0.9694942474365236,0.0157003116993768,61.36399841308594,61.36399841308594,61.36399841308594,-0.0062510378447621,Global X Defense Tech ETF,P,True,False,False,False,False,False,False,False,False,,False,,,6854938112.0,Industry / Theme,unknown,316.0,True,,False,True,223.0,True,True,False,406.0,,0,0,False,Industry / Theme,Industry / Theme,Industry / Theme,Industry / Theme,Industry / Theme
2026-09-11,TLT,81.30999755859375,81.4749984741211,80.80999755859375,80.87000274658203,32372624.0,251,2617974191.7940674,2497896532.822507,2372282274.368726,-0.0170735798777308,-0.048523724312444,-0.0483804735351237,0.0,0.0,0.0,-0.0,-0.0,-0.0,-0.0,-0.0,82.57997772216797,84.2676335144043,-0.009303558941612,83.28087429911845,86.78349145833796,0.9318592901439692,0.6910621189358572,0.0085453455603482,80.66999816894531,80.66999816894531,80.66999816894531,-0.0024731615041916,iShares 20+ Year Treasury Bond ETF,Q,True,False,False,False,False,False,False,False,False,,False,,,41099935744.0,Bond,unknown,75.0,True,,False,True,13.0,True,True,False,407.0,,0,0,False,Bond,Bond,Bond,Bond,Bond
2026-09-11,TOTL,38.18000030517578,38.20500183105469,38.09000015258789,38.119998931884766,341033.0,251,13000177.595737455,18688243.18152561,20872776.79338952,-0.0157345693160533,-0.0178526428433549,-0.0199556608432089,0.0,0.0,0.0,-0.0,-0.0,-0.0,-0.0,-0.0,38.61836250305176,38.83346783955892,-0.0023836824553692,38.80605107094559,39.19545454034496,0.9725617263258628,0.1028487050477355,0.0026980248669868,38.09000015258789,38.09000015258789,38.09000015258789,-0.0007869564569107,State Street DoubleLine Total Return Tactical ETF,P,True,False,False,False,False,False,False,False,False,,False,,,4176964608.0,Other,unknown,414.0,True,,False,True,393.0,True,True,False,408.0,,0,0,False,Other,Other,Other,Other,Other
2026-09-11,SCMB,24.6299991607666,24.70509910583496,24.614999771118164,24.65999984741211,2981489.0,251,73523518.28506088,88779925.85513477,47232566.88921908,-0.0272655770246758,-0.0303799399266343,-0.0207071860448821,0.0,0.0,0.0,-0.0,-0.0,-0.0,-0.0,-0.0,25.23598728179932,25.31107920328776,-0.0052919324301151,25.401079197100074,25.915289016155185,0.9515618302400352,0.1093555153597897,0.0044345302528972,24.559999465942383,24.559999465942383,24.559999465942383,-0.0040551655348133,Schwab Municipal Bond ETF,P,True,False,False,False,False,False,False,False,False,,False,,,3980585728.0,Bond,unknown,424.0,True,,False,True,282.0,True,True,False,409.0,,0,0,False,Bond,Bond,Bond,Bond,Bond
2026-09-11,SHM,47.2599983215332,47.34999847412109,47.28499984741211,47.310001373291016,237691.0,251,11245161.536418917,12625727.342243766,11958658.980360666,-0.0076119688303607,-0.0046115848552721,-0.0038405291245747,0.0,0.0,0.0,-0.0,-0.0,-0.0,-0.0,-0.0,47.55516052246094,47.49144571940104,-0.0005453703296205,47.71279761102427,47.74594307166813,0.9908695551845578,0.0878058188126278,0.0018559673697705,47.220001220703125,47.220001220703125,47.220001220703125,-0.0019023493970706,State Street SPDR Nuveen ICE Short Term Municipal Bond ETF,P,True,False,False,False,False,False,False,False,False,,False,,,3468243712.0,Bond,unknown,468.0,True,,False,True,440.0,True,True,False,410.0,,0,0,False,Bond,Bond,Bond,Bond,Bond
2026-09-11,SCHZ,22.489999771118164,22.520000457763672,22.41370010375977,22.420000076293945,3258492.0,251,73055390.88860321,45461915.36994018,41579485.12203592,-0.0154891310492953,-0.0198196030125535,-0.0134894993549452,0.0,0.0,0.0,-0.0,-0.0,-0.0,-0.0,-0.0,22.70345115661621,22.79463565826416,-0.0025086944292603,22.89232228879017,23.128383126931208,0.969371700271931,0.1210531290512699,0.0053993366922093,22.41370010375977,22.41370010375977,22.41370010375977,-0.0002809978819242,Schwab US Aggregate Bond ETF,P,True,False,False,False,False,False,False,False,False,,False,,,10601679872.0,Bond,unknown,235.0,True,,False,True,302.0,True,True,False,411.0,,0,0,False,Bond,Bond,Bond,Bond,Bond
2026-09-11,URA,45.130001068115234,45.2400016784668,43.525001525878906,43.52999877929688,2858330.0,251,124423101.41082764,152914392.6754837,139132039.30905902,-0.0380110767006215,-0.0289985054351987,-0.1426039317153417,0.0,0.0,0.0,-0.0,-0.0,-0.0,-0.0,-0.0,43.21199996948242,48.25940002441406,0.0017107800635955,50.09000015258789,58.970001220703125,0.7381719158590488,1.6982494354248048,0.0390133122685154,43.525001525878906,43.15999984741211,43.15999984741211,-0.0084998608375964,Global X Uranium ETF,P,True,False,False,False,False,False,False,False,False,,False,,,5997526528.0,Commodity,unknown,347.0,True,,False,True,144.0,True,True,False,412.0,,0,0,False,Commodity,Commodity,Commodity,Commodity,Commodity
2026-09-11,SCHR,24.040000915527344,24.059999465942383,23.979999542236328,23.979999542236328,4154169.0,251,99616970.71837234,69824639.13645688,68443850.26825175,-0.0169144875167931,-0.0169752888534154,-0.0196574937206246,0.0,0.0,0.0,-0.0,-0.0,-0.0,-0.0,-0.0,24.30106071472168,24.40084903717041,-0.0017529074046438,24.432462692260746,24.61833484237215,0.9740707361313024,0.0650299908096828,0.002711842871187,23.979999542236328,23.979999542236328,23.979999542236328,0.0,Schwab Intermediate-Term U.S. Treasury ETF,P,True,False,False,False,False,False,False,False,False,,False,,,13378999296.0,Bond,unknown,193.0,True,,False,True,226.0,True,True,False,413.0,,0,0,False,Bond,Bond,Bond,Bond,Bond
2026-09-11,SCHP,25.690000534057617,25.700000762939453,25.549999237060547,25.59000015258789,8828956.0,251,225932985.38719177,150621036.88126373,129289166.03289647,-0.0113144606202415,-0.0162762600089716,-0.0124016139558569,0.0,0.0,0.0,-0.0,-0.0,-0.0,-0.0,-0.0,25.86816719055176,25.9338117090861,-0.0012579079649325,26.022435032993176,26.166898836952928,0.977953112137601,0.0848482673982223,0.0033156806132196,25.549999237060547,25.549999237060547,25.549999237060547,-0.0015631463575156,Schwab U.S. TIPS ETF,P,True,False,False,False,False,False,False,False,False,,False,,,16518061056.0,Other,unknown,159.0,True,,False,True,151.0,True,True,False,414.0,,0,0,False,Other,Other,Other,Other,Other
2026-09-11,EVTR,49.45000076293945,49.50979995727539,49.29499816894531,49.31999969482422,852795.0,251,42059849.13974762,34864106.36356163,28532923.5963664,-0.0158687967353095,-0.0179662322881452,-0.0101635354370164,0.0,0.0,0.0,-0.0,-0.0,-0.0,-0.0,-0.0,49.92614692687988,50.040995839436846,-0.0021988138615248,50.2347793757408,50.90391864130067,0.9688841450962216,0.172766922392957,0.003502978983414,49.29499816894531,49.29499816894531,49.29499816894531,-0.0005069246965451,Eaton Vance Total Return Bond ETF,N,True,False,False,False,False,False,False,False,False,,False,,,5577608192.0,Bond,unknown,361.0,True,,False,True,359.0,True,True,False,415.0,,0,0,False,Bond,Bond,Bond,Bond,Bond
2026-09-11,EDV,59.52999877929688,59.68999862670898,58.97999954223633,59.02000045776367,4512125.0,251,266305619.5654869,97904679.81479168,76347402.85709774,-0.016661112835274,-0.0726064532023099,-0.0732064817217564,0.0,0.0,0.0,-0.0,-0.0,-0.0,-0.0,-0.0,60.65700004577637,62.73372093200683,-0.0152300913310446,61.459999084472656,65.82128558573568,0.8966704301283667,0.795500373840332,0.0134784881001418,58.720001220703125,58.33000183105469,58.33000183105469,-0.0116909288606794,Vanguard Extended Duration Treasury ETF,P,True,False,False,False,False,False,False,False,False,,False,,,4162188800.0,Bond,unknown,416.0,True,,False,True,214.0,True,True,False,416.0,,0,0,False,Bond,Bond,Bond,Bond,Bond
2026-09-11,FBND,44.36000061035156,44.39599990844727,44.212100982666016,44.2400016784668,4109831.0,251,181818930.33821487,132497698.912121,139738671.12705782,-0.0141544030140022,-0.0185362890405196,-0.0119643694646772,0.0,0.0,0.0,-0.0,-0.0,-0.0,-0.0,-0.0,44.771791229248045,44.911772079467774,-0.0024125849595453,45.37335328148987,45.38203897681243,0.974835037735322,0.1986270625205676,0.0044897616407018,44.212100982666016,44.212100982666016,44.212100982666016,-0.0006306666985133,Fidelity Total Bond ETF,P,True,False,False,False,False,False,False,False,False,,False,,,26618243072.0,Bond,unknown,102.0,True,,False,True,142.0,True,True,False,417.0,,0,0,False,Bond,Bond,Bond,Bond,Bond
2026-09-11,FPE,17.510000228881836,17.540000915527344,17.479999542236328,17.5,1131422.0,251,19799885.0,18217440.91636467,17628795.070120797,-0.0135592808507586,-0.0097642752785032,-0.0001268498389965,0.0,0.0,0.0,-0.0,-0.0,-0.0,-0.0,-0.0,17.69339916229248,17.668466364542642,-0.0013643932332184,17.750497986965538,17.838692452763127,0.9810136054724872,0.0518774085052054,0.0029644233431545,17.450000762939453,17.450000762939453,17.450000762939453,-0.0028570992606026,First Trust Preferred Securities and Income ETF ETF,P,True,False,False,False,False,False,False,False,False,,False,,,6320397824.0,Bond,unknown,337.0,True,,False,True,410.0,True,True,False,418.0,,0,0,False,Bond,Bond,Bond,Bond,Bond
2026-09-11,FSEC,42.70000076293945,42.810001373291016,42.65499877929688,42.70000076293945,693084.0,251,29594687.328781128,15700735.473368837,16043290.430766271,-0.0162189787565399,-0.0192012625948647,-0.013474625252436,0.0,0.0,0.0,-0.0,-0.0,-0.0,-0.0,-0.0,43.262617111206055,43.367289301554365,-0.0023524176616387,43.51362536643138,43.81330352749815,0.9745898465779927,0.1650070316379807,0.0038643332245838,42.65499877929688,42.65499877929688,42.65499877929688,-0.0010539106051172,Fidelity Investment Grade Securitized ETF,P,True,False,False,False,False,False,False,False,False,,False,,,4651778048.0,Bond,unknown,393.0,True,,False,True,417.0,True,True,False,419.0,,0,0,False,Bond,Bond,Bond,Bond,Bond
2026-09-11,XAR,247.3300018310547,247.9199981689453,244.2400054931641,245.9600067138672,154555.0,251,38014348.83766174,56043480.44359207,57201961.18324522,-0.1579595974855856,-0.1349427274854403,-0.0837609034500768,0.0,0.0,0.0,-0.0,-0.0,-0.0,-0.0,-0.0,270.29479919433595,270.9126193237305,-0.0195943951282215,297.7900085449219,297.7900085449219,0.8259511724912822,5.5189979553222654,0.0224385989781773,243.83999633789065,243.83999633789065,243.83999633789065,-0.0086193296394028,State Street SPDR S&P Aerospace & Defense ETF,P,True,False,False,False,False,False,False,False,False,,False,,,6468274688.0,Industry / Theme,unknown,332.0,True,,False,True,258.0,True,True,False,420.0,,0,0,False,Industry / Theme,Industry / Theme,Industry / Theme,Industry / Theme,Industry / Theme
2026-09-11,FXI,34.56999969482422,34.720001220703125,34.459999084472656,34.4900016784668,12911205.0,251,445307482.1210289,547828577.431056,728638892.9340748,-0.0106138532818871,-0.0046126687103562,-0.0390218061721533,0.0,0.0,0.0,-0.0,-0.0,-0.0,-0.0,-0.0,34.98640007019043,35.586343167622886,0.0158298760216635,36.119998931884766,38.06419438446368,0.9061009233534252,0.4105003356933593,0.0119020097337266,34.33000183105469,34.33000183105469,34.33000183105469,-0.0046390211547018,iShares China Large-Cap ETF,P,True,False,False,False,False,False,False,False,False,,False,,,4523697152.0,Country / Region,unknown,398.0,True,,False,True,42.0,True,True,False,421.0,,0,0,False,Country / Region,Country / Region,Country / Region,Country / Region,Country / Region
2026-09-11,EAGG,46.06999969482422,46.0900993347168,45.91999816894531,45.95000076293945,421601.0,251,19372566.27165604,16971339.4470438,17418622.521580108,-0.0143196151388117,-0.0191306507497689,-0.0144403451904421,0.0,0.0,0.0,-0.0,-0.0,-0.0,-0.0,-0.0,46.510928268432615,46.70798589070638,-0.0025542011472163,46.76702880859375,47.13323672735873,0.974895932327676,0.1436153866048258,0.0031254708208983,45.91999816894531,45.91999816894531,45.91999816894531,-0.000652940010794,iShares ESG Aware U.S. Aggregate Bond ETF,P,True,False,False,False,False,False,False,False,False,,False,,,4899153408.0,Bond,unknown,380.0,True,,False,True,413.0,True,True,False,422.0,,0,0,False,Bond,Bond,Bond,Bond,Bond
2026-09-11,FIXD,42.34000015258789,42.52000045776367,42.27000045776367,42.27899932861328,216982.0,251,9173781.832321169,12680021.63102188,13401623.713669064,-0.0150389116642568,-0.0202664339083429,-0.0138403489218625,0.0,0.0,0.0,-0.0,-0.0,-0.0,-0.0,-0.0,42.84038291931152,43.021533508300784,-0.002956655600108,43.3650016784668,44.12359880470473,0.9581947183352876,0.2930862447982136,0.0069321944571157,41.95000076293945,41.95000076293945,41.95000076293945,-0.0077816072021168,First Trust Smith Opportunistic Fixed Income ETF,Q,True,False,False,False,False,False,False,False,False,,False,,,3286956288.0,Bond,unknown,475.0,True,,False,True,434.0,True,True,False,423.0,,0,0,False,Bond,Bond,Bond,Bond,Bond
2026-09-11,FLCB,20.790000915527344,20.809999465942383,20.730100631713867,20.7450008392334,309386.0,251,6418212.829647064,10491199.768107414,9447031.66795246,-0.014149341347988,-0.0185249622754462,-0.0126425918248276,0.0,0.0,0.0,-0.0,-0.0,-0.0,-0.0,-0.0,20.99310123443604,21.07525091807048,-0.0025384718875961,21.107521057128903,21.270078837908372,0.9753137728037397,0.0645641933174276,0.0031122772092311,20.730100631713867,20.730100631713867,20.730100631713867,-0.0007182553346226,Franklin U.S. Core Bond ETF,P,True,False,False,False,False,False,False,False,False,,False,,,3058559488.0,Bond,unknown,500.0,True,,False,True,456.0,True,True,False,424.0,,0,0,False,Bond,Bond,Bond,Bond,Bond
2026-09-11,CGCB,25.530000686645508,25.540000915527344,25.450000762939453,25.459999084472656,1126794.0,251,28688174.20838928,30170002.937609483,37571459.70045024,-0.0156851814162294,-0.0183945874662306,-0.0150179746093055,0.0,0.0,0.0,-0.0,-0.0,-0.0,-0.0,-0.0,25.77601287841797,25.8758198928833,-0.0025157494041343,25.925512313842773,26.112257400811263,0.9750209908577898,0.0885852736043094,0.0034793902902508,25.450000762939453,25.450000762939453,25.450000762939453,-0.0003927070657006,Capital Group Core Bond ETF,P,True,False,False,False,False,False,False,False,False,,False,,,5556136960.0,Bond,unknown,362.0,True,,False,True,313.0,True,True,False,425.0,,0,0,False,Bond,Bond,Bond,Bond,Bond
2026-09-11,CGCP,21.729999542236328,21.729999542236328,21.649999618530277,21.649999618530277,2297218.0,251,49734768.82368088,35420378.1028204,32872379.3230853,-0.0155870112835784,-0.0191518335456332,-0.0101661970025502,0.0,0.0,0.0,-0.0,-0.0,-0.0,-0.0,-0.0,21.921220588684083,21.983280398050944,-0.002210848911197,22.05256462097168,22.176428433888923,0.976261785484168,0.070995923601219,0.0032792574989448,21.649999618530277,21.649999618530277,21.649999618530277,0.0,Capital Group Core Plus Income ETF,P,True,False,False,False,False,False,False,False,False,,False,,,8320875520.0,Bond,unknown,275.0,True,,False,True,334.0,True,True,False,426.0,,0,0,False,Bond,Bond,Bond,Bond,Bond
2026-09-11,CGHM,24.709999084472656,24.825000762939453,24.71999931335449,24.809999465942383,682769.0,251,16939498.525362015,11961690.48164034,11209002.388792643,-0.0271874192054796,-0.0217672750107636,-0.0045288189989226,0.0,0.0,0.0,-0.0,-0.0,-0.0,-0.0,-0.0,25.36218254089356,25.215186398824056,-0.0040983407714044,25.493400125224586,29.39011762157427,0.8441612852794512,0.1052092049830037,0.004240596825785,24.684999465942383,24.684999465942383,24.684999465942383,-0.0050382911201426,Capital Group Municipal High-Income ETF,P,True,False,False,False,False,False,False,False,False,,False,,,3181882880.0,Bond,unknown,487.0,True,,False,True,446.0,True,True,False,427.0,,0,0,False,Bond,Bond,Bond,Bond,Bond
2026-09-11,CGMU,26.51000022888184,26.6200008392334,26.5049991607666,26.559999465942383,2005333.0,251,53261643.40903664,43800754.96239062,33886648.62477854,-0.0213547806952658,-0.0225602874644105,-0.0164736954480998,0.0,0.0,0.0,-0.0,-0.0,-0.0,-0.0,-0.0,27.01705738067627,27.06711004892985,-0.0036711013455263,27.149532991050894,27.33980941772461,0.9714771255399948,0.0789134166930766,0.0029711377364395,26.479999542236328,26.479999542236328,26.479999542236328,-0.0030120453808231,Capital Group Municipal Income ETF,P,True,False,False,False,False,False,False,False,False,,False,,,6310218752.0,Bond,unknown,338.0,True,,False,True,330.0,True,True,False,428.0,,0,0,False,Bond,Bond,Bond,Bond,Bond
2026-09-11,BSV,76.8499984741211,76.87000274658203,76.7300033569336,76.73999786376953,2031501.0,251,155897382.40024567,164631534.14435005,188625004.84392256,-0.0088004556666144,-0.0039701707907208,-0.0006172080832798,0.0,0.0,0.0,-0.0,-0.0,-0.0,-0.0,-0.0,77.16806503295898,77.05177088419596,0.0001154289749392,77.73026857492607,77.73026857492607,0.987260166093444,0.147272392746872,0.0019191086375622,76.7300033569336,76.7300033569336,76.7300033569336,-0.0001302385602574,Vanguard Short-Term Bond ETF,P,True,False,False,False,False,False,False,False,False,,False,,,69833809920.0,Bond,unknown,44.0,True,,False,True,118.0,True,True,False,429.0,,0,0,False,Bond,Bond,Bond,Bond,Bond
2026-09-11,BIV,74.30000305175781,74.34300231933594,74.03009796142578,74.05999755859375,1426851.0,251,105672581.57647704,111869613.21231537,116011386.48673066,-0.0187283022899964,-0.0220396884653036,-0.0200357189763952,0.0,0.0,0.0,-0.0,-0.0,-0.0,-0.0,-0.0,75.2057827758789,75.59906794230143,-0.0027652738711422,75.62292512530664,76.3706679643338,0.9697440068637456,0.2408664147976623,0.0032523146467443,74.03009796142578,74.03009796142578,74.03009796142578,-0.0004037212821174,Vanguard Intermediate-Term Bond ETF,P,True,False,False,False,False,False,False,False,False,,False,,,52510502912.0,Bond,unknown,54.0,True,,False,True,163.0,True,True,False,430.0,,0,0,False,Bond,Bond,Bond,Bond,Bond
2026-09-11,BND,71.40499877929688,71.44999694824219,71.18000030517578,71.22000122070312,9357468.0,251,666438882.3826904,585323572.5388199,579970892.2751731,-0.0139307485041452,-0.0186866853595542,-0.0126630503244268,0.0,0.0,0.0,-0.0,-0.0,-0.0,-0.0,-0.0,72.04747192382813,72.32637095133464,-0.0024600665963785,72.42546393340598,72.97210570993978,0.9759893938623454,0.2265291442156901,0.0031806955958018,71.18000030517578,71.18000030517578,71.18000030517578,-0.0005616528340597,Vanguard Total Bond Market ETF,Q,True,False,False,False,False,False,False,False,False,,False,,,397862928384.0,Bond,unknown,7.0,True,,False,True,48.0,True,True,False,431.0,,0,0,False,Bond,Bond,Bond,Bond,Bond
2026-09-11,BNDX,47.04999923706055,47.05500030517578,46.970001220703125,46.9900016784668,4437002.0,251,208494731.42736053,201664295.54017907,201859056.4421514,-0.0167004074841313,-0.0175171459875689,-0.0085085500025112,0.0,0.0,0.0,-0.0,-0.0,-0.0,-0.0,-0.0,47.60089920043945,47.65683784484863,-0.0032431579166271,47.788082122802734,48.21495706079328,0.9745938717568086,0.1310118597610252,0.0027880794867275,46.959999084472656,46.959999084472656,46.959999084472656,-0.0006384888896032,Vanguard Total International Bond ETF,Q,True,False,False,False,False,False,False,False,False,,False,,,123285929984.0,Bond,unknown,24.0,True,,False,True,111.0,True,True,False,432.0,,0,0,False,Bond,Bond,Bond,Bond,Bond
2026-09-11,BOND,89.18000030517578,89.18000030517578,88.79239654541016,88.83999633789062,460634.0,251,40922722.87310791,55374504.10634003,52679468.467945404,-0.0184275653388427,-0.0206543859441075,-0.0147767796556822,0.0,0.0,0.0,-0.0,-0.0,-0.0,-0.0,-0.0,90.1792984008789,90.44067194620769,-0.0027101201989186,90.746769756433,91.44399162182,0.9715236043643132,0.3250481930940879,0.0036588046656126,88.79239654541016,88.79239654541016,88.79239654541016,-0.0005357923732844,PIMCO Active Bond Exchange-Traded Fund Exchange-Traded Fund,N,True,False,False,False,False,False,False,False,False,,False,,,8311250432.0,Bond,unknown,276.0,True,,False,True,275.0,True,True,False,433.0,,0,0,False,Bond,Bond,Bond,Bond,Bond
2026-09-11,BOTZ,35.40999984741211,35.41999816894531,35.220001220703125,35.279998779296875,1051296.0,251,37089721.59667969,23684430.90340424,28185657.32535347,-0.0671602574305401,-0.0526665890234397,-0.0082146546900271,0.0,0.0,0.0,-0.0,-0.0,-0.0,-0.0,,35.93880012512207,36.9506219736735,-0.0100758482186622,38.025001525878906,41.68914992307781,0.8462633285733411,0.5436000823974609,0.0154081661339642,34.619998931884766,34.619998931884766,34.619998931884766,-0.0187074793154304,Global X Robotics & Artificial Intelligence ETF,Q,True,False,False,False,False,False,False,False,False,,False,,,3517117696.0,Industry / Theme,unknown,458.0,True,,False,True,361.0,True,True,False,434.0,,0,0,False,Industry / Theme,Industry / Theme,Industry / Theme,Industry / Theme,Industry / Theme
2026-09-11,BLV,65.22000122070312,65.30000305175781,64.83000183105469,64.83999633789062,963751.0,251,62489611.31063843,40201870.06832428,45326855.94899108,-0.0175570744505546,-0.0451732066328981,-0.0325466628144787,0.0,0.0,0.0,-0.0,-0.0,-0.0,-0.0,-0.0,66.10211563110352,67.15135142008464,-0.0079621280715509,66.82522326865896,68.90507730377986,0.9410046236800864,0.4752026131222926,0.0073288500919392,64.76000213623047,64.76000213623047,64.76000213623047,-0.0012337169367391,Vanguard Long-Term Bond ETF,P,True,False,False,False,False,False,False,False,False,,False,,,8673027072.0,Bond,unknown,270.0,True,,False,True,287.0,True,True,False,435.0,,0,0,False,Bond,Bond,Bond,Bond,Bond
2026-09-11,DFCF,41.040000915527344,41.06999969482422,40.869998931884766,40.90999984741211,1381941.0,251,56535206.09913254,73712881.75900479,60978247.19645491,-0.0178456771123008,-0.0220228165564437,-0.0130158669388126,0.0,0.0,0.0,-0.0,-0.0,-0.0,-0.0,-0.0,41.51710296630859,41.66342048645019,-0.0027344265347336,41.755001068115234,42.07391357421875,0.9723364520214292,0.1399064510179432,0.0034198594852058,40.869998931884766,40.869998931884766,40.869998931884766,-0.0009777784325725,Dimensional Core Fixed Income ETF,P,True,False,False,False,False,False,False,False,False,,False,,,10866136064.0,Bond,unknown,227.0,True,,False,True,252.0,True,True,False,436.0,,0,0,False,Bond,Bond,Bond,Bond,Bond
2026-09-11,CQQQ,46.459999084472656,46.56999969482422,46.290000915527344,46.33000183105469,814585.0,251,37739724.54154968,35054374.251960754,53835578.4578063,-0.0924583247119679,-0.1083525279564602,-0.0613857119495544,0.0,0.0,0.0,-0.0,-0.0,-0.0,-0.0,,50.75919990539551,51.04646667480469,-0.0277430880024522,51.93999862670898,57.56999969482422,0.8047594593824524,0.7754999160766601,0.0167386118158287,46.0099983215332,46.0099983215332,46.0099983215332,-0.0069070472021217,Invesco China Technology ETF,P,True,False,False,False,False,False,False,False,False,,False,,,3417853440.0,Country / Region,unknown,469.0,True,,False,True,268.0,True,True,False,437.0,,0,0,False,Country / Region,Country / Region,Country / Region,Country / Region,Country / Region
2026-09-11,XLU,42.88999938964844,42.95000076293945,42.310001373291016,42.38999938964844,15171911.0,251,643137298.0298004,853970636.8772933,885416185.3544583,-0.0374659739232012,-0.0315396096015617,-0.0761519185777426,0.0,0.0,0.0,-0.0,-0.0,-0.0,-0.0,-0.0,44.21940010070801,44.894182790120446,-0.0109879361307902,44.650001525878906,47.40728211653791,0.8941664127769264,0.6249998092651368,0.0147440391192305,41.86000061035156,41.86000061035156,41.86000061035156,-0.0125029201917445,State Street Utilities Select Sector SPDR ETF,P,True,False,False,False,False,False,False,False,False,,False,,,23111417856.0,Sector,unknown,117.0,True,,False,True,35.0,True,True,False,438.0,,0,0,False,Sector,Sector,Sector,Sector,Sector
2026-09-11,CMF,55.150001525878906,55.415000915527344,55.150001525878906,55.34000015258789,2614770.0,251,144701372.19898224,57411584.00076485,35354856.03958796,-0.0254314703352471,-0.0274155655488653,-0.0187121829714433,0.0,0.0,0.0,-0.0,-0.0,-0.0,-0.0,-0.0,56.43990234375,56.61976010640462,-0.0050540885647721,56.81402293696911,57.31009909493486,0.9656238782787048,0.1838298446331876,0.003321825878683,55.06999969482422,55.06999969482422,55.06999969482422,-0.0048789385077557,iShares California Muni Bond ETF,P,True,False,False,False,False,False,False,False,False,,False,,,4542874112.0,Bond,unknown,397.0,True,,False,True,322.0,True,True,False,439.0,,0,0,False,Bond,Bond,Bond,Bond,Bond
2026-09-11,NLR,118.27999877929688,118.27999877929688,113.17009735107422,113.22000122070312,304095.0,251,34429636.27120972,40178689.95866394,45213474.00077214,-0.044718153665872,-0.0638333145763194,-0.1959377658991145,0.0,0.0,0.0,-0.0,-0.0,-0.0,-0.0,-0.0,114.4679997253418,128.83453333536784,-0.0023757946017083,128.6300048828125,150.5,0.7522923669149709,3.97149543762207,0.0350776841088379,113.17009735107422,113.17009735107422,113.17009735107422,-0.0004407690257097,VanEck Uranium and Nuclear ETF,P,True,False,False,False,False,False,False,False,False,,False,,,4214125568.0,Commodity,unknown,411.0,True,,False,True,288.0,True,True,False,440.0,,0,0,False,Commodity,Commodity,Commodity,Commodity,Commodity
2026-09-11,VTEB,48.310001373291016,48.52999877929688,48.310001373291016,48.43000030517578,33760208.0,251,1635006883.742798,641311773.4052223,431021020.2243364,-0.0268328528808027,-0.0296510678731869,-0.0187165732001266,0.0,0.0,0.0,-0.0,-0.0,-0.0,-0.0,-0.0,49.47588493347168,49.58721425374349,-0.004992847049932,49.775315999644725,50.45518748477257,0.959861665756212,0.1731049911123275,0.0035743338844007,48.220001220703125,48.220001220703125,48.220001220703125,-0.0043361363441951,Vanguard Tax-Exempt Bond ETF,P,True,False,False,False,False,False,False,False,False,,False,,,48785248256.0,Bond,unknown,58.0,True,,False,True,67.0,True,True,False,441.0,,0,0,False,Bond,Bond,Bond,Bond,Bond
2026-09-11,JBND,52.02999877929688,52.04499816894531,51.854400634765625,51.869998931884766,752824.0,251,39048980.07589722,54306431.97632141,46613984.32320586,-0.0142802907586319,-0.0173748937695478,-0.0145877499628407,0.0,0.0,0.0,-0.0,-0.0,-0.0,-0.0,-0.0,52.482636260986325,52.67691009521484,-0.0023176904759238,52.77085494995117,53.24683702560467,0.974142349656228,0.173150466112494,0.0033381621299023,51.854400634765625,51.854400634765625,51.854400634765625,-0.0003007190561084,JPMorgan Active Bond ETF,N,True,False,False,False,False,False,False,False,False,,False,,,8293582336.0,Bond,unknown,277.0,True,,False,True,284.0,True,True,False,442.0,,0,0,False,Bond,Bond,Bond,Bond,Bond
2026-09-11,JCPB,45.59000015258789,45.6150016784668,45.459999084472656,45.470001220703125,2201509.0,251,100102616.91738892,80856583.67536393,85692342.7831312,-0.014208423792967,-0.0171045599708488,-0.0111526155822369,0.0,0.0,0.0,-0.0,-0.0,-0.0,-0.0,-0.0,46.00451637268066,46.12503008524577,-0.0022791219899901,46.25980332095227,46.56652327721552,0.9764525676528462,0.1391539153116465,0.0030603455371865,45.459999084472656,45.459999084472656,45.459999084472656,-0.0002199722006146,JPMorgan Core Plus Bond ETF,P,True,False,False,False,False,False,False,False,False,,False,,,13578677248.0,Bond,unknown,191.0,True,,False,True,200.0,True,True,False,443.0,,0,0,False,Bond,Bond,Bond,Bond,Bond
2026-09-11,MBB,91.6999969482422,91.75499725341795,91.33499908447266,91.37999725341795,3860689.0,251,352789750.21630096,244524093.9844326,201366754.6002768,-0.0189971563482627,-0.022628686901789,-0.0160913570853715,0.0,0.0,0.0,-0.0,-0.0,-0.0,-0.0,-0.0,92.77729766845704,93.11572194417316,-0.0025707243406671,93.45845549801132,94.07928711751856,0.97130835121307,0.3513041421382027,0.0038444315243734,91.33499908447266,91.33499908447266,91.33499908447266,-0.0004924290905866,iShares MBS ETF,Q,True,False,False,False,False,False,False,False,False,,False,,,39630225408.0,Bond,unknown,79.0,True,,False,True,113.0,True,True,False,444.0,,0,0,False,Bond,Bond,Bond,Bond,Bond
2026-09-11,MCHI,53.09000015258789,53.27999877929688,52.95000076293945,52.959999084472656,1557777.0,251,82499868.49381256,92844082.35888328,140712599.062907,-0.026828356001412,-0.0189363850217618,-0.0757455289169173,0.0,0.0,0.0,-0.0,-0.0,-0.0,-0.0,-0.0,54.38419990539551,55.81115636189779,0.0091855139966632,56.040000915527344,59.53542086412286,0.8895544587707337,0.5439996719360352,0.0102718973062733,52.77999877929688,52.77999877929688,52.77999877929688,-0.0033987973619236,iShares MSCI China ETF,Q,True,False,False,False,False,False,False,False,False,,False,,,5885857792.0,Country / Region,unknown,351.0,True,,False,True,141.0,True,True,False,445.0,,0,0,False,Country / Region,Country / Region,Country / Region,Country / Region,Country / Region
2026-09-11,VPU,185.47999572753903,185.6000061035156,182.97999572753903,183.19000244140625,207922.0,251,38089231.68762207,46970094.1348114,47014937.07054502,-0.0389780341312752,-0.0329717242534765,-0.0747680916703665,0.0,0.0,0.0,-0.0,-0.0,-0.0,-0.0,-0.0,191.11740020751952,194.1312168375651,-0.0108650743484387,193.00999450683597,204.4856368333461,0.8958575539987896,2.531999206542969,0.0138217106435862,181.3300018310547,181.3300018310547,181.3300018310547,-0.0101533958489163,Vanguard Utilities ETF,P,True,False,False,False,False,False,False,False,False,,False,,,10763640832.0,Sector,unknown,229.0,True,,False,True,283.0,True,True,False,446.0,,0,0,False,Sector,Sector,Sector,Sector,Sector
2026-09-11,MUB,102.87999725341795,103.4250030517578,102.9499969482422,103.16999816894533,17698194.0,251,1825922642.573639,737369368.8890884,508718252.700129,-0.0254761206410107,-0.0284360690118212,-0.0199220529638036,0.0,0.0,0.0,-0.0,-0.0,-0.0,-0.0,-0.0,105.2967547607422,105.59585032145182,-0.0049224235306828,105.93688341108142,107.00265267731127,0.9641816869725264,0.3992190783867819,0.003869526853466,102.6500015258789,102.6500015258789,102.6500015258789,-0.0050401924231392,iShares National Muni Bond ETF,P,True,False,False,False,False,False,False,False,False,,False,,,45820870656.0,Bond,unknown,67.0,True,,False,True,57.0,True,True,False,447.0,,0,0,False,Bond,Bond,Bond,Bond,Bond
2026-09-11,MUNI,50.61000061035156,50.776100158691406,50.630001068115234,50.67499923706055,704202.0,251,35685435.81273651,21716447.303465653,18098366.64618804,-0.0226443959973889,-0.0243204030531588,-0.0177656456466848,0.0,0.0,0.0,-0.0,-0.0,-0.0,-0.0,-0.0,51.602614669799806,51.74179985046387,-0.0039424329602564,51.87901528514669,52.26571829963166,0.9695647718175086,0.1606259972504727,0.0031697286565127,50.52999877929688,50.52999877929688,50.52999877929688,-0.0028613805613563,PIMCO Intermediate Municipal Bond Active Exchange-Traded Fund,P,True,False,False,False,False,False,False,False,False,,False,,,3086858752.0,Bond,unknown,498.0,True,,False,True,407.0,True,True,False,448.0,,0,0,False,Bond,Bond,Bond,Bond,Bond
2026-09-11,LQD,104.8000030517578,104.86499786376952,104.30999755859376,104.31999969482422,27924378.0,251,2913071104.438156,2870735790.686461,3028004521.507265,-0.0168191041565101,-0.0320752903187078,-0.0159890797157576,0.0,0.0,0.0,-0.0,-0.0,-0.0,-0.0,-0.0,105.9060287475586,106.82406997680664,-0.0048524604195374,106.50290866727444,108.42908759469609,0.9621034540544002,0.4743575283747567,0.0045471388972625,104.30999755859376,104.30999755859376,104.30999755859376,-9.587937365540532e-05,iShares iBoxx $ Investment Grade Corporate Bond ETF,P,True,False,False,False,False,False,False,False,False,,False,,,33113137152.0,Bond,unknown,91.0,True,,False,True,11.0,True,True,False,449.0,,0,0,False,Bond,Bond,Bond,Bond,Bond
2026-09-11,JMBS,43.619998931884766,43.63990020751953,43.42499923706055,43.43999862670898,582197.0,251,25290636.88047409,27260646.229819298,29821416.300134502,-0.0207939305318308,-0.0252133203345055,-0.0190888386219822,0.0,0.0,0.0,-0.0,-0.0,-0.0,-0.0,-0.0,44.20528999328613,44.387842966715496,-0.002737865285768,44.52176047077485,44.88477499085423,0.9678114379666684,0.1819649815486293,0.0041888809231395,43.42499923706055,43.42499923706055,43.42499923706055,-0.0003452898278688,Janus Henderson Mortgage-Backed Securities ETF,P,True,False,False,False,False,False,False,False,False,,False,,,6783227392.0,Bond,unknown,318.0,True,,False,True,348.0,True,True,False,450.0,,0,0,False,Bond,Bond,Bond,Bond,Bond
2026-09-11,JMTG,49.29999923706055,49.310001373291016,49.140098571777344,49.18000030517578,286667.0,251,14098283.147483826,23903236.64102821,29203114.71165333,-0.0164198798165777,-0.0170007939635893,-0.0131950913883446,0.0,0.0,0.0,-0.0,-0.0,-0.0,-0.0,-0.0,49.81744338989258,49.93916292826334,-0.0018133544656647,50.13049547761692,50.348802084743646,0.9767859068900862,0.1624754078871177,0.0033036886311287,49.140098571777344,49.140098571777344,49.140098571777344,-0.0008113406496713,JPMorgan Mortgage-Backed Securities ETF,P,True,False,False,False,False,False,False,False,False,,False,,,6718420992.0,Bond,unknown,322.0,True,,False,True,353.0,True,True,False,451.0,,0,0,False,Bond,Bond,Bond,Bond,Bond
2026-09-11,JMUB,48.58000183105469,48.80500030517578,48.58000183105469,48.68999862670898,2346712.0,251,114261404.0572815,83296550.18655625,62378753.40746271,-0.0232413292308388,-0.0251177588278735,-0.0165370720124859,0.0,0.0,0.0,-0.0,-0.0,-0.0,-0.0,-0.0,49.58677299499512,49.68082425435384,-0.0044426578072817,49.85153222334097,50.274716088841615,0.968478838163258,0.1747747899487109,0.0035895418952186,48.40999984741211,48.40999984741211,48.40999984741211,-0.0057506425794656,JPMorgan Municipal ETF,P,True,False,False,False,False,False,False,False,False,,False,,,8048841216.0,Bond,unknown,284.0,True,,False,True,245.0,True,True,False,452.0,,0,0,False,Bond,Bond,Bond,Bond,Bond
2026-09-11,KWEB,24.709999084472656,24.82999992370605,24.59000015258789,24.600000381469727,12892449.0,251,317154250.318079,373450698.76269007,505963088.3772037,-0.0837988814909967,-0.0741437461792009,-0.1816366993172694,0.0,0.0,0.0,-0.0,-0.0,-0.0,-0.0,,26.73260009765625,28.127400067647297,0.0063014820681612,27.290000915527344,31.030000686645508,0.7927811742542731,0.4364497184753418,0.0177418581994861,24.440000534057617,24.440000534057617,24.440000534057617,-0.0065040587370328,KraneShares CSI China Internet ETF,P,True,False,False,False,False,False,False,False,False,,False,,,4907469312.0,Country / Region,unknown,379.0,True,,False,True,58.0,True,True,False,453.0,,0,0,False,Country / Region,Country / Region,Country / Region,Country / Region,Country / Region
2026-09-11,IUSB,44.88999938964844,44.92580032348633,44.77000045776367,44.790000915527344,4189844.0,251,187663116.59591675,157217206.60763168,154698237.42665002,-0.0139026984953097,-0.0172550337783716,-0.0106435552836701,0.0,0.0,0.0,-0.0,-0.0,-0.0,-0.0,-0.0,45.29639541625976,45.42470466613769,-0.0022364642262298,45.551002502441406,45.91270260175445,0.9755470355129084,0.1435723639439896,0.0032054557046061,44.77000045776367,44.77000045776367,44.77000045776367,-0.0004465384540043,iShares Core Universal USD Bond ETF,Q,True,False,False,False,False,False,False,False,False,,False,,,42765500416.0,Bond,unknown,73.0,True,,False,True,130.0,True,True,False,454.0,,0,0,False,Bond,Bond,Bond,Bond,Bond
2026-09-11,ITA,220.27999877929688,220.67999267578125,218.01499938964844,219.00999450683597,631909.0,251,138394386.6188202,146268750.64197618,156606310.59501308,-0.1228723923048135,-0.0714974758488435,-0.0526330762101254,0.0,0.0,0.0,-0.0,-0.0,-0.0,-0.0,-0.0,238.28279998779297,232.8426348876953,-0.0121944535248882,253.92999267578125,256.6000061035156,0.853507362811537,3.87974853515625,0.0177149382789247,217.4600067138672,217.4600067138672,217.4600067138672,-0.0070772468464692,iShares U.S. Aerospace & Defense ETF,Z,True,False,False,False,False,False,False,False,False,,False,,,14444112896.0,Industry / Theme,unknown,176.0,True,,False,True,127.0,True,True,False,455.0,,0,0,False,Industry / Theme,Industry / Theme,Industry / Theme,Industry / Theme,Industry / Theme
2026-09-11,HYMB,24.11000061035156,24.26499938964844,24.11000061035156,24.209999084472656,8943719.0,251,216527428.8017807,64847683.75660209,44207837.64589788,-0.0289534992870353,-0.0280630171091529,-0.0068316739725592,0.0,0.0,0.0,-0.0,-0.0,-0.0,-0.0,-0.0,24.768950424194337,24.686286913553875,-0.0050470987913603,24.93186292583629,25.19188951518021,0.96102354965808,0.1300126128558169,0.0053702031297969,24.059999465942383,24.059999465942383,24.059999465942383,-0.0061957713425307,State Street SPDR Nuveen ICE High Yield Municipal Bond ETF,P,True,False,False,False,False,False,False,False,False,,False,,,3091741440.0,Bond,unknown,497.0,True,,False,True,294.0,True,True,False,456.0,,0,0,False,Bond,Bond,Bond,Bond,Bond
2026-09-11,IAGG,49.40999984741211,49.415000915527344,49.369998931884766,49.40999984741211,1541625.0,251,76171691.0147667,52035315.36170483,52999920.492497705,-0.0116023567029509,-0.0097675909218581,-0.0002103392753213,0.0,0.0,0.0,-0.0,-0.0,-0.0,-0.0,-0.0,49.82380012512207,49.74022824605306,-0.0021027583086649,49.98500061035156,50.27921961734516,0.9827121467566854,0.1135503768920898,0.0022981254248685,49.32400131225586,49.32400131225586,49.32400131225586,-0.0017405087112291,iShares International Aggregate Bond Fund,Z,True,False,False,False,False,False,False,False,False,,False,,,10738313216.0,Bond,unknown,230.0,True,,False,True,272.0,True,True,False,457.0,,0,0,False,Bond,Bond,Bond,Bond,Bond
2026-09-11,IBDV,21.3700008392334,21.420000076293945,21.309999465942383,21.309999465942383,703903.0,251,15000172.55407524,13756682.08532629,14532306.639348315,-0.0121339792622511,-0.0097032897390102,-0.0027919846895596,0.0,0.0,0.0,-0.0,-0.0,-0.0,-0.0,-0.0,21.49499378204346,21.49332594553629,-0.0008071022315205,21.604622367508004,21.89180722961707,0.9734234932012572,0.0615305428248474,0.0028874023635329,21.309999465942383,21.309999465942383,21.309999465942383,0.0,iShares iBonds Dec 2030 Term Corporate ETF,P,True,False,False,False,False,False,False,False,False,,False,,,3198090240.0,Bond,unknown,483.0,True,,False,True,426.0,True,True,False,458.0,,0,0,False,Bond,Bond,Bond,Bond,Bond
2026-09-11,HYD,48.970001220703125,49.27999877929688,48.970001220703125,49.04999923706055,2566757.0,251,125899428.89171982,65815496.415537074,49896107.71317806,-0.0279914943908381,-0.0337347639308235,-0.0062672841261287,0.0,0.0,0.0,-0.0,-0.0,-0.0,-0.0,-0.0,50.15165802001953,50.10954394022624,-0.0057274750091941,50.49240694261743,51.24120726157621,0.957237384877956,0.2535469842338934,0.0051691536835401,48.79999923706055,48.79999923706055,48.79999923706055,-0.0050968400385031,VanEck High Yield Muni ETF,Z,True,False,False,False,False,False,False,False,False,,False,,,4521939456.0,Bond,unknown,399.0,True,,False,True,279.0,True,True,False,459.0,,0,0,False,Bond,Bond,Bond,Bond,Bond
2026-09-11,GOVT,22.200000762939453,22.215999603271484,22.13999938964844,22.149999618530277,9567771.0,251,211926124.000185,356850027.30136955,226823918.32929668,-0.013087387432865,-0.0160784576542295,-0.0157222821452055,0.0,0.0,0.0,-0.0,-0.0,-0.0,-0.0,-0.0,22.387630462646484,22.484444363911948,-0.0021887727988255,22.503525243447463,22.650615692138672,0.9778983458810726,0.0641710062580353,0.0028971109419049,22.13999938964844,22.13999938964844,22.13999938964844,-0.0004514776096641,iShares U.S. Treasury Bond ETF,Z,True,False,False,False,False,False,False,False,False,,False,,,43729891328.0,Bond,unknown,70.0,True,,False,True,102.0,True,True,False,460.0,,0,0,False,Bond,Bond,Bond,Bond,Bond
2026-09-11,GVI,104.11000061035156,104.1449966430664,103.93000030517578,103.97000122070312,207317.0,251,21554748.74307251,12379842.056599429,11311228.497962588,-0.0119428448171168,-0.0100026552378835,-0.0069908576496001,0.0,0.0,0.0,-0.0,-0.0,-0.0,-0.0,-0.0,104.86070693969728,104.95251988728842,-0.0008307694067182,105.29648379914528,105.51918207741711,0.9853184906647836,0.1908156076871712,0.0018352948489643,103.93000030517578,103.93000030517578,103.93000030517578,-0.0003847351645445,iShares Intermediate Government/Credit Bond ETF,Z,True,False,False,False,False,False,False,False,False,,False,,,3754905600.0,Bond,unknown,444.0,True,,False,True,445.0,True,True,False,461.0,,0,0,False,Bond,Bond,Bond,Bond,Bond
2026-09-11,IDEF,31.850000381469727,31.850000381469727,31.559999465942383,31.6299991607666,442518.0,251,13996843.968624117,14104315.88879795,17863178.9608735,-0.1057393238354522,-0.0346444515903843,-0.0960636713862069,0.0,0.0,0.0,-0.0,-0.0,-0.0,-0.0,-0.0,32.95494007110596,33.44519903818766,0.0031187852633864,35.92499923706055,35.92499923706055,0.8804453676407268,0.4866998672485351,0.0153872867582061,31.3700008392334,31.3700008392334,31.3700008392334,-0.0082199914142173,iShares Defense Industrials and Tech Active ETF,Q,True,False,False,False,False,False,False,False,False,,False,,,4074098176.0,Industry / Theme,unknown,418.0,True,,False,True,409.0,True,True,False,462.0,,0,0,False,Industry / Theme,Industry / Theme,Industry / Theme,Industry / Theme,Industry / Theme
2026-09-11,IEF,91.33000183105467,91.41999816894533,90.9800033569336,91.01000213623048,8728108.0,251,794345127.7252502,603521653.7582413,629329073.9746826,-0.021039882763071,-0.025302869224604,-0.0294234762937073,0.0,0.0,0.0,-0.0,-0.0,-0.0,-0.0,-0.0,92.62870574951172,93.33519648234048,-0.0033020658822173,93.205138579535,94.43543702059144,0.9637272300268588,0.3481607615795731,0.0038255219581076,90.9800033569336,90.9800033569336,90.9800033569336,-0.000329620685559,iShares 7-10 Year Treasury Bond ETF,Q,True,False,False,False,False,False,False,False,False,,False,,,47093366784.0,Bond,unknown,63.0,True,,False,True,45.0,True,True,False,463.0,,0,0,False,Bond,Bond,Bond,Bond,Bond
2026-09-11,IEI,114.83000183105467,114.87999725341795,114.52010345458984,114.5500030517578,1656682.0,251,189772928.15579224,149650911.0757965,148161968.3403422,-0.0158687522441404,-0.0144901984941704,-0.0168229684559928,0.0,0.0,0.0,-0.0,-0.0,-0.0,-0.0,-0.0,115.92465454101564,116.31799062093098,-0.0013658381695915,116.49676371121832,117.25953119785864,0.9768928963093936,0.2579767445055815,0.0022520884996311,114.52010345458984,114.52010345458984,114.52010345458984,-0.0002610178644383,iShares 3-7 Year Treasury Bond ETF,Q,True,False,False,False,False,False,False,False,False,,False,,,18260961280.0,Bond,unknown,143.0,True,,False,True,136.0,True,True,False,464.0,,0,0,False,Bond,Bond,Bond,Bond,Bond
2026-09-11,IGF,64.36000061035156,64.5,63.970001220703125,64.05000305175781,520030.0,251,33307923.08700561,43395202.66477966,53000350.39924258,-0.0286624100647838,-0.028400705509828,-0.0246070793453758,0.0,0.0,0.0,-0.0,-0.0,-0.0,-0.0,-0.0,66.13020004272461,66.30207707722981,-0.0055010830422099,66.4000015258789,68.58477854848046,0.9338807299127292,0.5700000762939453,0.0088992981910295,63.970001220703125,63.970001220703125,63.970001220703125,-0.001249052728226,iShares Global Infrastructure ETF,Q,True,False,False,False,False,False,False,False,False,,False,,,10779330560.0,REIT / Infra,unknown,228.0,True,,False,True,271.0,True,True,False,465.0,,0,0,False,REIT / Infra,REIT / Infra,REIT / Infra,REIT / Infra,REIT / Infra
2026-09-11,IGIB,51.400001525878906,51.435001373291016,51.220001220703125,51.22999954223633,4063841.0,251,208190572.5697212,127877374.28610171,135075804.6475981,-0.0183391340362205,-0.0223145446909335,-0.0128558601966182,0.0,0.0,0.0,-0.0,-0.0,-0.0,-0.0,-0.0,52.007491989135744,52.20370803833008,-0.0029038283923742,52.26672686345583,52.71527862548828,0.9718245047360176,0.17173318719984,0.0033521996629778,51.220001220703125,51.220001220703125,51.220001220703125,-0.0001951653644844,iShares 5-10 Year Investment Grade Corporate Bond ETF,Q,True,False,False,False,False,False,False,False,False,,False,,,18526003200.0,Bond,unknown,141.0,True,,False,True,149.0,True,True,False,466.0,,0,0,False,Bond,Bond,Bond,Bond,Bond
2026-09-11,FREI,24.559999465942383,24.56999969482422,24.540000915527344,24.540000915527344,5306.0,59,130209.24485778809,252704.6655529022,,-0.0160384767427748,,,0.0,,,-0.0,,,,,24.89360736846924,,,25.030000686645508,,,0.076500129699707,0.0031173645821383,24.520000457763672,24.520000457763672,24.520000457763672,-0.0008150145483905,Fidelity Real Estate Income ETF,Q,True,False,False,False,False,False,False,False,False,,False,,,4103114240.0,Bond,unknown,417.0,True,,False,True,,False,False,False,,,0,0,False,Bond,Bond,Bond,Bond,Bond
2026-09-11,FIMU,19.429000854492188,19.440000534057617,19.36000061035156,19.38159942626953,8370.0,59,162223.98719787598,109720.10000228882,,-0.0229373015041216,,,0.0,,,-0.0,,,,,19.74073921203613,,,19.98619595251341,,,0.0878634842032662,0.0045333453793383,19.36000061035156,19.36000061035156,19.36000061035156,-0.0011143980144742,Fidelity Intermediate Municipal Income ETF,Q,True,False,False,False,False,False,False,False,False,,False,,,13629500416.0,Bond,unknown,189.0,True,,False,True,,False,False,False,,,0,0,False,Bond,Bond,Bond,Bond,Bond
2026-09-11,DLCU,49.55059814453125,49.55059814453125,49.55059814453125,49.55059814453125,146.0,27,7234.387329101562,108799.3693031311,,-0.0170482385535055,,,0.0,,,-0.0,,,,,,,,50.52999877929688,,,0.2720300674438476,0.0054899451798821,49.119998931884766,49.119998931884766,49.119998931884766,-0.0086900911143492,U.S. Large Company Portfolio: ETF Class Shares,Q,True,False,False,False,False,False,False,False,False,,False,,,14329477120.0,Other,unknown,178.0,True,,False,True,,False,False,False,,,0,0,False,Other,Other,Other,Other,Other
2026-09-11,DRAM,60.025001525878906,60.040000915527344,58.58000183105469,59.09999847412109,21943594.0,112,1296866371.9167328,1997164812.15226,3429155353.1549325,0.0381169534044079,-0.0924447791546955,,0.0684326153136942,0.0,,0.0026084428092538,-0.0,,,-0.0,56.12680015563965,,-0.0497516287549079,62.59000015258789,,,2.5940004348754884,0.0438917174593728,54.290000915527344,53.130001068115234,53.130001068115234,-0.1010151871428561,Roundhill Memory ETF,Z,True,False,False,False,False,False,False,False,False,,False,,,25910761472.0,Other,unknown,108.0,True,,False,True,10.0,False,False,False,,,0,0,False,Other,Other,Other,Other,Other
