date,symbol,open,high,low,close,volume,history_days,dollar_volume,avg_dollar_vol_20,avg_dollar_vol_63,r20,r63,r126,er20,er63,er126,te20,te63,te126,score,surge_ratio,ma50,ma150,ma50_slope_10,hhv20,hhv126,hhv126_ratio,atr20,atr20_pct,low10,low20,suggested_stop,stop_distance_pct,name,exchange,is_etf,is_test_issue,exclude_leveraged,exclude_inverse,exclude_volatility,exclude_single_stock,exclude_option_income,exclude_buffer,exclude_by_name,exclude_reason,exclude_income_oriented,income_exclusion_reason_category,income_exclusion_matched_keyword,aum,asset_group,category,aum_rank,aum_eligible,manual_action,excluded_product_type,base_universe_eligible,dollar_vol_rank,liquidity_eligible,eligible_universe,signal_surge_v0,rank_score,signal_streak_start_date,signal_streak_trading_days,signal_streak_calendar_days,is_first_signal_today,group,Group,assetGroup,AssetGroup,Asset Group
2026-08-31,EFAV,94.20999908447266,94.29499816894533,94.00499725341795,94.12000274658205,304457.0,251,28655493.676216125,45322158.55572853,45395699.304360166,0.0150992397265661,0.0646981763549348,0.0267384000754375,0.1917807503341774,0.200435818389397,0.0375637202848158,0.0028957435242364,0.0129678319260028,0.0010043937812972,0.0087806285753559,1.7851924503514889,91.43080001831056,90.24915420532228,0.0133416169490334,94.94000244140624,94.94000244140624,0.9913629695203526,0.63125,0.0067068633826928,93.01000213623048,92.37000274658205,92.37000274658205,-0.018593284625287,iShares MSCI EAFE Min Vol Factor ETF,Z,True,False,False,False,False,False,False,False,False,,False,,,5082040320.0,Country / Region,unknown,375.0,True,,False,True,288.0,True,True,True,89.0,2026-08-31,1,0,True,Country / Region,Country / Region,Country / Region,Country / Region,Country / Region
2026-08-31,VFLO,55.61000061035156,55.86000061035156,55.43999862670898,55.59000015258789,2700405.0,251,150115514.3620491,110710053.6312151,76458155.69598638,0.1125292855546176,0.1563464980303144,0.37514787058804,0.6691734580055323,0.2963679612383582,0.3186779519254517,0.0753016111414754,0.0463360928680012,0.1195513550681909,0.0719614346380676,0.5342022207152755,49.9314533996582,44.34893923441569,0.0388125522176834,55.88600158691406,55.88600158691406,0.9947034780460036,0.7201305134126695,0.0129543175289799,53.63999938964844,49.6574256588713,49.6574256588713,-0.1067201740858497,VictoryShares Free Cash Flow ETF,Q,True,False,False,False,False,False,False,False,False,,False,,,7757980672.0,Factor / Style,unknown,292.0,True,,False,True,216.0,True,True,False,1.0,,0,0,False,Factor / Style,Factor / Style,Factor / Style,Factor / Style,Factor / Style
2026-08-31,IBB,207.2400054931641,209.83999633789065,206.1100006103516,209.0500030517578,1221698.0,251,255395970.6283264,324493173.80676115,303902943.7082437,0.1244688232684094,0.2344536369674159,0.2030365908272671,0.4000690655286243,0.2653996850735511,0.1295221613487372,0.04979612581244,0.0622239214155008,0.0262977380768268,0.0496497572469649,1.1086848845259951,195.27699920654297,178.64905853271483,0.044895927897957,217.1199951171875,217.1199951171875,0.9628316495628418,4.295001220703125,0.0205453296245097,201.2899932861328,186.02999877929688,186.02999877929688,-0.1101172156728527,iShares Biotechnology ETF,Q,True,False,False,False,False,False,False,False,False,,False,,,9087528960.0,Industry / Theme,unknown,264.0,True,,False,True,78.0,True,True,False,2.0,,0,0,False,Industry / Theme,Industry / Theme,Industry / Theme,Industry / Theme,Industry / Theme
2026-08-31,CIBR,98.58000183105467,100.43299865722656,98.53009796142578,100.1500015258789,1696940.0,251,169948543.58932495,159781276.00579834,146389920.65669954,0.0664465724676277,0.0646428424861793,0.5837605814141127,0.1666665647784124,0.0669762508610103,0.228044583720884,0.0110744219744793,0.0043295352347231,0.1331234387812425,0.0494074014760049,0.0759425616471704,92.96967697143556,78.26258712768555,0.0241291880773053,102.3499984741211,102.3499984741211,0.97850515895417,2.8276443481445312,0.0282340919127581,91.12000274658205,91.12000274658205,91.12000274658205,-0.0901647393082016,First Trust NASDAQ Cybersecurity ETF,Q,True,False,False,False,False,False,False,False,False,,False,,,13836617728.0,Industry / Theme,unknown,181.0,True,,False,True,140.0,True,True,False,3.0,,0,0,False,Industry / Theme,Industry / Theme,Industry / Theme,Industry / Theme,Industry / Theme
2026-08-31,XBI,161.0,163.22000122070312,159.62060546875,162.5,7347936.0,251,1194039600.0,1361343966.606369,1376698509.2011952,0.1031158963624603,0.2173292005836085,0.2853379373896219,0.3090540046332085,0.1900585879727765,0.1328520566647153,0.0318683807121612,0.0413052809881729,0.037907731826679,0.04011613878165,0.9885152107734594,156.82559997558593,138.3768792215983,0.0424267455650513,169.88999938964844,169.88999938964844,0.9565012689611044,4.239969635009766,0.0260921208308293,157.8800048828125,147.94000244140625,147.94000244140625,-0.0895999849759615,State Street SPDR S&P Biotech ETF,P,True,False,False,False,False,False,False,False,False,,False,,,10734887936.0,Industry / Theme,unknown,231.0,True,,False,True,24.0,True,True,False,4.0,,0,0,False,Industry / Theme,Industry / Theme,Industry / Theme,Industry / Theme,Industry / Theme
2026-08-31,CALF,57.8650016784668,57.88999938964844,57.459999084472656,57.58000183105469,664106.0,251,38239224.6960144,28953931.129076384,27126016.286862813,0.0455783938648972,0.1253984104068761,0.2545294122144941,0.2782708503733076,0.2161099668862216,0.2257603368659436,0.0126831384194345,0.0270998463206148,0.0574626458438348,0.0377268261537418,0.51808297024222,53.98231986999512,49.22427762349447,0.0293597066250392,58.33000183105469,58.33000183105469,0.9871421228106202,0.708000373840332,0.0122959421904444,56.41999816894531,54.7400016784668,54.7400016784668,-0.0493226825681722,Pacer US Small Cap Cash Cows ETF,Z,True,False,False,False,False,False,False,False,False,,False,,,3474337792.0,Factor / Style,unknown,465.0,True,,False,True,363.0,True,True,False,5.0,,0,0,False,Factor / Style,Factor / Style,Factor / Style,Factor / Style,Factor / Style
2026-08-31,FHLC,82.5999984741211,82.88500213623047,82.00859832763672,82.7300033569336,304765.0,251,25213209.473075867,15546086.068098068,16927010.684162322,0.0509400669975581,0.1619041853288472,0.1024553950644433,0.2959408837816091,0.2541498178128765,0.0950679630994388,0.0150752484471517,0.0411479192044687,0.0097402257173249,0.0301552264839683,0.90929699727706,79.78280059814453,74.47361719767252,0.0272957986897863,85.45999908447266,85.45999908447266,0.9680552801686716,1.1945709228515624,0.0144393916883776,81.77999877929688,78.23999786376953,78.23999786376953,-0.0542730002535138,Fidelity MSCI Health Care Index ETF,P,True,False,False,False,False,False,False,False,False,,False,,,3215685120.0,Country / Region,unknown,479.0,True,,False,True,411.0,True,True,False,6.0,,0,0,False,Country / Region,Country / Region,Country / Region,Country / Region,Country / Region
2026-08-31,XLF,57.86000061035156,57.92499923706055,57.68999862670898,57.709999084472656,25146236.0,251,1451189256.537933,1579270192.8913078,1844159677.0271108,0.0057510981215507,0.1260383696201354,0.1346949025123478,0.0556489395714284,0.2776374827965124,0.1555824896805866,0.0003200425118355,0.0349929756771108,0.0209561682801549,0.0300800930881762,0.959640220459084,56.52300010681152,52.99593002319336,0.0178755066400422,58.40999984741211,58.40999984741211,0.9880157376345128,0.5690004348754882,0.0098596507347473,56.90999984741211,56.90999984741211,56.90999984741211,-0.0138624025255926,State Street Financial Select Sector SPDR ETF,P,True,False,False,False,False,False,False,False,False,,False,,,51353821184.0,Sector,unknown,56.0,True,,False,True,17.0,True,True,False,7.0,,0,0,False,Sector,Sector,Sector,Sector,Sector
2026-08-31,VHT,319.29998779296875,320.6700134277344,317.2101135253906,319.9599914550781,205639.0,251,65796252.68283081,64215928.39479218,76371638.55712454,0.050702755150543,0.1618910085633151,0.1010083603322962,0.2955583700003037,0.2535239939460003,0.0937447157423924,0.014985623666819,0.0410432550749177,0.0094690000269562,0.0299922658081312,0.9132178080141744,308.7075720214844,288.2622934977214,0.027331355599252,330.75,330.75,0.967377147256472,4.722993469238281,0.0147612001355531,316.3399963378906,302.5,302.5,-0.0545692959162661,Vanguard Health Care ETF,P,True,False,False,False,False,False,False,False,False,,False,,,20388290560.0,Sector,unknown,133.0,True,,False,True,217.0,True,True,False,8.0,,0,0,False,Sector,Sector,Sector,Sector,Sector
2026-08-31,VFH,141.39999389648438,141.89230346679688,140.9550018310547,140.9600067138672,318242.0,251,44859394.45663452,65371860.40261078,71612979.74894932,0.0032027060324832,0.123908881180244,0.1324708672043948,0.0318029279570727,0.273910625906425,0.1514419959037062,0.0001018554292187,0.0339399591994454,0.0200616525285283,0.0290825518646244,0.9415937857469708,138.35658782958984,129.66327972412108,0.0178045787358902,143.00999450683594,143.00999450683594,0.9856654228955252,1.316248321533203,0.0093377430394497,139.25999450683594,139.25999450683594,139.25999450683594,-0.0120602449351615,Vanguard Financials ETF,P,True,False,False,False,False,False,False,False,False,,False,,,13808313344.0,Sector,unknown,185.0,True,,False,True,226.0,True,True,False,9.0,,0,0,False,Sector,Sector,Sector,Sector,Sector
2026-08-31,ETHA,18.489999771118164,18.790000915527344,18.37879943847656,18.71999931335449,30196921.0,251,565286340.3854198,686802083.5337154,507517731.9141067,0.3267186228807359,0.2389146087824003,0.2179570236004302,0.6890883796953686,0.1527718725266471,0.0701570574806784,0.2251380064571885,0.0364994321576586,0.0152912234330529,0.0290765591040466,3.643130403357848,14.514799957275391,15.524233334859211,0.0741678149490987,19.13500022888184,19.13500022888184,0.9783119461424958,0.5420501708984375,0.0289556725844401,14.270000457763672,13.970999717712402,13.970999717712402,-0.2536858851407245,iShares Ethereum Trust ETF,Q,True,False,False,False,False,False,False,False,False,,False,,,4276033536.0,Crypto,unknown,408.0,True,,False,True,59.0,True,True,False,10.0,,0,0,False,Crypto,Crypto,Crypto,Crypto,Crypto
2026-08-31,FELV,42.84999847412109,42.85499954223633,42.650001525878906,42.70000076293945,208854.0,251,8918065.959342957,7285541.066292954,6966328.221611507,0.0082645171529873,0.0917836507540477,0.1733420084894097,0.1083593451978141,0.2546417253447282,0.2271385628429148,0.0008955376670738,0.0233719471864486,0.0393726546885888,0.0289721948121977,0.6413939658713596,41.66759994506836,38.47498672485352,0.0163113385857389,43.2599983215332,43.2599983215332,0.9870550721146236,0.324100112915039,0.0075901664431897,42.5099983215332,42.11800003051758,42.11800003051758,-0.0136299934900003,Fidelity Enhanced Large Cap Value ETF,P,True,False,False,False,False,False,False,False,False,,False,,,3197805568.0,Factor / Style,unknown,484.0,True,,False,True,460.0,True,True,False,11.0,,0,0,False,Factor / Style,Factor / Style,Factor / Style,Factor / Style,Factor / Style
2026-08-31,EUFN,42.29999923706055,42.56999969482422,42.18989944458008,42.27000045776367,1070626.0,251,45255361.51009369,51334742.80958214,53560656.938837565,0.0040380520143505,0.1372260508369842,0.1868190022960234,0.0489919627456606,0.2293555886957085,0.1281928225836323,0.0001978320938521,0.0314735616741037,0.0239488552165853,0.0288399144139723,0.9211683650547194,40.89659996032715,37.66165542602539,0.0240122916186045,42.790000915527344,42.790000915527344,0.9878476175125536,0.3700052261352539,0.0087533764402241,41.720001220703125,41.720001220703125,41.720001220703125,-0.0130115739556262,iShares MSCI Europe Financials ETF,Q,True,False,False,False,False,False,False,False,False,,False,,,3689534976.0,Country / Region,unknown,449.0,True,,False,True,271.0,True,True,False,12.0,,0,0,False,Country / Region,Country / Region,Country / Region,Country / Region,Country / Region
2026-08-31,IYH,71.91000366210938,72.19999694824219,71.44000244140625,72.0199966430664,298998.0,251,21533834.95628357,35122866.49413681,53526045.39797828,0.0553927153814255,0.1589488877636102,0.0960440005735772,0.3038583631394829,0.2374274728461875,0.086463347125268,0.0168315398256512,0.0377388327334262,0.0083042857608926,0.0274367412930395,0.9068194568356834,69.25919982910156,64.94985018412272,0.0272818137927934,74.58999633789062,74.58999633789062,0.9655449816194897,1.0985004425048828,0.0152527144363681,71.12999725341797,67.70999908447266,67.70999908447266,-0.0598444565327356,iShares U.S. Healthcare ETF,P,True,False,False,False,False,False,False,False,False,,False,,,3161404928.0,Sector,unknown,490.0,True,,False,True,272.0,True,True,False,13.0,,0,0,False,Sector,Sector,Sector,Sector,Sector
2026-08-31,HGER,35.130001068115234,35.35499954223633,35.08000183105469,35.34000015258789,1517734.0,251,53636719.79158783,34886233.60123558,45027636.99142189,0.11307087094765,0.1176470339854893,0.2082051334218082,0.5689380937036954,0.1939520909195145,0.1668036098673496,0.0643303257703725,0.0228178882319648,0.0347293678476707,0.0269869060974619,3.1478360835116312,32.153199920654295,30.94101998647054,0.0291395103498557,35.35499954223633,35.35499954223633,0.9995757491205588,0.4208001136779785,0.0119071904884291,34.119998931884766,31.315000534057617,31.315000534057617,-0.1138935936941565,Harbor Commodity All-Weather Strategy ETF,N,True,False,False,False,False,False,False,False,False,,False,,,3212702208.0,Commodity,unknown,480.0,True,,False,True,289.0,True,True,False,14.0,,0,0,False,Commodity,Commodity,Commodity,Commodity,Commodity
2026-08-31,XLV,170.25,170.97999572753906,169.20199584960938,170.5399932861328,7311064.0,251,1246828805.4744873,1419948676.9644744,1610406858.45254,0.0511587001475937,0.1586318234589245,0.0849448048790004,0.2932859142444901,0.2388985198442782,0.0780293295151597,0.0150041261443467,0.0378969078245359,0.0066281861705044,0.0269528552456249,0.9351954681352006,164.16579956054687,154.29614725748698,0.0261291803204901,176.60000610351562,176.60000610351562,0.9656850928202648,2.658904266357422,0.0155910893106246,168.4499969482422,160.97000122070312,160.97000122070312,-0.0561158229282506,State Street Health Care Select Sector SPDR ETF,P,True,False,False,False,False,False,False,False,False,,False,,,40598945792.0,Sector,unknown,77.0,True,,False,True,22.0,True,True,False,15.0,,0,0,False,Sector,Sector,Sector,Sector,Sector
2026-08-31,IYF,136.8000030517578,136.77000427246094,136.3699951171875,136.47000122070312,146162.0,251,19946728.31842041,53293978.06112365,49232150.73384506,0.0040465204470807,0.1169007754255548,0.1225158055223392,0.0429356067148453,0.2686454297603673,0.1408698279899683,0.0001737398104794,0.0314048590535183,0.0172587804499843,0.0264537315422814,0.950634482497098,134.2397996520996,126.34006993611654,0.0153725068238785,138.7899932861328,138.7899932861328,0.9832841546389678,1.2814979553222656,0.0093903271331388,134.8000030517578,134.8000030517578,134.8000030517578,-0.0122371081850035,iShares U.S. Financial ETF,P,True,False,False,False,False,False,False,False,False,,False,,,3903197184.0,Other,unknown,435.0,True,,False,True,282.0,True,True,False,16.0,,0,0,False,Other,Other,Other,Other,Other
2026-08-31,IWX,112.88999938964844,112.91500091552734,112.47000122070312,112.5999984741211,197168.0,251,22201116.499145508,34176642.09612884,40708738.6220025,0.0119529241590712,0.0933388716243259,0.1664147906765893,0.1453554883316045,0.2349770964292361,0.2077804728757157,0.0017374231281324,0.0219324970382653,0.034577743900295,0.0263583334399757,0.776969908557541,109.5681999206543,101.74188685099284,0.0155501089747518,113.7300033569336,113.7300033569336,0.9900641444697222,0.8039993286132813,0.0071403138499869,111.8000030517578,110.7300033569336,110.7300033569336,-0.0166074168963445,iShares Russell Top 200 Value ETF,P,True,False,False,False,False,False,False,False,False,,False,,,3556921344.0,Factor / Style,unknown,456.0,True,,False,True,303.0,True,True,False,17.0,,0,0,False,Factor / Style,Factor / Style,Factor / Style,Factor / Style,Factor / Style
2026-08-31,VLUE,200.38999938964844,201.8300018310547,200.58999633789065,201.5399932861328,691317.0,251,139328023.53858948,102607352.06224442,240375067.2336457,0.0447358325654239,0.0038246512468154,0.351569352820525,0.339362443229582,0.0053247489514824,0.1956994401953936,0.0151816614393117,2.0365307716266228e-05,0.0688019255368335,0.0240939113879073,0.001771666117555,197.04140075683597,174.16926798502604,0.0051898516426225,205.9600067138672,206.57000732421875,0.975649833665392,2.5159988403320312,0.0124838688307386,199.0200042724609,194.0,194.0,-0.037411896086689,iShares MSCI USA Value Factor ETF,Z,True,False,False,False,False,False,False,False,False,,False,,,10583302144.0,Country / Region,unknown,236.0,True,,False,True,99.0,True,True,False,18.0,,0,0,False,Country / Region,Country / Region,Country / Region,Country / Region,Country / Region
2026-08-31,VONV,112.98999786376952,113.11000061035156,112.51499938964844,112.69000244140624,610528.0,251,68800401.81054688,67177810.23502807,91874901.23115563,0.0108539562974223,0.0857910309517071,0.1498425734731729,0.1473811473086634,0.2308682936556292,0.1914311199973982,0.0015996685319522,0.0198064289267779,0.0286845316632619,0.0229137648845473,0.7180828413816341,110.12839950561523,102.55200541178384,0.0148440107075178,114.08000183105467,114.08000183105467,0.9878155735682144,0.7822494506835938,0.006941604700828,112.29000091552734,111.0500030517578,111.0500030517578,-0.0145531933101267,Vanguard Russell 1000 Value ETF,Q,True,False,False,False,False,False,False,False,False,,False,,,21457317888.0,Factor / Style,unknown,127.0,True,,False,True,193.0,True,True,False,19.0,,0,0,False,Factor / Style,Factor / Style,Factor / Style,Factor / Style,Factor / Style
2026-08-31,EWT,108.38999938964844,108.76000213623048,107.65499877929688,108.02999877929688,4642805.0,251,501562218.4825134,414817893.4951553,596837955.6597682,0.1025719032255176,0.0151287411957632,0.4390568698343171,0.3983353215732345,0.0125810783386246,0.147855684562894,0.0408580120557152,0.0001903358781486,0.0649170540513944,0.0228446872387846,0.025744942044517,102.97460021972655,89.49873341878255,0.0057625838775228,109.79000091552734,112.77999877929688,0.9578826028425887,2.0257495880126952,0.0187517320272423,102.62000274658205,100.20999908447266,100.20999908447266,-0.0723872978171583,iShares MSCI Taiwan ETF,P,True,False,False,False,False,False,False,False,False,,False,,,11151458304.0,Country / Region,unknown,222.0,True,,False,True,47.0,True,True,False,20.0,,0,0,False,Country / Region,Country / Region,Country / Region,Country / Region,Country / Region
2026-08-31,IWD,257.5599975585937,257.6650085449219,256.5299987792969,256.9100036621094,2404861.0,251,617832848.316864,375274842.0545151,530517799.8190245,0.010501880550884,0.0853196115737831,0.1490141745506679,0.1417946671312634,0.230423059540862,0.1911720209365997,0.0014891106569648,0.019659605937669,0.0284873408970504,0.0227493131734525,0.7134090623446955,251.12500061035155,233.9112338256836,0.0147908950824959,260.19000244140625,260.19000244140625,0.9873938323974016,1.7579971313476563,0.0068428519959845,256.0799865722656,253.22000122070312,253.22000122070312,-0.0143630157985571,iShares Russell 1000 Value ETF,P,True,False,False,False,False,False,False,False,False,,False,,,79741509632.0,Factor / Style,unknown,36.0,True,,False,True,56.0,True,True,False,21.0,,0,0,False,Factor / Style,Factor / Style,Factor / Style,Factor / Style,Factor / Style
2026-08-31,RSPT,64.66999816894531,65.0989990234375,64.5,64.98999786376953,586015.0,251,38085113.5981369,31832958.474191666,46250905.1529518,0.0601957369108432,-0.019690275594579,0.3822303311286432,0.228200258134894,0.0,0.1637830666548837,0.0137366827016745,-0.0,0.0626028558007608,0.0219109995302663,-0.0,62.64680000305176,55.58647247314453,0.0057635871925838,66.88999938964844,67.4446029663086,0.963605611204128,1.2749500274658203,0.0196176345495246,62.560001373291016,62.060001373291016,62.060001373291016,-0.0450838065362042,Invesco S&P 500 Equal Weight Technology ETF,P,True,False,False,False,False,False,False,False,False,,False,,,5687853056.0,Sector,unknown,359.0,True,,False,True,286.0,True,True,False,22.0,,0,0,False,Sector,Sector,Sector,Sector,Sector
2026-08-31,QTEC,315.7200012207031,317.5098876953125,314.3900146484375,316.510009765625,108920.0,251,34474270.263671875,49816080.20111084,91754138.06084529,0.0421797729460122,-0.0365750174057268,0.4098650314621181,0.1617628130277182,0.0,0.1505394237858134,0.0068231187246173,-0.0,0.0617008456662615,0.0215952959831915,-0.0,313.5417797851562,275.33537729899086,-0.0018279866876136,329.0400085449219,340.1946629053564,0.9303791160700232,6.547991943359375,0.0206881038239774,306.6300048828125,306.3699951171875,306.3699951171875,-0.0320369477601866,First Trust NASDAQ-100-Technology Sector Index Fund,Q,True,False,False,False,False,False,False,False,False,,False,,,4991772672.0,Sector,unknown,377.0,True,,False,True,195.0,True,True,False,23.0,,0,0,False,Sector,Sector,Sector,Sector,Sector
2026-08-31,COWZ,72.3499984741211,72.4000015258789,71.98500061035156,72.0999984741211,840637.0,251,60609926.41728973,67526052.2027462,62814866.03804295,0.0713223655973951,0.1029190157923802,0.1180506860064944,0.4989598806579042,0.2151178036812659,0.1542343656894924,0.0355869990267156,0.0221397126342943,0.0182074726754211,0.0207634286486887,0.835497374812774,66.84159942626952,64.33825223286946,0.0259552458870389,72.5199966430664,72.5199966430664,0.9942085191893696,0.7904510498046875,0.0109632602847891,70.31999969482422,66.91000366210938,66.91000366210938,-0.07198328601733,Pacer US Cash Cows 100 ETF,Z,True,False,False,False,False,False,False,False,False,,False,,,17594638336.0,Other,unknown,149.0,True,,False,True,245.0,True,True,False,24.0,,0,0,False,Other,Other,Other,Other,Other
2026-08-31,ARTY,74.27999877929688,74.69000244140625,74.05999755859375,74.43000030517578,243583.0,251,18129882.764335632,32205982.00480919,49319286.9849053,0.0801044311379366,-0.0458205588602532,0.4718123708294868,0.21664047180102,0.0,0.1222006063886699,0.0173538617550749,-0.0,0.0576557578170393,0.0201795152359637,-0.0,71.71279998779296,62.76311670939128,0.0009806640092837,78.43000030517578,81.80196563276948,0.909880340031334,1.9655010223388671,0.0264073762498989,71.5999984741211,70.0459976196289,70.0459976196289,-0.0589010166273238,iShares Future AI & Tech ETF,P,True,False,False,False,False,False,False,False,False,,False,,,3930527488.0,Other,unknown,432.0,True,,False,True,280.0,True,True,False,25.0,,0,0,False,Other,Other,Other,Other,Other
2026-08-31,DFLV,41.84000015258789,41.90999984741211,41.7150993347168,41.77999877929688,468870.0,251,19589388.02764893,22483794.323352814,28204409.61073739,0.0195216995118807,0.0691409388242392,0.1316697848857628,0.2846986442145961,0.2285572117469693,0.1943641357308859,0.0055578013837971,0.0158026601952358,0.0255918839411929,0.0192288885063208,0.5662382586709404,40.756319732666014,38.320234044392905,0.0128174002097607,42.34999847412109,42.34999847412109,0.9865407387163772,0.285194969177246,0.006826112434416,41.71500015258789,40.790000915527344,40.790000915527344,-0.0236954976710076,Dimensional US Large Cap Value ETF,P,True,False,False,False,False,False,False,False,False,,False,,,6419725824.0,Factor / Style,unknown,334.0,True,,False,True,358.0,True,True,False,26.0,,0,0,False,Factor / Style,Factor / Style,Factor / Style,Factor / Style,Factor / Style
2026-08-31,IXJ,104.23999786376952,104.38999938964844,103.6750030517578,104.23999786376952,163959.0,251,17091085.80974579,21039338.57309532,26825337.96726469,0.0433389454804142,0.1310427066988246,0.0487071675121293,0.2551556831766318,0.2110770973635597,0.0462338105162383,0.0110581782422099,0.0276601141606522,0.0022519179535384,0.0187672454881624,0.9975531270419948,101.09800003051758,96.75832077026368,0.0227733798499309,107.69000244140624,107.69000244140624,0.967963557438734,1.4162494659423828,0.0135864303047403,103.25,99.3499984741211,99.3499984741211,-0.0469109697799412,iShares Global Healthcare ETF,P,True,False,False,False,False,False,False,False,False,,False,,,3844812544.0,Sector,unknown,441.0,True,,False,True,366.0,True,True,False,27.0,,0,0,False,Sector,Sector,Sector,Sector,Sector
2026-08-31,KBWB,96.0500030517578,96.0500030517578,95.33999633789062,95.37999725341795,804233.0,251,76707741.3311081,113334707.28502312,168988215.5873436,-0.0172076841404035,0.1034701506073625,0.170481919419847,0.0,0.1614407642150707,0.131308929821816,-0.0,0.016704300187501,0.0223857983929891,0.0186928245594219,0.4968977264426438,96.35500076293944,88.2575395711263,0.0112454009784417,100.61000061035156,100.61000061035156,0.948017062665682,1.3229999542236328,0.0138708323791257,94.6999969482422,94.6999969482422,94.6999969482422,-0.0071293806328077,Invesco KBW Bank ETF,Q,True,False,False,False,False,False,False,False,False,,False,,,6505184256.0,Other,unknown,328.0,True,,False,True,124.0,True,True,False,28.0,,0,0,False,Other,Other,Other,Other,Other
2026-08-31,XLE,63.79999923706055,64.43499755859375,63.13999938964844,63.959999084472656,27081179.0,251,1732112184.04644,1596011505.0677624,1736121010.9338956,0.087940093356587,0.1242803403673231,0.1367841812310093,0.3884299083956076,0.1700769913065214,0.0895138810749336,0.0341585624068002,0.0211372263682247,0.0122440829316447,0.0180246261654217,2.786285646959477,58.355600357055664,56.98103624979655,0.0244259399302246,64.69999694824219,64.69999694824219,0.9885626290776875,1.2372495651245117,0.0193441148035424,61.310001373291016,57.11000061035156,57.11000061035156,-0.1070981640427203,State Street Energy Select Sector SPDR ETF,P,True,False,False,False,False,False,False,False,False,,False,,,35721338880.0,Sector,unknown,84.0,True,,False,True,20.0,True,True,False,29.0,,0,0,False,Sector,Sector,Sector,Sector,Sector
2026-08-31,VDE,179.75,181.4199981689453,177.99000549316406,180.1699981689453,375133.0,251,67587711.92311096,74424487.75573197,96425438.48477148,0.0862121147447725,0.1208066763797504,0.1338396212654375,0.3941568232431671,0.1655975885824594,0.0884265352185019,0.0339810932728749,0.0200052942931482,0.0118349739834591,0.017145682184757,2.9466316664611303,164.6738439941406,161.10463938395182,0.0242499645031002,182.1499938964844,182.1499938964844,0.9891298611370568,3.3409996032714844,0.0185435956997603,173.0,161.32000732421875,161.32000732421875,-0.1046233614713751,Vanguard Energy ETF,P,True,False,False,False,False,False,False,False,False,,False,,,11076583424.0,Other,unknown,226.0,True,,False,True,187.0,True,True,False,30.0,,0,0,False,Other,Other,Other,Other,Other
2026-08-31,XLK,185.7749938964844,186.63999938964844,185.2899932861328,186.5,4723878.0,251,881003247.0,1200903115.323099,1867072602.0511184,0.0475174513193272,-0.0461668319019875,0.339791830430141,0.1936814372044003,0.0,0.1434093034079432,0.0092032482638174,-0.0,0.0487293097056965,0.0170552583969937,-0.0,182.67660064697264,164.49199529012046,-0.0002257311923474,191.75,198.49331469466887,0.939578243664692,3.5985015869140624,0.0192949146751424,178.82000732421875,178.82000732421875,178.82000732421875,-0.0411795853929289,State Street Technology Select Sector SPDR ETF,P,True,False,False,False,False,False,False,False,False,,False,,,123912577024.0,Sector,unknown,23.0,True,,False,True,16.0,True,True,False,31.0,,0,0,False,Sector,Sector,Sector,Sector,Sector
2026-08-31,IGV,108.70999908447266,110.55999755859376,108.57119750976562,109.9800033569336,8519584.0,251,936983876.9196776,1202358247.3149552,1426087471.4335628,0.1289263541783976,0.0213614213825212,0.3289915592578267,0.3422344310998197,0.0234968228463583,0.1444885523976003,0.0441230374760177,0.0005019255339715,0.0475355141481927,0.0169636815489489,0.0348381609934821,96.42419982910155,89.98654052734375,0.0269877782474867,110.55999755859376,110.55999755859376,0.9947540320688524,2.813440322875977,0.0255813805873884,99.72000122070312,97.61000061035156,97.61000061035156,-0.1124750169940976,iShares Expanded Tech-Software Sector ETF,Z,True,False,False,False,False,False,False,False,False,,False,,,13542322176.0,Industry / Theme,unknown,192.0,True,,False,True,23.0,True,True,False,32.0,,0,0,False,Industry / Theme,Industry / Theme,Industry / Theme,Industry / Theme,Industry / Theme
2026-08-31,DFUV,57.18999862670898,57.24990081787109,57.0,57.09999847412109,348114.0,251,19877308.86882019,26316715.37374649,23429731.84450592,0.0192787934225686,0.0639637574461324,0.1380202154072858,0.2660087737842558,0.188811356079539,0.1859955294722976,0.0051283281983774,0.0120770837833469,0.0256711430425586,0.016835004524071,0.538106246454233,55.93166000366211,52.4223119354248,0.0114006317805499,57.88999938964844,57.88999938964844,0.9863534129580832,0.3751951217651367,0.0065708429385542,57.0,55.93999862670898,55.93999862670898,-0.0203152342979106,Dimensional US Marketwide Value ETF,P,True,False,False,False,False,False,False,False,False,,False,,,15314369536.0,Factor / Style,unknown,168.0,True,,False,True,378.0,True,True,False,33.0,,0,0,False,Factor / Style,Factor / Style,Factor / Style,Factor / Style,Factor / Style
2026-08-31,IYW,250.88999938964844,251.55999755859372,249.83999633789065,251.27999877929688,1247402.0,251,313447173.0372925,124818654.39763792,152729569.64398873,0.0311884698454809,-0.0256467086948675,0.3153037707419561,0.1500198490747439,0.0,0.1514162492304379,0.0046788895390912,-0.0,0.0477421143339609,0.0167097400168863,-0.0,246.0917999267578,222.6807221476237,0.0026014481126102,257.3999938964844,260.9332505385792,0.9630048997613084,4.092999267578125,0.0162885995203027,242.82000732421875,242.82000732421875,242.82000732421875,-0.0336675879344804,iShares U.S. Technology ETF,P,True,False,False,False,False,False,False,False,False,,False,,,25393864704.0,Sector,unknown,109.0,True,,False,True,135.0,True,True,False,34.0,,0,0,False,Sector,Sector,Sector,Sector,Sector
2026-08-31,PVAL,54.25,54.25,53.914798736572266,54.0,1334660.0,251,72071640.0,79033030.05639267,90956710.66867648,0.0039040543018848,0.070209775321945,0.1236214266153901,0.0542633977856985,0.2022577233548396,0.1704856537852569,0.0002118472515601,0.0142004693138714,0.0210756797383909,0.0166067929624532,0.5840468180373374,52.86612808227539,49.88098197937012,0.012819602734581,54.70000076293945,54.70000076293945,0.9872029112764892,0.3759609222412109,0.0069622393007631,53.84999847412109,53.59000015258789,53.59000015258789,-0.0075925897668909,Putnam Focused Large Cap Value ETF,P,True,False,False,False,False,False,False,False,False,,False,,,11873768448.0,Factor / Style,unknown,207.0,True,,False,True,197.0,True,True,False,35.0,,0,0,False,Factor / Style,Factor / Style,Factor / Style,Factor / Style,Factor / Style
2026-08-31,FTEC,286.4700012207031,287.82000732421875,285.760009765625,287.5599975585937,157957.0,251,45422114.53436279,74849844.65463562,89715813.87051149,0.0467003460095376,-0.02973593911084,0.3167932834747771,0.2059062509030159,0.0,0.1493377007036436,0.0096158931626975,-0.0,0.0473091805524807,0.0165582131933682,-0.0,279.52160095214845,253.2215781656901,0.0037245413311726,294.42999267578125,300.4786748358019,0.957006342349361,4.986994934082031,0.0173424501892544,276.8299865722656,276.8299865722656,276.8299865722656,-0.0373139903930543,Fidelity MSCI Information Technology Index ETF,P,True,False,False,False,False,False,False,False,False,,False,,,20956467200.0,Country / Region,unknown,130.0,True,,False,True,200.0,True,True,False,36.0,,0,0,False,Country / Region,Country / Region,Country / Region,Country / Region,Country / Region
2026-08-31,VGT,120.0500030517578,120.62000274658205,119.73999786376952,120.48999786376952,2709490.0,251,326466444.3119049,451887221.11234665,539489938.1432488,0.0464651598270033,-0.0286382262449027,0.316369802303621,0.2061656081067374,0.0,0.1495033288071655,0.0095795179315109,-0.0,0.0472983385784562,0.0165544185024596,-0.0,117.07117446899414,106.0714641825358,0.0039393802261922,123.38999938964844,125.850191476801,0.9574081409799082,2.118500518798828,0.0175823765985462,115.91000366210938,115.91000366210938,115.91000366210938,-0.0380114057835611,Vanguard Information Tech ETF,P,True,False,False,False,False,False,False,False,False,,False,,,169247817728.0,Other,unknown,14.0,True,,False,True,54.0,True,True,False,37.0,,0,0,False,Other,Other,Other,Other,Other
2026-08-31,VTV,224.75,225.1199951171875,224.33999633789065,224.8500061035156,2072448.0,251,465989945.4492188,568461364.2117004,643199639.3526253,0.0174208420973558,0.0687675936716598,0.0986312820755985,0.2575258072878923,0.2196013489100325,0.1494172176664175,0.0044863164247564,0.0151014563315935,0.0147372117426075,0.0149739707254484,0.6432845481794546,221.68060546875,209.47755859375,0.0109895754073194,228.57000732421875,228.57000732421875,0.9837248934615186,1.5339988708496093,0.006822320788123,224.33999633789065,220.82000732421875,220.82000732421875,-0.0179230539021714,Vanguard Morningstar Value ETF,P,True,False,False,False,False,False,False,False,False,,False,,,254461837312.0,Factor / Style,unknown,10.0,True,,False,True,45.0,True,True,False,38.0,,0,0,False,Factor / Style,Factor / Style,Factor / Style,Factor / Style,Factor / Style
2026-08-31,MGV,167.05999755859375,167.3300018310547,166.78179931640625,167.1300048828125,252501.0,251,42200493.36291504,40914925.67919312,42984162.80019415,0.0198315834950335,0.0672260826057662,0.1053686872662464,0.2935860749513428,0.2039960273896053,0.1555142674746738,0.0058222767583767,0.0137138537885417,0.0163863342149783,0.0146492219377945,0.632624518280913,165.0085482788086,155.552314453125,0.0097822593691025,169.83999633789062,169.83999633789062,0.9840438559025478,1.0684097290039063,0.006392686518217,166.78179931640625,164.22000122070312,164.22000122070312,-0.0174116171668264,Vanguard Morningstar Mega Cap Value ETF,P,True,False,False,False,False,False,False,False,False,,False,,,13311754240.0,Factor / Style,unknown,194.0,True,,False,True,295.0,True,True,False,39.0,,0,0,False,Factor / Style,Factor / Style,Factor / Style,Factor / Style,Factor / Style
2026-08-31,SOXX,510.0,514.3300170898438,507.0299987792969,511.0400085449219,6186674.0,251,3161637933.824646,3872294248.629404,5596529617.062798,0.0066183736164808,-0.1060397053059597,0.4531961446444752,0.0168303702112796,0.0,0.0916681920241462,0.0001113896781619,-0.0,0.0415436712118725,0.0145402849241553,-0.0,547.5462030029297,466.602270304362,-0.0242749626924537,566.02001953125,655.9500122070312,0.7790837701572101,17.62749786376953,0.0344933812794033,498.9299926757813,498.9299926757813,498.9299926757813,-0.0236968058599195,iShares PHLX SOX Semiconductor Sector Index Fund,Q,True,False,False,False,False,False,False,False,False,,False,,,47824830464.0,Industry / Theme,unknown,60.0,True,,False,True,5.0,True,True,False,40.0,,0,0,False,Industry / Theme,Industry / Theme,Industry / Theme,Industry / Theme,Industry / Theme
2026-08-31,JQUA,74.76000213623047,74.87999725341797,74.58509826660156,74.79000091552734,401250.0,251,30009487.867355347,36707663.92759323,34769946.16470943,0.0274763013442052,0.044096407870604,0.1673430110236311,0.2717385445302749,0.1133048767772006,0.1921765353771204,0.0074663701363495,0.0049963380600959,0.0321594000780967,0.0145034097663962,0.2657956574772907,72.93103958129883,67.90323783874511,0.0118555164550284,75.63999938964844,75.63999938964844,0.9887625795745656,0.5769950866699218,0.0077148693623044,74.2699966430664,73.20999908447266,73.20999908447266,-0.0211258431837598,JPMorgan U.S. Quality Factor ETF,P,True,False,False,False,False,False,False,False,False,,False,,,8162030080.0,Factor / Style,unknown,280.0,True,,False,True,325.0,True,True,False,41.0,,0,0,False,Factor / Style,Factor / Style,Factor / Style,Factor / Style,Factor / Style
2026-08-31,IXN,140.8000030517578,141.32000732421875,140.2465057373047,141.1300048828125,321010.0,251,45304142.86743164,65146770.02529907,58847651.61802746,0.0495278024961005,-0.0457936899236178,0.3210440896209632,0.2031727855437165,0.0,0.1282230638171499,0.0100627015949917,-0.0,0.0411652567915875,0.0144078398770556,-0.0,138.20859939575195,124.26500666300456,0.0001450919697969,145.22999572753906,149.65093919782692,0.9430612707097654,2.625174713134766,0.0186011097733227,136.0,136.0,136.0,-0.0363494983725977,iShares Global Tech ETF,P,True,False,False,False,False,False,False,False,False,,False,,,9455798272.0,Global Equity,unknown,256.0,True,,False,True,253.0,True,True,False,42.0,,0,0,False,Global Equity,Global Equity,Global Equity,Global Equity,Global Equity
2026-08-31,FNDX,32.470001220703125,32.47990036010742,32.33000183105469,32.380001068115234,3240090.0,251,104914117.66078947,72880086.32037544,81884467.96055263,0.0121913504153625,0.0508827839639598,0.1253432087295065,0.1553792247642597,0.1745786456001502,0.1943824558503457,0.0018942825763684,0.0088830475087931,0.0243645207370039,0.0143015631386669,0.5635221530660044,31.80887012481689,30.058573659261068,0.0102527153724218,32.849998474121094,32.849998474121094,0.9856926201571632,0.2199996948242187,0.0067943078309794,32.33000183105469,31.90999984741211,31.90999984741211,-0.0145151700185067,Schwab Fundamental U.S. Large Company ETF,P,True,False,False,False,False,False,False,False,False,,False,,,25939793920.0,Other,unknown,107.0,True,,False,True,209.0,True,True,False,43.0,,0,0,False,Other,Other,Other,Other,Other
2026-08-31,IGM,160.63999938964844,161.2563018798828,160.125,160.97000122070312,176560.0,251,28420863.415527344,51574768.48442078,67368333.38688442,0.0260708580481356,-0.0479531768977438,0.2909051728937728,0.1224916005864052,0.0,0.134808516072501,0.0031934611309771,-0.0,0.0392164946756238,0.0137257731364683,-0.0,158.6311993408203,144.5704837036133,3.816016417879098e-05,166.1999969482422,171.40683033840085,0.9391107746576216,2.7270652770996096,0.0169414503101144,155.72999572753906,155.72999572753906,155.72999572753906,-0.0325526834405597,iShares Expanded Tech Sector ETF,P,True,False,False,False,False,False,False,False,False,,False,,,10708001792.0,Sector,unknown,232.0,True,,False,True,236.0,True,True,False,44.0,,0,0,False,Sector,Sector,Sector,Sector,Sector
2026-08-31,PRF,56.0099983215332,56.02970123291016,55.79499816894531,55.869998931884766,259393.0,251,14492286.632938383,14620243.605404854,16038355.491753532,0.01049010683222,0.0477032377182136,0.1329452157846675,0.1355137146549611,0.1565712251742393,0.190338554391399,0.0014215533439615,0.0074689543743186,0.0253046001857062,0.0137114304083043,0.5133123685659117,55.01299995422363,51.80867970784505,0.0098356894428326,56.65999984741211,56.65999984741211,0.9860571670022088,0.3617506027221679,0.0064748632475043,55.790000915527344,55.209999084472656,55.209999084472656,-0.0118131351356702,Invesco RAFI US 1000 ETF,P,True,False,False,False,False,False,False,False,False,,False,,,9686064128.0,Other,unknown,253.0,True,,False,True,417.0,True,True,False,45.0,,0,0,False,Other,Other,Other,Other,Other
2026-08-31,MOAT,114.69000244140624,114.80999755859376,114.1999969482422,114.4499969482422,436900.0,251,50003203.66668701,68995876.35658264,73982448.4701853,0.0447283775443561,0.091975952811746,0.0751526559825994,0.310126435582751,0.1887974902189543,0.0822875811966925,0.0138714522972307,0.0173648290513546,0.0061841302813152,0.0134515844818408,0.5936296089796526,108.53339965820312,103.98046646118163,0.0220179392156165,115.58000183105467,115.58000183105467,0.9902231799194444,1.2110004425048828,0.0105810439038502,111.9000015258789,109.5199966430664,109.5199966430664,-0.0430755826704414,VanEck Morningstar Wide Moat ETF,Z,True,False,False,False,False,False,False,False,False,,False,,,11624555520.0,Other,unknown,209.0,True,,False,True,222.0,True,True,False,46.0,,0,0,False,Other,Other,Other,Other,Other
2026-08-31,JAVA,82.97000122070312,83.05999755859375,82.63999938964844,82.63999938964844,271956.0,251,22474443.67401123,29951933.556381226,33303740.74507698,-0.0004838040079789,0.0724167615890729,0.0966935546742508,0.0,0.189901483907567,0.1278260681016259,-0.0,0.0137520504855454,0.012359956904779,0.0132648177322772,0.6135443475346443,81.3834603881836,77.09923721313477,0.0122806364882019,84.05999755859375,84.05999755859375,0.9831073255985344,0.578249740600586,0.0069972137569136,82.5199966430664,82.2699966430664,82.2699966430664,-0.0044772839946121,JPMorgan Active Value ETF,P,True,False,False,False,False,False,False,False,False,,False,,,6685886976.0,Factor / Style,unknown,324.0,True,,False,True,331.0,True,True,False,47.0,,0,0,False,Factor / Style,Factor / Style,Factor / Style,Factor / Style,Factor / Style
2026-08-31,AMLP,55.54999923706055,55.63840103149414,55.20000076293945,55.59000015258789,899032.0,251,49977189.0171814,67640608.68055725,69823931.6407231,0.0272775221357717,0.0853435936836908,0.0961288692521642,0.1906578167443276,0.1752270882863105,0.1031482977626076,0.0052006728166013,0.0149545094250831,0.009915529229205,0.0131908663565257,2.8457008859288586,53.21288475036621,51.38701032002767,0.0162185584073164,55.63840103149414,55.63840103149414,0.999130081418428,0.6823233394889506,0.0122742100668475,54.4900016784668,53.20121283557044,53.20121283557044,-0.0429715292401604,Alerian MLP ETF,P,True,False,False,False,False,False,False,False,False,,False,,,12160584704.0,REIT / Infra,unknown,203.0,True,,False,True,230.0,True,True,False,48.0,,0,0,False,REIT / Infra,REIT / Infra,REIT / Infra,REIT / Infra,REIT / Infra
2026-08-31,FTCS,101.0199966430664,101.0199966430664,100.61000061035156,100.62000274658205,308154.0,251,31006456.32637024,32915394.865039825,53204607.946948096,0.0160557809440018,0.0882627720313455,0.0179581304223288,0.1578951355979074,0.217551874553691,0.0260584050009844,0.0025351297092834,0.0192017315087243,0.0004679602356055,0.0126449115631327,0.9973767590191096,98.19705734252928,95.59816864013672,0.0162371340727336,102.93000030517578,102.93000030517578,0.9775575871782292,0.9684993743896484,0.0096253165171231,100.61000061035156,98.2300033569336,98.2300033569336,-0.0237527263407834,First Trust Capital Strength ETF,Q,True,False,False,False,False,False,False,False,False,,False,,,7646184448.0,Other,unknown,294.0,True,,False,True,274.0,True,True,False,49.0,,0,0,False,Other,Other,Other,Other,Other
2026-08-31,RWL,133.8800048828125,134.33990478515625,133.49000549316406,133.52999877929688,225953.0,251,30171503.814178467,35706105.808461,35399079.74093386,0.0042114578736016,0.0511058864904585,0.1124064789919241,0.0565654448325077,0.17415671009492,0.1742115450178349,0.0002382229880136,0.0089004330576626,0.0195825063751979,0.0126391587188,0.4399612492807657,131.5720001220703,124.31068837483724,0.0102252178037449,135.7100067138672,135.7100067138672,0.9839362771592322,0.9719932556152344,0.0072792126451059,132.9600067138672,132.3300018310547,132.3300018310547,-0.0089867217794675,Invesco S&P 500 Revenue ETF,P,True,False,False,False,False,False,False,False,False,,False,,,9220293632.0,US Equity,unknown,260.0,True,,False,True,318.0,True,True,False,50.0,,0,0,False,US Equity,US Equity,US Equity,US Equity,US Equity
2026-08-31,VOE,207.27999877929688,207.27999877929688,206.13999938964844,206.5500030517578,208356.0,251,43035932.43585205,53987758.420727536,56020150.605220735,0.0048161388641867,0.0696651831257213,0.0736109917016885,0.0613007308166533,0.2160655566548872,0.1094148632604512,0.0002952328320891,0.0150522465715236,0.0080541365915064,0.0126029080785176,0.6510433144273781,204.242145690918,194.3418608601888,0.0125735039678926,211.07000732421875,211.07000732421875,0.9785852839550157,1.7415008544921875,0.0084313765614217,206.13999938964844,203.67999267578125,203.67999267578125,-0.0138949907217256,Vanguard Morningstar Mid-Cap Value ETF,P,True,False,False,False,False,False,False,False,False,,False,,,37230292992.0,Factor / Style,unknown,82.0,True,,False,True,263.0,True,True,False,51.0,,0,0,False,Factor / Style,Factor / Style,Factor / Style,Factor / Style,Factor / Style
2026-08-31,SMH,554.344970703125,558.4299926757812,552.80419921875,556.6300048828125,4252843.0,251,2367260019.855835,3941321236.988275,6423580320.114831,0.0204780963960657,-0.0842039335999033,0.3696940988187065,0.0587120744265668,0.0,0.0954074035027608,0.0012023115197202,-0.0,0.0352715540585858,0.012345043920505,-0.0,580.5950006103516,509.20073384602864,-0.0173061204074868,600.3699951171875,671.8300170898438,0.8285280364428469,16.09029541015625,0.0289066260694008,540.75,540.75,540.75,-0.0285288337738022,VanEck Semiconductor ETF,Q,True,False,False,False,False,False,False,False,False,,False,,,77198270464.0,Industry / Theme,unknown,38.0,True,,False,True,4.0,True,True,False,52.0,,0,0,False,Industry / Theme,Industry / Theme,Industry / Theme,Industry / Theme,Industry / Theme
2026-08-31,SGOV,100.69499969482422,100.6999969482422,100.69000244140624,100.69000244140624,33386400.0,251,3361676697.5097656,2004636779.07486,2028139324.1725495,0.0026887500237422,0.0089214543390194,0.018097135503492,1.0,1.0,1.0,0.0026887500237422,0.0089214543390194,0.018097135503492,0.0121329427465848,0.9719858553290278,100.3518733215332,99.63125854492188,0.0014549987628948,100.6999969482422,100.6999969482422,0.999900749680846,0.0179996490478515,0.0001787630212674,100.56999969482422,100.41999816894533,100.41999816894533,-0.0026815400329149,iShares 0-3 Month Treasury Bond ETF,N,True,False,False,False,False,False,False,False,False,,False,,,95892447232.0,Bond,unknown,30.0,True,,False,True,14.0,True,True,False,53.0,,0,0,False,Bond,Bond,Bond,Bond,Bond
2026-08-31,SRLN,40.77000045776367,40.79999923706055,40.750099182128906,40.79999923706055,2537034.0,251,103510985.26439668,71890016.35302544,66406944.54387786,0.0136645773182744,0.0225539864449495,0.0608061391713861,0.6321893511880489,0.342966429546535,0.3329625735364402,0.0086386002690988,0.0077352602030652,0.0202461685853196,0.0121140781368543,1.452154844259856,40.23244499206543,39.67199152628581,0.0040346532711783,40.79999923706055,40.79999923706055,1.0,0.0754947662353515,0.0018503619521339,40.5,40.27000045776367,40.27000045776367,-0.0129901664021466,State Street Blackstone Senior Loan ETF,P,True,False,False,False,False,False,False,False,False,,False,,,5200829440.0,Bond,unknown,369.0,True,,False,True,239.0,True,True,False,54.0,,0,0,False,Bond,Bond,Bond,Bond,Bond
2026-08-31,VBIL,75.69999694824219,75.70999908447266,75.69999694824219,75.70999908447266,3059998.0,251,231672445.77848816,195695196.0690605,187742953.3664616,0.0026486153169664,0.0091564259115493,0.0182132997741113,0.9091350489006036,0.9717242793468523,0.9579177999395588,0.0024079490157092,0.008897521370293,0.0174468440492564,0.0118897843079302,0.988717024709582,75.45219680786133,74.9072353108724,0.0014533303789507,75.70999908447266,75.70999908447266,1.0,0.0154994964599609,0.0002047219211119,75.61000061035156,75.51000213623047,75.51000213623047,-0.002641618685255,Vanguard 0-3 Month Treasury Bill ETF,Q,True,False,False,False,False,False,False,False,False,,False,,,9348372480.0,Bond,unknown,257.0,True,,False,True,119.0,True,True,False,55.0,,0,0,False,Bond,Bond,Bond,Bond,Bond
2026-08-31,AVLV,94.1500015258789,94.18419647216795,93.66500091552734,93.8499984741211,1268616.0,251,119059609.6642456,246293177.65511015,201504859.3086621,0.0081641654971376,0.043163846618172,0.127450885143441,0.1206350551919152,0.1411428065953696,0.1735941808656021,0.0009848845553431,0.0060922664551408,0.0221247320070715,0.0117036293983166,0.4091917267763993,92.64140045166016,87.29517567952475,0.0081102226370337,95.31500244140624,95.31500244140624,0.9846298701173958,0.6462104797363282,0.0068855672908137,93.66500091552734,92.8000030517578,92.8000030517578,-0.0111880174686717,Avantis U.S. Large Cap Value ETF,P,True,False,False,False,False,False,False,False,False,,False,,,16735772672.0,Factor / Style,unknown,157.0,True,,False,True,114.0,True,True,False,56.0,,0,0,False,Factor / Style,Factor / Style,Factor / Style,Factor / Style,Factor / Style
2026-08-31,USFR,50.36000061035156,50.380001068115234,50.36000061035156,50.380001068115234,5637238.0,251,284004056.4612198,253956820.1711216,253689696.02619776,0.0029793620454594,0.0099883720085451,0.0194347573071385,0.7895626622657838,0.89290109108808,0.8586541347229422,0.0023523930284665,0.0089186282646236,0.0166877347191113,0.0116378155236943,0.9861771727002056,50.18419075012207,49.80344350179036,0.0015601334017087,50.380001068115234,50.380001068115234,1.0,0.015462177796115,0.0003069110255716,50.30012364086752,50.2303466796875,50.2303466796875,-0.0029705118153013,WisdomTree Floating Rate Treasury Fund,P,True,False,False,False,False,False,False,False,False,,False,,,17754787840.0,Bond,unknown,144.0,True,,False,True,94.0,True,True,False,57.0,,0,0,False,Bond,Bond,Bond,Bond,Bond
2026-08-31,GBIL,100.16999816894533,100.18000030517578,100.16000366210938,100.16000366210938,891832.0,251,89325896.38598633,50560015.46314392,59813258.47137742,0.0028034282778459,0.0086958151965625,0.0173438266334924,0.933321465808814,0.9773571218846612,0.966381257097458,0.002616499789569,0.0084989169129533,0.0167607489849547,0.0113905581381538,0.9645421013201873,99.82434783935548,99.14093088785808,0.0014468108427583,100.18000030517578,100.18000030517578,0.999800392862792,0.0215003967285156,0.0002146605026198,100.05999755859376,99.89299774169922,99.89299774169922,-0.0026657938363391,Goldman Sachs Access Treasury 0-1 Year ETF,P,True,False,False,False,False,False,False,False,False,,False,,,7703504896.0,Bond,unknown,293.0,True,,False,True,252.0,True,True,False,58.0,,0,0,False,Bond,Bond,Bond,Bond,Bond
2026-08-31,EFV,82.23999786376953,82.23999786376953,81.6449966430664,81.80999755859375,1289529.0,251,105496364.34173584,197961598.3158112,278323856.5069774,0.0088790387621056,0.0731451017676421,0.0741057866485135,0.1318685618149603,0.1965566845677689,0.0782879285527888,0.0011708660718581,0.0143771586958197,0.005801588530487,0.0113757091379533,1.0479684975723904,79.66179992675781,76.5104746500651,0.0146453382005999,82.66999816894531,82.66999816894531,0.9895971860481472,0.5462505340576171,0.0066770633218315,81.22000122070312,81.0,81.0,-0.0099009605520843,iShares MSCI EAFE Value ETF,Z,True,False,False,False,False,False,False,False,False,,False,,,23718227968.0,Country / Region,unknown,116.0,True,,False,True,86.0,True,True,False,59.0,,0,0,False,Country / Region,Country / Region,Country / Region,Country / Region,Country / Region
2026-08-31,BIL,91.66000366210938,91.66999816894533,91.66000366210938,91.66000366210938,13157297.0,251,1205997891.2034607,745719443.3653717,881354885.7980177,0.0026253062565209,0.0087899644120763,0.0177920410652554,1.0,0.9525035713310828,0.9528255662020906,0.0026253062565209,0.0083724724943758,0.0169527116018928,0.0113755561820068,0.9728445830483476,91.35388122558594,90.70829228719076,0.0014321643834855,91.66999816894533,91.66999816894533,0.9998909729787764,0.0170005798339843,0.0001854743525502,91.5500030517578,91.41999816894533,91.41999816894533,-0.0026184320704241,State Street SPDR Bloomberg 1-3 Month T-Bill ETF,P,True,False,False,False,False,False,False,False,False,,False,,,47077847040.0,Bond,unknown,64.0,True,,False,True,35.0,True,True,False,60.0,,0,0,False,Bond,Bond,Bond,Bond,Bond
2026-08-31,PDBC,18.65999984741211,18.690000534057617,18.589099884033203,18.649999618530277,8259574.0,251,154041051.94922256,94523727.64164488,116957829.82548772,0.0811593981756679,0.0436485026673527,0.2141927106373866,0.3954806552020849,0.0639343121781838,0.1257165086471176,0.03209697196632,0.0027906369956448,0.0269275597589945,0.0112385599628172,5.2695383737853865,17.280599880218507,16.942133299509685,0.0155381335383273,18.71999931335449,18.950000762939453,0.9841688056817448,0.2616499900817871,0.0140294903717754,18.06999969482422,16.84000015258789,16.84000015258789,-0.0970509116870974,Invesco Optimum Yield Diversified Commodity Strategy No K-1 ETF,Q,True,False,False,False,False,False,False,False,False,,False,,,5328577024.0,Commodity,unknown,367.0,True,,False,True,164.0,True,True,False,61.0,,0,0,False,Commodity,Commodity,Commodity,Commodity,Commodity
2026-08-31,AIQ,64.13999938964844,64.42990112304688,64.04000091552734,64.30000305175781,730652.0,251,46980925.82977295,74400836.08608627,143626346.00222877,0.0615816968090943,-0.0740207259351062,0.2844586753460298,0.2700941270842702,0.0,0.1114589802321023,0.0166328546440205,-0.0,0.0317054738722431,0.0110969158552851,-0.0,62.1892000579834,57.22886683146159,-0.0026493738781804,65.04000091552734,70.26000213623047,0.9151722330876602,1.083894920349121,0.0168568408850097,61.959999084472656,60.88999938964844,60.88999938964844,-0.0530327138455113,Global X Artificial Intelligence & Technology ETF,Q,True,False,False,False,False,False,False,False,False,,False,,,10413852672.0,Industry / Theme,unknown,240.0,True,,False,True,142.0,True,True,False,62.0,,0,0,False,Industry / Theme,Industry / Theme,Industry / Theme,Industry / Theme,Industry / Theme
2026-08-31,BILS,99.41999816894533,99.43000030517578,99.41999816894533,99.41999816894533,538331.0,251,53520867.0342865,26719440.59860916,30179238.121022783,0.0027231128483233,0.0088941893412493,0.0174754943699182,1.0,0.916722525455648,0.9459996365035018,0.0027231128483233,0.0081535037147907,0.0165318113216616,0.0110859113771955,0.9777222027723588,99.07710083007812,98.39232543945312,0.0014698901104541,99.44000244140624,99.44000244140624,0.9997988307324036,0.0232501983642578,0.00023385836645,99.30999755859376,99.1500015258789,99.1500015258789,-0.002715717642718,State Street SPDR Bloomberg 3-12 Month T-Bill ETF,P,True,False,False,False,False,False,False,False,False,,False,,,3866119680.0,Bond,unknown,439.0,True,,False,True,347.0,True,True,False,63.0,,0,0,False,Bond,Bond,Bond,Bond,Bond
2026-08-31,IWS,170.24000549316406,170.15499877929688,169.5,169.77000427246094,168264.0,251,28566179.998901367,51222654.2087616,78764290.15350536,0.0058060964826678,0.0620153847446134,0.1067156447113619,0.0570436358145855,0.1554279756719973,0.1237342821471718,0.0003312008532616,0.0096389257113753,0.013204383692233,0.0108868360046755,0.4790483495906993,168.03500030517577,157.85722808837892,0.0121488113012036,173.52000427246094,173.52000427246094,0.9783886589000323,1.3989990234375,0.0082405547990225,169.5,168.33999633789062,168.33999633789062,-0.0084232072720886,iShares Russell Mid-Cap Value ETF,P,True,False,False,False,False,False,False,False,False,,False,,,15646174208.0,Factor / Style,unknown,164.0,True,,False,True,212.0,True,True,False,64.0,,0,0,False,Factor / Style,Factor / Style,Factor / Style,Factor / Style,Factor / Style
2026-08-31,TFLO,50.65999984741211,50.65999984741211,50.650001525878906,50.650001525878906,1411883.0,251,71511876.10436249,62726142.6427845,72300459.74784742,0.0027717919025551,0.0094376717419362,0.0187454745655333,0.8750208616455666,0.826275642647,0.8865451536934694,0.002425375738876,0.0077981182836597,0.0166187096297577,0.010885325254794,0.9657037947715048,50.47409698486328,50.09461204528809,0.0015235486613129,50.65999984741211,50.65999984741211,0.9998026387374,0.0145000457763671,0.0002862792762001,50.58000183105469,50.52000045776367,50.52000045776367,-0.0025666547719414,iShares Treasury Floating Rate Bond ETF,P,True,False,False,False,False,False,False,False,False,,False,,,6588089856.0,Bond,unknown,326.0,True,,False,True,225.0,True,True,False,65.0,,0,0,False,Bond,Bond,Bond,Bond,Bond
2026-08-31,TBIL,49.86000061035156,49.869998931884766,49.86000061035156,49.86000061035156,1670687.0,251,83300454.83970642,79022166.07709885,87265197.32764108,0.0026872832356639,0.0088728789297742,0.0180290170009016,0.7698901098901099,0.905234394071834,0.8936672110324805,0.0020689127856111,0.0080320351816669,0.0161119413408529,0.010860002337382,0.9185971905549244,49.69354560852051,49.33754447937012,0.0014640145906434,49.869998931884766,49.869998931884766,0.9997995122970254,0.0119691005312624,0.000240054159341,49.79615429956127,49.72637204211284,49.72637204211284,-0.0026800755435806,F/m US Treasury 3 Month Bill Fund,Q,True,False,False,False,False,False,False,False,False,,False,,,7079277056.0,Bond,unknown,308.0,True,,False,True,202.0,True,True,False,66.0,,0,0,False,Bond,Bond,Bond,Bond,Bond
2026-08-31,SHV,110.37000274658205,110.37999725341795,110.37000274658205,110.37000274658205,3453170.0,251,381126382.3844147,268092831.15439987,285851391.8561893,0.0026344559475246,0.0088309565075008,0.0174984860345923,1.0,0.8584773913632974,0.9225848559127504,0.0026344559475246,0.007581176505802,0.0161438382169156,0.0105781081046918,0.9742988583880432,109.99757949829102,109.23557093302408,0.0014509644736546,110.38999938964844,110.38999938964844,0.999818854577616,0.0205001831054687,0.000185740532711,110.25,110.08000183105467,110.08000183105467,-0.0026275338254109,iShares 0-1 Year Treasury Bond ETF,N,True,False,False,False,False,False,False,False,False,,False,,,20945842176.0,Bond,unknown,131.0,True,,False,True,84.0,True,True,False,67.0,,0,0,False,Bond,Bond,Bond,Bond,Bond
2026-08-31,IQMM,100.125,100.12979888916016,100.12000274658205,100.12000274658205,24109.0,134,2413793.146217346,247865423.6849064,181200406.0766869,0.0028014862602538,0.0087905079856158,0.0177587966075247,0.9333010870395356,0.8743577195987277,0.8915837632629222,0.0026146301720212,0.0076860485164174,0.0158334547103577,0.0105376406842965,1.0011532269317722,99.7838037109375,,0.0014290992700387,100.12999725341795,100.12999725341795,0.9999001846888036,0.0237732219061129,0.0002374472758084,99.99403937062606,99.8502960205078,99.8502960205078,-0.0026938345852515,ProShares GENIUS Money Market ETF,P,True,False,False,False,False,False,False,False,False,,False,,,20518305792.0,Other,unknown,132.0,True,,False,True,120.0,False,False,False,68.0,,0,0,False,Other,Other,Other,Other,Other
2026-08-31,TCAF,42.66999816894531,42.744998931884766,42.59000015258789,42.66999816894531,395384.0,251,16871034.556030273,23994045.595427703,25727374.46220979,0.0128174005967154,0.0399707394209321,0.1333332387680219,0.1609046589001281,0.1105418948217202,0.1616432964982334,0.0020623794710007,0.004418441273015,0.0215524242472491,0.0104153353139969,0.4299913517068952,41.75363983154297,39.48574666341146,0.0121996387119982,43.1349983215332,43.1349983215332,0.989219887082834,0.2892499923706054,0.0067787673958963,42.25,42.209999084472656,42.209999084472656,-0.0107803867872541,T. Rowe Price Capital Appreciation Equity ETF,P,True,False,False,False,False,False,False,False,False,,False,,,7400264704.0,Other,unknown,297.0,True,,False,True,371.0,True,True,False,69.0,,0,0,False,Other,Other,Other,Other,Other
2026-08-31,EAGL,36.06999969482422,36.02000045776367,35.75,35.779998779296875,164303.0,251,5878761.139434814,6473037.399432373,10309631.55600145,0.037402059670976,0.0636147273625382,0.1219817956757671,0.2835163692734371,0.1212465972959917,0.1234921338463196,0.0106040961612635,0.0077130692306199,0.0150637922384062,0.0102858222833451,0.656760430942506,33.831499862670896,32.60626660664877,0.0191653658651147,36.28499984741211,36.28499984741211,0.98608237370156,0.3909496307373047,0.0109264853011542,34.689998626708984,34.290000915527344,34.290000915527344,-0.0416433179039591,Eagle Capital Select Equity ETF,P,True,False,False,False,False,False,False,False,False,,False,,,4262146816.0,Other,unknown,409.0,True,,False,True,452.0,True,True,False,70.0,,0,0,False,Other,Other,Other,Other,Other
2026-08-31,FDN,292.6300048828125,293.79998779296875,291.3999938964844,292.489990234375,138112.0,251,40396377.53125,75295978.24271241,85976170.92812867,0.0340816118891345,0.0094215225591625,0.2062437949026909,0.1713469112772297,0.0140380500581021,0.1388125168382636,0.0058397789285525,0.000132259805309,0.0286292202527171,0.0101061959619018,0.0190020177296441,276.3962014770508,262.17040049235027,0.0155255562219978,297.5899963378906,297.5899963378906,0.982862306642442,4.592996215820312,0.0157030885472008,283.54998779296875,281.2300109863281,281.2300109863281,-0.0384969729699951,First Trust DJ Internet Index Fund,P,True,False,False,False,False,False,False,False,False,,False,,,4975951360.0,Industry / Theme,unknown,378.0,True,,False,True,205.0,True,True,False,71.0,,0,0,False,Industry / Theme,Industry / Theme,Industry / Theme,Industry / Theme,Industry / Theme
2026-08-31,BKLN,20.540000915527344,20.56999969482422,20.530000686645508,20.56999969482422,12188017.0,251,250707505.9705124,136025028.88727838,152864479.19032592,0.0124060673747417,0.0188827589920768,0.0503512158663495,0.7168584183604281,0.3687490659921515,0.3140489090322615,0.0088933938363302,0.0069629997416832,0.0158127444112749,0.0100604103760403,1.9468153679262872,20.307934074401857,20.112674611409503,0.0036001656154232,20.56999969482422,20.56999969482422,1.0,0.0315264410347754,0.0015326417842732,20.427330017089844,20.31793312099602,20.31793312099602,-0.012254087387839,Invesco Senior Loan ETF,P,True,False,False,False,False,False,False,False,False,,False,,,7145859584.0,Bond,unknown,306.0,True,,False,True,134.0,True,True,False,72.0,,0,0,False,Bond,Bond,Bond,Bond,Bond
2026-08-31,FMDE,42.02999877929688,42.02999877929688,41.84999847412109,42.0,622780.0,251,26156760.0,36333665.11074829,35203816.50693621,0.0115606824890237,0.0551200555598307,0.1094062223814726,0.1048034388927711,0.1433843555094203,0.1269036387332883,0.0012115992807971,0.0079033536420897,0.0138840477202722,0.0099965965694536,0.3780797314310475,41.27599983215332,38.9138075764974,0.0127850229820012,42.970001220703125,42.970001220703125,0.9774260834734216,0.3567506790161133,0.0084940637860979,41.84999847412109,41.54499816894531,41.54499816894531,-0.0108333769298735,Fidelity Enhanced Mid Cap Core ETF,P,True,False,False,False,False,False,False,False,False,,False,,,7389860352.0,Factor / Style,unknown,298.0,True,,False,True,321.0,True,True,False,73.0,,0,0,False,Factor / Style,Factor / Style,Factor / Style,Factor / Style,Factor / Style
2026-08-31,AKRE,61.56999969482422,61.935001373291016,61.3025016784668,61.59000015258789,256771.0,212,15814525.929180143,24454754.724479485,33021508.61069083,0.0644659437070418,0.0943497066180525,0.0943497066180525,0.2925494213469581,0.1246187426639101,0.0684896862621936,0.0188594745280806,0.0117577418094505,0.0064619818052004,0.0099042258079629,0.7523815099201218,57.04319969177246,55.6492665608724,0.0219096319601033,62.31999969482422,62.31999969482422,0.988286271729604,1.0962745666503906,0.0177995545370091,58.380001068115234,57.52999877929688,57.52999877929688,-0.0659198143080442,Akre Focus ETF,P,True,False,False,False,False,False,False,False,False,,False,,,5185632256.0,Other,unknown,372.0,True,,False,True,333.0,True,True,False,74.0,,0,0,False,Other,Other,Other,Other,Other
2026-08-31,FESM,47.25,47.28499984741211,46.93999862670898,47.130001068115234,803492.0,251,37868578.818222046,43545344.7502182,40650457.746713065,-0.0069531821054203,0.0404612648022291,0.1731702377030912,0.0,0.0718846405723085,0.1313275715859284,-0.0,0.0029085434774092,0.0227420267885049,0.0098502626362927,0.2302936305594027,47.61400016784668,43.49405868530273,0.009548432832017,48.93000030517578,48.93000030517578,0.9632127687342332,0.4960002899169922,0.0105240882384055,46.93999862670898,46.93999862670898,46.93999862670898,-0.0040314542138806,Fidelity Enhanced Small Cap Core ETF,P,True,False,False,False,False,False,False,False,False,,False,,,5784907776.0,Factor / Style,unknown,356.0,True,,False,True,304.0,True,True,False,75.0,,0,0,False,Factor / Style,Factor / Style,Factor / Style,Factor / Style,Factor / Style
2026-08-31,KRE,74.1500015258789,74.22000122070312,73.44999694824219,73.55999755859375,13140986.0,251,966650898.0775146,849122661.5089477,1003925857.5361724,-0.0454191553450118,0.083153231994266,0.0982867277645103,0.0,0.1317014757534456,0.0788990610927512,-0.0,0.0109514033673134,0.0077547305384987,0.0098325678772283,0.5695939475467082,75.56599945068359,70.57546913146973,0.0092711553315252,78.3499984741211,78.3499984741211,0.9388640585984253,1.0235015869140625,0.0139138338891161,73.44999694824219,73.44999694824219,73.44999694824219,-0.0014953862697445,State Street SPDR S&P Regional Banking ETF,P,True,False,False,False,False,False,False,False,False,,False,,,4740203520.0,Other,unknown,387.0,True,,False,True,31.0,True,True,False,76.0,,0,0,False,Other,Other,Other,Other,Other
2026-08-31,BOXX,118.05999755859376,118.08000183105467,118.04000091552734,118.06999969482422,5236790.0,251,618307793.7018585,371838587.287899,309864213.8910675,0.0031436088035305,0.0099221281017785,0.0192507201953715,0.7551109381082133,0.7435920008216325,0.731142423325237,0.0023737733926792,0.00737801508761,0.0140750182144,0.0097219661819865,1.0140033683213014,117.57519943237304,116.7047662862142,0.0016544413712462,118.08000183105467,118.08000183105467,0.9999152935630474,0.0390003204345703,0.0003303152412583,117.87000274658205,117.68000030517578,117.68000030517578,-0.0033031201038068,Alpha Architect 1-3 Month Box ETF,Z,True,False,False,False,False,False,False,False,False,,False,,,12697272320.0,Other,unknown,199.0,True,,False,True,76.0,True,True,False,77.0,,0,0,False,Other,Other,Other,Other,Other
2026-08-31,USMC,76.19000244140625,76.29000091552734,75.94999694824219,76.22000122070312,625224.0,251,47654574.04321289,7269495.119168091,6969781.401266916,0.0164428729914933,0.0259732684179629,0.1409630687694001,0.2341883859300327,0.0735904560995126,0.1707494620316424,0.0038507298859303,0.0019113846692729,0.0240693681587044,0.0096666788905739,0.2675553542941328,74.78008239746094,70.77490163167317,0.0086927065843775,76.95999908447266,76.95999908447266,0.990384643027902,0.515350341796875,0.0067613531034278,75.58999633789062,75.20999908447266,75.20999908447266,-0.0132511430078031,Principal U.S. Mega-Cap ETF,Q,True,False,False,False,False,False,False,False,False,,False,,,3491833344.0,Other,unknown,462.0,True,,False,True,459.0,True,True,False,78.0,,0,0,False,Other,Other,Other,Other,Other
2026-08-31,FELC,43.619998931884766,43.68000030517578,43.4900016784668,43.61000061035156,912466.0,251,39792642.81692505,29734507.311115265,35305879.554615326,0.0108947896929247,0.0282681317020783,0.1447943954432935,0.1260055757937733,0.0709949137028225,0.1620436365983679,0.001372804248409,0.002006893570729,0.0234630103966934,0.0095165344598166,0.233328554066904,42.72400024414063,40.31339546203613,0.0099476354884269,44.36000061035156,44.36000061035156,0.98309287669791,0.3256502151489258,0.0074673288372215,43.25,43.25,43.25,-0.0082550012683584,Fidelity Enhanced Large Cap Core ETF,P,True,False,False,False,False,False,False,False,False,,False,,,7879930368.0,Factor / Style,unknown,290.0,True,,False,True,320.0,True,True,False,79.0,,0,0,False,Factor / Style,Factor / Style,Factor / Style,Factor / Style,Factor / Style
2026-08-31,DISV,44.709999084472656,44.775001525878906,44.5004997253418,44.630001068115234,256620.0,251,11452950.874099731,14888679.268291472,14106838.61635844,0.047898589063597,0.0712822153036536,0.0699553781607593,0.4811308023255186,0.1673736657497537,0.0713018876384092,0.0230454865864287,0.0119307656781357,0.0049879505133208,0.0095007803704505,1.325342943953286,42.3010604095459,41.20400848388672,0.0155706285497561,45.130001068115234,45.130001068115234,0.9889208954538836,0.3663749694824219,0.008209163359043,43.709999084472656,42.64500045776367,42.64500045776367,-0.0444768219324488,Dimensional International Small Cap Value ETF,Z,True,False,False,False,False,False,False,False,False,,False,,,4663429632.0,Factor / Style,unknown,392.0,True,,False,True,428.0,True,True,False,80.0,,0,0,False,Factor / Style,Factor / Style,Factor / Style,Factor / Style,Factor / Style
2026-08-31,DFSV,39.970001220703125,40.11389923095703,39.71009826660156,39.77999877929688,779865.0,251,31023028.74801636,24050554.843639374,31291914.20890687,-0.0089686252074134,0.0580697634257956,0.0998279503073491,0.0,0.1461531507651103,0.1133030282172751,-0.0,0.0084870788888645,0.0113108090705463,0.0094753844524532,0.4886126724502027,39.5532999420166,37.39983345031738,0.0102312645664672,40.95000076293945,40.95000076293945,0.9714285235202864,0.3792905807495117,0.0095347056910144,39.71009826660156,39.71009826660156,39.71009826660156,-0.0017571773464128,Dimensional US Small Cap Value ETF,P,True,False,False,False,False,False,False,False,False,,False,,,7919026176.0,Factor / Style,unknown,288.0,True,,False,True,340.0,True,True,False,81.0,,0,0,False,Factor / Style,Factor / Style,Factor / Style,Factor / Style,Factor / Style
2026-08-31,QLTY,43.220001220703125,43.13999938964844,43.02989959716797,43.06999969482422,200396.0,251,8631055.658843994,15484727.833410645,15950699.46465459,0.0184440473495115,0.039715310329992,0.1241336422212691,0.1989793733772932,0.1092870100755214,0.1468703770588322,0.0036699849841469,0.0043403675201863,0.0182315548387239,0.0092022830816744,0.4028628184548291,42.05182205200195,40.00389188130696,0.0102356630220614,43.70000076293945,43.70000076293945,0.9855834998371552,0.3187553405761719,0.0074008670265785,42.709999084472656,42.27000045776367,42.27000045776367,-0.0185743961627351,GMO U.S. Quality ETF,P,True,False,False,False,False,False,False,False,False,,False,,,4698446848.0,Factor / Style,unknown,390.0,True,,False,True,419.0,True,True,False,82.0,,0,0,False,Factor / Style,Factor / Style,Factor / Style,Factor / Style,Factor / Style
2026-08-31,DFIV,58.290000915527344,58.33000183105469,57.935001373291016,58.040000915527344,873596.0,251,50703512.63980103,62893248.74714813,66435110.35620965,0.0137991426292984,0.0622419681015429,0.0695274775184195,0.2415907420585387,0.1792487617626018,0.079722119028998,0.0033337451075838,0.0111567957118689,0.0055428778385094,0.0091919244561931,1.0817566369697027,56.41056015014649,54.53071431477865,0.0128536134096051,58.46500015258789,58.46500015258789,0.9927307066458336,0.355400276184082,0.0061233678597169,57.68999862670898,57.15999984741211,57.15999984741211,-0.0151619754347697,Dimensional International Value ETF,P,True,False,False,False,False,False,False,False,False,,False,,,19862159360.0,Factor / Style,unknown,137.0,True,,False,True,238.0,True,True,False,83.0,,0,0,False,Factor / Style,Factor / Style,Factor / Style,Factor / Style,Factor / Style
2026-08-31,FDL,53.040000915527344,53.06999969482422,52.81050109863281,52.93000030517578,467428.0,251,24740964.182647705,31576033.585852813,42916021.42119005,0.0241873063587194,0.0737733462601408,0.0509129919290007,0.2212391770507564,0.1654029069192451,0.0684254157593603,0.0053511797538776,0.0122023259245873,0.0034837426402948,0.0091508217750849,1.245073960009666,51.23487174987793,49.97873629252116,0.0135582449164957,53.7599983215332,53.7599983215332,0.9845610483208485,0.5469745635986328,0.0103339233033245,52.63999938964844,50.9900016784668,50.9900016784668,-0.0366521559705957,First Trust Morningstar ETF,P,True,False,False,False,False,False,False,False,False,,False,,,7288230400.0,Other,unknown,303.0,True,,False,True,296.0,True,True,False,84.0,,0,0,False,Other,Other,Other,Other,Other
2026-08-31,DFAT,71.25,71.25,70.73999786376953,70.86000061035156,191549.0,251,13573162.256912231,18515463.97687454,21704230.36933027,-0.0111638712095241,0.0591478772766476,0.0911821925029585,0.0,0.1505174360615833,0.1038161699987426,-0.0,0.0089027868361661,0.0094661859977452,0.0090999765427188,0.5572969205172976,70.70836029052734,66.91012636820476,0.009307484417486,72.80999755859375,72.80999755859375,0.9732180055812676,0.6813003540039062,0.009614738189889,70.73999786376953,70.73999786376953,70.73999786376953,-0.0016935188477051,Dimensional U.S. Targeted Value ETF,P,True,False,False,False,False,False,False,False,False,,False,,,14320157696.0,Factor / Style,unknown,179.0,True,,False,True,385.0,True,True,False,85.0,,0,0,False,Factor / Style,Factor / Style,Factor / Style,Factor / Style,Factor / Style
2026-08-31,QTUM,148.33999633789062,148.89999389648438,147.40249633789062,147.93499755859375,317614.0,251,46986226.3145752,52556330.59772644,86712523.57086957,0.013322775479454,-0.0901949699911901,0.2729807689340775,0.04324608029704,0.0,0.0936821325984031,0.0005761578181639,-0.0,0.0255734205920962,0.0089506972072337,-0.0,150.77892700195312,136.00128550211588,-0.0132670060453625,159.72999572753906,169.71898395889733,0.8716467310128415,3.352373504638672,0.0226611252236704,145.80999755859375,145.80999755859375,145.80999755859375,-0.014364417041737,Defiance Quantum ETF,Q,True,False,False,False,False,False,False,False,False,,False,,,6260666368.0,Industry / Theme,unknown,340.0,True,,False,True,204.0,True,True,False,86.0,,0,0,False,Industry / Theme,Industry / Theme,Industry / Theme,Industry / Theme,Industry / Theme
2026-08-31,XSD,483.0199890136719,486.1099853515625,480.5700988769531,485.1400146484375,98635.0,251,47851785.34484863,41517201.97857666,62683960.2750651,-0.0202358610137449,-0.1926979212149262,0.3641280395632338,0.0,0.0,0.0694094155782233,-0.0,-0.0,0.0252739144217282,0.0088458700476048,-0.0,530.4709991455078,468.1796081542969,-0.036844359237556,558.6400146484375,657.8990200629934,0.7374080213738359,18.343495178222657,0.0378107239649475,476.55999755859375,476.55999755859375,476.55999755859375,-0.0176856512156833,State Street SPDR S&P Semiconductor ETF,P,True,False,False,False,False,False,False,False,False,,False,,,3476073728.0,Industry / Theme,unknown,464.0,True,,False,True,247.0,True,True,False,87.0,,0,0,False,Industry / Theme,Industry / Theme,Industry / Theme,Industry / Theme,Industry / Theme
2026-08-31,BTC,34.47999954223633,35.029998779296875,34.36000061035156,34.880001068115234,2449750.0,251,85447282.6166153,62516094.81996536,57303041.99964432,0.2355650596426508,0.1034482883462146,0.1398693017414902,0.5838454482033585,0.0884979899279595,0.0586622893155564,0.1375335878281143,0.0091549655801279,0.0082050534451241,0.0088224963328766,7.588211403460426,29.081799850463867,30.97380003611247,0.0382574920613427,35.7599983215332,36.34000015258789,0.9598239108876644,0.8654994010925293,0.0248136288586213,28.28499984741211,27.6200008392334,27.6200008392334,-0.2081422020229925,Grayscale Bitcoin Mini Trust (BTC),P,True,False,False,False,False,False,False,False,False,,False,,,3187986688.0,Crypto,unknown,485.0,True,,False,True,259.0,True,True,False,88.0,,0,0,False,Crypto,Crypto,Crypto,Crypto,Crypto
2026-08-31,IBIT,44.1609992980957,44.900001525878906,43.97999954223633,44.66999816894531,42217367.0,251,1885849706.5876925,2240662441.8580675,1834275454.5198488,0.2353428749293051,0.1032352758014703,0.1396861466194647,0.5808873481965072,0.0875942172968683,0.0582044200933922,0.1367076985346263,0.0090428131812561,0.0081303511590665,0.0087234514734897,7.637326466136725,37.25879997253418,39.68376658121745,0.038294978404108,45.810001373291016,46.560001373291016,0.9594071488702768,1.1219995498657227,0.0251175194953497,36.220001220703125,35.3650016784668,35.3650016784668,-0.2083052803200554,iShares Bitcoin Trust ETF,Q,True,False,False,False,False,False,False,False,False,,False,,,43234205696.0,Crypto,unknown,71.0,True,,False,True,18.0,True,True,False,90.0,,0,0,False,Crypto,Crypto,Crypto,Crypto,Crypto
2026-08-31,FBTC,67.8499984741211,68.96499633789062,67.57499694824219,68.61000061035156,2433167.0,251,166939589.35508728,250599597.20636368,247495162.63560945,0.234214794423913,0.1030546586621807,0.1385662549186395,0.5817698263391207,0.0876641312731946,0.0581638616882324,0.1362591002780527,0.0090341971252756,0.0080595484857441,0.0086930701014396,7.597681230775811,57.230699920654295,60.96326672871908,0.0382457239902815,70.36499786376953,71.5250015258789,0.9592450072933916,1.713099479675293,0.0249686556542141,55.65499877929688,54.345001220703125,54.345001220703125,-0.2079142874617057,Fidelity Wise Origin Bitcoin Fund,Z,True,False,False,False,False,False,False,False,False,,False,,,10223253504.0,Crypto,unknown,244.0,True,,False,True,97.0,True,True,False,91.0,,0,0,False,Crypto,Crypto,Crypto,Crypto,Crypto
2026-08-31,DYNF,69.55999755859375,69.55999755859375,69.2249984741211,69.47000122070312,2223955.0,251,154498156.56478882,165711962.4433365,167142353.60119048,0.0163862878066645,0.0294261725083262,0.1417867771591032,0.1917811619403209,0.065512121540851,0.1461765585533281,0.0031425813154506,0.0019277709898475,0.0207259031334853,0.0085071172401207,0.3034682916441213,68.21980010986329,64.4974301147461,0.0080879613773479,70.51000213623047,70.51000213623047,0.9852503065661808,0.5300006866455078,0.007629202207176,68.67500305175781,68.67500305175781,68.67500305175781,-0.0114437621271897,iShares U.S. Equity Factor Rotation Active ETF,P,True,False,False,False,False,False,False,False,False,,False,,,38004244480.0,Factor / Style,unknown,80.0,True,,False,True,126.0,True,True,False,92.0,,0,0,False,Factor / Style,Factor / Style,Factor / Style,Factor / Style,Factor / Style
2026-08-31,IVE,236.7100067138672,236.88999938964844,236.1100006103516,236.52999877929688,519630.0,251,122908083.26568604,121918830.90278624,173084363.22237045,0.0147582585930439,0.0474319985085751,0.0743263988179188,0.2035508814001278,0.1693022194598461,0.124262695723247,0.003004056544545,0.0080303426209178,0.0092359986805157,0.0084523222417771,0.7465010851348731,232.66439971923828,223.5675258382161,0.0093894992761776,239.92999267578125,239.92999267578125,0.9858292251895376,1.586998748779297,0.0067095030523384,235.9900054931641,232.27999877929688,232.27999877929688,-0.0179681225296315,iShares S&P 500 Value ETF,P,True,False,False,False,False,False,False,False,False,,False,,,47735062528.0,Factor / Style,unknown,61.0,True,,False,True,122.0,True,True,False,93.0,,0,0,False,Factor / Style,Factor / Style,Factor / Style,Factor / Style,Factor / Style
2026-08-31,OMFL,70.69000244140625,70.62000274658203,70.37789916992188,70.55000305175781,93666.0,251,6608136.585845947,7474541.003677368,8390326.397738986,0.0088660481034796,0.030951063792308,0.1230355806724006,0.128365111984798,0.0909944901685071,0.1530975366414869,0.0011380912576657,0.002816376269954,0.0188364443201994,0.0084234000875399,0.3376877282909908,69.51140014648438,65.94407880147298,0.0086459205434621,71.51000213623047,71.51000213623047,0.9865753173570908,0.4495559692382812,0.0063721608758609,70.3499984741211,70.0,70.0,-0.0077959323595536,Invesco Russell 1000 Dynamic Multifactor ETF,Z,True,False,False,False,False,False,False,False,False,,False,,,4719748608.0,Factor / Style,unknown,388.0,True,,False,True,458.0,True,True,False,94.0,,0,0,False,Factor / Style,Factor / Style,Factor / Style,Factor / Style,Factor / Style
2026-08-31,SPYV,63.40999984741211,63.435001373291016,63.23500061035156,63.34999847412109,2534897.0,251,160585721.08205414,116279327.23585775,132089897.42654674,0.014899076136764,0.0474098859599529,0.0746770385189163,0.2017353974069992,0.1678198621702163,0.1243041256685946,0.0030056710454472,0.0079563205273049,0.0092826639806138,0.008420540735963,0.7396590969683298,62.3047998046875,59.86161285400391,0.0094100158283545,64.26000213623047,64.26000213623047,0.9858387234382568,0.4322504043579102,0.0068232109671555,63.18999862670898,62.20000076293945,62.20000076293945,-0.0181530819081459,State Street SPDR Portfolio S&P 500 Value ETF,P,True,False,False,False,False,False,False,False,False,,False,,,35300089856.0,Factor / Style,unknown,85.0,True,,False,True,149.0,True,True,False,95.0,,0,0,False,Factor / Style,Factor / Style,Factor / Style,Factor / Style,Factor / Style
2026-08-31,VOOV,228.7100067138672,228.7100067138672,228.00999450683597,228.3600006103516,97391.0,251,22240208.81944275,15004594.177696992,14847492.700580658,0.0147529657983833,0.0472672580966606,0.0743158503320151,0.2069832838024498,0.1674028560828378,0.1235154133577422,0.0030536173067746,0.0079126740045856,0.0091791529727909,0.0083559416434575,0.7398020829931313,224.61561737060543,215.82444478352863,0.0094194152728321,231.66000366210935,231.66000366210935,0.9857549728067384,1.4844993591308593,0.0065006978243262,227.9199981689453,224.32000732421875,224.32000732421875,-0.0176913350645248,Vanguard S&P 500 Value ETF,P,True,False,False,False,False,False,False,False,False,,False,,,6683939328.0,Factor / Style,unknown,325.0,True,,False,True,422.0,True,True,False,96.0,,0,0,False,Factor / Style,Factor / Style,Factor / Style,Factor / Style,Factor / Style
2026-08-31,SPMO,146.5,147.17999267578125,145.9600067138672,147.08999633789062,1395319.0,251,205237466.6001892,263211010.93941495,331969830.9383598,0.0119710365415177,-0.0328538281107265,0.2299765907767545,0.0567511424183336,0.0,0.1037376070549155,0.0006793699996627,-0.0,0.023857221205828,0.0083500274220398,-0.0,149.9286001586914,135.99830073038737,-0.0042650851068766,156.1699981689453,162.3000030517578,0.9062846184357946,2.8329986572265624,0.0192603081634367,144.9250030517578,144.9250030517578,144.9250030517578,-0.0147188343193609,Invesco S&P 500 Momentum ETF,P,True,False,False,False,False,False,False,False,False,,False,,,22210627584.0,Factor / Style,unknown,125.0,True,,False,True,73.0,True,True,False,97.0,,0,0,False,Factor / Style,Factor / Style,Factor / Style,Factor / Style,Factor / Style
2026-08-31,IWN,222.9499969482422,222.97000122070312,221.1999969482422,221.8000030517578,516850.0,251,114637331.57730104,81756193.82839203,124605801.97629172,-0.0118066114168647,0.0463493377483443,0.1219649454191691,0.0,0.1074165883836905,0.1181611575253776,-0.0,0.0049786877347705,0.0144115191282485,0.0082801787224878,0.4073877447185915,222.58519989013672,208.11545094807943,0.0094342322720557,227.8600006103516,227.8600006103516,0.9734047329835808,1.9510009765625,0.0087962170861973,221.1999969482422,221.1999969482422,221.1999969482422,-0.0027051672464387,iShares Russell 2000 Value ETF,P,True,False,False,False,False,False,False,False,False,,False,,,14527014912.0,Factor / Style,unknown,175.0,True,,False,True,153.0,True,True,False,98.0,,0,0,False,Factor / Style,Factor / Style,Factor / Style,Factor / Style,Factor / Style
2026-08-31,GBTC,60.31999969482422,61.32500076293945,60.12009811401367,61.02000045776367,1190998.0,251,72674698.50519562,117292125.02716942,103883311.5617689,0.2344729937493912,0.0998558212191367,0.1323065716991789,0.5838792579768032,0.0855995382753556,0.055707491402773,0.1369039176059941,0.0085476121904645,0.0073704672054623,0.0081356114457138,7.82992312010734,50.941599960327146,54.40846666971842,0.0377100213075798,62.58000183105469,63.845001220703125,0.9557522012855192,1.5164995193481443,0.0248524993112352,49.51499938964844,48.36000061035156,48.36000061035156,-0.2074729556282945,Grayscale Bitcoin Trust (BTC),P,True,False,False,False,False,False,False,False,False,,False,,,8134695424.0,Crypto,unknown,281.0,True,,False,True,177.0,True,True,False,99.0,,0,0,False,Crypto,Crypto,Crypto,Crypto,Crypto
2026-08-31,LRGF,78.30000305175781,78.4000015258789,78.04000091552734,78.31999969482422,97612.0,251,7644971.810211182,10967752.285655212,11706728.097208174,0.0168787731552679,0.0206813683842643,0.1366605723275371,0.1833565765346969,0.0531516535723612,0.1541423443810837,0.0030948340618556,0.0010992489277628,0.0210651810030272,0.0080873251541053,0.1272305315834627,76.72609954833985,72.64504875183106,0.0083276136092393,79.44499969482422,79.44499969482422,0.9858392598109194,0.5657001495361328,0.0072229335002604,77.5999984741211,77.3499984741211,77.3499984741211,-0.012385102457645,iShares U.S. Equity Factor ETF,P,True,False,False,False,False,False,False,False,False,,False,,,3509724672.0,Factor / Style,unknown,459.0,True,,False,True,440.0,True,True,False,100.0,,0,0,False,Factor / Style,Factor / Style,Factor / Style,Factor / Style,Factor / Style
2026-08-31,IQLT,51.790000915527344,51.84999847412109,51.380001068115234,51.470001220703125,825777.0,251,42502743.19802856,58203728.63006668,70544482.05025712,0.0220413144737612,0.065694301209346,0.0689645665261404,0.2356693469485606,0.1511680888794056,0.0652062071129086,0.0051944621879191,0.0099308819640848,0.0044969178083554,0.0080289945095795,0.9483470773994482,50.33480010986328,48.47355161031087,0.0127241804515068,52.36000061035156,52.36000061035156,0.9830023036807894,0.3899000167846679,0.007575286721148,51.244998931884766,50.63999938964844,50.63999938964844,-0.016125933774426,iShares MSCI Intl Quality Factor ETF,P,True,False,False,False,False,False,False,False,False,,False,,,13642241024.0,Country / Region,unknown,188.0,True,,False,True,228.0,True,True,False,101.0,,0,0,False,Country / Region,Country / Region,Country / Region,Country / Region,Country / Region
2026-08-31,RSP,219.7700042724609,220.0,219.14979553222656,219.38999938964844,6037466.0,251,1324559662.0550232,1306632258.374434,1826334736.354704,0.0105015834042061,0.0527204305964323,0.0811014255060793,0.1091953183006039,0.1444042235302375,0.107817227829463,0.0011467237424826,0.0076130528444575,0.0087441308710831,0.0080089301537765,0.4009240084517839,216.42839935302732,205.67898193359372,0.0114666028566994,223.44000244140625,223.44000244140625,0.9818743152188254,1.7295097351074218,0.0078832660555129,219.14979553222656,216.9199981689453,216.9199981689453,-0.0112584950434148,Invesco S&P 500 Equal Weight ETF,P,True,False,False,False,False,False,False,False,False,,False,,,93655826432.0,Factor / Style,unknown,34.0,True,,False,True,19.0,True,True,False,102.0,,0,0,False,Factor / Style,Factor / Style,Factor / Style,Factor / Style,Factor / Style
2026-08-31,IUSV,114.6500015258789,114.66000366210938,114.27999877929688,114.43000030517578,434930.0,251,49769040.0327301,62366227.37822342,69709151.80690342,0.0133723181076506,0.0468910963956916,0.0724910057686214,0.1770230250947863,0.1625905165737298,0.1184031461675704,0.002367208203946,0.007624047585684,0.0085831631518562,0.0079597380338443,0.7014801557824814,112.7518000793457,108.29123865763346,0.0092597195090795,116.19000244140624,116.19000244140624,0.9848523788686724,0.7964996337890625,0.0069605840397173,114.27999877929688,112.61000061035156,112.61000061035156,-0.0159049173291131,iShares Core S&P U.S. Value ETF,Q,True,False,False,False,False,False,False,False,False,,False,,,26456442880.0,Factor / Style,unknown,103.0,True,,False,True,231.0,True,True,False,103.0,,0,0,False,Factor / Style,Factor / Style,Factor / Style,Factor / Style,Factor / Style
2026-08-31,SUSA,158.27000427246094,158.5,158.02000427246094,158.375,22363.0,251,3541740.125,5389273.843560791,5832731.054792131,0.020983786650802,0.0220512861920927,0.1364007526615889,0.2077878561186958,0.0550986243182117,0.1486077528774777,0.0043601760414222,0.0012149955336314,0.0202702093438353,0.0078843203672028,0.1580954062552419,155.37349975585937,146.79114034016928,0.0084830708696026,160.35000610351562,160.35000610351562,0.9876831554203956,1.113501739501953,0.0070307923567605,157.13999938964844,155.6999969482422,155.6999969482422,-0.0168903112976026,iShares ESG Optimized MSCI USA ETF,P,True,False,False,False,False,False,False,False,False,,False,,,4045895936.0,Country / Region,unknown,421.0,True,,False,True,463.0,True,True,False,104.0,,0,0,False,Country / Region,Country / Region,Country / Region,Country / Region,Country / Region
2026-08-31,SCHG,35.65999984741211,35.71989822387695,35.52009963989258,35.65999984741211,7712903.0,251,275042119.8031044,223370756.59964848,262555544.5848716,0.0229489163239713,0.0112395346032168,0.1596554424432263,0.1877929858023613,0.021471005669668,0.1374733563706694,0.0043096455174071,0.00024132411119,0.0219483695355145,0.0078387900097036,0.0752364818661729,34.57443069458008,32.81678874969482,0.0106910016793488,36.11000061035156,36.11000061035156,0.9875380571771452,0.3529945373535156,0.0098988934061684,35.060001373291016,34.91999816894531,34.91999816894531,-0.0207515895017733,Schwab U.S. Large-Cap Growth ETF,P,True,False,False,False,False,False,False,False,False,,False,,,59069509632.0,Factor / Style,unknown,49.0,True,,False,True,89.0,True,True,False,105.0,,0,0,False,Factor / Style,Factor / Style,Factor / Style,Factor / Style,Factor / Style
2026-08-31,XMHQ,117.80999755859376,118.18000030517578,117.3249969482422,117.52999877929688,159106.0,251,18699727.98577881,18061305.11072235,19343370.61297123,0.0112717049116704,0.0588728496155621,0.0821377459667871,0.0899105628050185,0.1391630476090823,0.0847938261143556,0.0010134453323803,0.0081929251739328,0.0069647737489328,0.0077630721751828,0.4152193292032157,115.3252000427246,109.7991416422526,0.0147735295833404,119.98999786376952,119.98999786376952,0.979498298789324,1.1332496643066403,0.0096422162518244,117.3249969482422,116.45999908447266,116.45999908447266,-0.0091040560362253,Invesco S&P MidCap Quality ETF,P,True,False,False,False,False,False,False,False,False,,False,,,5417101824.0,Factor / Style,unknown,364.0,True,,False,True,403.0,True,True,False,106.0,,0,0,False,Factor / Style,Factor / Style,Factor / Style,Factor / Style,Factor / Style
2026-08-31,SLYV,109.63999938964844,109.5500030517578,108.75,109.0,233443.0,251,25445287.0,17417103.555818178,20592374.032963827,-0.010979031798605,0.0485571452109667,0.1132472928252563,0.0,0.1027066399013797,0.1140301998104724,-0.0,0.0049871412278217,0.012913611428859,0.0077614057981848,0.360355011167414,109.17199966430664,102.57280461629232,0.0079973780191531,112.4000015258789,112.4000015258789,0.9697508765149252,1.0330001831054687,0.0094770659000501,108.75,108.75,108.75,-0.0022935779816514,State Street SPDR S&P 600 Small Cap Value ETF,P,True,False,False,False,False,False,False,False,False,,False,,,4830834688.0,Factor / Style,unknown,384.0,True,,False,True,396.0,True,True,False,107.0,,0,0,False,Factor / Style,Factor / Style,Factor / Style,Factor / Style,Factor / Style
2026-08-31,DSI,147.08999633789062,147.25999450683594,146.77999877929688,146.99000549316406,106907.0,251,15714260.51725769,17216929.314925384,16113459.875502571,0.0190654457520131,0.019549717450203,0.1478646184849212,0.1635931231051322,0.0394399987359659,0.1392584534180359,0.0031189758139633,0.0007710408315244,0.020591398085458,0.0077081658704012,0.1660966798366212,143.0809994506836,135.62879369099934,0.0085712151446648,148.92999267578125,148.92999267578125,0.9869738314777164,1.2159996032714844,0.0082726686021386,145.5800018310547,144.83999633789062,144.83999633789062,-0.0146269071020167,iShares ESG MSCI KLD 400 ETF,P,True,False,False,False,False,False,False,False,False,,False,,,5360755200.0,Other,unknown,365.0,True,,False,True,416.0,True,True,False,108.0,,0,0,False,Other,Other,Other,Other,Other
2026-08-31,GDX,99.2750015258789,99.62999725341795,96.98999786376952,98.51000213623048,17458591.0,251,1719845836.705574,2532797376.2092867,1972107320.7628973,0.2953319945192758,0.1364790238740723,-0.1459163753773356,0.4402195327765659,0.0861303239250998,0.0,0.1300109126412469,0.0117549825352552,-0.0,0.0076407386479159,1.326577698865678,82.73999984741211,90.25793309529622,0.0498001691045169,105.66999816894533,108.26000213623048,0.9099390374320244,3.759500503540039,0.038163642493287,88.77999877929688,77.01000213623047,77.01000213623047,-0.2182519493834487,VanEck Gold Miners ETF,P,True,False,False,False,False,False,False,False,False,,False,,,22753128448.0,Commodity,unknown,120.0,True,,False,True,15.0,True,True,False,109.0,,0,0,False,Commodity,Commodity,Commodity,Commodity,Commodity
2026-08-31,IJS,137.27000427246094,137.30999755859375,136.33999633789062,136.6199951171875,160637.0,251,21946226.15563965,23596299.46940308,42898637.57262118,-0.0112896051619719,0.0478747408848583,0.1134340587886619,0.0,0.100150030162722,0.1133605279112696,-0.0,0.004794656743651,0.0128589447874007,0.0076171575589634,0.3489872549014716,136.85919860839843,128.58852177937823,0.00802363806394,141.17999267578125,141.17999267578125,0.9677008230970392,1.3330001831054688,0.0097569918807424,136.33999633789062,136.33999633789062,136.33999633789062,-0.0020494714485731,iShares S&P SmallCap 600 Value ETF,P,True,False,False,False,False,False,False,False,False,,False,,,8017806848.0,Factor / Style,unknown,287.0,True,,False,True,297.0,True,True,False,110.0,,0,0,False,Factor / Style,Factor / Style,Factor / Style,Factor / Style,Factor / Style
2026-08-31,ESGV,136.2899932861328,136.33999633789062,135.68499755859375,136.1300048828125,196411.0,251,26737430.38903809,25369392.052441407,25503485.90450614,0.0155166115904643,0.0129266162584795,0.148293053994029,0.1479374064640339,0.0279697808838934,0.141863088380136,0.002295487275803,0.0003615546243198,0.0210373106249152,0.0075980692245282,0.0737302300230701,133.51200103759766,126.15729197184244,0.0078218449803053,138.1199951171875,138.1199951171875,0.9855923088276496,1.1297492980957031,0.0082990469225961,134.94000244140625,134.52000427246094,134.52000427246094,-0.011826934199683,Vanguard ESG U.S. Stock ETF,Z,True,False,False,False,False,False,False,False,False,,False,,,13178104832.0,Other,unknown,195.0,True,,False,True,372.0,True,True,False,111.0,,0,0,False,Other,Other,Other,Other,Other
2026-08-31,AVUV,125.80999755859376,125.83000183105467,124.71499633789062,124.97000122070312,1135575.0,251,141912809.13619995,153474898.56689453,158950820.89361766,-0.0162940780849066,0.0446370006721235,0.1065876619500871,0.0,0.1124705994270051,0.1158722200218283,-0.0,0.0050203502222173,0.0123505490170927,0.0075859198004237,0.4547564667497962,125.41699966430664,118.34977411905923,0.0066234819059889,129.0500030517578,129.0500030517578,0.9683843337111868,1.206549835205078,0.0096547157191288,124.71499633789062,124.71499633789062,124.71499633789062,-0.0020405287694776,Avantis U.S. Small Cap Value ETF,P,True,False,False,False,False,False,False,False,False,,False,,,29055420416.0,Factor / Style,unknown,95.0,True,,False,True,130.0,True,True,False,112.0,,0,0,False,Factor / Style,Factor / Style,Factor / Style,Factor / Style,Factor / Style
2026-08-31,THRO,43.77000045776367,43.875,43.67509841918945,43.84000015258789,520691.0,251,22827093.51945114,24819719.33984051,37845990.81804566,0.0143451854320582,0.0082551798522902,0.1494276911985874,0.1565655738573474,0.0178817631481177,0.1427833907672158,0.0022459621892602,0.0001476171708637,0.0213357924238507,0.0075634785094092,0.0416605035663037,43.12439987182617,40.79637535095215,0.0051816261171988,44.58000183105469,44.58000183105469,0.9834005911154696,0.3513950347900391,0.0080153976634805,43.31499862670898,43.31499862670898,43.31499862670898,-0.0119753997274545,iShares U.S. Thematic Rotation Active ETF,P,True,False,False,False,False,False,False,False,False,,False,,,6481671680.0,Other,unknown,331.0,True,,False,True,309.0,True,True,False,113.0,,0,0,False,Other,Other,Other,Other,Other
2026-08-31,ACWV,127.26000213623048,127.43679809570312,127.0999984741211,127.3000030517578,54177.0,251,6896732.265335083,9498467.575180816,11984007.8117591,0.0224899843514683,0.0509992843830151,0.0340736498929545,0.3743329362229911,0.2014798405690025,0.0665460335404471,0.0084187418778942,0.0102753276866231,0.002267466248622,0.0074725761833227,0.9474920876610512,123.74440063476564,121.45697382609048,0.01130123099742,127.87000274658205,127.87000274658205,0.9955423501792372,0.714840316772461,0.0056153990544825,126.02999877929688,124.19000244140624,124.19000244140624,-0.0244304833919531,iShares MSCI Global Min Vol Factor ETF,Z,True,False,False,False,False,False,False,False,False,,False,,,3240488448.0,Country / Region,unknown,477.0,True,,False,True,439.0,True,True,False,114.0,,0,0,False,Country / Region,Country / Region,Country / Region,Country / Region,Country / Region
2026-08-31,QQQM,294.42999267578125,295.44000244140625,293.6451110839844,295.17999267578125,2329754.0,251,687696768.6563721,858288770.0337708,1073861133.102045,0.0239705967511645,-0.0336747214603369,0.1820044193531593,0.1529774689166446,0.0,0.1170267216881467,0.0036669612194146,-0.0,0.0212993805296549,0.0074547831853792,-0.0,292.9894012451172,275.0572927856445,-0.0013480164992807,302.45001220703125,307.85374142464434,0.958831915798024,3.742448425292969,0.0126785301109604,289.3900146484375,289.3900146484375,289.3900146484375,-0.0196150761264612,Invesco NASDAQ 100 ETF,Q,True,False,False,False,False,False,False,False,False,,False,,,101307228160.0,US Equity,unknown,26.0,True,,False,True,29.0,True,True,False,115.0,,0,0,False,US Equity,US Equity,US Equity,US Equity,US Equity
2026-08-31,GSIE,48.06999969482422,48.06999969482422,47.775001525878906,47.8650016784668,296302.0,251,14182495.727333069,18371795.315808486,20895422.20946091,0.0130159085389798,0.061262676557501,0.062753904337671,0.1637826904536713,0.1507782350236256,0.0631944925994283,0.002131780519213,0.0092370782441632,0.0039657011432521,0.0073920962588443,0.834382280064214,46.80690391540527,45.197399368286135,0.0125364819601783,48.4900016784668,48.4900016784668,0.9871107449295564,0.3295499801635742,0.0068849883757933,47.685001373291016,47.36000061035156,47.36000061035156,-0.0105505285784294,Goldman Sachs ActiveBeta International Equity ETF,P,True,False,False,False,False,False,False,False,False,,False,,,5800200704.0,Global Equity,unknown,355.0,True,,False,True,393.0,True,True,False,116.0,,0,0,False,Global Equity,Global Equity,Global Equity,Global Equity,Global Equity
2026-08-31,HEFA,47.470001220703125,47.470001220703125,47.1150016784668,47.22999954223633,506165.0,251,23906172.71829605,32347204.78543568,28279925.361988436,0.0126500892004479,0.053625360546422,0.0773023493620097,0.1730209674586563,0.1430973345823043,0.0868872488972697,0.0021887306718998,0.007673646160208,0.0067165884693606,0.0073386759684114,0.5814687512313957,46.67966941833496,44.51287254333496,0.0090165119801239,48.0,48.0,0.9839583237965902,0.3057500839233398,0.0064736414754761,46.84999847412109,46.84999847412109,46.84999847412109,-0.0080457563370376,iShares Currency Hedged MSCI EAFE ETF,Z,True,False,False,False,False,False,False,False,False,,False,,,7331655168.0,Country / Region,unknown,301.0,True,,False,True,357.0,True,True,False,117.0,,0,0,False,Country / Region,Country / Region,Country / Region,Country / Region,Country / Region
2026-08-31,QQQ,715.1199951171875,717.5750122070312,713.1599731445312,716.760009765625,31883751.0,251,22852997678.12476,23423349697.76488,30050083664.91999,0.0238404763335,-0.0339180963258864,0.1814903339481544,0.1515482697829546,0.0,0.1155209862195334,0.0036129829391434,-0.0,0.0209659423670032,0.0073380798284511,-0.0,711.5868005371094,668.0902758789063,-0.0013901176941657,734.5800170898438,747.828194840854,0.9584554510119256,9.172744750976562,0.0127975118951962,702.7000122070312,702.7000122070312,702.7000122070312,-0.0196160463293582,"Invesco QQQ Trust, Series 1",Q,True,False,False,False,False,False,False,False,False,,False,,,490103177216.0,Other,unknown,6.0,True,,False,True,2.0,True,True,False,118.0,,0,0,False,Other,Other,Other,Other,Other
2026-08-31,USMV,101.43000030517578,101.68000030517578,101.26000213623048,101.5199966430664,1268548.0,251,128782988.7015686,168489228.58474427,206171278.1304244,0.0330721492929786,0.0504185434813155,0.0468590834322779,0.4215301128278608,0.1803588205510371,0.0845954949497675,0.0139409068229291,0.0090934290361912,0.003964067355846,0.0072981524480704,0.6798910077772702,98.5081997680664,95.88340861002604,0.0125131743620587,102.20999908447266,102.20999908447266,0.9932491688916268,0.6900001525878906,0.0067966920351057,100.51000213623048,98.12999725341795,98.12999725341795,-0.0333924300802266,iShares MSCI USA Min Vol Factor ETF,Z,True,False,False,False,False,False,False,False,False,,False,,,23007752192.0,Country / Region,unknown,118.0,True,,False,True,110.0,True,True,False,119.0,,0,0,False,Country / Region,Country / Region,Country / Region,Country / Region,Country / Region
2026-08-31,VOOG,83.95999908447266,84.04000091552734,83.57730102539062,83.94999694824219,906941.0,251,76137694.18223572,94070631.982061,117065859.4787663,0.0101070428555141,-0.0125492065480582,0.1687166351054054,0.0807685705356841,0.0,0.1227611333860967,0.0008163314037827,-0.0,0.020711845346628,0.0072491458713198,-0.0,82.5456379699707,77.9313424173991,0.0055283295710033,86.13999938964844,86.13999938964844,0.9745762426639926,0.929636001586914,0.0110736871397394,82.58999633789062,82.58999633789062,82.58999633789062,-0.016200126977849,Vanguard S&P 500 Growth ETF,P,True,False,False,False,False,False,False,False,False,,False,,,26322757632.0,Factor / Style,unknown,104.0,True,,False,True,163.0,True,True,False,120.0,,0,0,False,Factor / Style,Factor / Style,Factor / Style,Factor / Style,Factor / Style
2026-08-31,IALT,28.979999542236328,29.06999969482422,28.899999618530277,29.0,584456.0,180,16949224.0,28538207.548657607,46944977.749140665,0.0093978580600651,0.0219529967620757,0.0930537124540176,0.1901409018254106,0.0934072329539686,0.1807490197485803,0.0017869172067679,0.0020505686825929,0.0168193673100299,0.0072196482021958,0.5800065685945175,28.624439888000488,27.720323244730636,0.0050741588795681,29.450000762939453,29.450000762939453,0.9847198386661592,0.2243499755859375,0.0077362060546875,28.809999465942383,28.6200008392334,28.6200008392334,-0.0131034193367793,iShares Systematic Alternatives Active ETF,Q,True,False,False,False,False,False,False,False,False,,False,,,4825180672.0,Other,unknown,385.0,True,,False,True,283.0,True,True,False,121.0,,0,0,False,Other,Other,Other,Other,Other
2026-08-31,SPYG,120.98999786376952,121.05999755859376,120.38249969482422,120.88999938964844,1456292.0,251,176051138.9911499,274143364.3210022,295957478.371629,0.0102790881656018,-0.0127254185807672,0.1683979330985323,0.0815105886207339,0.0,0.1224306188001666,0.0008378545268626,-0.0,0.0206170631539223,0.0072159721038728,-0.0,118.88320022583008,112.23719497680663,0.0055033065674157,124.04000091552734,124.04000091552734,0.9746049540258864,1.3363750457763672,0.0110544714411736,118.9499969482422,118.9499969482422,118.9499969482422,-0.0160476668971872,State Street SPDR Portfolio S&P 500 Growth ETF,P,True,False,False,False,False,False,False,False,False,,False,,,52988604416.0,Factor / Style,unknown,53.0,True,,False,True,81.0,True,True,False,122.0,,0,0,False,Factor / Style,Factor / Style,Factor / Style,Factor / Style,Factor / Style
2026-08-31,OEF,380.0899963378906,380.4299926757813,378.6900024414063,379.9800109863281,186582.0,251,70897430.40985107,76279230.22975159,100785904.37998454,0.0137396275606396,0.0069923096563313,0.1399551312416673,0.1513381855488157,0.0162623555191904,0.1456453631070517,0.0020793303051437,0.0001137114255315,0.0203838159083877,0.0072082479945311,0.0378952936130552,371.88219848632815,354.22609619140627,0.0075129381459402,384.8200073242188,384.8200073242188,0.9874227008841232,3.042999267578125,0.0080083140680987,376.0400085449219,375.989990234375,375.989990234375,-0.0105006069703406,iShares S&P 100 Fund,P,True,False,False,False,False,False,False,False,False,,False,,,20043581440.0,Other,unknown,136.0,True,,False,True,179.0,True,True,False,123.0,,0,0,False,Other,Other,Other,Other,Other
2026-08-31,SPSM,56.5,56.5989990234375,56.0614013671875,56.20000076293945,1013925.0,251,56982585.773563385,75054152.63367176,92214457.74540524,-0.0224387002585619,0.0474086567860063,0.112236219833999,0.0,0.0988915750987456,0.1059173300769589,-0.0,0.004688316742884,0.0118877607427477,0.0072081221428363,0.3229008046829293,57.00499969482422,53.12767537434896,0.007973824882566,58.59999847412109,58.59999847412109,0.9590444065925782,0.5444295883178711,0.0096873590912278,56.0614013671875,56.0614013671875,56.0614013671875,-0.0024661813855944,State Street SPDR Portfolio S&P 600 Small Cap ETF,P,True,False,False,False,False,False,False,False,False,,False,,,16915987456.0,Factor / Style,unknown,154.0,True,,False,True,192.0,True,True,False,124.0,,0,0,False,Factor / Style,Factor / Style,Factor / Style,Factor / Style,Factor / Style
2026-08-31,DCOR,84.37000274658203,84.33799743652344,84.04499816894531,84.20999908447266,176183.0,251,14836370.268699646,12349288.447517011,10826181.001204113,0.0063336373967972,0.0282527997403463,0.1150211319730789,0.0799394251836577,0.079885974265713,0.1426030027749291,0.0005063073328216,0.0022570024329916,0.0164023588019324,0.0072078771621209,0.2382569489689976,83.15858016967773,78.90028605143229,0.0086236115686721,85.87999725341797,85.87999725341797,0.9805542824597744,0.5628005981445312,0.0066832989462447,84.04499816894531,83.89399719238281,83.89399719238281,-0.0037525459627764,Dimensional US Core Equity 1 ETF,P,True,False,False,False,False,False,False,False,False,,False,,,3237994240.0,Other,unknown,478.0,True,,False,True,446.0,True,True,False,125.0,,0,0,False,Other,Other,Other,Other,Other
2026-08-31,IMCG,97.12999725341795,97.22000122070312,96.68000030517578,96.91999816894533,126402.0,251,12250881.608551024,13199039.910925291,10568390.199509392,0.0035203596132187,0.0286969528831051,0.1498362658605425,0.024709073448558,0.0512162748846563,0.1186696366722909,8.698482424835897e-05,0.0014697510272131,0.0177810152300033,0.0071786934981897,0.1050941188375309,97.22719970703125,89.5915087890625,0.007599020496271,100.79000091552734,100.79000091552734,0.9616033067622898,0.9810001373291016,0.0101217515049791,96.68000030517578,96.68000030517578,96.68000030517578,-0.0024762470935171,iShares Morningstar Mid-Cap Growth ETF,P,True,False,False,False,False,False,False,False,False,,False,,,4006894848.0,Factor / Style,unknown,422.0,True,,False,True,447.0,True,True,False,126.0,,0,0,False,Factor / Style,Factor / Style,Factor / Style,Factor / Style,Factor / Style
2026-08-31,IVW,139.6300048828125,139.8000030517578,139.02999877929688,139.60000610351562,1185388.0,251,165480172.03503418,166731377.2952179,245141325.30589947,0.0098379669871961,-0.013133481062298,0.1676537797942279,0.0766629193477772,0.0,0.1221740204662174,0.0007542072696855,-0.0,0.0204829363238187,0.0071690277133365,-0.0,137.32700103759765,129.68127349853515,0.0054784599981481,143.25999450683594,143.25999450683594,0.9744521252013194,1.533000946044922,0.0109813816548702,137.42999267578125,137.42999267578125,137.42999267578125,-0.0155445081150302,iShares S&P 500 Growth ETF,P,True,False,False,False,False,False,False,False,False,,False,,,74972356608.0,Factor / Style,unknown,39.0,True,,False,True,98.0,True,True,False,127.0,,0,0,False,Factor / Style,Factor / Style,Factor / Style,Factor / Style,Factor / Style
2026-08-31,ESGU,168.25,168.50999450683594,167.8000030517578,168.1999969482422,196345.0,251,33025228.40080261,63272365.26945114,69275516.98014395,0.0125820018675044,0.016074266121806,0.132089220069997,0.1386861018239698,0.0399274105361875,0.1458678655593974,0.0017449487921461,0.0006418038225132,0.0192675725950159,0.0071608228928892,0.1111494167525959,165.40479888916016,156.7690532430013,0.0076729626613445,170.85000610351562,170.85000610351562,0.9844892650828012,1.2017486572265623,0.0071447602796114,166.91000366210938,166.57000732421875,166.57000732421875,-0.009690782720555,iShares ESG Aware MSCI USA ETF,Q,True,False,False,False,False,False,False,False,False,,False,,,17746929664.0,Country / Region,unknown,145.0,True,,False,True,233.0,True,True,False,128.0,,0,0,False,Country / Region,Country / Region,Country / Region,Country / Region,Country / Region
2026-08-31,VIOO,134.77000427246094,134.8000030517578,133.6699981689453,133.97000122070312,128629.0,251,17232427.287017822,11425184.29419098,10235646.527531216,-0.0231862400094701,0.0470496632750692,0.1124304648444431,0.0,0.0968158239971965,0.1054189090592432,-0.0,0.0045551519187664,0.0118522969489248,0.0071091526793218,0.3182010401965032,135.90379974365234,126.67679987589518,0.0079117767066663,139.6999969482422,139.6999969482422,0.9589835658359964,1.2540008544921877,0.0093603108387402,133.6699981689453,133.6699981689453,133.6699981689453,-0.0022393300666138,Vanguard S&P Small-Cap 600 ETF,P,True,False,False,False,False,False,False,False,False,,False,,,6406161408.0,Other,unknown,335.0,True,,False,True,453.0,True,True,False,129.0,,0,0,False,Other,Other,Other,Other,Other
2026-08-31,IJR,145.39999389648438,145.5800018310547,144.1750030517578,144.52000427246094,2601137.0,251,375916330.3532562,348290130.3045128,496522524.37192667,-0.0225889106188519,0.0469223978024415,0.1118545573560032,0.0,0.0974201434166541,0.1050914004425674,-0.0,0.0045711867233671,0.0117549520784258,0.0070855045976377,0.3164784978676222,146.61220092773436,136.65114267985027,0.0079813229820038,150.69000244140625,150.69000244140625,0.9590550264185944,1.4227493286132813,0.0098446532421283,144.1750030517578,144.1750030517578,144.1750030517578,-0.0023872212185428,iShares Core S&P Small-Cap ETF,P,True,False,False,False,False,False,False,False,False,,False,,,111317172224.0,Other,unknown,25.0,True,,False,True,60.0,True,True,False,130.0,,0,0,False,Other,Other,Other,Other,Other
2026-08-31,DIA,533.5599975585938,533.5599975585938,530.780029296875,531.5700073242188,1660488.0,251,882665618.3217773,1673320513.978833,2154600262.584513,0.0014885644443187,0.043355925569791,0.0942573571488387,0.0165366431317042,0.1133111255030458,0.1157095634793235,2.461585899424319e-05,0.0049127087235393,0.0109064776504068,0.0070105278479429,0.3317458197681661,527.3194958496093,500.7509543863932,0.0086607454857114,546.2970287569466,546.2970287569466,0.9730420986066172,4.230907057282712,0.0079592659461356,526.7632573034381,526.7632573034381,526.7632573034381,-0.0090425531059898,State Street SPDR Dow Jones Industrial Average ETF Trust,P,True,False,False,False,False,False,False,False,False,,False,,,44062826496.0,US Equity,unknown,69.0,True,,False,True,13.0,True,True,False,131.0,,0,0,False,US Equity,US Equity,US Equity,US Equity,US Equity
2026-08-31,DXJ,180.9199981689453,180.9900054931641,179.3300018310547,179.61000061035156,138676.0,251,24907596.444641117,31715765.233914185,54216162.43288458,0.0523201799729011,0.0681939949870502,0.08355726939158,0.3333333333333333,0.1116472968734608,0.0696847331642691,0.017440059990967,0.0076136752033065,0.0058226660214872,0.0069868219896697,0.983144369156426,176.38851043701172,167.43639353434244,0.0080743179782025,183.1100006103516,183.1100006103516,0.9808858064096247,1.9334983825683596,0.0107649817716047,174.44000244140625,172.0399932861328,172.0399932861328,-0.0421469144173169,WisdomTree Japan Hedged Equity Fund,P,True,False,False,False,False,False,False,False,False,,False,,,7079662592.0,Country / Region,unknown,307.0,True,,False,True,269.0,True,True,False,132.0,,0,0,False,Country / Region,Country / Region,Country / Region,Country / Region,Country / Region
2026-08-31,BBCA,106.52999877929688,106.66000366210938,105.51000213623048,105.87999725341795,326632.0,251,34583795.26287842,21067024.40627899,23000441.846744116,0.0287601937148673,0.0546074348748,0.0664956788102626,0.2735666191652394,0.1444686455456325,0.0785409165550131,0.0078678289611136,0.0078890621530836,0.0052226315607057,0.0069558114457514,0.5758116203599839,103.2540202331543,99.28815719604492,0.0132264709896845,108.05999755859376,108.05999755859376,0.9798260193001234,1.0025001525878907,0.0094682676482174,105.51000213623048,102.87000274658205,102.87000274658205,-0.0284283583766221,JPMorgan BetaBuilders Canada ETF,Z,True,False,False,False,False,False,False,False,False,,False,,,10509565952.0,Country / Region,unknown,238.0,True,,False,True,380.0,True,True,False,133.0,,0,0,False,Country / Region,Country / Region,Country / Region,Country / Region,Country / Region
2026-08-31,DBEF,56.02999877929688,56.20000076293945,55.61750030517578,55.7400016784668,312301.0,251,17407658.26418686,21950137.120038413,23837571.93869981,0.0105148990692374,0.0522937586167362,0.0773096225403626,0.1494854077607667,0.1353201712758342,0.0846740362596637,0.0015718239749282,0.0070764003726738,0.0065461177822035,0.0068908014660092,0.5363165622341829,55.16919998168945,52.57486671447754,0.008906006823923,56.84000015258789,56.84000015258789,0.98064745828346,0.4366249084472656,0.0078332417527705,55.34999847412109,55.31999969482422,55.31999969482422,-0.0075350192141244,Xtrackers MSCI EAFE Hedged Equity ETF,P,True,False,False,False,False,False,False,False,False,,False,,,9039409152.0,Country / Region,unknown,267.0,True,,False,True,377.0,True,True,False,134.0,,0,0,False,Country / Region,Country / Region,Country / Region,Country / Region,Country / Region
2026-08-31,MGC,281.7300109863281,281.8399963378906,280.6095886230469,281.45001220703125,104360.0,251,29372123.27392578,20607207.90762329,26455045.41099912,0.0150023568607429,0.0095001369891052,0.1357607622169303,0.1657379634346659,0.0219419585127573,0.1420747438665583,0.0024864600728196,0.0002084516116804,0.0192881755190991,0.0068863549792769,0.0563658961993859,276.1162176513672,262.58433125813804,0.0069877440283359,285.54998779296875,285.54998779296875,0.9856418288873816,2.102520751953125,0.0074703167907718,278.9599914550781,278.6700134277344,278.6700134277344,-0.0098774157353809,Vanguard Morningstar Mega Cap ETF,P,True,False,False,False,False,False,False,False,False,,False,,,10574559232.0,Other,unknown,237.0,True,,False,True,367.0,True,True,False,135.0,,0,0,False,Other,Other,Other,Other,Other
2026-08-31,AVUS,130.27000427246094,130.48309326171875,129.7899932861328,130.13999938964844,269001.0,251,35007789.97581482,35857469.35726547,42541307.48446146,0.0064186980645375,0.0223995498440541,0.121321812275652,0.0817737515202446,0.0585236127745511,0.1414329337613697,0.0005248810206129,0.0013109025813976,0.0171588998393916,0.0068577016216955,0.1972474022946765,128.78759994506837,122.03869801839193,0.0067997737122529,132.80999755859375,132.80999755859375,0.9798961055791952,0.8862495422363281,0.0068099703887567,129.7899932861328,129.60000610351562,129.60000610351562,-0.0041493260232469,Avantis U.S. Equity ETF,P,True,False,False,False,False,False,False,False,False,,False,,,13827512320.0,US Equity,unknown,182.0,True,,False,True,299.0,True,True,False,136.0,,0,0,False,US Equity,US Equity,US Equity,US Equity,US Equity
2026-08-31,IUSG,190.8800048828125,190.8800048828125,189.90130615234372,190.6100006103516,498355.0,251,94991446.85417175,94184972.99982834,96932584.74134052,0.0093195364043103,-0.0125533718689787,0.1617432132305258,0.0745128591741006,0.0,0.1202622861401665,0.0006944253036622,-0.0,0.0194516085907594,0.0068080630067658,-0.0,187.79260070800785,177.38262715657552,0.0053296101037705,195.63999938964844,195.63999938964844,0.9742895175066996,2.030931854248047,0.0106549071284025,187.92999267578125,187.92999267578125,187.92999267578125,-0.0140601643459874,iShares Core S&P U.S. Growth ETF,Q,True,False,False,False,False,False,False,False,False,,False,,,32221673472.0,Factor / Style,unknown,92.0,True,,False,True,186.0,True,True,False,137.0,,0,0,False,Factor / Style,Factor / Style,Factor / Style,Factor / Style,Factor / Style
2026-08-31,VBR,246.5,246.7700042724609,245.0500030517578,245.2899932861328,222419.0,251,54557155.01670837,69449939.72753525,68015784.97994438,-0.0098494428752577,0.0527568869701196,0.0754463011917978,0.0,0.1321020616923633,0.0850020335847501,-0.0,0.0069692935372237,0.0064130890277503,0.006774621958908,0.4393524407128075,245.35565032958985,232.84931884765624,0.0092662945539587,251.8500061035156,251.8500061035156,0.9739526993908966,2.270001220703125,0.0092543572213936,245.0500030517578,245.0500030517578,245.0500030517578,-0.0009783939049443,Vanguard Morningstar Small-Cap Value ETF,P,True,False,False,False,False,False,False,False,False,,False,,,67781795840.0,Factor / Style,unknown,46.0,True,,False,True,235.0,True,True,False,138.0,,0,0,False,Factor / Style,Factor / Style,Factor / Style,Factor / Style,Factor / Style
2026-08-31,ONEQ,103.75,104.0500030517578,103.41999816894533,103.88999938964844,185336.0,251,19254556.926879883,23236853.593948364,34928143.98499988,0.0178308974259406,-0.0244268868774448,0.1634985127597117,0.1234736663942372,0.0,0.1173788929819038,0.0022016462802804,-0.0,0.0191912744319226,0.0067169460511729,-0.0,102.23639999389648,97.0746331278483,0.0023121951127274,105.87999725341795,106.92064958960168,0.971655146021036,1.2039993286132813,0.0115891744699851,102.08000183105467,102.08000183105467,102.08000183105467,-0.0174222501610111,Fidelity Nasdaq Composite Index ETF,Q,True,False,False,False,False,False,False,False,False,,False,,,10687616000.0,Other,unknown,233.0,True,,False,True,323.0,True,True,False,139.0,,0,0,False,Other,Other,Other,Other,Other
2026-08-31,GSUS,105.9800033569336,106.11000061035156,105.72000122070312,106.0500030517578,333055.0,251,35320483.7664032,8356882.612735748,8496645.829280065,0.0134748057180211,0.0153555497459489,0.1272806041234886,0.1496499487433621,0.0380442011807226,0.1412749383983148,0.0020165039850286,0.0005841896237754,0.0179815595068461,0.0066732690828502,0.119079938368774,104.20272552490236,99.05953745524089,0.0074450617335857,107.66999816894533,107.66999816894533,0.9849540712850616,0.7422996520996094,0.0069995250423267,105.29000091552734,104.95999908447266,104.95999908447266,-0.0102782077880109,Goldman Sachs MarketBeta U.S. Equity ETF,Z,True,False,False,False,False,False,False,False,False,,False,,,3177762560.0,US Equity,unknown,488.0,True,,False,True,457.0,True,True,False,140.0,,0,0,False,US Equity,US Equity,US Equity,US Equity,US Equity
2026-08-31,IOO,144.64999389648438,144.3699951171875,143.66810607910156,144.14999389648438,120014.0,251,17300017.367492676,44712594.40879516,40224720.99723113,0.0073374405882917,0.0058697475672084,0.1411686458007182,0.0760308224702614,0.0131181619724644,0.1339932522159153,0.0005578716427545,7.70002993241199e-05,0.0189156459617548,0.0066705262811748,0.0242149130303951,140.5986004638672,134.021556447347,0.0086700721263801,146.67999267578125,146.67999267578125,0.9827515755002174,1.2090911865234375,0.0083877297101496,142.86000061035156,142.86000061035156,142.86000061035156,-0.0089489652497604,iShares Global 100 ETF,P,True,False,False,False,False,False,False,False,False,,False,,,8474621952.0,Global Equity,unknown,273.0,True,,False,True,306.0,True,True,False,141.0,,0,0,False,Global Equity,Global Equity,Global Equity,Global Equity,Global Equity
2026-08-31,VV,353.67999267578125,353.8500061035156,352.2799987792969,353.4200134277344,284385.0,251,100507350.51864624,80322081.58049774,83073033.75461881,0.0130130947070092,0.0146571053053745,0.1271585953034681,0.1485606492581803,0.0365292795419002,0.1419752985799068,0.0019332337985314,0.000535413496975,0.0180533795352114,0.0066667016103578,0.1077218477114956,347.35057067871094,330.25157572428384,0.0073959253574367,359.2200012207031,359.2200012207031,0.9838539397214544,2.57449951171875,0.0072845323238752,350.9200134277344,349.9700012207031,349.9700012207031,-0.0097617907191231,Vanguard Morningstar Large-Cap ETF,P,True,False,False,False,False,False,False,False,False,,False,,,73819176960.0,Other,unknown,40.0,True,,False,True,207.0,True,True,False,142.0,,0,0,False,Other,Other,Other,Other,Other
2026-08-31,BSCQ,19.530000686645508,19.530000686645508,19.520000457763672,19.524999618530277,1136216.0,251,22184616.966567997,17718103.744503785,16660216.67942374,0.0024080182277315,0.0095652410605642,0.0186992141762345,0.4846567728965884,0.5534985647352892,0.4896585510766208,0.0011670623433285,0.0052943471983693,0.0091562301198064,0.0066460062208723,0.9949169622565152,19.45463230133057,19.30788099924723,0.0014977077977222,19.530000686645508,19.530000686645508,0.9997439289329542,0.0130699391818012,0.0006693951056161,19.49803087329476,19.468126876257905,19.468126876257905,-0.0029128165625361,Invesco BulletShares 2026 Corporate Bond ETF,Q,True,False,False,False,False,False,False,False,False,,False,,,3705947392.0,Bond,unknown,448.0,True,,False,True,412.0,True,True,False,143.0,,0,0,False,Bond,Bond,Bond,Bond,Bond
2026-08-31,MGK,89.9000015258789,90.03500366210938,89.50499725341797,89.9000015258789,1003402.0,251,90205841.33106996,97895549.80111924,129161297.90260024,0.0186969011431037,-0.0224894149233093,0.1604740075543156,0.1392406530247495,0.0,0.1181887114774136,0.0026033687247049,-0.0,0.0189662161784613,0.0066381756624614,-0.0,87.95678115844727,83.71586949666342,0.0044745078498267,91.4000015258789,92.28799613204824,0.974124537250191,1.0382495880126954,0.0115489384915507,88.05000305175781,88.05000305175781,88.05000305175781,-0.020578403144838,Vanguard Morningstar Mega Cap Growth ETF,P,True,False,False,False,False,False,False,False,False,,False,,,33301635072.0,Factor / Style,unknown,89.0,True,,False,True,151.0,True,True,False,144.0,,0,0,False,Factor / Style,Factor / Style,Factor / Style,Factor / Style,Factor / Style
2026-08-31,DFAC,45.52999877929688,45.56499862670898,45.290000915527344,45.380001068115234,1879994.0,251,85314129.72805023,82824974.33416939,92389741.08903857,0.0059853791644974,0.0275848528153666,0.1112504522359019,0.0723860425302132,0.0765741322666991,0.1348097577673246,0.0004332579107607,0.0021122861680413,0.0149976465174272,0.0066221622903263,0.2158361232068145,44.8520401763916,42.55382916768392,0.0084542906809907,46.345001220703125,46.345001220703125,0.9791779021001124,0.3165002822875976,0.006974444134819,45.290000915527344,45.19200134277344,45.19200134277344,-0.0041427880325434,Dimensional U.S. Core Equity 2 ETF,P,True,False,False,False,False,False,False,False,False,,False,,,47398703104.0,Other,unknown,62.0,True,,False,True,191.0,True,True,False,145.0,,0,0,False,Other,Other,Other,Other,Other
2026-08-31,JIVE,98.51000213623048,98.51000213623048,97.75350189208984,97.9499969482422,376603.0,251,36888262.70069885,29276458.20625534,29920216.87923686,0.0216959856271028,0.0521622777611274,0.086642973280191,0.2708336437754128,0.1219488362281456,0.0819724010426642,0.0058760028426872,0.0063611290679787,0.0071023325532526,0.0066205502878246,0.7693241024023935,94.95126052856445,91.24839360555012,0.0108882744033931,98.62000274658205,98.62000274658205,0.9932061875919684,0.73857421875,0.0075403189562146,96.7300033569336,95.9499969482422,95.9499969482422,-0.0204185815447939,JPMorgan International Value ETF,Q,True,False,False,False,False,False,False,False,False,,False,,,3125305856.0,Factor / Style,unknown,493.0,True,,False,True,349.0,True,True,False,146.0,,0,0,False,Factor / Style,Factor / Style,Factor / Style,Factor / Style,Factor / Style
2026-08-31,VIG,242.5,242.8018951416016,241.72999572753903,242.07000732421875,1040685.0,251,251918625.5722046,220820251.5349579,254697349.58474296,0.0079950592401929,0.03814624510507,0.0744076918117377,0.111240379294066,0.1374476755111842,0.1193736846279799,0.0008893734223575,0.0052431127191717,0.0088823203362303,0.0065168353851422,0.3407905734637938,240.292216796875,229.93869303385415,0.0084613025701603,247.4499969482422,247.4499969482422,0.9782582756501356,1.568000030517578,0.0064774651261007,241.72999572753903,240.6999969482422,240.6999969482422,-0.0056595626658598,Vanguard Div Appreciation ETF,P,True,False,False,False,False,False,False,False,False,,False,,,129462992896.0,Other,unknown,20.0,True,,False,True,93.0,True,True,False,147.0,,0,0,False,Other,Other,Other,Other,Other
2026-08-31,BKLC,49.060001373291016,49.09999847412109,48.87009811401367,49.040000915527344,1118832.0,251,54867522.30432129,20607468.124245454,20138362.24013701,0.0142709919996288,0.0145393818428702,0.126653867787331,0.1564635500825222,0.0359085886651706,0.1391964339033463,0.0022328900714612,0.0005220886820414,0.0176297667360623,0.0065097760009487,0.1072711181816979,48.195464553833006,45.81937838236491,0.0073666303715518,49.84000015258789,49.84000015258789,0.9839486509909448,0.3683948516845703,0.0075121297880711,48.70000076293945,48.5099983215332,48.5099983215332,-0.0108075567720131,BNY Mellon US Large Cap Core Equity ETF,P,True,False,False,False,False,False,False,False,False,,False,,,5445539328.0,Factor / Style,unknown,363.0,True,,False,True,399.0,True,True,False,148.0,,0,0,False,Factor / Style,Factor / Style,Factor / Style,Factor / Style,Factor / Style
2026-08-31,FEZ,71.31999969482422,71.37000274658203,70.65499877929688,70.83999633789062,1061660.0,251,75207990.51208496,50634445.71430206,73619378.22392781,0.005250391808973,0.0596571715511731,0.0832915559717282,0.0683907251707088,0.1169020705312588,0.0646574822878451,0.000359078103246,0.0069740468763706,0.005385422304969,0.00641802827638,0.4694484147296529,69.54259994506836,66.47704635620117,0.0117245213060086,72.36000061035156,72.36000061035156,0.9789938604250994,0.5082500457763672,0.0071746198764908,70.65499877929688,70.65499877929688,70.65499877929688,-0.0026114845872006,State Street SPDR EURO STOXX 50 ETF,P,True,False,False,False,False,False,False,False,False,,False,,,4349350400.0,Other,unknown,406.0,True,,False,True,223.0,True,True,False,149.0,,0,0,False,Other,Other,Other,Other,Other
2026-08-31,IBDR,24.239999771118164,24.25,24.239999771118164,24.25,444620.0,251,10782035.0,13242828.364379885,14139478.393314907,0.0033098851242667,0.0095489603673319,0.0192273791401553,0.571422732660318,0.460227555405876,0.5267000898164801,0.0018913436025002,0.0043946946865247,0.0101270623200553,0.0064010233582604,1.0125490996593736,24.15109348297119,23.969989471435547,0.001526264028087,24.25,24.25,1.0,0.0132498741149902,0.0005463865614428,24.200000762939453,24.170000076293945,24.170000076293945,-0.0032989659260228,iShares iBonds Dec 2026 Term Corporate ETF,P,True,False,False,False,False,False,False,False,False,,False,,,3504570624.0,Bond,unknown,460.0,True,,False,True,427.0,True,True,False,150.0,,0,0,False,Bond,Bond,Bond,Bond,Bond
2026-08-31,BBAX,65.12000274658203,65.07499694824219,64.875,65.0199966430664,149579.0,251,9725626.07787323,11262144.12869606,14225954.64136384,0.0207220700834735,0.0639682378870052,0.0413810948106605,0.171428189250768,0.1394824931783959,0.0407766931839766,0.0035523469519373,0.0089224493047082,0.0016873842067113,0.0063901765204093,1.2445465990460118,62.81352020263672,61.448621088663735,0.0160992697420996,65.80000305175781,65.80000305175781,0.9881457998097986,0.5537504196166992,0.0085166171671242,63.970001220703125,63.880001068115234,63.880001068115234,-0.0175329995971744,JPMorgan BetaBuilders Developed Asia Pacific-ex Japan ETF,Z,True,False,False,False,False,False,False,False,False,,False,,,6249870336.0,Country / Region,unknown,341.0,True,,False,True,426.0,True,True,False,151.0,,0,0,False,Country / Region,Country / Region,Country / Region,Country / Region,Country / Region
2026-08-31,BBUS,138.5500030517578,138.5500030517578,138.02000427246094,138.32000732421875,294432.0,251,40725836.396484375,24189228.259033203,24838115.567641485,0.0128881795334672,0.0138430475574384,0.1242336650495701,0.1471577368042336,0.0346718911815861,0.1391253153233356,0.0018965953316716,0.000479964638533,0.0172840478237951,0.0063613937533747,0.0972858882981818,136.0244400024414,129.44089848836262,0.0073593788717083,140.6999969482422,140.6999969482422,0.9830846504929284,0.9875518798828123,0.0071396170300079,137.47999572753906,136.8699951171875,136.8699951171875,-0.0104830258115332,JPMorgan BetaBuilders U.S. Equity ETF,Z,True,False,False,False,False,False,False,False,False,,False,,,8542320128.0,US Equity,unknown,272.0,True,,False,True,374.0,True,True,False,152.0,,0,0,False,US Equity,US Equity,US Equity,US Equity,US Equity
2026-08-31,SPYM,90.31500244140624,90.3949966430664,90.01000213623047,90.27999877929688,22309372.0,251,2014090076.92688,777222124.2177048,1088937213.8566103,0.0122210596261245,0.0138778253392599,0.1236075829112075,0.1402825918325265,0.0348578181253939,0.1394777204848322,0.0017144019192925,0.0004837507116519,0.0172405038990951,0.006348614327257,0.1034390403508268,88.78860000610352,84.4985487874349,0.007333884797819,91.73999786376952,91.73999786376952,0.9840854685146092,0.6570003509521485,0.0072773633123133,89.70999908447266,89.5199966430664,89.5199966430664,-0.0084182780959978,State Street SPDR Portfolio S&P 500 ETF,P,True,False,False,False,False,False,False,False,False,,False,,,153918701568.0,US Equity,unknown,17.0,True,,False,True,28.0,True,True,False,153.0,,0,0,False,US Equity,US Equity,US Equity,US Equity,US Equity
2026-08-31,IVV,771.030029296875,771.6799926757812,768.3900756835938,770.739990234375,6908776.0,251,5324869946.771484,3686003547.488416,5568953755.7643385,0.0123732238999789,0.0141598280623858,0.1238921662663532,0.1429005278552189,0.0351592186485783,0.1388360145723334,0.0017681402265778,0.0004978484908716,0.0172006946011533,0.0063438446294702,0.1079708807583693,757.7865954589844,721.23814453125,0.007328237281162,783.0900268554688,783.0900268554688,0.9842290972971705,5.652499389648438,0.0073338602658071,765.6599731445312,764.1199951171875,764.1199951171875,-0.0085891418650463,iShares Core S&P 500 ETF,P,True,False,False,False,False,False,False,False,False,,False,,,888128929792.0,US Equity,unknown,3.0,True,,False,True,6.0,True,True,False,154.0,,0,0,False,US Equity,US Equity,US Equity,US Equity,US Equity
2026-08-31,VOO,705.3599853515625,705.9400024414062,702.9600219726562,704.8900146484375,5728252.0,251,4037787636.189941,4371986813.241687,5464722699.426886,0.0121912549350042,0.0138286899140491,0.1233909078909214,0.1400760499158133,0.034715338543308,0.1391691970559313,0.001707702834812,0.0004800676519766,0.0171722135751819,0.0063223187250984,0.1027558859377554,693.3776037597656,659.8761539713541,0.0073231782113978,716.3900146484375,716.3900146484375,0.9839472916081284,5.136996459960938,0.0072876567311327,700.469970703125,699.0700073242188,699.0700073242188,-0.0082566176329246,Vanguard S&P 500 ETF,P,True,False,False,False,False,False,False,False,False,,False,,,1670882131968.0,US Equity,unknown,2.0,True,,False,True,7.0,True,True,False,155.0,,0,0,False,US Equity,US Equity,US Equity,US Equity,US Equity
2026-08-31,PBUS,76.94000244140625,77.0199966430664,76.71990203857422,76.86000061035156,98754.0,251,7590232.500274658,13692904.580908203,23950989.53594341,0.0115819586014491,0.0143531121332984,0.1240903066540535,0.1235953370601705,0.0355772499272482,0.1378067777250038,0.001431476077163,0.0005106442576001,0.0171004853069027,0.006317088624856,0.1022264175616811,75.66020050048829,71.94866686503093,0.0074665953766612,78.22000122070312,78.22000122070312,0.982613134887147,0.5395053863525391,0.0070193258140551,76.43000030517578,76.31999969482422,76.31999969482422,-0.0070257729799525,Invesco MSCI USA ETF,Z,True,False,False,False,False,False,False,False,False,,False,,,11176468480.0,Country / Region,unknown,221.0,True,,False,True,376.0,True,True,False,156.0,,0,0,False,Country / Region,Country / Region,Country / Region,Country / Region,Country / Region
2026-08-31,SCHX,30.26000022888184,30.274999618530277,30.151199340820312,30.229999542236328,8405568.0,251,254100316.79223636,200001143.62019235,294564433.4175009,0.0117135338453853,0.015052198005943,0.1224297052036966,0.1310862814489277,0.0380454788416256,0.1384586305381001,0.0015354835944177,0.000572668080755,0.0169514493196871,0.0063052415143812,0.1077193898246647,29.748139915466307,28.29610093434652,0.0075498885231961,30.770000457763672,30.770000457763672,0.9824504092462212,0.219940185546875,0.0072755603333563,30.049999237060547,29.989999771118164,29.989999771118164,-0.0079391258601524,Schwab U.S. Large-Cap ETF,P,True,False,False,False,False,False,False,False,False,,False,,,71641505792.0,Other,unknown,41.0,True,,False,True,82.0,True,True,False,157.0,,0,0,False,Other,Other,Other,Other,Other
2026-08-31,SPY,767.3300170898438,767.9949951171875,764.7150268554688,767.0499877929688,38644504.0,251,29642266321.46533,29781059207.888145,37702672204.88164,0.0123800666442988,0.0138240739904149,0.1234685263623411,0.1406296039399202,0.034188189360469,0.1381235990316955,0.0017410038689375,0.0004726200593174,0.0170539172283063,0.0062760740684635,0.1036319160184912,754.3614013671875,717.9985485839844,0.0072986425330956,779.3699951171875,779.3699951171875,0.9841923509996476,5.611740112304688,0.007316003130971,762.0399780273438,760.52001953125,760.52001953125,-0.0085130934953893,State Street SPDR S&P 500 ETF Trust,P,True,False,False,False,False,False,False,False,False,,False,,,781188857856.0,US Equity,unknown,4.0,True,,False,True,1.0,True,True,False,158.0,,0,0,False,US Equity,US Equity,US Equity,US Equity,US Equity
2026-08-31,SCHK,37.02000045776367,37.02000045776367,36.86009979248047,36.970001220703125,2202106.0,251,81411861.50811768,51432338.87454681,36128019.14354863,0.0125993678531235,0.0155371526711718,0.1230211914184939,0.1402446754195291,0.0388395036892211,0.1361749668429059,0.0017669942550525,0.0006034552984919,0.0167524066623882,0.0062555882758556,0.112441202021867,36.39545341491699,34.5938197072347,0.0074161717184708,37.619998931884766,37.619998931884766,0.9827220167560734,0.2731948852539062,0.0073896369010915,36.77999877929688,36.650001525878906,36.650001525878906,-0.0086556582163437,Schwab 1000 Index ETF,P,True,False,False,False,False,False,False,False,False,,False,,,5700246528.0,Other,unknown,358.0,True,,False,True,315.0,True,True,False,159.0,,0,0,False,Other,Other,Other,Other,Other
2026-08-31,FLOT,51.06999969482422,51.08000183105469,51.04999923706055,51.04999923706055,2694957.0,251,137577552.79391098,93976317.30667248,99019740.45352677,0.0025530454200706,0.0092630817792296,0.0214873796136554,0.5652044116427565,0.5167162383310265,0.4157491548553174,0.0014429925345482,0.0047863847723162,0.0089333599144326,0.0062378260720569,0.8398123950001256,50.86133682250976,50.41228787740072,0.0015824077335961,51.08000183105469,51.08000183105469,0.9994126352208568,0.0299999237060546,0.0005876576719765,50.95000076293945,50.900001525878906,50.900001525878906,-0.002938250997519,iShares Floating Rate Bond ETF,Z,True,False,False,False,False,False,False,False,False,,False,,,9968492544.0,Bond,unknown,249.0,True,,False,True,182.0,True,True,False,160.0,,0,0,False,Bond,Bond,Bond,Bond,Bond
2026-08-31,XT,82.41999816894531,82.7750015258789,82.4000015258789,82.74669647216797,62479.0,251,5169930.848884583,5604714.30024147,6783553.0338983685,0.030212858398456,-0.0074761129520374,0.1542001209136441,0.1888674201443855,0.0,0.1144552988891962,0.005706224620904,-0.0,0.0176490209279213,0.0061771573247724,-0.0,81.53215377807618,76.6776714070638,0.0048052591954266,83.88999938964844,83.88999938964844,0.9863714039122816,0.9016002655029296,0.0108959064704919,81.80000305175781,81.0199966430664,81.0199966430664,-0.0208672962513052,iShares Future Exponential Technologies ETF,Q,True,False,False,False,False,False,False,False,False,,False,,,3962071552.0,Other,unknown,429.0,True,,False,True,461.0,True,True,False,161.0,,0,0,False,Other,Other,Other,Other,Other
2026-08-31,ITOT,168.07000732421875,168.1199951171875,167.4199981689453,167.9199981689453,5505845.0,251,924541482.3184968,291187520.2341652,298605732.1797023,0.0115662540297909,0.0151560268496691,0.1227048924275604,0.1229193754634057,0.0373051656048366,0.1349308321291269,0.001421716721793,0.0005653980915382,0.0165566732415657,0.0061623443940478,0.1059582138797747,165.5013998413086,157.24819264729817,0.00732483417747,171.02999877929688,171.02999877929688,0.9818160519642825,1.242499542236328,0.0073993541911919,167.1300048828125,166.63999938964844,166.63999938964844,-0.007622670279028,iShares Core S&P Total U.S. Stock Market ETF,P,True,False,False,False,False,False,False,False,False,,False,,,94139031552.0,Other,unknown,33.0,True,,False,True,80.0,True,True,False,162.0,,0,0,False,Other,Other,Other,Other,Other
2026-08-31,VONE,347.2900085449219,347.6400146484375,346.1737060546875,347.1700134277344,144512.0,251,50170232.98046875,25736430.298468016,30880845.03430757,0.0129843959826714,0.016761086236938,0.120030950321367,0.1415848948148263,0.0423661345635112,0.1355056789466447,0.0018383943394405,0.0007101024349447,0.0162648754179078,0.0061542729789818,0.1278226941898601,341.59179931640625,325.0385038248698,0.0076452352198603,353.239990234375,353.239990234375,0.98281628078799,2.57181396484375,0.0074079380861593,345.3500061035156,344.3900146484375,344.3900146484375,-0.008007600517824,Vanguard Russell 1000 ETF,Q,True,False,False,False,False,False,False,False,False,,False,,,11460844544.0,US Equity,unknown,215.0,True,,False,True,345.0,True,True,False,163.0,,0,0,False,US Equity,US Equity,US Equity,US Equity,US Equity
2026-08-31,VTI,378.4800109863281,378.5750122070313,376.9692993164063,378.1499938964844,3183344.0,251,1203781514.1704102,1161483090.944879,1213911982.653826,0.0115289899443991,0.0156340621464277,0.1218031641876713,0.124171777846552,0.0387581809178396,0.1345810206524801,0.001431575178171,0.0006059478091519,0.0163923941550784,0.0061312040302262,0.110801159479768,372.662036743164,354.12371846516925,0.0074104899459788,385.1199951171875,385.1199951171875,0.9819017415115456,2.7945343017578126,0.0073900154617556,376.3900146484375,375.2999877929688,375.2999877929688,-0.0075367080510804,Vanguard Morningstar Total Stock Market ETF,P,True,False,False,False,False,False,False,False,False,,False,,,2297940410368.0,US Equity,unknown,1.0,True,,False,True,26.0,True,True,False,164.0,,0,0,False,US Equity,US Equity,US Equity,US Equity,US Equity
2026-08-31,IWV,436.80999755859375,436.80999755859375,434.9599914550781,436.1400146484375,483880.0,251,211039430.28808597,67077584.44546509,79984004.99499124,0.0117849420466189,0.0165679661045281,0.1198613110025073,0.1269367032236319,0.0419636874774458,0.1349135166824881,0.0014959416910793,0.0006952529517473,0.0161709109815216,0.0061117332621683,0.1228278484370128,429.725,408.5926993815104,0.0076042783071228,443.9100036621094,443.9100036621094,0.9824964768769072,3.15450439453125,0.0072327791273039,434.1400146484375,432.7000122070313,432.7000122070313,-0.0078873809461834,iShares Russell 3000 Fund,P,True,False,False,False,False,False,False,False,False,,False,,,19473276928.0,US Equity,unknown,138.0,True,,False,True,211.0,True,True,False,165.0,,0,0,False,US Equity,US Equity,US Equity,US Equity,US Equity
2026-08-31,RECS,45.290000915527344,45.290000915527344,45.07500076293945,45.220001220703125,357937.0,251,16185911.576934814,16428248.13202362,18375966.46126181,0.0240036543694222,0.0288964831790081,0.1034651470431766,0.25728242985618,0.0800252390195241,0.1271518028647195,0.0061757185215928,0.0023124479732237,0.0131557799802032,0.0061076141756665,0.2821207049310925,44.36979988098145,42.40051322937012,0.0091109260670192,45.77999877929688,45.77999877929688,0.98776763710079,0.3337499618530273,0.0073805827696489,44.91999816894531,44.29499816894531,44.29499816894531,-0.0204556175760188,Columbia Research Enhanced Core ETF,P,True,False,False,False,False,False,False,False,False,,False,,,5762415616.0,Other,unknown,357.0,True,,False,True,405.0,True,True,False,166.0,,0,0,False,Other,Other,Other,Other,Other
2026-08-31,SCHB,29.61000061035156,29.649999618530277,29.51000022888184,29.600000381469727,6648908.0,251,196807679.33635712,169369052.7520275,224204186.55444556,0.0112743395471497,0.0146378181840529,0.1221498438462267,0.1200002219464845,0.0361165053555464,0.1342461681994928,0.0013529232479579,0.0005286668388378,0.0163981484825223,0.0060829854141274,0.0998282679961223,29.177978897094725,27.726147219340007,0.0072526535253818,30.149999618530277,30.149999618530277,0.9817579023542502,0.2229998588562011,0.0075337789183206,29.459999084472656,29.3700008392334,29.3700008392334,-0.0077702547051422,Schwab U.S. Broad Market ETF,P,True,False,False,False,False,False,False,False,False,,False,,,43229065216.0,Other,unknown,72.0,True,,False,True,107.0,True,True,False,167.0,,0,0,False,Other,Other,Other,Other,Other
2026-08-31,IWB,420.0700073242188,420.3200073242188,418.5600891113281,419.8800048828125,1112657.0,251,467182426.5928955,234087852.6168762,232212770.61360484,0.0127596145388191,0.0164870546035054,0.119651857712888,0.1388088780410461,0.0412336998838523,0.1345929661231602,0.0017711477783697,0.0006798222614896,0.0161042984317239,0.0060783889210716,0.1265010556137097,413.05,393.1272328694661,0.0075904845547833,426.9200134277344,426.9200134277344,0.9835097715649408,3.0689926147460938,0.0073092135349542,417.5499877929688,416.0400085449219,416.0400085449219,-0.0091454613061708,iShares Russell 1000 ETF,P,True,False,False,False,False,False,False,False,False,,False,,,48330235904.0,US Equity,unknown,59.0,True,,False,True,103.0,True,True,False,168.0,,0,0,False,US Equity,US Equity,US Equity,US Equity,US Equity
2026-08-31,DFAU,53.060001373291016,53.053199768066406,52.84000015258789,52.959999084472656,413997.0,251,21925280.740974423,26422323.287842177,30888066.803218417,0.0095310714587486,0.0177032914801178,0.1174342376382471,0.1101321363812814,0.0458239804485969,0.1347933206899559,0.0010496772617546,0.0008112352826607,0.0158293508539527,0.0060675757326129,0.1296398109712555,52.23869987487793,49.65739379882813,0.0076483772580369,53.95000076293945,53.95000076293945,0.9816496447735572,0.3736505508422851,0.007055335296481,52.77000045776367,52.70000076293945,52.70000076293945,-0.0049093339506766,Dimensional US Core Equity Market ETF,P,True,False,False,False,False,False,False,False,False,,False,,,12301299712.0,Other,unknown,202.0,True,,False,True,344.0,True,True,False,169.0,,0,0,False,Other,Other,Other,Other,Other
2026-08-31,IJT,170.5399932861328,170.5399932861328,169.10000610351562,169.64999389648438,115641.0,251,19618494.94418335,36610711.62167511,34949985.985616535,-0.0350378462411181,0.0459115480742673,0.1097425375577518,0.0,0.085098436358995,0.0918314250334049,-0.0,0.0039070009519409,0.0100778136107103,0.0060667853825102,0.2905979391169887,174.3556002807617,161.26846303304038,0.0077987161928887,179.67999267578125,179.67999267578125,0.9441785441443376,1.7609962463378903,0.0103801727656553,169.10000610351562,169.10000610351562,169.10000610351562,-0.003241896921637,iShares S&P SmallCap 600 Growth ETF,Q,True,False,False,False,False,False,False,False,False,,False,,,8216008192.0,Factor / Style,unknown,278.0,True,,False,True,322.0,True,True,False,170.0,,0,0,False,Factor / Style,Factor / Style,Factor / Style,Factor / Style,Factor / Style
2026-08-31,SLYG,114.05999755859376,113.87000274658205,112.88999938964844,113.22000122070312,121467.0,251,13752493.888275146,14638187.443093872,13996824.568276055,-0.0349471401703556,0.0455031444059559,0.1099014691338735,0.0,0.0846004663611907,0.0925380480785162,-0.0,0.0038495872376444,0.0101700674346099,0.0060617553065823,0.2853987217710675,116.341199798584,107.61272252400715,0.0077632380467806,119.83999633789062,119.83999633789062,0.9447597186291434,1.1479988098144531,0.0101395406945511,112.88999938964844,112.88999938964844,112.88999938964844,-0.0029146955263796,State Street SPDR S&P 600 Small Cap Growth ETF,P,True,False,False,False,False,False,False,False,False,,False,,,5195253248.0,Factor / Style,unknown,370.0,True,,False,True,429.0,True,True,False,171.0,,0,0,False,Factor / Style,Factor / Style,Factor / Style,Factor / Style,Factor / Style
2026-08-31,DFUS,83.76000213623047,83.76000213623047,83.43000030517578,83.62999725341797,387409.0,251,32399013.6059494,40670696.58224449,56966821.06074488,0.0101461085711025,0.0146951689015497,0.1228282212441205,0.1088077985840162,0.0353481969633981,0.1331482965713789,0.001103975737816,0.0005194477247423,0.0163543684295471,0.006061669971424,0.0967129758037659,82.49542037963867,78.3513383992513,0.0071449409475892,85.2699966430664,85.2699966430664,0.9807669818903202,0.6138504028320313,0.0073400744110026,83.25,83.16999816894531,83.16999816894531,-0.0055004077433932,Dimensional U.S. Equity Market ETF,P,True,False,False,False,False,False,False,False,False,,False,,,21026164736.0,US Equity,unknown,129.0,True,,False,True,261.0,True,True,False,172.0,,0,0,False,US Equity,US Equity,US Equity,US Equity,US Equity
2026-08-31,PSI,132.36000061035156,133.44000244140625,131.02000427246094,131.82000732421875,397589.0,251,52410184.89202881,51707335.54846497,66735264.3990372,-0.0522001323788801,-0.141887392484568,0.3078970115559247,0.0,0.0,0.0561696735363571,-0.0,-0.0,0.0172944746219162,0.0060530661176707,-0.0,150.05159973144532,130.2379537455241,-0.0315796347306708,158.63999938964844,189.2400054931641,0.6965757952748554,6.008502960205078,0.0455811153569945,131.02000427246094,131.02000427246094,131.02000427246094,-0.0060689046222714,Invesco Semiconductors ETF,P,True,False,False,False,False,False,False,False,False,,False,,,3097870848.0,Other,unknown,496.0,True,,False,True,237.0,True,True,False,173.0,,0,0,False,Other,Other,Other,Other,Other
2026-08-31,VTHR,339.17999267578125,339.17999267578125,337.6199951171875,338.6099853515625,20200.0,251,6839921.7041015625,7234520.859985352,9283453.667922247,0.0115913549364798,0.0171035082074508,0.1193465572510952,0.1195307483375656,0.042562850133746,0.1318872971124166,0.0013855233298037,0.000727974056595,0.0157402948555192,0.0059822863362184,0.1284561072045272,333.633798828125,317.1463926188151,0.0075989678305132,344.5599975585937,344.5599975585937,0.9827315641711444,2.504501342773437,0.0073964190399557,337.25,335.54998779296875,335.54998779296875,-0.0090369383390058,Vanguard Russell 3000 ETF,Q,True,False,False,False,False,False,False,False,False,,False,,,6104798208.0,US Equity,unknown,346.0,True,,False,True,455.0,True,True,False,174.0,,0,0,False,US Equity,US Equity,US Equity,US Equity,US Equity
2026-08-31,EWC,61.810001373291016,61.810001373291016,61.20000076293945,61.43000030517578,1512535.0,251,92915025.51158904,104679250.42700005,98019154.74194178,0.0298407164084417,0.0512493238543909,0.0611906127878445,0.2816457300687853,0.1337498513530872,0.0711113248600922,0.0084045103586311,0.006854589447471,0.0043513455443445,0.0059784540813767,0.5833398672908962,59.854199981689455,57.7502729288737,0.0129992321412819,62.709999084472656,62.709999084472656,0.9795886015311104,0.5999994277954102,0.0097672053526728,61.20000076293945,59.54999923706055,59.54999923706055,-0.0306039566787506,iShares MSCI Canada Index Fund,P,True,False,False,False,False,False,False,False,False,,False,,,5956639232.0,Country / Region,unknown,348.0,True,,False,True,184.0,True,True,False,175.0,,0,0,False,Country / Region,Country / Region,Country / Region,Country / Region,Country / Region
2026-08-31,GNR,78.37999725341797,78.52999877929688,77.5999984741211,78.05999755859375,245076.0,251,19130631.96166992,17926923.7363739,17558386.926848397,0.0835646386252177,0.065374657226501,0.0409148552060849,0.5626162680012635,0.1266861198454911,0.0413091730677318,0.0470148251201942,0.0082820616602544,0.0016901588347493,0.0059748956713276,1.6434189738184992,72.11240005493164,72.32056727091471,0.0196744910495565,79.48999786376953,79.48999786376953,0.9820103114403586,0.9430011749267578,0.0120804663645924,75.0,72.0,72.0,-0.0776325614671582,State Street SPDR S&P Global Natural Resources ETF,P,True,False,False,False,False,False,False,False,False,,False,,,4480049664.0,Global Equity,unknown,401.0,True,,False,True,408.0,True,True,False,176.0,,0,0,False,Global Equity,Global Equity,Global Equity,Global Equity,Global Equity
2026-08-31,SPTM,93.01000213623048,93.0977020263672,92.6999969482422,92.91999816894533,335935.0,251,31215079.584884644,45249025.64134598,45397407.20771305,0.0097804994426362,0.0147705349179112,0.1184116642659354,0.1092233122074747,0.0375294238939696,0.1347214981314103,0.001068258544168,0.0005543296660749,0.0159525968061404,0.0059437231650978,0.1088714817954174,91.61639999389648,87.1735178120931,0.0071688147430841,94.62000274658205,94.62000274658205,0.9820333488872348,0.656500244140625,0.0070652201579577,92.5,92.37999725341795,92.37999725341795,-0.005811460677663,State Street SPDR Portfolio S&P 1500 Composite Stock Market ETF,P,True,False,False,False,False,False,False,False,False,,False,,,13582209024.0,Other,unknown,190.0,True,,False,True,287.0,True,True,False,177.0,,0,0,False,Other,Other,Other,Other,Other
2026-08-31,IWR,111.83999633789062,111.93000030517578,111.42060089111328,111.68000030517578,1025671.0,251,114546937.59300996,136466791.53529778,202784260.32573047,0.0054014985976833,0.0418464657832278,0.0880682829676648,0.0468017541656673,0.1039707838472249,0.1003858995264923,0.0002527996094949,0.0043508098487182,0.0088408138054627,0.0059223112335788,0.2867802022615128,111.0818000793457,105.12684783935546,0.0100318838788793,114.97000122070312,114.97000122070312,0.971383831603066,0.927968978881836,0.008309177796795,111.42060089111328,111.19000244140624,111.19000244140624,-0.0043875166764915,iShares Russell Mid-Cap ETF,P,True,False,False,False,False,False,False,False,False,,False,,,56977440768.0,Other,unknown,51.0,True,,False,True,113.0,True,True,False,178.0,,0,0,False,Other,Other,Other,Other,Other
2026-08-31,VUG,88.36000061035156,88.36000061035156,87.87999725341797,88.23999786376953,4401380.0,251,388377761.79763794,493040769.696022,621330302.2232589,0.0133210382214434,-0.0216208241659752,0.1479172313638515,0.1024730124004456,0.0,0.1137409832772591,0.0013650469148527,-0.0,0.0168242513389743,0.005888487968641,-0.0,86.51253707885742,82.59151255289713,0.0047013450831525,90.0199966430664,90.4996337030468,0.9750315471254644,0.9849994659423827,0.0111627322052193,86.6500015258789,86.6500015258789,86.6500015258789,-0.0180189979191223,Vanguard Morningstar Growth ETF,P,True,False,False,False,False,False,False,False,False,,False,,,379207221248.0,Factor / Style,unknown,8.0,True,,False,True,46.0,True,True,False,179.0,,0,0,False,Factor / Style,Factor / Style,Factor / Style,Factor / Style,Factor / Style
2026-08-31,GSLC,146.5,146.38999938964844,145.9149932861328,146.33999633789062,226650.0,251,33167960.16998291,37507853.16314697,43200675.13151623,0.0116133874827302,0.0188357177603062,0.11178762639354,0.1320745663491759,0.0514560072251135,0.1338954602737154,0.0015338331156265,0.0009692108291645,0.0149678556888691,0.0058687365300611,0.1478017486410812,143.91601470947265,137.30790654500325,0.0082922407339902,148.93499755859375,148.93499755859375,0.982576283189032,1.0292015075683594,0.0070329474738539,145.625,145.0800018310547,145.0800018310547,-0.0086100487793281,Goldman Sachs ActiveBeta U.S. Large Cap Equity ETF,P,True,False,False,False,False,False,False,False,False,,False,,,15385732096.0,Factor / Style,unknown,166.0,True,,False,True,294.0,True,True,False,180.0,,0,0,False,Factor / Style,Factor / Style,Factor / Style,Factor / Style,Factor / Style
2026-08-31,FBCG,61.4900016784668,61.68999862670898,61.27000045776367,61.61000061035156,415819.0,251,25618608.843795776,34874968.20282898,37422249.0398981,0.0083470073480687,-0.028693042504616,0.161138315412189,0.0531805970018639,0.0,0.1037369356931998,0.0004438988339492,-0.0,0.0167159950636248,0.0058505982722686,-0.0,61.23270004272461,57.86983339945476,0.0010168289584764,63.56499862670898,64.31999969482422,0.957866929456924,0.8393495559692383,0.0136235927228381,60.5989990234375,60.5989990234375,60.5989990234375,-0.0164096993491053,Fidelity Blue Chip Growth ETF,Z,True,False,False,False,False,False,False,False,False,,False,,,6965341696.0,Factor / Style,unknown,312.0,True,,False,True,311.0,True,True,False,181.0,,0,0,False,Factor / Style,Factor / Style,Factor / Style,Factor / Style,Factor / Style
2026-08-31,QUAL,223.3800048828125,223.3800048828125,222.0800018310547,222.6199951171875,834400.0,251,185754123.92578125,189162905.99205017,254791794.49741423,0.003968564996047,0.0326289428650579,0.0930375757644774,0.0524427227549456,0.0941779870431263,0.1168120148157192,0.0002081223538226,0.0030729281583763,0.0108679066786187,0.0058011706404611,0.2712769086411111,220.3646005249024,209.6840185546875,0.0077983337162859,227.32000732421875,227.32000732421875,0.9793242475118884,1.5659996032714845,0.007034406781148,222.0800018310547,221.92999267578125,221.92999267578125,-0.0030994630156335,iShares MSCI USA Quality Factor ETF,Z,True,False,False,False,False,False,False,False,False,,False,,,45917487104.0,Country / Region,unknown,66.0,True,,False,True,92.0,True,True,False,182.0,,0,0,False,Country / Region,Country / Region,Country / Region,Country / Region,Country / Region
2026-08-31,MLPX,75.63999938964844,76.11000061035156,75.26000213623047,76.0,351342.0,251,26701992.0,28255611.806993105,31277795.73237392,0.0340278807875595,0.0660362144055644,0.0658932877478049,0.1612309529512504,0.1048205077331728,0.0553674059704616,0.0054863476462897,0.0069219495227679,0.0036483404134611,0.0057761863345105,7.128370701438929,74.29754302978516,71.94734911600749,0.0073109218474307,76.66000366210938,77.54653107216272,0.980056734314478,1.273442913591203,0.0167558278104105,73.61000061035156,72.09372899927489,72.09372899927489,-0.0513983026411198,Global X MLP & Energy Infrastructure ETF,P,True,False,False,False,False,False,False,False,False,,False,,,3484022272.0,REIT / Infra,unknown,463.0,True,,False,True,341.0,True,True,False,183.0,,0,0,False,REIT / Infra,REIT / Infra,REIT / Infra,REIT / Infra,REIT / Infra
2026-08-31,INTF,43.11000061035156,43.150001525878906,42.84999847412109,42.88999938964844,166446.0,251,7138868.838409424,9708104.117484285,10360502.132626249,0.0182811129461064,0.0529018922790824,0.0667999831867853,0.2064348866582463,0.1241432749334793,0.0642807023310447,0.003773859479016,0.0065674141577034,0.0042939498349485,0.0057717016447392,0.7777277905926908,41.91832008361816,40.53438026428223,0.0109952209559294,43.40999984741211,43.40999984741211,0.988021182686213,0.3083503723144531,0.0071893303031585,42.70000076293945,42.28499984741211,42.28499984741211,-0.0141058417077605,iShares International Equity Factor ETF,P,True,False,False,False,False,False,False,False,False,,False,,,3470813184.0,Factor / Style,unknown,466.0,True,,False,True,451.0,True,True,False,184.0,,0,0,False,Factor / Style,Factor / Style,Factor / Style,Factor / Style,Factor / Style
2026-08-31,VO,82.13999938964844,82.30000305175781,81.8550033569336,82.05999755859375,2274274.0,251,186626918.88757324,199948879.7557953,232601280.9897689,0.0034238051293264,0.0395303571930798,0.0803090939862065,0.0344825642249503,0.1106657543075283,0.101590111731297,0.0001180615802657,0.0043746567968182,0.0081586098310979,0.0056990403588161,0.2911335814614696,81.54309387207032,77.49965983072917,0.0091855344760949,84.58999633789062,84.58999633789062,0.9700910404441808,0.66875,0.0081495249804569,81.8550033569336,81.69000244140625,81.69000244140625,-0.0045088365609968,Vanguard Morningstar Mid-Cap ETF,P,True,False,False,False,False,False,False,False,False,,False,,,223974162432.0,Other,unknown,11.0,True,,False,True,102.0,True,True,False,185.0,,0,0,False,Other,Other,Other,Other,Other
2026-08-31,MSLC,60.68999862670898,60.65999984741211,60.52000045776367,60.63999938964844,77092.0,251,4674858.832946777,3906756.4743621824,4787025.72896467,0.0093208645393931,0.0186460714448661,0.1108261443515263,0.1113313807366375,0.0495093810561706,0.1301466408545981,0.0010377047188298,0.0009231554563644,0.0144236504062179,0.0056483286888131,0.1562288416156529,59.60250015258789,56.9278466796875,0.0081664836486683,61.67599868774414,61.67599868774414,0.9832025533410362,0.4077495574951172,0.0067241022691158,60.29999923706055,60.130001068115234,60.130001068115234,-0.0084102626429158,Morgan Stanley Pathway Large Cap Equity ETF,P,True,False,False,False,False,False,False,False,False,,False,,,3979997184.0,Factor / Style,unknown,425.0,True,,False,True,465.0,False,False,False,186.0,,0,0,False,Factor / Style,Factor / Style,Factor / Style,Factor / Style,Factor / Style
2026-08-31,USCA,45.61000061035156,45.55680084228516,45.4900016784668,45.55680084228516,3542.0,251,161362.18858337402,26333.244412231445,5138882.542641291,0.0142666415275094,0.0160523005092749,0.115620405662755,0.1513035113381707,0.0389595854828128,0.1293611065064971,0.0021585929581151,0.0006253909738868,0.014956783611264,0.0056413783969689,0.1246791983247359,44.59415626525879,42.66448041280111,0.0085676424602412,46.709999084472656,46.709999084472656,0.9753115336161322,0.3040494918823242,0.0066740746992951,45.15599822998047,45.15599822998047,45.15599822998047,-0.0087978656291569,Xtrackers MSCI USA Climate Action Equity ETF,P,True,False,False,False,False,False,False,False,False,,False,,,3158330624.0,Country / Region,unknown,491.0,True,,False,True,464.0,False,False,False,187.0,,0,0,False,Country / Region,Country / Region,Country / Region,Country / Region,Country / Region
2026-08-31,SPYI,53.650001525878906,53.685001373291016,53.540000915527344,53.650001525878906,2082535.0,251,111728005.92769624,134933060.4613514,141440575.71261027,0.0137213241695901,0.0238170981507119,0.0942012652845762,0.261656795461949,0.0725019800141559,0.1358443939593,0.0035902777117095,0.0017267867741181,0.0127967137927825,0.0056012612306506,0.3514780682294355,52.63634536743164,50.63900113423665,0.0078597181147188,53.959999084472656,53.959999084472656,0.9942550488537174,0.2379907023650059,0.0044359868703863,53.27000045776367,53.05251366520823,53.05251366520823,-0.0111367724823356,NEOS S&P 500 High Income ETF,Z,True,False,False,False,False,False,False,False,False,,False,,,10406321152.0,Bond,unknown,241.0,True,,False,True,144.0,True,True,False,188.0,,0,0,False,Bond,Bond,Bond,Bond,Bond
2026-08-31,DFAS,82.05000305175781,81.97000122070312,81.43009948730469,81.62999725341797,346287.0,251,28267406.85889435,34128281.69838295,37840272.29006437,-0.0081410179039541,0.0425855488854531,0.0897043407162687,0.0,0.0935841708061173,0.0886436556724355,-0.0,0.0039853332807685,0.0079517206907757,0.005373568874271,0.2925941067930843,81.9333999633789,77.35301193237305,0.0088121478839966,84.5199966430664,84.5199966430664,0.9658069154705116,0.7626945495605468,0.0093433122041249,81.43009948730469,81.43009948730469,81.43009948730469,-0.0024488273041674,Dimensional U.S. Small Cap ETF,P,True,False,False,False,False,False,False,False,False,,False,,,15242885120.0,Factor / Style,unknown,169.0,True,,False,True,310.0,True,True,False,189.0,,0,0,False,Factor / Style,Factor / Style,Factor / Style,Factor / Style,Factor / Style
2026-08-31,TSPA,48.27999877929688,48.34999847412109,48.165000915527344,48.290000915527344,245577.0,251,11858913.554832458,15830968.302119829,22859734.285168,0.0100397307770101,0.0104624396405388,0.1180829463065664,0.1021277113812065,0.0237191973634398,0.1233374807616003,0.0010253347271395,0.000248160670737,0.0145640531183592,0.0052587230274047,0.0779787603361802,47.65360000610352,45.40798670450847,0.006088860949299,49.16999816894531,49.16999816894531,0.9821029634698308,0.3805496215820312,0.0078805055781158,47.97999954223633,47.97999954223633,47.97999954223633,-0.0064195768774842,T. Rowe Price U.S. Equity Research ETF,P,True,False,False,False,False,False,False,False,False,,False,,,4062119424.0,US Equity,unknown,419.0,True,,False,True,381.0,True,True,False,190.0,,0,0,False,US Equity,US Equity,US Equity,US Equity,US Equity
2026-08-31,BAI,44.0099983215332,44.29499816894531,43.77000045776367,44.09999847412109,1977387.0,251,87202763.68274689,115427054.86941338,168731115.4001357,0.0310965162993352,-0.1346153990109034,0.248584339047531,0.0773704550674562,0.0,0.0603436389682131,0.0024059516170921,-0.0,0.0150004836086361,0.0052501692630226,-0.0,45.52019996643067,41.85606662750244,-0.0200087874627992,48.29999923706055,54.459999084472656,0.8097686231268162,1.378499984741211,0.0312585041369139,42.470001220703125,42.470001220703125,42.470001220703125,-0.0369613902452737,iShares A.I. Innovation and Tech Active ETF,P,True,False,False,False,False,False,False,False,False,,False,,,15693548544.0,Industry / Theme,unknown,163.0,True,,False,True,125.0,True,True,False,191.0,,0,0,False,Industry / Theme,Industry / Theme,Industry / Theme,Industry / Theme,Industry / Theme
2026-08-31,MTUM,299.54998779296875,300.7926940917969,298.0,300.3599853515625,594594.0,251,178592245.13012695,355763970.35220945,509096368.0742653,-0.0047054590545375,-0.0512358125610136,0.1862884086671334,0.0,0.0,0.0792823151150473,-0.0,-0.0,0.0147693763182283,0.0051692817113799,-0.0,312.63660095214846,286.5228233846029,-0.0105480813576172,324.0400085449219,345.5899963378906,0.869122337262026,6.407133483886719,0.0213315148367295,297.2099914550781,297.2099914550781,297.2099914550781,-0.0104873952926765,iShares MSCI USA Momentum Factor ETF,Z,True,False,False,False,False,False,False,False,False,,False,,,29047369728.0,Country / Region,unknown,96.0,True,,False,True,58.0,True,True,False,192.0,,0,0,False,Country / Region,Country / Region,Country / Region,Country / Region,Country / Region
2026-08-31,AIA,139.1199951171875,139.6300048828125,138.17999267578125,138.64999389648438,61248.0,251,8492034.826171875,54387632.59984436,63504509.83919852,0.0347786268548071,-0.0587228765195094,0.1971645857137729,0.1502251185358662,0.0,0.0748281264473323,0.005224623341778,-0.0,0.0147534565507261,0.0051637097927541,-0.0,136.38920104980468,126.05198979695638,-0.0027492400282964,142.11000061035156,150.82000732421875,0.9193076990006211,2.480500030517578,0.0178903724465326,134.75999450683594,132.27999877929688,132.27999877929688,-0.0459429888034709,iShares Asia 50 ETF,Q,True,False,False,False,False,False,False,False,False,,False,,,5221864448.0,Country / Region,unknown,368.0,True,,False,True,243.0,True,True,False,193.0,,0,0,False,Country / Region,Country / Region,Country / Region,Country / Region,Country / Region
2026-08-31,CGUS,45.2400016784668,45.290000915527344,44.9900016784668,45.060001373291016,1300923.0,251,58619592.16654587,55530137.49424114,49755864.11438031,-0.0061755354731928,0.0169986088407747,0.1099449002730461,0.0,0.0410471786314751,0.1216638142771566,-0.0,0.0006977449335738,0.0133763159275403,0.0051352447814621,0.0965246722430322,44.764058914184574,42.50274286905925,0.0072942492666208,46.79600143432617,46.79600143432617,0.9629028120389416,0.3621500015258789,0.0080370614844352,44.90999984741211,44.90999984741211,44.90999984741211,-0.0033289285687376,Capital Group Core Equity ETF,P,True,False,False,False,False,False,False,False,False,,False,,,11122103296.0,Other,unknown,225.0,True,,False,True,278.0,True,True,False,194.0,,0,0,False,Other,Other,Other,Other,Other
2026-08-31,URTH,209.1499938964844,209.35499572753903,208.2700042724609,208.82000732421875,568785.0,251,118773687.86590576,92641001.33207704,121436425.57043166,0.0144279870422234,0.0236485427668897,0.1053552824077137,0.163097616238537,0.0576881004596487,0.1149375040918917,0.0023531702937071,0.0013642395108606,0.012109273202839,0.005125001303053,0.2374218488393088,205.10779998779296,195.97955627441405,0.0082824646414394,211.94000244140625,211.94000244140625,0.9852788757136584,1.4484977722167969,0.0069365851997496,207.72000122070312,206.72999572753903,206.72999572753903,-0.0100086750472845,iShares MSCI World ETF,P,True,False,False,False,False,False,False,False,False,,False,,,8064359424.0,Country / Region,unknown,283.0,True,,False,True,156.0,True,True,False,195.0,,0,0,False,Country / Region,Country / Region,Country / Region,Country / Region,Country / Region
2026-08-31,JTEK,100.52999877929688,101.4000015258789,100.41000366210938,101.31999969482422,479863.0,251,48619719.01355744,23058747.16665077,29903931.805074178,0.0438904001997193,-0.0779031468198137,0.1932634003646582,0.1490970205268851,0.0,0.0753304929508134,0.0065439278995107,-0.0,0.0145586272188201,0.005095519526587,-0.0,101.14712005615236,94.81782653808594,-0.0089095797553286,105.13999938964844,111.81999969482422,0.9060990875634388,2.04315071105957,0.0201653248836709,97.4499969482422,97.4499969482422,97.4499969482422,-0.0381958424618879,JPMorgan U.S. Tech Leaders ETF,Q,True,False,False,False,False,False,False,False,False,,False,,,4632256512.0,Other,unknown,394.0,True,,False,True,350.0,True,True,False,196.0,,0,0,False,Other,Other,Other,Other,Other
2026-08-31,SMMD,90.75,90.27999877929688,89.9000015258789,90.23999786376952,469791.0,251,42393938.83641815,23888225.168902207,21349303.950036302,-0.0039735167374687,0.0248712838686757,0.1181265174266732,0.0,0.052282339972456,0.1024213584708203,-0.0,0.0013003289187735,0.0120986783862669,0.0050797512323962,0.1399342234938977,90.79099990844726,84.96441467285156,0.0070026457687133,93.41999816894533,93.41999816894533,0.9659601758991162,0.9443485260009764,0.0104648553674237,89.9000015258789,89.9000015258789,89.9000015258789,-0.0037676900037597,iShares Russell 2500 ETF,Z,True,False,False,False,False,False,False,False,False,,False,,,3622894592.0,Other,unknown,453.0,True,,False,True,387.0,True,True,False,197.0,,0,0,False,Other,Other,Other,Other,Other
2026-08-31,IVLU,44.38999938964844,44.399898529052734,44.095001220703125,44.15999984741211,453857.0,251,20042325.05074692,29486764.17871533,34710746.24826358,0.0112205564234542,0.049131066536199,0.0686055753355234,0.1480370406652107,0.1098928720854428,0.0651996227380755,0.0016610579675451,0.0053991540102839,0.0044730576296047,0.0050750202770462,0.6877668257440562,43.109399948120114,41.54588478088379,0.0110114516694022,44.630001068115234,44.630001068115234,0.9894689399629232,0.297494888305664,0.0067367502113589,43.8650016784668,43.70000076293945,43.70000076293945,-0.0104166459706094,iShares MSCI Intl Value Factor ETF,P,True,False,False,False,False,False,False,False,False,,False,,,4248612352.0,Country / Region,unknown,410.0,True,,False,True,326.0,True,True,False,198.0,,0,0,False,Country / Region,Country / Region,Country / Region,Country / Region,Country / Region
2026-08-31,BLCR,49.34000015258789,49.34000015258789,48.9900016784668,49.18000030517578,340478.0,251,16744708.14390564,18986480.13616104,23380489.31170727,-0.0084677052795565,-0.0296024410324439,0.1360361945687174,0.0,0.0,0.1052883670737596,-0.0,-0.0,0.0143230287890685,0.0050130600761739,-0.0,49.43479988098144,46.791898829142255,0.0001678014321677,51.02000045776367,51.02000045776367,0.9639357088185228,0.5140491485595703,0.0104524023052002,48.64699935913086,48.64699935913086,48.64699935913086,-0.010837758087383,iShares Large Cap Core Active ETF,Q,True,False,False,False,False,False,False,False,False,,False,,,6449013248.0,Factor / Style,unknown,333.0,True,,False,True,379.0,True,True,False,199.0,,0,0,False,Factor / Style,Factor / Style,Factor / Style,Factor / Style,Factor / Style
2026-08-31,JAAA,50.52000045776367,50.52000045776367,50.5099983215332,50.5099983215332,9633050.0,251,486565339.3312454,304079533.4684658,272529753.1963318,0.0,0.0073220680631438,0.0213935110556462,0.0,0.364977398901799,0.4365612318464159,0.0,0.0026723893562681,0.0093395775399728,0.0050059052205648,0.3646372337344262,50.46122619628906,49.9947043355306,0.0017851381092401,50.709999084472656,50.709999084472656,0.9960559896164404,0.0310001373291015,0.000613742592739,50.5099983215332,50.5,50.5,-0.0001979473740932,Janus Henderson AAA CLO ETF,P,True,False,False,False,False,False,False,False,False,,False,,,28412567552.0,Other,unknown,98.0,True,,False,True,88.0,True,True,False,200.0,,0,0,False,Other,Other,Other,Other,Other
2026-08-31,SCHV,34.529998779296875,34.599998474121094,34.44010162353516,34.5099983215332,2915785.0,251,100623735.45595168,109718964.23260976,120117914.90000558,0.0067094384605181,0.033013868958287,0.0833021392327424,0.0830323119953617,0.0874888716605146,0.106216167645562,0.0005571001875674,0.0028883461443086,0.0088480339859789,0.0049742368888932,0.2501269105051618,34.53688194274903,32.779535840352374,0.0050491438593385,35.4900016784668,35.4900016784668,0.9723864944890042,0.2519950866699219,0.0073020892183783,34.44010162353516,34.38999938964844,34.38999938964844,-0.003477222188385,Schwab U.S. Large-Cap Value ETF,P,True,False,False,False,False,False,False,False,False,,False,,,15930595328.0,Factor / Style,unknown,161.0,True,,False,True,158.0,True,True,False,201.0,,0,0,False,Factor / Style,Factor / Style,Factor / Style,Factor / Style,Factor / Style
2026-08-31,GDXJ,128.72999572753906,129.16000366210938,125.43000030517578,127.93000030517578,3511989.0,251,449288753.841774,647053959.3850895,595755331.9721584,0.2965440628277984,0.1129186924883349,-0.1748048680094558,0.4386808623026437,0.0658615980252766,0.0,0.1300882051920279,0.0074370055342065,-0.0,0.0048340535972342,1.1809058572354527,107.72699996948242,118.61506673177084,0.0492058391554415,136.25,146.13999938964844,0.8753934640719416,5.03399887084961,0.0393496354165641,115.36000061035156,100.4000015258789,100.4000015258789,-0.215195800153399,VanEck Junior Gold Miners ETF,P,True,False,False,False,False,False,False,False,False,,False,,,7078291968.0,Commodity,unknown,309.0,True,,False,True,48.0,True,True,False,202.0,,0,0,False,Commodity,Commodity,Commodity,Commodity,Commodity
2026-08-31,VGK,92.0999984741211,92.25910186767578,91.4800033569336,91.66000366210938,1762455.0,251,161546631.75430298,160493024.51206207,196939200.8059184,0.0080281904155239,0.049575646472119,0.0574727495720928,0.1053398170482656,0.1155118373415374,0.0522392370389962,0.0008456881095999,0.0057265740113889,0.0030023325881794,0.0047730895132656,0.6277749778684838,90.07620040893556,87.04601852416992,0.010764510068651,93.29000091552734,93.29000091552734,0.9825276317137792,0.6174541473388672,0.0067363530729828,91.45999908447266,91.41000366210938,91.41000366210938,-0.0027274709798352,Vanguard FTSEEuropean ETF,P,True,False,False,False,False,False,False,False,False,,False,,,37858430976.0,Other,unknown,81.0,True,,False,True,116.0,True,True,False,203.0,,0,0,False,Other,Other,Other,Other,Other
2026-08-31,ARKK,83.83999633789062,85.7300033569336,83.589599609375,85.56999969482422,3099771.0,251,265247403.52402496,395685541.1823276,462868311.0172212,0.1635844252043903,0.0530395944534698,0.1529237171577289,0.3570791898937818,0.0424463053335888,0.0597494059868811,0.0584125940312236,0.0022513348209417,0.0091371012614801,0.0046613530751301,0.5445751910823916,79.12299957275391,75.84546674092611,0.0202889481779473,87.83000183105469,87.83000183105469,0.9742684494009496,2.265919494628906,0.0264803027078421,79.05500030517578,74.52999877929688,74.52999877929688,-0.1290171900771329,ARK Innovation ETF,Z,True,False,False,False,False,False,False,False,False,,False,,,6534055424.0,Other,unknown,327.0,True,,False,True,65.0,True,True,False,204.0,,0,0,False,Other,Other,Other,Other,Other
2026-08-31,BSCR,19.61000061035156,19.6200008392334,19.61000061035156,19.614999771118164,930168.0,251,18245245.10710144,11936894.62092514,11429056.580428837,0.0035201581602357,0.0090581530343836,0.015510971249449,0.6968397465615824,0.4908729335821808,0.3221623107198746,0.0024529861202353,0.0044464021528242,0.004997050339232,0.0046391290180669,0.9108682652163942,19.5347367477417,19.403254890441893,0.001585273431786,19.6200008392334,19.6200008392334,0.9997451035728177,0.0124683886030673,0.0006356558118051,19.581069946289062,19.541211292045308,19.541211292045308,-0.0037618394052446,Invesco BulletShares 2027 Corporate Bond ETF,Q,True,False,False,False,False,False,False,False,False,,False,,,4586565632.0,Bond,unknown,396.0,True,,False,True,441.0,True,True,False,205.0,,0,0,False,Bond,Bond,Bond,Bond,Bond
2026-08-31,SMLF,88.08000183105469,88.08000183105469,87.48509979248047,87.7300033569336,123571.0,251,10840884.24481964,11805721.407065202,13427049.185269916,-0.0003418274677148,0.0261203672669396,0.1113796170936947,0.0,0.0507387348034359,0.095751288190277,-0.0,0.0013253143877256,0.010664741814861,0.004594113987223,0.1260012015853612,88.03837966918945,82.76192891438802,0.0073325861308657,90.73500061035156,90.73500061035156,0.9668816087154448,0.8885452270507812,0.0101281795628764,87.48509979248047,87.48509979248047,87.48509979248047,-0.0027915599576204,iShares U.S. Small-Cap Equity Factor ETF,P,True,False,False,False,False,False,False,False,False,,False,,,4182715648.0,Factor / Style,unknown,413.0,True,,False,True,434.0,True,True,False,206.0,,0,0,False,Factor / Style,Factor / Style,Factor / Style,Factor / Style,Factor / Style
2026-08-31,DFAI,43.290000915527344,43.27999877929688,42.97999954223633,43.060001373291016,1480731.0,251,63760278.89347458,82179469.15953656,69410089.3302585,0.0186893992659573,0.0481317579924087,0.0504089067258652,0.2250723273652841,0.1164344975929529,0.0503683026094482,0.004206466589848,0.0056041970601117,0.0025390110681798,0.0045313819629355,0.8088981324505065,42.138940048217776,40.879819844563805,0.0104873232910744,43.59000015258789,43.59000015258789,0.9878412760394218,0.3110000610351562,0.0072224814472036,42.86000061035156,42.448001861572266,42.448001861572266,-0.0142127146354054,Dimensional International Core Equity Market ETF,P,True,False,False,False,False,False,False,False,False,,False,,,16829969408.0,Global Equity,unknown,156.0,True,,False,True,232.0,True,True,False,207.0,,0,0,False,Global Equity,Global Equity,Global Equity,Global Equity,Global Equity
2026-08-31,ILCG,114.98999786376952,115.1500015258789,114.53500366210938,115.0,33067.0,251,3802705.0,8029125.80519104,9128717.10565476,0.0093917290613367,-0.0413571683057566,0.1363753218212728,0.0604177768625766,0.0,0.09359624772662,0.0005674273907816,-0.0,0.0127642184049813,0.0044674764417434,-0.0,114.72820022583008,109.16905583699544,0.0003490006312587,119.11000061035156,120.47084253119948,0.9545878287538112,1.3572490692138672,0.011802165819251,113.43000030517578,113.43000030517578,113.43000030517578,-0.013652171259341,iShares Morningstar Large-Cap Growth ETF,P,True,False,False,False,False,False,False,False,False,,False,,,3202697216.0,Factor / Style,unknown,482.0,True,,False,True,456.0,True,True,False,208.0,,0,0,False,Factor / Style,Factor / Style,Factor / Style,Factor / Style,Factor / Style
2026-08-31,VTWO,119.30999755859376,119.39080047607422,118.33499908447266,118.83999633789062,1331189.0,251,158198495.88504028,130775257.05194244,196748291.16837564,-0.0073505251740703,0.0202565176249185,0.1203033621695883,0.0,0.0374917912491473,0.0942313695270159,-0.0,0.0007594531302281,0.0113363505759449,0.0044613672362289,0.1017306052927139,120.14279983520508,112.25083384195965,0.0069833437233941,123.37000274658205,123.37000274658205,0.9632811355447836,1.2187492370605468,0.0102553792882604,118.33499908447266,118.33499908447266,118.33499908447266,-0.0042493879920876,Vanguard Russell 2000 ETF,Q,True,False,False,False,False,False,False,False,False,,False,,,18552160256.0,US Equity,unknown,140.0,True,,False,True,117.0,True,True,False,209.0,,0,0,False,US Equity,US Equity,US Equity,US Equity,US Equity
2026-08-31,IEUR,77.87999725341797,77.94999694824219,77.32499694824219,77.5,873071.0,251,67663002.5,87280910.35918427,75628993.55639261,0.0063627821085203,0.046938507121558,0.0563062536102918,0.0858142297296033,0.1120932132888991,0.0516147881527391,0.0005460172455799,0.0052614880902393,0.0029062353517696,0.0044371496317749,0.5832540352666671,76.31440002441406,73.73323638916015,0.0105042370643089,78.90399932861328,78.90399932861328,0.9822062336439246,0.5282993316650391,0.0068167655698714,77.32499694824219,77.31999969482422,77.31999969482422,-0.0023225845829133,iShares Core MSCI Europe ETF,P,True,False,False,False,False,False,False,False,False,,False,,,8644286464.0,Country / Region,unknown,271.0,True,,False,True,220.0,True,True,False,210.0,,0,0,False,Country / Region,Country / Region,Country / Region,Country / Region,Country / Region
2026-08-31,EWU,48.630001068115234,48.630001068115234,48.27000045776367,48.369998931884766,1674302.0,251,80985985.95165253,53596079.1127224,60173201.322840735,0.0029027449922705,0.0508218723415891,0.0195942065065233,0.0402297590599171,0.129666843432229,0.0198877339304925,0.0001167767316514,0.0065899117638495,0.0003896843655808,0.0044198321744555,0.9792112742967009,47.48559989929199,46.515803527832034,0.0119292585026007,49.38999938964844,49.38999938964844,0.9793480366396308,0.3399999618530273,0.0070291496663421,48.130001068115234,48.08000183105469,48.08000183105469,-0.0059953919213117,iShares MSCI United Kingdom ETF,P,True,False,False,False,False,False,False,False,False,,False,,,3667788800.0,Country / Region,unknown,450.0,True,,False,True,250.0,True,True,False,211.0,,0,0,False,Country / Region,Country / Region,Country / Region,Country / Region,Country / Region
2026-08-31,IWM,295.0899963378906,295.3500061035156,292.7049865722656,293.92999267578125,20780008.0,251,6107867599.242676,4975322265.145391,6701175195.0165205,-0.0077307694804027,0.0195479288718165,0.1188094187939809,0.0,0.0362338006856454,0.0932779706233147,-0.0,0.0007082957585585,0.011082301476038,0.0043391977596763,0.0963852254857187,297.280400390625,277.8600201416016,0.0068340300347162,305.17999267578125,305.17999267578125,0.9631365087161796,3.04224853515625,0.0103502487359702,292.7049865722656,292.7049865722656,292.7049865722656,-0.0041676798354731,iShares Russell 2000 Index Fund,P,True,False,False,False,False,False,False,False,False,,False,,,82970353664.0,US Equity,unknown,35.0,True,,False,True,3.0,True,True,False,212.0,,0,0,False,US Equity,US Equity,US Equity,US Equity,US Equity
2026-08-31,ESGD,107.02999877929688,107.0780029296875,106.22000122070312,106.43000030517578,184269.0,251,19611749.72623444,30757175.654913712,30026881.605410744,0.0132330481486406,0.0475431646197261,0.0586196306424928,0.1480297635781294,0.104253074112642,0.0531496190309353,0.0019588849888612,0.0049565210646498,0.0031156110363826,0.0043122025547563,0.5695886122482339,104.55600006103516,100.85705423990883,0.0105616222234543,108.0,108.0,0.9854629657886648,0.8079998016357421,0.0075918425192041,106.14600372314452,105.66999816894533,105.66999816894533,-0.0071408637982829,iShares ESG Aware MSCI EAFE ETF,Q,True,False,False,False,False,False,False,False,False,,False,,,11761851392.0,Country / Region,unknown,208.0,True,,False,True,348.0,True,True,False,213.0,,0,0,False,Country / Region,Country / Region,Country / Region,Country / Region,Country / Region
2026-08-31,VXF,241.91000366210935,241.97000122070312,240.4250030517578,241.4199981689453,286097.0,251,69069537.21614075,93826777.74780044,107790533.68249243,0.0040341078520034,0.0208507314718897,0.1134435472327286,0.0265390077909542,0.0383206623926353,0.0952369164512363,0.0001070612197138,0.0007990138413737,0.0108040136297352,0.0043007637673003,0.077068722470035,242.20490325927733,227.39008239746093,0.0069308326602282,250.75,250.75,0.9627916178223144,2.5532508850097657,0.0105759709401662,240.4250030517578,240.4250030517578,240.4250030517578,-0.0041214279046228,Vanguard Extended Market ETF,P,True,False,False,False,False,False,False,False,False,,False,,,97684774912.0,Other,unknown,27.0,True,,False,True,173.0,True,True,False,214.0,,0,0,False,Other,Other,Other,Other,Other
2026-08-31,EEMV,75.9000015258789,75.97000122070312,75.552001953125,75.69000244140625,171706.0,251,12996427.559204102,15616487.376686096,18308203.79947965,0.0513960923382499,0.001688894300782,0.1287511585217251,0.3902957033164516,0.0026814843242898,0.0947156063526521,0.0200596740068745,4.528743592929395e-06,0.0121947440479916,0.0042711041001324,0.0023393516820477,73.58979995727539,70.35493522644043,0.0033018825768227,76.37999725341797,77.38999938964844,0.9780333769007682,0.7614006042480469,0.0100594606908286,74.19999694824219,72.81999969482422,72.81999969482422,-0.0379178577620443,iShares MSCI Emerging Markets Min Vol Factor ETF,Z,True,False,False,False,False,False,False,False,False,,False,,,3654402304.0,Country / Region,unknown,452.0,True,,False,True,406.0,True,True,False,215.0,,0,0,False,Country / Region,Country / Region,Country / Region,Country / Region,Country / Region
2026-08-31,ACWI,161.11000061035156,161.1300048828125,160.2550048828125,160.67999267578125,2622412.0,251,421369140.95288086,337908550.1047424,454194787.54955184,0.0173482980373607,0.016492150084068,0.1035408003055027,0.18974998414946,0.038533676877358,0.1035451407716655,0.0032918392776093,0.0006355031823523,0.0107211467432441,0.0041654784286645,0.1498377997295278,157.8857992553711,150.968410542806,0.0070998312769681,162.8000030517578,162.8000030517578,0.9869778234874936,1.2487503051757811,0.0077716602072262,159.8300018310547,158.61000061035156,158.61000061035156,-0.0128826995256746,iShares MSCI ACWI ETF,Q,True,False,False,False,False,False,False,False,False,,False,,,33203742720.0,Country / Region,unknown,90.0,True,,False,True,68.0,True,True,False,216.0,,0,0,False,Country / Region,Country / Region,Country / Region,Country / Region,Country / Region
2026-08-31,BBEU,80.25,80.2300033569336,79.6675033569336,79.86000061035156,165159.0,251,13189597.840805054,19051608.726192474,20722610.947429117,0.0052869858514303,0.0458661329797625,0.0513065087756601,0.0702338576951046,0.1091394496629966,0.0465802429273689,0.0003713254119253,0.005005804511581,0.0023898696425254,0.0040902273074116,0.5594434070038096,78.74875961303711,76.12986796061197,0.0102477468944228,81.30999755859375,81.30999755859375,0.9821670521242202,0.5419254302978516,0.0067859432275988,79.6675033569336,79.6675033569336,79.6675033569336,-0.0024104339086746,JPMorgan BetaBuilders Europe ETF,Z,True,False,False,False,False,False,False,False,False,,False,,,9113485312.0,Country / Region,unknown,263.0,True,,False,True,394.0,True,True,False,217.0,,0,0,False,Country / Region,Country / Region,Country / Region,Country / Region,Country / Region
2026-08-31,DFIC,39.2599983215332,39.34000015258789,39.0900993347168,39.16999816894531,1366479.0,251,53524979.92790222,68565282.43004227,63411669.12367806,0.0240522397109885,0.0439160929024302,0.0478307793160932,0.2958200145719311,0.1111879875130758,0.0492719624877297,0.0071151339017922,0.0048829419892584,0.0023567163642214,0.0039987630204955,0.8811819704180807,38.16729995727539,37.15836324055989,0.010389282132899,39.630001068115234,39.630001068115234,0.9883925590014676,0.285045051574707,0.007277127007902,38.88999938964844,38.38999938964844,38.38999938964844,-0.0199131686433233,Dimensional International Core Equity 2 ETF,Z,True,False,False,False,False,False,False,False,False,,False,,,14218919936.0,Global Equity,unknown,180.0,True,,False,True,244.0,True,True,False,218.0,,0,0,False,Global Equity,Global Equity,Global Equity,Global Equity,Global Equity
2026-08-31,EFA,108.04000091552734,108.05999755859376,107.2699966430664,107.4499969482422,9496783.0,251,1020429304.3681184,942580021.7525628,1206987707.660825,0.0134880244336368,0.0451008469854097,0.0566344377475087,0.1545942450588451,0.0998834644980863,0.0516001325018835,0.0020851709546533,0.0045048288487007,0.0029223444919411,0.0039509593238349,0.5840130409271936,105.5197998046875,102.0022796122233,0.0100562336734357,108.88999938964844,108.88999938964844,0.9867756226515036,0.798000717163086,0.0074267169830398,107.16000366210938,106.61000061035156,106.61000061035156,-0.0078175557165929,iShares MSCI EAFE ETF,P,True,False,False,False,False,False,False,False,False,,False,,,77217693696.0,Country / Region,unknown,37.0,True,,False,True,27.0,True,True,False,219.0,,0,0,False,Country / Region,Country / Region,Country / Region,Country / Region,Country / Region
2026-08-31,QQQI,54.43999862670898,54.619998931884766,54.34999847412109,54.59999847412109,2793739.0,251,152538145.1370926,234080025.0633274,313886491.5706524,0.0262662947659497,-0.0161594407317162,0.1165513728810636,0.2320569207097098,0.0,0.0966236177383995,0.0060952754818398,-0.0,0.0112616153001455,0.0039415653550509,-0.0,53.97225929260254,51.79647842407226,0.0007319512082037,55.31722703526285,55.92175933003246,0.9763641045677632,0.5058632093301518,0.009264894202697,53.60900115966797,53.60900115966797,53.60900115966797,-0.0181501344715756,NEOS Nasdaq 100 High Income ETF,Q,True,False,False,False,False,False,False,False,False,,False,,,13110758400.0,Bond,unknown,196.0,True,,False,True,75.0,True,True,False,220.0,,0,0,False,Bond,Bond,Bond,Bond,Bond
2026-08-31,FV,72.97000122070312,73.44000244140625,72.80999755859375,73.44000244140625,59128.0,251,4342360.464355469,4164210.965608216,4516520.720828102,0.0486934702491739,0.0147286444985557,0.1217248355535129,0.2663648759463737,0.0202139786189205,0.0870999457420699,0.0129702301623196,0.0002977245049794,0.0106022265721733,0.0039043002284973,0.0916859972577092,72.27694946289063,68.25456741333008,0.0033973723881961,74.62000274658203,76.08000183105469,0.9652996934002328,0.8828514099121094,0.0120213967941584,72.80999755859375,70.63999938964844,70.63999938964844,-0.0381264019427529,First Trust Dorsey Wright Focus 5 ETF,Q,True,False,False,False,False,False,False,False,False,,False,,,3943691776.0,Other,unknown,431.0,True,,False,True,466.0,False,False,False,221.0,,0,0,False,Other,Other,Other,Other,Other
2026-08-31,JIRE,85.16000366210938,85.16000366210938,84.55999755859375,84.70999908447266,282489.0,251,23929642.9313736,27132835.189438246,31713264.78151606,0.0100154561867455,0.0477427419072504,0.0480019443959394,0.1153838898518768,0.1018469982051796,0.0429678565903566,0.0011556222934677,0.004862454949338,0.0020625406628629,0.0038824849490718,0.6202807330475976,83.45279998779297,80.70226694742838,0.0095178177990575,86.06999969482422,86.06999969482422,0.984198900718326,0.6123004913330078,0.0072281961746029,84.4540023803711,84.30999755859375,84.30999755859375,-0.0047220107449184,JPMorgan International Research Enhanced Equity ETF,P,True,False,False,False,False,False,False,False,False,,False,,,11130201088.0,Global Equity,unknown,223.0,True,,False,True,338.0,True,True,False,222.0,,0,0,False,Global Equity,Global Equity,Global Equity,Global Equity,Global Equity
2026-08-31,IDEV,93.11000061035156,93.14949798583984,92.4499969482422,92.62999725341795,1070507.0,251,99161060.46976472,142620606.62002295,139143366.0838043,0.0184716917157439,0.0435970768758544,0.0554281507395482,0.2043801379049181,0.0997326216878064,0.0524457239209557,0.0037752469002008,0.0043480507747538,0.0029069694911354,0.0038436723254873,0.5992721287428396,90.74139938354492,87.84122360229492,0.0102773021463227,93.86000061035156,93.86000061035156,0.9868953404119418,0.69007568359375,0.0074498078814127,92.29000091552734,91.42400360107422,91.42400360107422,-0.0130194719648364,iShares Core MSCI International Developed Markets ETF,P,True,False,False,False,False,False,False,False,False,,False,,,30637815808.0,Country / Region,unknown,93.0,True,,False,True,145.0,True,True,False,223.0,,0,0,False,Country / Region,Country / Region,Country / Region,Country / Region,Country / Region
2026-08-31,IBDS,24.200000762939453,24.209999084472656,24.15999984741211,24.200000762939453,511175.0,251,12370435.389995577,11100905.276122091,13574406.88476714,0.0024855581942038,0.0087264208508675,0.0153325354356517,0.333340397575552,0.3962190592048978,0.2943694344237612,0.000828536956653,0.0034575742597567,0.004513429784475,0.0038271236934081,0.7640035646704543,24.11206932067871,23.948511899312336,0.0016485434257038,24.25,24.25,0.9979381757913176,0.0262500762939453,0.0010847138622468,24.142000198364254,24.1299991607666,24.1299991607666,-0.0028926280977665,iShares iBonds Dec 2027 Term Corporate ETF,P,True,False,False,False,False,False,False,False,False,,False,,,3791735808.0,Bond,unknown,442.0,True,,False,True,431.0,True,True,False,224.0,,0,0,False,Bond,Bond,Bond,Bond,Bond
2026-08-31,DUHP,42.2400016784668,42.31969833374024,42.095001220703125,42.220001220703125,562510.0,251,23749172.886657715,28349054.563007355,33129628.640946887,0.0149039127241248,0.021411044733915,0.0820144278757744,0.1812874498623585,0.0591451933377147,0.1045107128121206,0.0027018923307277,0.0012663603803498,0.0085713863181754,0.0038231194585888,0.1289391647546323,41.80429985046387,39.91803899129232,0.0071990804455701,42.900001525878906,42.900001525878906,0.984149177599316,0.2969501495361328,0.0070333998330279,42.095001220703125,41.790000915527344,41.790000915527344,-0.0101847534993657,Dimensional US High Profitability ETF,P,True,False,False,False,False,False,False,False,False,,False,,,12324184064.0,Other,unknown,201.0,True,,False,True,332.0,True,True,False,225.0,,0,0,False,Other,Other,Other,Other,Other
2026-08-31,VT,160.96499633789062,161.0,160.1699981689453,160.5500030517578,2023773.0,251,324916761.32606506,377166998.17227554,464876283.05733454,0.0186536541464434,0.0159519579645708,0.0990708177397203,0.1989172269115776,0.0366508105604241,0.099161585517263,0.0037105331545781,0.0005846521894273,0.0098240193655624,0.0038184307010746,0.1449549058350016,157.769599609375,151.0686196899414,0.0069603695597368,162.7100067138672,162.7100067138672,0.9867248259296808,1.1979995727539063,0.0074618470880233,159.77999877929688,158.50999450683594,158.50999450683594,-0.0127063749993465,Vanguard Total World Stock Index ETF,P,True,False,False,False,False,False,False,False,False,,False,,,96774266880.0,Global Equity,unknown,28.0,True,,False,True,64.0,True,True,False,226.0,,0,0,False,Global Equity,Global Equity,Global Equity,Global Equity,Global Equity
2026-08-31,IEFA,100.8000030517578,100.87000274658205,100.05500030517578,100.26000213623048,7135899.0,251,715445248.9839249,673035342.8890308,863817291.2143309,0.0161143609687992,0.0437501613326614,0.0568484067952437,0.1756905425284837,0.0974754565650481,0.0522780050704508,0.0028311408211081,0.0042645669506956,0.0029719212986888,0.0038121409724932,0.616418099370792,98.29559982299804,95.12996770222982,0.0098976832888491,101.44000244140624,101.44000244140624,0.988367505157964,0.755251693725586,0.0075329311553312,99.80999755859376,99.22000122070312,99.22000122070312,-0.0103730390321976,iShares Core MSCI EAFE ETF,Z,True,False,False,False,False,False,False,False,False,,False,,,186543423488.0,Country / Region,unknown,13.0,True,,False,True,36.0,True,True,False,227.0,,0,0,False,Country / Region,Country / Region,Country / Region,Country / Region,Country / Region
2026-08-31,GRNY,27.75,27.864999771118164,27.65999984741211,27.82999992370605,857248.0,251,23857211.774597168,35030274.831855774,42650229.165037245,0.0160642768843546,0.0061679868758313,0.1095908130855491,0.1383650175290226,0.0125938200522,0.0974860442712563,0.0022227339526948,7.767851679855105e-05,0.0106835748561808,0.0037897422355823,0.0339048417085289,27.555186576843266,26.301645355224608,0.0048807916837534,28.299999237060547,28.299999237060547,0.9833922499637738,0.2627998352050781,0.0094430411759081,27.459999084472656,27.459999084472656,27.459999084472656,-0.013295035582024,Fundstrat Granny Shots US Large Cap ETF,P,True,False,False,False,False,False,False,False,False,,False,,,4392313856.0,Factor / Style,unknown,403.0,True,,False,True,298.0,True,True,False,228.0,,0,0,False,Factor / Style,Factor / Style,Factor / Style,Factor / Style,Factor / Style
2026-08-31,EZU,70.83000183105469,70.96499633789062,70.38500213623047,70.45999908447266,833703.0,251,58742712.61672211,48290314.414634325,59872628.04853639,0.0032748927316739,0.0418733369125403,0.0735302784487181,0.0426709470668501,0.0835158881162686,0.0588012634717959,0.0001397427744028,0.0034970889206425,0.0043236732762175,0.0037863934450938,0.3335193118323997,69.64759963989258,66.76558703104655,0.0088106162575438,72.19999694824219,72.19999694824219,0.9759003055773412,0.5669975280761719,0.0080470839546337,70.38500213623047,70.30999755859375,70.30999755859375,-0.0021288891261419,iShares MSCI Eurozone ETF,Z,True,False,False,False,False,False,False,False,False,,False,,,9595190272.0,Country / Region,unknown,255.0,True,,False,True,251.0,True,True,False,229.0,,0,0,False,Country / Region,Country / Region,Country / Region,Country / Region,Country / Region
2026-08-31,FELG,43.97999954223633,44.15499877929688,43.869998931884766,44.119998931884766,258567.0,251,11407975.763820648,17205611.13648052,19623105.32092328,0.0172930601445926,-0.0288689529825952,0.1160384230556088,0.1104565388621529,0.0,0.090968040423247,0.0019101315699067,-0.0,0.0105557879591724,0.0036945257857103,-0.0,43.47809982299805,41.88608777364095,0.0031075085763956,45.165000915527344,45.581402281289385,0.9679386048637536,0.539000129699707,0.0122166850124327,43.28499984741211,43.28499984741211,43.28499984741211,-0.0189256370056077,Fidelity Enhanced Large Cap Growth ETF,P,True,False,False,False,False,False,False,False,False,,False,,,5650164224.0,Factor / Style,unknown,360.0,True,,False,True,401.0,True,True,False,230.0,,0,0,False,Factor / Style,Factor / Style,Factor / Style,Factor / Style,Factor / Style
2026-08-31,IDMO,62.68999862670898,62.755001068115234,62.11000061035156,62.2599983215332,256458.0,251,15967074.649543762,18575656.37201881,21061119.41480061,0.0173202213297298,0.0517237779582371,0.0670399794346947,0.1383806783378303,0.0761574967747885,0.0450584277725426,0.0023967839765693,0.0039391534530343,0.0030207160712309,0.0036177003694031,0.8788832762992898,61.01720008850098,58.85764923095703,0.0126302555619375,63.880001068115234,63.880001068115234,0.9746399073341496,0.6547502517700196,0.0105163872377357,62.06999969482422,61.7599983215332,61.7599983215332,-0.0080308386360342,Invesco S&P International Developed Momentum ETF,P,True,False,False,False,False,False,False,False,False,,False,,,3922271744.0,Factor / Style,unknown,433.0,True,,False,True,392.0,True,True,False,231.0,,0,0,False,Factor / Style,Factor / Style,Factor / Style,Factor / Style,Factor / Style
2026-08-31,EWY,181.0449981689453,182.2700042724609,179.24000549316406,180.8600006103516,9839271.0,251,1779530559.0654144,2676384145.924615,3892654541.936532,0.128681942151251,-0.1653899254389507,0.2258371210550305,0.2399905946771129,0.0,0.0452201365558415,0.0308824558210845,-0.0,0.0102123854534865,0.0035743349087203,-0.0,176.3243994140625,161.45579986572267,-0.020466802377504,190.1100006103516,220.88999938964844,0.8187785825981002,6.500999450683594,0.0359449266213897,169.9499969482422,160.19000244140625,160.19000244140625,-0.1142872835297461,iShares MSCI South Korea ETF,P,True,False,False,False,False,False,False,False,False,,False,,,24467890176.0,Country / Region,unknown,113.0,True,,False,True,8.0,True,True,False,232.0,,0,0,False,Country / Region,Country / Region,Country / Region,Country / Region,Country / Region
2026-08-31,EMLP,43.95000076293945,44.150001525878906,43.86000061035156,44.130001068115234,264459.0,251,11670575.952472689,9629954.06791401,11396388.523718515,0.0045527148087884,0.0453398068341337,0.0166373482887087,0.0400001220702193,0.1167536998608989,0.0224319835215837,0.0001821091481024,0.0052935901988635,0.0003732087226551,0.0035714566821906,5.7555887558735295,43.98053871154785,43.17285161336263,0.0060059173655142,44.93999862670898,45.22999954223633,0.9756798919908478,0.4649999618530273,0.010537048506645,43.63999938964844,43.2400016784668,43.2400016784668,-0.0201676720622487,First Trust North American Energy Infrastructure Fund,P,True,False,False,False,False,False,False,False,False,,False,,,4057605120.0,REIT / Infra,unknown,420.0,True,,False,True,443.0,True,True,False,233.0,,0,0,False,REIT / Infra,REIT / Infra,REIT / Infra,REIT / Infra,REIT / Infra
2026-08-31,BBIN,81.25,81.06179809570312,80.55709838867188,80.7300033569336,308420.0,251,24898747.63534546,18000338.376487732,13990089.537140377,0.0141960415134916,0.0432648395523682,0.0487053228709675,0.1694164584877517,0.0975715996224489,0.0440419627184266,0.0024050430777608,0.0042214196025331,0.002145078014072,0.0034947000465717,0.6419796222937921,79.30305999755859,76.92392893473307,0.0093363261772829,81.7969970703125,81.7969970703125,0.986955588205008,0.5849838256835938,0.0072461761595275,80.47000122070312,80.20999908447266,80.20999908447266,-0.0064412764875263,JPMorgan BetaBuilders International Equity ETF,Z,True,False,False,False,False,False,False,False,False,,False,,,6496628224.0,Global Equity,unknown,329.0,True,,False,True,430.0,True,True,False,234.0,,0,0,False,Global Equity,Global Equity,Global Equity,Global Equity,Global Equity
2026-08-31,SCHA,34.189998626708984,34.2400016784668,33.95000076293945,34.15999984741211,3410136.0,251,116490245.23965454,69837612.02648239,74687463.32901873,-0.0005851508948243,0.0040533988855759,0.116630227455619,0.0,0.0060272772182392,0.0830277701670247,-0.0,2.4430958759468526e-05,0.0096835477197129,0.0034051218250931,0.0051318455395309,34.6691650390625,32.466332003275554,0.0028189981846689,35.86000061035156,36.20000076293945,0.943646384736659,0.4274995803833007,0.0125146247743817,33.95000076293945,33.95000076293945,33.95000076293945,-0.0061475142099148,Schwab U.S. Small-Cap ETF,P,True,False,False,False,False,False,False,False,False,,False,,,24157184000.0,Other,unknown,114.0,True,,False,True,221.0,True,True,False,235.0,,0,0,False,Other,Other,Other,Other,Other
2026-08-31,AVDE,94.12000274658205,94.16000366210938,93.4800033569336,93.62999725341795,692123.0,251,64803474.589027405,92288622.80232736,92670046.84986332,0.0226081230889017,0.0419268667033778,0.0467767162489987,0.2533652827024236,0.0956451812517757,0.0445105586813542,0.0057281134977907,0.0040101027651636,0.0020820577735221,0.003335287018089,0.7756595264993152,91.37699966430664,88.90413477579753,0.0104068965391803,94.81999969482422,94.81999969482422,0.9874498792951252,0.7035511016845704,0.0075141634339724,93.2249984741211,92.0,92.0,-0.0174089212990814,Avantis International Equity ETF,P,True,False,False,False,False,False,False,False,False,,False,,,17163864064.0,Global Equity,unknown,152.0,True,,False,True,190.0,True,True,False,236.0,,0,0,False,Global Equity,Global Equity,Global Equity,Global Equity,Global Equity
2026-08-31,EMXC,98.56500244140624,98.76000213623048,97.91000366210938,98.23999786376952,1574040.0,251,154633686.2374878,151453718.0660324,250079075.1521907,0.0612509256523454,-0.0467586384056718,0.147897939927998,0.2470587765973361,0.0,0.0632572692683305,0.0151325787571228,-0.0,0.0093556198102567,0.0032744669335898,-0.0,96.18780014038086,90.49575922648113,-0.0028784359653036,99.4739990234375,107.12000274658205,0.917102271703444,1.695899200439453,0.01726281796943,94.63500213623048,92.97000122070312,92.97000122070312,-0.0536441038035685,iShares MSCI Emerging Markets ex China ETF,Q,True,False,False,False,False,False,False,False,False,,False,,,26057398272.0,Country / Region,unknown,106.0,True,,False,True,96.0,True,True,False,237.0,,0,0,False,Country / Region,Country / Region,Country / Region,Country / Region,Country / Region
2026-08-31,AVDV,112.87000274658205,112.9000015258789,112.1500015258789,112.45999908447266,760352.0,251,85509185.22387695,92732907.74206696,91289155.0109093,0.067590687242325,0.045195454261504,0.0466239066542011,0.5632924037285113,0.0883571358863687,0.0405183381457645,0.0380733206863913,0.0039933408936298,0.0018891232154914,0.0032568647062814,1.8175835631264647,106.6679997253418,104.83500147501628,0.0113702543639016,113.87999725341795,113.87999725341795,0.9875307498841488,1.0328994750976563,0.0091845943758349,109.68499755859376,105.95099639892578,105.95099639892578,-0.0578783811002677,Avantis International Small Cap Value ETF,P,True,False,False,False,False,False,False,False,False,,False,,,19221213184.0,Factor / Style,unknown,139.0,True,,False,True,196.0,True,True,False,238.0,,0,0,False,Factor / Style,Factor / Style,Factor / Style,Factor / Style,Factor / Style
2026-08-31,XLG,62.54999923706055,62.56999969482422,62.27000045776367,62.4900016784668,632993.0,251,39555733.63245773,56291484.15781917,90805803.69659588,0.0106744271044258,-0.0306763912764905,0.0972141679550144,0.1074919092946346,0.0,0.0957075692134987,0.0011474145500811,-0.0,0.0093041317080872,0.0032564460978305,-0.0,61.49880012512208,59.89155667622884,0.0021604687851373,63.66999816894531,64.6472954183753,0.9666297913014424,0.5769998550415039,0.0092334747886609,61.65999984741211,61.65999984741211,61.65999984741211,-0.0132821540848301,Invesco S&P 500 Top 50 ETF,P,True,False,False,False,False,False,False,False,False,,False,,,10253615104.0,US Equity,unknown,243.0,True,,False,True,198.0,True,True,False,239.0,,0,0,False,US Equity,US Equity,US Equity,US Equity,US Equity
2026-08-31,HELO,69.4800033569336,69.51000213623047,69.30999755859375,69.47000122070312,188384.0,251,13087036.709960938,20019837.28956146,26910459.83972071,0.0065199159594848,0.0220332256103528,0.0447793800929077,0.1327444383179357,0.1066098081023454,0.1101464344217415,0.0008654825819219,0.0023489579541953,0.0049322890528496,0.0032531238387244,0.5165861887166183,68.53898010253906,67.18957982381185,0.0061914511628986,70.2300033569336,70.2300033569336,0.989178383882913,0.3036998748779297,0.0043716693470767,69.19999694824219,69.08200073242188,69.08200073242188,-0.0055851515972856,JPMorgan Hedged Equity Laddered Overlay ETF,P,True,False,False,False,False,False,False,False,False,,False,,,3913838592.0,Other,unknown,434.0,True,,False,True,365.0,True,True,False,240.0,,0,0,False,Other,Other,Other,Other,Other
2026-08-31,IJJ,147.39999389648438,147.05499267578125,146.30499267578125,146.52999877929688,107479.0,251,15748897.738800049,21355220.545204163,25768867.2293551,-0.0186847603004995,0.0371415429135446,0.0493348523553838,0.0,0.091082160321362,0.0566412111078437,-0.0,0.0033829319662342,0.0027943857872355,0.0031769408035847,0.3038088158476349,148.02519897460937,141.619399210612,0.0054652797281746,151.80999755859375,151.80999755859375,0.9652196899795156,1.3447532653808594,0.0091773239376485,146.30499267578125,146.30499267578125,146.30499267578125,-0.0015355634026485,iShares S&P Mid-Cap 400 Value ETF,P,True,False,False,False,False,False,False,False,False,,False,,,8733020160.0,Factor / Style,unknown,269.0,True,,False,True,369.0,True,True,False,241.0,,0,0,False,Factor / Style,Factor / Style,Factor / Style,Factor / Style,Factor / Style
2026-08-31,DIHP,35.33000183105469,35.35499954223633,35.150001525878906,35.220001220703125,546812.0,251,19258719.30749512,17873511.17514496,21199898.55386304,0.0170372548192359,0.0412160989457937,0.0296175096418831,0.1793315113983022,0.1022419068363345,0.0309400745751978,0.0030553166568115,0.0042140125485729,0.0009163679570515,0.0030598369415404,0.6040362016189312,34.6090601348877,33.75208432515462,0.009707604085237,35.875,35.875,0.9817421943053136,0.2787496566772461,0.0079145271725144,35.150001525878906,34.8129997253418,34.8129997253418,-0.0115559761855454,Dimensional International High Profitability ETF,Z,True,False,False,False,False,False,False,False,False,,False,,,6191810560.0,Global Equity,unknown,344.0,True,,False,True,391.0,True,True,False,242.0,,0,0,False,Global Equity,Global Equity,Global Equity,Global Equity,Global Equity
2026-08-31,FNDA,37.27999877929688,37.36000061035156,36.959999084472656,37.06999969482422,2258410.0,251,83719258.01078796,27597207.40630722,21331443.51075672,-0.0185332474041727,0.0290129206923268,0.0755770073020574,0.0,0.0610051876530339,0.0720914955669917,-0.0,0.0017699386711979,0.0054484594868827,0.0030574209566876,0.1877069724149043,37.61451118469238,35.512734998067224,0.0057561018387779,38.59000015258789,38.59000015258789,0.9606115456917992,0.3639999389648437,0.0098192592921889,36.959999084472656,36.959999084472656,36.959999084472656,-0.0029673755397122,Schwab Fundamental U.S. Small Company ETF,P,True,False,False,False,False,False,False,False,False,,False,,,9333672960.0,Other,unknown,258.0,True,,False,True,388.0,True,True,False,243.0,,0,0,False,Other,Other,Other,Other,Other
2026-08-31,MAGS,68.66999816894531,68.91000366210938,68.41000366210938,68.73999786376953,1995898.0,251,137198024.25630188,204449012.64706495,289780742.6500438,0.0052647064172492,-0.0160321033037047,0.1157279205126318,0.0351562383584914,0.0,0.0732408333851233,0.0001850872736922,-0.0,0.0084760093442724,0.0029666032704953,-0.0,66.36159965515137,64.97270006815593,0.0065524363985054,69.80000305175781,71.16000366210938,0.9659920506773608,0.9433998107910156,0.0137241757362382,66.55000305175781,66.55000305175781,66.55000305175781,-0.0318591050344793,Roundhill Magnificent Seven ETF,Z,True,False,False,False,False,False,False,False,False,,False,,,3602203392.0,Other,unknown,455.0,True,,False,True,83.0,True,True,False,244.0,,0,0,False,Other,Other,Other,Other,Other
2026-08-31,VB,300.1300048828125,300.6400146484375,298.3399963378906,299.1499938964844,436100.0,251,130459312.33825684,138393229.95651245,153267009.47643462,-0.001635364864496,0.0237240715250988,0.0804766926780791,0.0,0.0509496240910103,0.0773286808119077,-0.0,0.001208732526112,0.0062231564809011,0.0029637809102882,0.1344841240546213,300.31539428710937,284.8332557169596,0.0072848958023878,309.510009765625,309.510009765625,0.9665276871756564,2.9569992065429687,0.0098846707901528,298.3399963378906,298.3399963378906,298.3399963378906,-0.0027076636306869,Vanguard Morningstar Small-Cap ETF,P,True,False,False,False,False,False,False,False,False,,False,,,188574482432.0,Other,unknown,12.0,True,,False,True,132.0,True,True,False,245.0,,0,0,False,Other,Other,Other,Other,Other
2026-08-31,IWO,378.1099853515625,378.3599853515625,374.8417053222656,376.989990234375,281247.0,251,106027303.78344728,150309910.8829895,170869095.16556802,-0.0032784832401835,-0.0051700008842426,0.1153319399668448,0.0,0.0,0.0722433012795552,-0.0,-0.0,0.0083319600861803,0.0029161860301631,-0.0,383.9374029541016,358.9563808186849,0.004248347174204,395.739990234375,396.6900024414063,0.9503390252192174,4.986415100097656,0.013226916441462,374.8417053222656,374.8417053222656,374.8417053222656,-0.0056985197691158,iShares Russell 2000 Growth Fund,P,True,False,False,False,False,False,False,False,False,,False,,,15425412096.0,Factor / Style,unknown,165.0,True,,False,True,123.0,True,True,False,246.0,,0,0,False,Factor / Style,Factor / Style,Factor / Style,Factor / Style,Factor / Style
2026-08-31,DFIS,37.7400016784668,37.7400016784668,37.45000076293945,37.52999877929688,315194.0,251,11829230.4352417,19861413.10447998,27607434.88337296,0.0390365417803886,0.0389407523976415,0.0436236338873894,0.3662335088753585,0.0882084182526241,0.0413485274021808,0.0142964896705912,0.003434902174563,0.0018037730211754,0.0028640069708773,0.933177009311309,36.170160140991214,35.44221908569336,0.0110146067350749,38.04999923706055,38.04999923706055,0.986333759048878,0.3299999237060547,0.0087929638806195,36.979000091552734,36.29800033569336,36.29800033569336,-0.0328270312729969,Dimensional International Small Cap ETF,Z,True,False,False,False,False,False,False,False,False,,False,,,5815646208.0,Factor / Style,unknown,353.0,True,,False,True,360.0,True,True,False,247.0,,0,0,False,Factor / Style,Factor / Style,Factor / Style,Factor / Style,Factor / Style
2026-08-31,GUNR,56.40999984741211,56.540000915527344,55.97999954223633,56.27000045776367,598940.0,251,33702354.07417297,17731767.834762573,28779535.18420144,0.0842003623006784,0.0448457587671893,0.0174129763298431,0.5624199440608741,0.0932556124671936,0.0184126764633249,0.0473559630550528,0.0041821187003902,0.0003206194994249,0.0028305939800523,2.0793217402147475,52.30760002136231,53.10862022399903,0.0165381678954976,57.09000015258789,57.09000015258789,0.9856367193443236,0.6719995498657226,0.0119424123760248,53.880001068115234,51.86000061035156,51.86000061035156,-0.0783721310029534,Northern Trust Morningstar Global Upstream Natural Resources ETF,P,True,False,False,False,False,False,False,False,False,,False,,,6723008512.0,Global Equity,unknown,321.0,True,,False,True,356.0,True,True,False,248.0,,0,0,False,Global Equity,Global Equity,Global Equity,Global Equity,Global Equity
2026-08-31,USRT,65.97000122070312,65.97000122070312,65.26000213623047,65.62999725341797,515621.0,251,33840204.81380463,27826702.10966301,34910190.97080594,-0.0338584284031361,0.0388664252659993,0.0439382172425399,0.0,0.0815759807105537,0.0473081048789441,-0.0,0.0031705667577873,0.0020786337895039,0.0027883902188881,0.9534250331254692,67.38899993896484,63.9398915608724,0.0042625187799005,68.27999877929688,70.08999633789062,0.9363675372021444,0.7704990386962891,0.0117400437443437,65.26000213623047,65.26000213623047,65.26000213623047,-0.0056375915384977,iShares Core U.S. REIT ETF,P,True,False,False,False,False,False,False,False,False,,False,,,4356137472.0,REIT / Infra,unknown,405.0,True,,False,True,324.0,True,True,False,249.0,,0,0,False,REIT / Infra,REIT / Infra,REIT / Infra,REIT / Infra,REIT / Infra
2026-08-31,JGLO,73.5,73.5,73.24500274658203,73.36000061035156,460509.0,251,33782940.52107239,12588348.37306137,14438923.200271606,0.0035568008434707,0.0247241844252494,0.0668993358232794,0.0415340758823507,0.0602247440685903,0.0761791493896252,0.0001477284361311,0.0014890076793152,0.0050963344977483,0.0027515720657668,0.3032388202700955,72.27260025024414,70.04873339335124,0.008988005481284,74.88999938964844,74.88999938964844,0.9795700521863224,0.512298583984375,0.0069833503233652,73.02999877929688,73.02999877929688,73.02999877929688,-0.0044983891536135,JPMorgan Global Select Equity ETF,Q,True,False,False,False,False,False,False,False,False,,False,,,6879447552.0,Global Equity,unknown,314.0,True,,False,True,424.0,True,True,False,250.0,,0,0,False,Global Equity,Global Equity,Global Equity,Global Equity,Global Equity
2026-08-31,FENI,41.52000045776367,41.54999923706055,41.244998931884766,41.310001373291016,846565.0,251,34971601.31258011,43108446.81050968,55762102.71646318,0.0127482335398949,0.0373800646807727,0.0510553143076104,0.1420769298917603,0.0798223982374835,0.0446570466498598,0.0018112298828914,0.0029837664090915,0.0022799795527582,0.0027374410093748,0.4669560828425745,40.6802001953125,39.36337666829427,0.0095117588249615,42.084999084472656,42.084999084472656,0.9815849417122222,0.3137495040893555,0.0075950010568677,41.244998931884766,41.0099983215332,41.0099983215332,-0.0072622377580403,Fidelity Enhanced International ETF,P,True,False,False,False,False,False,False,False,False,,False,,,10288922624.0,Global Equity,unknown,242.0,True,,False,True,265.0,True,True,False,251.0,,0,0,False,Global Equity,Global Equity,Global Equity,Global Equity,Global Equity
2026-08-31,CGXU,35.09000015258789,35.149898529052734,34.79999923706055,34.880001068115234,909635.0,251,31728069.771595,28061671.416646004,31534856.800951578,0.0347078616261813,-0.010383867136027,0.1153113655521034,0.2289630079197824,0.0,0.0677642082430667,0.007946816396394,-0.0,0.0078139833880651,0.0027348941858227,-0.0,34.28263053894043,32.52313256581624,0.0040779594835373,35.54499816894531,35.83886267180888,0.9732451999809724,0.4041948318481445,0.0115881542279432,34.52000045776367,34.040000915527344,34.040000915527344,-0.024082572444522,Capital Group International Focus Equity ETF,P,True,False,False,False,False,False,False,False,False,,False,,,6228755968.0,Global Equity,unknown,342.0,True,,False,True,339.0,True,True,False,252.0,,0,0,False,Global Equity,Global Equity,Global Equity,Global Equity,Global Equity
2026-08-31,AOA,99.0,99.04000091552734,98.6500015258789,98.87000274658205,125375.0,251,12395826.594352722,10711304.3612957,10454275.62926459,0.0130123390606167,0.0130546267917219,0.0756340960137318,0.151011417799284,0.0364778264111905,0.0914811676970519,0.0019650117704287,0.0004762044099713,0.0069190954210471,0.0027312162638478,0.140734861635341,97.60507049560547,94.2352175394694,0.0055941689162062,100.02999877929688,100.02999877929688,0.9884035184757504,0.5979991912841797,0.006048337965732,98.52999877929688,98.0,98.0,-0.0087994611349609,iShares Core 80/20 Aggressive Allocation ETF,P,True,False,False,False,False,False,False,False,False,,False,,,3205894144.0,Other,unknown,481.0,True,,False,True,450.0,True,True,False,253.0,,0,0,False,Other,Other,Other,Other,Other
2026-08-31,CORO,37.09000015258789,37.185001373291016,36.880001068115234,37.060001373291016,613871.0,251,22750060.10302353,27493974.64028301,32833466.694674235,0.0328874099790479,0.0179348271967538,0.0898704234124556,0.2582053422370617,0.0323457713981201,0.0698321302538892,0.0084917049489306,0.0005801158205709,0.0062758431137107,0.0025736203731699,0.1734597855905534,36.2391439819336,34.74930222829183,0.0063307986285989,37.560001373291016,37.560001373291016,0.9866879664079152,0.3893503189086914,0.0105059445353743,36.560001373291016,36.2400016784668,36.2400016784668,-0.0221262726507934,iShares International Country Rotation Active ETF,Q,True,False,False,False,False,False,False,False,False,,False,,,7762802688.0,Global Equity,unknown,291.0,True,,False,True,335.0,True,True,False,254.0,,0,0,False,Global Equity,Global Equity,Global Equity,Global Equity,Global Equity
2026-08-31,PAAA,51.33000183105469,51.33000183105469,51.310001373291016,51.310001373291016,4324443.0,251,221887176.26871872,117860523.14296477,108884710.55380727,0.0003899484774159,0.0035880565744352,0.0160601238630744,0.0454557276991234,0.1677954451085685,0.3834474997024099,1.7725391806105566e-05,0.000602059549982,0.0061582143402068,0.0025467137265607,0.1917060377485214,51.370232849121095,50.94661524454752,0.001066528788711,51.5099983215332,51.5099983215332,0.996117317904113,0.0295000076293945,0.0005749367928247,51.310001373291016,51.29999923706055,51.29999923706055,-0.0001949354114746,PGIM AAA CLO ETF,P,True,False,False,False,False,False,False,False,False,,False,,,10160844800.0,Other,unknown,246.0,True,,False,True,172.0,True,True,False,255.0,,0,0,False,Other,Other,Other,Other,Other
2026-08-31,FRDM,69.08999633789062,69.0999984741211,68.43499755859375,68.76000213623047,346927.0,251,23854701.261116028,15516317.76569252,21286714.269359164,0.0507334897763318,-0.0686778103471758,0.1355273732319892,0.2318435590486912,0.0,0.053550238098717,0.0117622328327051,-0.0,0.0072575231054667,0.0025401330869133,-0.0,67.93420051574707,64.01344627380371,-0.0069520426898298,69.70999908447266,76.54803516994124,0.8982595305494011,1.3327003479003907,0.0193819125435741,66.19000244140625,65.5,65.5,-0.0474113152261339,Freedom 100 Emerging Markets ETF,Z,True,False,False,False,False,False,False,False,False,,False,,,3602242816.0,Country / Region,unknown,454.0,True,,False,True,389.0,True,True,False,256.0,,0,0,False,Country / Region,Country / Region,Country / Region,Country / Region,Country / Region
2026-08-31,EWJ,96.4499969482422,96.5199966430664,95.63500213623048,95.87999725341795,5304580.0,251,508603115.8305359,323558474.9162064,456956029.3487476,0.0319663488778854,0.037350084995928,0.0687466115817041,0.209597203669215,0.0552291941067214,0.0489511429591516,0.0067000573363193,0.0020628150941426,0.0033652252114932,0.0025186586352153,0.4522440843851733,93.98960006713868,90.39726008097333,0.0062868356654686,98.79000091552734,98.79000091552734,0.970543540488499,1.1722492218017575,0.0122262125091995,94.0500030517578,93.29000091552734,93.29000091552734,-0.0270128954118038,iShares MSCI Japan Index Fund,P,True,False,False,False,False,False,False,False,False,,False,,,22312462336.0,Country / Region,unknown,123.0,True,,False,True,67.0,True,True,False,257.0,,0,0,False,Country / Region,Country / Region,Country / Region,Country / Region,Country / Region
2026-08-31,FNDF,55.75,55.869998931884766,55.415000915527344,55.56999969482422,1638678.0,251,91061335.95991516,82405212.88255234,76074439.14247398,0.0271719272119075,0.0195993370345173,0.0775981938023024,0.289941522931859,0.0437211658144831,0.0696956185465466,0.007878269956814,0.00085690586434,0.0054082541151462,0.0024498777521222,0.2047421516185228,53.931201477050784,51.95671562194824,0.0084713761667019,55.970001220703125,55.970001220703125,0.9928532871689316,0.4462495803833007,0.0080304045858194,54.90999984741211,54.29999923706055,54.29999923706055,-0.022854066308047,Schwab Fundamental International Equity ETF,P,True,False,False,False,False,False,False,False,False,,False,,,23990886400.0,Global Equity,unknown,115.0,True,,False,True,219.0,True,True,False,258.0,,0,0,False,Global Equity,Global Equity,Global Equity,Global Equity,Global Equity
2026-08-31,AAXJ,116.97000122070312,117.36499786376952,116.38999938964844,116.76000213623048,808042.0,251,94346985.64616394,48081831.329351045,62716363.9569133,0.048868149984905,-0.0417163008265903,0.1170535852577805,0.2365216883639869,0.0,0.058005237391484,0.0115583773416542,-0.0,0.0067897210004018,0.0023764023501406,-0.0,114.36960021972656,109.17210006713869,-0.0016341279508824,118.33000183105467,124.88999938964844,0.9349027360625336,1.779250335693359,0.0152385260632096,113.30999755859376,111.45999908447266,111.45999908447266,-0.0453922829289947,iShares MSCI All Country Asia ex Japan ETF,Q,True,False,False,False,False,False,False,False,False,,False,,,3970623744.0,Country / Region,unknown,426.0,True,,False,True,246.0,True,True,False,259.0,,0,0,False,Country / Region,Country / Region,Country / Region,Country / Region,Country / Region
2026-08-31,PTLC,59.79999923706055,59.83000183105469,59.60390090942383,59.75,128140.0,251,7656365.0,6776385.963794708,6287913.0324869305,0.011340523835142,0.0130552808365531,0.0682996544605902,0.1276190697633863,0.0332901396529695,0.0850022426419782,0.0014472671024703,0.0004346121222575,0.0058056238008223,0.0023144662097552,0.0958446006297022,58.81689971923828,56.84324651082357,0.0071524933793454,60.75,60.75,0.9835390946502056,0.4232048034667969,0.0070829255810342,59.400001525878906,59.290000915527344,59.290000915527344,-0.0076987294472411,Pacer Trendpilot US Large Cap ETF,Z,True,False,False,False,False,False,False,False,False,,False,,,3292433408.0,Factor / Style,unknown,474.0,True,,False,True,462.0,True,True,False,260.0,,0,0,False,Factor / Style,Factor / Style,Factor / Style,Factor / Style,Factor / Style
2026-08-31,IWY,286.4200134277344,287.54998779296875,285.6849975585937,287.1700134277344,201236.0,251,57788944.82214356,101775380.0786316,109109837.5003546,0.0178641351777359,-0.048701592138079,0.0924635237419004,0.118310042789077,0.0,0.0705527792925862,0.0021135065972678,-0.0,0.0065235585831771,0.0022832455041119,-0.0,284.3056030273437,276.50878743489585,-0.0004714329243432,294.2300109863281,302.8307183720784,0.94828561306947,3.612245178222656,0.0125787687060566,281.7099914550781,281.7099914550781,281.7099914550781,-0.0190132037376884,iShares Russell Top 200 Growth ETF,P,True,False,False,False,False,False,False,False,False,,False,,,16964288512.0,Factor / Style,unknown,153.0,True,,False,True,171.0,True,True,False,261.0,,0,0,False,Factor / Style,Factor / Style,Factor / Style,Factor / Style,Factor / Style
2026-08-31,VONG,126.05999755859376,126.50499725341795,125.66000366210938,126.38999938964844,771569.0,251,97518605.43907166,136252312.51995468,154849119.99479142,0.0155069927637221,-0.0450459226995272,0.0904599409331099,0.1043808610536991,0.0,0.070679585785198,0.0016186332570307,-0.0,0.0063936711553056,0.0022377849043569,-0.0,125.21400024414062,121.68187306722004,0.0003797469578139,129.75999450683594,132.77137888766129,0.9519370849992288,1.582748794555664,0.0125227375757491,124.27999877929688,124.27999877929688,124.27999877929688,-0.016694363640644,Vanguard Russell 1000 Growth ETF,Q,True,False,False,False,False,False,False,False,False,,False,,,53361160192.0,Factor / Style,unknown,52.0,True,,False,True,131.0,True,True,False,262.0,,0,0,False,Factor / Style,Factor / Style,Factor / Style,Factor / Style,Factor / Style
2026-08-31,VOT,301.3399963378906,302.0299987792969,300.5364990234375,302.0299987792969,138892.0,251,41949550.5904541,47778376.41807251,58388701.21283056,0.0015918123222,0.0032138177641154,0.0894444877422457,0.0093788739507723,0.00531130655796,0.0706011858054034,1.4929407123200746e-05,1.7069571366634976e-05,0.0063148868983594,0.0022213056358141,0.0028220978723033,301.8278570556641,286.5619064331055,0.0046831750804108,315.1499938964844,315.1499938964844,0.9583690453076862,3.609672546386719,0.0119513709266489,300.5364990234375,300.5364990234375,300.5364990234375,-0.0049448722375114,Vanguard Morningstar Mid-Cap Growth ETF,P,True,False,False,False,False,False,False,False,False,,False,,,34797047808.0,Factor / Style,unknown,86.0,True,,False,True,257.0,True,True,False,263.0,,0,0,False,Factor / Style,Factor / Style,Factor / Style,Factor / Style,Factor / Style
2026-08-31,CGGO,40.31999969482422,40.343299865722656,40.04999923706055,40.16999816894531,942285.0,251,37851586.72462464,42938049.054439545,50479997.917904325,0.0065146159490667,-0.0306467302087488,0.1011512794137161,0.0505832995032732,0.0,0.0626166442637611,0.0003295307697004,-0.0,0.0063337536798729,0.0022168137879555,-0.0,40.4907999420166,38.280200017293296,-0.0001827255268679,41.71500015258789,42.880001068115234,0.9368003070973562,0.4647497177124023,0.0115695727880737,40.04999923706055,40.04999923706055,40.04999923706055,-0.0029872775044718,Capital Group Global Growth Equity ETF,P,True,False,False,False,False,False,False,False,False,,False,,,11956222976.0,Factor / Style,unknown,205.0,True,,False,True,277.0,True,True,False,264.0,,0,0,False,Factor / Style,Factor / Style,Factor / Style,Factor / Style,Factor / Style
2026-08-31,FLJP,41.09999847412109,41.1150016784668,40.760101318359375,40.84999847412109,514643.0,251,21023165.764717106,29096007.66705055,40397108.75899457,0.031305171539065,0.0341178540574751,0.061134283763873,0.2214282502932549,0.0547496948707919,0.046007707462735,0.0069318493590253,0.0018679420992929,0.0028126482433521,0.0021985892497136,0.4820537411279796,40.084022750854494,38.65514017740885,0.0058848910396085,42.025001525878906,42.025001525878906,0.972040380509344,0.4642444610595703,0.0113646139143352,40.14500045776367,39.75,39.75,-0.0269277482303446,Franklin FTSE Japan ETF,P,True,False,False,False,False,False,False,False,False,,False,,,3791726592.0,Country / Region,unknown,443.0,True,,False,True,305.0,True,True,False,265.0,,0,0,False,Country / Region,Country / Region,Country / Region,Country / Region,Country / Region
2026-08-31,SIL,98.6500015258789,98.6999969482422,96.02999877929688,97.9499969482422,1227813.0,251,120264279.60301208,141651715.99072495,110308259.9417945,0.2923868025468628,0.0720852704517027,-0.1615942643221828,0.4473152124179559,0.0462891019418751,0.0,0.1307890646894568,0.0033367624324465,-0.0,0.0021688955810902,0.9272460435615292,82.79298385620118,90.79031061808269,0.0423066140193117,104.48999786376952,108.96972007114404,0.8988735300438755,3.956999588012695,0.0403981593802766,87.18000030517578,77.51000213623047,77.51000213623047,-0.208677850422113,Global X Silver Miners ETF,P,True,False,False,False,False,False,False,False,False,,False,,,4207305472.0,Commodity,unknown,412.0,True,,False,True,170.0,True,True,False,266.0,,0,0,False,Commodity,Commodity,Commodity,Commodity,Commodity
2026-08-31,VSGX,83.7699966430664,83.65519714355469,83.06999969482422,83.27999877929688,156015.0,251,12992929.009552002,12577072.63848877,14246083.742152622,0.0342772261710984,0.0162563008178144,0.0858322341392763,0.2754498267393263,0.0274619502341209,0.0624822496900348,0.0094416560099337,0.0004464297240497,0.0053629910849437,0.0021672262003626,0.1339795668674675,81.58419952392578,78.2090985107422,0.0059930629799707,84.2699966430664,84.45695211165649,0.9860644588404798,0.8187599182128906,0.0098314112657796,82.12999725341797,81.2300033569336,81.2300033569336,-0.0246156994766059,Vanguard ESG International Stock ETF,Z,True,False,False,False,False,False,False,False,False,,False,,,6694336000.0,Global Equity,unknown,323.0,True,,False,True,425.0,True,True,False,267.0,,0,0,False,Global Equity,Global Equity,Global Equity,Global Equity,Global Equity
2026-08-31,SHYG,42.25,42.31999969482422,42.22990036010742,42.31999969482422,749174.0,251,31705043.45137024,49646858.979457095,56369417.19825478,0.0073792284141109,0.0115951155367217,0.0249266337925697,0.3563269798257499,0.1571419567949521,0.1121815167782277,0.0026294181742445,0.001822079144704,0.0027963075870259,0.0021630590995166,0.8590229606563099,42.04470626831055,41.65435028076172,0.0021590737070307,42.369998931884766,42.369998931884766,0.9988199377313904,0.0735048294067382,0.0017368816147635,42.150001525878906,42.02000045776367,42.02000045776367,-0.007088828904156,iShares 0-5 Year High Yield Corporate Bond ETF,P,True,False,False,False,False,False,False,False,False,,False,,,7603881984.0,Bond,unknown,295.0,True,,False,True,262.0,True,True,False,268.0,,0,0,False,Bond,Bond,Bond,Bond,Bond
2026-08-31,IWF,122.52999877929688,122.86499786376952,122.0500030517578,122.70999908447266,4714470.0,251,578512609.3837738,396102718.1240654,576538841.7599088,0.0152229361800246,-0.0462215206852849,0.0891190178711636,0.1003268906451368,0.0,0.0691322248193516,0.0015272698534312,-0.0,0.006160995979149,0.0021563485927021,-0.0,121.6352000427246,118.24884623209635,0.0002471605949929,126.05999755859376,129.02637734576848,0.9510458373610768,1.550248336791992,0.0126334312473167,120.69000244140624,120.69000244140624,120.69000244140624,-0.0164615488398451,iShares Russell 1000 Growth Fund,P,True,False,False,False,False,False,False,False,False,,False,,,128899137536.0,Factor / Style,unknown,21.0,True,,False,True,50.0,True,True,False,269.0,,0,0,False,Factor / Style,Factor / Style,Factor / Style,Factor / Style,Factor / Style
2026-08-31,REET,27.600000381469727,27.63500022888184,27.3799991607666,27.5,2931304.0,251,80610860.0,82215398.06802559,77592347.26942699,-0.0313490457478822,0.0345343963069399,0.0217150735627595,0.0,0.0869142884075817,0.0258998759910908,-0.0,0.0030015324806031,0.0005624177124128,0.0021478423117365,0.9474965435892266,28.08499988555908,26.979014841715493,0.0047989083037813,28.51000022888184,29.059999465942383,0.9463179802267144,0.2594497680664062,0.0094345370205965,27.3799991607666,27.3799991607666,27.3799991607666,-0.0043636668812144,iShares Global REIT ETF,P,True,False,False,False,False,False,False,False,False,,False,,,4886244352.0,REIT / Infra,unknown,381.0,True,,False,True,213.0,True,True,False,270.0,,0,0,False,REIT / Infra,REIT / Infra,REIT / Infra,REIT / Infra,REIT / Infra
2026-08-31,SCZ,87.08000183105469,87.36000061035156,86.69000244140625,86.80000305175781,1291805.0,251,112128677.942276,78088852.89365768,118249012.77570572,0.0291677356021178,0.0314160308924833,0.044761837681805,0.2715239930207021,0.0711554623703648,0.0427016468604054,0.0079197400380591,0.0022354222039963,0.0019114041855112,0.0021220158975265,1.0489124507246386,84.40099975585937,82.67048960367839,0.0080585193948832,87.8499984741211,87.8499984741211,0.9880478606647604,0.7240001678466796,0.0083410154653447,85.58000183105469,84.70999908447266,84.70999908447266,-0.0240783858733151,iShares MSCI EAFE Small-Cap ETF,Q,True,False,False,False,False,False,False,False,False,,False,,,14441042944.0,Country / Region,unknown,177.0,True,,False,True,161.0,True,True,False,271.0,,0,0,False,Country / Region,Country / Region,Country / Region,Country / Region,Country / Region
2026-08-31,XLP,85.3499984741211,85.3499984741211,84.90229797363281,84.9800033569336,7010335.0,251,595738291.8332291,744262358.685442,937018455.6138012,0.0014141261574229,0.0431505781930796,-0.0299707157986811,0.0096465388924971,0.0755668320140259,0.0,1.3641422976478269e-05,0.0032607524936245,-0.0,0.0021194891208559,3.003322442482603,84.90539993286133,84.06810236612955,0.0046773948997236,87.47000122070312,88.77999877929688,0.9571976179926528,1.088385009765625,0.0128075425602677,84.90229797363281,83.86000061035156,83.86000061035156,-0.0131796034636264,State Street Consumer Staples Select Sector SPDR ETF,P,True,False,False,False,False,False,False,False,False,,False,,,13649293312.0,Sector,unknown,187.0,True,,False,True,32.0,True,True,False,272.0,,0,0,False,Sector,Sector,Sector,Sector,Sector
2026-08-31,VDC,230.1499938964844,230.17999267578125,229.22000122070312,229.55999755859372,108928.0,251,25005511.4140625,32466822.1701294,35689245.053641185,-0.0023468428100733,0.0421059616759595,-0.0367155865050167,0.0,0.0763848049194616,0.0,-0.0,0.0032162556685645,-0.0,0.0020905661845669,4.868648686412685,229.93548919677733,228.86482055664064,0.0037358841546184,236.22000122070312,239.72999572753903,0.9575772813156688,2.784001159667969,0.0121275535340488,229.16000366210935,227.30999755859372,227.30999755859372,-0.0098013592260371,Vanguard Consumer Staples ETF,P,True,False,False,False,False,False,False,False,False,,False,,,9185586176.0,Sector,unknown,262.0,True,,False,True,316.0,True,True,False,273.0,,0,0,False,Sector,Sector,Sector,Sector,Sector
2026-08-31,CGGR,46.83000183105469,46.92509841918945,46.66999816894531,46.880001068115234,2758785.0,251,129331843.74670029,122759460.75308514,122421710.91488037,0.0242517063414904,-0.0180645502547421,0.0875737073829066,0.163958997290828,0.0,0.0681691286524637,0.0039762854543423,-0.0,0.0059698233251585,0.0020894381638055,-0.0,46.28481277465821,44.70084381103516,0.003841068889731,47.619998931884766,47.99230270034517,0.976823332708686,0.5175001144409179,0.0110388247152342,46.22499847412109,46.0099983215332,46.0099983215332,-0.0185580786424885,Capital Group Growth ETF,P,True,False,False,False,False,False,False,False,False,,False,,,24842137600.0,Factor / Style,unknown,111.0,True,,False,True,154.0,True,True,False,274.0,,0,0,False,Factor / Style,Factor / Style,Factor / Style,Factor / Style,Factor / Style
2026-08-31,ESGE,54.18000030517578,54.310001373291016,53.834999084472656,53.9900016784668,1120257.0,251,60482677.31031418,30465917.801787376,44590191.48815912,0.044294020923282,-0.0310084180093394,0.1057024496904255,0.220192363417352,0.0,0.0545804125265473,0.0097532051523551,-0.0,0.00576928330917,0.0020192491582095,-0.0,52.83029983520508,50.70313761393229,-0.0007509202926315,54.68999862670898,57.11000061035156,0.9453686062241216,0.785249900817871,0.0145443577774708,52.44499969482422,51.7599983215332,51.7599983215332,-0.0413040060679049,iShares ESG Aware MSCI EM ETF,Q,True,False,False,False,False,False,False,False,False,,False,,,6917690880.0,Country / Region,unknown,313.0,True,,False,True,291.0,True,True,False,275.0,,0,0,False,Country / Region,Country / Region,Country / Region,Country / Region,Country / Region
2026-08-31,SPDW,51.93999862670898,51.99140167236328,51.58140182495117,51.68999862670898,1863749.0,251,96337183.25053024,115519547.5706152,145249272.12589973,0.0268176096549275,0.0234325953460943,0.0684920521270449,0.238095045870572,0.0447149063860421,0.0551565179251968,0.006385140000929,0.0010477863072826,0.0037777831008788,0.0020032851850413,0.2482897821836268,50.63480010986328,48.7561959584554,0.0076222529986142,52.43000030517578,52.43000030517578,0.9858859112309838,0.4674999237060547,0.0090443013373285,51.290000915527344,50.75,50.75,-0.0181853095701819,State Street SPDR Portfolio Developed World ex-US ETF,P,True,False,False,False,False,False,False,False,False,,False,,,40294080512.0,Country / Region,unknown,78.0,True,,False,True,141.0,True,True,False,276.0,,0,0,False,Country / Region,Country / Region,Country / Region,Country / Region,Country / Region
2026-08-31,JHMM,74.97000122070312,74.97000122070312,74.53009796142578,74.6500015258789,148600.0,251,11092990.226745604,13688002.069396973,16006451.01198469,-0.004002607532732,0.0241655131815505,0.0522070590229173,0.0,0.0588117513964253,0.0578388847110986,-0.0,0.0014212161536003,0.003019598067932,0.0019806498236164,0.1602306928662844,74.8913638305664,71.80817952473959,0.0066955768162022,77.44999694824219,77.44999694824219,0.963847701320964,0.6697467803955078,0.0089718254079784,74.53009796142578,74.53009796142578,74.53009796142578,-0.0016062098057902,John Hancock Multifactor Mid Cap ETF,P,True,False,False,False,False,False,False,False,False,,False,,,5809617408.0,Factor / Style,unknown,354.0,True,,False,True,418.0,True,True,False,277.0,,0,0,False,Factor / Style,Factor / Style,Factor / Style,Factor / Style,Factor / Style
2026-08-31,SCHM,35.52000045776367,35.59550094604492,35.33980178833008,35.5099983215332,2286108.0,251,81179691.24284363,37095977.21917419,34034627.957659766,0.0068045891878263,0.007828460922006,0.0799636915746841,0.0436359147007131,0.0135352555528953,0.0669294465832428,0.0002969244733733,0.0001059602191652,0.0053519256238467,0.0019420481108037,0.0243893752467796,35.729482421875,33.92422819773356,0.0028986363230205,36.91999816894531,36.91999816894531,0.961809319681979,0.407785415649414,0.0114836788207374,35.33980178833008,35.33980178833008,35.33980178833008,-0.0047929186496163,Schwab U.S. Mid Cap ETF,P,True,False,False,False,False,False,False,False,False,,False,,,15320031232.0,Factor / Style,unknown,167.0,True,,False,True,327.0,True,True,False,278.0,,0,0,False,Factor / Style,Factor / Style,Factor / Style,Factor / Style,Factor / Style
2026-08-31,CWB,101.91000366210938,102.40760040283205,101.72000122070312,102.19000244140624,244049.0,251,24939367.905822758,54228515.17534332,76779166.821695,-0.0107454073335835,-0.0634319095999877,0.0858940563521073,0.0,0.0,0.0639691440984393,-0.0,-0.0,0.0054945692679874,0.0019230992437955,-0.0,104.01173797607422,100.16067087809245,-0.0063737838262526,107.33000183105467,111.69357481451836,0.9149138848058715,1.614499282836914,0.0157989944638922,101.72000122070312,101.72000122070312,101.72000122070312,-0.0045992876942401,State Street SPDR Bloomberg Convertible Securities ETF,P,True,False,False,False,False,False,False,False,False,,False,,,6197490688.0,Other,unknown,343.0,True,,False,True,215.0,True,True,False,279.0,,0,0,False,Other,Other,Other,Other,Other
2026-08-31,INDA,49.869998931884766,49.869998931884766,49.61000061035156,49.70000076293945,5491452.0,251,272925168.5896454,198566082.77077943,277561323.12609744,-0.0091706356832532,0.0356324030978296,-0.0245338563548999,0.0,0.081312372027148,0.0,-0.0,0.002897355216912,-0.0,0.0018832808909928,1.349820901444589,49.40700004577637,49.49853337605794,0.0054580071139584,50.619998931884766,51.650001525878906,0.9622458721136258,0.3189996719360352,0.006418504366984,49.29999923706055,49.29999923706055,49.29999923706055,-0.0080483203166705,iShares MSCI India ETF,Z,True,False,False,False,False,False,False,False,False,,False,,,6871878656.0,Country / Region,unknown,315.0,True,,False,True,87.0,True,True,False,280.0,,0,0,False,Country / Region,Country / Region,Country / Region,Country / Region,Country / Region
2026-08-31,VNLA,48.790000915527344,48.790000915527344,48.77999877929688,48.77999877929688,302798.0,251,14770486.070373535,18693075.882707976,18551353.64957125,-0.0006146812774022,0.0054456136069103,0.0125828266611933,0.0,0.2158538409753908,0.2509832290347139,-0.0,0.0011754566135194,0.0031580784658104,0.0018693742618212,0.2415415707687225,48.795478668212894,48.43391207377116,0.0015233418055162,48.999000549316406,48.999000549316406,0.9955304849575634,0.0339998245239257,0.0006970033902164,48.77999877929688,48.77999877929688,48.77999877929688,0.0,Janus Henderson Short Duration Income ETF,P,True,False,False,False,False,False,False,False,False,,False,,,3309779456.0,Bond,unknown,473.0,True,,False,True,404.0,True,True,False,281.0,,0,0,False,Bond,Bond,Bond,Bond,Bond
2026-08-31,VBK,350.6400146484375,351.5,348.29998779296875,350.239990234375,222655.0,251,77982685.02563477,61168909.23434448,76074666.3201323,0.0104436996370149,-0.0138428653476733,0.0869215089378401,0.0581432966102193,0.0,0.0612895464331956,0.000607231125703,-0.0,0.0053273798580891,0.0018645829503312,-0.0,353.62750061035155,335.2761511230469,0.0045613445336771,367.0400085449219,367.0400085449219,0.9542283731488886,4.679000854492188,0.013359413502042,348.29998779296875,348.29998779296875,348.29998779296875,-0.0055390660561291,Vanguard Morningstar Small-Cap Growth ETF,P,True,False,False,False,False,False,False,False,False,,False,,,47006371840.0,Factor / Style,unknown,65.0,True,,False,True,218.0,True,True,False,282.0,,0,0,False,Factor / Style,Factor / Style,Factor / Style,Factor / Style,Factor / Style
2026-08-31,IYR,103.0500030517578,103.01000213623048,102.08000183105467,102.62999725341795,4895780.0,251,502453887.9533386,482018054.2015533,558600660.5481853,-0.0247078401650959,0.0354814648317525,0.0185487228804659,0.0,0.0740639511968052,0.0201836510218626,-0.0,0.00262789747969,0.0003743809495205,0.0018391666941307,1.4089021957997503,104.39139999389648,100.86573684692382,0.0039588519372086,105.88999938964844,108.16999816894533,0.9487843116455018,1.1819992065429688,0.0115170928400624,102.08000183105467,102.08000183105467,102.08000183105467,-0.0053590123461195,iShares U.S. Real Estate ETF,P,True,False,False,False,False,False,False,False,False,,False,,,4672414720.0,REIT / Infra,unknown,391.0,True,,False,True,52.0,True,True,False,283.0,,0,0,False,REIT / Infra,REIT / Infra,REIT / Infra,REIT / Infra,REIT / Infra
2026-08-31,VNQ,96.91999816894533,96.91999816894533,95.94000244140624,96.44000244140624,3318588.0,251,320044634.8220215,264902058.8942688,303087066.9250842,-0.0265468583982984,0.0340102488258513,0.0250187073489471,0.0,0.0720431473246659,0.0273031659184221,-0.0,0.0024502053667093,0.0006830899178127,0.0018317149595955,1.0673216875196907,98.29082168579102,94.5944989522298,0.0039470520559186,99.66000366210938,101.8000030517578,0.9473477362507896,1.1060001373291015,0.0114682715608709,95.94000244140624,95.94000244140624,95.94000244140624,-0.0051845705862957,Vanguard Real Estate ETF,P,True,False,False,False,False,False,False,False,False,,False,,,71348019200.0,REIT / Infra,unknown,42.0,True,,False,True,79.0,True,True,False,284.0,,0,0,False,REIT / Infra,REIT / Infra,REIT / Infra,REIT / Infra,REIT / Infra
2026-08-31,SCHH,23.65999984741211,23.700000762939453,23.424999237060547,23.57999992370605,7623186.0,251,179754725.29839706,118998153.58706912,147898909.06567487,-0.0292301755891422,0.0320018197982361,0.0321998268021213,0.0,0.0684952996259533,0.0350403533882317,-0.0,0.0021919742356559,0.0011282933101861,0.0018196859117415,1.088325419746902,24.098923568725585,23.0633211517334,0.0029095082353582,24.420000076293945,25.030000686645508,0.9420694876883048,0.2767500877380371,0.0117366449802151,23.424999237060547,23.424999237060547,23.424999237060547,-0.0065733964014851,Schwab U.S. REIT ETF,P,True,False,False,False,False,False,False,False,False,,False,,,11128644608.0,REIT / Infra,unknown,224.0,True,,False,True,138.0,True,True,False,285.0,,0,0,False,REIT / Infra,REIT / Infra,REIT / Infra,REIT / Infra,REIT / Infra
2026-08-31,ICVT,113.98999786376952,114.0250015258789,113.4800033569336,113.83999633789062,196968.0,251,22422836.39868164,59718970.36584778,77388399.94875565,-0.011032962086065,-0.0696209449635962,0.084081974510636,0.0,0.0,0.0588665256710512,-0.0,-0.0,0.004949613711003,0.001732364798851,-0.0,116.44247528076173,111.86395736694335,-0.0073595269383472,119.5,126.28003718748644,0.9014884606731132,1.394749069213867,0.01225183691217,113.4800033569336,113.4800033569336,113.4800033569336,-0.0031622715437246,iShares Convertible Bond ETF,Z,True,False,False,False,False,False,False,False,False,,False,,,7533008896.0,Bond,unknown,296.0,True,,False,True,214.0,True,True,False,286.0,,0,0,False,Bond,Bond,Bond,Bond,Bond
2026-08-31,SCHF,28.3700008392334,28.399999618530277,28.18000030517578,28.21999931335449,7216764.0,251,203657075.12464145,178714919.45916635,205213974.4172853,0.0239477452903333,0.0186927560509684,0.0681327200155708,0.2088604691589326,0.0349767883843236,0.0542455122555642,0.0050017373166376,0.0006538125727145,0.0036958942986095,0.0017185411767777,0.1660453307799236,27.722692718505854,26.6775923538208,0.0069360510928899,28.690000534057617,28.690000534057617,0.983617943117666,0.2590003967285156,0.009177902304411,28.030000686645508,27.76000022888184,27.76000022888184,-0.0163004640561763,Schwab International Equity ETF,P,True,False,False,False,False,False,False,False,False,,False,,,66217533440.0,Global Equity,unknown,47.0,True,,False,True,111.0,True,True,False,287.0,,0,0,False,Global Equity,Global Equity,Global Equity,Global Equity,Global Equity
2026-08-31,ACWX,77.80999755859375,77.87000274658203,77.2699966430664,77.4000015258789,8650662.0,251,669561251.9998627,143803046.24417344,137761712.24355862,0.0229975915880231,0.0173146511950195,0.0695845404190167,0.2042248160933435,0.0316759330822133,0.0549338798697015,0.0046966789126538,0.0005484577325953,0.0038225487841666,0.0016943896006452,0.1647515011464214,76.00720016479492,73.31785298665365,0.006608331220743,78.44999694824219,78.44999694824219,0.9866157366066436,0.7029998779296875,0.0090826855823076,76.73999786376953,76.19999694824219,76.19999694824219,-0.0155039348059379,iShares MSCI ACWI ex U.S. ETF,Q,True,False,False,False,False,False,False,False,False,,False,,,11616678912.0,Global Equity,unknown,210.0,True,,False,True,146.0,True,True,False,288.0,,0,0,False,Global Equity,Global Equity,Global Equity,Global Equity,Global Equity
2026-08-31,CGMM,32.65999984741211,32.654998779296875,32.52000045776367,32.630001068115234,532547.0,251,17377009.178821564,22650763.769869424,25862923.11439048,0.005857042214848,0.0276808851616552,0.040113849103609,0.0514912489274379,0.0606408668771393,0.0403434385458747,0.0003015864186632,0.0016785928721293,0.0016183306061499,0.0016575010790365,0.2267613843514986,32.621446495056155,31.44111794789632,0.0079835680995801,33.84000015258789,33.84000015258789,0.9642435260337868,0.2944999694824218,0.0090254354839784,32.52000045776367,32.494998931884766,32.494998931884766,-0.0041373622988443,Capital Group U.S. Small and Mid Cap ETF,P,True,False,False,False,False,False,False,False,False,,False,,,3082042368.0,Factor / Style,unknown,499.0,True,,False,True,368.0,True,True,False,289.0,,0,0,False,Factor / Style,Factor / Style,Factor / Style,Factor / Style,Factor / Style
2026-08-31,DFAE,39.86000061035156,39.92959976196289,39.584999084472656,39.720001220703125,856120.0,251,34005087.44506836,33248742.689476013,44371093.17227318,0.0494056227732899,-0.0333716616873227,0.0924498295178299,0.2803599881498563,0.0,0.0511192113667812,0.0138513598152558,-0.0,0.0047259623759448,0.0016540868315806,-0.0,38.83536010742188,37.49615450541178,-0.0009913234610672,40.345001220703125,41.9479311788804,0.9468882041243796,0.6121801376342774,0.0154123896983969,38.6150016784668,38.220001220703125,38.220001220703125,-0.0377643492925715,Dimensional Emerging Core Equity Market ETF,P,True,False,False,False,False,False,False,False,False,,False,,,9686572032.0,Other,unknown,252.0,True,,False,True,292.0,True,True,False,290.0,,0,0,False,Other,Other,Other,Other,Other
2026-08-31,AOR,69.94999694824219,69.94999694824219,69.6449966430664,69.73999786376953,342160.0,251,23862237.669067383,19716610.399917603,20585240.800011046,0.0098465150480036,0.008175621170521,0.0535191388974272,0.1434595828310126,0.0280815895436642,0.0802366230825692,0.0014125769411258,0.000229584437975,0.0042941949754165,0.0016521981260795,0.0941743650094613,69.14238082885743,67.31356770833334,0.0041881863367023,70.48999786376953,70.48999786376953,0.989360192612724,0.364749526977539,0.0052301338994882,69.61000061035156,69.3499984741211,69.3499984741211,-0.0055921910179903,iShares Core 60/40 Balanced Allocation ETF,P,True,False,False,False,False,False,False,False,False,,False,,,3667536128.0,Other,unknown,451.0,True,,False,True,397.0,True,True,False,291.0,,0,0,False,Other,Other,Other,Other,Other
2026-08-31,EEM,67.29000091552734,67.41000366210938,66.81500244140625,67.0199966430664,20736370.0,251,1389751447.789383,1157258198.7435722,1634705704.826022,0.0419775646929838,-0.0386936832877199,0.0954203175710035,0.206737453586976,0.0,0.0492025947779723,0.00867833483241,-0.0,0.0046949272190315,0.001643224526661,-0.0,65.87259986877442,63.33674491882324,-0.0013345206622095,68.0,71.56999969482422,0.936425833852744,0.9822502136230468,0.0146560767356389,65.25,64.47000122070312,64.47000122070312,-0.0380482773812118,iShares MSCI Emerging Index Fund,P,True,False,False,False,False,False,False,False,False,,False,,,30315917312.0,Other,unknown,94.0,True,,False,True,21.0,True,True,False,292.0,,0,0,False,Other,Other,Other,Other,Other
2026-08-31,VEA,73.25,73.30999755859375,72.73999786376953,72.91999816894531,9795308.0,251,714273841.4242554,681131292.4399414,776138263.3977327,0.0264639249604381,0.0199502284752028,0.06402790006625,0.2298285065134321,0.0375776628482642,0.0511316522760665,0.006082164350141,0.000749682959387,0.0032738523221542,0.0016331422363555,0.2115390951610444,71.49159957885742,68.98998858133952,0.0070308033408739,74.04000091552734,74.04000091552734,0.984873004690264,0.6700000762939453,0.009188152675781,72.37999725341797,71.63999938964844,71.63999938964844,-0.0175534669698057,Vanguard FTSE Developed Markets ETF,P,True,False,False,False,False,False,False,False,False,,False,,,316309798912.0,Country / Region,unknown,9.0,True,,False,True,40.0,True,True,False,293.0,,0,0,False,Country / Region,Country / Region,Country / Region,Country / Region,Country / Region
2026-08-31,IXUS,97.9800033569336,98.0,97.2249984741211,97.41999816894533,3651094.0,251,355689570.7946472,200542425.8954605,180392534.1772408,0.0256895633372664,0.0161938805857189,0.0673003416455322,0.2319394171907057,0.0307807341057976,0.0543457674635721,0.0059584223483293,0.00049845953245,0.003657488717287,0.001604119747143,0.1818103980474278,95.5777995300293,92.3924420674642,0.006535997946828,98.77999877929688,98.77999877929688,0.9862320244264206,0.8667488098144531,0.0088970316783556,96.4800033569336,95.7699966430664,95.7699966430664,-0.0169369899085553,iShares Core MSCI Total International Stock ETF,Q,True,False,False,False,False,False,False,False,False,,False,,,58515161088.0,Country / Region,unknown,50.0,True,,False,True,121.0,True,True,False,294.0,,0,0,False,Country / Region,Country / Region,Country / Region,Country / Region,Country / Region
2026-08-31,IEMG,82.05999755859375,82.19000244140625,81.5000991821289,81.7300033569336,8260664.0,251,675144096.4505005,691605360.0309982,920591235.157202,0.0463449330213203,-0.0327947358104527,0.0922251723164409,0.2455904525929334,0.0,0.0494711941709723,0.0113818730760952,-0.0,0.004562489407118,0.0015968712924913,-0.0,80.06359970092774,77.20830576578776,-0.0003120876277509,82.88999938964844,86.48999786376953,0.9449647979604138,1.1404949188232425,0.0139544215340655,79.52999877929688,78.63999938964844,78.63999938964844,-0.0378074616464947,iShares Core MSCI Emerging Markets ETF,P,True,False,False,False,False,False,False,False,False,,False,,,160718422016.0,Country / Region,unknown,16.0,True,,False,True,33.0,True,True,False,295.0,,0,0,False,Country / Region,Country / Region,Country / Region,Country / Region,Country / Region
2026-08-31,XLB,53.15999984741211,53.2599983215332,52.56499862670898,52.68999862670898,12106186.0,251,637874923.7146835,564655516.0711406,588070163.2274,0.0329347257489829,0.0386294936620243,-0.0023998968625039,0.2058821054481842,0.0632733190114818,0.0,0.0067806706795591,0.0024442162757292,-0.0,0.001588740579224,0.8009472577008763,51.73099983215332,51.112512029012045,0.0072794287530273,54.18999862670898,54.18999862670898,0.9723196154638636,0.7877504348754882,0.0149506634163427,51.75,51.02999877929688,51.02999877929688,-0.0315050273425256,State Street Materials Select Sector SPDR ETF,P,True,False,False,False,False,False,False,False,False,,False,,,8166011392.0,Sector,unknown,279.0,True,,False,True,49.0,True,True,False,296.0,,0,0,False,Sector,Sector,Sector,Sector,Sector
2026-08-31,VXUS,87.81999969482422,87.83999633789062,87.16230010986328,87.31999969482422,5440673.0,251,475079564.6996384,433456155.5158657,471809602.07295626,0.0270524952078481,0.0162554421292728,0.0655830533183163,0.2505443617420905,0.0312034632979086,0.053683847442744,0.0067778501453812,0.000507226091872,0.0035207506291698,0.0015619596799262,0.2018904278729191,85.58919967651367,82.85359995524088,0.0062908072567626,88.44999694824219,88.62000274658203,0.985330591159252,0.7783855438232422,0.0089141725440177,86.41000366210938,85.76000213623047,85.76000213623047,-0.0178652950532043,Vanguard Total International Stock ETF,Q,True,False,False,False,False,False,False,False,False,,False,,,650318381056.0,Global Equity,unknown,5.0,True,,False,True,62.0,True,True,False,297.0,,0,0,False,Global Equity,Global Equity,Global Equity,Global Equity,Global Equity
2026-08-31,VEU,85.66000366210938,85.7300033569336,85.07499694824219,85.25,1611307.0,251,137363921.75,202885880.85594788,222622286.762954,0.024393159691421,0.0150420123868342,0.0668918486029581,0.2293786304317465,0.0288771034549388,0.0545947248817968,0.005595269561921,0.000434369747865,0.0036519420713133,0.0015605200610719,0.1586173414655447,83.7102001953125,80.88792760213217,0.006050489509414,86.3499984741211,86.3499984741211,0.9872611639425708,0.7512496948242188,0.0088123131357679,84.4000015258789,83.87000274658203,83.87000274658203,-0.0161876510664864,Vanguard FTSE All World Ex US ETF,P,True,False,False,False,False,False,False,False,False,,False,,,94563958784.0,Country / Region,unknown,32.0,True,,False,True,108.0,True,True,False,298.0,,0,0,False,Country / Region,Country / Region,Country / Region,Country / Region,Country / Region
2026-08-31,SPHY,23.309999465942383,23.350000381469727,23.299999237060547,23.350000381469727,3368669.0,251,78658422.43504524,95504842.8825593,122068291.41923285,0.0064655005860985,0.0109698439743113,0.0215428009296094,0.2542357539334887,0.1278251054407727,0.0838826562971126,0.0016437614160641,0.0014022214626851,0.0018070673660555,0.0015439175288648,0.719724099178195,23.21473918914795,23.003576532999677,0.0019968579051374,23.399999618530277,23.399999618530277,0.9978632804326648,0.0549999237060546,0.0023554570795511,23.239999771118164,23.200000762939453,23.200000762939453,-0.0064239664273971,State Street SPDR Portfolio High Yield Bond ETF,P,True,False,False,False,False,False,False,False,False,,False,,,11327878144.0,Bond,unknown,218.0,True,,False,True,155.0,True,True,False,299.0,,0,0,False,Bond,Bond,Bond,Bond,Bond
2026-08-31,DFEM,40.29999923706055,40.36000061035156,40.040000915527344,40.18000030517578,1051509.0,251,42249631.94089508,32973576.54958992,39261551.21257201,0.0543164434970373,-0.0347994474695634,0.0872480519652112,0.3209299574765056,0.0,0.0496318337473263,0.0174317739017792,-0.0,0.0043302808099154,0.0015155982834704,-0.0,39.2580200958252,38.037136764526366,-0.0009067554269541,40.75,42.33473122840727,0.9491025250259384,0.513399314880371,0.0127774840960923,39.09000015258789,38.672000885009766,38.672000885009766,-0.0375310952890103,Dimensional Emerging Markets Core Equity 2 ETF,P,True,False,False,False,False,False,False,False,False,,False,,,9250564096.0,Country / Region,unknown,259.0,True,,False,True,307.0,True,True,False,300.0,,0,0,False,Country / Region,Country / Region,Country / Region,Country / Region,Country / Region
2026-08-31,HYLB,36.380001068115234,36.43999862670898,36.35499954223633,36.43999862670898,1567140.0,251,57106579.44786072,23653796.85056305,35314449.43938967,0.006907985893525,0.0114952764548283,0.020684278055302,0.25,0.1271463657157714,0.0773986801886358,0.0017269964733812,0.0014615826241295,0.0016009358221351,0.0015103562434314,0.8796628075731372,36.20548095703125,35.90621129353841,0.0019763122002602,36.48500061035156,36.48500061035156,0.9987665620696246,0.0774995803833007,0.0021267723189895,36.27000045776367,36.20000076293945,36.20000076293945,-0.0065861106699829,Xtrackers USD High Yield Corporate Bond ETF,P,True,False,False,False,False,False,False,False,False,,False,,,3468311296.0,Bond,unknown,467.0,True,,False,True,319.0,True,True,False,301.0,,0,0,False,Bond,Bond,Bond,Bond,Bond
2026-08-31,FNDE,42.27999877929688,42.334999084472656,42.05500030517578,42.119998931884766,2764339.0,251,116433955.7273674,46388762.7100935,37315392.52006258,0.0191143737195891,0.0155196047665524,0.0608348112379744,0.2041336741261926,0.0318565395666109,0.0555557895283599,0.0039018873360008,0.0004944009033038,0.0033797259691344,0.0015042646763445,0.4268755024334963,40.79742385864258,39.99221967061361,0.0065420111598808,42.34000015258789,42.34000015258789,0.9948039390668336,0.3317499160766601,0.0078763040002246,40.95000076293945,40.95000076293945,40.95000076293945,-0.027777735009856,Schwab Fundamental Emerging Markets Equity ETF,P,True,False,False,False,False,False,False,False,False,,False,,,9189189632.0,Country / Region,unknown,261.0,True,,False,True,312.0,True,True,False,302.0,,0,0,False,Country / Region,Country / Region,Country / Region,Country / Region,Country / Region
2026-08-31,AVEM,94.88999938964844,95.02999877929688,94.25,94.48999786376952,1287860.0,251,121689888.64883424,150939513.64161682,165005023.67346385,0.0472126160738815,-0.0389233545404048,0.0885875180032349,0.2619923706028912,0.0,0.0476295027868952,0.0123693452075603,-0.0,0.0042193794356192,0.0014767828024667,-0.0,92.69300003051758,89.36692611694336,-0.002258147596918,95.77999877929688,100.83000183105467,0.9371218501224652,1.2940990447998046,0.0136956193677299,91.88999938964844,90.8000030517578,90.8000030517578,-0.0390516974858201,Avantis Emerging Markets Equity ETF,P,True,False,False,False,False,False,False,False,False,,False,,,26237122560.0,Country / Region,unknown,105.0,True,,False,True,127.0,True,True,False,303.0,,0,0,False,Country / Region,Country / Region,Country / Region,Country / Region,Country / Region
2026-08-31,USHY,36.86000061035156,36.92499923706055,36.84000015258789,36.91999816894531,8558375.0,251,315975189.32914734,293128092.6221466,381939598.90339565,0.0065430169512747,0.0109055335276035,0.0211260227633727,0.2474201667453201,0.1225444801639419,0.0815008679831247,0.0016188743451018,0.0013364129370506,0.0017217891922461,0.001471294626369,0.6611145082548885,36.6999324798584,36.37082211812337,0.0020726341417707,36.9900016784668,36.9900016784668,0.9981075018560424,0.082000732421875,0.0022210383664333,36.7599983215332,36.68999862670898,36.68999862670898,-0.0062296737173132,iShares Broad USD High Yield Corporate Bond ETF,Z,True,False,False,False,False,False,False,False,False,,False,,,28476405760.0,Bond,unknown,97.0,True,,False,True,70.0,True,True,False,304.0,,0,0,False,Bond,Bond,Bond,Bond,Bond
2026-08-31,SJNK,24.88999938964844,24.920000076293945,24.8700008392334,24.920000076293945,1342214.0,251,33447972.9824028,41796489.512862965,55644531.63587473,0.0060556970431244,0.0092588115096963,0.0217139463673681,0.2458999990619635,0.1167778172907827,0.096456688126652,0.0014890958972238,0.0010812237988091,0.002094455352756,0.0014358548426905,0.7087947614696808,24.793168601989745,24.58632718404134,0.0016607160652626,24.950000762939453,24.950000762939453,0.9987975677062876,0.047499942779541,0.0019060972164573,24.81999969482422,24.790000915527344,24.790000915527344,-0.0052166597258668,State Street SPDR Bloomberg Short Term High Yield Bond ETF,P,True,False,False,False,False,False,False,False,False,,False,,,4880412160.0,Bond,unknown,382.0,True,,False,True,266.0,True,True,False,305.0,,0,0,False,Bond,Bond,Bond,Bond,Bond
2026-08-31,DFAX,38.290000915527344,38.70700073242188,38.0099983215332,38.130001068115234,483661.0,251,18441994.44660568,23665175.364839744,27710700.859542787,0.0383986873785051,0.0179693511875009,0.0588978535061941,0.3551639215882219,0.0350421903260651,0.0494201496281962,0.01363782839319,0.0006296854243483,0.0029107407330556,0.0014280547823958,0.3314881081502218,37.08769943237305,36.10408681233724,0.0071548522884565,38.70700073242188,38.70700073242188,0.9850931445632952,0.4569499969482422,0.0119840016823484,37.61000061035156,37.0099983215332,37.0099983215332,-0.0293732681670074,Dimensional World ex U.S. Core Equity 2 ETF,P,True,False,False,False,False,False,False,False,False,,False,,,11913159680.0,Global Equity,unknown,206.0,True,,False,True,359.0,True,True,False,306.0,,0,0,False,Global Equity,Global Equity,Global Equity,Global Equity,Global Equity
2026-08-31,SPHQ,85.37999725341797,85.53990173339844,85.12000274658203,85.4000015258789,854119.0,251,72941763.90328217,129730170.2324032,147116093.65251705,0.0030538188641575,0.0066495143849032,0.0654868673500119,0.0274844165721055,0.0118047657151542,0.0600323574753211,8.393242979826075e-05,7.849595943333066e-05,0.0039313310306948,0.0014269882343748,0.0233559424689893,86.44720046997071,82.27307830810547,-0.0015906549792731,88.08000183105469,90.36000061035156,0.9451084655713864,0.8745006561279297,0.0102400543384408,85.12000274658203,85.12000274658203,85.12000274658203,-0.003278674172061,Invesco S&P 500 Quality ETF,P,True,False,False,False,False,False,False,False,False,,False,,,20360812544.0,Factor / Style,unknown,135.0,True,,False,True,139.0,True,True,False,307.0,,0,0,False,Factor / Style,Factor / Style,Factor / Style,Factor / Style,Factor / Style
2026-08-31,BBJP,77.79000091552734,77.87999725341797,77.19499969482422,77.37000274658203,2372240.0,251,183540215.31555176,121285707.3451004,111171431.12327212,0.0318751571438471,0.0268082855125033,0.0505091804973827,0.2087336267819138,0.0416495595245174,0.0371814317033647,0.0066534171548786,0.0011165532832032,0.0018780036450563,0.0013830609098518,0.3962683660619777,75.88540008544922,73.64760019938151,0.0046442315348897,79.7249984741211,79.7249984741211,0.9704610125730702,0.9352493286132812,0.0120880095051385,75.94000244140625,75.2750015258789,75.2750015258789,-0.0270776935030634,JPMorgan BetaBuilders Japan ETF,Z,True,False,False,False,False,False,False,False,False,,False,,,17599494144.0,Country / Region,unknown,148.0,True,,False,True,169.0,True,True,False,308.0,,0,0,False,Country / Region,Country / Region,Country / Region,Country / Region,Country / Region
2026-08-31,JNK,95.93000030517578,96.0749969482422,95.86000061035156,96.05999755859376,3080697.0,251,295931746.2987671,249896043.4974945,256041908.11667937,0.0063907871121497,0.0099531607941256,0.0212132417320687,0.2301894397420395,0.1083373568873495,0.078975474522292,0.0014710917048564,0.0010782991331103,0.0016753258319462,0.0012872584777029,0.6036943621500811,95.52088256835935,94.67135258992514,0.0019510323201081,96.25,96.25,0.9980259486607144,0.2157508850097656,0.0022460013584547,95.66000366210938,95.4499969482422,95.4499969482422,-0.0063502043082968,State Street SPDR Bloomberg High Yield Bond ETF,P,True,False,False,False,False,False,False,False,False,,False,,,7345531392.0,Bond,unknown,300.0,True,,False,True,91.0,True,True,False,309.0,,0,0,False,Bond,Bond,Bond,Bond,Bond
2026-08-31,CGBL,38.08000183105469,38.09000015258789,37.93000030517578,37.970001220703125,1103421.0,251,41896896.71694946,47523003.59235153,68043584.54990496,0.009303623039758,0.0064376528067915,0.0501461917196814,0.1282063463895111,0.0199050704343362,0.067540931238702,0.0011927835181126,0.0001281419325509,0.0033869204868217,0.0012687144265457,0.0388622710174328,37.78175300598144,36.67614377339681,0.0047442445688652,38.68000030517578,38.68000030517578,0.9816442844138848,0.2155990600585937,0.0056781420365358,37.93000030517578,37.810001373291016,37.810001373291016,-0.0042138488877601,Capital Group Core Balanced ETF,P,True,False,False,False,False,False,False,False,False,,False,,,6991702016.0,Other,unknown,311.0,True,,False,True,234.0,True,True,False,310.0,,0,0,False,Other,Other,Other,Other,Other
2026-08-31,SPEM,52.86000061035156,52.880001068115234,52.505001068115234,52.59000015258789,1230789.0,251,64727193.6978035,72104537.10777608,98556392.97918393,0.0285546460780952,0.0071744125307295,0.0668483833046349,0.2683824405951494,0.0123939213080715,0.0517155830913494,0.0076635656047699,8.891910433750494e-05,0.0034571031213132,0.001267783510279,0.110437203103569,51.54919982910156,50.21162269592285,0.0042399553902776,53.220001220703125,53.34999847412109,0.9857544827878136,0.4537500381469727,0.0086280668726076,51.68000030517578,51.560001373291016,51.560001373291016,-0.0195854492547703,State Street SPDR Portfolio Emerging Markets ETF,P,True,False,False,False,False,False,False,False,False,,False,,,17305092096.0,Country / Region,unknown,151.0,True,,False,True,183.0,True,True,False,311.0,,0,0,False,Country / Region,Country / Region,Country / Region,Country / Region,Country / Region
2026-08-31,DFGR,29.07999992370605,29.049999237060547,28.799999237060547,28.940000534057617,437711.0,251,12667356.573762894,11964247.24217844,12686604.601594986,-0.027880413535217,0.0262839545044559,0.0158098000983881,0.0,0.067062910632834,0.0194117511183784,-0.0,0.0017626784920098,0.0003068959047412,0.0012531545864658,0.8683029997425492,29.488020095825195,28.481092961629237,0.0034910669961689,29.809999465942383,30.424999237060547,0.9511914958014508,0.2638500213623047,0.0091171394779967,28.799999237060547,28.799999237060547,28.799999237060547,-0.0048376397516756,Dimensional Global Real Estate ETF,P,True,False,False,False,False,False,False,False,False,,False,,,3711327744.0,REIT / Infra,unknown,446.0,True,,False,True,436.0,True,True,False,312.0,,0,0,False,REIT / Infra,REIT / Infra,REIT / Infra,REIT / Infra,REIT / Infra
2026-08-31,VPL,115.94000244140624,116.2957000732422,115.08499908447266,115.4499969482422,269149.0,251,31073251.22862244,35948048.248419955,46824947.23709809,0.0513614380752442,-0.0186161378168024,0.0806888979635094,0.2540538868650766,0.0,0.0440110032182442,0.0130485729779957,-0.0,0.0035511993479485,0.001242919771782,-0.0,112.8402000427246,108.33246668497722,0.0008940961683705,118.25,121.2300033569336,0.9523219809565332,1.7160350799560546,0.0148638815532007,113.08000183105467,111.2699966430664,111.2699966430664,-0.0362061534488367,Vanguard FTSE Pacific ETF,P,True,False,False,False,False,False,False,False,False,,False,,,13825753088.0,Country / Region,unknown,183.0,True,,False,True,285.0,True,True,False,313.0,,0,0,False,Country / Region,Country / Region,Country / Region,Country / Region,Country / Region
2026-08-31,FWD,128.41000366210938,128.5399932861328,127.78500366210938,128.5399932861328,126213.0,251,16223418.17262268,27381215.53974991,36524026.59100996,0.0042186975479125,-0.104999320037228,0.0916347625149283,0.0191215922322752,0.0,0.0386046271417989,8.066821426248432e-05,-0.0,0.0035375258401161,0.0012381340440406,-0.0,133.1507991027832,126.31623311360676,-0.0154175219523606,137.14999389648438,149.56900024414062,0.8594026374203058,2.2908004760742187,0.0178216943809452,126.69000244140624,126.69000244140624,126.69000244140624,-0.014392336559474,AB Disruptors ETF,P,True,False,False,False,False,False,False,False,False,,False,,,3163472384.0,Other,unknown,489.0,True,,False,True,314.0,True,True,False,314.0,,0,0,False,Other,Other,Other,Other,Other
2026-08-31,XLRE,44.29999923706055,44.34000015258789,43.86800003051758,44.11000061035156,7403569.0,251,326571433.1087799,226645418.40379104,231849642.9549304,-0.0236830386807598,0.0283459253365976,0.0199364037699067,0.0,0.0581339020011103,0.021251341477885,-0.0,0.0016478592456485,0.0004236753243552,0.0012193948731959,1.1991660540631348,44.88440017700195,43.40658732096354,0.002592016876914,45.540000915527344,46.45500183105469,0.949521017581028,0.5259000778198242,0.0119224681601207,43.86800003051758,43.86800003051758,43.86800003051758,-0.0054862973585448,State Street Real Estate Select Sector SPDR ETF,P,True,False,False,False,False,False,False,False,False,,False,,,8102354432.0,REIT / Infra,unknown,282.0,True,,False,True,104.0,True,True,False,315.0,,0,0,False,REIT / Infra,REIT / Infra,REIT / Infra,REIT / Infra,REIT / Infra
2026-08-31,IVOO,128.10000610351562,128.0,127.30999755859376,127.55999755859376,52771.0,251,6731468.631164551,9604405.693292236,10196694.08286249,-0.0098579853637384,0.0139146602595863,0.0506025325866899,0.0,0.0318933816375162,0.0517352420635198,-0.0,0.0004437855700153,0.0026179342723995,0.0012047376158498,0.0622375919588194,129.11973022460938,123.33536493937174,0.0038817464194871,133.13999938964844,133.13999938964844,0.958089215437622,1.2410011291503906,0.0097287641337586,127.30999755859376,127.30999755859376,127.30999755859376,-0.0019598620632237,Vanguard S&P Mid-Cap 400 ETF,P,True,False,False,False,False,False,False,False,False,,False,,,5857669632.0,Other,unknown,352.0,True,,False,True,454.0,True,True,False,316.0,,0,0,False,Other,Other,Other,Other,Other
2026-08-31,SPMD,66.27999877929688,66.37999725341797,65.9000015258789,66.05000305175781,1328190.0,251,87726953.55331421,90834463.35565186,99315879.33828443,-0.0095966316722021,0.0139406346268691,0.0507963867816017,0.0,0.0316120473640249,0.0515583660479335,-0.0,0.0004406920021091,0.0026189787035982,0.0012030923476303,0.0624271707718503,66.85680023193359,63.86120493570964,0.0038282929705839,68.97000122070312,68.97000122070312,0.9576627792190208,0.6679996490478516,0.0101135445599358,65.9000015258789,65.9000015258789,65.9000015258789,-0.0022710298099662,State Street SPDR Portfolio S&P 400 Mid Cap ETF,P,True,False,False,False,False,False,False,False,False,,False,,,18386264064.0,Factor / Style,unknown,142.0,True,,False,True,181.0,True,True,False,317.0,,0,0,False,Factor / Style,Factor / Style,Factor / Style,Factor / Style,Factor / Style
2026-08-31,SCHE,37.15999984741211,37.310001373291016,36.95000076293945,37.0,3346112.0,251,123806144.0,98393004.7649643,113049042.26628476,0.0237963648277728,0.0102305953805514,0.0632937091953322,0.211822937807243,0.0173341406422199,0.0487514266870117,0.0050406159069517,0.0001773385791801,0.0030856586235852,0.0011952505947219,0.1754769430810726,36.28501220703125,35.38984312693278,0.0052910411689179,37.5,37.5,0.9866666666666668,0.3395004272460937,0.0091756872228673,36.38999938964844,36.38999938964844,36.38999938964844,-0.0164865029824746,Schwab Emerging Markets Equity ETF,P,True,False,False,False,False,False,False,False,False,,False,,,12488486912.0,Country / Region,unknown,200.0,True,,False,True,166.0,True,True,False,318.0,,0,0,False,Country / Region,Country / Region,Country / Region,Country / Region,Country / Region
2026-08-31,IJH,75.69999694824219,75.75,75.2020034790039,75.3499984741211,5591336.0,251,421307159.0682984,453098336.61338806,514420660.2921864,-0.0099855752218599,0.0133854267618034,0.0501275195287869,0.0,0.0302495567562955,0.0508825476275458,-0.0,0.0004049032265384,0.0025506158998742,0.0011559026622059,0.0576994690860455,76.30179977416992,72.88776738484701,0.0037949802104526,78.70999908447266,78.70999908447266,0.9573116421111176,0.7763999938964844,0.0103039151906968,75.2020034790039,75.2020034790039,75.2020034790039,-0.0019641008376133,iShares Core S&P Mid-Cap ETF,P,True,False,False,False,False,False,False,False,False,,False,,,124330491904.0,Other,unknown,22.0,True,,False,True,57.0,True,True,False,319.0,,0,0,False,Other,Other,Other,Other,Other
2026-08-31,MDY,690.1799926757812,690.5900268554688,685.5999755859375,687.1300048828125,485120.0,251,333340507.96875,371921937.0421143,467966595.16403925,-0.0100275493140107,0.012969281433893,0.0488740938876985,0.0,0.0296125456705997,0.0499838638169033,-0.0,0.000384053438776,0.0024429160530572,0.0011046553537744,0.0564933490353173,695.6741943359375,665.0901289876302,0.0036484416293147,717.3499755859375,717.3499755859375,0.9578727654121112,6.923495483398438,0.0100759615126677,685.5999755859375,685.5999755859375,685.5999755859375,-0.0022266955103146,State Street SPDR S&P MIDCAP 400 ETF Trust,P,True,False,False,False,False,False,False,False,False,,False,,,28052918272.0,Other,unknown,100.0,True,,False,True,63.0,True,True,False,320.0,,0,0,False,Other,Other,Other,Other,Other
2026-08-31,JPIE,45.81999969482422,45.84999847412109,45.810001373291016,45.84000015258789,1497929.0,251,68665065.58856583,62975195.68577747,71028057.36516008,0.0032830275856305,0.0072499276624977,0.012823254236848,0.1807226700738112,0.1299358981099932,0.0985705067237496,0.0005933175112011,0.0009420258620591,0.0012639946679735,0.0010547149441291,0.4237727726018684,45.72054893493653,45.40186729431152,0.0016123215787253,45.970001220703125,45.970001220703125,0.9971720455805276,0.0611995697021484,0.0013350691426359,45.810001373291016,45.72999954223633,45.72999954223633,-0.0023996642666972,JPMorgan Income ETF,P,True,False,False,False,False,False,False,False,False,,False,,,9740692480.0,Bond,unknown,251.0,True,,False,True,227.0,True,True,False,321.0,,0,0,False,Bond,Bond,Bond,Bond,Bond
2026-08-31,HYG,79.70999908447266,79.80999755859375,79.62999725341797,79.80999755859375,36439569.0,251,2908241912.9262085,2367306934.030061,2508664720.20388,0.0063043754304821,0.0091337459703069,0.0189438897152653,0.2358479022866479,0.0969971274376826,0.0689390053656051,0.0014868737205066,0.0008859471218652,0.0013059729147261,0.0010329561493665,0.6449191836662225,79.37661224365235,78.76237752278645,0.0017965636409744,79.97000122070312,79.97000122070312,0.997999203955646,0.1769989013671875,0.0022177534993312,79.47000122070312,79.37000274658203,79.37000274658203,-0.0055130287616997,iShares iBoxx $ High Yield Corporate Bond ETF,P,True,False,False,False,False,False,False,False,False,,False,,,17626118144.0,Bond,unknown,146.0,True,,False,True,11.0,True,True,False,322.0,,0,0,False,Bond,Bond,Bond,Bond,Bond
2026-08-31,JGRO,93.97000122070312,94.28500366210938,93.6999969482422,94.16999816894533,425677.0,251,40086002.31056213,50475328.73067856,57405592.19010974,0.0086760663378138,-0.0506099823460168,0.0605923774968351,0.0510395103345297,0.0,0.0453472373835117,0.0004428221775119,-0.0,0.0027476969259803,0.0009616939240931,-0.0,94.63779983520509,92.54073298136392,-0.0032985458355231,97.55999755859376,99.7300033569336,0.9442494234349011,1.2243499755859375,0.0130014866665856,92.95999908447266,92.95999908447266,92.95999908447266,-0.0128490932143999,JPMorgan Active Growth ETF,P,True,False,False,False,False,False,False,False,False,,False,,,9992348672.0,Factor / Style,unknown,248.0,True,,False,True,258.0,True,True,False,323.0,,0,0,False,Factor / Style,Factor / Style,Factor / Style,Factor / Style,Factor / Style
2026-08-31,VWO,60.834999084472656,60.88999938964844,60.435001373291016,60.52000045776367,7226236.0,251,437331806.0279083,373350275.0884018,461665569.4257391,0.024720607018694,0.0028455863733474,0.058559137126066,0.227414252473612,0.0050241688447514,0.0463352923126761,0.0056218183658502,1.4296706402021316e-05,0.0027133547363143,0.0009589670168713,0.0246994962092966,59.43860015869141,58.10696907043457,0.0039223883858161,61.380001068115234,61.52000045776367,0.983745123658012,0.5402502059936524,0.0089268043937092,59.560001373291016,59.5,59.5,-0.0168539400206303,Vanguard FTSE Emerging Markets ETF,P,True,False,False,False,False,False,False,False,False,,False,,,163324018688.0,Country / Region,unknown,15.0,True,,False,True,66.0,True,True,False,324.0,,0,0,False,Country / Region,Country / Region,Country / Region,Country / Region,Country / Region
2026-08-31,IBDT,25.190000534057617,25.190000534057617,25.11000061035156,25.18000030517578,468238.0,251,11790232.982894896,13449210.209239578,15729385.281560868,0.0027877217492124,0.0065349889370578,0.008546258952838,0.279998779296875,0.1517176923730493,0.0853825147038844,0.0007805586867988,0.0009914734412138,0.0007297010807038,0.0008998531150353,0.558665228238008,25.11521099090576,24.994802207946776,0.0014948810510762,25.290000915527344,25.290000915527344,0.9956504307485404,0.0450000762939453,0.0017871356532388,25.100000381469727,25.100000381469727,25.100000381469727,-0.0031771216336963,iShares iBonds Dec 2028 Term Corporate ETF,P,True,False,False,False,False,False,False,False,False,,False,,,3989931008.0,Bond,unknown,423.0,True,,False,True,420.0,True,True,False,325.0,,0,0,False,Bond,Bond,Bond,Bond,Bond
2026-08-31,JPLD,51.97999954223633,52.010101318359375,51.959999084472656,51.98500061035156,255237.0,251,13268495.600784302,17129639.49176254,21227722.087912902,0.0018308194607934,0.0066904100084892,0.0076375320682884,0.1450403019149233,0.1489218262359452,0.0791735268597638,0.0002655426073451,0.0009963480767314,0.0006046903503509,0.0008592678724982,0.5515680147356334,51.879279937744144,51.62575419108073,0.0015216221184992,52.119998931884766,52.119998931884766,0.9974098556350772,0.064455223083496,0.0012398811643114,51.959999084472656,51.92300033569336,51.92300033569336,-0.0011926569958692,JPMorgan Limited Duration Bond ETF,P,True,False,False,False,False,False,False,False,False,,False,,,3882614016.0,Bond,unknown,437.0,True,,False,True,390.0,True,True,False,326.0,,0,0,False,Bond,Bond,Bond,Bond,Bond
2026-08-31,IMTM,53.5099983215332,53.59000015258789,53.10499954223633,53.2599983215332,488954.0,251,26041689.219306946,14324567.9050457,19420137.685570247,0.018550342111733,0.0219335491610752,0.0378827733758899,0.1588595404500538,0.0352654633500277,0.0266111042820292,0.0029468988230611,0.0007734967740759,0.0010081024327982,0.0008556087546287,0.3902052328161494,52.87334014892578,51.41883977254232,0.004819807629329,54.79199981689453,54.79199981689453,0.9720396864417978,0.5340999603271485,0.0100281632962652,53.10499954223633,52.7599983215332,52.7599983215332,-0.0093879086698702,iShares MSCI Intl Momentum Factor ETF,P,True,False,False,False,False,False,False,False,False,,False,,,4170761216.0,Country / Region,unknown,415.0,True,,False,True,402.0,True,True,False,327.0,,0,0,False,Country / Region,Country / Region,Country / Region,Country / Region,Country / Region
2026-08-31,EFG,125.0199966430664,124.83999633789062,124.02999877929688,124.37999725341795,532997.0,251,66294165.39608002,60214791.85069847,87255010.79990387,0.018923548491593,0.0188994132498951,0.0408066954396117,0.151873692067231,0.0326763245037585,0.0305467044696738,0.0028739891764315,0.0006175633602842,0.0012465100659778,0.0008376947072769,0.1557063163527348,123.2393995666504,119.76763127644855,0.0056058164745422,127.44000244140624,127.44000244140624,0.9759886603157027,1.1365001678466795,0.0091373226639579,124.02999877929688,123.54000091552734,123.54000091552734,-0.0067534680530597,iShares MSCI EAFE Growth ETF,Z,True,False,False,False,False,False,False,False,False,,False,,,16891213824.0,Country / Region,unknown,155.0,True,,False,True,203.0,True,True,False,328.0,,0,0,False,Country / Region,Country / Region,Country / Region,Country / Region,Country / Region
2026-08-31,SPSB,29.90999984741211,29.93000030517578,29.90999984741211,29.920000076293945,4355070.0,251,130303694.73226549,135853876.02206135,111395092.19988535,0.0020093591666432,0.0061688765885372,0.0087974210506074,0.1666675497109796,0.1384624244169306,0.0890912560330786,0.0003348949687937,0.0008541576083777,0.0007837732912504,0.0008295230973831,0.5155275844217548,29.851840286254884,29.70570147196452,0.0014452507317408,29.989999771118164,29.989999771118164,0.9976658987876474,0.0359997749328613,0.0012032010307842,29.90999984741211,29.8700008392334,29.8700008392334,-0.0016710974910779,State Street SPDR Portfolio Short Term Corporate Bond ETF,P,True,False,False,False,False,False,False,False,False,,False,,,10633097216.0,Bond,unknown,234.0,True,,False,True,168.0,True,True,False,329.0,,0,0,False,Bond,Bond,Bond,Bond,Bond
2026-08-31,ANGL,29.01000022888184,29.01000022888184,28.96999931335449,29.01000022888184,368004.0,251,10675796.124229431,23614996.777132034,20228188.77670288,0.0055459218473659,0.0100192459942474,0.0117504540525676,0.1818177877383641,0.0937200480287526,0.037915290093481,0.0010083472412579,0.0009390042157927,0.0004455218741332,0.0007662853962119,0.3689071507856957,28.91413974761963,28.626146659851077,0.0021756731735753,29.13999938964844,29.13999938964844,0.9955388070182052,0.0755003929138183,0.0026025643680847,28.950000762939453,28.809999465942383,28.809999465942383,-0.0068942006674076,VanEck Fallen Angel High Yield Bond ETF,Q,True,False,False,False,False,False,False,False,False,,False,,,3117964800.0,Bond,unknown,495.0,True,,False,True,398.0,True,True,False,330.0,,0,0,False,Bond,Bond,Bond,Bond,Bond
2026-08-31,NEAR,50.4900016784668,50.52000045776367,50.47999954223633,50.52000045776367,474889.0,251,23991392.49738693,33772909.13870525,27580901.66623161,0.0025798981879316,0.0057785781366836,0.0066323570121533,0.2765950539327484,0.1504749248011011,0.0712201460528431,0.0007135870784319,0.0008695311105747,0.0004723574350801,0.0007305203241516,0.6238426116441556,50.39205345153809,50.197931696573896,0.0014192465458333,50.650001525878906,50.650001525878906,0.9974333452280586,0.059500503540039,0.0011777613420606,50.47999954223633,50.38999938964844,50.38999938964844,-0.0025732594405639,iShares Short Duration Bond Active ETF,Z,True,False,False,False,False,False,False,False,False,,False,,,4774438400.0,Bond,unknown,386.0,True,,False,True,361.0,True,True,False,331.0,,0,0,False,Bond,Bond,Bond,Bond,Bond
2026-08-31,IJK,113.33000183105467,113.33999633789062,112.70999908447266,113.1500015258789,142592.0,251,16134285.017578123,20596173.272561647,27006533.6040102,-0.0014120204409333,-0.0076034368934611,0.0495810889098149,0.0,0.0,0.04136416835728,-0.0,-0.0,0.0020508805090028,0.0007178081781509,-0.0,114.81539916992188,109.58361267089845,0.0020335688014514,119.38999938964844,119.38999938964844,0.9477343337325574,1.36300048828125,0.0120459608475525,112.70999908447266,112.70999908447266,112.70999908447266,-0.0038886649180081,iShares S&P Mid-Cap 400 Growth ETF,P,True,False,False,False,False,False,False,False,False,,False,,,11298716672.0,Factor / Style,unknown,219.0,True,,False,True,364.0,True,True,False,332.0,,0,0,False,Factor / Style,Factor / Style,Factor / Style,Factor / Style,Factor / Style
2026-08-31,BSCS,20.309999465942383,20.309999465942383,20.290000915527344,20.295000076293945,703125.0,251,14269921.92864418,15935500.12663126,12356570.926385457,0.0015205750606865,0.006009437201802,0.0076237327199195,0.1281502106089812,0.1311918330447131,0.0754038723793253,0.0001948620142737,0.0007883890820714,0.0005748589690669,0.0007136535425198,0.475813853329478,20.253008613586427,20.156895434061685,0.0014469190029497,20.34000015258789,20.34000015258789,0.9977876068851348,0.0219462270184026,0.0010813612680907,20.290000915527344,20.254223031851414,20.254223031851414,-0.0020092162744144,Invesco BulletShares 2028 Corporate Bond ETF,Q,True,False,False,False,False,False,False,False,False,,False,,,3521428736.0,Bond,unknown,457.0,True,,False,True,438.0,True,True,False,333.0,,0,0,False,Bond,Bond,Bond,Bond,Bond
2026-08-31,SCHC,51.61000061035156,51.61000061035156,51.16999816894531,51.31999969482422,211854.0,251,10872347.21534729,14480540.217575071,16123905.095552716,0.0501330226414424,0.0219667049501981,0.0107209112425208,0.4173766965495504,0.0457641085731007,0.009515226289099,0.020924355378129,0.0010052866703341,0.0001020118964979,0.0006891404994914,1.7086619063251969,49.27462608337402,49.22267250061035,0.0089257032582645,52.119998931884766,52.119998931884766,0.9846508201562694,0.4715003967285156,0.0091874590711672,50.459999084472656,49.34000015258789,49.34000015258789,-0.0385814410368364,Schwab International Small-Cap Equity ETF,P,True,False,False,False,False,False,False,False,False,,False,,,5338413056.0,Global Equity,unknown,366.0,True,,False,True,415.0,True,True,False,334.0,,0,0,False,Global Equity,Global Equity,Global Equity,Global Equity,Global Equity
2026-08-31,EMLC,25.61000061035156,25.6299991607666,25.57999992370605,25.61000061035156,3931268.0,251,100679775.87945557,58330978.67914085,52209381.90174975,0.0090623111580123,0.0147875233054326,0.005597472251362,0.1428578198209938,0.0681588821412435,0.0105513470229739,0.0012946220145731,0.0010079010581358,5.906087217558886e-05,0.0006758069930497,0.295035819474703,25.43072460174561,25.22406491597493,0.0046093653021943,25.920000076293945,25.920000076293945,0.988040144096068,0.1085001945495605,0.0042366338134995,25.549999237060547,25.46999931335449,25.46999931335449,-0.0054666651175511,VanEck J. P. Morgan EM Local Currency Bond ET,P,True,False,False,False,False,False,False,False,False,,False,,,4872451072.0,Bond,unknown,383.0,True,,False,True,275.0,True,True,False,335.0,,0,0,False,Bond,Bond,Bond,Bond,Bond
2026-08-31,VAW,238.1499938964844,238.1000061035156,235.7400054931641,236.3800048828125,30521.0,251,7214554.12902832,8811177.990951538,11011703.08384971,0.0451430640514949,0.024790748900864,-0.0226423029437889,0.2498169652407565,0.0389801075623923,0.0,0.0112775032630135,0.0009663460587079,-0.0,0.0006281249381601,0.5536416239881158,230.91482177734372,230.6249979654948,0.0059636469963513,242.3800048828125,242.3800048828125,0.9752454827992064,3.3040016174316404,0.0139775004195876,231.52999877929688,227.52999877929688,227.52999877929688,-0.037439740759389,Vanguard Materials ETF,P,True,False,False,False,False,False,False,False,False,,False,,,4486959616.0,Sector,unknown,400.0,True,,False,True,445.0,True,True,False,336.0,,0,0,False,Sector,Sector,Sector,Sector,Sector
2026-08-31,COPX,94.4000015258789,94.64990234375,92.27999877929688,92.86000061035156,2752174.0,251,255566879.3197937,280777827.11757815,261678555.07082307,0.1701108857884645,0.0345942994293104,-0.0045345511401235,0.3841775820854692,0.024616126811098,0.0,0.0653527887886297,0.000851577661693,-0.0,0.0005535254801004,0.1933031492147118,82.1447981262207,83.07972361246745,0.0226189257665683,97.58999633789062,97.58999633789062,0.9515319612149368,2.659996032714844,0.0286452295415806,84.93000030517578,82.33000183105469,82.33000183105469,-0.113396496985625,Global X Copper Miners ETF,P,True,False,False,False,False,False,False,False,False,,False,,,7154050560.0,Commodity,unknown,305.0,True,,False,True,90.0,True,True,False,337.0,,0,0,False,Commodity,Commodity,Commodity,Commodity,Commodity
2026-08-31,FLXR,38.90999984741211,38.90999984741211,38.880001068115234,38.900001525878906,363395.0,251,14136066.054496763,16557185.05924034,16339829.559634374,0.0033531355837062,0.0059239353404918,0.0105689833058049,0.1287121981803005,0.0693668125549391,0.0607164551960735,0.0004315894517754,0.0004109245123514,0.0006417112013549,0.0004916998535026,0.349495863926836,38.83802810668945,38.603671366373696,0.001491143454076,39.04999923706055,39.04999923706055,0.9961588293441171,0.0877498626708984,0.002255780442901,38.84999847412109,38.810001373291016,38.810001373291016,-0.0023136285104774,TCW Flexible Income ETF,N,True,False,False,False,False,False,False,False,False,,False,,,3345479168.0,Bond,unknown,472.0,True,,False,True,413.0,True,True,False,338.0,,0,0,False,Bond,Bond,Bond,Bond,Bond
2026-08-31,SCHO,24.06999969482422,24.06999969482422,24.059999465942383,24.06999969482422,8525151.0,251,205200381.9683304,186380013.36050147,111978627.57322864,0.001664544612391,0.0049548504976193,0.0043018387485727,0.1666626930198921,0.123695845791717,0.0481784353483812,0.0002774174877528,0.0006128944230745,0.0002072558600272,0.0004709209260079,0.5697098517953325,24.027165946960448,23.95714111328125,0.0013135988794861,24.1200008392334,24.1200008392334,0.9979269841347664,0.025500202178955,0.0010594184670653,24.049999237060547,24.030000686645508,24.030000686645508,-0.0016617785079288,Schwab Short-Term U.S. Treasury ETF,P,True,False,False,False,False,False,False,False,False,,False,,,12952873984.0,Bond,unknown,198.0,True,,False,True,167.0,True,True,False,339.0,,0,0,False,Bond,Bond,Bond,Bond,Bond
2026-08-31,VGSH,58.060001373291016,58.06999969482422,58.04999923706055,58.060001373291016,5004335.0,251,290551696.9724083,388255459.6176214,250115427.24125788,0.0017253673291577,0.0050081760479696,0.0043306083037111,0.1470612984477642,0.1202516493081705,0.0486260121157516,0.0002537347597252,0.000602241429794,0.0002105802118448,0.0004651600035118,0.5554134164911572,57.96182411193848,57.79348068237304,0.0012861629226916,58.20000076293945,58.20000076293945,0.9975945122368868,0.0540004730224609,0.0009300804640921,58.040000915527344,57.97999954223633,57.97999954223633,-0.0013779164512988,Vanguard Short-Term Treasury ETF,Q,True,False,False,False,False,False,False,False,False,,False,,,33827600384.0,Bond,unknown,88.0,True,,False,True,95.0,True,True,False,340.0,,0,0,False,Bond,Bond,Bond,Bond,Bond
2026-08-31,SPTS,28.940000534057617,28.940000534057617,28.920000076293945,28.93000030517578,1875004.0,251,54243866.29220581,93043702.5184639,55993034.06068432,0.0017313416157265,0.0048510615970343,0.0043449111328373,0.1515169029632926,0.1091426169544881,0.0492310023941376,0.0002623275195863,0.0005294575577077,0.000213904330383,0.000419013928144,0.5260965526874385,28.880170860290526,28.795391082763672,0.0012454422319547,29.0,29.0,0.9975862174198544,0.0300002098083496,0.0010369930691975,28.920000076293945,28.88999938964844,28.88999938964844,-0.0013826794021909,State Street SPDR Portfolio Short Term Treasury ETF,P,True,False,False,False,False,False,False,False,False,,False,,,5912571904.0,Bond,unknown,350.0,True,,False,True,264.0,True,True,False,341.0,,0,0,False,Bond,Bond,Bond,Bond,Bond
2026-08-31,XSMO,84.0999984741211,84.16000366210938,83.34500122070312,83.66000366210938,157851.0,251,13205815.238067629,24313582.49583588,22740885.11755613,-0.0530842659084536,-0.0360452188678545,0.0414887436325011,0.0,0.0,0.0282981227158284,-0.0,-0.0,0.001174053558638,0.0004109187455233,-0.0,88.3181997680664,83.9924094136556,-0.0050979208186406,90.68000030517578,93.68000030517578,0.8930401728178389,1.216751480102539,0.0145440046239637,83.34500122070312,83.34500122070312,83.34500122070312,-0.0037652692758477,Invesco S&P SmallCap Momentum ETF,P,True,False,False,False,False,False,False,False,False,,False,,,3182153728.0,Factor / Style,unknown,486.0,True,,False,True,382.0,True,True,False,342.0,,0,0,False,Factor / Style,Factor / Style,Factor / Style,Factor / Style,Factor / Style
2026-08-31,EWZ,36.18000030517578,36.334999084472656,35.79999923706055,36.02999877929688,23943258.0,251,862675556.5123901,806571631.8382423,728319722.7710472,-0.0107083857566193,0.0197085062798394,-0.0586697421615344,0.0,0.0299519489030088,0.0,-0.0,0.0005903081730483,-0.0,0.0003837003124814,20.0,35.14859977722168,36.60098604838053,0.006302082470766,36.810001373291016,41.62374534901532,0.8656116473225834,0.7002500534057617,0.019435195035536,33.650001525878906,33.439998626708984,33.439998626708984,-0.0718845473310458,iShares MSCI Brazil ETF,P,True,False,False,False,False,False,False,False,False,,False,,,9067350016.0,Country / Region,unknown,266.0,True,,False,True,41.0,True,True,False,343.0,,0,0,False,Country / Region,Country / Region,Country / Region,Country / Region,Country / Region
2026-08-31,XLI,176.08999633789062,176.22999572753906,174.72999572753906,175.1300048828125,7355059.0,251,1288091518.583374,1093781340.3916016,1263214428.2377648,-0.043841442557025,0.0183345685445515,-0.0159072692732579,0.0,0.0311482118753094,0.0,-0.0,0.000571089025668,-0.0,0.0003712078666842,0.0836842111482658,181.76759979248047,174.3890928141276,0.003892349345637,188.19000244140625,188.19000244140625,0.9306020649919484,2.307000732421875,0.0131730752475316,174.72999572753906,174.72999572753906,174.72999572753906,-0.0022840698002669,State Street Industrial Select Sector SPDR ETF,P,True,False,False,False,False,False,False,False,False,,False,,,33963890688.0,Sector,unknown,87.0,True,,False,True,25.0,True,True,False,344.0,,0,0,False,Sector,Sector,Sector,Sector,Sector
2026-08-31,STIP,100.66999816894533,100.68499755859376,100.6230010986328,100.68000030517578,2244210.0,251,225947063.4848785,92021938.19743729,91761895.46693954,0.0007952468416316,-0.0016909402685487,0.0101438232577137,0.0625014901175404,0.0,0.102725162110518,4.970411261324775e-05,-0.0,0.001042025888569,0.0003647090609991,-0.0,100.61554779052734,100.25767893473308,0.0006296527213518,101.04000091552734,101.04000091552734,0.9964370486234206,0.1130985260009765,0.001123346500379,100.61000061035156,100.52999877929688,100.52999877929688,-0.0014898840427516,iShares 0-5 Year TIPS Bond ETF,P,True,False,False,False,False,False,False,False,False,,False,,,15883689984.0,Bond,unknown,162.0,True,,False,True,194.0,True,True,False,345.0,,0,0,False,Bond,Bond,Bond,Bond,Bond
2026-08-31,SUB,106.2300033569336,106.30999755859376,106.1999969482422,106.27999877929688,546011.0,251,58030048.413482666,49945058.14893799,49289787.81673516,0.0029253331605434,0.0038781345491811,0.0032838216525095,0.4025999762197297,0.120642770513082,0.0465116041836471,0.0011777390608695,0.0004678688964357,0.0001527358129112,0.0003575723172021,0.4009554340919877,106.08450897216797,105.85683430989585,0.000617093954611,106.43000030517578,106.43000030517578,0.998590608611775,0.0935009002685546,0.0008797600803771,106.16999816894533,105.98999786376952,105.98999786376952,-0.0027286499704386,iShares Short-Term National Muni Bond ETF,P,True,False,False,False,False,False,False,False,False,,False,,,11377924096.0,Bond,unknown,216.0,True,,False,True,281.0,True,True,False,346.0,,0,0,False,Bond,Bond,Bond,Bond,Bond
2026-08-31,ILF,35.0,35.119998931884766,34.63999938964844,34.900001525878906,5010138.0,251,174853823.8448639,92815621.36384736,82554007.15117003,-0.0073947190745604,0.0180080356177174,-0.0252277850205484,0.0,0.0303806678648381,0.0,-0.0,0.000547096149,-0.0,0.00035561249685,11.087905302998148,34.299000091552735,34.82460517883301,0.0053515390300462,35.56999969482422,38.01502057204531,0.9180582043810056,0.5654998779296875,0.016203434189261,33.15999984741211,33.15999984741211,33.15999984741211,-0.0498567794381487,iShares Latin America 40 ETF,P,True,False,False,False,False,False,False,False,False,,False,,,3739343872.0,Country / Region,unknown,445.0,True,,False,True,208.0,True,True,False,347.0,,0,0,False,Country / Region,Country / Region,Country / Region,Country / Region,Country / Region
2026-08-31,SHY,81.91999816894531,81.91999816894531,81.88999938964844,81.88999938964844,4559454.0,251,373373685.2771301,285714433.0748154,284081219.2491615,0.0014675645286601,0.0045142603121124,0.0037067109712716,0.1200036621373148,0.1027640364220492,0.0388610408237493,0.000176113117862,0.0004639036111325,0.0001440466463764,0.0003519536734678,0.5042913238357405,81.7727033996582,81.55453526814779,0.0012290682602478,82.0999984741211,82.0999984741211,0.9974421548309912,0.0790000915527343,0.0009647098808346,81.87999725341797,81.80000305175781,81.80000305175781,-0.0010989905795749,iShares 1-3 Year Treasury Bond ETF,Q,True,False,False,False,False,False,False,False,False,,False,,,25358272512.0,Bond,unknown,110.0,True,include,False,True,85.0,True,True,False,348.0,,0,0,False,Bond,Bond,Bond,Bond,Bond
2026-08-31,VTIP,49.67499923706055,49.6884994506836,49.650001525878906,49.66999816894531,2958839.0,251,146965527.71220398,121460058.74152908,119776999.70924065,0.0008059057015772,-0.0017516717087538,0.0099205850588717,0.0624959021523386,0.0,0.0946493348113658,5.036580386978276e-05,-0.0,0.0009389767767617,0.0003286418718666,-0.0,49.64588691711426,49.46811177571615,0.0006244336453558,49.84999847412109,49.84999847412109,0.9963891612701006,0.0604251861572265,0.0012165328847345,49.63999938964844,49.59999847412109,49.59999847412109,-0.0014092952970549,Vanguard Short-Term Inflation-Protected Securities Index Fund ETF Shares,Q,True,False,False,False,False,False,False,False,False,,False,,,71082704896.0,Other,unknown,43.0,True,,False,True,159.0,True,True,False,349.0,,0,0,False,Other,Other,Other,Other,Other
2026-08-31,VCR,391.55999755859375,393.1900024414063,390.5199890136719,391.3900146484375,33754.0,251,13210978.55444336,16444889.453234864,21477714.552995957,-0.0206925610216019,-0.0060769643418729,0.034575115361572,0.0,0.0,0.0261454227164304,-0.0,-0.0,0.0009039810065976,0.0003163933523091,-0.0,392.2181915283203,386.27465555826825,0.0025661851236538,404.8500061035156,405.132061529269,0.9660800805817272,4.712501525878906,0.0120404234893725,389.739990234375,389.739990234375,389.739990234375,-0.0042158061072268,Vanguard Consumer Discretion ETF,P,True,False,False,False,False,False,False,False,False,,False,,,6827243008.0,Other,unknown,317.0,True,,False,True,386.0,True,True,False,350.0,,0,0,False,Other,Other,Other,Other,Other
2026-08-31,SILJ,31.729999542236328,31.729999542236328,30.870100021362305,31.34000015258789,2718040.0,251,85183374.01473999,139326329.00955582,118182410.96873936,0.262182853358228,0.0275409886094391,-0.2155194104110964,0.4213591652900632,0.0170731722445754,0.0,0.11047314824439,0.0004702120423148,-0.0,0.0003056378275046,0.2257846273347288,27.24759998321533,30.11286661783854,0.0343942610326124,33.58000183105469,37.16999816894531,0.8431531260814468,1.280994987487793,0.0408741219288735,28.6299991607666,25.56999969482422,25.56999969482422,-0.1841097775900048,Amplify Junior Silver Miners ETF,P,True,False,False,False,False,False,False,False,False,,False,,,3404911360.0,Commodity,unknown,470.0,True,,False,True,162.0,True,True,False,351.0,,0,0,False,Commodity,Commodity,Commodity,Commodity,Commodity
2026-08-31,BINC,51.95000076293945,51.970001220703125,51.91999816894531,51.95000076293945,2281651.0,251,118531771.19076157,111155159.84713192,93048098.09037654,0.0019286845084145,0.0055477094968436,0.0028725921292536,0.0961556095968543,0.0755993898438789,0.0158269423181634,0.0001854538346266,0.0004194034529924,4.546434993330718e-05,0.0002885247669217,0.3182370596813031,51.91066787719726,51.60050412495931,0.0012382961250509,52.150001525878906,52.150001525878906,0.9961648943990884,0.0828502655029296,0.0015948077822172,51.91999816894531,51.91999816894531,51.91999816894531,-0.0005775282685952,iShares Flexible Income Active ETF,P,True,False,False,False,False,False,False,False,False,,False,,,16206218240.0,Other,unknown,160.0,True,,False,True,189.0,True,True,False,352.0,,0,0,False,Other,Other,Other,Other,Other
2026-08-31,IWP,140.4499969482422,140.63999938964844,139.6708984375,140.4600067138672,386761.0,251,54324452.65666199,118328747.01515733,118964736.30521429,0.0039311202727583,-0.0219655383994241,0.0285102156196299,0.021293211869378,0.0,0.0232919166779094,8.370617685185009e-05,-0.0,0.0006640575666816,0.0002324201483385,-0.0,141.66319946289062,137.49306111653647,0.0030762198727165,148.2899932861328,148.2899932861328,0.947198146019487,1.9889541625976563,0.0141602881071291,139.6708984375,139.6708984375,139.6708984375,-0.0056180281834579,iShares Russell Midcap Growth ETF,P,True,False,False,False,False,False,False,False,False,,False,,,21568610304.0,Factor / Style,unknown,126.0,True,,False,True,160.0,True,True,False,353.0,,0,0,False,Factor / Style,Factor / Style,Factor / Style,Factor / Style,Factor / Style
2026-08-31,IBDU,23.030000686645508,23.05990028381348,23.01000022888184,23.049999237060547,508843.0,251,11728830.7617836,19715651.927340887,17392148.78759941,0.0021738798721977,0.0045197761715405,0.0026599676854581,0.1126117998814341,0.0700709665862971,0.0183597409707412,0.0002448045251342,0.0003167050850935,4.8836317695554215e-05,0.0002229510165042,0.3796246958530728,23.008485832214355,22.937077980041504,0.0012495183025442,23.1299991607666,23.14138988706048,0.996050770915405,0.0500951766967773,0.0021733266097567,23.01000022888184,23.01000022888184,23.01000022888184,-0.001735314945885,iShares iBonds Dec 2029 Term Corporate ETF,P,True,False,False,False,False,False,False,False,False,,False,,,3963476736.0,Bond,unknown,427.0,True,,False,True,409.0,True,True,False,354.0,,0,0,False,Bond,Bond,Bond,Bond,Bond
2026-08-31,DBMF,31.40999984741211,31.519899368286133,31.3799991607666,31.3799991607666,3202811.0,251,100504206.49209404,53765756.79707785,55346789.80667559,0.0244857989079105,0.0079727852395765,0.0119563108701103,0.2525248243893604,0.0271306273868976,0.0184537359789419,0.0061832720692533,0.0002163066655707,0.0002206386040791,0.0002178228440486,0.3522307071782108,30.96335338592529,30.57548006693522,0.0038100113652903,31.540000915527344,31.540000915527344,0.9949270212391792,0.2216449737548828,0.0070632562040345,30.940000534057617,30.56999969482422,30.56999969482422,-0.0258126031741613,iMGP DBi Managed Futures Strategy ETF,P,True,False,False,False,False,False,False,False,False,,False,,,3887484160.0,Other,unknown,436.0,True,,False,True,267.0,True,True,False,355.0,,0,0,False,Other,Other,Other,Other,Other
2026-08-31,VSS,160.7899932861328,160.88999938964844,159.6699981689453,160.10000610351562,164108.0,251,26273691.801635742,38207530.9381958,35529378.113813125,0.0501804480709215,0.0050960253722633,0.020839505423315,0.3905068127276848,0.0101208459214501,0.0179226657194533,0.0195958068374226,5.157608760447842e-05,0.0003734994894608,0.0001642492782541,0.300971506317843,155.2447994995117,154.44412333170573,0.0053815444160567,162.4600067138672,162.4600067138672,0.985473344128884,1.4614990234375,0.0091286631337948,157.4199981689453,154.30999755859375,154.30999755859375,-0.0361649489330951,Vanguard FTSE All-Wld ex-US SmCp Idx ETF,P,True,False,False,False,False,False,False,False,False,,False,,,13810126848.0,Country / Region,unknown,184.0,True,,False,True,317.0,True,True,False,356.0,,0,0,False,Country / Region,Country / Region,Country / Region,Country / Region,Country / Region
2026-08-31,LMBS,49.52999877929688,49.52999877929688,49.38999938964844,49.47499847412109,407257.0,251,20149039.45357513,20268020.18911705,24052064.511939038,0.0025196767374635,0.0035153593573453,0.0031550533410606,0.141836472733127,0.0586354068393563,0.0237837163375957,0.0003573820608695,0.0002061245261044,7.503889369377129e-05,0.0001602445547607,0.2802352756011614,49.42116020202637,49.24660280863444,0.0010219239851456,51.72251304641129,51.72251304641129,0.9565466865410528,0.3363673865785497,0.0067987346529074,49.33000183105469,49.29085381058027,49.29085381058027,-0.0037219741125841,First Trust Low Duration Opportunities ETF,Q,True,False,False,False,False,False,False,False,False,,False,,,6341681152.0,Bond,unknown,336.0,True,,False,True,375.0,True,True,False,357.0,,0,0,False,Bond,Bond,Bond,Bond,Bond
2026-08-31,IGSB,52.08000183105469,52.09000015258789,52.06010055541992,52.09000015258789,1819281.0,251,94766347.56760024,137891533.7029764,150499278.33533278,0.0017307721651518,0.0036289921302135,0.0033177990828163,0.0857151161312121,0.056161882716927,0.0229886403381272,0.0001483533371326,0.0002038110303977,7.627168982903407e-05,0.0001591722611986,0.2574377993823329,52.026655502319336,51.85207763671875,0.0011047927030318,52.2400016784668,52.2400016784668,0.9971286079429676,0.0764949798583984,0.0014685156389771,52.06010055541992,52.02999877929688,52.02999877929688,-0.0011518789233107,iShares 1-5 Year Investment Grade Corporate Bond ETF,Q,True,False,False,False,False,False,False,False,False,,False,,,22337937408.0,Bond,unknown,122.0,True,,False,True,137.0,True,True,False,358.0,,0,0,False,Bond,Bond,Bond,Bond,Bond
2026-08-31,ISTB,47.97999954223633,48.0,47.970001220703125,48.0,455878.0,251,21882144.0,17788851.882540893,22574822.24748617,0.0018785254200486,0.0036509124090502,0.0020021070620022,0.1011242697390134,0.0597536331023534,0.0151598288052424,0.0001899645112885,0.0002181552805792,3.035160030972046e-05,0.0001524239924848,0.2991412772126943,47.93493148803711,47.81123428344726,0.0011209082760854,48.13999938964844,48.13999938964844,0.9970918281798204,0.0675001144409179,0.0014062523841857,47.970001220703125,47.93000030517578,47.93000030517578,-0.0014583269755045,iShares Core 1-5 Year USD Bond ETF,Q,True,False,False,False,False,False,False,False,False,,False,,,5038184448.0,Bond,unknown,376.0,True,,False,True,383.0,True,True,False,359.0,,0,0,False,Bond,Bond,Bond,Bond,Bond
2026-08-31,VCSH,78.5199966430664,78.60299682617188,78.51000213623047,78.52999877929688,4257554.0,251,334345710.4227905,316968277.6501602,329131368.79401267,0.0014027112078551,0.0032730627133632,0.0027363871097842,0.0738263968540062,0.0502246498632956,0.0189249262076776,0.0001035571143026,0.0001643884287592,5.178592412830815e-05,0.0001249775521384,0.2295070286664711,78.45183120727539,78.20640686035156,0.0010763818717547,78.77999877929688,78.77999877929688,0.9968266056883248,0.118149185180664,0.0015045102128769,78.51000213623047,78.45999908447266,78.45999908447266,-0.0008913752185447,Vanguard Short-Term Corporate Bond ETF,Q,True,False,False,False,False,False,False,False,False,,False,,,51786543104.0,Bond,unknown,55.0,True,,False,True,74.0,True,True,False,360.0,,0,0,False,Bond,Bond,Bond,Bond,Bond
2026-08-31,SHM,47.709999084472656,47.75,47.70429992675781,47.72999954223633,161980.0,251,7731305.32585144,12105381.246898651,11357330.19693405,0.0044191726104738,0.0028120435869161,-0.0003654315787691,0.2727272727272727,0.0639156777947397,0.0,0.0012052288937655,0.000179733671846,-0.0,0.0001168268866999,0.2343103049092594,47.68978927612304,47.59910654703776,0.0003488068118757,47.81999969482422,47.85322120149986,0.9974250080523384,0.0752847671508789,0.0015773050046702,47.63999938964844,47.54999923706055,47.54999923706055,-0.0037712195035011,State Street SPDR Nuveen ICE Short Term Municipal Bond ETF,P,True,False,False,False,False,False,False,False,False,,False,,,3468243712.0,Bond,unknown,468.0,True,,False,True,444.0,True,True,False,361.0,,0,0,False,Bond,Bond,Bond,Bond,Bond
2026-08-31,BSV,77.48999786376953,77.5333023071289,77.47000122070312,77.5,1878787.0,251,145605992.5,207763877.63941196,210433163.78541493,0.0014213801682272,0.0028021574193497,-0.0007126187025617,0.081480644249788,0.0481340733618559,0.0,0.000115814971831,0.0001348792507944,-0.0,8.76715130163924e-05,0.2375475695102245,77.43914367675781,77.30635452270508,0.0010395872623489,78.0,78.0,0.9935897435897436,0.1741645812988281,0.0022472849199848,77.47000122070312,77.43000030517578,77.43000030517578,-0.0009032218686996,Vanguard Short-Term Bond ETF,P,True,False,False,False,False,False,False,False,False,,False,,,69833809920.0,Bond,unknown,44.0,True,,False,True,109.0,True,True,False,362.0,,0,0,False,Bond,Bond,Bond,Bond,Bond
2026-08-31,FXI,35.65999984741211,35.70000076293945,35.349998474121094,35.369998931884766,11332502.0,251,400830583.635582,550223027.0989926,778709718.0896981,-0.0298957811288615,0.0083637779010556,-0.0342663413541782,0.0,0.0150537832255998,0.0,-0.0,0.0001259064994695,-0.0,8.183922465521067e-05,1.3671598386689348,34.51980007171631,35.802016716003415,0.0063659734941681,36.52000045776367,38.06419438446368,0.9292196906792128,0.4090002059936523,0.0115634780419784,35.0,34.790000915527344,34.790000915527344,-0.016398021879344,iShares China Large-Cap ETF,P,True,False,False,False,False,False,False,False,False,,False,,,4523697152.0,Country / Region,unknown,398.0,True,,False,True,39.0,True,True,False,363.0,,0,0,False,Country / Region,Country / Region,Country / Region,Country / Region,Country / Region
2026-08-31,PYLD,26.15999984741211,26.17970085144043,26.13010025024414,26.170000076293945,2684101.0,251,70242923.37478065,89043217.25398226,100257727.08588606,0.004606558262876,0.0030525200122641,0.003552136870164,0.1034488428495087,0.0246307452813438,0.0132466172915475,0.0004765431218133,7.518584288828382e-05,4.705379768625908e-05,6.533962706757517e-05,0.0777690557561904,26.16011421203613,26.008329620361327,0.000938341794713,26.31999969482422,26.31999969482422,0.9943009262815542,0.0820301055908203,0.0031345091842444,26.11000061035156,26.11000061035156,26.11000061035156,-0.0022926811527499,PIMCO Multisector Bond Active Exchange-Traded Fund,P,True,False,False,False,False,False,False,False,False,,False,,,14711611392.0,Bond,unknown,171.0,True,,False,True,180.0,True,True,False,364.0,,0,0,False,Bond,Bond,Bond,Bond,Bond
2026-08-31,XLY,116.55999755859376,117.13999938964844,116.29000091552734,116.58999633789062,4910696.0,251,572538028.6564941,623528623.1494385,844970991.8388686,-0.0137044476704917,-0.0115718725389041,0.0141829940652278,0.0,0.0,0.0108111321136036,-0.0,-0.0,0.0001533342226056,5.366697791197219e-05,-0.0,116.1745997619629,115.89625579833984,0.0022190351651563,120.44000244140624,121.94699945092368,0.956071054333822,1.441500473022461,0.0123638435397564,115.80999755859376,115.80999755859376,115.80999755859376,-0.0066901003842246,State Street Consumer Discretionary Select Sector SPDR ETF,P,True,False,False,False,False,False,False,False,False,,False,,,22593435648.0,Sector,unknown,121.0,True,,False,True,37.0,True,True,False,365.0,,0,0,False,Sector,Sector,Sector,Sector,Sector
2026-08-31,IGF,65.0,65.19999694824219,64.86000061035156,65.13999938964844,1852538.0,251,120674324.18930054,47578626.269470215,53925976.73634605,-0.0194189509197825,0.0049709279811032,-0.0425170073748808,0.0,0.0162866876613454,0.0,-0.0,8.095995141527077e-05,-0.0,5.2623968419926e-05,5.209914222564813,66.45119995117187,66.24516398111979,-0.0005641661688969,66.80000305175781,68.58477854848046,0.9497734157383476,0.5504993438720703,0.0084510185604876,64.86000061035156,64.86000061035156,64.86000061035156,-0.0042984154424381,iShares Global Infrastructure ETF,Q,True,False,False,False,False,False,False,False,False,,False,,,10779330560.0,REIT / Infra,unknown,228.0,True,,False,True,270.0,True,True,False,366.0,,0,0,False,REIT / Infra,REIT / Infra,REIT / Infra,REIT / Infra,REIT / Infra
2026-08-31,GRID,179.16000366210938,179.4499969482422,177.98739624023438,178.38999938964844,422007.0,251,75281828.47242737,122093786.71613236,120846047.65929423,-0.0199428897791851,-0.0737462778613723,0.0149869660060448,0.0,0.0,0.0083414968460323,-0.0,-0.0,0.000125013729671,4.375480538485595e-05,,183.0288412475586,180.05861012776694,-0.0087398152499535,191.5200042724609,199.1864313808516,0.8955931292757605,2.9271308898925783,0.0164086041813307,177.30999755859375,177.30999755859375,177.30999755859375,-0.0060541613024824,First Trust NASDAQ Clean Edge Smart Grid Infrastructure Index Fund,Q,True,False,False,False,False,False,False,False,False,,False,,,12076603392.0,REIT / Infra,unknown,204.0,True,,False,True,157.0,True,True,False,367.0,,0,0,False,REIT / Infra,REIT / Infra,REIT / Infra,REIT / Infra,REIT / Infra
2026-08-31,CGMS,27.030000686645508,27.040000915527344,26.989999771118164,27.030000686645508,826440.0,251,22338673.767471317,33934111.97721481,30903180.641274225,-0.0014776139131748,-0.00537915524179,0.002913873708974,0.0,0.0,0.0107755101186263,-0.0,-0.0,3.1398475635448785e-05,1.0989466472407074e-05,-0.0,27.124769554138183,26.99429604848226,0.0003262070483067,27.274999618530277,27.274999618530277,0.9910174542507302,0.0815001487731933,0.0030151737588915,26.989999771118164,26.989999771118164,26.989999771118164,-0.0014798710510987,Capital Group U.S. Multi-Sector Income ETF,P,True,False,False,False,False,False,False,False,False,,False,,,5172525056.0,Bond,unknown,373.0,True,,False,True,343.0,True,True,False,368.0,,0,0,False,Bond,Bond,Bond,Bond,Bond
2026-08-31,XMMO,153.07000732421875,153.0800018310547,151.68499755859375,152.33999633789062,322403.0,251,49114871.83932495,50094254.68480072,64393360.277826704,-0.0259590646869265,-0.0829407903547684,0.0058205845488892,0.0,0.0,0.0034318043889912,-0.0,-0.0,1.9975107601372485e-05,6.991287660480369e-06,-0.0,160.77199920654297,156.54757232666014,-0.0135718352922044,166.6699981689453,173.94000244140625,0.8758192146697719,2.763249969482422,0.0181387031371165,151.68499755859375,151.68499755859375,151.68499755859375,-0.0042995851059631,Invesco S&P MidCap Momentum ETF,P,True,False,False,False,False,False,False,False,False,,False,,,7917685760.0,Factor / Style,unknown,289.0,True,,False,True,242.0,True,True,False,369.0,,0,0,False,Factor / Style,Factor / Style,Factor / Style,Factor / Style,Factor / Style
2026-08-31,IBDV,21.57999992370605,21.59000015258789,21.530000686645508,21.59000015258789,323951.0,251,6994102.139431,14267540.720422557,14890233.602965156,0.0009272349581197,0.0006008354768907,-0.0054028396957805,0.035088776008727,0.0067747179526537,0.0,3.253553975292526e-05,4.07049089188279e-06,-0.0,2.6458190797238134e-06,0.0158741429271734,21.59629291534424,21.579016342163087,0.0005915968737004,21.6879997253418,21.976292189070488,0.9824223288824532,0.0519998550415039,0.0024085157329316,21.530000686645508,21.530000686645508,21.530000686645508,-0.0027790396256754,iShares iBonds Dec 2030 Term Corporate ETF,P,True,False,False,False,False,False,False,False,False,,False,,,3198090240.0,Bond,unknown,483.0,True,,False,True,421.0,True,True,False,370.0,,0,0,False,Bond,Bond,Bond,Bond,Bond
2026-08-31,SHLD,65.69999694824219,65.77989959716797,65.2750015258789,65.4800033569336,744375.0,251,48741677.49881744,54958883.1072712,80130601.29078759,0.0172440665370408,0.001072620089185,-0.1477635955647059,0.071937928381488,0.0013540664325959,0.0,0.0012405024235472,1.4523988576935851e-06,-0.0,9.440592575008304e-07,0.000301609650012,64.06800048828126,68.27791084289551,0.01210069390282,71.13999938964844,78.1967570103106,0.8373749227004357,1.1086986541748047,0.0169318661780032,65.2750015258789,65.2750015258789,65.2750015258789,-0.0031307547425923,Global X Defense Tech ETF,P,True,False,False,False,False,False,False,False,False,,False,,,6854938112.0,Industry / Theme,unknown,316.0,True,,False,True,210.0,True,True,False,371.0,,0,0,False,Industry / Theme,Industry / Theme,Industry / Theme,Industry / Theme,Industry / Theme
2026-08-31,PZA,22.59000015258789,22.61000061035156,22.549999237060547,22.600000381469727,1500955.0,251,33921583.57256889,32431158.26163244,29446101.45617273,-0.0085038040977918,-0.0222978693207603,-0.0198292327401885,0.0,0.0,0.0,-0.0,-0.0,-0.0,-0.0,-0.0,23.019542045593266,22.947113596598307,-0.0037766476569779,23.0928338927689,23.425918083167254,0.964743422274195,0.090280441170965,0.0039947097188984,22.549999237060547,22.549999237060547,22.549999237060547,-0.0022124399807611,Invesco National AMT-Free Municipal Bond ETFo,P,True,False,False,False,False,False,False,False,False,,False,,,4290295296.0,Bond,unknown,407.0,True,,False,True,353.0,True,True,False,372.0,,0,0,False,Bond,Bond,Bond,Bond,Bond
2026-08-31,HYD,50.0,50.040000915527344,49.910099029541016,49.97999954223633,866644.0,251,43314866.72328186,42747586.75583039,42089864.7740263,-0.0017974865815146,-0.0169532232665471,-0.006137134713236,0.0,0.0,0.0,-0.0,-0.0,-0.0,-0.0,-0.0,50.59031768798828,50.31550079345703,-0.0028510855894028,50.68000030517578,51.43158226526512,0.9717764327073964,0.1839954376220703,0.0036813813386809,49.910099029541016,49.910099029541016,49.910099029541016,-0.0013985696945884,VanEck High Yield Muni ETF,Z,True,False,False,False,False,False,False,False,False,,False,,,4521939456.0,Bond,unknown,399.0,True,,False,True,301.0,True,True,False,373.0,,0,0,False,Bond,Bond,Bond,Bond,Bond
2026-08-31,GOVT,22.450000762939453,22.450000762939453,22.420000076293945,22.440000534057617,9824058.0,251,220451866.766613,329110438.5813936,230908437.64763284,0.0013387187349298,-0.0048210889206902,-0.0177783031867416,0.0329678621507814,0.0,0.0,4.4134694711836073e-05,-0.0,-0.0,-0.0,-0.0,22.507646522521974,22.57079041798909,-0.0004152103157415,22.57999992370605,22.856012512878458,0.9817985758195384,0.0649996757507324,0.0028965986721827,22.399999618530277,22.399999618530277,22.399999618530277,-0.001782571950773,iShares U.S. Treasury Bond ETF,Z,True,False,False,False,False,False,False,False,False,,False,,,43729891328.0,Bond,unknown,70.0,True,,False,True,105.0,True,True,False,374.0,,0,0,False,Bond,Bond,Bond,Bond,Bond
2026-08-31,GVI,105.13999938964844,105.16999816894533,105.08000183105467,105.1500015258789,175260.0,251,18428589.267425537,11010102.132286072,11408642.230171325,9.513159871166188e-05,-0.0007968412288594,-0.0080060730762899,0.0036108838815762,0.0,0.0,3.4350915641651786e-07,-0.0,-0.0,-0.0,-0.0,105.28172637939451,105.30145034790038,0.0004837823619936,105.66000366210938,106.03802575443544,0.9916254171818226,0.1964996337890625,0.0018687554059683,105.08000183105467,105.08000183105467,105.08000183105467,-0.0006657127323672,iShares Intermediate Government/Credit Bond ETF,Z,True,False,False,False,False,False,False,False,False,,False,,,3754905600.0,Bond,unknown,444.0,True,,False,True,442.0,True,True,False,375.0,,0,0,False,Bond,Bond,Bond,Bond,Bond
2026-08-31,HYMB,24.75,24.76499938964844,24.700000762939453,24.739999771118164,1960199.0,251,48495322.81134605,33515810.076447964,32608691.44291696,-0.0020169884051057,-0.0087128728307425,-0.0030538902917601,0.0,0.0,0.0,-0.0,-0.0,-0.0,-0.0,-0.0,24.98072235107422,24.783289985656737,-0.0015751003437345,25.059999465942383,25.291050477293386,0.978211632345206,0.0959996223449707,0.0038803404702146,24.700000762939453,24.700000762939453,24.700000762939453,-0.0016167747998691,State Street SPDR Nuveen ICE High Yield Municipal Bond ETF,P,True,False,False,False,False,False,False,False,False,,False,,,3091741440.0,Bond,unknown,497.0,True,,False,True,336.0,True,True,False,376.0,,0,0,False,Bond,Bond,Bond,Bond,Bond
2026-08-31,IUSB,45.470001220703125,45.476898193359375,45.400001525878906,45.45000076293945,3409334.0,251,154954232.90111542,144718563.99967766,159848886.55831048,0.0017633201000246,-0.0053807110836554,-0.0127963789192421,0.0400009155273437,0.0,0.0,7.053441836875407e-05,-0.0,-0.0,-0.0,-0.0,45.55632888793945,45.60814959208171,-0.0004137835144093,45.720001220703125,46.08304303795016,0.9862630105722536,0.1415002822875976,0.0031133174898201,45.31999969482422,45.31999969482422,45.31999969482422,-0.0028603094814739,iShares Core Universal USD Bond ETF,Q,True,False,False,False,False,False,False,False,False,,False,,,42765500416.0,Bond,unknown,73.0,True,,False,True,129.0,True,True,False,377.0,,0,0,False,Bond,Bond,Bond,Bond,Bond
2026-08-31,JMBS,44.16999816894531,44.18999862670898,44.1150016784668,44.18999862670898,525742.0,251,23232538.258003235,27912270.01234169,29164031.917772204,-0.0004523967016026,-0.0094884939964662,-0.0207960768760263,0.0,0.0,0.0,-0.0,-0.0,-0.0,-0.0,-0.0,44.5107014465332,44.60789065043132,-0.0005579864635574,44.720001220703125,45.08934856704678,0.980054048929084,0.1892499923706054,0.004282643092372,44.1150016784668,44.1150016784668,44.1150016784668,-0.001697147557657,Janus Henderson Mortgage-Backed Securities ETF,P,True,False,False,False,False,False,False,False,False,,False,,,6783227392.0,Bond,unknown,318.0,True,,False,True,355.0,True,True,False,378.0,,0,0,False,Bond,Bond,Bond,Bond,Bond
2026-08-31,ITA,230.82000732421875,231.47000122070312,227.6300048828125,228.3500061035156,613021.0,251,139983349.09158325,138576958.01396638,162955824.14477298,-0.0720497220237812,-0.0060880085372654,-0.087482584441184,0.0,0.0,0.0,-0.0,-0.0,-0.0,-0.0,-0.0,240.81220001220703,233.32573801676432,0.0027590616480852,256.6000061035156,256.6000061035156,0.8899064718314792,4.175501251220704,0.0182855315945464,227.6300048828125,227.6300048828125,227.6300048828125,-0.0031530597830452,iShares U.S. Aerospace & Defense ETF,Z,True,False,False,False,False,False,False,False,False,,False,,,14444112896.0,Industry / Theme,unknown,176.0,True,,False,True,128.0,True,True,False,379.0,,0,0,False,Industry / Theme,Industry / Theme,Industry / Theme,Industry / Theme,Industry / Theme
2026-08-31,JMTG,49.95000076293945,49.95000076293945,49.890098571777344,49.95000076293945,347216.0,251,17343439.464904785,19062635.16772995,33777229.956090294,0.0006010135235301,-0.0024139521482079,-0.0147691777985897,0.0144940356075977,0.0,0.0,8.71111141069372e-06,-0.0,-0.0,-0.0,-0.0,50.10015335083008,50.146765899658206,0.0002364613321061,50.33000183105469,50.65950178186341,0.9859947098970884,0.154994773864746,0.0031029984283752,49.890098571777344,49.890098571777344,49.890098571777344,-0.0011992430479911,JPMorgan Mortgage-Backed Securities ETF,P,True,False,False,False,False,False,False,False,False,,False,,,6718420992.0,Bond,unknown,322.0,True,,False,True,329.0,True,True,False,380.0,,0,0,False,Bond,Bond,Bond,Bond,Bond
2026-08-31,JMUB,49.5099983215332,49.555999755859375,49.46500015258789,49.52000045776367,947066.0,251,46898708.75353241,61452274.60429879,54861022.7796092,-0.0026183497305125,-0.0103244733183678,-0.0145292991705155,0.0,0.0,0.0,-0.0,-0.0,-0.0,-0.0,-0.0,49.93734001159668,49.87306482950847,-0.0016505211070791,50.06499862670898,50.4274677003235,0.9820045050060286,0.1210994720458984,0.0024454658910834,49.46500015258789,49.46500015258789,49.46500015258789,-0.0011106685110532,JPMorgan Municipal ETF,P,True,False,False,False,False,False,False,False,False,,False,,,8048841216.0,Bond,unknown,284.0,True,,False,True,268.0,True,True,False,381.0,,0,0,False,Bond,Bond,Bond,Bond,Bond
2026-08-31,KWEB,26.26000022888184,26.309999465942383,25.780000686645508,25.809999465942383,12599193.0,251,325185164.601305,484752758.0672158,539996995.2063602,-0.1019485152578268,-0.0566520873476421,-0.1579119155897718,0.0,0.0,0.0,-0.0,-0.0,-0.0,-0.0,-0.0,26.5953999710083,28.645933367411292,0.0024122366465975,29.13999938964844,31.479999542236328,0.8198856366345694,0.4826998710632324,0.018702048859016,25.780000686645508,25.780000686645508,25.780000686645508,-0.0011622929065325,KraneShares CSI China Internet ETF,P,True,False,False,False,False,False,False,False,False,,False,,,4907469312.0,Country / Region,unknown,379.0,True,,False,True,53.0,True,True,False,382.0,,0,0,False,Country / Region,Country / Region,Country / Region,Country / Region,Country / Region
2026-08-31,JBND,52.59999847412109,52.68999862670898,52.58000183105469,52.68999862670898,1023128.0,251,53908612.91494751,47055658.19657822,44201152.20407008,0.0019014731665896,-0.004102596049236,-0.0159382140750581,0.0442470706190944,0.0,0.0,8.413461748240388e-05,-0.0,-0.0,-0.0,-0.0,52.80237434387207,52.90500905354818,-0.0003459560098119,52.97999954223633,53.6219067990648,0.982620756552953,0.1622995376586914,0.0030802721937521,52.540000915527344,52.540000915527344,52.540000915527344,-0.0028467966424581,JPMorgan Active Bond ETF,N,True,False,False,False,False,False,False,False,False,,False,,,8293582336.0,Bond,unknown,277.0,True,,False,True,293.0,True,True,False,383.0,,0,0,False,Bond,Bond,Bond,Bond,Bond
2026-08-31,JCPB,46.18000030517578,46.18000030517578,46.119998931884766,46.16999816894531,1995015.0,251,92109838.89701843,80263467.66621017,90486811.48970588,0.0019530454495333,-0.0048917652640021,-0.013549686680764,0.0450430153923698,0.0,0.0,8.797105624532825e-05,-0.0,-0.0,-0.0,-0.0,46.29450805664062,46.33164263407389,-0.0003257949611058,46.45500183105469,46.80418147339028,0.9864502853274868,0.1394500732421875,0.0030203612469706,46.060001373291016,46.060001373291016,46.060001373291016,-0.0023824301498084,JPMorgan Core Plus Bond ETF,P,True,False,False,False,False,False,False,False,False,,False,,,13578677248.0,Bond,unknown,191.0,True,,False,True,199.0,True,True,False,384.0,,0,0,False,Bond,Bond,Bond,Bond,Bond
2026-08-31,IDEF,33.0,33.005001068115234,32.79499816894531,32.91999816894531,381041.0,251,12543869.02229309,13535499.529224396,19681647.55947355,-0.0096270605704807,-0.0115369068655035,-0.1039123684947493,0.0,0.0,0.0,-0.0,-0.0,-0.0,-0.0,-0.0,32.873280181884766,33.59073596954346,0.0087711172719717,35.92499923706055,36.49388394675425,0.9020689115188903,0.5445001602172852,0.0165401029921967,32.79499816894531,32.79499816894531,32.79499816894531,-0.0037970840508101,iShares Defense Industrials and Tech Active ETF,Q,True,False,False,False,False,False,False,False,False,,False,,,4074098176.0,Industry / Theme,unknown,418.0,True,,False,True,400.0,True,True,False,385.0,,0,0,False,Industry / Theme,Industry / Theme,Industry / Theme,Industry / Theme,Industry / Theme
2026-08-31,PAVE,55.05500030517578,55.150001525878906,54.650001525878906,54.70000076293945,1283626.0,251,70214343.17932892,71329376.02283517,104500526.3716926,-0.0493569709315299,-0.0211517651694311,-0.0103679877516856,0.0,0.0,0.0,-0.0,-0.0,-0.0,-0.0,-0.0,57.224296722412106,55.26257331848144,-0.0043343582545788,59.47999954223633,60.32421526966227,0.906766884880618,0.8827499389648438,0.0161380242532451,54.650001525878906,54.650001525878906,54.650001525878906,-0.0009140628219957,Global X U.S. Infrastructure Development ETF,Z,True,False,False,False,False,False,False,False,False,,False,,,14567146496.0,REIT / Infra,unknown,174.0,True,,False,True,176.0,True,True,False,386.0,,0,0,False,REIT / Infra,REIT / Infra,REIT / Infra,REIT / Infra,REIT / Infra
2026-08-31,PFF,30.46999931335449,30.51499938964844,30.34000015258789,30.440000534057617,3654968.0,251,111257227.8719635,72026792.67956123,89474929.58812822,-0.0058785205827018,-0.0214769723466069,-0.0100312380571453,0.0,0.0,0.0,-0.0,-0.0,-0.0,-0.0,-0.0,30.421422691345214,30.56231338500977,-0.0013814464278634,30.989999771118164,31.35677348737083,0.970763160511956,0.1764998435974121,0.0057982864816292,30.34000015258789,30.34000015258789,30.34000015258789,-0.0032851635911714,iShares Preferred and Income Securities ETF,Q,True,False,False,False,False,False,False,False,False,,False,,,13096669184.0,Other,unknown,197.0,True,,False,True,201.0,True,True,False,387.0,,0,0,False,Other,Other,Other,Other,Other
2026-08-31,PGX,10.600000381469728,10.60990047454834,10.529999732971191,10.56999969482422,8495802.0,251,89800624.54728699,41304977.131252095,33606386.59036116,-0.0113345382736241,-0.0256759138589207,-0.042256778008277,0.0,0.0,0.0,-0.0,-0.0,-0.0,-0.0,,10.674719047546386,10.8130904006958,-0.0031598092253822,10.721014622731095,11.06545352935791,0.955225166937876,0.0498090683510207,0.0047123055618829,10.522109031677246,10.522109031677246,10.522109031677246,-0.0045308102677072,Invesco Preferred ETF,P,True,False,False,False,False,False,False,False,False,,False,,,3857212160.0,Other,unknown,440.0,True,,False,True,330.0,True,True,False,388.0,,0,0,False,Other,Other,Other,Other,Other
2026-08-31,PPA,168.7899932861328,169.10000610351562,166.94509887695312,167.38999938964844,276590.0,251,46298399.93118286,31077663.98085785,32874913.08617728,-0.0655911579771891,-0.0350233246635534,-0.0971199630093183,0.0,0.0,0.0,-0.0,-0.0,-0.0,-0.0,-0.0,175.6543994140625,173.83563537597655,-0.0001916727801066,185.67999267578125,185.67999267578125,0.90149723175577,2.760741424560547,0.016492869553898,166.94509887695312,166.94509887695312,166.94509887695312,-0.0026578679390497,Invesco Aerospace & Defense ETF,P,True,False,False,False,False,False,False,False,False,,False,,,8324131840.0,Industry / Theme,unknown,274.0,True,,False,True,334.0,True,True,False,389.0,,0,0,False,Industry / Theme,Industry / Theme,Industry / Theme,Industry / Theme,Industry / Theme
2026-08-31,IAUM,44.30500030517578,44.38999938964844,44.0,44.38999938964844,2308884.0,251,102491359.35076904,142097962.4111267,107083748.38521127,0.099306543225913,-0.0056003584995113,-0.1649736734939175,0.3430283498468409,0.0,0.0,0.0340649596517789,-0.0,-0.0,-0.0,-0.0,41.98360008239746,45.51400004069011,0.0141358148995183,46.650001525878906,52.209999084472656,0.8502202675358809,0.8398492813110352,0.01891978582696,43.2400016784668,40.61000061035156,40.61000061035156,-0.0851542877060357,iShares Gold Trust Micro Shares,P,True,False,False,False,False,False,False,False,False,,False,,,6306659840.0,Commodity,unknown,339.0,True,,False,True,174.0,True,True,False,390.0,,0,0,False,Commodity,Commodity,Commodity,Commodity,Commodity
2026-08-31,IAU,83.56999969482422,83.75,83.01010131835938,83.70999908447266,3381711.0,251,283083024.7139511,507489864.70665246,488809135.5051564,0.0987005696560994,-0.0066452780455856,-0.1660689243381872,0.3421287658822651,0.0,0.0,0.0337683040883178,-0.0,-0.0,-0.0,-0.0,79.21500045776367,85.9128000386556,0.0140065126703938,88.0199966430664,98.5999984741211,0.8489858050702047,1.5964946746826172,0.0190717320767328,81.56999969482422,76.5,76.5,-0.0861306792895431,iShares Gold Trust Shares,P,True,False,False,False,False,False,False,False,False,,False,,,60138172416.0,Commodity,unknown,48.0,True,,False,True,61.0,True,True,False,391.0,,0,0,False,Commodity,Commodity,Commodity,Commodity,Commodity
2026-08-31,IAGG,49.720001220703125,49.7400016784668,49.68999862670898,49.720001220703125,847619.0,251,42143617.71469116,39953439.16358948,53393358.81082444,-0.0036072204343006,-0.001967839654492,-0.0066475004767159,0.0,0.0,0.0,-0.0,-0.0,-0.0,-0.0,-0.0,49.91534904479981,49.740166346232094,-0.0002746541932611,50.06999969482422,50.27921961734516,0.9888777431133972,0.10780029296875,0.0021681474320612,49.68999862670898,49.68999862670898,49.68999862670898,-0.0006034310791941,iShares International Aggregate Bond Fund,Z,True,False,False,False,False,False,False,False,False,,False,,,10738313216.0,Bond,unknown,230.0,True,,False,True,273.0,True,True,False,392.0,,0,0,False,Bond,Bond,Bond,Bond,Bond
2026-08-31,IEF,92.7310028076172,92.75,92.62020111083984,92.73999786376952,8135821.0,251,754516022.1600113,818909268.0848148,655467918.4053036,-0.0008619029445994,-0.0085440325210414,-0.0290248133673531,0.0,0.0,0.0,-0.0,-0.0,-0.0,-0.0,-0.0,93.23891983032226,93.75440567016602,-0.0006905065808396,93.54000091552734,95.54171922718328,0.9706754139858872,0.354990005493164,0.0038277982927563,92.62020111083984,92.62020111083984,92.62020111083984,-0.0012917484978344,iShares 7-10 Year Treasury Bond ETF,Q,True,False,False,False,False,False,False,False,False,,False,,,47093366784.0,Bond,unknown,63.0,True,,False,True,44.0,True,True,False,393.0,,0,0,False,Bond,Bond,Bond,Bond,Bond
2026-08-31,MBB,93.0500030517578,93.11000061035156,92.95500183105467,93.0999984741211,2239959.0,251,208540179.4820938,215457442.29224285,204566067.9639274,0.0040983309794555,-0.0057541390643492,-0.0132842083303348,0.0781893391731619,0.0,0.0,0.0003204457909965,-0.0,-0.0,-0.0,-0.0,93.33560317993164,93.49684488932292,-0.0003655517481615,93.8000030517578,94.4231079812526,0.9859874395641136,0.3552494049072265,0.0038157831442497,92.88999938964844,92.88999938964844,92.88999938964844,-0.0022556293009073,iShares MBS ETF,Q,True,False,False,False,False,False,False,False,False,,False,,,39630225408.0,Bond,unknown,79.0,True,,False,True,112.0,True,True,False,394.0,,0,0,False,Bond,Bond,Bond,Bond,Bond
2026-08-31,MCHI,55.18999862670898,55.220001220703125,54.68999862670898,54.720001220703125,1837483.0,251,100547072.00302124,116992794.92739868,153036523.5336461,-0.021109128317814,-0.0057280850839666,-0.0585768552842119,0.0,0.0,0.0,-0.0,-0.0,-0.0,-0.0,-0.0,53.972799911499024,56.22694496154785,0.0047754782091187,56.959999084472656,59.53542086412286,0.9191167279322688,0.5909997940063476,0.0108004345910494,54.68999862670898,54.36000061035156,54.36000061035156,-0.006578958375742,iShares MSCI China ETF,Q,True,False,False,False,False,False,False,False,False,,False,,,5885857792.0,Country / Region,unknown,351.0,True,,False,True,133.0,True,True,False,395.0,,0,0,False,Country / Region,Country / Region,Country / Region,Country / Region,Country / Region
2026-08-31,IFRA,58.91999816894531,58.93000030517578,58.5099983215332,58.7400016784668,400469.0,251,23523549.73217392,34274199.8420126,29239953.708315108,-0.0383104139233697,-0.0181040962739279,-0.022381373975334,0.0,0.0,0.0,-0.0,-0.0,-0.0,-0.0,-0.0,61.42159996032715,60.04627431233724,-0.0045926428629357,62.29999923706055,64.25,0.9142412712601836,0.7535001754760742,0.0128277179765947,58.5099983215332,58.5099983215332,58.5099983215332,-0.0039156171324712,iShares U.S. Infrastructure ETF,Z,True,False,False,False,False,False,False,False,False,,False,,,4618109440.0,REIT / Infra,unknown,395.0,True,,False,True,354.0,True,True,False,396.0,,0,0,False,REIT / Infra,REIT / Infra,REIT / Infra,REIT / Infra,REIT / Infra
2026-08-31,MUB,105.0199966430664,105.19000244140624,104.9000015258789,105.0999984741211,3879897.0,251,407777168.779747,446468775.92475855,408616623.5908628,-0.0033190942081571,-0.0118845701787645,-0.0162055066114216,0.0,0.0,0.0,-0.0,-0.0,-0.0,-0.0,-0.0,106.05370498657228,105.9861199951172,-0.0020240717056482,106.3000030517578,107.29872058281757,0.9795084032991858,0.2814990997314453,0.0026783929954172,104.9000015258789,104.9000015258789,104.9000015258789,-0.0019029205627575,iShares National Muni Bond ETF,P,True,False,False,False,False,False,False,False,False,,False,,,45820870656.0,Bond,unknown,67.0,True,,False,True,69.0,True,True,False,397.0,,0,0,False,Bond,Bond,Bond,Bond,Bond
2026-08-31,MUNI,51.540000915527344,51.619998931884766,51.5,51.619998931884766,376050.0,251,19411700.598335262,16958287.10627556,16230972.96634553,-0.0003873055383436,-0.0073018141120722,-0.0138138774131159,0.0,0.0,0.0,-0.0,-0.0,-0.0,-0.0,-0.0,51.9173078918457,51.91175989786784,-0.0014278723428948,52.02999877929688,52.397679159590425,0.985158116920846,0.1104995727539062,0.002140634929104,51.5,51.5,51.5,-0.002324659712665,PIMCO Intermediate Municipal Bond Active Exchange-Traded Fund,P,True,False,False,False,False,False,False,False,False,,False,,,3086858752.0,Bond,unknown,498.0,True,,False,True,414.0,True,True,False,398.0,,0,0,False,Bond,Bond,Bond,Bond,Bond
2026-08-31,IEI,116.16999816894533,116.18499755859376,116.09040069580078,116.16999816894533,856943.0,251,99551066.7408905,135623222.98429948,143162306.42806304,-0.0004302448049613,-0.0027250030127899,-0.0157202822734118,0.0,0.0,0.0,-0.0,-0.0,-0.0,-0.0,-0.0,116.45017471313476,116.74645889282226,0.000354855174206,116.91000366210938,118.05493541304496,0.9840333888837032,0.2719802856445312,0.0023412265639273,116.09040069580078,116.09040069580078,116.09040069580078,-0.0006851809795914,iShares 3-7 Year Treasury Bond ETF,Q,True,False,False,False,False,False,False,False,False,,False,,,18260961280.0,Bond,unknown,143.0,True,,False,True,143.0,True,True,False,399.0,,0,0,False,Bond,Bond,Bond,Bond,Bond
2026-08-31,NLR,118.04000091552734,119.16999816894533,117.93000030517578,118.2300033569336,278166.0,251,32887567.11378479,42697845.33284684,51039592.31761605,0.0600735645204761,-0.1032992196897507,-0.2314242868775308,0.1613681980159522,0.0,0.0,0.0096939628550642,-0.0,-0.0,-0.0,,114.43579986572266,130.51099990844727,-0.0053886896681747,128.6300048828125,150.5,0.7855814176540438,3.5324996948242187,0.0298782000721059,113.1999969482422,112.11000061035156,112.11000061035156,-0.0517635335601394,VanEck Uranium and Nuclear ETF,P,True,False,False,False,False,False,False,False,False,,False,,,4214125568.0,Commodity,unknown,411.0,True,,False,True,276.0,True,True,False,400.0,,0,0,False,Commodity,Commodity,Commodity,Commodity,Commodity
2026-08-31,IGIB,52.16999816894531,52.18999862670898,52.12009811401367,52.18999862670898,2926364.0,251,152726933.1412506,113288392.73488615,132594504.9845305,0.0,-0.0076693083761609,-0.0154760007210523,0.0,0.0,0.0,0.0,-0.0,-0.0,-0.0,-0.0,52.36821571350097,52.4604377746582,-0.0007377282284972,52.52000045776367,53.05936640052107,0.983615187425164,0.1744947433471679,0.0033434517711956,52.02999877929688,52.02999877929688,52.02999877929688,-0.0030657185595369,iShares 5-10 Year Investment Grade Corporate Bond ETF,Q,True,False,False,False,False,False,False,False,False,,False,,,18526003200.0,Bond,unknown,141.0,True,,False,True,148.0,True,True,False,401.0,,0,0,False,Bond,Bond,Bond,Bond,Bond
2026-08-31,GLDM,87.9800033569336,88.11499786376953,87.34329986572266,88.11000061035156,6514696.0,251,574009868.5362549,491138305.3412568,377746235.3309854,0.0994509768081255,-0.0060913807809659,-0.1651506552394905,0.3436830905566471,0.0,0.0,0.034179619068294,-0.0,-0.0,-0.0,-0.0,83.34859939575195,90.36719970703123,0.0140694597246129,92.6050033569336,103.66999816894533,0.8499083839739586,1.681084442138672,0.0190793829360292,85.81999969482422,80.6050033569336,80.6050033569336,-0.0851775871232515,SPDR Gold MiniShares Trust,P,True,False,False,False,False,False,False,False,False,,False,,,27261255680.0,Commodity,unknown,101.0,True,,False,True,71.0,True,True,False,402.0,,0,0,False,Commodity,Commodity,Commodity,Commodity,Commodity
2026-08-31,VIS,337.2699890136719,337.2699890136719,334.875,335.75,151720.0,251,50939990.0,30996143.76605225,29865330.37744916,-0.0451611201043689,-0.0054554223140865,-0.0224109144513939,0.0,0.0,0.0,-0.0,-0.0,-0.0,-0.0,-0.0,350.1202703857422,337.8338911946615,0.0003001282006886,362.2000122070313,362.2099914550781,0.9269484771836844,4.524752807617188,0.0134765534106245,334.875,334.875,334.875,-0.0026061057334325,Vanguard Industrials ETF,P,True,False,False,False,False,False,False,False,False,,False,,,9029749760.0,Sector,unknown,268.0,True,,False,True,351.0,True,True,False,403.0,,0,0,False,Sector,Sector,Sector,Sector,Sector
2026-08-31,CGHM,25.190000534057617,25.25279998779297,25.184999465942383,25.239999771118164,344225.0,251,8688238.92121315,9884560.198643208,10558805.21764074,-0.0055161305862001,-0.0062479404828454,-0.0028084523798938,0.0,0.0,0.0,-0.0,-0.0,-0.0,-0.0,-0.0,25.53457500457764,25.28553150177002,-0.0006729107967038,25.600000381469727,29.47842778973424,0.8562193326981945,0.0837502479553222,0.0033181556543101,25.184999465942383,25.184999465942383,25.184999465942383,-0.0021790929348073,Capital Group Municipal High-Income ETF,P,True,False,False,False,False,False,False,False,False,,False,,,3181882880.0,Bond,unknown,487.0,True,,False,True,448.0,True,True,False,404.0,,0,0,False,Bond,Bond,Bond,Bond,Bond
2026-08-31,CGMU,26.93000030517578,26.95770072937012,26.895000457763672,26.950000762939453,1102577.0,251,29714450.991199493,32196226.40450229,29694938.98149139,-0.0025906622367989,-0.0104141555643552,-0.017142594005956,0.0,0.0,0.0,-0.0,-0.0,-0.0,-0.0,-0.0,27.175850219726563,27.155354309082032,-0.0012901886786337,27.239999771118164,27.410768437941144,0.9831902678669924,0.0605501174926757,0.0022467575428028,26.895000457763672,26.895000457763672,26.895000457763672,-0.0020408275925325,Capital Group Municipal Income ETF,P,True,False,False,False,False,False,False,False,False,,False,,,6310218752.0,Bond,unknown,338.0,True,,False,True,352.0,True,True,False,405.0,,0,0,False,Bond,Bond,Bond,Bond,Bond
2026-08-31,VGLT,52.970001220703125,52.9900016784668,52.77999877929688,52.97999954223633,2616435.0,251,138618725.1022911,117777554.3890791,106569645.43943344,0.0043601808954754,-0.0223723896637922,-0.054355470541322,0.0431518383886964,0.0,0.0,0.000188149821347,-0.0,-0.0,-0.0,-0.0,53.52779930114746,54.18303550720215,-0.0043110900997033,53.59000015258789,56.05469144560888,0.9451483573617384,0.3840000152587891,0.0072480184706807,52.2400016784668,52.2400016784668,52.2400016784668,-0.0139674947180699,Vanguard Long-Term Treasury ETF,Q,True,False,False,False,False,False,False,False,False,,False,,,15153465344.0,Bond,unknown,170.0,True,,False,True,175.0,True,True,False,406.0,,0,0,False,Bond,Bond,Bond,Bond,Bond
2026-08-31,VMBS,46.060001373291016,46.130001068115234,46.040000915527344,46.130001068115234,970513.0,251,44769765.72661972,59909082.98630504,60508954.38453063,0.0023902783410991,-0.0055084490682487,-0.0103875443088111,0.0441768544903024,0.0,0.0,0.000105594978466,-0.0,-0.0,-0.0,-0.0,46.24582817077637,46.2710127512614,-9.1763739673012e-05,46.470001220703125,46.72307911938095,0.9873065289693268,0.1800003051757812,0.0039020225668322,46.040000915527344,46.02000045776367,46.02000045776367,-0.0023845785346749,Vanguard Mortgage-Backed Securities ETF,Q,True,False,False,False,False,False,False,False,False,,False,,,17337255936.0,Bond,unknown,150.0,True,,False,True,249.0,True,True,False,407.0,,0,0,False,Bond,Bond,Bond,Bond,Bond
2026-08-31,CMF,56.13999938964844,56.23500061035156,56.1150016784668,56.18999862670898,921203.0,251,51762395.3049202,28056909.879667856,25763026.77227886,-0.0031931933401894,-0.0134591339113365,-0.0209038525809944,0.0,0.0,0.0,-0.0,-0.0,-0.0,-0.0,-0.0,56.83652534484863,56.82935282389323,-0.0020475977514952,56.970001220703125,57.45734793781366,0.9779427809220096,0.1362503051757812,0.0024248141752225,56.1150016784668,56.1150016784668,56.1150016784668,-0.0013347027954284,iShares California Muni Bond ETF,P,True,False,False,False,False,False,False,False,False,,False,,,4542874112.0,Bond,unknown,397.0,True,,False,True,370.0,True,True,False,408.0,,0,0,False,Bond,Bond,Bond,Bond,Bond
2026-08-31,CGCB,25.76000022888184,25.770000457763672,25.729999542236328,25.770000457763672,1029541.0,251,26531272.04128647,55737706.05517216,36663417.68629837,-0.0015497485085766,-0.0077770836189792,-0.0200034337483497,0.0,0.0,0.0,-0.0,-0.0,-0.0,-0.0,-0.0,25.917366714477534,25.97252451578776,-0.0004712307741646,26.01000022888184,26.29600941385426,0.9799966242857572,0.0903000831604003,0.0035040776700178,25.729999542236328,25.729999542236328,25.729999542236328,-0.0015522279711598,Capital Group Core Bond ETF,P,True,False,False,False,False,False,False,False,False,,False,,,5556136960.0,Bond,unknown,362.0,True,,False,True,313.0,True,True,False,409.0,,0,0,False,Bond,Bond,Bond,Bond,Bond
2026-08-31,CGCP,21.920000076293945,21.92849922180176,21.88999938964844,21.920000076293945,1260261.0,251,27624921.216150284,30546334.394872,32167864.670564957,-0.00136677383156,-0.0090677717729691,-0.0162529283707336,0.0,0.0,0.0,-0.0,-0.0,-0.0,-0.0,-0.0,22.05087703704834,22.07949700673421,-0.0005412996450109,22.13999938964844,22.272361312789823,0.9841794396405766,0.0744999885559082,0.0033987220938232,21.88999938964844,21.88999938964844,21.88999938964844,-0.0013686444589913,Capital Group Core Plus Income ETF,P,True,False,False,False,False,False,False,False,False,,False,,,8320875520.0,Bond,unknown,275.0,True,,False,True,337.0,True,True,False,410.0,,0,0,False,Bond,Bond,Bond,Bond,Bond
2026-08-31,VNQI,44.93000030517578,44.96500015258789,44.70149993896485,44.7400016784668,280434.0,251,12546617.630699158,11887383.09781685,13127730.28527408,-0.0252723269901873,-0.0119257313469048,-0.0999798329820987,0.0,0.0,0.0,-0.0,-0.0,-0.0,-0.0,-0.0,45.48700004577637,46.45973322550456,0.0025169243476748,46.31999969482422,48.52000045776367,0.922094007756918,0.3139249801635742,0.0070166510591497,44.70149993896485,44.70149993896485,44.70149993896485,-0.0008605663401323,Vanguard Global ex-U.S. Real Estate ETF,Q,True,False,False,False,False,False,False,False,False,,False,,,3710765056.0,REIT / Infra,unknown,447.0,True,,False,True,435.0,True,True,False,411.0,,0,0,False,REIT / Infra,REIT / Infra,REIT / Infra,REIT / Infra,REIT / Infra
2026-08-31,VGIT,58.220001220703125,58.220001220703125,58.165000915527344,58.209999084472656,5984312.0,251,348346796.04119873,384328421.6109512,238747930.43991116,-0.0006867109961775,-0.0037077756473525,-0.0183229545545487,0.0,0.0,0.0,-0.0,-0.0,-0.0,-0.0,-0.0,58.3919174194336,58.56533882141113,0.0001504574900328,58.61000061035156,59.30632382540428,0.981514201686836,0.15625,0.0026842467352259,58.165000915527344,58.165000915527344,58.165000915527344,-0.0007730316037286,Vanguard Intermediate-Term Treasury ETF,Q,True,False,False,False,False,False,False,False,False,,False,,,50384760832.0,Bond,unknown,57.0,True,,False,True,101.0,True,True,False,412.0,,0,0,False,Bond,Bond,Bond,Bond,Bond
2026-08-31,VCIT,81.0989990234375,81.0999984741211,80.98999786376953,81.08999633789062,8871721.0,251,719407823.4007874,721604531.6368821,713214037.6923683,-0.000246631393298,-0.0083546872485288,-0.0163126230693453,0.0,0.0,0.0,-0.0,-0.0,-0.0,-0.0,-0.0,81.39554229736328,81.56420298258463,-0.0008120219559114,81.62999725341797,82.52290839546725,0.9826361905386344,0.2755001068115234,0.003397461083406,80.86000061035156,80.86000061035156,80.86000061035156,-0.0028363021078543,Vanguard Intermediate-Term Corporate Bond ETF,Q,True,False,False,False,False,False,False,False,False,,False,,,69441978368.0,Bond,unknown,45.0,True,,False,True,42.0,True,True,False,413.0,,0,0,False,Bond,Bond,Bond,Bond,Bond
2026-08-31,DFCF,41.459999084472656,41.5,41.43999862670898,41.4900016784668,1138165.0,251,47222467.76037216,66900003.54619503,58613469.661620304,0.0015899122302145,-0.0065143530058262,-0.0146086118910462,0.0346173048428135,0.0,0.0,5.503847634665436e-05,-0.0,-0.0,-0.0,-0.0,41.62085540771484,41.684240900675455,-0.0005940418791409,41.755001068115234,42.154031982708354,0.9842475257286434,0.1401957743790323,0.0033790255171716,41.38199996948242,41.38199996948242,41.38199996948242,-0.0026030779613206,Dimensional Core Fixed Income ETF,P,True,False,False,False,False,False,False,False,False,,False,,,10866136064.0,Bond,unknown,227.0,True,,False,True,255.0,True,True,False,414.0,,0,0,False,Bond,Bond,Bond,Bond,Bond
2026-08-31,VCLT,72.12000274658203,72.19999694824219,71.91000366210938,72.19999694824219,9189517.0,251,663483099.3558197,268095550.26865616,307482730.20885,0.0027777353922526,-0.0297659551061866,-0.0353338585104379,0.0313474600593131,0.0,0.0,8.707494926398129e-05,-0.0,-0.0,-0.0,-0.0,72.812568359375,73.50501490275064,-0.0055689163721845,72.8499984741211,75.30658261325398,0.9587474885035476,0.4854991912841797,0.006724365814478,71.0199966430664,71.0199966430664,71.0199966430664,-0.0163434952223292,Vanguard Long-Term Corporate Bond ETF,Q,True,False,False,False,False,False,False,False,False,,False,,,10055394304.0,Bond,unknown,247.0,True,,False,True,77.0,True,True,False,415.0,,0,0,False,Bond,Bond,Bond,Bond,Bond
2026-08-31,CQQQ,49.54999923706055,49.61640167236328,49.130001068115234,49.13999938964844,557739.0,251,27407294.11958313,32496117.53577881,58581075.6641681,-0.0209204874634482,-0.0606003039652213,-0.0377912730900482,0.0,0.0,0.0,-0.0,-0.0,-0.0,-0.0,-0.0,51.993599853515626,51.46506670633952,-0.0127372602856478,53.2400016784668,57.56999969482422,0.8535695614058919,0.8803197860717773,0.0179145257835965,47.77000045776367,47.77000045776367,47.77000045776367,-0.0278795064896432,Invesco China Technology ETF,P,True,False,False,False,False,False,False,False,False,,False,,,3417853440.0,Country / Region,unknown,469.0,True,,False,True,256.0,True,True,False,416.0,,0,0,False,Country / Region,Country / Region,Country / Region,Country / Region,Country / Region
2026-08-31,VCRB,76.0,76.01740264892578,75.8499984741211,75.9000015258789,3003663.0,251,227978026.283226,49384100.86757469,42275738.87060196,0.0015174224214893,-0.0061532719564585,-0.0145626995157488,0.0349006559646941,0.0,0.0,5.2959037885512346e-05,-0.0,-0.0,-0.0,-0.0,76.155009765625,76.2551828511556,-0.0004866176774216,76.41999816894531,77.01084140861468,0.9855755389446827,0.2285995483398437,0.0030118516962335,75.7750015258789,75.7750015258789,75.7750015258789,-0.0016469037877078,Vanguard Core Bond ETF,Q,True,False,False,False,False,False,False,False,False,,False,,,7294146560.0,Bond,unknown,302.0,True,,False,True,300.0,True,True,False,417.0,,0,0,False,Bond,Bond,Bond,Bond,Bond
2026-08-31,XLC,112.4800033569336,112.54000091552734,111.26000213623048,111.45999908447266,3313037.0,251,369271100.986824,455952091.7876988,683469739.7767985,0.0010778044775379,-0.0333884370793404,-0.048896532521095,0.0065218932688372,0.0,0.0,7.029325767177178e-06,-0.0,-0.0,-0.0,,110.13859970092771,113.1782194519043,0.0015560699571701,114.0,119.16998107948716,0.9353026498353484,1.5640003204345705,0.0140319426994544,110.25,109.8949966430664,109.8949966430664,-0.0140409335569811,State Street Communication Services Select Sector SPDR ETF,P,True,False,False,False,False,False,False,False,False,,False,,,22262224896.0,Sector,unknown,124.0,True,,False,True,43.0,True,True,False,418.0,,0,0,False,Sector,Sector,Sector,Sector,Sector
2026-08-31,XAR,260.0,260.0299987792969,255.4750061035156,256.5199890136719,236815.0,251,60747781.19827271,53636663.251960754,58661106.45064339,-0.0625297502606424,-0.0836573353716254,-0.1144754474162161,0.0,0.0,0.0,-0.0,-0.0,-0.0,-0.0,-0.0,274.6679992675781,272.1757178751628,-0.0058996580255529,297.7900085449219,297.7900085449219,0.8614123431041025,6.150250244140625,0.0239757153732484,255.4750061035156,255.4750061035156,255.4750061035156,-0.0040736899848399,State Street SPDR S&P Aerospace & Defense ETF,P,True,False,False,False,False,False,False,False,False,,False,,,6468274688.0,Industry / Theme,unknown,332.0,True,,False,True,254.0,True,True,False,419.0,,0,0,False,Industry / Theme,Industry / Theme,Industry / Theme,Industry / Theme,Industry / Theme
2026-08-31,AGG,97.41000366210938,97.4198989868164,97.30010223388672,97.41000366210938,11784103.0,251,1147889516.384674,781782674.2003524,814172471.9813116,0.0015422735202987,-0.0061075729654481,-0.0159789725698209,0.0337081733876705,0.0,0.0,5.1987223233444576e-05,-0.0,-0.0,-0.0,-0.0,97.68364395141602,97.90579172770182,-0.0006386875421844,98.01000213623048,99.02128834688412,0.9837278961759192,0.3139949798583984,0.0032234366908307,97.13999938964844,97.13999938964844,97.13999938964844,-0.0027718331004021,iShares Core U.S. Aggregate Bond ETF,P,True,False,False,False,False,False,False,False,False,,False,,,138847469568.0,Bond,unknown,18.0,True,,False,True,38.0,True,True,False,420.0,,0,0,False,Bond,Bond,Bond,Bond,Bond
2026-08-31,XME,119.08000183105467,119.51499938964844,117.5999984741211,118.12999725341795,1124938.0,251,132888922.8502655,258909789.95171735,239316172.6636893,0.1456696397454826,-0.0725653735561183,-0.0309350299531055,0.2950882453852296,0.0,0.0,0.0429853983983929,-0.0,-0.0,-0.0,-0.0,108.90539947509764,114.30071502685549,0.0008559061422923,123.80999755859376,132.8491221892372,0.8892041987687918,3.791250991821289,0.0320938887663572,112.8499984741211,105.3000030517578,105.3000030517578,-0.1086091128414796,State Street SPDR S&P Metals & Mining ETF,P,True,False,False,False,False,False,False,False,False,,False,,,4383336448.0,Other,unknown,404.0,True,,False,True,100.0,True,True,False,421.0,,0,0,False,Other,Other,Other,Other,Other
2026-08-31,AIRR,109.1999969482422,109.36000061035156,107.91999816894533,108.22000122070312,1043846.0,251,112965015.39422607,75706195.09588318,85352393.77547394,-0.1000415698902027,-0.1511490859358043,-0.0936309619276252,0.0,0.0,0.0,-0.0,-0.0,-0.0,-0.0,,121.71580017089843,120.9303114827474,-0.0239592119553152,125.1999969482422,135.0500030517578,0.8013328306199882,2.5179004669189453,0.0232664982306178,107.91999816894533,107.91999816894533,107.91999816894533,-0.0027721590128796,First Trust RBA American Industrial Renaissance ETF,Q,True,False,False,False,False,False,False,False,False,,False,,,11489859584.0,Other,unknown,214.0,True,,False,True,206.0,True,True,False,422.0,,0,0,False,Other,Other,Other,Other,Other
2026-08-31,XLU,42.0,42.39500045776367,41.8650016784668,42.22999954223633,31504378.0,251,1330429868.5184402,867570142.8361317,882483563.0752381,-0.0480162542562767,-0.0139290040063355,-0.0965422955753236,0.0,0.0,0.0,-0.0,-0.0,-0.0,-0.0,-0.0,44.63680015563965,44.88195526123047,-0.0035166578850523,44.650001525878906,47.40728211653791,0.890791407075929,0.6552495956420898,0.0155162112892457,41.8650016784668,41.8650016784668,41.8650016784668,-0.0086430941919494,State Street Utilities Select Sector SPDR ETF,P,True,False,False,False,False,False,False,False,False,,False,,,23111417856.0,Sector,unknown,117.0,True,,False,True,34.0,True,True,False,423.0,,0,0,False,Sector,Sector,Sector,Sector,Sector
2026-08-31,VWOB,65.96949768066406,65.97000122070312,65.85449981689453,65.94000244140625,353603.0,251,23316582.68328857,28756293.178849798,33919991.63185774,0.0019754579491779,-0.0040319769455132,-0.0021306167104359,0.0429059192039239,0.0,0.0,8.475883915817943e-05,-0.0,-0.0,-0.0,-0.0,66.11231643676757,65.74587641398112,-0.000791885370781,66.33000183105469,66.8306962863041,0.9866723841828297,0.2177749633789062,0.0033026229195611,65.66000366210938,65.66000366210938,65.66000366210938,-0.0042462658315137,Vanguard Emerging Markets Government Bond ETF,Q,True,False,False,False,False,False,False,False,False,,False,,,6760565248.0,Bond,unknown,319.0,True,,False,True,328.0,True,True,False,424.0,,0,0,False,Bond,Bond,Bond,Bond,Bond
2026-08-31,VPU,181.91000366210935,183.5413055419922,181.3300018310547,182.8600006103516,369052.0,251,67484848.94525146,51787844.28800659,46858086.40443736,-0.045366756997953,-0.0161932773923284,-0.0937795956763656,0.0,0.0,0.0,-0.0,-0.0,-0.0,-0.0,-0.0,192.88935485839843,194.1197021484375,-0.0038458312541765,193.00999450683597,204.4856368333461,0.8942437397663326,2.6929977416992186,0.0147271012398037,181.3300018310547,181.3300018310547,181.3300018310547,-0.0083670500611945,Vanguard Utilities ETF,P,True,False,False,False,False,False,False,False,False,,False,,,10763640832.0,Sector,unknown,229.0,True,,False,True,284.0,True,True,False,425.0,,0,0,False,Sector,Sector,Sector,Sector,Sector
2026-08-31,BLV,66.16000366210938,66.22000122070312,65.96499633789062,66.22000122070312,575318.0,251,38097558.66229248,40626258.82140503,44723212.65356688,0.0034854275553761,-0.0248768202554832,-0.0449262489612529,0.037157186224713,0.0,0.0,0.0001295086807478,-0.0,-0.0,-0.0,-0.0,66.83438766479492,67.54657740275066,-0.0047988459346942,67.11000061035156,69.43293563907251,0.95372607554618,0.465250015258789,0.0070258231151063,65.23999786376953,65.23999786376953,65.23999786376953,-0.01479920475488,Vanguard Long-Term Bond ETF,P,True,False,False,False,False,False,False,False,False,,False,,,8673027072.0,Bond,unknown,270.0,True,,False,True,290.0,True,True,False,426.0,,0,0,False,Bond,Bond,Bond,Bond,Bond
2026-08-31,BND,72.2300033569336,72.26000213623047,72.16390228271484,72.23999786376953,6550376.0,251,473199148.2468872,585552201.6954864,570785459.8811941,0.0012473504641346,-0.0060854773705035,-0.015667888785902,0.0283901650076053,0.0,0.0,3.541248549909444e-05,-0.0,-0.0,-0.0,-0.0,72.46031021118164,72.61184682210286,-0.0006196935491024,72.68000030517578,73.40951883950623,0.9840685377833138,0.2263046264648437,0.0031326776461373,72.06999969482422,72.06999969482422,72.06999969482422,-0.0023532416109133,Vanguard Total Bond Market ETF,Q,True,False,False,False,False,False,False,False,False,,False,,,397862928384.0,Bond,unknown,7.0,True,,False,True,51.0,True,True,False,427.0,,0,0,False,Bond,Bond,Bond,Bond,Bond
2026-08-31,VOX,187.7100067138672,187.7100067138672,185.92999267578125,186.50999450683597,219770.0,251,40989301.49276733,42493321.71816254,57158921.75116887,-0.0081893566600901,-0.0403473370231539,-0.0234364189235614,0.0,0.0,0.0,-0.0,-0.0,-0.0,-0.0,,186.33146392822263,189.08759073893228,-0.0007111000668738,190.9600067138672,199.16970205639092,0.9364375835338116,2.6559989929199217,0.0142405183161515,183.75999450683597,183.75999450683597,183.75999450683597,-0.0147445181544907,Vanguard Communication Services  ETF,P,True,False,False,False,False,False,False,False,False,,False,,,5931463168.0,Sector,unknown,349.0,True,,False,True,260.0,True,True,False,428.0,,0,0,False,Sector,Sector,Sector,Sector,Sector
2026-08-31,BNDX,47.540000915527344,47.56999969482422,47.52000045776367,47.54999923706055,4441689.0,251,211202308.56126025,186745518.91502056,201039865.9910343,-0.0060618920276415,-0.0068955918166574,-0.0166305715037655,0.0,0.0,0.0,-0.0,-0.0,-0.0,-0.0,-0.0,47.85664871215821,47.80126378377279,-0.0010017571948039,48.02000045776367,48.33796239312277,0.9836988752307372,0.1180002212524414,0.0024816030104259,47.52000045776367,47.52000045776367,47.52000045776367,-0.000630889164631,Vanguard Total International Bond ETF,Q,True,False,False,False,False,False,False,False,False,,False,,,123285929984.0,Bond,unknown,24.0,True,,False,True,115.0,True,True,False,429.0,,0,0,False,Bond,Bond,Bond,Bond,Bond
2026-08-31,BOND,90.47000122070312,90.47000122070312,90.35009765625,90.41999816894533,453846.0,251,41036754.488983154,45923275.68392944,49363596.07785906,0.0012180335879223,-0.0054822322757646,-0.0157349135793938,0.0229645226953449,0.0,0.0,2.7971559973536077e-05,-0.0,-0.0,-0.0,-0.0,90.80108032226562,90.8851845296224,-0.0003911025465784,91.1500015258789,91.86548466766328,0.9842651839921464,0.3279949188232421,0.0036274599144583,90.29000091552734,90.29000091552734,90.29000091552734,-0.0014377046676673,PIMCO Active Bond Exchange-Traded Fund Exchange-Traded Fund,N,True,False,False,False,False,False,False,False,False,,False,,,8311250432.0,Bond,unknown,276.0,True,,False,True,279.0,True,True,False,430.0,,0,0,False,Bond,Bond,Bond,Bond,Bond
2026-08-31,BOTZ,35.95000076293945,36.060001373291016,35.744998931884766,35.88999938964844,544736.0,251,19550574.70751953,22822334.6259552,30366131.18338376,-0.0011133012854882,-0.1155677444596712,-0.0597552036097348,0.0,0.0,0.0,-0.0,-0.0,-0.0,-0.0,,36.2189591217041,37.04783009847005,-0.009382278797441,38.150001525878906,41.68914992307781,0.8608954477572797,0.568850326538086,0.0158498282589036,35.2400016784668,35.2400016784668,35.2400016784668,-0.0181108309343999,Global X Robotics & Artificial Intelligence ETF,Q,True,False,False,False,False,False,False,False,False,,False,,,3517117696.0,Industry / Theme,unknown,458.0,True,,False,True,346.0,True,True,False,431.0,,0,0,False,Industry / Theme,Industry / Theme,Industry / Theme,Industry / Theme,Industry / Theme
2026-08-31,BIV,75.37000274658203,75.375,75.29199981689453,75.36000061035156,1403269.0,251,105750352.69648744,104694209.88850936,115637158.22998942,-0.0007955125967963,-0.0069509310853572,-0.0211747465580631,0.0,0.0,0.0,-0.0,-0.0,-0.0,-0.0,-0.0,75.68170471191407,75.93886286417643,-0.0005156822963396,75.93000030517578,77.01970410091008,0.9784509235664682,0.2484004974365234,0.0032961849180558,75.29199981689453,75.29199981689453,75.29199981689453,-0.0009023459780557,Vanguard Intermediate-Term Bond ETF,P,True,False,False,False,False,False,False,False,False,,False,,,52510502912.0,Bond,unknown,54.0,True,,False,True,165.0,True,True,False,432.0,,0,0,False,Bond,Bond,Bond,Bond,Bond
2026-08-31,VTEB,49.31999969482422,49.365501403808594,49.2400016784668,49.34000015258789,10567490.0,251,521399958.212471,390137352.8755474,354387561.31355345,-0.0036349011209987,-0.0133034302586994,-0.0163045904546099,0.0,0.0,0.0,-0.0,-0.0,-0.0,-0.0,-0.0,49.84009208679199,49.77137588500977,-0.0021223442561683,49.959999084472656,50.60184424489237,0.9750632785991422,0.134000015258789,0.0027158495104252,49.2400016784668,49.2400016784668,49.2400016784668,-0.0020267222094009,Vanguard Tax-Exempt Bond ETF,P,True,False,False,False,False,False,False,False,False,,False,,,48785248256.0,Bond,unknown,58.0,True,,False,True,72.0,True,True,False,433.0,,0,0,False,Bond,Bond,Bond,Bond,Bond
2026-08-31,USIG,50.27000045776367,50.28919982910156,50.21500015258789,50.27999877929688,3067450.0,251,154231382.2555542,114914927.05049516,101791436.18096852,0.0011946944869649,-0.0092591715648978,-0.0139576248502488,0.0256399388345304,0.0,0.0,3.063189357173243e-05,-0.0,-0.0,-0.0,-0.0,50.44441795349121,50.527943267822266,-0.0012810174214372,50.54999923706055,51.10701363342565,0.9838179773120634,0.1727499008178711,0.0034357578562432,50.02000045776367,50.02000045776367,50.02000045776367,-0.00517100890703,iShares Broad USD Investment Grade Corporate Bond ETF,Q,True,False,False,False,False,False,False,False,False,,False,,,17618763776.0,Bond,unknown,147.0,True,,False,True,178.0,True,True,False,434.0,,0,0,False,Bond,Bond,Bond,Bond,Bond
2026-08-31,SLV,60.38999938964844,60.41999816894531,59.65999984741211,60.130001068115234,14675820.0,251,882457072.2754669,1045881888.5028038,1051401071.2085652,0.1462066739896832,-0.1114230427789532,-0.2628417151761911,0.3210547720978893,0.0,0.0,0.0469403503969481,-0.0,-0.0,-0.0,,55.634199981689456,65.83386683146159,0.000701499684907,64.30999755859375,81.27999877929688,0.7397884100784604,1.863500213623047,0.0309911887663543,57.22999954223633,53.58000183105469,53.58000183105469,-0.1089306356346262,iShares Silver Trust,P,True,False,False,False,False,False,False,False,False,,False,,,28194189312.0,Commodity,unknown,99.0,True,,False,True,30.0,True,True,False,435.0,,0,0,False,Commodity,Commodity,Commodity,Commodity,Commodity
2026-08-31,SIVR,63.47999954223633,63.49409866333008,62.75,63.25,1141232.0,251,72182924.0,83966557.9386055,73061414.76493448,0.147288205597025,-0.1104078571391015,-0.2617880511821242,0.3279482828083631,0.0,0.0,0.0483029141034694,-0.0,-0.0,-0.0,,58.479199981689455,69.16799987792969,0.0007803725182287,67.5999984741211,85.3499984741211,0.7410662112569104,1.9402044296264649,0.0306751688478492,60.18000030517578,56.33000183105469,56.33000183105469,-0.1094070856750246,abrdn Physical Silver Shares ETF,P,True,False,False,False,False,False,False,False,False,,False,,,3950569728.0,Commodity,unknown,430.0,True,,False,True,224.0,True,True,False,436.0,,0,0,False,Commodity,Commodity,Commodity,Commodity,Commodity
2026-08-31,FIXD,42.84000015258789,43.06700134277344,42.709999084472656,42.81999969482422,258847.0,251,11083828.461006165,10431448.939377213,13482389.622841608,0.0015158793492087,-0.0072748803534719,-0.018233300179228,0.0340058444417757,0.0,0.0,5.154875734169183e-05,-0.0,-0.0,-0.0,-0.0,42.95434799194336,43.04866399129232,-0.0009172869230257,43.29999923706055,44.12359880470473,0.9704557392145106,0.2676991625875715,0.0062517320059656,42.645613573627365,42.4961887670367,42.4961887670367,-0.0075621422254857,First Trust Smith Opportunistic Fixed Income ETF,Q,True,False,False,False,False,False,False,False,False,,False,,,3286956288.0,Bond,unknown,475.0,True,,False,True,432.0,True,True,False,437.0,,0,0,False,Bond,Bond,Bond,Bond,Bond
2026-08-31,FLCB,21.040000915527344,21.049999237060547,21.020000457763672,21.040000915527344,3182125.0,251,66951912.91332245,10240771.80243492,10492637.78914497,0.0009514965427264,-0.0065798319410976,-0.016678198606932,0.0210531810661912,0.0,0.0,2.0032028997874188e-05,-0.0,-0.0,-0.0,-0.0,21.11322765350342,21.15686992645264,-0.0006107450460643,21.18000030517578,21.396859391751647,0.9833219226387088,0.063949966430664,0.0030394469414433,21.0,21.0,21.0,-0.0019011841153402,Franklin U.S. Core Bond ETF,P,True,False,False,False,False,False,False,False,False,,False,,,3058559488.0,Bond,unknown,500.0,True,,False,True,449.0,True,True,False,438.0,,0,0,False,Bond,Bond,Bond,Bond,Bond
2026-08-31,SPAB,25.11000061035156,25.156099319458008,25.07229995727539,25.100000381469727,1016048.0,251,25502805.187591556,89808367.88581772,64480264.34867169,0.001196676785429,-0.0064682551995979,-0.0167035836635489,0.0275235137145106,0.0,0.0,3.2936749915591855e-05,-0.0,-0.0,-0.0,-0.0,25.179400863647466,25.23710683186849,-0.0006476049547186,25.280000686645508,25.55587107588959,0.9821618017610853,0.0961898803710937,0.003832266092,25.040000915527344,25.040000915527344,25.040000915527344,-0.0023904169334865,State Street SPDR Portfolio Aggregate Bond ETF,P,True,False,False,False,False,False,False,False,False,,False,,,9625304064.0,Bond,unknown,254.0,True,,False,True,241.0,True,True,False,439.0,,0,0,False,Bond,Bond,Bond,Bond,Bond
2026-08-31,FBND,44.7400016784668,44.75019836425781,44.66320037841797,44.75,3223279.0,251,144241735.25,154952464.93213195,133820015.42878383,0.0018817292231532,-0.0050396243101251,-0.0132824374958837,0.0431359036455937,0.0,0.0,8.117009045703506e-05,-0.0,-0.0,-0.0,-0.0,44.86922622680664,44.925604095458986,-0.0004933869578986,45.37335328148987,45.38203897681243,0.9860729268436932,0.2203570292496412,0.0049241794245729,44.61613127558695,44.61613127558695,44.61613127558695,-0.002991479875152,Fidelity Total Bond ETF,P,True,False,False,False,False,False,False,False,False,,False,,,26618243072.0,Bond,unknown,102.0,True,,False,True,147.0,True,True,False,440.0,,0,0,False,Bond,Bond,Bond,Bond,Bond
2026-08-31,SMBS,24.96999931335449,24.999900817871094,24.940099716186523,24.959999084472656,1379160.0,251,34423832.33734131,14390615.713651655,13441279.166959733,0.0008018664790214,-0.00634248604587,-0.0143106256382182,0.015383441636088,0.0,0.0,1.233546617996228e-05,-0.0,-0.0,-0.0,-0.0,25.05966293334961,25.091463877360027,-0.0003989736680848,25.18000030517578,25.37204782226696,0.9837597366723912,0.1008404731750488,0.0040400832080871,24.940000534057617,24.940000534057617,24.940000534057617,-0.0008012240043502,Schwab Mortgage-Backed Securities ETF,P,True,False,False,False,False,False,False,False,False,,False,,,6495026176.0,Bond,unknown,330.0,True,,False,True,433.0,True,True,False,441.0,,0,0,False,Bond,Bond,Bond,Bond,Bond
2026-08-31,SCHI,22.200000762939453,22.209999084472656,22.18000030517578,22.200000762939453,1718531.0,251,38151389.5111351,38730458.152228735,40853371.24826383,-0.0009000247989665,-0.0086242883256488,-0.0162798367181904,0.0,0.0,0.0,-0.0,-0.0,-0.0,-0.0,-0.0,22.29174621582031,22.33661936442057,-0.0008476756075266,22.36000061035156,22.59676345944814,0.9824416139408322,0.07524995803833,0.0033896376329838,22.13999938964844,22.13999938964844,22.13999938964844,-0.0027027644697734,Schwab 5-10 Year Corporate Bond ETF,P,True,False,False,False,False,False,False,False,False,,False,,,11602564096.0,Bond,unknown,211.0,True,,False,True,302.0,True,True,False,442.0,,0,0,False,Bond,Bond,Bond,Bond,Bond
2026-08-31,GLD,407.760009765625,408.6400146484375,404.8999938964844,408.4200134277344,9406471.0,251,3841791012.127594,4860220703.746028,3446874149.514091,0.0987598472372317,-0.006905598089902,-0.1664897685148277,0.3413930171480662,0.0,0.0,0.0337159222214006,-0.0,-0.0,-0.0,-0.0,386.4920013427735,419.2990000406901,0.0139234405586887,429.4200134277344,481.30999755859375,0.8485591728811204,7.841006469726563,0.0191983894322895,397.8699951171875,373.7099914550781,373.7099914550781,-0.0849860947835207,SPDR Gold Shares,P,True,False,False,False,False,False,False,False,False,,False,,,130053275648.0,Commodity,unknown,19.0,True,,False,True,10.0,True,True,False,443.0,,0,0,False,Commodity,Commodity,Commodity,Commodity,Commodity
2026-08-31,SCHP,25.90999984741211,25.90999984741211,25.8700008392334,25.90999984741211,5979924.0,251,154939829.927536,155068793.34647638,125208339.02219585,0.0011592228600605,-0.01066403840088,-0.0085828947568162,0.0322587260992352,0.0,0.0,3.739505273066498e-05,-0.0,-0.0,-0.0,-0.0,25.97445617675781,26.010741856892903,-0.0003662562422113,26.100000381469727,26.244893410813876,0.9872396676122992,0.0765000343322754,0.002952529323921,25.8700008392334,25.8700008392334,25.8700008392334,-0.0015437672101223,Schwab U.S. TIPS ETF,P,True,False,False,False,False,False,False,False,False,,False,,,16518061056.0,Other,unknown,159.0,True,,False,True,152.0,True,True,False,444.0,,0,0,False,Other,Other,Other,Other,Other
2026-08-31,SCHR,24.34000015258789,24.350000381469727,24.32069969177246,24.34000015258789,1712965.0,251,41693568.36137772,52724102.31244564,65673836.55519788,-0.000821036833438,-0.0041616141216289,-0.0187072160777002,0.0,0.0,0.0,-0.0,-0.0,-0.0,-0.0,-0.0,24.41851085662842,24.491419092814127,0.0001558849602898,24.51000022888184,24.80401049841266,0.9812929305986844,0.0659650802612304,0.0027101511851969,24.32069969177246,24.32069969177246,24.32069969177246,-0.0007929523703547,Schwab Intermediate-Term U.S. Treasury ETF,P,True,False,False,False,False,False,False,False,False,,False,,,13378999296.0,Bond,unknown,193.0,True,,False,True,240.0,True,True,False,445.0,,0,0,False,Bond,Bond,Bond,Bond,Bond
2026-08-31,SGOL,42.31999969482422,42.400001525878906,42.04999923706055,42.400001525878906,1986363.0,251,84221794.2309494,94507992.408424,97593428.69013092,0.0990150210866329,-0.0060946629738203,-0.1655185912243045,0.340463625378835,0.0,0.0,0.0337110130461168,-0.0,-0.0,-0.0,-0.0,40.110600051879885,43.4942000579834,0.0140206287286119,44.560001373291016,49.90999984741211,0.8495291856442951,0.800999641418457,0.0188915002969885,41.310001373291016,38.790000915527344,38.790000915527344,-0.0851415207649979,abrdn Physical Gold Shares ETF,P,True,False,False,False,False,False,False,False,False,,False,,,6743476736.0,Commodity,unknown,320.0,True,,False,True,185.0,True,True,False,446.0,,0,0,False,Commodity,Commodity,Commodity,Commodity,Commodity
2026-08-31,SCMB,25.1200008392334,25.149999618530277,25.09000015258789,25.1299991607666,2518954.0,251,63301311.90600968,38285684.85437183,31096032.757646408,-0.004752508484491,-0.0130350010629718,-0.0211652149596671,0.0,0.0,0.0,-0.0,-0.0,-0.0,-0.0,-0.0,25.42273078918457,25.40633982340495,-0.0020727917323147,25.479999542236328,25.985604695947757,0.9670738647342474,0.0802000999450683,0.0031914087792839,25.09000015258789,25.09000015258789,25.09000015258789,-0.0015916836257263,Schwab Municipal Bond ETF,P,True,False,False,False,False,False,False,False,False,,False,,,3980585728.0,Bond,unknown,424.0,True,,False,True,342.0,True,True,False,447.0,,0,0,False,Bond,Bond,Bond,Bond,Bond
2026-08-31,SCHZ,22.770000457763672,22.920000076293945,22.732500076293945,22.770000457763672,3071421.0,251,69936257.57598495,36693110.30166607,38863793.43338309,0.0017598291391522,-0.0061647889751075,-0.0158931351386776,0.0408172798081751,0.0,0.0,7.183143838735906e-05,-0.0,-0.0,-0.0,-0.0,22.83213340759277,22.882460492451987,-0.0005902794023846,23.049999237060547,23.206862775614987,0.9811752962011584,0.1458749771118164,0.0064064547289931,22.700000762939453,22.700000762939453,22.700000762939453,-0.0030742070011839,Schwab US Aggregate Bond ETF,P,True,False,False,False,False,False,False,False,False,,False,,,10601679872.0,Bond,unknown,235.0,True,,False,True,308.0,True,True,False,448.0,,0,0,False,Bond,Bond,Bond,Bond,Bond
2026-08-31,FSEC,43.15999984741211,43.2400016784668,43.13010025024414,43.22999954223633,284497.0,251,12298805.179767609,13223049.197319984,14769418.37206916,0.0008189372414824,-0.0052165957742651,-0.0116476163473046,0.0161692214606179,0.0,0.0,1.3241577619876616e-05,-0.0,-0.0,-0.0,-0.0,43.35654968261719,43.37827110290527,-0.0003181908588144,43.51362536643138,43.92588078151631,0.9841578307162188,0.1679256468264167,0.0038844702429929,43.13010025024414,43.13010025024414,43.13010025024414,-0.0023108788584321,Fidelity Investment Grade Securitized ETF,P,True,False,False,False,False,False,False,False,False,,False,,,4651778048.0,Bond,unknown,393.0,True,,False,True,423.0,True,True,False,449.0,,0,0,False,Bond,Bond,Bond,Bond,Bond
2026-08-31,FPE,17.690000534057617,17.69499969482422,17.65999984741211,17.65999984741211,898824.0,251,15873231.702850342,17228128.71462097,17584314.976138886,-0.0045404028767603,-0.004041736137256,-0.005880373566063,0.0,0.0,0.0,-0.0,-0.0,-0.0,-0.0,-0.0,17.715897331237795,17.674373105367025,-0.0001367048480088,17.780349152540854,17.838692452763127,0.9899828641687616,0.0460371306214524,0.0026068590611114,17.601250844243786,17.601250844243786,17.601250844243786,-0.0033266706498262,First Trust Preferred Securities and Income ETF ETF,P,True,False,False,False,False,False,False,False,False,,False,,,6320397824.0,Bond,unknown,337.0,True,,False,True,407.0,True,True,False,450.0,,0,0,False,Bond,Bond,Bond,Bond,Bond
2026-08-31,TLH,96.97000122070312,97.0,96.69499969482422,97.0,1741901.0,251,168964397.0,111779958.85051116,95526498.18693906,0.0049730975303352,-0.0175326670412936,-0.0472382050616639,0.0544221511952286,0.0,0.0,0.0002706466657045,-0.0,-0.0,-0.0,-0.0,97.74191772460938,98.74363454182942,-0.003067785275151,97.98999786376952,101.82892840912676,0.9525780297939976,0.6312503814697266,0.0065077358914404,95.83999633789062,95.83999633789062,95.83999633789062,-0.0119588006403028,iShares 10-20 Year Treasury Bond ETF,P,True,False,False,False,False,False,False,False,False,,False,,,11252374528.0,Bond,unknown,220.0,True,,False,True,188.0,True,True,False,451.0,,0,0,False,Bond,Bond,Bond,Bond,Bond
2026-08-31,TIP,106.86000061035156,106.87000274658205,106.72000122070312,106.81999969482422,2231413.0,251,238359535.9790268,185773275.0762722,196116754.5076089,-0.0003743301076069,-0.0120539609999732,-0.0098325724382599,0.0,0.0,0.0,-0.0,-0.0,-0.0,-0.0,-0.0,107.18533325195312,107.37464502970376,-0.0005240459733231,107.6500015258789,108.34823533031094,0.9858951497379932,0.3009994506835937,0.0028178192430586,106.72000122070312,106.72000122070312,106.72000122070312,-0.0009361399963189,iShares TIPS Bond ETF,P,True,False,False,False,False,False,False,False,False,,False,,,14696782848.0,Bond,unknown,172.0,True,,False,True,118.0,True,True,False,452.0,,0,0,False,Bond,Bond,Bond,Bond,Bond
2026-08-31,EAGG,46.63999938964844,46.650001525878906,46.58209991455078,46.650001525878906,290274.0,251,13541282.542922974,20598176.21296539,16998854.811909508,0.001717883435236,-0.0061763420419214,-0.0163390120789272,0.0384623849172871,0.0,0.0,6.607389392908032e-05,-0.0,-0.0,-0.0,-0.0,46.78053642272949,46.892055638631184,-0.0006419368167205,46.93000030517578,47.43471309607526,0.9834570187321048,0.1458953857421875,0.0031274465374079,46.52999877929688,46.52999877929688,46.52999877929688,-0.0025724060590964,iShares ESG Aware U.S. Aggregate Bond ETF,P,True,False,False,False,False,False,False,False,False,,False,,,4899153408.0,Bond,unknown,380.0,True,,False,True,410.0,True,True,False,453.0,,0,0,False,Bond,Bond,Bond,Bond,Bond
2026-08-31,TFI,44.619998931884766,44.67499923706055,44.54999923706055,44.65999984741211,320165.0,251,14298568.851146698,27939929.81573391,22520926.948705703,-0.0037921475953367,-0.0123739331899896,-0.0184849943874987,0.0,0.0,0.0,-0.0,-0.0,-0.0,-0.0,-0.0,45.1121760559082,45.1068106842041,-0.0021501398980225,45.220001220703125,45.60247511238132,0.9793328045759226,0.108000373840332,0.0024182797628601,44.54999923706055,44.54999923706055,44.54999923706055,-0.0024630678622346,State Street SPDR Nuveen ICE Municipal Bond ETF,P,True,False,False,False,False,False,False,False,False,,False,,,3122414592.0,Bond,unknown,494.0,True,,False,True,384.0,True,True,False,454.0,,0,0,False,Bond,Bond,Bond,Bond,Bond
2026-08-31,EDV,60.130001068115234,60.185001373291016,59.775001525878906,60.16999816894531,1671498.0,251,100574031.59939577,84472569.48079911,70495588.40027413,0.0071977984331645,-0.0449113531402015,-0.0954517980050075,0.0412268763786211,0.0,0.0,0.0002967427462023,-0.0,-0.0,-0.0,-0.0,61.4321280670166,62.93090311686198,-0.0097963355398227,61.459999084472656,66.55839652681344,0.904018145099176,0.7477500915527344,0.0124272912465977,58.33000183105469,58.33000183105469,58.33000183105469,-0.0305799633352868,Vanguard Extended Duration Treasury ETF,P,True,False,False,False,False,False,False,False,False,,False,,,4162188800.0,Bond,unknown,416.0,True,,False,True,229.0,True,True,False,455.0,,0,0,False,Bond,Bond,Bond,Bond,Bond
2026-08-31,TLT,82.46499633789062,82.52999877929688,82.1449966430664,82.5199966430664,35546591.0,251,2933304569.9924545,2792452014.436436,2320528931.731663,0.004015016326291,-0.0270455698304509,-0.0611697085892766,0.0359862587785821,0.0,0.0,0.0001444854165181,-0.0,-0.0,-0.0,-0.0,83.54786407470704,84.7531184387207,-0.0054555992277461,83.5999984741211,87.95545596293432,0.9382021358384124,0.6632488250732422,0.0080374315566452,81.16999816894531,81.16999816894531,81.16999816894531,-0.0163596525574328,iShares 20+ Year Treasury Bond ETF,Q,True,False,False,False,False,False,False,False,False,,False,,,41099935744.0,Bond,unknown,75.0,True,,False,True,12.0,True,True,False,456.0,,0,0,False,Bond,Bond,Bond,Bond,Bond
2026-08-31,TOTL,38.77000045776367,38.7671012878418,38.72999954223633,38.7599983215332,509211.0,251,19737017.505306244,16485146.615488242,20620423.175994087,0.002845971314662,-0.0067537065765768,-0.0211201870687529,0.0814789697509148,0.0,0.0,0.0002318868106593,-0.0,-0.0,-0.0,-0.0,38.8730078125,39.03652015686035,-0.0004439221119483,38.97700119018555,39.56689919899772,0.979606668862114,0.103549575805664,0.002671557799014,38.72999954223633,38.720001220703125,38.720001220703125,-0.0010319169907666,State Street DoubleLine Total Return Tactical ETF,P,True,False,False,False,False,False,False,False,False,,False,,,4176964608.0,Other,unknown,414.0,True,,False,True,395.0,True,True,False,457.0,,0,0,False,Other,Other,Other,Other,Other
2026-08-31,URA,45.61000061035156,45.84999847412109,45.26499938964844,45.5099983215332,2038265.0,251,92761436.72883987,157261633.68285084,152089782.3471581,0.1151677723617574,-0.0995251781336786,-0.1937998634818191,0.2518755598876933,0.0,0.0,0.029007947144636,-0.0,-0.0,-0.0,,43.06220001220703,48.80686670939128,0.0004693064931793,50.09000015258789,58.970001220703125,0.7717483021783558,1.5622491836547852,0.0343276036315651,43.15999984741211,41.54999923706055,41.54999923706055,-0.0870138262035261,Global X Uranium ETF,P,True,False,False,False,False,False,False,False,False,,False,,,5997526528.0,Commodity,unknown,347.0,True,,False,True,136.0,True,True,False,458.0,,0,0,False,Commodity,Commodity,Commodity,Commodity,Commodity
2026-08-31,UCON,24.600000381469727,24.62989997863769,24.549999237060547,24.61000061035156,457788.0,251,11266162.95941162,13117653.474966433,12604104.871324932,0.0038720260646554,-0.0005926239655706,-0.0011115510108085,0.1153661595380439,0.0,0.0,0.0004467007767105,-0.0,-0.0,-0.0,-0.0,24.59062656402588,24.5405451075236,0.0001019667909876,24.700000762939453,24.91113262021599,0.9879117495597108,0.07375347818367,0.0029968905467091,24.52400016784668,24.52400016784668,24.52400016784668,-0.0034945323190568,First Trust Smith Unconstrained Bond ETF,P,True,False,False,False,False,False,False,False,False,,False,,,3285839104.0,Bond,unknown,476.0,True,,False,True,437.0,True,True,False,459.0,,0,0,False,Bond,Bond,Bond,Bond,Bond
2026-08-31,EVTR,49.95000076293945,49.95000076293945,49.85499954223633,49.93000030517578,494000.0,251,24665420.15075684,29589291.936073303,27508715.154048376,-0.0013999938964843,-0.0121009771323171,-0.0202207818426842,0.0,0.0,0.0,-0.0,-0.0,-0.0,-0.0,-0.0,50.34658508300781,50.44617065429688,-0.0010984298958718,50.43999862670898,51.328515074228,0.9727536483954432,0.1774003982543945,0.0035529821183679,49.85499954223633,49.85499954223633,49.85499954223633,-0.001502118215122,Eaton Vance Total Return Bond ETF,N,True,False,False,False,False,False,False,False,False,,False,,,5577608192.0,Bond,unknown,361.0,True,,False,True,362.0,True,True,False,460.0,,0,0,False,Bond,Bond,Bond,Bond,Bond
2026-08-31,SPTI,28.030000686645508,28.030000686645508,28.0,28.01000022888184,1672731.0,251,46853195.69285774,47387726.82914896,61514390.80638634,-0.0007135375409819,-0.0040814513454622,-0.0186561691022217,0.0,0.0,0.0,-0.0,-0.0,-0.0,-0.0,-0.0,28.104113426208496,28.187083307902014,0.000184736174279,28.209999084472656,28.542492906779422,0.9813438623025424,0.0754998207092285,0.0026954594820523,28.0,28.0,28.0,-0.0003570235201756,State Street SPDR Portfolio Intermediate Term Treasury ETF,P,True,False,False,False,False,False,False,False,False,,False,,,10175785984.0,Bond,unknown,245.0,True,,False,True,248.0,True,True,False,461.0,,0,0,False,Bond,Bond,Bond,Bond,Bond
2026-08-31,SPMB,21.950000762939453,21.975000381469727,21.934999465942383,21.96999931335449,833973.0,251,18322386.237356182,24654722.68008337,25325086.55937773,0.0031963331526723,-0.0057205603960127,-0.0153570728222953,0.0598285024942127,0.0,0.0,0.0001912318259969,-0.0,-0.0,-0.0,-0.0,22.03269660949707,22.074797503153484,-0.0004765256418541,22.1299991607666,22.3028158412174,0.9850773763173064,0.0872504234313964,0.0039713439307374,21.93000030517578,21.93000030517578,21.93000030517578,-0.0018206194551129,State Street SPDR Portfolio Mortgage Backed Bond ETF,P,True,False,False,False,False,False,False,False,False,,False,,,7072976896.0,Bond,unknown,310.0,True,,False,True,373.0,True,True,False,462.0,,0,0,False,Bond,Bond,Bond,Bond,Bond
2026-08-31,SPIB,33.09000015258789,33.13999938964844,33.060001373291016,33.08000183105469,4066347.0,251,134514766.20570374,213321502.36733016,224416179.36730933,0.0006049744988767,-0.0020113471883087,-0.0057464912236449,0.0204087987886289,0.0,0.0,1.2346802819827322e-05,-0.0,-0.0,-0.0,-0.0,33.11925796508789,33.08931688944499,0.0002713724015808,33.25,33.36922897253566,0.9913325194981576,0.0834997177124023,0.0025241751236547,33.04999923706055,33.04999923706055,33.04999923706055,-0.0009069707476851,State Street SPDR Portfolio Intermediate Term Corporate Bond ETF,P,True,False,False,False,False,False,False,False,False,,False,,,11570174976.0,Bond,unknown,212.0,True,,False,True,106.0,True,True,False,463.0,,0,0,False,Bond,Bond,Bond,Bond,Bond
2026-08-31,EMB,94.87000274658205,94.87000274658205,94.6750030517578,94.7699966430664,4355089.0,251,412731769.9102554,450724111.0690983,533220196.45052433,0.000211046364817,-0.0044501105935633,-0.0012405603161246,0.0040643535568908,0.0,0.0,8.577670435130977e-07,-0.0,-0.0,-0.0,-0.0,95.08808654785156,94.41954645792644,-0.0006476016891626,95.4499969482422,96.04631112850502,0.9867114679320586,0.3542499542236328,0.0037379969058968,94.45999908447266,94.45999908447266,94.45999908447266,-0.0032710516996354,iShares J.P. Morgan USD Emerging Markets Bond ETF,Q,True,False,False,False,False,False,False,False,False,,False,,,14615079936.0,Bond,unknown,173.0,True,,False,True,55.0,True,True,False,464.0,,0,0,False,Bond,Bond,Bond,Bond,Bond
2026-08-31,SPTL,25.18000030517578,25.200000762939453,25.10070037841797,25.190000534057617,4254412.0,251,107168640.55210114,130406177.48192596,130428723.4548048,0.0043859892618096,-0.0226961591058436,-0.0545059504245476,0.0428017989936322,0.0,0.0,0.0001877282307722,-0.0,-0.0,-0.0,-0.0,25.45897632598877,25.76978298187256,-0.0043466546870521,25.489999771118164,26.661803704319286,0.94479731429336,0.1854652404785156,0.0073626532968016,24.850000381469727,24.850000381469727,24.850000381469727,-0.0134974253822742,State Street SPDR Portfolio Long Term Treasury ETF,P,True,False,False,False,False,False,False,False,False,,False,,,10471982080.0,Bond,unknown,239.0,True,,False,True,150.0,True,True,False,465.0,,0,0,False,Bond,Bond,Bond,Bond,Bond
2026-08-31,FIMU,19.73500061035156,19.73900032043457,19.73500061035156,19.73900032043457,361.0,51,7125.77911567688,90830.73807535172,,-0.0005569458007812,,,0.0,,,-0.0,,,,,19.862231941223143,,,20.049999237060547,,,0.0782501220703125,0.0039642393636979,19.73500061035156,19.73500061035156,19.73500061035156,-0.0002026298200555,Fidelity Intermediate Municipal Income ETF,Q,True,False,False,False,False,False,False,False,False,,False,,,13629500416.0,Bond,unknown,189.0,True,,False,True,,False,False,False,,,0,0,False,Bond,Bond,Bond,Bond,Bond
2026-08-31,FREI,24.81999969482422,24.8700008392334,24.815000534057617,24.86000061035156,14718.0,51,365889.4889831543,257741.27633094788,,-0.0016063858952408,,,0.0,,,-0.0,,,,,24.916833839416505,,,25.030000686645508,,,0.0737499237060546,0.0029666098912059,24.815000534057617,24.790000915527344,24.790000915527344,-0.0028157559575872,Fidelity Real Estate Income ETF,Q,True,False,False,False,False,False,False,False,False,,False,,,4103114240.0,Bond,unknown,417.0,True,,False,True,,False,False,False,,,0,0,False,Bond,Bond,Bond,Bond,Bond
2026-08-31,DLCU,49.86899948120117,49.86899948120117,49.630001068115234,49.74739837646485,665.0,19,33082.01992034912,,,,,,,,,,,,,,,,,,,,,,49.43000030517578,,,,U.S. Large Company Portfolio: ETF Class Shares,Q,True,False,False,False,False,False,False,False,False,,False,,,14329477120.0,Other,unknown,178.0,True,,False,True,,False,False,False,,,0,0,False,Other,Other,Other,Other,Other
2026-08-31,DRAM,56.06999969482422,57.0,55.81999969482422,56.900001525878906,19054227.0,104,1084185545.374443,2385188024.002731,3607990138.87514,0.1128496056567043,-0.1632352716782513,,0.1614889252623765,0.0,,0.0182239615337841,-0.0,,,-0.0,58.38680015563965,,-0.0291164622027048,62.040000915527344,,,2.997000312805176,0.0526713573362928,53.130001068115234,48.77000045776367,48.77000045776367,-0.1428822645007768,Roundhill Memory ETF,Z,True,False,False,False,False,False,False,False,False,,False,,,25910761472.0,Other,unknown,108.0,True,,False,True,9.0,False,False,False,,,0,0,False,Other,Other,Other,Other,Other
