date,symbol,open,high,low,close,volume,history_days,dollar_volume,avg_dollar_vol_20,avg_dollar_vol_63,r20,r63,r126,er20,er63,er126,te20,te63,te126,score,surge_ratio,ma50,ma150,ma50_slope_10,hhv20,hhv126,hhv126_ratio,atr20,atr20_pct,low10,low20,suggested_stop,stop_distance_pct,name,exchange,is_etf,is_test_issue,exclude_leveraged,exclude_inverse,exclude_volatility,exclude_single_stock,exclude_option_income,exclude_buffer,exclude_by_name,exclude_reason,exclude_income_oriented,income_exclusion_reason_category,income_exclusion_matched_keyword,aum,asset_group,category,aum_rank,aum_eligible,manual_action,excluded_product_type,base_universe_eligible,dollar_vol_rank,liquidity_eligible,eligible_universe,signal_surge_v0,rank_score,signal_streak_start_date,signal_streak_trading_days,signal_streak_calendar_days,is_first_signal_today,group,Group,assetGroup,AssetGroup,Asset Group
2026-09-16,HGER,36.47999954223633,36.47999954223633,35.959999084472656,36.060001373291016,1688652.0,251,60892793.43901062,39770179.72817917,45453139.67130607,0.0534619297554079,0.1984048252053489,0.1651050237281559,0.3757707732798596,0.3091663984919791,0.1481589298937271,0.0200894306852231,0.0613401052521683,0.024461783635642,0.0484326926863841,1.8924412065342795,33.552999877929686,31.585286623636883,0.0396680786898355,36.47999954223633,36.47999954223633,0.9884868921541776,0.4072498321533203,0.0112936721199063,35.04499816894531,34.400001525878906,34.400001525878906,-0.0460343811479064,Harbor Commodity All-Weather Strategy ETF,N,True,False,False,False,False,False,False,False,False,,False,,,3212702208.0,Commodity,unknown,480.0,True,,False,True,290.0,True,True,True,3.0,2026-09-04,8,12,False,Commodity,Commodity,Commodity,Commodity,Commodity
2026-09-16,PDBC,20.049999237060547,20.059999465942383,19.739999771118164,19.799999237060547,6673681.0,251,132138878.70838548,104154374.13285848,120008284.11370116,0.0879120003873383,0.1877623963072265,0.1531740913849939,0.4081630667066301,0.2470402220292626,0.1018984811411874,0.0358824316784104,0.0463848640724836,0.0156082072623123,0.0356130341889237,3.4821581358329814,18.051399841308594,17.31459995905558,0.0413628389010565,20.15999984741211,20.15999984741211,0.982142826732324,0.2906998634338379,0.0146818118502611,18.780000686645508,18.06999969482422,18.06999969482422,-0.0873737176210699,Invesco Optimum Yield Diversified Commodity Strategy No K-1 ETF,Q,True,False,False,False,False,False,False,False,False,,False,,,5328577024.0,Commodity,unknown,367.0,True,,False,True,156.0,True,True,True,6.0,2026-09-10,5,6,False,Commodity,Commodity,Commodity,Commodity,Commodity
2026-09-16,XLE,65.22000122070312,65.13999938964844,63.68000030517578,64.02999877929688,48594685.0,251,3111517621.230316,1899601063.8739777,1756810858.0752237,0.0054962071677731,0.1649524561467068,0.1094366639937203,0.028997407141927,0.2220868538152025,0.0710741681567973,0.0001593757569802,0.0366337720147122,0.0077781198592086,0.0265342937602859,1.834596836323746,60.80919998168945,57.99713330586752,0.0382347166834022,66.16999816894531,66.16999816894531,0.9676590683260322,1.2785005569458008,0.0199672119525197,63.380001068115234,61.310001373291016,61.310001373291016,-0.0424800477566982,State Street Energy Select Sector SPDR ETF,P,True,False,False,False,False,False,False,False,False,,False,,,35721338880.0,Sector,unknown,84.0,True,,False,True,19.0,True,True,True,9.0,2026-09-15,2,1,False,Sector,Sector,Sector,Sector,Sector
2026-09-16,VDE,183.3800048828125,183.7100067138672,179.0500030517578,180.16000366210935,665955.0,251,119978455.23880003,93269195.60869598,94167668.5762024,0.0053010262410122,0.1630015316952566,0.1046650456383193,0.0282317251511709,0.220237249174451,0.0682183386381383,0.0001496571158554,0.0358990089517854,0.007140075526931,0.0258333822530863,1.8572716632491664,171.50340026855469,163.95510325113932,0.0376991360126188,186.22999572753903,186.22999572753903,0.9674059377936608,3.479500579833984,0.0193133909253232,178.92999267578125,173.0,173.0,-0.0397424706736684,Vanguard Energy ETF,P,True,False,False,False,False,False,False,False,False,,False,,,11076583424.0,Other,unknown,226.0,True,,False,True,187.0,True,True,True,10.0,2026-09-15,2,1,False,Other,Other,Other,Other,Other
2026-09-16,AMLP,55.27999877929688,55.52999877929688,54.3849983215332,54.72999954223633,1276779.0,251,69878114.08553696,59636590.21708278,67298610.66696766,-0.0104863825104652,0.0939147918364733,0.0795812166001495,0.0,0.2007391813887177,0.0840142290631315,-0.0,0.0188523784335454,0.0066859545605676,0.0145941300780032,1.6291451879929215,54.321009979248046,51.98042734781901,0.0184729921074431,56.43000030517578,56.43000030517578,0.9698741670433142,0.6447498321533203,0.0117805561400699,54.3849983215332,54.3849983215332,54.3849983215332,-0.0063036949312758,Alerian MLP ETF,P,True,False,False,False,False,False,False,False,False,,False,,,12160584704.0,REIT / Infra,unknown,203.0,True,,False,True,232.0,True,True,True,33.0,2026-09-15,2,1,False,REIT / Infra,REIT / Infra,REIT / Infra,REIT / Infra,REIT / Infra
2026-09-16,VFLO,54.02000045776367,54.09000015258789,53.040000915527344,53.33000183105469,2969218.0,251,158348401.37680054,132938642.03087234,91884060.64887396,-0.0043835173140103,0.1574688281366429,0.347389738023989,0.0,0.2936411258759721,0.2741261324926356,-0.0,0.0462393239844137,0.0952286053521459,0.06338557246312,0.6084842491956363,51.70544876098633,45.36131930033366,0.0333801391581698,56.32937581254435,56.32937581254435,0.9467529341800072,0.7282800019731756,0.0136561030745941,53.040000915527344,53.040000915527344,53.040000915527344,-0.0054378568454965,VictoryShares Free Cash Flow ETF,Q,True,False,False,False,False,False,False,False,False,,False,,,7757980672.0,Factor / Style,unknown,292.0,True,,False,True,191.0,True,True,False,1.0,,0,0,False,Factor / Style,Factor / Style,Factor / Style,Factor / Style,Factor / Style
2026-09-16,CIBR,99.53500366210938,101.45999908447266,99.5,100.3000030517578,2045795.0,251,205193244.74327087,162136277.8967247,147808614.88928294,0.0293514012591633,0.1799041915630237,0.5478037623818797,0.0753424685066447,0.1642559236494385,0.2030957560919866,0.0022114070249944,0.02955032915359,0.1112566193109828,0.0581475307086774,1.94465645581046,94.81780029296876,80.29850161234538,0.0171017703037561,101.5,102.3499984741211,0.979970733239614,2.831599807739258,0.0282313033059238,92.68000030517578,91.12000274658205,91.12000274658205,-0.0915254239866635,First Trust NASDAQ Cybersecurity ETF,Q,True,False,False,False,False,False,False,False,False,,False,,,13836617728.0,Industry / Theme,unknown,181.0,True,,False,True,139.0,True,True,False,2.0,,0,0,False,Industry / Theme,Industry / Theme,Industry / Theme,Industry / Theme,Industry / Theme
2026-09-16,ETHA,18.09000015258789,18.309999465942383,17.860000610351562,18.149999618530277,53279011.0,251,967014029.3256702,977676586.2837024,572392580.7983322,0.2569252178640639,0.3404726491628691,0.0347775753228682,0.3892969718888225,0.2167371580049923,0.0132810510258715,0.1000202093163561,0.0737930743579911,0.0004618827524191,0.0481271572960409,1.0239467440149974,15.854599914550782,15.5610999806722,0.0845794954180947,20.1200008392334,20.1200008392334,0.9020874185620468,0.7923502922058105,0.0436556643999517,17.75,14.539999961853027,14.539999961853027,-0.198898056889853,iShares Ethereum Trust ETF,Q,True,False,False,False,False,False,False,False,False,,False,,,4276033536.0,Crypto,unknown,408.0,True,,False,True,50.0,True,True,False,4.0,,0,0,False,Crypto,Crypto,Crypto,Crypto,Crypto
2026-09-16,CALF,56.52000045776367,56.59999847412109,55.70500183105469,56.012001037597656,422142.0,251,23645018.14201355,37530883.583358765,29357999.165490773,-0.0060361976902975,0.1260010341914299,0.2523460362659144,0.0,0.2084520547371695,0.2099727598985509,-0.0,0.0262651744762119,0.0529857936842138,0.0356173911990126,0.6630796325229733,55.17799003601074,49.86364735921224,0.0223974624070333,58.34000015258789,58.34000015258789,0.960096004304056,0.6924687952342868,0.0123628647862352,55.34999847412109,55.34999847412109,55.34999847412109,-0.011818941498487,Pacer US Small Cap Cash Cows ETF,Z,True,False,False,False,False,False,False,False,False,,False,,,3474337792.0,Factor / Style,unknown,465.0,True,,False,True,354.0,True,True,False,5.0,,0,0,False,Factor / Style,Factor / Style,Factor / Style,Factor / Style,Factor / Style
2026-09-16,IBB,202.4900054931641,204.15989685058597,200.97999572753903,202.3999938964844,1098586.0,251,222353799.6947632,344736471.8678253,317360068.8956357,-0.0056451409171253,0.1806513781000753,0.2109788594063426,0.0,0.2198866287000002,0.1316101291919028,-0.0,0.0397228225004346,0.027766954943229,0.0355382688554126,0.569913555489681,199.481708984375,181.0951567586263,0.0180605960129209,217.10832923417112,217.10832923417112,0.9322534727729286,4.3507341471434895,0.0214957227190858,200.5200042724609,200.5200042724609,200.5200042724609,-0.0092884865648016,iShares Biotechnology ETF,Q,True,False,False,False,False,False,False,False,False,,False,,,9087528960.0,Industry / Theme,unknown,264.0,True,,False,True,76.0,True,True,False,7.0,,0,0,False,Industry / Theme,Industry / Theme,Industry / Theme,Industry / Theme,Industry / Theme
2026-09-16,EWT,108.88999938964844,109.83999633789062,107.40499877929688,108.4000015258789,3496287.0,251,378997516.1349106,390181357.87698174,538500229.1038918,0.0384136618419035,0.044416615952278,0.4849315277517658,0.1621512976910364,0.0389983956392988,0.1575293276829024,0.0062288251167293,0.0017321767618657,0.0763909375389784,0.0278627430338551,0.3284904948037077,103.84620025634766,92.43513331095376,0.0088149468728619,112.3000030517578,112.77999877929688,0.9611633507640894,1.998500442504883,0.0184363506861,106.19000244140624,102.62000274658205,102.62000274658205,-0.0533210211986665,iShares MSCI Taiwan ETF,P,True,False,False,False,False,False,False,False,False,,False,,,11151458304.0,Country / Region,unknown,222.0,True,,False,True,55.0,True,True,False,8.0,,0,0,False,Country / Region,Country / Region,Country / Region,Country / Region,Country / Region
2026-09-16,VLUE,199.75,199.63499450683597,195.33999633789065,196.69000244140625,1209599.0,251,237916030.26312256,103333380.36256714,228743159.3820539,-0.0146746130043502,-0.0052012429393181,0.3490479577850174,0.0,0.0,0.1894234106510936,-0.0,-0.0,0.0661178546444369,0.0231412491255529,-0.0,196.9605258178711,177.27862467447918,0.0048048710255839,205.2425603717222,205.59089580017687,0.9567058000106105,2.444006552783121,0.0124256775761197,195.33999633789065,195.33999633789065,195.33999633789065,-0.0068636234010815,iShares MSCI USA Value Factor ETF,Z,True,False,False,False,False,False,False,False,False,,False,,,10583302144.0,Country / Region,unknown,236.0,True,,False,True,102.0,True,True,False,11.0,,0,0,False,Country / Region,Country / Region,Country / Region,Country / Region,Country / Region
2026-09-16,XBI,154.3699951171875,156.0399932861328,152.5001983642578,154.17999267578125,8846777.0,251,1363996013.06427,1405764534.029602,1393922622.3270428,-0.0370370864528428,0.1403231980700927,0.2427034063550752,0.0,0.136266248931204,0.1120498666508667,-0.0,0.0191213158390419,0.0271948843177972,0.0219470648066062,0.3812316296046907,157.81119964599608,140.87372706095377,0.0040387730303559,169.88999938964844,169.88999938964844,0.9075283608787604,4.289988708496094,0.0278245486592889,152.5001983642578,152.5001983642578,152.5001983642578,-0.0108950213472626,State Street SPDR S&P Biotech ETF,P,True,False,False,False,False,False,False,False,False,,False,,,10734887936.0,Industry / Theme,unknown,231.0,True,,False,True,24.0,True,True,False,12.0,,0,0,False,Industry / Theme,Industry / Theme,Industry / Theme,Industry / Theme,Industry / Theme
2026-09-16,FELV,42.380001068115234,42.41999816894531,41.81999969482422,42.02999877929688,246564.0,251,10363084.619018557,8675403.607686615,7962806.151118687,-0.0177612086929094,0.0482134468079276,0.1936456980364274,0.0,0.1504346705818583,0.2469122517413932,-0.0,0.0072529739881665,0.0478134953422081,0.0214491564620811,0.2972829459767639,42.17889984130859,38.96058598836263,0.0111158492648022,43.2599983215332,43.2599983215332,0.9715672771622812,0.3367496490478515,0.0080121260725262,41.81999969482422,41.81999969482422,41.81999969482422,-0.0049964094830309,Fidelity Enhanced Large Cap Value ETF,P,True,False,False,False,False,False,False,False,False,,False,,,3197805568.0,Factor / Style,unknown,484.0,True,,False,True,459.0,True,True,False,13.0,,0,0,False,Factor / Style,Factor / Style,Factor / Style,Factor / Style,Factor / Style
2026-09-16,IGV,104.37000274658205,105.94000244140624,104.09870147705078,104.95999908447266,7604721.0,251,798191509.19767,1093188300.636695,1313617307.2441049,0.029423303520379,0.1487358643906684,0.227401789376211,0.080085410099231,0.1351565979654442,0.0967999501118495,0.0023563773289037,0.0201026334264924,0.0220124818669625,0.0207710803806569,2.024253604502472,99.53220001220704,91.16595133463542,0.0282082127924026,110.56999969482422,110.56999969482422,0.9492629047134368,2.7955654144287108,0.0266345792569873,100.58999633789062,99.72000122070312,99.72000122070312,-0.0499237605704658,iShares Expanded Tech-Software Sector ETF,Z,True,False,False,False,False,False,False,False,False,,False,,,13542322176.0,Industry / Theme,unknown,192.0,True,,False,True,25.0,True,True,False,14.0,,0,0,False,Industry / Theme,Industry / Theme,Industry / Theme,Industry / Theme,Industry / Theme
2026-09-16,RSPT,63.91999816894531,64.33499908447266,62.970001220703125,63.52000045776367,741151.0,251,47077911.859272,29597310.706946757,41175216.74812783,-0.0141238529117158,0.0073336858203429,0.3567281961588968,0.0,0.0090993643197762,0.1527070218539248,-0.0,6.673187908607787e-05,0.0544749004467478,0.0191095908777676,0.0329109239948139,62.8944002532959,56.81841026306152,0.0042568985168913,65.81999969482422,67.4446029663086,0.9418099842547012,1.0472494125366212,0.0164869238820766,62.970001220703125,62.560001373291016,62.560001373291016,-0.0151133356038148,Invesco S&P 500 Equal Weight Technology ETF,P,True,False,False,False,False,False,False,False,False,,False,,,5687853056.0,Sector,unknown,359.0,True,,False,True,305.0,True,True,False,15.0,,0,0,False,Sector,Sector,Sector,Sector,Sector
2026-09-16,IWX,111.58999633789062,111.77999877929688,110.1449966430664,110.66999816894533,319532.0,251,35362605.85491943,32522312.667776488,44904470.36107575,-0.0105914868133322,0.0491319552806839,0.1823809503625784,0.0,0.1400448386581387,0.2231453900581904,-0.0,0.0068806767502422,0.040697468307841,0.0187165537954018,0.3365991917348261,110.550626373291,102.58113932291668,0.0113542452130539,113.54871482312345,113.54871482312345,0.9746477390020456,0.857318652489198,0.0077466220897595,110.1449966430664,110.1449966430664,110.1449966430664,-0.0047438468832127,iShares Russell Top 200 Value ETF,P,True,False,False,False,False,False,False,False,False,,False,,,3556921344.0,Factor / Style,unknown,456.0,True,,False,True,292.0,True,True,False,16.0,,0,0,False,Factor / Style,Factor / Style,Factor / Style,Factor / Style,Factor / Style
2026-09-16,VHT,314.8900146484375,316.73980712890625,313.8699951171875,314.6600036621094,171312.0,251,53905034.54736328,67303417.42057495,73876375.22672527,-0.0131100010155297,0.107029773630052,0.1435648890215861,0.0,0.1760436180643265,0.1278480043734348,-0.0,0.0188419085904402,0.0183544845595034,0.0186713101796123,0.5134834682348163,312.8867980957031,290.5402256266276,0.0109478367964097,330.75,330.75,0.9513529967108372,4.524493408203125,0.0143789911509111,310.29998779296875,310.29998779296875,310.29998779296875,-0.0138562760388909,Vanguard Health Care ETF,P,True,False,False,False,False,False,False,False,False,,False,,,20388290560.0,Sector,unknown,133.0,True,,False,True,217.0,True,True,False,17.0,,0,0,False,Sector,Sector,Sector,Sector,Sector
2026-09-16,FHLC,81.37999725341797,81.8499984741211,81.12000274658203,81.30000305175781,238716.0,251,19407611.528503414,24140634.409967043,19220275.05284433,-0.012990162184602,0.1060661182570616,0.1439581130159746,0.0,0.1743983648857299,0.1280586823141632,-0.0,0.018497757593808,0.0184350862612591,0.0184758226274159,0.5027727363431661,80.87160064697265,75.06894368489583,0.0110517140833628,85.45999908447266,85.45999908447266,0.9513223019274444,1.1399993896484375,0.0140221321876541,80.20999908447266,80.20999908447266,80.20999908447266,-0.0134071823661707,Fidelity MSCI Health Care Index ETF,P,True,False,False,False,False,False,False,False,False,,False,,,3215685120.0,Country / Region,unknown,479.0,True,,False,True,402.0,True,True,False,18.0,,0,0,False,Country / Region,Country / Region,Country / Region,Country / Region,Country / Region
2026-09-16,IYH,70.73999786376953,71.16999816894531,70.58000183105469,70.7699966430664,2333901.0,251,165170165.93524933,49950010.715127945,49090999.2397932,-0.0098891906411333,0.1092893949751847,0.1411787082019884,0.0,0.1711464443608998,0.1213592992798549,-0.0,0.0187044913563568,0.0171333491006284,0.0181545915668519,0.5528396364174845,70.06450241088868,65.25744682312012,0.0116734629568937,74.38897062069944,74.38897062069944,0.9513506646558432,1.0308930965550147,0.0145668100247962,69.65177353189816,69.65177353189816,69.65177353189816,-0.0158008077463687,iShares U.S. Healthcare ETF,P,True,False,False,False,False,False,False,False,False,,False,,,3161404928.0,Sector,unknown,490.0,True,,False,True,283.0,True,True,False,19.0,,0,0,False,Sector,Sector,Sector,Sector,Sector
2026-09-16,ARTY,72.79000091552734,73.5199966430664,71.81700134277344,72.7300033569336,376752.0,251,27401174.224731445,30345013.741944887,38607613.409918405,-0.0111488737022509,-0.0310417569603742,0.4473490770610646,0.0,0.0,0.1142271077284041,-0.0,-0.0,0.0510993912176564,0.0178847869261797,-0.0,71.82140045166015,64.43759910583496,0.0032547240670337,77.45999908447266,81.80196563276948,0.8890984806335546,1.5787494659423829,0.0217069901426297,71.81700134277344,71.5999984741211,71.5999984741211,-0.0155369837846264,iShares Future AI & Tech ETF,P,True,False,False,False,False,False,False,False,False,,False,,,3930527488.0,Other,unknown,432.0,True,,False,True,310.0,True,True,False,20.0,,0,0,False,Other,Other,Other,Other,Other
2026-09-16,COWZ,70.25,70.27999877929688,69.2300033569336,69.56999969482422,1004200.0,251,69862193.69354248,72621400.22190094,65261711.75022428,-0.0061424282149955,0.0995670792087566,0.1124794231641765,0.0,0.1875804911582116,0.1348349673362722,-0.0,0.0186768416211671,0.0151661593483444,0.0174481028256792,0.7008288709736885,68.23907821655274,64.56745493570963,0.0238562622840028,72.47799682617188,72.47799682617188,0.959877517885572,0.7656869992022621,0.0110059939997272,69.19000244140625,69.19000244140625,69.19000244140625,-0.0054620850234995,Pacer US Cash Cows 100 ETF,Z,True,False,False,False,False,False,False,False,False,,False,,,17594638336.0,Other,unknown,149.0,True,,False,True,238.0,True,True,False,21.0,,0,0,False,Other,Other,Other,Other,Other
2026-09-16,IYW,251.3600006103516,252.7700042724609,248.26499938964844,250.1499938964844,412792.0,251,103259916.28051758,124542543.50674438,136258264.49436247,0.0024794409783037,0.0085815218738769,0.3116315821181974,0.0169070875334883,0.0113312687110288,0.1509340632066273,4.192012565429974e-05,9.723953030247188e-05,0.0470358209126092,0.0165257430141098,0.0974104326351094,247.229296875,226.6303042602539,0.0052545969906188,254.8902460184647,260.8823148226467,0.9588614470342368,3.492630953222256,0.0139621468656423,246.7918197337602,242.7726211262834,242.7726211262834,-0.0294917967227847,iShares U.S. Technology ETF,P,True,False,False,False,False,False,False,False,False,,False,,,25393864704.0,Sector,unknown,109.0,True,,False,True,147.0,True,True,False,22.0,,0,0,False,Sector,Sector,Sector,Sector,Sector
2026-09-16,EUFN,41.560001373291016,41.80500030517578,40.96500015258789,41.2599983215332,1204435.0,251,49694986.07839584,68951890.68243694,61507877.76029284,-0.0220431461352793,0.0631279789113399,0.2234869021692223,0.0,0.1173932688764498,0.1493084908045895,-0.0,0.0074107998019657,0.0333684920774795,0.0164959920983955,0.2330180967631832,41.56440002441406,38.01961504618327,0.014939222484839,43.06999969482422,43.06999969482422,0.9579753567189244,0.4859998703002929,0.0117789600114126,40.96500015258789,40.96500015258789,40.96500015258789,-0.0071497377834685,iShares MSCI Europe Financials ETF,Q,True,False,False,False,False,False,False,False,False,,False,,,3689534976.0,Country / Region,unknown,449.0,True,,False,True,251.0,True,True,False,23.0,,0,0,False,Country / Region,Country / Region,Country / Region,Country / Region,Country / Region
2026-09-16,FTEC,284.9800109863281,286.8999938964844,281.7850036621094,283.7900085449219,242024.0,251,68683993.02807617,59988258.0045227,75577287.49028476,-0.0071023676694338,0.009574050455084,0.3113349746588238,0.0,0.01220044157721,0.1462097488397399,-0.0,0.0001168076432345,0.0455202084498934,0.0160079979255651,0.1036724125396077,281.3856011962891,257.92056854248045,0.0069567317017824,291.3500061035156,300.4786748358019,0.9444597314601456,4.37774658203125,0.0154260067310942,281.3800048828125,276.8299865722656,276.8299865722656,-0.0245252537548534,Fidelity MSCI Information Technology Index ETF,P,True,False,False,False,False,False,False,False,False,,False,,,20956467200.0,Country / Region,unknown,130.0,True,,False,True,214.0,True,True,False,24.0,,0,0,False,Country / Region,Country / Region,Country / Region,Country / Region,Country / Region
2026-09-16,VGT,119.44000244140624,120.20999908447266,117.93000030517578,118.91999816894533,3506713.0,251,417018303.5390167,419499025.9961189,473103665.4777728,-0.0072627326148493,0.0106235184283347,0.3108091527585419,0.0,0.0135492001044249,0.1462699604920942,-0.0,0.0001439401769985,0.0454620424945732,0.0160052759881496,0.1227191821866325,117.88319992065428,108.04047520955405,0.0071937023076551,122.05999755859376,125.850191476801,0.9449329935335602,1.8724998474121093,0.0157458785422441,117.87999725341795,115.91000366210938,115.91000366210938,-0.0253110877327776,Vanguard Information Tech ETF,P,True,False,False,False,False,False,False,False,False,,False,,,169247817728.0,Other,unknown,14.0,True,,False,True,60.0,True,True,False,25.0,,0,0,False,Other,Other,Other,Other,Other
2026-09-16,XLV,167.75,168.8000030517578,167.41000366210938,167.77000427246094,7148195.0,251,1199252705.690384,1349088281.0131264,1526104676.3188982,-0.0115477022589715,0.1018040165282001,0.1307314692281966,0.0,0.1606868459550501,0.1145134975980778,-0.0,0.0163585663214722,0.0149705177874562,0.0158727493345666,0.5067471951743593,166.4977993774414,155.3852444458008,0.0115420588926888,176.60000610351562,176.60000610351562,0.9499999913596894,2.544502258300781,0.0151666102014784,165.11000061035156,165.11000061035156,165.11000061035156,-0.015855061061985,State Street Health Care Select Sector SPDR ETF,P,True,False,False,False,False,False,False,False,False,,False,,,40598945792.0,Sector,unknown,77.0,True,,False,True,22.0,True,True,False,26.0,,0,0,False,Sector,Sector,Sector,Sector,Sector
2026-09-16,SOXX,507.5,510.2950134277344,496.8200073242188,502.05999755859375,8330247.0,251,4182283788.482483,3744210650.042716,4934777209.131244,-0.0545771242344641,-0.1502803508933947,0.4772279389864484,0.0,0.0,0.0923646482570413,-0.0,-0.0,0.044078990722916,0.0154276467530206,-0.0,527.1676208496094,478.2937605794271,-0.0311136823694735,537.6484850791136,655.521419501022,0.7658941151621835,14.86623869463074,0.029610482346576,488.8903538116206,488.8903538116206,488.8903538116206,-0.0262312150161617,iShares PHLX SOX Semiconductor Sector Index Fund,Q,True,False,False,False,False,False,False,False,False,,False,,,47824830464.0,Industry / Theme,unknown,60.0,True,,False,True,7.0,True,True,False,27.0,,0,0,False,Industry / Theme,Industry / Theme,Industry / Theme,Industry / Theme,Industry / Theme
2026-09-16,XLK,184.92999267578125,186.1300048828125,182.4199981689453,183.92999267578125,8061408.0,251,1482734714.3964844,1181386001.4621644,1548621234.8783677,-0.0091046357389423,-0.0122864835897796,0.3213292308744633,0.0,0.0,0.1359007876595887,-0.0,-0.0,0.0436688955738893,0.0152841134508612,-0.0,182.8988003540039,167.61700922648112,0.0021500593707437,189.0800018310547,198.49331469466887,0.9266306674293308,3.1274993896484373,0.0170037487858838,182.0800018310547,178.82000732421875,178.82000732421875,-0.02778222995186,State Street Technology Select Sector SPDR ETF,P,True,False,False,False,False,False,False,False,False,,False,,,123912577024.0,Sector,unknown,23.0,True,,False,True,21.0,True,True,False,28.0,,0,0,False,Sector,Sector,Sector,Sector,Sector
2026-09-16,QTEC,304.82000732421875,306.7900085449219,301.2200012207031,303.7900085449219,103989.0,251,31590819.19857788,32918463.80523529,83795184.82806446,-0.0407035001546693,-0.0628864340201169,0.3425610833072137,0.0,0.0,0.1271114444304208,-0.0,-0.0,0.0435434341048296,0.0152402019366903,-0.0,310.35380187988284,280.7938232421875,-0.0084165362931417,321.8299865722656,340.1946629053564,0.8929887551746735,5.116500854492188,0.016842228877108,301.2200012207031,301.2200012207031,301.2200012207031,-0.0084598151747269,First Trust NASDAQ-100-Technology Sector Index Fund,Q,True,False,False,False,False,False,False,False,False,,False,,,4991772672.0,Sector,unknown,377.0,True,,False,True,206.0,True,True,False,29.0,,0,0,False,Sector,Sector,Sector,Sector,Sector
2026-09-16,VONV,111.5999984741211,111.64990234375,109.9800033569336,110.56999969482422,622190.0,251,68795548.11012268,65490373.44565964,80697395.5271512,-0.0179411733614792,0.0377740615327681,0.1670659659099831,0.0,0.1122468499135996,0.2076464086008935,-0.0,0.0042400194154957,0.0346906478206473,0.0148977393572987,0.2254850308969331,111.24359939575196,103.69187627156576,0.0091348968919886,114.08000183105467,114.08000183105467,0.9692320995801826,0.8434959411621094,0.0076286148457102,109.9800033569336,109.9800033569336,109.9800033569336,-0.0053359531474995,Vanguard Russell 1000 Value ETF,Q,True,False,False,False,False,False,False,False,False,,False,,,21457317888.0,Factor / Style,unknown,127.0,True,,False,True,210.0,True,True,False,30.0,,0,0,False,Factor / Style,Factor / Style,Factor / Style,Factor / Style,Factor / Style
2026-09-16,IWD,253.5399932861328,253.66000366210935,249.8600006103516,251.16000366210935,1587020.0,251,398595949.0118408,413214679.8324127,521507997.2635275,-0.0181201918301863,0.0375288692337172,0.1661722367493678,0.0,0.1127322783060488,0.207433118086484,-0.0,0.0042307149309667,0.0344696252083268,0.0148143335280427,0.2252136621781375,252.73930541992183,235.6377964274089,0.0091087234598301,259.24244825546793,259.24244825546793,0.9688228349649214,1.930406661143958,0.0076859636606032,249.8600006103516,249.8600006103516,249.8600006103516,-0.0051759955120351,iShares Russell 1000 Value ETF,P,True,False,False,False,False,False,False,False,False,,False,,,79741509632.0,Factor / Style,unknown,36.0,True,,False,True,57.0,True,True,False,31.0,,0,0,False,Factor / Style,Factor / Style,Factor / Style,Factor / Style,Factor / Style
2026-09-16,PAAA,51.43999862670898,51.43999862670898,51.43000030517578,51.43999862670898,7160853.0,251,368354268.4860649,139386988.86165828,116748783.6550704,0.0042492234296001,0.0127289883334817,0.0261128770148728,0.9819636864297392,0.8510833814557233,0.8341650765098387,0.0041725831033937,0.0108334304333701,0.0217824500530034,0.0146655873002417,1.081180463777557,51.17977935791016,50.6875824991862,0.0020224651715901,51.45000076293945,51.45000076293945,0.9998055950226988,0.0184752681985777,0.0003591615220025,51.33000183105469,51.222343745275566,51.222343745275566,-0.0042312380879497,PGIM AAA CLO ETF,P,True,False,False,False,False,False,False,False,False,,False,,,10160844800.0,Other,unknown,246.0,True,,False,True,159.0,True,True,False,32.0,,0,0,False,Other,Other,Other,Other,Other
2026-09-16,IXN,140.0,140.82000732421875,138.09840393066406,139.3300018310547,98512.0,251,13725677.14038086,61876365.02774964,55616596.67423115,-0.0018625583040104,-0.0120541513362881,0.3247551193158378,0.0,0.0,0.1283548256497431,-0.0,-0.0,0.0416838867186458,0.014589360351526,-0.0,138.40400009155277,126.76205434163413,0.0025512208019982,144.5,149.65093919782692,0.9310332603183415,2.3440818786621094,0.0168239564189803,137.8000030517578,136.0,136.0,-0.023900106131431,iShares Global Tech ETF,P,True,False,False,False,False,False,False,False,False,,False,,,9455798272.0,Global Equity,unknown,256.0,True,,False,True,264.0,True,True,False,34.0,,0,0,False,Global Equity,Global Equity,Global Equity,Global Equity,Global Equity
2026-09-16,DFLV,41.540000915527344,41.519901275634766,40.78900146484375,41.04999923706055,527061.0,251,21635853.64788437,23097175.02581997,27030985.44161182,-0.0202864500683459,0.0315237990251291,0.1512093355589383,0.0,0.1107937499389366,0.2179263813896692,-0.0,0.0034926399063154,0.0329525033306956,0.0138035921048485,0.2012833104354789,41.2005997467041,38.73092676798503,0.0099275431557805,42.34999847412109,42.34999847412109,0.9693034407579744,0.3218500137329101,0.0078404389699071,40.78900146484375,40.78900146484375,40.78900146484375,-0.0063580457263727,Dimensional US Large Cap Value ETF,P,True,False,False,False,False,False,False,False,False,,False,,,6419725824.0,Factor / Style,unknown,334.0,True,,False,True,367.0,True,True,False,35.0,,0,0,False,Factor / Style,Factor / Style,Factor / Style,Factor / Style,Factor / Style
2026-09-16,IBIT,42.83000183105469,43.310001373291016,42.43000030517578,43.040000915527344,49127088.0,251,2114429912.4971924,2828223602.6897745,1865386868.044061,0.1759563581938346,0.1579231379001326,0.0182162396362655,0.317241451884836,0.1319398071884698,0.0082786847829176,0.0558206505417803,0.0208363483651416,0.0001508065058787,0.0135964087143996,0.8707444150888191,39.34860000610352,39.72356658935547,0.0519890939555083,46.369998931884766,46.560001373291016,0.9243986178277284,1.5725000381469727,0.0365357807782868,42.369998931884766,36.67499923706055,36.67499923706055,-0.1478857235844185,iShares Bitcoin Trust ETF,Q,True,False,False,False,False,False,False,False,False,,False,,,43234205696.0,Crypto,unknown,71.0,True,,False,True,17.0,True,True,False,36.0,,0,0,False,Crypto,Crypto,Crypto,Crypto,Crypto
2026-09-16,BTC,33.459999084472656,33.810001373291016,33.1349983215332,33.61000061035156,3054631.0,251,102666149.7743988,82480986.10438538,55720042.74830652,0.1764088543704254,0.1573691305354159,0.0187935404771273,0.3202032501015475,0.1323486781460371,0.0086039252626468,0.0564866885161008,0.0208275964073534,0.0001616982176857,0.0135945320409697,0.8644402440210688,30.71539989471436,31.00506669362386,0.0520557920005166,36.18000030517578,36.34000015258789,0.9248761824223076,1.2127496719360351,0.0360830005924641,33.11000061035156,28.63999938964844,28.63999938964844,-0.1478726905816363,Grayscale Bitcoin Mini Trust (BTC),P,True,False,False,False,False,False,False,False,False,,False,,,3187986688.0,Crypto,unknown,485.0,True,,False,True,263.0,True,True,False,37.0,,0,0,False,Crypto,Crypto,Crypto,Crypto,Crypto
2026-09-16,FBTC,65.80999755859375,66.5250015258789,65.19000244140625,66.0999984741211,4468105.0,251,295341733.6822128,306414206.91732216,236679970.41847533,0.1755290594386553,0.157010278983035,0.0178625806760861,0.315637875896109,0.1313323207350581,0.0081718646167393,0.055403619479259,0.0206205243181009,0.0001459705909905,0.0134544305136122,0.8622971471004403,60.442699966430666,61.02203336079916,0.0520208385003369,71.20999908447266,71.5250015258789,0.9241523532188256,2.3947004318237304,0.0362284491241143,65.13999938964844,56.34000015258789,56.34000015258789,-0.1476550460943558,Fidelity Wise Origin Bitcoin Fund,Z,True,False,False,False,False,False,False,False,False,,False,,,10223253504.0,Crypto,unknown,244.0,True,,False,True,97.0,True,True,False,38.0,,0,0,False,Crypto,Crypto,Crypto,Crypto,Crypto
2026-09-16,IGM,160.58999633789062,161.4199981689453,158.47999572753906,159.66000366210938,188154.0,251,30040668.329040527,38442682.8699585,53144613.557122126,-0.0038684846592949,-0.0081986931910922,0.2843885366041376,0.0,0.0,0.1327820389768132,-0.0,-0.0,0.0377616897519294,0.0132165914131753,-0.0,158.8858740234375,146.9180758666992,0.0026090466382069,163.10917480296212,171.35341852405637,0.9317584967801192,2.2183768263451737,0.0138943804050008,157.90078034617682,155.6814723180141,155.6814723180141,-0.0249187727222848,iShares Expanded Tech Sector ETF,P,True,False,False,False,False,False,False,False,False,,False,,,10708001792.0,Sector,unknown,232.0,True,,False,True,275.0,True,True,False,39.0,,0,0,False,Sector,Sector,Sector,Sector,Sector
2026-09-16,GBTC,58.5099983215332,59.150001525878906,57.959999084472656,58.75,1806472.0,251,106130230.0,143149607.5433197,100367501.9608646,0.175,0.1539972535078768,0.0115357807820706,0.3185292020744614,0.1301893305141816,0.0053060760848943,0.0557426103630307,0.0200487993352131,6.120973052832841e-05,0.0130531429735734,0.8597944230544633,53.77240005493164,54.42793332417806,0.0515237342521659,63.28499984741211,63.845001220703125,0.9201973353702284,2.1217498779296875,0.0361148915392287,57.900001525878906,50.130001068115234,50.130001068115234,-0.1467233860746343,Grayscale Bitcoin Trust (BTC),P,True,False,False,False,False,False,False,False,False,,False,,,8134695424.0,Crypto,unknown,281.0,True,,False,True,180.0,True,True,False,40.0,,0,0,False,Crypto,Crypto,Crypto,Crypto,Crypto
2026-09-16,FNDX,32.36000061035156,32.3650016784668,31.86009979248047,32.029998779296875,3148487.0,251,100846034.76663208,94827711.77481918,83500159.24045102,-0.0129430500390698,0.0262516700402568,0.1459778520428678,0.0,0.0966281832913588,0.2221134047914973,-0.0,0.0025366511843542,0.0324236377413908,0.012997096479317,0.243262299063588,32.09959991455078,30.34840493520101,0.0082786651112283,32.849998474121094,32.849998474121094,0.9750380598808792,0.2302448272705078,0.0071884119901787,31.86009979248047,31.86009979248047,31.86009979248047,-0.0053043706928338,Schwab Fundamental U.S. Large Company ETF,P,True,False,False,False,False,False,False,False,False,,False,,,25939793920.0,Other,unknown,107.0,True,,False,True,207.0,True,True,False,41.0,,0,0,False,Other,Other,Other,Other,Other
2026-09-16,PRF,55.77000045776367,55.79499816894531,54.915000915527344,55.2400016784668,259415.0,251,14330085.035419464,14269681.005616188,15317410.495178284,-0.01374748555867,0.0225105281442503,0.1540934321843434,0.0,0.0815536260595038,0.2166752826492415,-0.0,0.0018358151946781,0.0333882379729343,0.0128791631670678,0.1990161971543941,55.4384001159668,52.31765777587891,0.0070078465192087,56.65999984741211,56.65999984741211,0.974938260275866,0.3920007705688476,0.0070963207577463,54.915000915527344,54.915000915527344,54.915000915527344,-0.0058834314457695,Invesco RAFI US 1000 ETF,P,True,False,False,False,False,False,False,False,False,,False,,,9686064128.0,Other,unknown,253.0,True,,False,True,422.0,True,True,False,42.0,,0,0,False,Other,Other,Other,Other,Other
2026-09-16,JAAA,50.63999938964844,50.650001525878906,50.630001068115234,50.63999938964844,4720666.0,251,239054523.35873413,349691673.3554367,284993969.3441574,0.0047146381138905,0.0126724302534217,0.0278332408862163,0.8561787869208461,0.7436200452113969,0.6850735232461523,0.0040365731411215,0.0094234731579877,0.019067816397279,0.0127989932917397,1.1182529896704672,50.369747924804685,49.88733360290527,0.0020234531908638,50.650001525878906,50.650001525878906,0.999802524463393,0.0228629489571208,0.0004514800401398,50.52999877929688,50.4023685831972,50.4023685831972,-0.0046925515267642,Janus Henderson AAA CLO ETF,P,True,False,False,False,False,False,False,False,False,,False,,,28412567552.0,Other,unknown,98.0,True,,False,True,82.0,True,True,False,43.0,,0,0,False,Other,Other,Other,Other,Other
2026-09-16,DFUV,56.650001525878906,56.650001525878906,55.70500183105469,56.04999923706055,331996.0,251,18608375.546707157,20287122.17388458,21928414.18939112,-0.0214734561530908,0.0246105193424104,0.1574067458706078,0.0,0.0814522235780116,0.2060790442825777,-0.0,0.0020045815238489,0.0324382317526454,0.0126563591039277,0.1475139410832383,56.38280006408692,52.99164693196615,0.0073717803589652,57.88999938964844,57.88999938964844,0.9682155783038944,0.4231502532958984,0.0075495139885052,55.70500183105469,55.70500183105469,55.70500183105469,-0.0061551723586419,Dimensional US Marketwide Value ETF,P,True,False,False,False,False,False,False,False,False,,False,,,15314369536.0,Factor / Style,unknown,168.0,True,,False,True,388.0,True,True,False,44.0,,0,0,False,Factor / Style,Factor / Style,Factor / Style,Factor / Style,Factor / Style
2026-09-16,JQUA,73.63999938964844,73.86000061035156,72.83000183105469,73.16999816894531,507206.0,251,37112262.09127808,36666796.78914185,33973545.48974755,-0.0173247506230006,0.028641831347383,0.1679845030912707,0.0,0.0807285100949181,0.1870430293943318,-0.0,0.0023122123710641,0.0314203303494927,0.0125000536635141,0.2718579853603986,73.45259979248047,68.64412600199381,0.0064040388546224,75.38999938964844,75.63999938964844,0.9673453035347176,0.5550994873046875,0.0075864357140339,72.83000183105469,72.83000183105469,72.83000183105469,-0.0046466632007505,JPMorgan U.S. Quality Factor ETF,P,True,False,False,False,False,False,False,False,False,,False,,,8162030080.0,Factor / Style,unknown,280.0,True,,False,True,332.0,True,True,False,45.0,,0,0,False,Factor / Style,Factor / Style,Factor / Style,Factor / Style,Factor / Style
2026-09-16,SGOV,100.54000091552734,100.5500030517578,100.54000091552734,100.5500030517578,18428584.0,251,1852994177.4395752,2216522035.430435,2025750064.5288813,0.0028588343078379,0.009192724844631,0.0181679375395256,1.0,1.0,1.0,0.0028588343078379,0.009192724844631,0.0181679375395256,0.0123340492878441,0.999487190610878,100.20456756591796,99.4849050394694,0.0014424813764974,100.5500030517578,100.5500030517578,1.0,0.0178222766508078,0.0001772478976617,100.41000366210938,100.27333827306065,100.27333827306065,-0.0027515143739456,iShares 0-3 Month Treasury Bond ETF,N,True,False,False,False,False,False,False,False,False,,False,,,95892447232.0,Bond,unknown,30.0,True,,False,True,14.0,True,True,False,46.0,,0,0,False,Bond,Bond,Bond,Bond,Bond
2026-09-16,SMH,550.3599853515625,553.1199951171875,540.4500122070312,545.5599975585938,5971584.0,251,3257857352.460937,3683655153.007263,5728676016.212846,-0.0424908667405382,-0.1143506533139712,0.3746220289421793,0.0,0.0,0.0939276489972765,-0.0,-0.0,0.0351873664411285,0.012315578254395,-0.0,566.1264007568359,520.4984002685546,-0.0207478981795462,580.5700073242188,671.8300170898438,0.8120506432888902,14.354507446289062,0.0263115102106572,537.72998046875,537.72998046875,537.72998046875,-0.0143522566260052,VanEck Semiconductor ETF,Q,True,False,False,False,False,False,False,False,False,,False,,,77198270464.0,Industry / Theme,unknown,38.0,True,,False,True,4.0,True,True,False,47.0,,0,0,False,Industry / Theme,Industry / Theme,Industry / Theme,Industry / Theme,Industry / Theme
2026-09-16,XSD,487.260009765625,489.1499938964844,474.1600036621094,479.7999877929688,108946.0,251,52272289.47009277,53517638.52974854,57520754.32625713,-0.07328003082055,-0.1945229293301994,0.4446461963938071,0.0,0.0,0.0782092709183134,-0.0,-0.0,0.0347754548365608,0.0121714091927963,,507.6039990234375,477.8495361328125,-0.0367409471759659,523.8599853515625,657.8990200629934,0.729291233397837,15.119500732421876,0.0315120906983971,466.3399963378906,466.3399963378906,466.3399963378906,-0.0280533384692082,State Street SPDR S&P Semiconductor ETF,P,True,False,False,False,False,False,False,False,False,,False,,,3476073728.0,Industry / Theme,unknown,464.0,True,,False,True,259.0,True,True,False,48.0,,0,0,False,Industry / Theme,Industry / Theme,Industry / Theme,Industry / Theme,Industry / Theme
2026-09-16,USFR,50.470001220703125,50.4900016784668,50.470001220703125,50.4900016784668,5862661.0,251,296005763.73028183,287047468.0478117,265864031.05382228,0.0037748724468513,0.0105878590960879,0.019837188516127,0.9047203591617136,0.8689786122060197,0.8761754045637858,0.003415203955905,0.0092006231035513,0.0173808566735256,0.0120637048530423,1.0421480877595963,50.27092430114746,49.88605056762695,0.0015689757766241,50.4900016784668,50.4900016784668,1.0,0.0184868185891854,0.0003661481080336,50.369998931884766,50.30012364086752,50.30012364086752,-0.0037607057097852,WisdomTree Floating Rate Treasury Fund,P,True,False,False,False,False,False,False,False,False,,False,,,17754787840.0,Bond,unknown,144.0,True,,False,True,87.0,True,True,False,49.0,,0,0,False,Bond,Bond,Bond,Bond,Bond
2026-09-16,IALT,29.549999237060547,29.700000762939453,29.33009910583496,29.479999542236328,1201694.0,191,35425938.56990814,31299853.489831924,33984336.66949015,0.0179558174793754,0.0420642837821838,0.0992871281213483,0.2765958310252399,0.1891888285855853,0.1971171903902581,0.0049665042574453,0.0079580925740429,0.0195711997371977,0.0120226800811471,1.9497761920421663,28.866939888000488,27.95879908243815,0.0080139847901243,29.700000762939453,29.700000762939453,0.9925925516817612,0.2491450309753418,0.0084513241127561,28.94300079345703,28.809999465942383,28.809999465942383,-0.0227272756681704,iShares Systematic Alternatives Active ETF,Q,True,False,False,False,False,False,False,False,False,,False,,,4825180672.0,Other,unknown,385.0,True,,False,True,331.0,True,True,False,50.0,,0,0,False,Other,Other,Other,Other,Other
2026-09-16,PVAL,53.720001220703125,53.720001220703125,52.90999984741211,53.18999862670898,1500427.0,251,79807710.06947708,82651585.22864398,90468577.45495468,-0.0180911865490545,0.0277417407523292,0.145896471188839,0.0,0.0905489609246062,0.2001900310599069,-0.0,0.0025119857993632,0.0292070190988245,0.0118552474541746,0.1662160152562907,53.43839988708496,50.32322644551595,0.0099137149631107,54.70000076293945,54.70000076293945,0.9723948425014736,0.4149501800537109,0.0078012820223188,52.90999984741211,52.90999984741211,52.90999984741211,-0.005264124582178,Putnam Focused Large Cap Value ETF,P,True,False,False,False,False,False,False,False,False,,False,,,11873768448.0,Factor / Style,unknown,207.0,True,,False,True,194.0,True,True,False,51.0,,0,0,False,Factor / Style,Factor / Style,Factor / Style,Factor / Style,Factor / Style
2026-09-16,TFLO,50.59000015258789,50.59999847412109,50.58000183105469,50.59999847412109,1758400.0,251,88975037.31689453,76743696.35599136,73656386.82149251,0.0034268373256871,0.0102962815314719,0.0194103560427669,1.0,0.866518810053395,0.8901631833080745,0.0034268373256871,0.0089219216206258,0.0172783843241725,0.0118466835668672,1.1033660725499868,50.39586311340332,50.01544105529785,0.0015198737471366,50.59999847412109,50.59999847412109,1.0,0.0161289107163973,0.0003187531858256,50.5,50.42719268798828,50.42719268798828,-0.0034151342162824,iShares Treasury Floating Rate Bond ETF,P,True,False,False,False,False,False,False,False,False,,False,,,6588089856.0,Bond,unknown,326.0,True,,False,True,219.0,True,True,False,52.0,,0,0,False,Bond,Bond,Bond,Bond,Bond
2026-09-16,FDN,290.0299987792969,292.04998779296875,286.989990234375,288.6600036621094,161562.0,251,46636487.51165772,40706551.445437625,75165897.94836232,0.0172680917953576,0.0667800272322498,0.1794557374485801,0.1000814673853083,0.0962860661337189,0.1190372671950528,0.0017282159658235,0.0064299861184959,0.0213619205683518,0.0116561631759455,1.2072713175587777,282.0278015136719,264.63873392740885,0.0183553086284566,297.5899963378906,297.5899963378906,0.9699922954881792,4.0199951171875,0.0139264015318627,285.239990234375,283.54998779296875,283.54998779296875,-0.0177025421059793,First Trust DJ Internet Index Fund,P,True,False,False,False,False,False,False,False,False,,False,,,4975951360.0,Industry / Theme,unknown,378.0,True,,False,True,215.0,True,True,False,53.0,,0,0,False,Industry / Theme,Industry / Theme,Industry / Theme,Industry / Theme,Industry / Theme
2026-09-16,BIL,91.5199966430664,91.5199966430664,91.51000213623048,91.51000213623048,8246875.0,251,754671548.8672256,825784406.2452793,859806287.3392408,0.0025164046480978,0.0089005553562981,0.0177922737591942,1.0,0.9759640660019738,0.9528650436948134,0.0025164046480978,0.0086866221952084,0.0169536357129846,0.0115800769264301,0.9997071881932312,91.2154052734375,90.57151748657226,0.0014034171767265,91.5199966430664,91.5199966430664,0.999890794283189,0.0164791045828678,0.0001800798185791,91.38999938964844,91.28030399159825,91.28030399159825,-0.0025100878512742,State Street SPDR Bloomberg 1-3 Month T-Bill ETF,P,True,False,False,False,False,False,False,False,False,,False,,,47077847040.0,Bond,unknown,64.0,True,,False,True,36.0,True,True,False,54.0,,0,0,False,Bond,Bond,Bond,Bond,Bond
2026-09-16,VBIL,75.5999984741211,75.62000274658203,75.5999984741211,75.5999984741211,4248086.0,251,321155295.1179352,223020018.1334297,196907072.71604967,0.0026755099517312,0.0090489167154861,0.018104279358629,0.9097821972955304,0.944375956469988,0.9442878425740344,0.0024341313227721,0.0085455793782044,0.0170956508969174,0.011538104409754,0.9563069543505774,75.34904647827149,74.80590403238932,0.0014290751484837,75.62000274658203,75.62000274658203,0.9997354632143036,0.0165799755324101,0.0002193118500933,75.5,75.39826844181127,75.39826844181127,-0.0026683867246224,Vanguard 0-3 Month Treasury Bill ETF,Q,True,False,False,False,False,False,False,False,False,,False,,,9348372480.0,Bond,unknown,257.0,True,,False,True,115.0,True,True,False,55.0,,0,0,False,Bond,Bond,Bond,Bond,Bond
2026-09-16,SRLN,40.630001068115234,40.66999816894531,40.59000015258789,40.59999847412109,1982923.0,251,80506670.77429962,60188124.6870533,62456718.793279134,0.0085249985288655,0.0241946783293929,0.0474328656302869,0.4683213517889027,0.3849376100436347,0.3067101943153145,0.0039924388350367,0.009313441651891,0.0145481434343975,0.0111455872757682,1.1974330818624213,40.19181999206543,39.527952880859374,0.004841654962034,40.66999816894531,40.66999816894531,0.9982788370303476,0.0888025944343105,0.0021872561027536,40.33000183105469,40.24687457158702,40.24687457158702,-0.0086976333942268,State Street Blackstone Senior Loan ETF,P,True,False,False,False,False,False,False,False,False,,False,,,5200829440.0,Bond,unknown,369.0,True,,False,True,245.0,True,True,False,56.0,,0,0,False,Bond,Bond,Bond,Bond,Bond
2026-09-16,TBIL,49.91999816894531,49.93000030517578,49.91999816894531,49.93000030517578,1751046.0,251,87429727.31437683,88796344.13311005,88063622.16520157,0.0024872139098934,0.0088730822501126,0.0178252490119461,0.7561941132637854,0.9053566232275012,0.910993474338492,0.0018808165170892,0.0080333037835818,0.0162386855283415,0.0109051873942477,0.9475485242233664,49.77162879943848,49.41478032430013,0.001426473134753,49.93000030517578,49.93000030517578,1.0,0.0124877646581637,0.0002501054392517,49.869998931884766,49.80612182617188,49.80612182617188,-0.0024810430251702,F/m US Treasury 3 Month Bill Fund,Q,True,False,False,False,False,False,False,False,False,,False,,,7079277056.0,Bond,unknown,308.0,True,,False,True,198.0,True,True,False,57.0,,0,0,False,Bond,Bond,Bond,Bond,Bond
2026-09-16,FESM,45.93999862670898,46.20759963989258,45.34000015258789,45.79999923706055,1143615.0,251,52377566.127491,40697665.960679054,41809983.93724381,-0.0480149936392639,-0.0076932689702641,0.2051419155523015,0.0,0.0,0.1511845454098241,-0.0,-0.0,0.0310142872472752,0.0108550005365463,-0.0,47.3876001739502,43.98597348531087,-0.0044998294389939,48.61000061035156,48.93000030517578,0.936031043355948,0.5183803558349609,0.0113183485692178,45.34000015258789,45.34000015258789,45.34000015258789,-0.0100436482998984,Fidelity Enhanced Small Cap Core ETF,P,True,False,False,False,False,False,False,False,False,,False,,,5784907776.0,Factor / Style,unknown,356.0,True,,False,True,303.0,True,True,False,58.0,,0,0,False,Factor / Style,Factor / Style,Factor / Style,Factor / Style,Factor / Style
2026-09-16,GBIL,99.9800033569336,100.0,99.97000122070312,99.97000122070312,820217.0,251,81997094.49124146,76565019.82126465,63406487.30980477,0.002152254429345,0.0085451731328691,0.0170904650980472,0.8429739687865081,0.9339148868157844,0.9442162050894992,0.0018142944581433,0.0079804643992047,0.0161370940980927,0.0108352847938155,0.9280930508765014,99.67604141235353,98.98790766398112,0.0014178628897125,100.0,100.0,0.9997000122070312,0.0227207588982416,0.0002272757689387,99.87999725341795,99.76527404785156,99.76527404785156,-0.0020478860693378,Goldman Sachs Access Treasury 0-1 Year ETF,P,True,False,False,False,False,False,False,False,False,,False,,,7703504896.0,Bond,unknown,293.0,True,,False,True,240.0,True,True,False,59.0,,0,0,False,Bond,Bond,Bond,Bond,Bond
2026-09-16,RWL,133.32000732421875,133.3300018310547,131.33999633789062,132.00999450683594,262203.0,251,34613416.5896759,31352408.516480256,33942501.129240245,-0.0182940930433221,0.0239539023460708,0.1355404825222801,0.0,0.0828467547693159,0.1997301858236343,-0.0,0.001984503073433,0.0270715257608,0.0107649610140115,0.1705547424583559,132.7832000732422,125.44598546346027,0.0081987249860264,135.8800048828125,135.8800048828125,0.9715189120039096,1.035498809814453,0.007844094030023,131.33999633789062,131.33999633789062,131.33999633789062,-0.0050753594184159,Invesco S&P 500 Revenue ETF,P,True,False,False,False,False,False,False,False,False,,False,,,9220293632.0,US Equity,unknown,260.0,True,,False,True,333.0,True,True,False,60.0,,0,0,False,US Equity,US Equity,US Equity,US Equity,US Equity
2026-09-16,KBWB,94.75,94.8000030517578,90.88999938964844,91.97000122070312,2681030.0,251,246574332.3727417,148704668.68967438,161408999.37673417,-0.0699767237501841,-0.0118440747656809,0.207755602130393,0.0,0.0,0.1469917253564931,-0.0,-0.0,0.0305383544096235,0.0106884240433682,-0.0,96.68000045776368,88.90885091145833,0.0031251664943321,99.2699966430664,100.61000061035156,0.914123851135734,1.6720005035400392,0.0181798464863308,90.88999938964844,90.88999938964844,90.88999938964844,-0.0117429794141566,Invesco KBW Bank ETF,Q,True,False,False,False,False,False,False,False,False,,False,,,6505184256.0,Other,unknown,328.0,True,,False,True,124.0,True,True,False,61.0,,0,0,False,Other,Other,Other,Other,Other
2026-09-16,TCAF,42.18000030517578,42.310001373291016,41.70009994506836,41.91999816894531,622432.0,251,26092348.30029297,20958923.315206908,25714193.470941696,-0.0082801581506506,0.0345507822153392,0.1416121126191678,0.0,0.1001714920352963,0.1694030006551692,-0.0,0.0034610034054971,0.0239895168068047,0.0106459830959547,0.4449202947197804,42.11463996887207,39.81414665222168,0.0076323772644484,43.119998931884766,43.1349983215332,0.9718326138897436,0.3246953964233398,0.0077455966270503,41.70009994506836,41.70009994506836,41.70009994506836,-0.0052456639666519,T. Rowe Price Capital Appreciation Equity ETF,P,True,False,False,False,False,False,False,False,False,,False,,,7400264704.0,Other,unknown,297.0,True,,False,True,370.0,True,True,False,62.0,,0,0,False,Other,Other,Other,Other,Other
2026-09-16,FELC,43.310001373291016,43.3849983215332,42.72990036010742,43.0,632860.0,251,27212980.0,28287321.40404129,32087795.96546234,-0.0155677724456244,0.0247352251824573,0.1547235604872456,0.0,0.068303260552501,0.1705462717287053,-0.0,0.0016894965304621,0.0263875263896905,0.0103338069811921,0.3306897466008262,43.127200317382815,40.68825617472331,0.0087148539745751,44.119998931884766,44.36000061035156,0.9693417359864912,0.3397550582885742,0.0079012804253156,42.72990036010742,42.72990036010742,42.72990036010742,-0.0062813869742459,Fidelity Enhanced Large Cap Core ETF,P,True,False,False,False,False,False,False,False,False,,False,,,7879930368.0,Factor / Style,unknown,290.0,True,,False,True,338.0,True,True,False,63.0,,0,0,False,Factor / Style,Factor / Style,Factor / Style,Factor / Style,Factor / Style
2026-09-16,IQMM,100.0500030517578,100.08000183105467,100.0500030517578,100.0500030517578,33986.0,145,3400299.403717041,143599668.24155578,174163899.89314535,0.002380564734407,0.0086796225279905,0.0176061425640647,0.8263199787742107,0.8693806482430256,0.877302606140283,0.0019671082008058,0.0075458958598892,0.0154459147555314,0.0103109024733639,0.9523643257371592,99.73559616088868,,0.0013979245761099,100.08000183105467,100.08000183105467,0.9997002520109112,0.0241146040824688,0.0002410255207088,99.93512725830078,99.80241779743044,99.80241779743044,-0.0024746151601742,ProShares GENIUS Money Market ETF,P,True,False,False,False,False,False,False,False,False,,False,,,20518305792.0,Other,unknown,132.0,True,,False,True,120.0,False,False,False,64.0,,0,0,False,Other,Other,Other,Other,Other
2026-09-16,DISV,44.29999923706055,44.47499847412109,43.7400016784668,43.959999084472656,332159.0,251,14601709.335899351,14691945.402460098,14498181.049398392,0.0057195151049274,0.0507254239290968,0.130696877061704,0.0564332103104963,0.1307114542040475,0.1304158737829667,0.0003227705987904,0.006630393926889,0.0170449474227071,0.0102754876504253,0.5314740800549989,43.1345002746582,41.47010424296061,0.0182092413232464,45.130001068115234,45.130001068115234,0.9740748514081202,0.4045003890991211,0.0092015559036259,43.7400016784668,43.7400016784668,43.7400016784668,-0.0050044906867062,Dimensional International Small Cap Value ETF,Z,True,False,False,False,False,False,False,False,False,,False,,,4663429632.0,Factor / Style,unknown,392.0,True,,False,True,428.0,True,True,False,65.0,,0,0,False,Factor / Style,Factor / Style,Factor / Style,Factor / Style,Factor / Style
2026-09-16,BILS,99.20999908447266,99.22000122070312,99.19000244140624,99.19000244140624,426139.0,251,42268728.45037842,32184173.604907226,30681853.97121466,0.001855288713316,0.0082238947932082,0.0171072464625274,0.8212019919503377,0.880840248187187,0.9240387581503252,0.0015235667870181,0.0072439375307149,0.0158077587766054,0.0102412749667765,0.8817737117601995,98.91871154785156,98.22931396484375,0.001418766650499,99.22000122070312,99.22000122070312,0.9996976539112296,0.0206678237540529,0.0002083659970294,99.12000274658205,99.00631058212662,99.00631058212662,-0.0018519190922304,State Street SPDR Bloomberg 3-12 Month T-Bill ETF,P,True,False,False,False,False,False,False,False,False,,False,,,3866119680.0,Bond,unknown,439.0,True,,False,True,343.0,True,True,False,66.0,,0,0,False,Bond,Bond,Bond,Bond,Bond
2026-09-16,AIQ,63.03499984741211,63.709999084472656,62.47499847412109,63.0099983215332,966731.0,251,60913718.68737412,66233727.5321928,115200606.66465656,0.0076763081977742,-0.0252166009205789,0.2708752721761007,0.0461537784373614,0.0,0.1062920097843429,0.0003542906277769,-0.0,0.0287918770804786,0.0100771569781675,-0.0,62.1352001953125,58.12900014241536,0.0004282826621937,65.04000091552734,70.26000213623047,0.8968117905741038,0.9269008636474608,0.0147103775327462,62.47499847412109,61.959999084472656,61.959999084472656,-0.016664009919545,Global X Artificial Intelligence & Technology ETF,Q,True,False,False,False,False,False,False,False,False,,False,,,10413852672.0,Industry / Theme,unknown,240.0,True,,False,True,164.0,True,True,False,67.0,,0,0,False,Industry / Theme,Industry / Theme,Industry / Theme,Industry / Theme,Industry / Theme
2026-09-16,BKLN,20.649999618530277,20.670000076293945,20.6200008392334,20.6299991607666,20714079.0,251,427331432.3860531,172864202.2406501,157807979.8454775,0.0099214700847933,0.0223531684735132,0.0364904684333606,0.5914371114166281,0.4478793216101815,0.2719564627405048,0.0058679256079566,0.0100115219317551,0.0099238187188808,0.0099808258072491,1.2760609785414214,20.411182899475097,20.158464609781905,0.0046790350885732,20.670000076293945,20.670000076293945,0.9980647839680844,0.0331197433173105,0.0016054166100159,20.549999237060547,20.4372740173987,20.4372740173987,-0.0093419850318956,Invesco Senior Loan ETF,P,True,False,False,False,False,False,False,False,False,,False,,,7145859584.0,Bond,unknown,306.0,True,,False,True,129.0,True,True,False,68.0,,0,0,False,Bond,Bond,Bond,Bond,Bond
2026-09-16,SHV,110.18000030517578,110.18000030517578,110.16000366210938,110.16000366210938,2502500.0,251,275675409.1644287,303229620.22254944,294523508.9167883,0.0021621016091279,0.008446879616146,0.0172962080967209,0.7984774306000564,0.8083493743984601,0.8954137274497932,0.0017263893375527,0.0068280298533308,0.0154872621626321,0.0098587611615862,0.8943781829946359,109.83160095214843,109.06632792154949,0.0014134562157541,110.18000030517578,110.18000030517578,0.9998185093210108,0.0223697233615212,0.0002030657463496,110.0500030517578,109.922340482795,109.922340482795,-0.0021574361965651,iShares 0-1 Year Treasury Bond ETF,N,True,False,False,False,False,False,False,False,False,,False,,,20945842176.0,Bond,unknown,131.0,True,,False,True,80.0,True,True,False,69.0,,0,0,False,Bond,Bond,Bond,Bond,Bond
2026-09-16,EFV,82.0,82.05599975585938,80.73999786376953,81.18000030517578,1638221.0,251,132990781.27994536,138335260.1194477,254031967.567241,-0.0006155736758756,0.0487016724546642,0.1189258110310742,0.0,0.139577798774382,0.126871834234041,-0.0,0.0067976722378529,0.0150883357832833,0.0096994044787536,0.4390507455682769,80.81460006713867,77.0500153096517,0.0132551984654636,83.2300033569336,83.2300033569336,0.975369422454949,0.7063003540039062,0.008700423150391,80.73999786376953,80.73999786376953,80.73999786376953,-0.0054200842541534,iShares MSCI EAFE Value ETF,Z,True,False,False,False,False,False,False,False,False,,False,,,23718227968.0,Country / Region,unknown,116.0,True,,False,True,92.0,True,True,False,70.0,,0,0,False,Country / Region,Country / Region,Country / Region,Country / Region,Country / Region
2026-09-16,QTUM,143.86000061035156,145.35499572753906,141.8699951171875,143.27000427246094,153917.0,251,22051689.24760437,38527831.96817856,61937293.881329976,-0.0584253363281312,-0.1156813939720098,0.2879380007183603,0.0,0.0,0.0946040507009473,-0.0,-0.0,0.0272401012186891,0.0095340354265412,-0.0,147.66720123291014,138.16770696004232,-0.0175418034309764,152.8699951171875,169.71898395889733,0.8441601577532315,2.705750274658203,0.0188856717663845,141.82000732421875,141.82000732421875,141.82000732421875,-0.0101207294269684,Defiance Quantum ETF,Q,True,False,False,False,False,False,False,False,False,,False,,,6260666368.0,Industry / Theme,unknown,340.0,True,,False,True,249.0,True,True,False,71.0,,0,0,False,Industry / Theme,Industry / Theme,Industry / Theme,Industry / Theme,Industry / Theme
2026-09-16,DFIV,58.36000061035156,58.4213981628418,57.397499084472656,57.709999084472656,1523172.0,251,87902254.72549438,66433071.58192825,68694630.35928999,-0.0001732871798152,0.0456402184488851,0.1111807256950676,0.0,0.1431593028083438,0.1301788877595969,-0.0,0.0065338218531629,0.0144733832112887,0.0093126683285069,0.5040800710326435,57.29440010070801,54.92629740397136,0.014480333202741,59.209999084472656,59.209999084472656,0.9746664410877628,0.4596452713012695,0.0079647423079745,57.397499084472656,57.397499084472656,57.397499084472656,-0.0054150061507118,Dimensional International Value ETF,P,True,False,False,False,False,False,False,False,False,,False,,,19862159360.0,Factor / Style,unknown,137.0,True,,False,True,228.0,True,True,False,72.0,,0,0,False,Factor / Style,Factor / Style,Factor / Style,Factor / Style,Factor / Style
2026-09-16,BOXX,118.18000030517578,118.20999908447266,118.16999816894533,118.1999969482422,2944591.0,251,348050647.2138214,472182573.4858742,340337447.88788205,0.00254449040272,0.0099974210129811,0.018921596024257,0.5555461365659305,0.7090858648911084,0.7046518292100488,0.0014135818127602,0.0070890299256702,0.0133331372500663,0.0092744674892088,0.9969373645891748,117.79449951171875,116.89813293457031,0.001689687087125,118.20999908447266,118.20999908447266,0.9999153867159468,0.0412502288818359,0.0003489867169785,118.0500030517578,117.87999725341795,117.87999725341795,-0.0027072732917611,Alpha Architect 1-3 Month Box ETF,Z,True,False,False,False,False,False,False,False,False,,False,,,12697272320.0,Other,unknown,199.0,True,,False,True,74.0,True,True,False,73.0,,0,0,False,Other,Other,Other,Other,Other
2026-09-16,AVLV,93.0500030517578,93.01000213623048,91.1999969482422,91.8000030517578,1567153.0,251,143864650.1825714,265903746.9535561,207572952.0812661,-0.0244299328296843,0.0050843909665103,0.1375886004497066,0.0,0.0178378847271977,0.1862555767911292,-0.0,9.069477996861722e-05,0.0256266441366443,0.0090282770548051,0.0122887161262058,92.98278945922851,87.97176762898764,0.005770796614851,95.05149728271164,95.08142113780632,0.9654883357150018,0.7331293980712253,0.0079861587548954,91.1999969482422,91.1999969482422,91.1999969482422,-0.0065360139822363,Avantis U.S. Large Cap Value ETF,P,True,False,False,False,False,False,False,False,False,,False,,,16735772672.0,Factor / Style,unknown,157.0,True,,False,True,108.0,True,True,False,74.0,,0,0,False,Factor / Style,Factor / Style,Factor / Style,Factor / Style,Factor / Style
2026-09-16,IXJ,102.36000061035156,102.6999969482422,101.75,102.0500030517578,154479.0,251,15764582.421432495,27501729.69579392,26397946.26412068,-0.017900111103834,0.0779550546694038,0.0871693611620252,0.0,0.1302507305557448,0.0792122126493767,-0.0,0.0101537028212028,0.0069048779728766,0.0090166141242887,0.4398218461053578,102.16080017089844,97.10514989217124,0.0082606482930498,107.69000244140624,107.69000244140624,0.947627456014618,1.475,0.0144536987348438,100.56999969482422,100.56999969482422,100.56999969482422,-0.0145027272187632,iShares Global Healthcare ETF,P,True,False,False,False,False,False,False,False,False,,False,,,3844812544.0,Sector,unknown,441.0,True,,False,True,369.0,True,True,False,75.0,,0,0,False,Sector,Sector,Sector,Sector,Sector
2026-09-16,USMC,75.7300033569336,75.79000091552734,74.98999786376953,75.20649719238281,276498.0,251,20794446.060699463,7467158.854510498,7339323.967121427,-0.0135946785263199,0.0215263786327137,0.1384522032056707,0.0,0.0644345582446542,0.1646807516896532,-0.0,0.001387042697806,0.0228004128969984,0.0088817222675234,0.2967344211993169,75.36657012939453,71.40321782430013,0.0072221308193249,77.19999694824219,77.19999694824219,0.9741774632815609,0.5401012420654296,0.0071815768880156,74.98999786376953,74.98999786376953,74.98999786376953,-0.0028787317146211,Principal U.S. Mega-Cap ETF,Q,True,False,False,False,False,False,False,False,False,,False,,,3491833344.0,Other,unknown,462.0,True,,False,True,461.0,True,True,False,76.0,,0,0,False,Other,Other,Other,Other,Other
2026-09-16,XLF,56.81999969482422,56.84000015258789,55.44499969482422,55.93000030517578,53035730.0,251,2966288395.0852203,1766177586.2450447,1802567445.149541,-0.0330221272886122,0.0326756442128466,0.1383055841026026,0.0,0.0758746928112015,0.1492092879424483,-0.0,0.0024792544670578,0.0206364777224137,0.0088342826064324,0.0888502770743802,57.15440002441406,53.29814577738444,0.0099199532900353,58.59999847412109,58.59999847412109,0.9544368901285136,0.717750358581543,0.0128330118838766,55.44499969482422,55.44499969482422,55.44499969482422,-0.0086715645933347,State Street Financial Select Sector SPDR ETF,P,True,False,False,False,False,False,False,False,False,,False,,,51353821184.0,Sector,unknown,56.0,True,,False,True,18.0,True,True,False,77.0,,0,0,False,Sector,Sector,Sector,Sector,Sector
2026-09-16,LRGF,77.41000366210938,77.73999786376953,76.55999755859375,77.01000213623047,88460.0,251,6812304.788970947,10699819.552192688,11528482.40011306,-0.0143416617809444,0.0178162757755036,0.1463010760894105,0.0,0.0496918289316595,0.1612352818817364,-0.0,0.0008853233280355,0.0235888952428774,0.0088315734982302,0.2208589113319165,77.15465194702148,73.09418022155762,0.0076157258219138,78.90349925178971,79.23762850339675,0.9718867612617812,0.5962128272345758,0.0077420180586396,76.55999755859375,76.55999755859375,76.55999755859375,-0.0058434562414458,iShares U.S. Equity Factor ETF,P,True,False,False,False,False,False,False,False,False,,False,,,3509724672.0,Factor / Style,unknown,459.0,True,,False,True,446.0,True,True,False,78.0,,0,0,False,Factor / Style,Factor / Style,Factor / Style,Factor / Style,Factor / Style
2026-09-16,DFSV,39.59000015258789,39.67570114135742,38.77999877929688,39.16999816894531,740176.0,251,28992692.564697266,40115679.572711945,34093624.27065895,-0.0280397292681848,0.0218042110969893,0.1445590147601829,0.0,0.0591062629785227,0.155967846293352,-0.0,0.0012887654351378,0.0225465581944346,0.0087289929008917,0.133534200701378,39.81599998474121,37.69619944254557,0.0059219441520557,40.75,40.95000076293945,0.9565322939968032,0.4336353302001953,0.0110705986844796,38.77999877929688,38.77999877929688,38.77999877929688,-0.0099565843216616,Dimensional US Small Cap Value ETF,P,True,False,False,False,False,False,False,False,False,,False,,,7919026176.0,Factor / Style,unknown,288.0,True,,False,True,330.0,True,True,False,79.0,,0,0,False,Factor / Style,Factor / Style,Factor / Style,Factor / Style,Factor / Style
2026-09-16,VFH,138.64999389648438,138.59719848632812,135.14999389648438,136.44000244140625,792336.0,251,108106325.77441406,77747668.70586547,69899923.53742133,-0.0361683752860214,0.0306349337161542,0.1395935625180495,0.0,0.0710404188435775,0.1484822830789627,-0.0,0.0021763185224408,0.0207271708658059,0.0086691168426186,0.0796353889719378,139.80359985351564,130.37160583496097,0.009253710126549,143.1999969482422,143.1999969482422,0.952793333443441,1.7019989013671877,0.0124743394232795,135.14999389648438,135.14999389648438,135.14999389648438,-0.0094547678235044,Vanguard Financials ETF,P,True,False,False,False,False,False,False,False,False,,False,,,13808313344.0,Sector,unknown,185.0,True,,False,True,224.0,True,True,False,80.0,,0,0,False,Sector,Sector,Sector,Sector,Sector
2026-09-16,QLTY,42.58000183105469,42.630001068115234,42.119998931884766,42.2599983215332,497955.0,251,21043577.464199062,14647534.779734612,15865513.81761914,-0.0112307753412052,0.022132193994111,0.1382196141673355,0.0,0.0637640446451451,0.1601474477293276,-0.0,0.0014112382059355,0.0221355184350311,0.008664736286119,0.2396064816893681,42.38289993286133,40.27105651855469,0.0069563753382195,43.70000076293945,43.70000076293945,0.9670479996277832,0.3405004501342773,0.008057275524329,42.119998931884766,42.119998931884766,42.119998931884766,-0.0033128110555816,GMO U.S. Quality ETF,P,True,False,False,False,False,False,False,False,False,,False,,,4698446848.0,Factor / Style,unknown,390.0,True,,False,True,418.0,True,True,False,81.0,,0,0,False,Factor / Style,Factor / Style,Factor / Style,Factor / Style,Factor / Style
2026-09-16,SCHG,35.08000183105469,35.279998779296875,34.74209976196289,34.95000076293945,11783545.0,251,411834906.7401314,257170962.55696964,250821741.0779369,-0.0085106166541999,0.0302128256250278,0.1545477125182897,0.0,0.0613235796227421,0.1313846858919606,-0.0,0.0018527586178444,0.0203052026645365,0.0083111140341866,0.7491657929274502,34.93860015869141,33.084021581014,0.0094675315103085,36.11000061035156,36.11000061035156,0.9678759394127628,0.3673946380615234,0.0105120065820171,34.7400016784668,34.7400016784668,34.7400016784668,-0.0060085573644775,Schwab U.S. Large-Cap Growth ETF,P,True,False,False,False,False,False,False,False,False,,False,,,59069509632.0,Factor / Style,unknown,49.0,True,,False,True,94.0,True,True,False,82.0,,0,0,False,Factor / Style,Factor / Style,Factor / Style,Factor / Style,Factor / Style
2026-09-16,OEF,377.6900024414063,378.4400024414063,372.7799987792969,374.8299865722656,198946.0,251,74570926.50860596,74323848.91011658,88803738.65769838,-0.0083523334635892,0.0187055575986461,0.1465087498282444,0.0,0.048038396466564,0.1497512102209945,-0.0,0.0008985849920519,0.0219398625947445,0.0082630321529943,0.4189817723532707,374.6122015380859,356.3358235677084,0.0087129752634287,384.2743779821501,384.2743779821501,0.975422791757604,3.1882290973667664,0.00850580052712,372.7799987792969,372.7799987792969,372.7799987792969,-0.0054691136419351,iShares S&P 100 Fund,P,True,False,False,False,False,False,False,False,False,,False,,,20043581440.0,Other,unknown,136.0,True,,False,True,196.0,True,True,False,83.0,,0,0,False,Other,Other,Other,Other,Other
2026-09-16,THRO,43.59999847412109,43.67499923706055,43.02000045776367,43.27999877929688,493207.0,251,21345998.357940678,21684981.48196106,26689860.92151121,-0.0146968811681359,0.002861253849699,0.1574816187329006,0.0,0.0071480180756307,0.1494465421579748,-0.0,2.0452294236616835e-05,0.0235350833730725,0.0082505731718291,0.0131475312558295,43.32186408996582,41.1081724802653,0.0055999826276129,44.225195060865474,44.52482638190549,0.9720419437027946,0.3472755885336415,0.0080239278726542,43.02000045776367,43.02000045776367,43.02000045776367,-0.0060073551031978,iShares U.S. Thematic Rotation Active ETF,P,True,False,False,False,False,False,False,False,False,,False,,,6481671680.0,Other,unknown,331.0,True,,False,True,368.0,True,True,False,84.0,,0,0,False,Other,Other,Other,Other,Other
2026-09-16,DYNF,68.9800033569336,69.11499786376953,68.0000991821289,68.44000244140625,1730928.0,251,118464716.54589844,120029508.06259307,148108387.0693272,-0.0149262712960662,0.0143593431619322,0.1476312350602298,0.0,0.0366225827532287,0.1504047368413849,-0.0,0.0005258762332298,0.0222044370588025,0.0081133725221802,0.129140513651615,68.57873016357422,64.96320513407389,0.0069107465528612,70.23546957933384,70.36520806257228,0.9726398077377384,0.5504722316886579,0.0080431357693175,68.0000991821289,68.0000991821289,68.0000991821289,-0.0064275751546613,iShares U.S. Equity Factor Rotation Active ETF,P,True,False,False,False,False,False,False,False,False,,False,,,38004244480.0,Factor / Style,unknown,80.0,True,,False,True,138.0,True,True,False,85.0,,0,0,False,Factor / Style,Factor / Style,Factor / Style,Factor / Style,Factor / Style
2026-09-16,IOO,142.97000122070312,143.2899932861328,141.1199951171875,141.97000122070312,125449.0,251,17809994.683135986,37448042.96222992,39435371.76672412,-0.0128633431323994,0.0209996267879146,0.1497154671869138,0.0,0.0501889774394166,0.1411524107526275,-0.0,0.0010539497950948,0.0211326991203887,0.0080815120589477,0.495520023484588,142.2392007446289,135.14938700358073,0.0107772336316658,146.02999877929688,146.67999267578125,0.9678893394446166,1.2894996643066403,0.0090829023964155,141.1199951171875,141.1199951171875,141.1199951171875,-0.0059872233303304,iShares Global 100 ETF,P,True,False,False,False,False,False,False,False,False,,False,,,8474621952.0,Global Equity,unknown,273.0,True,,False,True,307.0,True,True,False,86.0,,0,0,False,Global Equity,Global Equity,Global Equity,Global Equity,Global Equity
2026-09-16,AVUV,123.9000015258789,124.1156005859375,121.4800033569336,122.72000122070312,1768624.0,251,217045539.43896484,155387197.4575592,155507489.07816374,-0.0283199255670681,0.0058130238923455,0.1476071784077002,0.0,0.0163530584562514,0.1546908433697825,-0.0,9.506071951911227e-05,0.0228334789153211,0.0080535070880498,0.018746074656879,125.274308013916,118.98461237589518,0.0018560490741263,127.43299895820483,128.62908532773028,0.9540610578706086,1.324906605774698,0.0107961749722602,121.4800033569336,121.4800033569336,121.4800033569336,-0.010104284969322,Avantis U.S. Small Cap Value ETF,P,True,False,False,False,False,False,False,False,False,,False,,,29055420416.0,Factor / Style,unknown,95.0,True,,False,True,131.0,True,True,False,87.0,,0,0,False,Factor / Style,Factor / Style,Factor / Style,Factor / Style,Factor / Style
2026-09-16,ESGV,134.52999877929688,134.9600067138672,132.72000122070312,133.57000732421875,142995.0,251,19099843.19732666,23789170.33827209,22991250.31987266,-0.0142434883821493,0.0096965492788059,0.1547160109521761,0.0,0.0230643466875987,0.1456633644872464,-0.0,0.0002236445742397,0.0225364546953396,0.0080331281166247,0.0941194440701711,134.39740173339842,127.22256174723309,0.0061568445081761,137.69000244140625,138.1199951171875,0.9670577182607896,1.1415000915527345,0.0085460809235559,132.72000122070312,132.72000122070312,132.72000122070312,-0.0063637497709525,Vanguard ESG U.S. Stock ETF,Z,True,False,False,False,False,False,False,False,False,,False,,,13178104832.0,Other,unknown,195.0,True,,False,True,382.0,True,True,False,88.0,,0,0,False,Other,Other,Other,Other,Other
2026-09-16,SPMO,145.07000732421875,145.32000732421875,142.60000610351562,143.66000366210938,1610296.0,251,231335129.25708008,236033163.45054016,309874069.18693227,-0.0479787311279916,-0.0694576309716189,0.2295485198412867,0.0,0.0,0.0990759643203547,-0.0,-0.0,0.0227427409615855,0.0079599593365549,-0.0,148.02680053710938,138.0566025797526,-0.0105570451931669,151.697998046875,162.3000030517578,0.8851509609417314,2.3123992919921874,0.0160963332385191,142.60000610351562,142.60000610351562,142.60000610351562,-0.0073785154641015,Invesco S&P 500 Momentum ETF,P,True,False,False,False,False,False,False,False,False,,False,,,22210627584.0,Factor / Style,unknown,125.0,True,,False,True,78.0,True,True,False,89.0,,0,0,False,Factor / Style,Factor / Style,Factor / Style,Factor / Style,Factor / Style
2026-09-16,VTV,222.7550048828125,222.88999938964844,219.47000122070312,220.63999938964844,2834838.0,251,625478654.5897522,523180740.9382584,614178180.9938446,-0.0250972417406885,0.016961331542733,0.1185158438187452,0.0,0.0590253455961788,0.1740256194098526,-0.0,0.0010011484560811,0.0206247931304384,0.0078694240921062,0.0713879142935792,222.95240020751956,211.2308966064453,0.0051582168565518,228.57000732421875,228.57000732421875,0.9653059995604678,1.6509994506835937,0.0074827749059586,219.47000122070312,219.47000122070312,219.47000122070312,-0.0053027473358495,Vanguard Morningstar Value ETF,P,True,False,False,False,False,False,False,False,False,,False,,,254461837312.0,Factor / Style,unknown,10.0,True,,False,True,46.0,True,True,False,90.0,,0,0,False,Factor / Style,Factor / Style,Factor / Style,Factor / Style,Factor / Style
2026-09-16,IWN,217.97000122070312,218.5500030517578,213.92999267578125,215.8600006103516,795682.0,251,171755917.00564575,96111403.17144927,119727691.99768116,-0.0343771300854307,0.0024701413567409,0.1537480538566871,0.0,0.0065796651388736,0.1448374214885278,-0.0,1.6252702973038453e-05,0.0222684716794818,0.0078045293447511,0.00245087313665,221.78427734375,209.09273376464844,0.0002610174067159,226.0447266189255,226.94108459891964,0.9511719792467191,2.172167808237421,0.0100628546377075,213.92999267578125,213.92999267578125,213.92999267578125,-0.0089410169976519,iShares Russell 2000 Value ETF,P,True,False,False,False,False,False,False,False,False,,False,,,14527014912.0,Factor / Style,unknown,175.0,True,,False,True,157.0,True,True,False,91.0,,0,0,False,Factor / Style,Factor / Style,Factor / Style,Factor / Style,Factor / Style
2026-09-16,MGV,165.6199951171875,165.5449981689453,163.12010192871094,163.89999389648438,192151.0,251,31493547.72720337,48227125.61038971,42972493.89095004,-0.0260859205228227,0.0100016144830696,0.1215348771259237,0.0,0.0340707912161056,0.174733909923131,-0.0,0.0003407629188766,0.0212362642722399,0.0076541883925538,0.0286326974173434,165.65539916992188,156.86417816162108,0.0035360240664832,169.83999633789062,169.83999633789062,0.9650258916068932,1.1742439270019531,0.0071643927439288,163.12010192871094,163.12010192871094,163.12010192871094,-0.0047583404320685,Vanguard Morningstar Mega Cap Value ETF,P,True,False,False,False,False,False,False,False,False,,False,,,13311754240.0,Factor / Style,unknown,194.0,True,,False,True,298.0,True,True,False,92.0,,0,0,False,Factor / Style,Factor / Style,Factor / Style,Factor / Style,Factor / Style
2026-09-16,MGC,279.6499938964844,280.5,276.44500732421875,277.7900085449219,56035.0,251,15565963.128814695,18681742.93122101,22981499.508572534,-0.0115289835549531,0.0129359154346535,0.142264860065818,0.0,0.0332551495318841,0.147376327552753,-0.0,0.0004301858021112,0.0209664726163065,0.0076178861870795,0.2173404547813988,278.1784002685547,264.71528391520184,0.0069519059098359,284.4599914550781,285.54998779296875,0.972824445526949,2.142253112792969,0.0077117716508746,276.44500732421875,276.44500732421875,276.44500732421875,-0.0048417912067763,Vanguard Morningstar Mega Cap ETF,P,True,False,False,False,False,False,False,False,False,,False,,,10574559232.0,Other,unknown,237.0,True,,False,True,383.0,True,True,False,93.0,,0,0,False,Other,Other,Other,Other,Other
2026-09-16,EWZ,37.5,37.81499862670898,37.2400016784668,37.47999954223633,21138735.0,251,792279778.123455,939532938.92208,754021790.9059552,0.112166133344834,0.0892182420353921,0.0306948072799355,0.4364896663944398,0.1273330812351965,0.0204457594824022,0.0489593581244408,0.011360433660754,0.0006275786470042,0.0076039344059415,1.144443767828484,35.92299987792969,36.64041328430176,0.0206963602624636,39.09999847412109,41.62374534901532,0.900447550501915,0.874749755859375,0.0233391079653994,36.95000076293945,34.060001373291016,34.060001373291016,-0.0912486182154646,iShares MSCI Brazil ETF,P,True,False,False,False,False,False,False,False,False,,False,,,9067350016.0,Country / Region,unknown,266.0,True,,False,True,41.0,True,True,False,94.0,,0,0,False,Country / Region,Country / Region,Country / Region,Country / Region,Country / Region
2026-09-16,PSI,131.27999877929688,132.49000549316406,128.10000610351562,129.83999633789062,169639.0,251,22025927.138763428,43096949.30524139,59488310.713768855,-0.1125692126001661,-0.2212327616219368,0.3561960881910591,0.0,0.0,0.0607929929557681,-0.0,-0.0,0.0216542262802712,0.0075789791980949,,141.86080001831056,133.01213740030926,-0.0474103068590813,148.16000366210938,189.2400054931641,0.6861128332749962,5.065501022338867,0.0390134100832581,124.94000244140624,124.94000244140624,124.94000244140624,-0.0377387094476868,Invesco Semiconductors ETF,P,True,False,False,False,False,False,False,False,False,,False,,,3097870848.0,Other,unknown,496.0,True,,False,True,256.0,True,True,False,95.0,,0,0,False,Other,Other,Other,Other,Other
2026-09-16,RECS,45.16999816894531,45.244998931884766,44.560001373291016,44.790000915527344,334677.0,251,14990183.136405945,20654512.316343307,18837563.61965664,-0.0070937639214039,0.0228362635097687,0.1245292205988661,0.0,0.0672043134799838,0.1509159646855198,-0.0,0.001534695411622,0.0187934474582138,0.0075752586279291,0.2811578958379451,44.8247998046875,42.688579915364585,0.0093720557625271,45.91999816894531,45.91999816894531,0.9753920448938048,0.3626493453979492,0.0080966585841758,44.560001373291016,44.560001373291016,44.560001373291016,-0.0051350644682972,Columbia Research Enhanced Core ETF,P,True,False,False,False,False,False,False,False,False,,False,,,5762415616.0,Other,unknown,357.0,True,,False,True,406.0,True,True,False,96.0,,0,0,False,Other,Other,Other,Other,Other
2026-09-16,FLOT,50.959999084472656,50.97999954223633,50.959999084472656,50.959999084472656,1774573.0,251,90432238.4553299,106830333.0460041,102573533.23917896,0.003361171725599,0.0102750580409529,0.0231134656305582,0.5914203021132065,0.5667950156646963,0.4608034446429389,0.0019878651974081,0.0058238516832776,0.0106507645801974,0.0075132711971995,1.081069441963023,50.76697578430176,50.32441538492839,0.0015465933550784,50.97999954223633,50.97999954223633,0.9996076803071152,0.0324544772102264,0.0006368618091305,50.86000061035156,50.77931774731735,50.77931774731735,-0.003545552205678,iShares Floating Rate Bond ETF,Z,True,False,False,False,False,False,False,False,False,,False,,,9968492544.0,Bond,unknown,249.0,True,,False,True,177.0,True,True,False,97.0,,0,0,False,Bond,Bond,Bond,Bond,Bond
2026-09-16,JIVE,98.1999969482422,98.3499984741211,96.7500991821289,97.29000091552734,278024.0,251,27048955.21453857,31314077.969924927,30044690.81720988,0.0051658228667275,0.0288705946215994,0.1344581661270159,0.0492126545967905,0.0755523105375274,0.1293453080724225,0.0002542238564484,0.0021812401302541,0.0173915329205518,0.0075048426068583,0.2170116174074578,96.3446401977539,92.02876698811848,0.013843545782556,100.20999908447266,100.20999908447266,0.9708612095038152,0.8934959411621094,0.0091838414303016,96.7500991821289,96.7500991821289,96.7500991821289,-0.0055494061909528,JPMorgan International Value ETF,Q,True,False,False,False,False,False,False,False,False,,False,,,3125305856.0,Factor / Style,unknown,493.0,True,,False,True,346.0,True,True,False,98.0,,0,0,False,Factor / Style,Factor / Style,Factor / Style,Factor / Style,Factor / Style
2026-09-16,GNR,78.56999969482422,78.62989807128906,76.72000122070312,77.0199966430664,714863.0,251,55058745.86025238,30137452.87013817,20498831.11328791,0.0236576133683543,0.0700193533076201,0.0620373256622424,0.1328356390410654,0.1343998209635416,0.0600837125326301,0.0031425741899718,0.0094105885485271,0.0037274328413833,0.0074214840510267,0.6414348836336206,74.51459991455079,72.99335871378581,0.0308189023827272,80.58000183105469,80.58000183105469,0.955820239425506,1.1554950714111327,0.0150025333909846,76.72000122070312,76.44000244140625,76.44000244140625,-0.0075304366000952,State Street SPDR S&P Global Natural Resources ETF,P,True,False,False,False,False,False,False,False,False,,False,,,4480049664.0,Global Equity,unknown,401.0,True,,False,True,395.0,True,True,False,99.0,,0,0,False,Global Equity,Global Equity,Global Equity,Global Equity,Global Equity
2026-09-16,DCOR,83.43000030517578,83.4800033569336,82.20999908447266,82.66000366210938,109566.0,251,9056725.961242676,9378480.280377198,10695413.530790783,-0.0231045825328471,0.0083438818869738,0.1300826491451063,0.0,0.0259641830794489,0.1577766954057524,-0.0,0.0002166420769066,0.0205240105117408,0.0073242210290986,0.0460660755833659,83.6623602294922,79.5132014465332,0.0055567274332486,85.33000183105469,85.87999725341797,0.9625058955019884,0.6107505798339844,0.0073887073890119,82.20999908447266,82.20999908447266,82.20999908447266,-0.0054440425562549,Dimensional US Core Equity 1 ETF,P,True,False,False,False,False,False,False,False,False,,False,,,3237994240.0,Other,unknown,478.0,True,,False,True,451.0,True,True,False,100.0,,0,0,False,Other,Other,Other,Other,Other
2026-09-16,DSI,144.47999572753906,144.9550018310547,142.65989685058594,143.36000061035156,51822.0,251,7429201.951629639,16317234.511720276,15724489.726088269,-0.0172079903804965,0.0102952846927253,0.149474882691114,0.0,0.0226110294098545,0.1365703453522773,-0.0,0.00023278698497,0.0204138363506165,0.0072961542629463,0.0905403175259364,143.81976165771485,136.47914108276368,0.0068888090593182,148.59397275128032,148.59397275128032,0.9647766861332292,1.3117894775728474,0.0091503171874158,142.65989685058594,142.65989685058594,142.65989685058594,-0.004883536249895,iShares ESG MSCI KLD 400 ETF,P,True,False,False,False,False,False,False,False,False,,False,,,5360755200.0,Other,unknown,365.0,True,,False,True,420.0,True,True,False,101.0,,0,0,False,Other,Other,Other,Other,Other
2026-09-16,ESGU,165.50999450683594,166.10000610351562,163.50999450683594,164.52000427246094,230037.0,251,37845688.2228241,66953659.63216476,63174000.02852449,-0.019225467067091,0.0079316549839456,0.1365787828383713,0.0,0.0217712944074516,0.1486865751802301,-0.0,0.0001726823957938,0.0203074314625218,0.0072198445691486,0.0674798191064041,166.01706878662108,157.6750164794922,0.005511848249708,169.65058733614646,170.45874737635137,0.9651602326351816,1.287158271114872,0.0078237189258955,163.50999450683594,163.50999450683594,163.50999450683594,-0.0061391304363955,iShares ESG Aware MSCI USA ETF,Q,True,False,False,False,False,False,False,False,False,,False,,,17746929664.0,Country / Region,unknown,145.0,True,,False,True,242.0,True,True,False,102.0,,0,0,False,Country / Region,Country / Region,Country / Region,Country / Region,Country / Region
2026-09-16,AVUS,128.72999572753906,128.77999877929688,126.66010284423828,127.58000183105467,370504.0,251,47268900.998413086,37186025.90410767,37690682.73288351,-0.0232500625576365,0.0006756677911838,0.133991704758744,0.0,0.0019587192671812,0.1539220888807595,-0.0,1.323443520805649e-06,0.0206242830891598,0.0072193593194944,0.0004297956021558,129.08101486206056,122.78589686075848,0.0042907080360565,131.46094640617258,132.51259007111668,0.9627764559019276,0.960146292556314,0.0075258369554483,126.66010284423828,126.66010284423828,126.66010284423828,-0.0072103697571235,Avantis U.S. Equity ETF,P,True,False,False,False,False,False,False,False,False,,False,,,13827512320.0,US Equity,unknown,182.0,True,,False,True,314.0,True,True,False,103.0,,0,0,False,US Equity,US Equity,US Equity,US Equity,US Equity
2026-09-16,DBMF,32.150001525878906,32.130001068115234,31.875,32.119998931884766,1689013.0,251,54251095.75593948,78904842.91141415,66031513.14610345,0.0271825539391719,0.0539742031165351,0.0431546139567931,0.2435519218262404,0.1743003115385688,0.0697229407205132,0.0066203632520307,0.009407720418258,0.0030088665907261,0.0071681215786218,4.138129838495935,31.23400005340576,30.73177734375,0.0082286437548084,32.310001373291016,32.310001373291016,0.99411939234508,0.2794504165649414,0.008700200057838,31.1200008392334,30.940000534057617,30.940000534057617,-0.0367371867081786,iMGP DBi Managed Futures Strategy ETF,P,True,False,False,False,False,False,False,False,False,,False,,,3887484160.0,Other,unknown,436.0,True,,False,True,235.0,True,True,False,104.0,,0,0,False,Other,Other,Other,Other,Other
2026-09-16,VV,350.3599853515625,351.17999267578125,345.6700134277344,347.79998779296875,208546.0,251,72532296.25427246,72621059.568573,78680158.136742,-0.0163470756230585,0.0091533610346206,0.1340096834572761,0.0,0.0251760241794265,0.1477587962478909,-0.0,0.0002304452387306,0.019801109513208,0.0070801777347977,0.0933185127646931,349.6519995117188,332.8589188639323,0.0061466255594642,357.2099914550781,359.2200012207031,0.9682088597825098,2.704499816894532,0.0077760204480064,345.6700134277344,345.6700134277344,345.6700134277344,-0.0061241358251635,Vanguard Morningstar Large-Cap ETF,P,True,False,False,False,False,False,False,False,False,,False,,,73819176960.0,Other,unknown,40.0,True,,False,True,211.0,True,True,False,105.0,,0,0,False,Other,Other,Other,Other,Other
2026-09-16,SUSA,154.5399932861328,155.15350341796875,153.10499572753906,153.6840057373047,17936.0,251,2756476.326904297,5354678.0050354,6098579.042600601,-0.0259350963500594,0.0042324624857394,0.1374714088738,0.0,0.0114746720045196,0.1459489622503284,-0.0,4.8566118795294845e-05,0.0200638094642217,0.0070539012896945,0.0146665831444129,155.76304595947266,147.6289569091797,0.004220776363432,159.58199958325892,160.0010991827497,0.9605184372000484,1.2012300192564396,0.0078162331434132,153.10499572753906,153.10499572753906,153.10499572753906,-0.0037675359058205,iShares ESG Optimized MSCI USA ETF,P,True,False,False,False,False,False,False,False,False,,False,,,4045895936.0,Country / Region,unknown,421.0,True,,False,True,463.0,True,True,False,106.0,,0,0,False,Country / Region,Country / Region,Country / Region,Country / Region,Country / Region
2026-09-16,FMDE,41.09000015258789,41.249698638916016,40.52999877929688,40.86000061035156,924572.0,251,37778012.484313965,32171075.69127808,35826527.76415313,-0.0333569868025193,0.0147848234813949,0.1300526454607797,0.0,0.0411330730930723,0.1458192122073718,-0.0,0.0006081452249283,0.0189641743065755,0.0070327554035048,0.0547980205187282,41.52419990539551,39.24379567464193,0.0053750174695514,42.709999084472656,42.970001220703125,0.950895961126132,0.3771856307983398,0.0092311704641233,40.52999877929688,40.52999877929688,40.52999877929688,-0.0080764029888703,Fidelity Enhanced Mid Cap Core ETF,P,True,False,False,False,False,False,False,False,False,,False,,,7389860352.0,Factor / Style,unknown,298.0,True,,False,True,324.0,True,True,False,107.0,,0,0,False,Factor / Style,Factor / Style,Factor / Style,Factor / Style,Factor / Style
2026-09-16,GSUS,105.0500030517578,105.2699966430664,103.79000091552734,104.30999755859376,42249.0,251,4406993.086853027,12974933.170196531,9768015.093071347,-0.0165928362524201,0.0089095703368431,0.1339572255050551,0.0,0.0245080556452645,0.1465583795479119,-0.0,0.0002183562455907,0.0196325538987551,0.0070133254241982,0.0877073385475129,104.89586013793944,99.84327473958334,0.0061883468498045,107.16000366210938,107.66999816894533,0.968793529604418,0.7776500701904296,0.007455182517415,103.79000091552734,103.79000091552734,103.79000091552734,-0.0049851083811435,Goldman Sachs MarketBeta U.S. Equity ETF,Z,True,False,False,False,False,False,False,False,False,,False,,,3177762560.0,US Equity,unknown,488.0,True,,False,True,454.0,True,True,False,108.0,,0,0,False,US Equity,US Equity,US Equity,US Equity,US Equity
2026-09-16,PBUS,76.22000122070312,76.37999725341797,75.19000244140625,75.6500015258789,428682.0,251,32429793.95411682,15063069.006139372,22726677.14858936,-0.0167663227787099,0.0094124717999963,0.1327484065365758,0.0,0.0260194760534145,0.1455001889461612,-0.0,0.0002449075846034,0.0193149182333736,0.006919411311673,0.0998185709655403,76.1470002746582,72.50979301452637,0.0059633563737437,77.76000213623047,78.22000122070312,0.9671439573674668,0.5795501708984375,0.0076609406372606,75.19000244140625,75.19000244140625,75.19000244140625,-0.0060806222761977,Invesco MSCI USA ETF,Z,True,False,False,False,False,False,False,False,False,,False,,,11176468480.0,Country / Region,unknown,221.0,True,,False,True,386.0,True,True,False,109.0,,0,0,False,Country / Region,Country / Region,Country / Region,Country / Region,Country / Region
2026-09-16,JAVA,81.7699966430664,81.7300033569336,80.38999938964844,80.79000091552734,326690.0,251,26393285.399093628,25998039.742671967,31947900.54195707,-0.0253347628131765,0.0155603814613862,0.1195735192433344,0.0,0.0455119601119222,0.1543104842093199,-0.0,0.0007081834603969,0.0184514476530513,0.0069183259278259,0.0522744732200365,81.94639999389648,77.59642395019532,0.0061908896683633,83.8499984741211,84.05999755859375,0.96109925365169,0.6371997833251953,0.0078871119705944,80.38999938964844,80.38999938964844,80.38999938964844,-0.0049511266412428,JPMorgan Active Value ETF,P,True,False,False,False,False,False,False,False,False,,False,,,6685886976.0,Factor / Style,unknown,324.0,True,,False,True,340.0,True,True,False,110.0,,0,0,False,Factor / Style,Factor / Style,Factor / Style,Factor / Style,Factor / Style
2026-09-16,BKLC,48.560001373291016,48.68000030517578,47.93000030517578,48.220001220703125,347650.0,251,16763683.42437744,20912962.46450424,19908529.56246876,-0.0171218941923062,0.0088150721500894,0.1334398813242843,0.0,0.0241333396841738,0.1448570348390583,-0.0,0.0002127371305386,0.0193297055379116,0.0069036760731191,0.0892532026726648,48.50373329162598,46.18340324401856,0.0059422874523267,49.54999923706055,49.84000015258789,0.9674960086893049,0.3820995330810547,0.0079240880009974,47.93000030517578,47.93000030517578,47.93000030517578,-0.0060141208665676,BNY Mellon US Large Cap Core Equity ETF,P,True,False,False,False,False,False,False,False,False,,False,,,5445539328.0,Factor / Style,unknown,363.0,True,,False,True,398.0,True,True,False,111.0,,0,0,False,Factor / Style,Factor / Style,Factor / Style,Factor / Style,Factor / Style
2026-09-16,DFAC,44.84000015258789,44.935001373291016,44.19200134277344,44.47999954223633,1547148.0,251,68817142.33177185,82426660.27569199,92539450.05441818,-0.0254162984865247,0.0056150646249462,0.1279647228704381,0.0,0.017212212218828,0.1521415142797138,-0.0,9.664768394700816e-05,0.0194687467118923,0.0068768823437278,0.0212110928907611,45.08760017395019,42.87655754089356,0.0048092569846103,46.040000915527344,46.345001220703125,0.9597582990755502,0.3443504333496093,0.0077416914769216,44.19200134277344,44.19200134277344,44.19200134277344,-0.0064747797308185,Dimensional U.S. Core Equity 2 ETF,P,True,False,False,False,False,False,False,False,False,,False,,,47398703104.0,Other,unknown,62.0,True,,False,True,190.0,True,True,False,112.0,,0,0,False,Other,Other,Other,Other,Other
2026-09-16,MGK,89.48999786376953,89.97000122070312,88.52999877929688,89.12000274658203,1505494.0,251,134169629.41496275,98909025.95751876,115610367.19375828,-0.0014565518590248,0.0104071319496139,0.1615397335699142,0.0,0.018662049768258,0.119077357549018,-0.0,0.0001942184143885,0.0192357246126777,0.0068587455837897,0.2943405415005328,88.63980026245117,84.41772944132487,0.0073560724395242,91.20999908447266,92.28799613204824,0.9656727470717495,1.0049999237060547,0.0112769287784228,88.52999877929688,88.05000305175781,88.05000305175781,-0.0120062798681327,Vanguard Morningstar Mega Cap Growth ETF,P,True,False,False,False,False,False,False,False,False,,False,,,33301635072.0,Factor / Style,unknown,89.0,True,,False,True,162.0,True,True,False,113.0,,0,0,False,Factor / Style,Factor / Style,Factor / Style,Factor / Style,Factor / Style
2026-09-16,BBUS,137.2100067138672,137.39999389648438,135.30999755859375,136.13999938964844,189452.0,251,25791995.16436768,23693585.813821413,24798527.912925117,-0.0170397155982062,0.0088541455241866,0.1316372016744851,0.0,0.024434920617089,0.1455020587612664,-0.0,0.0002163503430156,0.0191534838532096,0.0068443470715835,0.0905541491466188,136.92099945068358,130.44031346638997,0.0061306455045424,139.8699951171875,140.6999969482422,0.9675906349857905,1.0427513122558594,0.0076594044140648,135.30999755859375,135.30999755859375,135.30999755859375,-0.0060966786747157,JPMorgan BetaBuilders U.S. Equity ETF,Z,True,False,False,False,False,False,False,False,False,,False,,,8542320128.0,US Equity,unknown,272.0,True,,False,True,375.0,True,True,False,114.0,,0,0,False,US Equity,US Equity,US Equity,US Equity,US Equity
2026-09-16,IBDR,24.209999084472656,24.209999084472656,24.190000534057617,24.200000762939453,561596.0,251,13590623.628463743,15711502.005111694,14063623.033015538,0.0028540916485195,0.0095078297551303,0.0200285529561827,0.6215509079955246,0.4763778428910283,0.5501117323370165,0.0017739632556397,0.0045293194293241,0.0110179419629293,0.0068003373160859,1.0248748723120868,24.113209228515625,23.93071575164795,0.0015464908438682,24.209999084472656,24.209999084472656,0.999587016856204,0.0175845356057877,0.0007266336798103,24.1299991607666,24.1299991607666,24.1299991607666,-0.0028926280977665,iShares iBonds Dec 2026 Term Corporate ETF,P,True,False,False,False,False,False,False,False,False,,False,,,3504570624.0,Bond,unknown,460.0,True,,False,True,432.0,True,True,False,115.0,,0,0,False,Bond,Bond,Bond,Bond,Bond
2026-09-16,IYF,133.91000366210938,133.8249969482422,130.4199981689453,131.6300048828125,1288486.0,251,169603418.47143555,53003810.25661011,53545914.41927568,-0.0374769578684786,0.0190544728750778,0.1286169382474189,0.0,0.0459318426129608,0.1382210527048393,-0.0,0.000875207049171,0.0177775686002315,0.0067910335920422,0.0362086800926125,135.14050048828125,126.58416244506836,0.0088088137255439,138.65926450503753,138.65926450503753,0.9493055177573824,1.690122979691202,0.0128399522676906,130.4199981689453,130.4199981689453,130.4199981689453,-0.0091924840004711,iShares U.S. Financial ETF,P,True,False,False,False,False,False,False,False,False,,False,,,3903197184.0,Other,unknown,435.0,True,,False,True,272.0,True,True,False,116.0,,0,0,False,Other,Other,Other,Other,Other
2026-09-16,SCHX,29.940000534057617,30.020000457763672,29.54010009765625,29.729999542236328,10400752.0,251,309214352.1989136,214026568.3513607,260882172.15067133,-0.0178394749706336,0.0087359033668834,0.1305846303822984,0.0,0.0243332721642638,0.1454636873846557,-0.0,0.000212573114227,0.0189953218511714,0.0067865351721576,0.0844137545268492,29.93679992675781,28.51410672505697,0.005843523823902,30.57999992370605,30.770000457763672,0.9662008157278094,0.2359952926635742,0.0079379514395317,29.54010009765625,29.54010009765625,29.54010009765625,-0.0063874688026919,Schwab U.S. Large-Cap ETF,P,True,False,False,False,False,False,False,False,False,,False,,,71641505792.0,Other,unknown,41.0,True,,False,True,88.0,True,True,False,117.0,,0,0,False,Other,Other,Other,Other,Other
2026-09-16,SPYG,119.75,120.19000244140624,118.2499008178711,119.0,1924354.0,251,228998126.0,212194299.15068516,266416225.8344223,-0.0157154797510254,0.0019974335872443,0.1631384519106706,0.0,0.003636236908208,0.1186855255382723,-0.0,7.2631417316324065e-06,0.0193621729005181,0.0067814815573069,0.0077826759555533,119.58260025024414,113.2844676208496,0.0056902093704735,122.6999969482422,124.04000091552734,0.959367938742925,1.2605056762695312,0.0105924846745338,118.2499008178711,118.2499008178711,118.2499008178711,-0.0063033544716715,State Street SPDR Portfolio S&P 500 Growth ETF,P,True,False,False,False,False,False,False,False,False,,False,,,52988604416.0,Factor / Style,unknown,53.0,True,,False,True,86.0,True,True,False,118.0,,0,0,False,Factor / Style,Factor / Style,Factor / Style,Factor / Style,Factor / Style
2026-09-16,VOOG,83.0999984741211,83.44000244140625,82.08989715576172,82.62999725341797,997049.0,251,82386156.13152313,81713481.6714367,103872808.72313131,-0.015840898589298,0.0025510695256467,0.1629639945949799,0.0,0.004632595458715,0.1186722761316836,-0.0,1.181807309937752e-05,0.0193393081660976,0.0067764396056487,0.0127904792452733,83.03059967041015,78.65834559122722,0.0056752421541959,85.18000030517578,86.13999938964844,0.9592523547585228,0.8755058288574219,0.010595496284144,82.08989715576172,82.08989715576172,82.08989715576172,-0.0065363683360634,Vanguard S&P 500 Growth ETF,P,True,False,False,False,False,False,False,False,False,,False,,,26322757632.0,Factor / Style,unknown,104.0,True,,False,True,176.0,True,True,False,119.0,,0,0,False,Factor / Style,Factor / Style,Factor / Style,Factor / Style,Factor / Style
2026-09-16,VOO,698.1699829101562,700.0999755859375,689.0399780273438,693.239990234375,14133640.0,251,9798004455.576172,5700474680.001404,5203750414.6988735,-0.0172384941293249,0.0079866525263909,0.130595970483178,0.0,0.0219951411937803,0.1452434555112929,-0.0,0.0001756675499836,0.0189682100288275,0.006753057417579,0.0763547975233419,697.8430029296875,664.9828682454427,0.0059708059461029,712.6699829101562,716.3900146484375,0.96768516598403,5.428997802734375,0.0078313396215052,689.0399780273438,689.0399780273438,689.0399780273438,-0.0060585255700716,Vanguard S&P 500 ETF,P,True,False,False,False,False,False,False,False,False,,False,,,1670882131968.0,US Equity,unknown,2.0,True,,False,True,6.0,True,True,False,120.0,,0,0,False,US Equity,US Equity,US Equity,US Equity,US Equity
2026-09-16,IVW,138.10000610351562,138.66000366210938,136.4290008544922,137.33999633789062,1638644.0,251,225051360.95910645,186369272.74255067,216035034.09039116,-0.0158418307738685,0.0020936529194406,0.1626161748932029,0.0,0.0038014097458806,0.1184604873416524,-0.0,7.958832612453132e-06,0.0192635913274842,0.0067474302058175,0.0087478048897075,137.9954769897461,130.7624094136556,0.0056051759350574,141.58886581291793,143.12743385191467,0.9595644429703676,1.4428694006062386,0.0105058208757805,136.4290008544922,136.4290008544922,136.4290008544922,-0.0066331404375252,iShares S&P 500 Growth ETF,P,True,False,False,False,False,False,False,False,False,,False,,,74972356608.0,Factor / Style,unknown,39.0,True,,False,True,107.0,True,True,False,121.0,,0,0,False,Factor / Style,Factor / Style,Factor / Style,Factor / Style,Factor / Style
2026-09-16,SPYM,89.16999816894531,89.41000366210938,88.00499725341797,88.52999877929688,13068742.0,251,1156975713.3069458,1242831391.0663102,1040419585.4840436,-0.017402948061112,0.0076946130066879,0.1306083173021459,0.0,0.0210868440987179,0.1451578670150373,-0.0,0.0001622551048719,0.0189588247540027,0.0067410544820677,0.0702939157933915,89.12434234619141,84.92473561604818,0.0060154885746324,91.02547602392752,91.4942229726344,0.9676020616708872,0.6953282848868916,0.0078541544614761,88.00499725341797,88.00499725341797,88.00499725341797,-0.0059302104723588,State Street SPDR Portfolio S&P 500 ETF,P,True,False,False,False,False,False,False,False,False,,False,,,153918701568.0,US Equity,unknown,17.0,True,,False,True,29.0,True,True,False,122.0,,0,0,False,US Equity,US Equity,US Equity,US Equity,US Equity
2026-09-16,XT,81.5,81.81999969482422,80.625,81.04280090332031,54852.0,251,4445359.715148926,5027080.712731933,6268165.036541651,-0.0139579207203915,-0.0046571710426696,0.1609854303593472,0.0,0.0,0.1195271294774379,-0.0,-0.0,0.0192421263785427,0.0067347442324899,-0.0,81.4941960144043,77.38440821329753,-0.0002017397878159,83.55999755859375,83.88999938964844,0.9660603348784926,0.8591503143310547,0.0106011922682185,80.48999786376953,80.48999786376953,80.48999786376953,-0.0068211245587408,iShares Future Exponential Technologies ETF,Q,True,False,False,False,False,False,False,False,False,,False,,,3962071552.0,Other,unknown,429.0,True,,False,True,462.0,True,True,False,123.0,,0,0,False,Other,Other,Other,Other,Other
2026-09-16,IVV,760.9199829101562,763.010009765625,751.02001953125,755.6300048828125,15584531.0,251,11776139235.626345,6565621603.271795,5245711924.531581,-0.0170771956442603,0.0077176804680862,0.1307447882178332,0.0,0.0210361038247037,0.1443628294344898,-0.0,0.0001623499276125,0.0188746875609395,0.006711668099277,0.0711034880712929,760.5610864257812,724.7276139322917,0.0060953798125922,776.7751326955769,780.8334052330835,0.9677224358213165,5.94208889341129,0.0078637545558197,751.02001953125,751.02001953125,751.02001953125,-0.0061008500480038,iShares Core S&P 500 ETF,P,True,False,False,False,False,False,False,False,False,,False,,,888128929792.0,US Equity,unknown,3.0,True,,False,True,5.0,True,True,False,124.0,,0,0,False,US Equity,US Equity,US Equity,US Equity,US Equity
2026-09-16,AIA,138.88999938964844,139.14999389648438,136.3000030517578,137.17999267578125,241861.0,251,33178490.20855713,57693441.86989441,62249211.588083416,0.0145698237119606,-0.0341477585383362,0.2249379320342917,0.0726129351756394,0.0,0.0851704600166848,0.001057957664717,-0.0,0.0191580671465624,0.0067053235012968,-0.0,136.5090005493164,128.2920130411784,0.0025867191274127,144.77999877929688,150.82000732421875,0.9095609734382556,2.3099998474121093,0.0168391891729553,136.3000030517578,135.2100067138672,135.2100067138672,-0.0143605924121168,iShares Asia 50 ETF,Q,True,False,False,False,False,False,False,False,False,,False,,,5221864448.0,Country / Region,unknown,368.0,True,,False,True,247.0,True,True,False,125.0,,0,0,False,Country / Region,Country / Region,Country / Region,Country / Region,Country / Region
2026-09-16,DFAU,52.41999816894531,52.540000915527344,51.70000076293945,52.02999877929688,647466.0,251,33687655.18963623,26992937.66382828,30006864.444341023,-0.0210724875715515,0.0058097861387516,0.1293537454676732,0.0,0.0165979369714916,0.1460304160004157,-0.0,9.643046414884516e-05,0.0188895812618562,0.0066740332433464,0.0326539465542256,52.544499740600585,50.03500500996908,0.0054304634338455,53.56999969482422,53.95000076293945,0.964411455857448,0.4010000228881836,0.0077070926829954,51.70000076293945,51.70000076293945,51.70000076293945,-0.0063424567384139,Dimensional US Core Equity Market ETF,P,True,False,False,False,False,False,False,False,False,,False,,,12301299712.0,Other,unknown,202.0,True,,False,True,347.0,True,True,False,126.0,,0,0,False,Other,Other,Other,Other,Other
2026-09-16,DFAT,70.11000061035156,70.2300033569336,68.70999908447266,69.37000274658203,306490.0,251,21261212.141799927,19808998.959026337,21652443.887274604,-0.0318213360885047,0.0089221574028928,0.1315840352012662,0.0,0.024496905097685,0.1416629290261422,-0.0,0.0002185652431652,0.0186405798396903,0.006666270351949,0.025599556225786,70.96980026245117,67.36526870727539,0.0031180539373987,72.45500183105469,72.80999755859375,0.9527538122873388,0.7466503143310547,0.0107633023608009,68.70999908447266,68.70999908447266,68.70999908447266,-0.0095142516358325,Dimensional U.S. Targeted Value ETF,P,True,False,False,False,False,False,False,False,False,,False,,,14320157696.0,Factor / Style,unknown,179.0,True,,False,True,389.0,True,True,False,127.0,,0,0,False,Factor / Style,Factor / Style,Factor / Style,Factor / Style,Factor / Style
2026-09-16,EAGL,34.95000076293945,34.68000030517578,34.22999954223633,34.400001525878906,273684.0,251,9414730.017608644,7105878.554618073,9069395.288051788,-0.0092165807480849,0.0532762304530345,0.0983397784503705,0.0,0.0981389084321433,0.0946528441843008,-0.0,0.0052284711020401,0.0093081397267815,0.0066563551206996,0.4046873436156409,34.53089996337891,32.82336663564046,0.0181511038134718,36.43000030517578,36.43000030517578,0.9442767290065472,0.4222997665405273,0.0122761554595523,34.22999954223633,34.22999954223633,34.22999954223633,-0.0049419179099363,Eagle Capital Select Equity ETF,P,True,False,False,False,False,False,False,False,False,,False,,,4262146816.0,Other,unknown,409.0,True,,False,True,456.0,True,True,False,128.0,,0,0,False,Other,Other,Other,Other,Other
2026-09-16,KRE,73.93000030517578,74.16999816894531,71.58000183105469,72.73999786376953,25915255.0,251,1885075593.339043,984570670.5020276,976893268.480638,-0.0534808157704204,0.0093172202687545,0.1598158634902364,0.0,0.0165732040297523,0.1171918779563261,-0.0,0.0001544161925042,0.0187291211696326,0.0066555629344991,0.0199790118627167,75.4243995666504,70.86131568908691,-0.0020402598435397,77.1500015258789,78.3499984741211,0.928398203961618,1.2485008239746094,0.0171638831542565,71.58000183105469,71.58000183105469,71.58000183105469,-0.0159471551660934,State Street SPDR S&P Regional Banking ETF,P,True,False,False,False,False,False,False,False,False,,False,,,4740203520.0,Other,unknown,387.0,True,,False,True,30.0,True,True,False,129.0,,0,0,False,Other,Other,Other,Other,Other
2026-09-16,SPY,759.5,761.6500244140625,749.5999755859375,754.0499877929688,58959690.0,251,44458553524.77722,30070782294.270782,35133959917.13213,-0.0174604524085245,0.0075467601949401,0.130096286852164,0.0,0.020410575994364,0.1434036425718438,-0.0,0.00015403372247,0.0186562814196717,0.0066298204164906,0.0686438208105633,759.1873999023437,723.5380668131511,0.0059336738340232,775.2999877929688,779.3699951171875,0.9675122118084472,5.940499877929687,0.0078781247584353,749.5999755859375,749.5999755859375,749.5999755859375,-0.0059014817042249,State Street SPDR S&P 500 ETF Trust,P,True,False,False,False,False,False,False,False,False,,False,,,781188857856.0,US Equity,unknown,4.0,True,,False,True,1.0,True,True,False,130.0,,0,0,False,US Equity,US Equity,US Equity,US Equity,US Equity
2026-09-16,SCHK,36.56999969482422,36.685001373291016,36.09989929199219,36.310001373291016,1576215.0,251,57232368.8146019,66473279.037005424,40583330.792068906,-0.0197084104803655,0.0062292781570487,0.1309911901391915,0.0,0.0170897684125534,0.1426768779787038,-0.0,0.0001064569210813,0.0186894140517746,0.0066104919168239,0.0425453426645087,36.6110001373291,34.86288017272949,0.005494501545562,37.380001068115234,37.619998931884766,0.9651781606648728,0.2861547470092773,0.0078808795424548,36.09989929199219,36.09989929199219,36.09989929199219,-0.0057863418714541,Schwab 1000 Index ETF,P,True,False,False,False,False,False,False,False,False,,False,,,5700246528.0,Other,unknown,358.0,True,,False,True,306.0,True,True,False,131.0,,0,0,False,Other,Other,Other,Other,Other
2026-09-16,DFUS,82.83999633789062,83.05000305175781,81.7249984741211,82.22000122070312,627052.0,251,51556216.205444336,47048758.91940308,54191389.14797102,-0.0199069994170411,0.0052528691254556,0.1323421186792939,0.0,0.014065264244786,0.1416724650415919,-0.0,7.388299229281151e-05,0.0187492341821224,0.0066102559087331,0.0311691282012828,82.93480010986327,78.9564633178711,0.0049608953200503,84.58000183105469,85.2699966430664,0.9642313176681556,0.64320068359375,0.0078229223308718,81.7249984741211,81.7249984741211,81.7249984741211,-0.0060204663005695,Dimensional U.S. Equity Market ETF,P,True,False,False,False,False,False,False,False,False,,False,,,21026164736.0,US Equity,unknown,129.0,True,,False,True,270.0,True,True,False,132.0,,0,0,False,US Equity,US Equity,US Equity,US Equity,US Equity
2026-09-16,QQQM,291.510009765625,293.0799865722656,288.2300109863281,290.20001220703125,2268039.0,251,658184945.486023,754485546.7112519,908555640.8917556,-0.0177695034120396,-0.0333516105835647,0.1709963797317684,0.0,0.0,0.1102538489260927,-0.0,-0.0,0.0188530090178551,0.0065985531562493,-0.0,292.29520141601563,277.94349487304686,-0.0015173899625817,298.1600036621094,307.85374142464434,0.9426554664045416,3.3097015380859376,0.0114048979974706,288.2300109863281,288.2300109863281,288.2300109863281,-0.0067884256989545,Invesco NASDAQ 100 ETF,Q,True,False,False,False,False,False,False,False,False,,False,,,101307228160.0,US Equity,unknown,26.0,True,,False,True,32.0,True,True,False,133.0,,0,0,False,US Equity,US Equity,US Equity,US Equity,US Equity
2026-09-16,BSCQ,19.559999465942383,19.56999969482422,19.53249931335449,19.55500030517578,676544.0,251,13229818.126464844,20106858.33948021,18413613.943302456,0.0029217661601019,0.0093075276235548,0.0192217016653279,0.448913337541708,0.5155771988853564,0.5167199813999728,0.0013116197984478,0.0047987490207004,0.0099322373269841,0.0065954699278997,0.9108085303313066,19.486843338012694,19.339128761291505,0.0015111482176584,19.56999969482422,19.56999969482422,0.999233551871112,0.0167170103460719,0.0008548713927479,19.520000457763672,19.49803087329476,19.49803087329476,-0.0029132923033474,Invesco BulletShares 2026 Corporate Bond ETF,Q,True,False,False,False,False,False,False,False,False,,False,,,3705947392.0,Bond,unknown,448.0,True,,False,True,408.0,True,True,False,134.0,,0,0,False,Bond,Bond,Bond,Bond,Bond
2026-09-16,IUSG,188.4499969482422,189.1499938964844,186.1699981689453,187.2899932861328,424130.0,251,79435304.85244751,92009445.23026276,91032718.08798896,-0.0182006911336931,-0.0004610787108265,0.1591655415844732,0.0,0.0,0.118157203572911,-0.0,-0.0,0.0188065552987892,0.0065822943545762,-0.0,188.5186611938477,178.7770677693685,0.0050172382894591,193.2687399338212,195.38599260453847,0.9585640750880644,1.9197853180146,0.0102503357725131,186.1699981689453,186.1699981689453,186.1699981689453,-0.0059800051115193,iShares Core S&P U.S. Growth ETF,Q,True,False,False,False,False,False,False,False,False,,False,,,32221673472.0,Factor / Style,unknown,92.0,True,,False,True,192.0,True,True,False,135.0,,0,0,False,Factor / Style,Factor / Style,Factor / Style,Factor / Style,Factor / Style
2026-09-16,EFAV,93.94000244140624,94.15499877929688,93.0000991821289,93.3499984741211,427445.0,251,39901990.09777069,35876055.19595909,44886782.76368338,0.0031162789935035,0.0538495884450764,0.0362001894459869,0.0308839934772381,0.1692086682185258,0.0516513207182387,9.624314010861736e-05,0.0091118171449071,0.0018697875951356,0.0065771068024871,0.7937226896762609,92.79080017089844,90.63848907470702,0.0133739329619397,95.33999633789062,95.33999633789062,0.9791273553575892,0.7207454681396485,0.0077208942680321,93.0000991821289,93.0000991821289,93.0000991821289,-0.003748251716246,iShares MSCI EAFE Min Vol Factor ETF,Z,True,False,False,False,False,False,False,False,False,,False,,,5082040320.0,Country / Region,unknown,375.0,True,,False,True,293.0,True,True,False,136.0,,0,0,False,Country / Region,Country / Region,Country / Region,Country / Region,Country / Region
2026-09-16,MTUM,301.7300109863281,303.5299987792969,297.47100830078125,299.8299865722656,620493.0,251,186042407.8581848,257723271.79595488,469880029.95096695,-0.0364822132991894,-0.0785632088504488,0.2116439717381746,0.0,0.0,0.0885830721694061,-0.0,-0.0,0.0187480732227024,0.0065618256279458,-0.0,306.023998413086,289.4232026163737,-0.016112400321155,312.9590353977415,344.89467183233825,0.8693378328500834,5.247748606686201,0.0175024141737116,292.7397924902902,292.7397924902902,292.7397924902902,-0.0236473815145454,iShares MSCI USA Momentum Factor ETF,Z,True,False,False,False,False,False,False,False,False,,False,,,29047369728.0,Country / Region,unknown,96.0,True,,False,True,62.0,True,True,False,137.0,,0,0,False,Country / Region,Country / Region,Country / Region,Country / Region,Country / Region
2026-09-16,IWV,430.2200012207031,431.5700073242188,424.9500122070313,427.4299926757813,107056.0,251,45758945.29589844,54629072.42989502,73739836.8314984,-0.0198400493340193,0.0066688271984938,0.1291545287751672,0.0,0.0185132310192243,0.1428370436639305,-0.0,0.000123461538553,0.0184480510660529,0.0065370678731779,0.0464593090871228,431.1069989013672,410.7464129638672,0.0051113552196726,439.9429707704605,442.8861831216825,0.9651012132802196,3.3135813599065527,0.0077523370298911,424.9500122070313,424.9500122070313,424.9500122070313,-0.0058020740501266,iShares Russell 3000 Fund,P,True,False,False,False,False,False,False,False,False,,False,,,19473276928.0,US Equity,unknown,138.0,True,,False,True,218.0,True,True,False,138.0,,0,0,False,US Equity,US Equity,US Equity,US Equity,US Equity
2026-09-16,QQQ,708.0599975585938,711.8499755859375,700.0,704.719970703125,35375543.0,251,24929851626.56714,21762290601.65245,26609222288.12951,-0.0178255897317416,-0.0333838737355586,0.1708474684895955,0.0,0.0,0.1091264204591457,-0.0,-0.0,0.0186439726807762,0.0065253904382716,-0.0,709.8781982421875,675.0880777994792,-0.0015505378667737,724.1300048828125,747.828194840854,0.9423554441579954,8.096002197265625,0.0114882542482625,700.0,700.0,700.0,-0.0066976542447289,"Invesco QQQ Trust, Series 1",Q,True,False,False,False,False,False,False,False,False,,False,,,490103177216.0,Other,unknown,6.0,True,,False,True,2.0,True,True,False,139.0,,0,0,False,Other,Other,Other,Other,Other
2026-09-16,VONE,343.7300109863281,344.510009765625,339.2799987792969,341.1499938964844,74398.0,251,25380877.245910645,26942003.5917572,30335883.330472432,-0.0185840215393832,0.0079930323812309,0.1281544021402916,0.0,0.0218685302760876,0.1427178786630605,-0.0,0.0001747958706266,0.0182899244147952,0.0065150908610856,0.0668991775260226,343.67919921875,327.5067954508464,0.0056368233170696,350.9200134277344,353.239990234375,0.9657739874529244,2.6324981689453124,0.0077165417442278,339.2799987792969,339.2799987792969,339.2799987792969,-0.0054814455536965,Vanguard Russell 1000 ETF,Q,True,False,False,False,False,False,False,False,False,,False,,,11460844544.0,US Equity,unknown,215.0,True,,False,True,344.0,True,True,False,140.0,,0,0,False,US Equity,US Equity,US Equity,US Equity,US Equity
2026-09-16,ONEQ,102.9000015258789,103.40499877929688,101.75,102.47000122070312,264526.0,251,27105979.542907715,19414827.03996582,27503637.478704058,-0.0107163602117138,-0.0140936486200303,0.1608204511236606,0.0,0.0,0.1155878423322811,-0.0,-0.0,0.018588888948288,0.0065061111319008,-0.0,102.65139999389648,97.95331573486328,0.00409850587439,105.1999969482422,106.92064958960168,0.958374286108608,1.1072490692138672,0.0108055924272806,101.75,101.75,101.75,-0.0070264585939875,Fidelity Nasdaq Composite Index ETF,Q,True,False,False,False,False,False,False,False,False,,False,,,10687616000.0,Other,unknown,233.0,True,,False,True,364.0,True,True,False,141.0,,0,0,False,Other,Other,Other,Other,Other
2026-09-16,SCHB,29.26000022888184,29.36000061035156,28.8799991607666,29.06999969482422,7733739.0,251,224819790.36985016,169817809.4607094,200516504.2827705,-0.0205525809999802,0.0050605658865368,0.1301840649113934,0.0,0.0138713052330646,0.1415081731901565,-0.0,7.019665406418659e-05,0.01842210920408,0.0064933660465697,0.0295497074753956,29.334599952697754,27.939884885152185,0.0049709650171134,29.93000030517578,30.149999618530277,0.9641791065548708,0.2309999465942382,0.0079463346755853,28.8799991607666,28.8799991607666,28.8799991607666,-0.0065359661524676,Schwab U.S. Broad Market ETF,P,True,False,False,False,False,False,False,False,False,,False,,,43229065216.0,Other,unknown,72.0,True,,False,True,112.0,True,True,False,142.0,,0,0,False,Other,Other,Other,Other,Other
2026-09-16,IMCG,93.8000030517578,94.31999969482422,92.45999908447266,93.25,123456.0,251,11512272.0,15408323.37722168,11989514.670572916,-0.0502748558119114,-0.0270336191622043,0.1546330513869667,0.0,0.0,0.1199505272527698,-0.0,-0.0,0.0185483160445713,0.0064919106155999,-0.0,96.57485168457032,90.35212275187176,-0.0042830183151572,98.88493031975511,100.59155642235018,0.9270161762730318,1.0079815956454845,0.0108094541087987,92.45999908447266,92.45999908447266,92.45999908447266,-0.0084718596839393,iShares Morningstar Mid-Cap Growth ETF,P,True,False,False,False,False,False,False,False,False,,False,,,4006894848.0,Factor / Style,unknown,422.0,True,,False,True,442.0,True,True,False,143.0,,0,0,False,Factor / Style,Factor / Style,Factor / Style,Factor / Style,Factor / Style
2026-09-16,ITOT,165.52999877929688,166.07000732421875,163.41000366210938,164.3800048828125,1368793.0,251,225002200.0235596,257423430.84155577,267238892.1838292,-0.02079954101376,0.0048086730161109,0.1304077011380877,0.0,0.0130747282026363,0.1412112423777803,-0.0,6.287209270100272e-05,0.0184150334933396,0.0064861285829245,0.0261478486657323,165.92816040039062,158.03105590820311,0.0049163911864471,169.3077395339269,170.56430224570445,0.9637421354793032,1.2978190284015922,0.0078952365850506,163.41000366210938,163.41000366210938,163.41000366210938,-0.0059009684383124,iShares Core S&P Total U.S. Stock Market ETF,P,True,False,False,False,False,False,False,False,False,,False,,,94139031552.0,Other,unknown,33.0,True,,False,True,85.0,True,True,False,144.0,,0,0,False,Other,Other,Other,Other,Other
2026-09-16,SPTM,91.98999786376952,92.21499633789062,90.76499938964844,91.31999969482422,549499.0,251,50180248.51230621,46062937.11372566,43051784.62844183,-0.0198561608938371,0.0050688001558467,0.1280432063488235,0.0,0.0141645120136133,0.1436433463111125,-0.0,7.179708070209658e-05,0.0183925546323492,0.0064840622237786,0.0309234433970667,92.13099975585938,87.8325163269043,0.005195579487446,93.9800033569336,94.62000274658205,0.9651236212643524,0.7004993438720704,0.0076708206987847,90.76499938964844,90.76499938964844,90.76499938964844,-0.0060775329284986,State Street SPDR Portfolio S&P 1500 Composite Stock Market ETF,P,True,False,False,False,False,False,False,False,False,,False,,,13582209024.0,Other,unknown,190.0,True,,False,True,297.0,True,True,False,145.0,,0,0,False,Other,Other,Other,Other,Other
2026-09-16,SLYV,106.8499984741211,107.23999786376952,105.01000213623048,105.94000244140624,307101.0,251,32534280.6897583,20220601.74200745,20379256.21877616,-0.0383951692642526,-0.0065571471702217,0.1390387061432829,0.0,0.0,0.1331431875059895,-0.0,-0.0,0.0185120565226253,0.0064792197829188,-0.0,109.16379974365236,103.3060617574056,-0.0003827635843213,111.5199966430664,112.4000015258789,0.9425266993169452,1.1055007934570311,0.0104351592220178,105.01000213623048,105.01000213623048,105.01000213623048,-0.008778556576777,State Street SPDR S&P 600 Small Cap Value ETF,P,True,False,False,False,False,False,False,False,False,,False,,,4830834688.0,Factor / Style,unknown,384.0,True,,False,True,396.0,True,True,False,146.0,,0,0,False,Factor / Style,Factor / Style,Factor / Style,Factor / Style,Factor / Style
2026-09-16,VTI,373.7900085449219,374.9750061035156,368.9299926757813,371.260009765625,3345329.0,251,1241986877.2092285,1103043787.9185364,1168638180.9140122,-0.020525534518541,0.0052864634506506,0.1298497350546539,0.0,0.0144316296638184,0.1414174404522823,-0.0,7.629228275110176e-05,0.0183630171748361,0.0064766459949808,0.0308329069523622,374.6531994628906,356.84064595540366,0.0049430091113877,382.25,385.1199951171875,0.9640112548626694,2.9372482299804688,0.0079115664297771,368.9299926757813,368.9299926757813,368.9299926757813,-0.0062759710945293,Vanguard Morningstar Total Stock Market ETF,P,True,False,False,False,False,False,False,False,False,,False,,,2297940410368.0,US Equity,unknown,1.0,True,,False,True,27.0,True,True,False,147.0,,0,0,False,US Equity,US Equity,US Equity,US Equity,US Equity
2026-09-16,IVLU,44.34000015258789,44.38999938964844,43.6349983215332,43.88999938964844,986724.0,251,43307315.757751465,35787704.255924225,34461080.2873339,0.000227856000224,0.0305235790655791,0.1227236316076927,0.0021138102538749,0.0742856868821687,0.1163409500943704,4.816443496804607e-07,0.0022674650369887,0.0142777839002704,0.0064710766391373,0.2967507684146626,43.64279983520508,41.82648358662923,0.0116034838941081,45.09000015258789,45.09000015258789,0.9733865433826,0.3890996932983398,0.0088653383164573,43.6349983215332,43.6349983215332,43.6349983215332,-0.0058100039111729,iShares MSCI Intl Value Factor ETF,P,True,False,False,False,False,False,False,False,False,,False,,,4248612352.0,Country / Region,unknown,410.0,True,,False,True,329.0,True,True,False,148.0,,0,0,False,Country / Region,Country / Region,Country / Region,Country / Region,Country / Region
2026-09-16,GSLC,144.91000366210938,145.27000427246094,143.05999755859375,143.91000366210938,171381.0,251,24663440.337615967,26940210.76787262,41879973.50729467,-0.0196866439343975,0.0122519448847622,0.1223368364984152,0.0,0.0359499302907758,0.1443384976933848,-0.0,0.0004404565645336,0.0176579151927424,0.0064665670844067,0.1365485992765677,144.94109924316408,138.2611113993327,0.0065326191558872,147.9550018310547,148.93499755859375,0.9662604896172408,1.0938522338867187,0.0076009464668975,143.05999755859375,143.05999755859375,143.05999755859375,-0.0059065115828318,Goldman Sachs ActiveBeta U.S. Large Cap Equity ETF,P,True,False,False,False,False,False,False,False,False,,False,,,15385732096.0,Factor / Style,unknown,166.0,True,,False,True,302.0,True,True,False,149.0,,0,0,False,Factor / Style,Factor / Style,Factor / Style,Factor / Style,Factor / Style
2026-09-16,VTHR,334.9800109863281,335.8999938964844,331.3999938964844,332.55010986328125,48933.0,251,16272674.52593994,6342918.836312866,7913528.977780296,-0.0198357962161909,0.0067130202327385,0.1293506861760225,0.0,0.0180880225348522,0.1402947070908631,-0.0,0.0001214252612466,0.0181472166290672,0.0064304522399838,0.0460350339663241,335.4650018310547,319.5666821289062,0.0050801632307249,342.2699890136719,344.5599975585937,0.965144277396072,2.5745025634765626,0.0077416981294488,331.3999938964844,331.3999938964844,331.3999938964844,-0.0034584741748234,Vanguard Russell 3000 ETF,Q,True,False,False,False,False,False,False,False,False,,False,,,6104798208.0,US Equity,unknown,346.0,True,,False,True,460.0,True,True,False,150.0,,0,0,False,US Equity,US Equity,US Equity,US Equity,US Equity
2026-09-16,IJS,133.38999938964844,133.9499969482422,131.09129333496094,132.22999572753906,131932.0,251,17445367.796325684,34959013.17398071,35844827.25876097,-0.0386783901609086,-0.0060826766438131,0.1389903893609367,0.0,0.0,0.1319686780207406,-0.0,-0.0,0.0183423779415508,0.0064198322795427,-0.0,136.26978057861328,128.96019337972004,-0.0004121595458438,139.24308252331048,140.58739406345907,0.9405537147082504,1.4147349270657543,0.0106990469089995,131.09129333496094,131.09129333496094,131.09129333496094,-0.0086115286196063,iShares S&P SmallCap 600 Value ETF,P,True,False,False,False,False,False,False,False,False,,False,,,8017806848.0,Factor / Style,unknown,287.0,True,,False,True,323.0,True,True,False,151.0,,0,0,False,Factor / Style,Factor / Style,Factor / Style,Factor / Style,Factor / Style
2026-09-16,IWB,414.3900146484375,415.4599914550781,408.8258972167969,411.3999938964844,689055.0,251,283477222.79434204,180165005.3943253,218275181.13656425,-0.0184993054160077,0.007739273279772,0.1276053187535775,0.0,0.0211124914656836,0.1409433251045839,-0.0,0.0001633953410697,0.0179851179261595,0.0064009982458511,0.0641444809909537,414.5232330322266,395.1379809570312,0.0055313138841028,423.2441037982161,425.8877342363637,0.9659822550046986,3.2361635507751827,0.0078662216791122,408.8258972167969,408.8258972167969,408.8258972167969,-0.0062569195864771,iShares Russell 1000 ETF,P,True,False,False,False,False,False,False,False,False,,False,,,48330235904.0,US Equity,unknown,59.0,True,,False,True,106.0,True,True,False,152.0,,0,0,False,US Equity,US Equity,US Equity,US Equity,US Equity
2026-09-16,FV,71.58000183105469,72.1449966430664,71.0864028930664,71.581298828125,46685.0,251,3341772.935791016,5559120.679260254,4831811.9009036105,-0.0197027921265731,-0.010133511592151,0.1600633377521552,0.0,0.0,0.1131733854792764,-0.0,-0.0,0.0181149098245242,0.0063402184385834,-0.0,72.03454574584961,68.69711680094402,-0.0029392983135474,74.62000274658203,76.08000183105469,0.9408687842447792,0.8313793182373047,0.0116144765720658,71.0864028930664,71.0864028930664,71.0864028930664,-0.0069137602021849,First Trust Dorsey Wright Focus 5 ETF,Q,True,False,False,False,False,False,False,False,False,,False,,,3943691776.0,Other,unknown,431.0,True,,False,True,466.0,False,False,False,153.0,,0,0,False,Other,Other,Other,Other,Other
2026-09-16,OMFL,69.63999938964844,69.76000213623047,68.80999755859375,69.13999938964844,109231.0,251,7552231.273330688,7785333.892882538,8117387.247474065,-0.0224799079856015,0.0066769152600401,0.1188511029593326,0.0,0.02098880320138,0.1495481494415794,-0.0,0.0001401404603852,0.0177739625066588,0.006311978176581,0.0363698272269414,69.90040023803711,66.47054517110189,0.0050294333797069,71.41000366210938,71.51000213623047,0.966857744710075,0.5213008880615234,0.0075397872817969,68.80999755859375,68.80999755859375,68.80999755859375,-0.0047729510264371,Invesco Russell 1000 Dynamic Multifactor ETF,Z,True,False,False,False,False,False,False,False,False,,False,,,4719748608.0,Factor / Style,unknown,388.0,True,,False,True,457.0,True,True,False,154.0,,0,0,False,Factor / Style,Factor / Style,Factor / Style,Factor / Style,Factor / Style
2026-09-16,EWJ,97.62999725341795,98.37000274658205,96.2300033569336,97.01000213623048,2873804.0,251,278787732.17910767,357016416.1226196,406331665.4325794,0.0171961763910843,0.0307054749820796,0.1464161734065929,0.1242424067277403,0.0496990619318132,0.1032264166750678,0.002136494341343,0.0015260333027801,0.0151140169240379,0.0062818275702203,0.3688563010776308,94.77720016479492,91.13927993774412,0.0087552934828996,98.76000213623048,98.79000091552734,0.9819819945055076,1.1839996337890626,0.0122049232833371,95.08000183105467,94.0500030517578,94.0500030517578,-0.0305123082083428,iShares MSCI Japan Index Fund,P,True,False,False,False,False,False,False,False,False,,False,,,22312462336.0,Country / Region,unknown,123.0,True,,False,True,71.0,True,True,False,155.0,,0,0,False,Country / Region,Country / Region,Country / Region,Country / Region,Country / Region
2026-09-16,DXJ,178.5800018310547,179.39999389648438,177.02000427246094,178.2899932861328,160570.0,251,28628024.221954346,51663155.272605896,54814226.606389605,0.0033766156591978,0.0292713581893639,0.1338240639732084,0.0258840133419084,0.05274774257085,0.1114210136257552,8.74003647731752e-05,0.0015439980664717,0.0149108128554127,0.006222383242601,0.3777224363979646,176.98500061035156,169.00923482259114,0.0032092242811398,181.4900054931641,183.1100006103516,0.9736769848279588,2.048500823974609,0.0114897128336699,172.92999267578125,172.92999267578125,172.92999267578125,-0.0300633844421623,WisdomTree Japan Hedged Equity Fund,P,True,False,False,False,False,False,False,False,False,,False,,,7079662592.0,Country / Region,unknown,307.0,True,,False,True,267.0,True,True,False,156.0,,0,0,False,Country / Region,Country / Region,Country / Region,Country / Region,Country / Region
2026-09-16,MAGS,69.9800033569336,70.19999694824219,69.11000061035156,69.5199966430664,2891388.0,251,201009284.0538025,200918249.1324997,279941076.1296893,0.0416541634444076,0.046672667262591,0.1372484120457067,0.267307339617797,0.0641025519669834,0.0871687679204038,0.0111344636143295,0.0029918370786379,0.0119637749770561,0.0061320153430843,1.554200575677294,67.5565998840332,65.30100006103515,0.0167173861722591,70.80000305175781,71.16000366210938,0.9769532471241816,0.9510501861572266,0.0136802392416697,68.19000244140625,66.69999694824219,66.69999694824219,-0.0405638640821981,Roundhill Magnificent Seven ETF,Z,True,False,False,False,False,False,False,False,False,,False,,,3602203392.0,Other,unknown,455.0,True,,False,True,83.0,True,True,False,157.0,,0,0,False,Other,Other,Other,Other,Other
2026-09-16,TSPA,47.900001525878906,48.0,47.23500061035156,47.54999923706055,381095.0,251,18121066.95924759,14918289.95242405,23847742.099905167,-0.014507787832942,0.0029529506454128,0.1297220020118472,0.0,0.0073145016472576,0.1337711165509496,-0.0,2.1599362360143225e-05,0.0173530570503493,0.0060876095531563,0.0138918908508772,47.89800003051758,45.749966634114585,0.0048629847337986,48.810001373291016,49.16999816894531,0.9670531016430276,0.3881994247436523,0.008164025887956,47.23500061035156,47.23500061035156,47.23500061035156,-0.006624576903536,T. Rowe Price U.S. Equity Research ETF,P,True,False,False,False,False,False,False,False,False,,False,,,4062119424.0,US Equity,unknown,419.0,True,,False,True,377.0,True,True,False,158.0,,0,0,False,US Equity,US Equity,US Equity,US Equity,US Equity
2026-09-16,EWY,179.6300048828125,180.19000244140625,173.9250030517578,175.5399932861328,10845757.0,251,1903864110.963028,2288481625.160197,3495250037.2286773,0.0322845641626012,-0.1474916703212371,0.305809736295239,0.0744607271982235,0.0,0.0567731382117946,0.0024039321248249,-0.0,0.017361778425202,0.0060766224488207,-0.0,173.4761996459961,165.77866653442382,-0.0113062792120889,193.92999267578125,220.88999938964844,0.794694163480355,5.657748413085938,0.032230537937094,173.9250030517578,171.25999450683594,171.25999450683594,-0.0243819012361496,iShares MSCI South Korea ETF,P,True,False,False,False,False,False,False,False,False,,False,,,24467890176.0,Country / Region,unknown,113.0,True,,False,True,9.0,True,True,False,159.0,,0,0,False,Country / Region,Country / Region,Country / Region,Country / Region,Country / Region
2026-09-16,IWS,165.4499969482422,165.7449951171875,162.7899932861328,163.91000366210938,324761.0,251,53231576.6993103,55369449.03363495,75750178.86971755,-0.0370174343494488,0.0048053277289261,0.1241625428036004,0.0,0.0128137717865548,0.1388831432714293,-0.0,6.15743728780639e-05,0.0172440842211374,0.0060754528197688,0.0056230699777044,168.07021240234374,158.70498321533202,0.0032760999371601,172.75167689545566,172.9011428950736,0.947998381720238,1.4824048133191154,0.0090440167177044,162.7899932861328,162.7899932861328,162.7899932861328,-0.0068330812699229,iShares Russell Mid-Cap Value ETF,P,True,False,False,False,False,False,False,False,False,,False,,,15646174208.0,Factor / Style,unknown,164.0,True,,False,True,213.0,True,True,False,160.0,,0,0,False,Factor / Style,Factor / Style,Factor / Style,Factor / Style,Factor / Style
2026-09-16,FLJP,41.560001373291016,41.88999938964844,41.025001525878906,41.33000183105469,688145.0,251,28441034.110031128,30452086.100566864,38287392.98855252,0.0172286671065038,0.0286368677764838,0.1399477247470777,0.1330800354201281,0.0496840328360746,0.1045940000226471,0.0022927916287751,0.0014227950789291,0.0146376923253652,0.0060480091151817,0.3933415872442568,40.40000030517578,38.96118588765462,0.0081270270298312,41.97499847412109,42.025001525878906,0.9834622327283856,0.4772497177124023,0.0115472948601179,40.5099983215332,40.14500045776367,40.14500045776367,-0.0286716990271368,Franklin FTSE Japan ETF,P,True,False,False,False,False,False,False,False,False,,False,,,3791726592.0,Country / Region,unknown,443.0,True,,False,True,312.0,True,True,False,161.0,,0,0,False,Country / Region,Country / Region,Country / Region,Country / Region,Country / Region
2026-09-16,FRDM,69.4000015258789,69.65499877929688,67.98999786376953,68.52999877929688,249546.0,251,17101387.075378418,17376799.62045441,19357112.67275056,0.0323892982048623,-0.0552339673695537,0.2125100262227401,0.1523742218535795,0.0,0.0812649433619546,0.0049352941103494,-0.0,0.0172696152448384,0.0060443653356934,-0.0,67.59759971618652,64.85802172342936,-0.0028819366855811,72.86000061035156,76.54803516994124,0.8952548373992377,1.2796493530273438,0.0186728349018142,67.80000305175781,67.02999877929688,67.02999877929688,-0.0218882245253031,Freedom 100 Emerging Markets ETF,Z,True,False,False,False,False,False,False,False,False,,False,,,3602242816.0,Country / Region,unknown,454.0,True,,False,True,400.0,True,True,False,162.0,,0,0,False,Country / Region,Country / Region,Country / Region,Country / Region,Country / Region
2026-09-16,FBCG,60.95000076293945,61.33000183105469,60.25,60.720001220703125,896356.0,251,54426737.41418457,36644628.45884399,37573040.119813226,-0.0181112375343015,-0.0219072256803839,0.1645569990696644,0.0,0.0,0.1046596814006963,-0.0,-0.0,0.0172224830948857,0.00602786908321,-0.0,61.30750007629395,58.39893341064453,0.0016337879556254,62.619998931884766,64.31999969482422,0.9440298742039518,0.7634504318237305,0.0125732940789767,60.25,60.25,60.25,-0.0077404679060327,Fidelity Blue Chip Growth ETF,Z,True,False,False,False,False,False,False,False,False,,False,,,6965341696.0,Factor / Style,unknown,312.0,True,,False,True,315.0,True,True,False,163.0,,0,0,False,Factor / Style,Factor / Style,Factor / Style,Factor / Style,Factor / Style
2026-09-16,USCA,45.130001068115234,45.150001525878906,44.78110122680664,44.78110122680664,3547.0,251,158838.56605148315,45269.317580986026,5131254.386203039,-0.0135017792368168,0.0163369248109956,0.1202787093740089,0.0,0.0417722051397845,0.1309674902670728,-0.0,0.0006824293745581,0.0157526006992765,0.0059569893382096,0.2417855457532451,44.97850212097168,42.9501244354248,0.0079134792168475,45.93299865722656,46.709999084472656,0.9587048191934728,0.2760446548461914,0.0061643114457611,44.78110122680664,44.78110122680664,44.78110122680664,0.0,Xtrackers MSCI USA Climate Action Equity ETF,P,True,False,False,False,False,False,False,False,False,,False,,,3158330624.0,Country / Region,unknown,491.0,True,,False,True,465.0,False,False,False,164.0,,0,0,False,Country / Region,Country / Region,Country / Region,Country / Region,Country / Region
2026-09-16,EMXC,98.18000030517578,98.4499969482422,96.4800033569336,97.13999938964844,1923753.0,251,186873365.24583435,163662723.87344438,220130892.7782818,0.0245754866686365,-0.04210634176376,0.2020667225828916,0.1148350222790426,0.0,0.0838694483412619,0.0028221265591111,-0.0,0.0169472245511539,0.0059315285929038,-0.0,95.96039993286132,91.85259872436524,-0.0006040527964996,102.41500091552734,107.12000274658205,0.9068334288550788,1.579899215698242,0.0162641468563422,96.4800033569336,95.68499755859376,95.68499755859376,-0.0149784006608686,iShares MSCI Emerging Markets ex China ETF,Q,True,False,False,False,False,False,False,False,False,,False,,,26057398272.0,Country / Region,unknown,106.0,True,,False,True,104.0,True,True,False,165.0,,0,0,False,Country / Region,Country / Region,Country / Region,Country / Region,Country / Region
2026-09-16,VUG,87.37000274658203,87.9000015258789,86.4833984375,87.05999755859375,6480153.0,251,564162104.359314,439163306.3674866,575280494.3276764,-0.0091054296175767,0.0042233935928079,0.1465060792473875,0.0,0.0078452059826336,0.1123822310219933,-0.0,3.313339268131394e-05,0.0164646800441063,0.00578417472068,0.0582369518338153,87.1263998413086,83.21455749511719,0.0067313821602708,89.56999969482422,90.4996337030468,0.9619928169462056,0.9638286590576172,0.0110708555718593,86.4833984375,86.4833984375,86.4833984375,-0.006623008698176,Vanguard Morningstar Growth ETF,P,True,False,False,False,False,False,False,False,False,,False,,,379207221248.0,Factor / Style,unknown,8.0,True,,False,True,49.0,True,True,False,166.0,,0,0,False,Factor / Style,Factor / Style,Factor / Style,Factor / Style,Factor / Style
2026-09-16,SPSM,54.77000045776367,55.06499862670898,53.96500015258789,54.43000030517578,1268792.0,251,69060348.94720459,98481962.20014878,100571994.85887896,-0.0522375062521047,-0.0183906364834844,0.1340307999263716,0.0,0.0,0.1219323852571419,-0.0,-0.0,0.0163426951329452,0.0057199432965308,-0.0,56.72479965209961,53.53399284362793,-0.0048664798263464,57.970001220703125,58.59999847412109,0.9288396198374158,0.5754997253417968,0.0105732081961254,53.96500015258789,53.96500015258789,53.96500015258789,-0.0085430856141971,State Street SPDR Portfolio S&P 600 Small Cap ETF,P,True,False,False,False,False,False,False,False,False,,False,,,16915987456.0,Factor / Style,unknown,154.0,True,,False,True,179.0,True,True,False,167.0,,0,0,False,Factor / Style,Factor / Style,Factor / Style,Factor / Style,Factor / Style
2026-09-16,IJR,140.1999969482422,141.10000610351562,138.26499938964844,139.4600067138672,5282395.0,251,736682842.1652985,412529265.1246986,474128079.5407359,-0.0523100254911378,-0.018620507856436,0.1337110695235788,0.0,0.0,0.121186529378745,-0.0,-0.0,0.0162039804550826,0.0056713931592789,-0.0,145.36074737548827,137.19662551879884,-0.0049042131346086,148.57272325809814,150.1470318717948,0.9288229342618448,1.482095376107948,0.0106273863814505,138.26499938964844,138.26499938964844,138.26499938964844,-0.0085688173432443,iShares Core S&P Small-Cap ETF,P,True,False,False,False,False,False,False,False,False,,False,,,111317172224.0,Other,unknown,25.0,True,,False,True,59.0,True,True,False,168.0,,0,0,False,Other,Other,Other,Other,Other
2026-09-16,VIOO,130.52999877929688,131.2100067138672,128.6699981689453,129.72999572753906,86654.0,251,11241623.04977417,11572730.757133484,11014467.633320644,-0.0519584975199449,-0.0194996740885897,0.133508075026048,0.0,0.0,0.1206379442530034,-0.0,-0.0,0.0161061397123181,0.0056371488993113,-0.0,135.23719970703124,127.64153299967448,-0.0048434293626477,138.22000122070312,139.6999969482422,0.9286327742412412,1.3455001831054687,0.0103715426456292,128.6699981689453,128.6699981689453,128.6699981689453,-0.0081707977607582,Vanguard S&P Small-Cap 600 ETF,P,True,False,False,False,False,False,False,False,False,,False,,,6406161408.0,Other,unknown,335.0,True,,False,True,448.0,True,True,False,169.0,,0,0,False,Other,Other,Other,Other,Other
2026-09-16,SMMD,87.80999755859375,87.98999786376953,86.16999816894531,87.05999755859375,313351.0,251,27280337.29498291,26751173.92354126,23455171.01308768,-0.0487825453429963,-0.0256494416353399,0.1365011058128327,0.0,0.0,0.1160909286190079,-0.0,-0.0,0.0158465401313332,0.0055462890459666,-0.0,90.13346115112304,85.38804595947266,-0.0036761583216681,92.66115005858823,93.1196643669406,0.9349260239548484,0.9878870910534466,0.0113471986992484,86.16999816894531,86.16999816894531,86.16999816894531,-0.0102228281025329,iShares Russell 2500 ETF,Z,True,False,False,False,False,False,False,False,False,,False,,,3622894592.0,Other,unknown,453.0,True,,False,True,381.0,True,True,False,170.0,,0,0,False,Other,Other,Other,Other,Other
2026-09-16,BAI,43.130001068115234,43.7400016784668,42.660099029541016,43.16999816894531,2688798.0,251,116075404.73666382,102895097.70137556,148724254.37813944,-0.0442771769110899,-0.1364273510808702,0.2586005577020798,0.0,0.0,0.0610335050284027,-0.0,-0.0,0.0157832984388576,0.0055241544536001,,44.192599868774415,42.53466663360596,-0.0244717597677847,45.81999969482422,54.459999084472656,0.7926918636554607,1.1000995635986328,0.0254829652596556,42.31999969482422,42.31999969482422,42.31999969482422,-0.0196895647480602,iShares A.I. Innovation and Tech Active ETF,P,True,False,False,False,False,False,False,False,False,,False,,,15693548544.0,Industry / Theme,unknown,163.0,True,,False,True,137.0,True,True,False,171.0,,0,0,False,Industry / Theme,Industry / Theme,Industry / Theme,Industry / Theme,Industry / Theme
2026-09-16,VOOV,226.41000366210935,226.4600067138672,223.1499938964844,224.25999450683597,64886.0,251,14551334.003570557,14903901.052061465,14864163.431284586,-0.0184269562365884,0.0142446652636507,0.0940572199007592,0.0,0.0517374265759155,0.1517050724441923,-0.0,0.0007369823231766,0.014268957358944,0.0054731735856952,0.1045823250186142,226.20119934082032,217.0846374511719,0.0062920055765993,231.66000366210935,231.66000366210935,0.9680565957079634,1.5925010681152345,0.0071011375507132,223.1499938964844,223.1499938964844,223.1499938964844,-0.0049496149002969,Vanguard S&P 500 Value ETF,P,True,False,False,False,False,False,False,False,False,,False,,,6683939328.0,Factor / Style,unknown,325.0,True,,False,True,426.0,True,True,False,172.0,,0,0,False,Factor / Style,Factor / Style,Factor / Style,Factor / Style,Factor / Style
2026-09-16,SPYV,62.77000045776367,62.810001373291016,61.875,62.20000076293945,2042860.0,251,127065893.55857848,89774390.51023865,114812050.65445794,-0.0186178650250828,0.0143702730633696,0.0938191147899956,0.0,0.0520365023472327,0.1511555115931603,-0.0,0.0007477787479924,0.0141812762932992,0.0054495028888497,0.1063398363166258,62.74499992370605,60.21285153706869,0.0062900156775242,64.26000213623047,64.26000213623047,0.96794271234346,0.4537500381469727,0.0072950166009857,61.875,61.875,61.875,-0.0052250925876692,State Street SPDR Portfolio S&P 500 Value ETF,P,True,False,False,False,False,False,False,False,False,,False,,,35300089856.0,Factor / Style,unknown,85.0,True,,False,True,165.0,True,True,False,173.0,,0,0,False,Factor / Style,Factor / Style,Factor / Style,Factor / Style,Factor / Style
2026-09-16,MSLC,59.77999877929688,59.93000030517578,59.119998931884766,59.35630035400391,62265.0,251,3695820.041542053,3802190.692056656,4390295.160079835,-0.0218144354732141,0.006892274568381,0.1153006199277142,0.0,0.0195113917664487,0.1326775478168003,-0.0,0.0001344778692656,0.015297803513766,0.0054416418448407,0.0457757073317649,59.990346069335935,57.30686195373535,0.0059603677934934,61.29999923706055,61.67599868774414,0.962388961944751,0.4455497741699218,0.0075063602602022,59.119998931884766,59.119998931884766,59.119998931884766,-0.0039810672280756,Morgan Stanley Pathway Large Cap Equity ETF,P,True,False,False,False,False,False,False,False,False,,False,,,3979997184.0,Factor / Style,unknown,425.0,True,,False,True,467.0,False,False,False,174.0,,0,0,False,Factor / Style,Factor / Style,Factor / Style,Factor / Style,Factor / Style
2026-09-16,VTWO,115.83000183105467,116.32430267333984,113.93000030517578,115.06999969482422,1740830.0,251,200317307.56874084,145018006.09106064,175834336.66900757,-0.0519074145933083,-0.0250497512148372,0.1419522205613947,0.0,0.0,0.1087713240149122,-0.0,-0.0,0.0154403309773197,0.0054041158420619,-0.0,119.49040008544922,113.1172511291504,-0.0049365759373232,122.63999938964844,123.37000274658205,0.9327226808221194,1.3012157440185548,0.0113080363906273,113.93000030517578,113.93000030517578,113.93000030517578,-0.0099070078445452,Vanguard Russell 2000 ETF,Q,True,False,False,False,False,False,False,False,False,,False,,,18552160256.0,US Equity,unknown,140.0,True,,False,True,119.0,True,True,False,175.0,,0,0,False,US Equity,US Equity,US Equity,US Equity,US Equity
2026-09-16,IVE,233.44000244140625,233.6199951171875,230.1000061035156,231.2400054931641,553074.0,251,127892834.79812622,115901305.75907136,157360026.72369337,-0.0191807534898441,0.0138872943630321,0.0931756237383558,0.0,0.0510419092353856,0.1508662409833115,-0.0,0.0007088340184029,0.0140570561046811,0.0053807117486003,0.1008581402369558,233.36001373291012,223.97720662434892,0.0062039754643499,238.9792888308366,238.9792888308366,0.9676152549639946,1.6722314025627767,0.0072315834753438,230.1000061035156,230.1000061035156,230.1000061035156,-0.0049299401598662,iShares S&P 500 Value ETF,P,True,False,False,False,False,False,False,False,False,,False,,,47735062528.0,Factor / Style,unknown,61.0,True,,False,True,130.0,True,True,False,176.0,,0,0,False,Factor / Style,Factor / Style,Factor / Style,Factor / Style,Factor / Style
2026-09-16,AVDV,111.27999877929688,111.76000213623048,109.66000366210938,110.44000244140624,740321.0,251,81761053.04742432,74569978.33352356,89243848.45046173,0.0112354668353131,0.0278146876558078,0.1198234843567249,0.0974238260202718,0.0607074858690959,0.10123848793163,0.00109460216622,0.0016885597578182,0.0121307483749741,0.0053433257738228,0.3114005197283322,107.84569137573244,105.0744605000814,0.015043295084449,113.46282336330457,113.46282336330457,0.9733584901882856,1.1653342446085737,0.0105517404821395,109.66000366210938,109.66000366210938,109.66000366210938,-0.0070626472478638,Avantis International Small Cap Value ETF,P,True,False,False,False,False,False,False,False,False,,False,,,19221213184.0,Factor / Style,unknown,139.0,True,,False,True,195.0,True,True,False,177.0,,0,0,False,Factor / Style,Factor / Style,Factor / Style,Factor / Style,Factor / Style
2026-09-16,IWM,285.6300048828125,287.0400085449219,281.0299987792969,283.9200134277344,27522349.0,251,7814145697.642792,5783501358.104185,6261543576.184692,-0.0518551696797185,-0.0253986378509408,0.1411257531976941,0.0,0.0,0.1081026765203675,-0.0,-0.0,0.0152560716466235,0.0053396250763182,-0.0,294.8263116455078,279.2486501057943,-0.005155596646281,302.6196209832606,304.38501947188735,0.9327660537313562,3.244215558605407,0.0114265124160792,281.0299987792969,281.0299987792969,281.0299987792969,-0.0101789747525955,iShares Russell 2000 Index Fund,P,True,False,False,False,False,False,False,False,False,,False,,,82970353664.0,US Equity,unknown,35.0,True,,False,True,3.0,True,True,False,178.0,,0,0,False,US Equity,US Equity,US Equity,US Equity,US Equity
2026-09-16,URTH,206.41000366210935,206.88999938964844,203.5850067138672,204.7100067138672,353526.0,251,72370309.83352661,93479058.84609222,111530314.90881784,-0.0193063077189046,0.0079271322598137,0.1170197309519343,0.0,0.0208792711400319,0.1259118480173571,-0.0,0.0001655127438155,0.0147341705786519,0.0052645429860082,0.0531131611667632,206.47460052490237,197.34045786539716,0.0062065996924398,210.8699951171875,211.94000244140625,0.9658865922230142,1.6052490234375,0.0078415757451526,203.5850067138672,203.5850067138672,203.5850067138672,-0.005495578931676,iShares MSCI World ETF,P,True,False,False,False,False,False,False,False,False,,False,,,8064359424.0,Country / Region,unknown,283.0,True,,False,True,169.0,True,True,False,179.0,,0,0,False,Country / Region,Country / Region,Country / Region,Country / Region,Country / Region
2026-09-16,CGXU,34.58000183105469,34.67499923706055,33.97980117797852,34.2599983215332,662403.0,251,22693925.66817856,35688473.15697841,33150188.189349644,-0.0089673525029688,-0.0235949215928844,0.1623245733067091,0.0,0.0,0.0923194351824454,-0.0,-0.0,0.0149857129239068,0.0052449995233673,-0.0,34.41090003967285,32.79134908040365,0.0044282576415584,36.0,36.0,0.951666620042589,0.464109992980957,0.013546702151741,33.97980117797852,33.97980117797852,33.97980117797852,-0.0081785510006454,Capital Group International Focus Equity ETF,P,True,False,False,False,False,False,False,False,False,,False,,,6228755968.0,Global Equity,unknown,342.0,True,,False,True,335.0,True,True,False,180.0,,0,0,False,Global Equity,Global Equity,Global Equity,Global Equity,Global Equity
2026-09-16,VOE,203.8000030517578,203.92999267578125,200.4850006103516,201.7400054931641,634230.0,251,127949563.68392944,64994115.89278412,57242818.81597368,-0.0345520721129647,0.0171750374980996,0.0959249402871933,0.0,0.0542462624458578,0.1367320506085747,-0.0,0.0009316815916393,0.013116013789973,0.0051961978610561,0.0647907717558288,205.82760009765624,195.7981884765625,0.0067968938225815,211.0500030517578,211.07000732421875,0.9557966479968748,1.7722465515136718,0.0087848047152636,200.4850006103516,200.4850006103516,200.4850006103516,-0.0062209023923865,Vanguard Morningstar Mid-Cap Value ETF,P,True,False,False,False,False,False,False,False,False,,False,,,37230292992.0,Factor / Style,unknown,82.0,True,,False,True,260.0,True,True,False,181.0,,0,0,False,Factor / Style,Factor / Style,Factor / Style,Factor / Style,Factor / Style
2026-09-16,BLCR,48.709999084472656,48.869998931884766,48.02000045776367,48.36000061035156,413677.0,251,20005419.972488403,18754148.759568788,20205900.90376645,-0.027595585473369,-0.0326461080272855,0.1379875746066683,0.0,0.0,0.1072499041361283,-0.0,-0.0,0.014799154148542,0.0051797039519897,-0.0,49.23989631652832,47.14159993489584,-0.002031477902242,50.002029125790415,50.95074132497224,0.9491520506424724,0.4734943837402411,0.0097910334525283,48.02000045776367,48.02000045776367,48.02000045776367,-0.007030606871314,iShares Large Cap Core Active ETF,Q,True,False,False,False,False,False,False,False,False,,False,,,6449013248.0,Factor / Style,unknown,333.0,True,,False,True,397.0,True,True,False,182.0,,0,0,False,Factor / Style,Factor / Style,Factor / Style,Factor / Style,Factor / Style
2026-09-16,MOAT,109.08000183105467,109.22000122070312,107.8249969482422,108.29000091552734,391352.0,251,42379508.43829346,51126660.909318544,66552802.761940606,-0.033038637546391,0.0451693878738208,0.0840925175413445,0.0,0.090103954519769,0.0850718970166479,-0.0,0.0040699404706685,0.0071539099921479,0.0051493298031863,0.2155932441310543,109.98539962768557,104.35126653035482,0.0111796140420565,115.58000183105467,115.58000183105467,0.9369267970233875,1.2622501373291015,0.0116562021115295,107.8249969482422,107.8249969482422,107.8249969482422,-0.0042940619018729,VanEck Morningstar Wide Moat ETF,Z,True,False,False,False,False,False,False,False,False,,False,,,11624555520.0,Other,unknown,209.0,True,,False,True,234.0,True,True,False,183.0,,0,0,False,Other,Other,Other,Other,Other
2026-09-16,EEMV,74.7699966430664,74.96499633789062,73.94999694824219,74.27999877929688,87748.0,251,6517921.332885742,11505316.783921814,16743953.917324005,0.0,-0.0170702781624557,0.1419973964973999,0.0,0.0,0.1033815067009805,0.0,-0.0,0.0146799047975177,0.0051379666791312,-0.0,73.82480010986328,70.98771252950033,0.0035643134553524,76.91000366210938,77.38999938964844,0.9598139212446156,0.7102497100830079,0.0095617894689703,73.94999694824219,73.94999694824219,73.94999694824219,-0.0044426741582912,iShares MSCI Emerging Markets Min Vol Factor ETF,Z,True,False,False,False,False,False,False,False,False,,False,,,3654402304.0,Country / Region,unknown,452.0,True,,False,True,414.0,True,True,False,184.0,,0,0,False,Country / Region,Country / Region,Country / Region,Country / Region,Country / Region
2026-09-16,IUSV,112.9800033569336,112.9800033569336,111.23999786376952,111.8499984741211,523933.0,251,58601905.25054169,61758165.29121361,65382889.12174273,-0.0202757253252097,0.0117552933499001,0.0933786851759304,0.0,0.0417864540108593,0.1474178498832953,-0.0,0.0004912120249497,0.0137656849935648,0.005137277563965,0.0719909133951383,113.0007078552246,108.44351964314778,0.0058306513430506,115.68816407243824,115.68816407243824,0.9668231782473972,0.8223829350227007,0.0073525520450764,111.23999786376952,111.23999786376952,111.23999786376952,-0.0054537382089701,iShares Core S&P U.S. Value ETF,Q,True,False,False,False,False,False,False,False,False,,False,,,26456442880.0,Factor / Style,unknown,103.0,True,,False,True,237.0,True,True,False,185.0,,0,0,False,Factor / Style,Factor / Style,Factor / Style,Factor / Style,Factor / Style
2026-09-16,QUAL,219.47000122070312,219.47000122070312,216.30999755859372,217.3699951171875,1090628.0,251,237069803.034668,202202288.6976471,230197581.91530257,-0.0279428325935663,0.0003583452413078,0.1084232655005479,0.0,0.0011099706161217,0.1351201760144442,-0.0,3.977526882787781e-07,0.0146501707184948,0.0051278182907205,9.880089672892514e-05,220.7961749267578,210.5669367472331,0.0036457813501924,225.4944684818084,226.8316083570257,0.9582879418421004,1.7013442488245176,0.007826950761568,216.30999755859372,216.30999755859372,216.30999755859372,-0.0048764667728049,iShares MSCI USA Quality Factor ETF,Z,True,False,False,False,False,False,False,False,False,,False,,,45917487104.0,Country / Region,unknown,66.0,True,,False,True,101.0,True,True,False,186.0,,0,0,False,Country / Region,Country / Region,Country / Region,Country / Region,Country / Region
2026-09-16,FNDF,55.47999954223633,55.52000045776367,54.584999084472656,54.93000030517578,1716218.0,251,94271855.26374815,110945823.40541077,85923139.6480536,0.0,0.0152660383157332,0.1204994651011577,0.0,0.0387933791514903,0.1094410002855212,0.0,0.0005922212125234,0.0131875819945409,0.0050005974862295,0.1406229111893833,54.55620018005371,52.43474736531576,0.0110174499816186,56.47999954223633,56.47999954223633,0.972556670509506,0.495250129699707,0.0090160227006778,54.584999084472656,54.584999084472656,54.584999084472656,-0.0062807431055232,Schwab Fundamental International Equity ETF,P,True,False,False,False,False,False,False,False,False,,False,,,23990886400.0,Global Equity,unknown,115.0,True,,False,True,203.0,True,True,False,187.0,,0,0,False,Global Equity,Global Equity,Global Equity,Global Equity,Global Equity
2026-09-16,BBJP,78.80000305175781,79.44000244140625,77.75,78.30000305175781,1075779.0,251,84233498.98301697,103355033.15479356,110717845.78760564,0.0171473062777585,0.0255403355154968,0.127754611948645,0.1254747502144852,0.0426789997066132,0.0936049385280532,0.002151553972053,0.0010900359719726,0.0119584625981282,0.0048939852911271,0.3934686299495123,76.51420013427735,74.16473353068034,0.0086104859244755,79.71499633789062,79.7249984741211,0.9821261154012334,0.93800048828125,0.0119795715417943,76.7699966430664,75.94000244140625,75.94000244140625,-0.0301404919332066,JPMorgan BetaBuilders Japan ETF,Z,True,False,False,False,False,False,False,False,False,,False,,,17599494144.0,Country / Region,unknown,148.0,True,,False,True,170.0,True,True,False,188.0,,0,0,False,Country / Region,Country / Region,Country / Region,Country / Region,Country / Region
2026-09-16,ACWI,158.9600067138672,159.25,156.67999267578125,157.61000061035156,1766238.0,251,278376772.2580261,290411970.11741793,409602722.5980249,-0.0154297925565363,0.0017160561760856,0.1180854035984602,0.0,0.0044518399974237,0.1172298549805763,-0.0,7.63960752252397e-06,0.0138431347391703,0.0048500629035992,0.0029166947901895,158.76119934082033,152.04657012939452,0.0053114697635592,162.30999755859375,162.8000030517578,0.9681203787216378,1.2695014953613282,0.008054701417709,156.67999267578125,156.67999267578125,156.67999267578125,-0.0059006911424961,iShares MSCI ACWI ETF,Q,True,False,False,False,False,False,False,False,False,,False,,,33203742720.0,Country / Region,unknown,90.0,True,,False,True,69.0,True,True,False,189.0,,0,0,False,Country / Region,Country / Region,Country / Region,Country / Region,Country / Region
2026-09-16,DFAS,79.91000366210938,80.23500061035156,78.58999633789062,79.29000091552734,454756.0,251,36057603.65634155,34059595.26391754,38385313.95200021,-0.0451589590396885,-0.0093765468514218,0.1206685386352313,0.0,0.0,0.1145262417144073,-0.0,-0.0,0.0138197142230627,0.0048368999780719,-0.0,81.81639999389648,77.8264909362793,-0.0015522873317446,83.87000274658203,84.5199966430664,0.9381212028482954,0.8094497680664062,0.0102087244131673,78.58999633789062,78.58999633789062,78.58999633789062,-0.0088284092515331,Dimensional U.S. Small Cap ETF,P,True,False,False,False,False,False,False,False,False,,False,,,15242885120.0,Factor / Style,unknown,169.0,True,,False,True,311.0,True,True,False,190.0,,0,0,False,Factor / Style,Factor / Style,Factor / Style,Factor / Style,Factor / Style
2026-09-16,JTEK,99.6500015258789,100.5,98.48909759521484,99.4114990234375,239701.0,251,23829035.727416992,25543320.313935854,27898391.02457004,-0.0090560274536523,-0.0612700888475039,0.1882798789364883,0.0,0.0,0.0733372918662095,-0.0,-0.0,0.0138079364340998,0.0048327777519349,,99.65026977539064,95.77038314819336,-0.0125459364594544,102.72000122070312,111.81999969482422,0.8890314728559147,1.7848461151123047,0.0179541213304861,97.18000030517578,97.18000030517578,97.18000030517578,-0.022447088517754,JPMorgan U.S. Tech Leaders ETF,Q,True,False,False,False,False,False,False,False,False,,False,,,4632256512.0,Other,unknown,394.0,True,,False,True,362.0,True,True,False,191.0,,0,0,False,Other,Other,Other,Other,Other
2026-09-16,CGUS,44.150001525878906,44.414100646972656,43.56399917602539,43.84000015258789,1024730.0,251,44924163.35636139,62446300.48057365,50763347.9807772,-0.0337226981555345,-0.0065081346929033,0.1115183680543601,0.0,0.0,0.1219060251885557,-0.0,-0.0,0.0135947609850214,0.0047581663447575,-0.0,44.90289985656738,42.78982487996419,0.002759993936054,45.72499847412109,46.79600143432617,0.9368321824272368,0.3682550430297852,0.0083999781420631,43.56399917602539,43.56399917602539,43.56399917602539,-0.0062956426916482,Capital Group Core Equity ETF,P,True,False,False,False,False,False,False,False,False,,False,,,11122103296.0,Other,unknown,225.0,True,,False,True,281.0,True,True,False,192.0,,0,0,False,Other,Other,Other,Other,Other
2026-09-16,VXF,235.57000732421875,237.0249938964844,232.0,234.38999938964844,305432.0,251,71590206.2935791,77261686.40133362,97268512.99810404,-0.046497468041708,-0.0175383132340248,0.1284852516930419,0.0,0.0,0.1052619985230364,-0.0,-0.0,0.0135246143739449,0.0047336150308807,-0.0,241.36959899902345,229.08792205810548,-0.0032619005659811,247.7100067138672,250.75,0.9347557303674912,2.598750305175781,0.0110872917442848,232.0,232.0,232.0,-0.0101966781683177,Vanguard Extended Market ETF,P,True,False,False,False,False,False,False,False,False,,False,,,97684774912.0,Other,unknown,27.0,True,,False,True,185.0,True,True,False,193.0,,0,0,False,Other,Other,Other,Other,Other
2026-09-16,SLYG,109.5500030517578,110.39939880371094,108.26000213623048,109.16999816894533,119225.0,251,13015793.031692505,13601943.45861435,14266493.622558836,-0.0662048178146845,-0.0327225324660971,0.1280268491443148,0.0,0.0,0.1047589866580143,-0.0,-0.0,0.0134119629813768,0.0046941870434819,-0.0,115.17260009765624,108.47355962117511,-0.0096359875191552,117.94000244140624,119.83999633789062,0.9109646320510466,1.1724693298339843,0.010739849312991,108.26000213623048,108.26000213623048,108.26000213623048,-0.0083355871391203,State Street SPDR S&P 600 Small Cap Growth ETF,P,True,False,False,False,False,False,False,False,False,,False,,,5195253248.0,Factor / Style,unknown,370.0,True,,False,True,429.0,True,True,False,194.0,,0,0,False,Factor / Style,Factor / Style,Factor / Style,Factor / Style,Factor / Style
2026-09-16,IJT,163.80999755859375,164.83999633789062,161.83999633789062,163.1999969482422,152008.0,251,24807705.1361084,41174580.51902771,38696860.103522405,-0.066188941007502,-0.0323216454379498,0.1277526169657916,0.0,0.0,0.1041677109164634,-0.0,-0.0,0.0133076976729142,0.0046576941855199,-0.0,172.213564453125,162.19631622314452,-0.0097090590568188,176.16464912169187,179.2878029089768,0.9102682630959436,1.737718232458181,0.0106477834862293,161.83999633789062,161.83999633789062,161.83999633789062,-0.0083333372290618,iShares S&P SmallCap 600 Growth ETF,Q,True,False,False,False,False,False,False,False,False,,False,,,8216008192.0,Factor / Style,unknown,278.0,True,,False,True,308.0,True,True,False,195.0,,0,0,False,Factor / Style,Factor / Style,Factor / Style,Factor / Style,Factor / Style
2026-09-16,XMHQ,114.80999755859376,115.24199676513672,113.07849884033205,113.98999786376952,164974.0,251,18805385.907577515,18005547.74958725,18757144.81307475,-0.0386269869515283,0.0237562279903913,0.104606783963344,0.0,0.05639810372574,0.1032139136828775,-0.0,0.0013398062103344,0.010796875570636,0.0046497804864399,0.1108033984388783,116.1281999206543,110.41408467610675,0.0060608888482904,119.98999786376952,119.98999786376952,0.9499958320958376,1.1946746826171877,0.010480522019528,113.07849884033205,113.07849884033205,113.07849884033205,-0.0079963070490346,Invesco S&P MidCap Quality ETF,P,True,False,False,False,False,False,False,False,False,,False,,,5417101824.0,Factor / Style,unknown,364.0,True,,False,True,407.0,True,True,False,196.0,,0,0,False,Factor / Style,Factor / Style,Factor / Style,Factor / Style,Factor / Style
2026-09-16,VT,158.6699981689453,159.02000427246094,156.47500610351562,157.41000366210938,1969682.0,251,310047650.8331909,307666111.4550049,385400840.60233074,-0.0165562535105892,-7.182485436563191e-05,0.1149817626942122,0.0,0.0,0.1143935357506345,-0.0,-0.0,0.0131531703814313,0.0046036096335009,-0.0,158.61339965820312,152.12136861165365,0.0051253261998078,162.1999969482422,162.7100067138672,0.9674266926859754,1.262749481201172,0.0080220408603238,156.47500610351562,156.47500610351562,156.47500610351562,-0.0059398865182722,Vanguard Total World Stock Index ETF,P,True,False,False,False,False,False,False,False,False,,False,,,96774266880.0,Global Equity,unknown,28.0,True,,False,True,72.0,True,True,False,197.0,,0,0,False,Global Equity,Global Equity,Global Equity,Global Equity,Global Equity
2026-09-16,SMLF,85.16999816894531,85.58000183105469,83.7699966430664,84.63999938964844,130561.0,251,11050682.96031189,15561217.945546722,14262963.41989596,-0.047530355321198,-0.0204803294963433,0.1234828865317054,0.0,0.0,0.1033799112946349,-0.0,-0.0,0.0127656498560531,0.0044679774496186,-0.0,87.48091705322265,83.15362787882486,-0.0037393382012342,90.01093206115809,90.51469866818498,0.9350967371600892,0.9261137440629306,0.0109417976221795,83.7699966430664,83.7699966430664,83.7699966430664,-0.0102788605016038,iShares U.S. Small-Cap Equity Factor ETF,P,True,False,False,False,False,False,False,False,False,,False,,,4182715648.0,Factor / Style,unknown,413.0,True,,False,True,430.0,True,True,False,198.0,,0,0,False,Factor / Style,Factor / Style,Factor / Style,Factor / Style,Factor / Style
2026-09-16,HEFA,46.540000915527344,46.579498291015625,46.10499954223633,46.38999938964844,434379.0,251,20150841.5448761,35895905.604141235,28766065.32815237,-0.0175773360778902,0.0150318422852226,0.1001711929870494,0.0,0.0449305918868812,0.1126758427819831,-0.0,0.0006753895710253,0.0112868735922924,0.0043894089784688,0.104250817903608,46.80799980163575,44.809677098592125,0.002539635919311,47.630001068115234,48.0,0.9664583206176758,0.3597249984741211,0.0077543652340377,46.04999923706055,46.04999923706055,46.04999923706055,-0.0073291691541552,iShares Currency Hedged MSCI EAFE ETF,Z,True,False,False,False,False,False,False,False,False,,False,,,7331655168.0,Country / Region,unknown,301.0,True,,False,True,359.0,True,True,False,199.0,,0,0,False,Country / Region,Country / Region,Country / Region,Country / Region,Country / Region
2026-09-16,SCHA,33.2400016784668,33.439998626708984,32.720001220703125,33.060001373291016,4121325.0,251,136251010.1597786,109002783.99656773,86971712.17764749,-0.0559679914007008,-0.0472661044976525,0.1338210743607844,0.0,0.0,0.0920964057906788,-0.0,-0.0,0.0123244399676754,0.0043135539886863,-0.0,34.35160011291504,32.72257081349691,-0.0082282880942335,35.459999084472656,36.20000076293945,0.9132596871969384,0.4124996185302734,0.0124773019175833,32.720001220703125,32.720001220703125,32.720001220703125,-0.0102843357067303,Schwab U.S. Small-Cap ETF,P,True,False,False,False,False,False,False,False,False,,False,,,24157184000.0,Other,unknown,114.0,True,,False,True,201.0,True,True,False,200.0,,0,0,False,Other,Other,Other,Other,Other
2026-09-16,GUNR,56.45000076293945,56.31999969482422,54.959999084472656,55.290000915527344,325843.0,251,18015859.768318176,18063829.278622817,28215640.618466936,0.0233204176327554,0.0558591346859564,0.0201365513207667,0.1343286252851873,0.1133966983373378,0.0210106716383876,0.0031325996416844,0.0063342414453681,0.0004230824677301,0.0042653358031948,0.6547543804395773,53.865000076293946,53.501614837646486,0.0274599729689666,58.06999969482422,58.06999969482422,0.9521267643549746,0.8035001754760742,0.0145324681166793,54.959999084472656,54.900001525878906,54.900001525878906,-0.0070537056102473,Northern Trust Morningstar Global Upstream Natural Resources ETF,P,True,False,False,False,False,False,False,False,False,,False,,,6723008512.0,Global Equity,unknown,321.0,True,,False,True,360.0,True,True,False,201.0,,0,0,False,Global Equity,Global Equity,Global Equity,Global Equity,Global Equity
2026-09-16,SCHV,34.20000076293945,34.20000076293945,33.6150016784668,33.810001373291016,2799435.0,251,94648901.19443892,100092473.29754162,109452518.74140877,-0.0362029758116888,-0.0194934428521866,0.0992820444381823,0.0,0.0,0.1226557293803094,-0.0,-0.0,0.0121775115749335,0.0042621290512267,-0.0,34.506200256347654,33.01422952016195,-0.000656260067631,35.34000015258789,35.4900016784668,0.9526627155333413,0.2757499694824218,0.0081558698101756,33.6150016784668,33.6150016784668,33.6150016784668,-0.0057675151406016,Schwab U.S. Large-Cap Value ETF,P,True,False,False,False,False,False,False,False,False,,False,,,15930595328.0,Factor / Style,unknown,161.0,True,,False,True,172.0,True,True,False,202.0,,0,0,False,Factor / Style,Factor / Style,Factor / Style,Factor / Style,Factor / Style
2026-09-16,DUHP,41.619998931884766,41.665000915527344,41.09000015258789,41.29999923706055,1005606.0,251,41531527.03278351,27803087.8398098,31526797.06248825,-0.0243326848438379,-0.0022911310411394,0.0987899915093177,0.0,0.0,0.1229702778423121,-0.0,-0.0,0.0121482327039404,0.0042518814463791,-0.0,41.93719985961914,40.15120981852213,0.0029128007134542,42.72999954223633,42.900001525878906,0.9627039106781108,0.3274496078491211,0.0079285620798579,41.09000015258789,41.09000015258789,41.09000015258789,-0.0050847236889102,Dimensional US High Profitability ETF,P,True,False,False,False,False,False,False,False,False,,False,,,12324184064.0,Other,unknown,201.0,True,,False,True,342.0,True,True,False,203.0,,0,0,False,Other,Other,Other,Other,Other
2026-09-16,IBDS,24.1200008392334,24.1299991607666,24.1200008392334,24.1200008392334,706090.0,251,17030891.39257431,13761366.615260124,14181180.61231068,0.0006208270134289,0.0081009505024909,0.0180608854787398,0.0967495314195521,0.3642346126826191,0.367284693401439,6.006472264184753e-05,0.0029506465686358,0.0066334867856174,0.0042396406445794,0.7530035478246364,24.064685287475587,23.896706517537435,0.0013828671725211,24.20599937438965,24.20599937438965,0.9964472222846028,0.0313927664267673,0.0013015242675988,24.11000061035156,24.0572048326822,24.0572048326822,-0.0026034827680876,iShares iBonds Dec 2027 Term Corporate ETF,P,True,False,False,False,False,False,False,False,False,,False,,,3791735808.0,Bond,unknown,442.0,True,,False,True,431.0,True,True,False,204.0,,0,0,False,Bond,Bond,Bond,Bond,Bond
2026-09-16,DIA,521.9000244140625,522.2999877929688,512.2899780273438,515.219970703125,5628299.0,251,2899812045.888428,1724152435.6882813,1981393117.3401227,-0.0323935311975153,-0.0081293227969194,0.1017719412153466,0.0,0.0,0.1178687147631023,-0.0,-0.0,0.0119957279099989,0.0041985047684996,-0.0,528.3840100097656,503.4164135742187,0.0015915541653355,537.72998046875,546.2970287569466,0.9431132581399264,4.9103975835649525,0.0095306817724159,512.2899780273438,512.2899780273438,512.2899780273438,-0.0056868771444994,State Street SPDR Dow Jones Industrial Average ETF Trust,P,True,False,False,False,False,False,False,False,False,,False,,,44062826496.0,US Equity,unknown,69.0,True,,False,True,15.0,True,True,False,205.0,,0,0,False,US Equity,US Equity,US Equity,US Equity,US Equity
2026-09-16,VBR,241.13999938964844,241.6999969482422,236.8350067138672,238.8300018310547,303138.0,251,72398449.09506226,68069408.25484772,62820135.28398641,-0.0346012271300887,-0.002500573569899,0.1048518300686998,0.0,0.0,0.113865758249434,-0.0,-0.0,0.0119390331346133,0.0041786615971146,-0.0,245.69260040283203,234.1977100626628,0.0008932763378401,251.8300018310547,251.8500061035156,0.9483025453368088,2.4637481689453127,0.0103159073401847,236.8350067138672,236.8350067138672,236.8350067138672,-0.0083532014482784,Vanguard Morningstar Small-Cap Value ETF,P,True,False,False,False,False,False,False,False,False,,False,,,67781795840.0,Factor / Style,unknown,46.0,True,,False,True,244.0,True,True,False,206.0,,0,0,False,Factor / Style,Factor / Style,Factor / Style,Factor / Style,Factor / Style
2026-09-16,DBEF,54.970001220703125,55.07500076293945,54.52000045776367,54.77000045776367,482219.0,251,26411134.85074234,23165236.51375065,23656399.3408756,-0.0179307870143793,0.0148230353708731,0.0991370348220681,0.0,0.0424178165549528,0.1082384039714325,-0.0,0.0006287607951492,0.0107304344236009,0.0041643465651073,0.0986309504200676,55.31219985961914,52.92753341674805,0.002403059623419,56.27000045776367,56.84000015258789,0.963581989984742,0.4277498245239258,0.0078099291756221,54.40999984741211,54.40999984741211,54.40999984741211,-0.0065729524802392,Xtrackers MSCI EAFE Hedged Equity ETF,P,True,False,False,False,False,False,False,False,False,,False,,,9039409152.0,Country / Region,unknown,267.0,True,,False,True,380.0,True,True,False,207.0,,0,0,False,Country / Region,Country / Region,Country / Region,Country / Region,Country / Region
2026-09-16,ILCG,113.0500030517578,113.57080078125,111.81999969482422,112.5199966430664,20829.0,251,2343679.01007843,6780158.759425735,8048976.929281204,-0.0286481920270783,-0.0308208544407132,0.1311206762202543,0.0,0.0,0.0897188770489665,-0.0,-0.0,0.0117639998283823,0.0041173999399338,-0.0,114.48490692138672,109.82601954142253,-0.0003532659888672,116.55768159464225,120.32392404221429,0.9351423462851,1.2751496281701291,0.0113326490065151,111.81999969482422,111.81999969482422,111.81999969482422,-0.0062210893096869,iShares Morningstar Large-Cap Growth ETF,P,True,False,False,False,False,False,False,False,False,,False,,,3202697216.0,Factor / Style,unknown,482.0,True,,False,True,458.0,True,True,False,208.0,,0,0,False,Factor / Style,Factor / Style,Factor / Style,Factor / Style,Factor / Style
2026-09-16,ARKK,83.87999725341797,84.56999969482422,82.04000091552734,83.18000030517578,5455844.0,251,453817105.58499146,406002681.4846176,414508858.1910434,0.0509159659078366,0.0518462111682833,0.1385163302047176,0.1272496706858887,0.0439207056343009,0.0539647051969541,0.0064790398944261,0.0022771221789759,0.0074749929244615,0.0040963769398959,0.2818274619309799,80.17599960327148,76.6324666595459,0.0121187639467765,87.83000183105469,87.83000183105469,0.947056798031003,2.3395000457763677,0.0281257518296834,82.04000091552734,80.52999877929688,80.52999877929688,-0.0318586380879588,ARK Innovation ETF,Z,True,False,False,False,False,False,False,False,False,,False,,,6534055424.0,Other,unknown,327.0,True,,False,True,68.0,True,True,False,209.0,,0,0,False,Other,Other,Other,Other,Other
2026-09-16,SPYI,52.790000915527344,52.90999984741211,52.17499923706055,52.47999954223633,3180488.0,251,166912008.78408813,142806798.10512465,138489937.9949113,-0.019028777440107,0.0077696908510436,0.088526403258367,0.0,0.0259451362103751,0.1267582304723732,-0.0,0.0002015856874428,0.0112214502271143,0.0040585382763278,0.0541564882874166,53.01845115661621,50.95523696899414,0.0066780003669897,54.02000045776367,54.02000045776367,0.9714920232788332,0.3233499526977539,0.0061613939694782,52.17499923706055,52.17499923706055,52.17499923706055,-0.005811743670659,NEOS S&P 500 High Income ETF,Z,True,False,False,False,False,False,False,False,False,,False,,,10406321152.0,Bond,unknown,241.0,True,,False,True,145.0,True,True,False,210.0,,0,0,False,Bond,Bond,Bond,Bond,Bond
2026-09-16,BSCR,19.61000061035156,19.6200008392334,19.61000061035156,19.61000061035156,858620.0,251,16837538.72406006,11957832.638212204,11649011.135902405,0.001477481268483,0.0070068317049878,0.017315146914359,0.2243919758565595,0.3794515461730228,0.3760115172221148,0.0003315349411259,0.0026587531242317,0.0065106946621919,0.0040069326625178,0.5974196096082008,19.56477005004883,19.428857612609864,0.0013915566437443,19.6299991607666,19.6299991607666,0.9989812251008644,0.0132429724787675,0.0006753172904939,19.600000381469727,19.581070323159405,19.581070323159405,-0.0014752823198223,Invesco BulletShares 2027 Corporate Bond ETF,Q,True,False,False,False,False,False,False,False,False,,False,,,4586565632.0,Bond,unknown,396.0,True,,False,True,445.0,True,True,False,211.0,,0,0,False,Bond,Bond,Bond,Bond,Bond
2026-09-16,VIG,237.7400054931641,238.2899932861328,234.5800018310547,235.72999572753903,1494412.0,251,352277734.3751831,222533672.92969665,250821371.241085,-0.0357902493165593,-0.0003139710720824,0.0857499058943718,0.0,0.0,0.1333841824209012,-0.0,-0.0,0.01143768109039,0.0040031883816365,-0.0,241.10499908447267,231.06076141357423,0.0028249134702194,246.5399932861328,247.4499969482422,0.952636890825444,1.7260009765625,0.0073219403887719,234.5800018310547,234.5800018310547,234.5800018310547,-0.0048784368443868,Vanguard Div Appreciation ETF,P,True,False,False,False,False,False,False,False,False,,False,,,129462992896.0,Other,unknown,20.0,True,,False,True,95.0,True,True,False,212.0,,0,0,False,Other,Other,Other,Other,Other
2026-09-16,ACWV,126.18000030517578,126.11000061035156,124.80500030517578,125.22000122070312,58673.0,251,7347033.131622314,9052614.725009156,11693030.824065194,-0.0064270218712944,0.0347050462249154,0.039783372181738,0.0,0.1283621429575735,0.0743211152682359,-0.0,0.0044548141048717,0.002956744589678,0.0039304897745539,0.4438786944454825,125.09600051879885,121.88393188476564,0.0096236097773689,128.4499969482422,128.4499969482422,0.9748540614692224,0.8072509765625,0.0064466616250841,124.80500030517578,124.80500030517578,124.80500030517578,-0.0033141743450065,iShares MSCI Global Min Vol Factor ETF,Z,True,False,False,False,False,False,False,False,False,,False,,,3240488448.0,Country / Region,unknown,477.0,True,,False,True,444.0,True,True,False,213.0,,0,0,False,Country / Region,Country / Region,Country / Region,Country / Region,Country / Region
2026-09-16,VPL,116.05999755859376,116.66999816894533,114.0999984741211,114.94000244140624,203135.0,251,23348337.39593506,46966808.005737305,46380435.16421364,0.0155504694423471,-0.0187809199223591,0.1457336801341349,0.0862746725996468,0.0,0.0768907237134886,0.0013416116599093,-0.0,0.0112055681349437,0.0039219488472302,-0.0,113.18039978027343,109.50039993286131,0.0041931418458318,118.98999786376952,121.2300033569336,0.9481151468996672,1.6305004119873048,0.0141856653676207,114.0999984741211,113.23999786376952,113.23999786376952,-0.0147903648993164,Vanguard FTSE Pacific ETF,P,True,False,False,False,False,False,False,False,False,,False,,,13825753088.0,Country / Region,unknown,183.0,True,,False,True,288.0,True,True,False,214.0,,0,0,False,Country / Region,Country / Region,Country / Region,Country / Region,Country / Region
2026-09-16,IWR,108.63999938964844,109.08000183105467,107.04000091552734,107.83000183105467,1260227.0,251,135890279.71754456,122493797.52954026,189507286.3573393,-0.0428108587087724,-0.0072260013545591,0.1005892342415584,0.0,0.0,0.1113864711529888,-0.0,-0.0,0.0112042798381485,0.003921497943352,-0.0,110.85191207885742,105.56191314697266,0.0006656084769804,113.91897365578043,114.62685637557568,0.9407045193470976,1.0020873047777954,0.0092932142053362,107.04000091552734,107.04000091552734,107.04000091552734,-0.0073263553937901,iShares Russell Mid-Cap ETF,P,True,False,False,False,False,False,False,False,False,,False,,,56977440768.0,Other,unknown,51.0,True,,False,True,118.0,True,True,False,215.0,,0,0,False,Other,Other,Other,Other,Other
2026-09-16,RSP,214.19000244140625,214.50999450683597,210.9600067138672,212.27999877929688,8045787.0,251,1707959654.538483,1326027424.4393418,1682829543.6655035,-0.0341689555313788,0.0043932877678571,0.0916319149266733,0.0,0.0125233016306305,0.1171134814648411,-0.0,5.5018467867035046e-05,0.0107313325703528,0.003791728403737,0.005889434640827,217.25019897460936,206.98334055582683,0.0030574164278287,223.44000244140625,223.44000244140625,0.9500536898488626,1.8540008544921875,0.0087337519556882,210.9600067138672,210.9600067138672,210.9600067138672,-0.0062181650321284,Invesco S&P 500 Equal Weight ETF,P,True,False,False,False,False,False,False,False,False,,False,,,93655826432.0,Factor / Style,unknown,34.0,True,,False,True,20.0,True,True,False,216.0,,0,0,False,Factor / Style,Factor / Style,Factor / Style,Factor / Style,Factor / Style
2026-09-16,FELG,43.720001220703125,43.915000915527344,43.20500183105469,43.47999954223633,377129.0,251,16397568.747364044,13867315.330602456,17490879.356082067,-0.0160669632617622,-0.0044291379418623,0.1167658997267955,0.0,0.0,0.0908599084908988,-0.0,-0.0,0.0106093389640341,0.0037132686374119,-0.0,43.684899978637695,42.1305776723226,0.0046085424136648,44.665000915527344,45.581402281289385,0.9538978040630476,0.5006502151489258,0.0115144944898767,43.20500183105469,43.20500183105469,43.20500183105469,-0.0063246944359902,Fidelity Enhanced Large Cap Growth ETF,P,True,False,False,False,False,False,False,False,False,,False,,,5650164224.0,Factor / Style,unknown,360.0,True,,False,True,412.0,True,True,False,217.0,,0,0,False,Factor / Style,Factor / Style,Factor / Style,Factor / Style,Factor / Style
2026-09-16,XLG,62.41999816894531,62.61000061035156,61.66999816894531,62.02000045776367,888679.0,251,55115871.98680496,70567250.4472559,83451220.98456544,-0.0059304205081648,-0.0010013844999419,0.1040272259567123,0.0,0.0,0.1014300838690326,-0.0,-0.0,0.0105514902534521,0.0036930215887082,-0.0,61.957400207519534,60.19498031616211,0.0071393515563817,63.41999816894531,64.6472954183753,0.9593595533485404,0.5744998931884766,0.0092631391317018,61.66999816894531,61.65999984741211,61.65999984741211,-0.0058045889663727,Invesco S&P 500 Top 50 ETF,P,True,False,False,False,False,False,False,False,False,,False,,,10253615104.0,US Equity,unknown,243.0,True,,False,True,208.0,True,True,False,218.0,,0,0,False,US Equity,US Equity,US Equity,US Equity,US Equity
2026-09-16,FNDA,36.02999877929688,36.255001068115234,35.540000915527344,35.880001068115234,1741765.0,251,62494530.06040573,63867541.50805569,32034552.21771089,-0.0507936033782475,-0.0279707820577171,0.1065746039522073,0.0,0.0,0.098258373371818,-0.0,-0.0,0.0104718472270896,0.0036651465294813,-0.0,37.40420013427735,35.708086001078286,-0.0054418036936767,38.119998931884766,38.59000015258789,0.9297745769951514,0.3817502975463867,0.010639640083111,35.540000915527344,35.540000915527344,35.540000915527344,-0.0094760351857968,Schwab Fundamental U.S. Small Company ETF,P,True,False,False,False,False,False,False,False,False,,False,,,9333672960.0,Other,unknown,258.0,True,,False,True,339.0,True,True,False,219.0,,0,0,False,Other,Other,Other,Other,Other
2026-09-16,VSGX,81.86000061035156,82.19999694824219,80.875,81.41000366210938,209556.0,251,17059954.727416992,13583944.327900697,14057581.282943483,-0.0096106242756948,-0.0096791940947004,0.12096425912489,0.0,0.0,0.0864505815684219,-0.0,-0.0,0.01045743055034,0.003660100692619,-0.0,81.82419982910156,78.73831293741863,0.0032393365417862,84.54000091552734,84.54000091552734,0.9629761388748332,0.8727497100830078,0.0107204234224744,80.875,80.875,80.875,-0.006571718929407,Vanguard ESG International Stock ETF,Z,True,False,False,False,False,False,False,False,False,,False,,,6694336000.0,Global Equity,unknown,323.0,True,,False,True,433.0,True,True,False,220.0,,0,0,False,Global Equity,Global Equity,Global Equity,Global Equity,Global Equity
2026-09-16,GSIE,47.25,47.33000183105469,46.619998931884766,46.869998931884766,328682.0,251,15405324.988929749,16994006.248664476,19264808.901256863,-0.0182237686634696,0.0226386993524261,0.0884507552818705,0.0,0.0597737932537937,0.0889111253846577,-0.0,0.0013532009346267,0.007864256193234,0.0036320702751392,0.1460273134101319,47.2301001739502,45.42016863505046,0.0083447106922991,48.4900016784668,48.4900016784668,0.9665909942151758,0.4120506286621094,0.0087913513559267,46.619998931884766,46.619998931884766,46.619998931884766,-0.0053339024044638,Goldman Sachs ActiveBeta International Equity ETF,P,True,False,False,False,False,False,False,False,False,,False,,,5800200704.0,Global Equity,unknown,355.0,True,,False,True,401.0,True,True,False,221.0,,0,0,False,Global Equity,Global Equity,Global Equity,Global Equity,Global Equity
2026-09-16,CORO,36.68000030517578,36.77000045776367,36.070098876953125,36.29999923706055,726204.0,251,26361204.64595032,26170970.297166444,29256190.252710253,-0.0073831134814552,-0.0059190469519572,0.1160185466983558,0.0,0.0,0.0893561167906762,-0.0,-0.0,0.0103669668086628,0.0036284383830319,-0.0,36.41460037231445,35.026213620503746,0.0050757125311771,37.65999984741211,37.65999984741211,0.9638873973483296,0.4175453186035156,0.0115026260986039,36.070098876953125,36.070098876953125,36.070098876953125,-0.0063333433867597,iShares International Country Rotation Active ETF,Q,True,False,False,False,False,False,False,False,False,,False,,,7762802688.0,Global Equity,unknown,291.0,True,,False,True,355.0,True,True,False,222.0,,0,0,False,Global Equity,Global Equity,Global Equity,Global Equity,Global Equity
2026-09-16,ESGE,53.86000061035156,53.9900016784668,52.9900016784668,53.31499862670898,326149.0,251,17388633.48710251,35042360.705822565,36040150.72592738,0.0153304195564156,-0.0327467405688148,0.1417836379828276,0.0848708071546525,0.0,0.0725348071599957,0.0013011050817724,-0.0,0.010284248839527,0.0035994870938344,-0.0,52.93680000305176,51.19067385355631,0.003120970461659,55.915000915527344,57.11000061035156,0.9335492568186962,0.7500003814697266,0.0140673431639929,52.9900016784668,52.90999984741211,52.90999984741211,-0.0075963385487922,iShares ESG Aware MSCI EM ETF,Q,True,False,False,False,False,False,False,False,False,,False,,,6917690880.0,Country / Region,unknown,313.0,True,,False,True,321.0,True,True,False,223.0,,0,0,False,Country / Region,Country / Region,Country / Region,Country / Region,Country / Region
2026-09-16,GRNY,27.32999992370605,27.489900588989254,26.959999084472656,27.18000030517578,1559075.0,251,42375658.97579193,33928877.3911953,37205138.15679096,-0.0194804841830771,-0.0090985365823809,0.1088563475569464,0.0,0.0,0.0943592953554081,-0.0,-0.0,0.0102716082504368,0.0035950628876529,-0.0,27.621199913024903,26.488084513346354,0.0024317255616239,28.38500022888184,28.38500022888184,0.9575480037347344,0.3382949829101562,0.0124464672226562,26.959999084472656,26.959999084472656,26.959999084472656,-0.008094231723067,Fundstrat Granny Shots US Large Cap ETF,P,True,False,False,False,False,False,False,False,False,,False,,,4392313856.0,Factor / Style,unknown,403.0,True,,False,True,318.0,True,True,False,224.0,,0,0,False,Factor / Style,Factor / Style,Factor / Style,Factor / Style,Factor / Style
2026-09-16,VO,80.1500015258789,80.37680053710938,78.99500274658203,79.54000091552734,2928577.0,251,232939017.26119232,176273029.9123989,231993094.026058,-0.0429551157334435,-0.010633434802525,0.0908459782964332,0.0,0.0,0.1113504809212799,-0.0,-0.0,0.010115743373072,0.0035405101805752,-0.0,81.71979965209961,78.00871760050455,0.0018956100674138,83.76000213623047,84.58999633789062,0.9403003234307836,0.7245895385742187,0.0091097501915261,78.99500274658203,78.99500274658203,78.99500274658203,-0.0068518753164726,Vanguard Morningstar Mid-Cap ETF,P,True,False,False,False,False,False,False,False,False,,False,,,223974162432.0,Other,unknown,11.0,True,,False,True,100.0,True,True,False,225.0,,0,0,False,Other,Other,Other,Other,Other
2026-09-16,VNLA,48.77000045776367,48.79999923706055,48.71500015258789,48.72999954223633,608448.0,251,29649670.76147461,22389642.64449997,19529003.856925115,-0.0001062178205794,0.0064748953620508,0.0175564915215422,0.0,0.2980149261308829,0.3704272648127544,-0.0,0.0019296154630267,0.0065034031340332,0.003530441147879,0.469650637270104,48.675165023803714,48.31418548583984,0.0011961435117426,48.81999969482422,48.81999969482422,0.9981564901034312,0.0275166799820553,0.0005646763849896,48.71500015258789,48.71500015258789,48.71500015258789,-0.0003078060699638,Janus Henderson Short Duration Income ETF,P,True,False,False,False,False,False,False,False,False,,False,,,3309779456.0,Bond,unknown,473.0,True,,False,True,399.0,True,True,False,226.0,,0,0,False,Bond,Bond,Bond,Bond,Bond
2026-09-16,IWO,362.2699890136719,364.6400146484375,357.260009765625,361.1099853515625,396711.0,251,143256303.3988037,170352319.40791625,170949790.92924184,-0.0688112474969021,-0.0521606529687896,0.1275560790593168,0.0,0.0,0.0778951036307676,-0.0,-0.0,0.0099359939970598,0.0034775978989709,-0.0,379.1659246826172,360.87043924967446,-0.0101619270502402,393.1985634221718,396.2451390323128,0.9113297546903532,5.035598765770629,0.0139447785163519,357.260009765625,357.260009765625,357.260009765625,-0.0106615040904762,iShares Russell 2000 Growth Fund,P,True,False,False,False,False,False,False,False,False,,False,,,15425412096.0,Factor / Style,unknown,165.0,True,,False,True,122.0,True,True,False,227.0,,0,0,False,Factor / Style,Factor / Style,Factor / Style,Factor / Style,Factor / Style
2026-09-16,INTF,42.400001525878906,42.52000045776367,41.81499862670898,42.09000015258789,246121.0,251,10359232.927555084,10512412.50338764,10342618.627303652,-0.0142857283244125,0.0164211617406773,0.0939652971495397,0.0,0.0413072958039695,0.0909504614287343,-0.0,0.0006783137854669,0.0085461871340387,0.0034320694574671,0.0922023189958911,42.30610008239746,40.76371948242188,0.0086060069677154,43.4900016784668,43.4900016784668,0.9678086578099148,0.3680002212524414,0.0087431746238616,41.81499862670898,41.81499862670898,41.81499862670898,-0.0065336546657626,iShares International Equity Factor ETF,P,True,False,False,False,False,False,False,False,False,,False,,,3470813184.0,Factor / Style,unknown,466.0,True,,False,True,452.0,True,True,False,228.0,,0,0,False,Factor / Style,Factor / Style,Factor / Style,Factor / Style,Factor / Style
2026-09-16,AOA,97.80999755859376,98.23989868164062,96.61930084228516,97.16999816894533,204242.0,251,19846194.76602173,12696797.989605714,10801882.845387775,-0.01500256800853,-0.002943900091053,0.0892839228181143,0.0,0.0,0.1089012194856068,-0.0,-0.0,0.0097231280753514,0.003403094826373,-0.0,97.98240020751952,94.74781336466472,0.0037110508427067,99.80999755859376,100.02999877929688,0.9714085709761752,0.6705299377441406,0.006900586090146,96.61930084228516,96.61930084228516,96.61930084228516,-0.0056673596484244,iShares Core 80/20 Aggressive Allocation ETF,P,True,False,False,False,False,False,False,False,False,,False,,,3205894144.0,Other,unknown,481.0,True,,False,True,450.0,True,True,False,229.0,,0,0,False,Other,Other,Other,Other,Other
2026-09-16,FNDE,42.150001525878906,42.220001220703125,41.625,41.810001373291016,1775750.0,251,74244109.93862152,78249513.25371742,47612783.93608881,0.0202538272407553,0.0217769821268472,0.0899131748114669,0.1962174173394224,0.0527171229432797,0.0836772250389501,0.0039741536724198,0.0011480198441146,0.0075236849626655,0.0033795026356074,0.2827582092496975,41.41499969482422,40.24295448303223,0.0144703187866088,43.18000030517578,43.18000030517578,0.96827237326998,0.3707502365112304,0.0088675011799466,41.625,41.2400016784668,41.2400016784668,-0.0136330943817749,Schwab Fundamental Emerging Markets Equity ETF,P,True,False,False,False,False,False,False,False,False,,False,,,9189189632.0,Country / Region,unknown,261.0,True,,False,True,285.0,True,True,False,230.0,,0,0,False,Country / Region,Country / Region,Country / Region,Country / Region,Country / Region
2026-09-16,SCHM,34.79999923706055,34.92499923706055,34.224998474121094,34.560001373291016,2433874.0,251,84114688.7824173,71184533.36726722,44856143.08315931,-0.0413314256672096,-0.0376510890521183,0.1055813651811619,0.0,0.0,0.086163270503049,-0.0,-0.0,0.0090972357281856,0.0031840325048649,-0.0,35.52020027160645,34.16372824350993,-0.0052609936734204,36.52999877929688,36.91999816894531,0.9360780901219174,0.3840003967285156,0.0111111221490078,34.224998474121094,34.224998474121094,34.224998474121094,-0.0096933705398756,Schwab U.S. Mid Cap ETF,P,True,False,False,False,False,False,False,False,False,,False,,,15320031232.0,Factor / Style,unknown,167.0,True,,False,True,294.0,True,True,False,231.0,,0,0,False,Factor / Style,Factor / Style,Factor / Style,Factor / Style,Factor / Style
2026-09-16,FDL,52.34000015258789,52.380001068115234,51.44499969482422,51.66999816894531,520622.0,251,26900537.786712646,31078151.93156433,41580374.540465824,-0.0210307054949566,0.0381993541922927,0.0469325603617993,0.0,0.0852011160195303,0.0600965280867238,-0.0,0.0032546276084086,0.0028204839319647,0.0031026773216532,0.377417299926113,51.96539993286133,50.32914878845215,0.012488210861002,53.7599983215332,53.7599983215332,0.961123507852664,0.513249397277832,0.0099332188013566,51.44499969482422,51.44499969482422,51.44499969482422,-0.0043545283935451,First Trust Morningstar ETF,P,True,False,False,False,False,False,False,False,False,,False,,,7288230400.0,Other,unknown,303.0,True,,False,True,304.0,True,True,False,232.0,,0,0,False,Other,Other,Other,Other,Other
2026-09-16,DFIS,36.93000030517578,37.0900993347168,36.47999954223633,36.70000076293945,625440.0,251,22953648.47717285,15658317.795677183,27508360.562581863,-0.0089116399469588,0.016520236187826,0.0902957891060234,0.0,0.0406246857720711,0.0843432212921477,-0.0,0.0006711294040108,0.0076158377223184,0.0031017773154184,0.1495892104688847,36.57620010375977,35.59342758178711,0.0104704213927975,38.04999923706055,38.04999923706055,0.9645204073274672,0.3684547424316406,0.0100396385496458,36.47999954223633,36.47999954223633,36.47999954223633,-0.0059945835457662,Dimensional International Small Cap ETF,Z,True,False,False,False,False,False,False,False,False,,False,,,5815646208.0,Factor / Style,unknown,353.0,True,,False,True,363.0,True,True,False,233.0,,0,0,False,Factor / Style,Factor / Style,Factor / Style,Factor / Style,Factor / Style
2026-09-16,AAXJ,114.9800033569336,115.3499984741211,113.13999938964844,113.91000366210938,954536.0,251,108731199.25561523,56734387.76658325,59830411.84701248,0.0031704148011997,-0.0446997173528098,0.1337766356118146,0.0171592193438869,0.0,0.0653045340512394,5.44018429848919e-05,-0.0,0.008736220855572,0.0030576772994502,-0.0,114.22320022583008,110.33551610310872,0.0001068199401477,120.0999984741211,124.88999938964844,0.9120826664969208,1.6955001831054688,0.0148845591133051,113.13999938964844,113.13999938964844,113.13999938964844,-0.0067597598780261,iShares MSCI All Country Asia ex Japan ETF,Q,True,False,False,False,False,False,False,False,False,,False,,,3970623744.0,Country / Region,unknown,426.0,True,,False,True,255.0,True,True,False,234.0,,0,0,False,Country / Region,Country / Region,Country / Region,Country / Region,Country / Region
2026-09-16,VB,291.1400146484375,292.4800109863281,286.5150146484375,288.9800109863281,935612.0,251,270373166.0389404,140668681.39749756,146550296.148422,-0.0482494933336334,-0.0227158544388713,0.0961242705949492,0.0,0.0,0.0904559140066054,-0.0,-0.0,0.0086950087548844,0.0030432530642095,-0.0,299.3286004638672,286.5179690551758,-0.0032536669873772,307.5199890136719,309.510009765625,0.9336693543616146,3.038751220703125,0.0105154374184271,286.5150146484375,286.5150146484375,286.5150146484375,-0.0085299890794428,Vanguard Morningstar Small-Cap ETF,P,True,False,False,False,False,False,False,False,False,,False,,,188574482432.0,Other,unknown,12.0,True,,False,True,140.0,True,True,False,235.0,,0,0,False,Other,Other,Other,Other,Other
2026-09-16,USMV,99.31999969482422,99.31999969482422,98.16999816894533,98.48999786376952,1486532.0,251,146408533.50442505,149547301.21596986,193821150.22397625,-0.0169770887316302,0.0302727102589672,0.0424130711506329,0.0,0.1011074706019705,0.0708926321034857,-0.0,0.0030607971625505,0.0030067742494607,0.0030418891429691,0.3328676013857967,99.04290893554688,95.97106928507488,0.007331175323177,101.87542224029028,101.87542224029028,0.9667689782081524,0.7449676786849935,0.0075638917133029,98.16999816894533,98.16999816894533,98.16999816894533,-0.0032490577902828,iShares MSCI USA Min Vol Factor ETF,Z,True,False,False,False,False,False,False,False,False,,False,,,23007752192.0,Country / Region,unknown,118.0,True,,False,True,116.0,True,True,False,236.0,,0,0,False,Country / Region,Country / Region,Country / Region,Country / Region,Country / Region
2026-09-16,BBCA,104.36000061035156,104.41000366210938,102.5,103.2300033569336,199096.0,251,20552680.74835205,22403831.097773746,22811061.657296803,-0.0285149512364235,0.0146303914525633,0.0822221022469371,0.0,0.0382934758223893,0.091956470089825,-0.0,0.0005602485413608,0.007560854285993,0.003010460551982,0.0584523656143379,104.4532000732422,100.04595799763996,0.0106704955847405,108.05999755859376,108.05999755859376,0.9553026623099712,1.2499996185302735,0.0121088789875188,102.5,102.5,102.5,-0.0070716200057603,JPMorgan BetaBuilders Canada ETF,Z,True,False,False,False,False,False,False,False,False,,False,,,10509565952.0,Country / Region,unknown,238.0,True,,False,True,384.0,True,True,False,237.0,,0,0,False,Country / Region,Country / Region,Country / Region,Country / Region,Country / Region
2026-09-16,SPDW,51.04999923706055,51.18000030517578,50.26499938964844,50.59999847412109,2697359.0,251,136486361.2841568,125014298.1335781,138516536.9825075,-0.013837514717735,-0.0045621562266843,0.102833089700179,0.0,0.0,0.0815602724636947,-0.0,-0.0,0.0083870948142301,0.0029354831849805,-0.0,50.91080017089844,49.0844908396403,0.0054507978788564,52.380001068115234,52.43000030517578,0.9650962841807568,0.5232498168945312,0.0103409057840612,50.26499938964844,50.26499938964844,50.26499938964844,-0.006620535465905,State Street SPDR Portfolio Developed World ex-US ETF,P,True,False,False,False,False,False,False,False,False,,False,,,40294080512.0,Country / Region,unknown,78.0,True,,False,True,144.0,True,True,False,238.0,,0,0,False,Country / Region,Country / Region,Country / Region,Country / Region,Country / Region
2026-09-16,AVEM,93.37999725341795,93.5500030517578,91.87000274658205,92.41999816894533,1404572.0,251,129810541.66815186,139030676.33931273,158662760.86351037,0.0108950784674806,-0.0399052402025336,0.1251142304031061,0.0647372641034629,0.0,0.0663983504725346,0.0007053175721772,-0.0,0.0083073785194068,0.0029075824817924,-0.0,92.07983413696287,89.59313990275065,0.0013581201077665,96.73999786376952,100.15508825036424,0.922768875585402,1.2272315747557483,0.0132788530520456,91.87000274658205,91.87000274658205,91.87000274658205,-0.0059510434241503,Avantis Emerging Markets Equity ETF,P,True,False,False,False,False,False,False,False,False,,False,,,26237122560.0,Country / Region,unknown,105.0,True,,False,True,128.0,True,True,False,239.0,,0,0,False,Country / Region,Country / Region,Country / Region,Country / Region,Country / Region
2026-09-16,DFAE,39.34000015258789,39.459999084472656,38.772499084472656,39.02999877929688,1024050.0,251,39968670.249938965,31491159.057827,41970432.88783119,0.0098317526110194,-0.0354500492433809,0.1228657798810022,0.0603169220894817,0.0,0.0673028893631262,0.0005930210562419,-0.0,0.0082692219898453,0.0028942276964458,-0.0,38.86400009155273,37.83144449869792,0.0018457213290474,40.77000045776367,41.9479311788804,0.930439182157984,0.5253753662109375,0.0134608091888954,38.772499084472656,38.772499084472656,38.772499084472656,-0.0065974814982778,Dimensional Emerging Core Equity Market ETF,P,True,False,False,False,False,False,False,False,False,,False,,,9686572032.0,Other,unknown,252.0,True,,False,True,301.0,True,True,False,240.0,,0,0,False,Other,Other,Other,Other,Other
2026-09-16,SCHF,27.899999618530277,27.96500015258789,27.450000762939453,27.6299991607666,8512256.0,251,235193626.13623047,199844322.23379248,205698753.88379812,-0.0149732651592741,-0.010064337958931,0.1026335874289174,0.0,0.0,0.0803544590088983,-0.0,-0.0,0.0082470663939931,0.0028864732378975,-0.0,27.843799896240235,26.85685571034749,0.0044987021371598,28.63999938964844,28.690000534057617,0.9630532815071684,0.2907501220703125,0.0105229870033135,27.450000762939453,27.450000762939453,27.450000762939453,-0.0065146001916184,Schwab International Equity ETF,P,True,False,False,False,False,False,False,False,False,,False,,,66217533440.0,Global Equity,unknown,47.0,True,,False,True,110.0,True,True,False,241.0,,0,0,False,Global Equity,Global Equity,Global Equity,Global Equity,Global Equity
2026-09-16,DFIC,38.63999938964844,38.80500030517578,38.185001373291016,38.400001525878906,1763288.0,251,67710261.89056396,76510654.78207397,69190490.18715389,-0.0133606543558708,0.0135213981827491,0.0839834580027791,0.0,0.0371897359153515,0.0859237698199349,-0.0,0.0005028572276227,0.0072161753141129,0.0028525185578943,0.0904072296327414,38.517899932861326,37.34440340677897,0.0085728120613797,39.630001068115234,39.630001068115234,0.9689629192761758,0.3372499465942383,0.008782550343571,38.185001373291016,38.185001373291016,38.185001373291016,-0.0055989620844935,Dimensional International Core Equity 2 ETF,Z,True,False,False,False,False,False,False,False,False,,False,,,14218919936.0,Global Equity,unknown,180.0,True,,False,True,226.0,True,True,False,242.0,,0,0,False,Global Equity,Global Equity,Global Equity,Global Equity,Global Equity
2026-09-16,EEM,66.41000366210938,66.57499694824219,65.29000091552734,65.72000122070312,17571237.0,251,1154781717.089264,1133426164.213304,1445038300.633521,0.0058158081437194,-0.0425407662428632,0.1244527642945716,0.031301847140803,0.0,0.0633170459999203,0.0001820455375149,-0.0,0.0078799814016566,0.0027579934905798,-0.0,65.82499977111816,63.90402860005697,0.0006262932710581,69.12999725341797,71.56999969482422,0.9182618625252816,0.9487506866455078,0.0144362548542776,65.29000091552734,65.29000091552734,65.29000091552734,-0.0065429138342791,iShares MSCI Emerging Index Fund,P,True,False,False,False,False,False,False,False,False,,False,,,30315917312.0,Other,unknown,94.0,True,,False,True,23.0,True,True,False,243.0,,0,0,False,Other,Other,Other,Other,Other
2026-09-16,IDMO,62.0099983215332,62.22499847412109,60.96500015258789,61.47999954223633,304246.0,251,18705043.940727238,19707568.28588448,20543683.287756663,-0.0150592543140548,0.0134243435440735,0.1042736285424006,0.0,0.0227289882566521,0.0695048720579269,-0.0,0.0003051217467665,0.0072475252108553,0.0027349629591976,0.047455365702374,61.51460006713867,59.21187858581543,0.0082013696595173,63.810001373291016,63.880001068115234,0.9624295321579632,0.7439998626708985,0.012101494277985,60.96500015258789,60.96500015258789,60.96500015258789,-0.0083766980072053,Invesco S&P International Developed Momentum ETF,P,True,False,False,False,False,False,False,False,False,,False,,,3922271744.0,Factor / Style,unknown,433.0,True,,False,True,394.0,True,True,False,244.0,,0,0,False,Factor / Style,Factor / Style,Factor / Style,Factor / Style,Factor / Style
2026-09-16,AVDE,92.36000061035156,92.58000183105467,91.0199966430664,91.56999969482422,770492.0,251,70553952.2048645,81547971.07307282,88193974.90541925,-0.0145218947138,0.0116257713983198,0.0872401906623496,0.0,0.0290983502805788,0.0822622981906022,-0.0,0.0003382907684302,0.0071765785784711,0.0027316915019445,0.0654504832544667,91.88540908813476,89.04073791503906,0.0085568898158694,94.49393206819651,94.49393206819651,0.9690569298009306,0.8181427538132994,0.008934615666047,91.0199966430664,91.0199966430664,91.0199966430664,-0.0060063672992335,Avantis International Equity ETF,P,True,False,False,False,False,False,False,False,False,,False,,,17163864064.0,Global Equity,unknown,152.0,True,,False,True,197.0,True,True,False,245.0,,0,0,False,Global Equity,Global Equity,Global Equity,Global Equity,Global Equity
2026-09-16,FEZ,68.77999877929688,68.95999908447266,67.93000030517578,68.27999877929688,1164639.0,251,79521549.49832153,49870580.03831635,68322196.07411267,-0.0428931555322845,-0.0067111620960739,0.100186388592556,0.0,0.0,0.0771947997527047,-0.0,-0.0,0.007733868205349,0.0027068538718721,-0.0,69.88139984130859,66.72591654459636,0.0044529658336416,72.04000091552734,72.36000061035156,0.9436152322189032,0.634000015258789,0.0092852962301315,67.93000030517578,67.93000030517578,67.93000030517578,-0.0051259297067711,State Street SPDR EURO STOXX 50 ETF,P,True,False,False,False,False,False,False,False,False,,False,,,4349350400.0,Other,unknown,406.0,True,,False,True,229.0,True,True,False,246.0,,0,0,False,Other,Other,Other,Other,Other
2026-09-16,IEMG,80.88999938964844,81.11000061035156,79.58879852294922,80.11000061035156,7945361.0,251,636502874.5594635,696481969.7380288,889133250.3037659,0.0060279213046561,-0.0365604432921291,0.1206429606671661,0.0345823812620274,0.0,0.0639824697684559,0.0002084598727751,-0.0,0.0077190345836639,0.0027016621042823,-0.0,80.10259994506836,77.87480407714844,0.0016305696043728,84.08000183105469,86.48999786376953,0.9262342766678396,1.1020599365234376,0.0137568334555852,79.58879852294922,79.58879852294922,79.58879852294922,-0.0065060801826407,iShares Core MSCI Emerging Markets ETF,P,True,False,False,False,False,False,False,False,False,,False,,,160718422016.0,Country / Region,unknown,16.0,True,,False,True,35.0,True,True,False,247.0,,0,0,False,Country / Region,Country / Region,Country / Region,Country / Region,Country / Region
2026-09-16,SCZ,85.72000122070312,86.05999755859375,84.68000030517578,85.16000366210938,914736.0,251,77898921.10986328,92163098.98891906,122237959.34816536,-0.0052563595962382,0.0080492457167968,0.0891506675603313,0.0,0.0191982068548685,0.0832567352475823,-0.0,0.0001545310842967,0.0074223935262157,0.0026982829389683,0.0608620027028414,85.11679977416992,82.98750554402669,0.0079268281367774,87.8499984741211,87.8499984741211,0.96937968288293,0.7949996948242187,0.0093353647327042,84.68000030517578,84.68000030517578,84.68000030517578,-0.005636488213858,iShares MSCI EAFE Small-Cap ETF,Q,True,False,False,False,False,False,False,False,False,,False,,,14441042944.0,Country / Region,unknown,177.0,True,,False,True,154.0,True,True,False,248.0,,0,0,False,Country / Region,Country / Region,Country / Region,Country / Region,Country / Region
2026-09-16,ESGD,104.91999816894533,105.18000030517578,103.4000015258789,104.01000213623048,459177.0,251,47759000.7509079,32012014.08219261,29514484.166429672,-0.0211744772705292,0.0104925855227107,0.0888078755681822,0.0,0.0250580435756966,0.0803626135733065,-0.0,0.0002629236652498,0.0071368329865521,0.0026687919277056,0.0445630044871078,105.23448043823242,101.31241373697917,0.0061273388820302,107.76000213623048,108.0,0.9630555753354672,0.934699249267578,0.0089866284979335,103.4000015258789,103.4000015258789,103.4000015258789,-0.005864826438063,iShares ESG Aware MSCI EAFE ETF,Q,True,False,False,False,False,False,False,False,False,,False,,,11761851392.0,Country / Region,unknown,208.0,True,,False,True,352.0,True,True,False,249.0,,0,0,False,Country / Region,Country / Region,Country / Region,Country / Region,Country / Region
2026-09-16,PTLC,59.20000076293945,59.32070159912109,58.45009994506836,58.790000915527344,86015.0,251,5056821.9287490845,4789409.817865372,5790184.386927892,-0.0168896042544974,0.0078861489805019,0.0767399735989406,0.0,0.0221900231200512,0.0946893370356736,-0.0,0.0001749938282055,0.0072664572242187,0.0026570060168101,0.0792393529760947,59.17609977722168,57.07331316630046,0.0056591177546903,60.43000030517578,60.75,0.9677366405848122,0.4449798583984375,0.0075689717888898,58.45009994506836,58.45009994506836,58.45009994506836,-0.005781611926616,Pacer Trendpilot US Large Cap ETF,Z,True,False,False,False,False,False,False,False,False,,False,,,3292433408.0,Factor / Style,unknown,474.0,True,,False,True,464.0,True,True,False,250.0,,0,0,False,Factor / Style,Factor / Style,Factor / Style,Factor / Style,Factor / Style
2026-09-16,IJJ,143.4600067138672,143.80499267578125,140.6199951171875,141.97999572753906,205344.0,251,29154740.24267578,19845133.309817504,25488126.025716145,-0.0439058509178443,-0.0241398665586293,0.0834260562494701,0.0,0.0,0.0903713379338285,-0.0,-0.0,0.0075393243218074,0.0026387635126326,-0.0,147.20788848876953,141.5418881225586,-0.0015613925068282,149.96410359694033,151.1990978823567,0.93902673836063,1.447174066334125,0.0101928025770001,140.6199951171875,140.6199951171875,140.6199951171875,-0.0095788185045547,iShares S&P Mid-Cap 400 Value ETF,P,True,False,False,False,False,False,False,False,False,,False,,,8733020160.0,Factor / Style,unknown,269.0,True,,False,True,371.0,True,True,False,251.0,,0,0,False,Factor / Style,Factor / Style,Factor / Style,Factor / Style,Factor / Style
2026-09-16,VEU,84.19999694824219,84.4000015258789,82.94000244140625,83.5,3151065.0,251,263113927.5,201402802.7252884,219671681.4342777,-0.0110150456213935,-0.0096676850336786,0.0961156516169803,0.0,0.0,0.0779166403817951,-0.0,-0.0,0.0074890086621021,0.0026211530317357,-0.0,84.07399993896485,81.37775095621745,0.0044851380974315,86.5199966430664,86.5199966430664,0.9650948132195932,0.8264995574951172,0.0098981982933546,82.94000244140625,82.94000244140625,82.94000244140625,-0.0067065575879491,Vanguard FTSE All World Ex US ETF,P,True,False,False,False,False,False,False,False,False,,False,,,94563958784.0,Country / Region,unknown,32.0,True,,False,True,105.0,True,True,False,252.0,,0,0,False,Country / Region,Country / Region,Country / Region,Country / Region,Country / Region
2026-09-16,DFAX,37.560001373291016,37.810001373291016,37.17499923706055,37.41999816894531,737718.0,251,27605406.209198,22716138.783150483,27482113.703664385,-0.005844878434393,0.0005213009738465,0.0944432401023815,0.0,0.0011461226810973,0.0787571046297777,-0.0,5.974748698036232e-07,0.0074380761423184,0.0026037150084768,0.0002168033241756,37.363699493408205,36.33332071940104,0.0072761480939751,38.7400016784668,38.7400016784668,0.9659266016435102,0.4421504974365234,0.0118158877357578,37.17499923706055,37.17499923706055,37.17499923706055,-0.0065472726850128,Dimensional World ex U.S. Core Equity 2 ETF,P,True,False,False,False,False,False,False,False,False,,False,,,11913159680.0,Global Equity,unknown,206.0,True,,False,True,365.0,True,True,False,253.0,,0,0,False,Global Equity,Global Equity,Global Equity,Global Equity,Global Equity
2026-09-16,VEA,71.93000030517578,72.12999725341797,70.80500030517578,71.26000213623047,10197510.0,251,726674584.3842316,707116952.4677315,757607421.9397421,-0.0156098530590615,-0.0094704985729349,0.0970339580269765,0.0,0.0,0.076230252268635,-0.0,-0.0,0.0073969230990205,0.0025889230846571,-0.0,71.82599975585937,69.42389930725098,0.0047561781953782,73.91000366210938,74.04000091552734,0.9624527452063568,0.7537494659423828,0.0105774550006525,70.80500030517578,70.80500030517578,70.80500030517578,-0.0063850942662735,Vanguard FTSE Developed Markets ETF,P,True,False,False,False,False,False,False,False,False,,False,,,316309798912.0,Country / Region,unknown,9.0,True,,False,True,40.0,True,True,False,254.0,,0,0,False,Country / Region,Country / Region,Country / Region,Country / Region,Country / Region
2026-09-16,DFAI,42.5099983215332,42.59999847412109,41.91999816894531,42.150001525878906,1184201.0,251,49914073.95694733,79044451.86297798,73353681.81575412,-0.0170242426318207,0.011616584060335,0.0820937838051172,0.0,0.0304576204542934,0.081498771298115,-0.0,0.000353813508285,0.0066905425113301,0.0025716686593508,0.0598668470842135,42.47319999694824,41.0773427327474,0.007400168146997,43.59000015258789,43.59000015258789,0.9669649318268356,0.3706499099731445,0.0087935918518431,41.91999816894531,41.91999816894531,41.91999816894531,-0.005456781698866,Dimensional International Core Equity Market ETF,P,True,False,False,False,False,False,False,False,False,,False,,,16829969408.0,Global Equity,unknown,156.0,True,,False,True,220.0,True,True,False,255.0,,0,0,False,Global Equity,Global Equity,Global Equity,Global Equity,Global Equity
2026-09-16,IXUS,96.16000366210938,96.36000061035156,94.72000122070312,95.30999755859376,1165674.0,251,111100386.0941162,165694327.79034728,170211498.0736176,-0.0126385707669228,-0.0089425041772462,0.095486663751793,0.0,0.0,0.0766529963226779,-0.0,-0.0,0.0073193388854309,0.0025617686099008,-0.0,96.02399932861329,92.94855860392252,0.0047693675122513,98.83000183105467,98.83000183105467,0.9643832418572832,0.9514991760253906,0.0099832042849485,94.72000122070312,94.72000122070312,94.72000122070312,-0.0061902880390686,iShares Core MSCI Total International Stock ETF,Q,True,False,False,False,False,False,False,False,False,,False,,,58515161088.0,Country / Region,unknown,50.0,True,,False,True,123.0,True,True,False,256.0,,0,0,False,Country / Region,Country / Region,Country / Region,Country / Region,Country / Region
2026-09-16,DFEM,39.810001373291016,39.88999938964844,39.17499923706055,39.40999984741211,888431.0,251,35013065.57443619,29292344.472245216,36357941.59540116,0.0068983255486478,-0.0362593025402463,0.1133894437942877,0.0450751889994096,0.0,0.0640486570513569,0.0003109433278847,-0.0,0.0072624415988244,0.0025418545595885,-0.0,39.28690002441406,38.36446551005046,0.0017645089236253,41.209999084472656,42.33473122840727,0.9309141384359936,0.4949996948242187,0.0125602561974311,39.17499923706055,39.17499923706055,39.17499923706055,-0.005962969075398,Dimensional Emerging Markets Core Equity 2 ETF,P,True,False,False,False,False,False,False,False,False,,False,,,9250564096.0,Country / Region,unknown,259.0,True,,False,True,319.0,True,True,False,257.0,,0,0,False,Country / Region,Country / Region,Country / Region,Country / Region,Country / Region
2026-09-16,ACWX,76.41999816894531,76.54000091552734,75.2750015258789,75.73999786376953,2446410.0,251,185291088.1739044,183484898.958828,152657615.50811645,-0.0134166839173608,-0.0088981983966091,0.095444567700528,0.0,0.0,0.0752137299143967,-0.0,-0.0,0.0071787419368238,0.0025125596778883,-0.0,76.35259979248048,73.77444402058919,0.004687059456889,78.77999877929688,78.77999877929688,0.9614115135487123,0.7707500457763672,0.0101762617839346,75.2750015258789,75.2750015258789,75.2750015258789,-0.0061393761685469,iShares MSCI ACWI ex U.S. ETF,Q,True,False,False,False,False,False,False,False,False,,False,,,11616678912.0,Global Equity,unknown,210.0,True,,False,True,134.0,True,True,False,258.0,,0,0,False,Global Equity,Global Equity,Global Equity,Global Equity,Global Equity
2026-09-16,EWC,60.45000076293945,60.54999923706055,59.40499877929688,59.86000061035156,2118063.0,251,126787252.47276306,100720070.58571243,99213921.7753044,-0.0279311654686527,0.0126882082939558,0.0758759403066202,0.0,0.0333185219379812,0.0840496321260739,-0.0,0.0004227523463958,0.0063773448699913,0.0025068597296542,0.0490888634187471,60.556600189208986,58.17276748657227,0.0108198554163743,62.709999084472656,62.709999084472656,0.9545527265869986,0.7182497024536133,0.0119988255116958,59.40499877929688,59.40499877929688,59.40499877929688,-0.0076010996728256,iShares MSCI Canada Index Fund,P,True,False,False,False,False,False,False,False,False,,False,,,5956639232.0,Country / Region,unknown,348.0,True,,False,True,181.0,True,True,False,259.0,,0,0,False,Country / Region,Country / Region,Country / Region,Country / Region,Country / Region
2026-09-16,CGGO,39.290000915527344,39.39239883422852,38.69499969482422,38.97999954223633,1127302.0,251,43942231.4439621,43811606.28161354,49944716.479458645,-0.0394283444214613,-0.0591359098453441,0.1073863266297616,0.0,0.0,0.0664790492212677,-0.0,-0.0,0.007138940893711,0.0024986293127988,-0.0,40.13599990844727,38.54006668090821,-0.0073700358848347,40.900001525878906,42.880001068115234,0.9090484741433724,0.4288198471069336,0.0110010223741098,38.69499969482422,38.69499969482422,38.69499969482422,-0.0073114379363524,Capital Group Global Growth Equity ETF,P,True,False,False,False,False,False,False,False,False,,False,,,11956222976.0,Factor / Style,unknown,205.0,True,,False,True,282.0,True,True,False,260.0,,0,0,False,Factor / Style,Factor / Style,Factor / Style,Factor / Style,Factor / Style
2026-09-16,QQQI,53.50070190429688,53.7599983215332,52.95000076293945,53.27000045776367,5968528.0,251,317943489.2921753,219079214.13995892,276446726.0964353,-0.0210960079291413,-0.0287577047140309,0.0924769715464439,0.0,0.0,0.0769112951867002,-0.0,-0.0,0.0071125236565806,0.0024893832798032,-0.0,53.94324020385742,52.156436131795246,4.426895845899281e-06,54.9379997253418,55.92175933003246,0.9525809111866644,0.5080997467041015,0.0095381967775081,52.95000076293945,52.95000076293945,52.95000076293945,-0.006007127690527,NEOS Nasdaq 100 High Income ETF,Q,True,False,False,False,False,False,False,False,False,,False,,,13110758400.0,Bond,unknown,196.0,True,,False,True,84.0,True,True,False,261.0,,0,0,False,Bond,Bond,Bond,Bond,Bond
2026-09-16,VXUS,86.18000030517578,86.36000061035156,84.94499969482422,85.41000366210938,5218967.0,251,445751990.582428,431340780.5676727,452370913.5891893,-0.0119157652730871,-0.0096455273988816,0.0925259555012858,0.0,0.0,0.0754796833663856,-0.0,-0.0,0.0069838298244093,0.0024443404385432,-0.0,85.99560012817383,83.3418344116211,0.004830448651212,88.52999877929688,88.62000274658203,0.9637779396864612,0.8372501373291016,0.009802717497137,84.94499969482422,84.94499969482422,84.94499969482422,-0.0054443735785887,Vanguard Total International Stock ETF,Q,True,False,False,False,False,False,False,False,False,,False,,,650318381056.0,Global Equity,unknown,5.0,True,,False,True,65.0,True,True,False,262.0,,0,0,False,Global Equity,Global Equity,Global Equity,Global Equity,Global Equity
2026-09-16,IDEV,91.2699966430664,91.49500274658205,89.98500061035156,90.5199966430664,2104281.0,251,190479509.0560684,173412035.32050973,150252231.10662758,-0.0199220869978961,0.0079055684642397,0.0843314926094584,0.0,0.0194787104336405,0.0792568522365861,-0.0,0.0001539902789282,0.0066838486486386,0.0024394407083268,0.028553657214427,91.40179916381835,88.2591177368164,0.0068295611243744,93.86000061035156,93.86000061035156,0.9644150442620304,0.8426506042480468,0.0093089995083709,89.98500061035156,89.98500061035156,89.98500061035156,-0.0059102524586297,iShares Core MSCI International Developed Markets ETF,P,True,False,False,False,False,False,False,False,False,,False,,,30637815808.0,Country / Region,unknown,93.0,True,,False,True,136.0,True,True,False,263.0,,0,0,False,Country / Region,Country / Region,Country / Region,Country / Region,Country / Region
2026-09-16,IEFA,98.70999908447266,99.02999877929688,97.41500091552734,97.97000122070312,8561304.0,251,838750963.3308105,791598705.2264007,854841327.8852428,-0.0191229083423856,0.0069894161658625,0.0859835058280664,0.0,0.0167735578163529,0.0784957154150173,-0.0,0.0001172373761606,0.0067493368038653,0.0024384721758573,0.0231842104763558,98.95179962158204,95.56065989176432,0.0062765279068932,101.44000244140624,101.44000244140624,0.9657925755403302,0.8937503814697265,0.0091226943996491,97.41500091552734,97.41500091552734,97.41500091552734,-0.0056650025340461,iShares Core MSCI EAFE ETF,Z,True,False,False,False,False,False,False,False,False,,False,,,186543423488.0,Country / Region,unknown,13.0,True,,False,True,37.0,True,True,False,264.0,,0,0,False,Country / Region,Country / Region,Country / Region,Country / Region,Country / Region
2026-09-16,IQLT,50.400001525878906,50.415000915527344,49.66709899902344,49.93000030517578,924833.0,251,46176911.97223663,66205418.69193077,72898286.40112801,-0.0265159014637459,0.0103197522283791,0.0826062250778114,0.0,0.0265211673011269,0.0778637490422178,-0.0,0.000273691875355,0.0064320303787836,0.002429110351555,0.0323196376172994,50.67560012817383,48.72608098347982,0.006162985720731,52.36000061035156,52.36000061035156,0.9535905218325118,0.4556449890136719,0.0091256756705134,49.66709899902344,49.66709899902344,49.66709899902344,-0.0052653976476161,iShares MSCI Intl Quality Factor ETF,P,True,False,False,False,False,False,False,False,False,,False,,,13642241024.0,Country / Region,unknown,188.0,True,,False,True,222.0,True,True,False,265.0,,0,0,False,Country / Region,Country / Region,Country / Region,Country / Region,Country / Region
2026-09-16,HELO,68.80999755859375,68.94999694824219,68.2300033569336,68.5199966430664,317281.0,251,21740093.054908752,19326969.47288246,25463387.56124018,-0.0156587265870971,0.0098368843640708,0.049379921896963,0.0,0.0459630435799108,0.1215298296831105,-0.0,0.0004521331447163,0.0060011334979032,0.0023942832683317,0.1358767188313069,68.92269989013671,67.36279846191407,0.0051125687864002,70.052001953125,70.2300033569336,0.9756513365779532,0.3647991180419921,0.0053239803840373,68.2300033569336,68.2300033569336,68.2300033569336,-0.0042322431456534,JPMorgan Hedged Equity Laddered Overlay ETF,P,True,False,False,False,False,False,False,False,False,,False,,,3913838592.0,Other,unknown,434.0,True,,False,True,372.0,True,True,False,266.0,,0,0,False,Other,Other,Other,Other,Other
2026-09-16,EZU,68.9000015258789,68.9000015258789,67.77999877929688,68.16000366210938,953607.0,251,64997856.612213135,72516905.75057068,60543961.76952496,-0.0413501388903941,-0.0170174897332154,0.0921036949076337,0.0,0.0,0.0733264196302453,-0.0,-0.0,0.0067536341822932,0.0023637719638026,-0.0,69.81679992675781,67.00907249450684,0.0023487838632316,71.9800033569336,72.19999694824219,0.944044411954353,0.6904987335205078,0.0101305559920965,67.77999877929688,67.77999877929688,67.77999877929688,-0.0055751887088548,iShares MSCI Eurozone ETF,Z,True,False,False,False,False,False,False,False,False,,False,,,9595190272.0,Country / Region,unknown,255.0,True,,False,True,253.0,True,True,False,267.0,,0,0,False,Country / Region,Country / Region,Country / Region,Country / Region,Country / Region
2026-09-16,EFA,105.87999725341795,106.16999816894533,104.36000061035156,105.0199966430664,11545522.0,251,1212510681.682449,1041034628.989556,1135601702.7095592,-0.0209751101930834,0.0068066254538432,0.0844960622241228,0.0,0.0163330789032278,0.0768135060983012,-0.0,0.0001111731506023,0.0064904387909351,0.0023439161247188,0.0205411654612041,106.1943995666504,102.46359990437826,0.0060289115269753,108.83000183105467,108.88999938964844,0.9644595209084929,0.9619998931884766,0.0091601592452725,104.36000061035156,104.36000061035156,104.36000061035156,-0.0062844796592212,iShares MSCI EAFE ETF,P,True,False,False,False,False,False,False,False,False,,False,,,77217693696.0,Country / Region,unknown,37.0,True,,False,True,28.0,True,True,False,268.0,,0,0,False,Country / Region,Country / Region,Country / Region,Country / Region,Country / Region
2026-09-16,IWY,284.4700012207031,285.6400146484375,280.8699951171875,282.739990234375,224564.0,251,63493223.16699219,73477444.80855712,99120429.82208544,-0.0143164609618283,-0.0210005448264523,0.0935920074788241,0.0,0.0,0.0707038488505755,-0.0,-0.0,0.0066173151504047,0.0023160603026416,-0.0,284.5946710205078,277.4705116780599,0.0019227582209198,290.7434788239638,302.5845468928296,0.934416489995164,3.2925970665457527,0.0116453178901802,280.8699951171875,280.8699951171875,280.8699951171875,-0.006613833139194,iShares Russell Top 200 Growth ETF,P,True,False,False,False,False,False,False,False,False,,False,,,16964288512.0,Factor / Style,unknown,153.0,True,,False,True,183.0,True,True,False,269.0,,0,0,False,Factor / Style,Factor / Style,Factor / Style,Factor / Style,Factor / Style
2026-09-16,CGGR,46.36000061035156,46.494998931884766,45.72999954223633,46.040000915527344,2335650.0,251,107533328.13835144,113639860.15331268,120321662.83261132,-0.0045405207453547,-0.0127181423924118,0.090849421310063,0.0,0.0,0.0711410680396511,-0.0,-0.0,0.0064631248627821,0.0022620937019737,-0.0,46.33440017700195,44.90023653666179,0.0011981404700058,47.470001220703125,47.99230270034517,0.9593205227720032,0.4988998413085937,0.0108362257034694,45.72999954223633,45.72999954223633,45.72999954223633,-0.0067333051070045,Capital Group Growth ETF,P,True,False,False,False,False,False,False,False,False,,False,,,24842137600.0,Factor / Style,unknown,111.0,True,,False,True,155.0,True,True,False,270.0,,0,0,False,Factor / Style,Factor / Style,Factor / Style,Factor / Style,Factor / Style
2026-09-16,IVOO,124.58999633789062,125.05999755859376,122.5749969482422,123.62999725341795,122638.0,251,15161735.603164673,8911301.275855254,10167277.96320573,-0.0541657799463496,-0.0375411338656532,0.0802431882459013,0.0,0.0,0.0791190193365735,-0.0,-0.0,0.0063487623624557,0.0022220668268595,-0.0,128.52080032348633,123.93525268554689,-0.0042558274738403,131.72000122070312,133.13999938964844,0.928571412198986,1.2822498321533202,0.0103716724147858,122.5749969482422,122.5749969482422,122.5749969482422,-0.008533530119015,Vanguard S&P Mid-Cap 400 ETF,P,True,False,False,False,False,False,False,False,False,,False,,,5857669632.0,Other,unknown,352.0,True,,False,True,453.0,True,True,False,271.0,,0,0,False,Other,Other,Other,Other,Other
2026-09-16,FWD,126.11000061035156,127.2136001586914,124.7699966430664,126.01000213623048,123040.0,251,15504270.662841797,17934280.329101562,31684350.486031186,-0.0435673462145694,-0.11831791386343,0.1227835549061804,0.0,0.0,0.0511677922225676,-0.0,-0.0,0.0062825634257876,0.0021988971990256,,129.77459930419923,127.33376653035482,-0.021998046293218,132.91000366210938,149.56900024414062,0.8424874267431424,1.9357303619384765,0.0153617199358963,123.95999908447266,123.95999908447266,123.95999908447266,-0.0162685740576492,AB Disruptors ETF,P,True,False,False,False,False,False,False,False,False,,False,,,3163472384.0,Other,unknown,489.0,True,,False,True,341.0,True,True,False,272.0,,0,0,False,Other,Other,Other,Other,Other
2026-09-16,SPMD,64.5,64.81500244140625,63.42499923706055,64.0,1583540.0,251,101346560.0,83855217.0107727,95330639.34030926,-0.054652837740464,-0.0381353745828839,0.0798026786896923,0.0,0.0,0.0780887300307929,-0.0,-0.0,0.0062316898319335,0.0021810914411767,-0.0,66.545,64.17277275085449,-0.0042764738738365,68.2300033569336,68.97000122070312,0.9279396674968994,0.688499641418457,0.0107578068971633,63.42499923706055,63.42499923706055,63.42499923706055,-0.0089843869209289,State Street SPDR Portfolio S&P 400 Mid Cap ETF,P,True,False,False,False,False,False,False,False,False,,False,,,18386264064.0,Factor / Style,unknown,142.0,True,,False,True,186.0,True,True,False,273.0,,0,0,False,Factor / Style,Factor / Style,Factor / Style,Factor / Style,Factor / Style
2026-09-16,VONG,124.69000244140624,125.51000213623048,123.38999938964844,124.2300033569336,887716.0,251,110280961.66000366,134554914.9817276,140199540.83508688,-0.0194948196590534,-0.0211082076539571,0.0896408310622829,0.0,0.0,0.0693218541938699,-0.0,-0.0,0.0062140686207169,0.0021749240172509,-0.0,125.40200012207032,122.1834794108073,0.0015798191081517,128.10000610351562,132.77137888766129,0.9356685484304972,1.454000473022461,0.0117041007303595,123.38999938964844,123.38999938964844,123.38999938964844,-0.0067616835272207,Vanguard Russell 1000 Growth ETF,Q,True,False,False,False,False,False,False,False,False,,False,,,53361160192.0,Factor / Style,unknown,52.0,True,,False,True,142.0,True,True,False,274.0,,0,0,False,Factor / Style,Factor / Style,Factor / Style,Factor / Style,Factor / Style
2026-09-16,IJH,73.37000274658203,73.73999786376953,72.1449966430664,72.80000305175781,8463271.0,251,616126154.6278534,437889941.313546,467445125.1110721,-0.0545875683667304,-0.0382766622561837,0.0794102884700551,0.0,0.0,0.0777534459783286,-0.0,-0.0,0.0061744235746799,0.0021610482511379,-0.0,75.7077882385254,73.0176756286621,-0.0043531781508563,77.64147026972773,78.46893266431357,0.9277557445975828,0.7931549307576183,0.0108949848558896,72.1449966430664,72.1449966430664,72.1449966430664,-0.0089973404015618,iShares Core S&P Mid-Cap ETF,P,True,False,False,False,False,False,False,False,False,,False,,,124330491904.0,Other,unknown,22.0,True,,False,True,63.0,True,True,False,275.0,,0,0,False,Other,Other,Other,Other,Other
2026-09-16,JHMM,73.11000061035156,73.32939910888672,71.88999938964844,72.5,188913.0,251,13696192.5,13786692.62766266,16310773.97219461,-0.0463035622007943,-0.0216441988936624,0.0755117999106562,0.0,0.0,0.0814102849598523,-0.0,-0.0,0.0061474371485578,0.0021516030019952,-0.0,74.78339981079101,72.14663497924805,-0.0014430630869939,76.79000091552734,77.44999694824219,0.936087835464343,0.6969696044921875,0.0096133738550646,71.88999938964844,71.88999938964844,71.88999938964844,-0.0084138015220904,John Hancock Multifactor Mid Cap ETF,P,True,False,False,False,False,False,False,False,False,,False,,,5809617408.0,Factor / Style,unknown,354.0,True,,False,True,417.0,True,True,False,276.0,,0,0,False,Factor / Style,Factor / Style,Factor / Style,Factor / Style,Factor / Style
2026-09-16,SPHQ,83.73999786376953,83.87999725341797,82.5199966430664,82.94999694824219,2182739.0,251,181058193.3888092,121140913.86049576,135408604.40737504,-0.0431422930884323,-0.0623683662678897,0.0822969686906587,0.0,0.0,0.0740464547392579,-0.0,-0.0,0.0060937987673309,0.0021328295685658,-0.0,85.60459991455077,82.73438461303711,-0.0085886870629228,87.05000305175781,90.36000061035156,0.9179946479409332,0.8145000457763671,0.0098191690867039,82.5199966430664,82.5199966430664,82.5199966430664,-0.0051838495599232,Invesco S&P 500 Quality ETF,P,True,False,False,False,False,False,False,False,False,,False,,,20360812544.0,Factor / Style,unknown,135.0,True,,False,True,149.0,True,True,False,277.0,,0,0,False,Factor / Style,Factor / Style,Factor / Style,Factor / Style,Factor / Style
2026-09-16,IWF,121.19000244140624,121.80999755859376,119.7249984741211,120.54000091552734,3037540.0,251,366145074.3809509,436750445.7745209,538471454.9081421,-0.0196761945855469,-0.0219014835328583,0.0885913020974686,0.0,0.0,0.0680881029387062,-0.0,-0.0,0.0060320136966864,0.0021112047938402,-0.0,121.69244873046875,118.6210422261556,0.0014613569187575,124.29817523075506,128.91038339390178,0.9350682058496584,1.4231069287897915,0.0118060968805457,119.7249984741211,119.7249984741211,119.7249984741211,-0.0067612612843548,iShares Russell 1000 Growth Fund,P,True,False,False,False,False,False,False,False,False,,False,,,128899137536.0,Factor / Style,unknown,21.0,True,,False,True,56.0,True,True,False,278.0,,0,0,False,Factor / Style,Factor / Style,Factor / Style,Factor / Style,Factor / Style
2026-09-16,BBIN,79.54000091552734,79.75,78.55000305175781,78.9800033569336,26061.0,251,2058297.8674850464,16632406.35863762,13655048.949212816,-0.0194909948521716,0.0046219881914979,0.0803924955370958,0.0,0.0112018274029056,0.0729066853638434,-0.0,5.177471397942828e-05,0.0058611503777372,0.0020850561962946,0.0110155395338204,79.79582000732422,77.23520909627278,0.0058376932128896,81.70999908447266,81.7969970703125,0.9655611597702368,0.6889999389648438,0.0087237263823736,78.55000305175781,78.55000305175781,78.55000305175781,-0.0054444199404815,JPMorgan BetaBuilders International Equity ETF,Z,True,False,False,False,False,False,False,False,False,,False,,,6496628224.0,Global Equity,unknown,329.0,True,,False,True,434.0,True,True,False,279.0,,0,0,False,Global Equity,Global Equity,Global Equity,Global Equity,Global Equity
2026-09-16,MDY,671.1699829101562,674.2100219726562,659.9600219726562,665.8800048828125,868453.0,251,578285487.8804932,359720642.80772096,428838144.4172538,-0.0543894859145803,-0.0385751587793269,0.0775867373733352,0.0,0.0,0.0765261333020282,-0.0,-0.0,0.0059374130067013,0.0020780945523454,-0.0,692.3291955566406,668.2345056152344,-0.0044110061899291,709.9299926757812,717.3499755859375,0.928249846720795,7.165505981445312,0.0107609568224028,659.9600219726562,659.9600219726562,659.9600219726562,-0.0088904650488763,State Street SPDR S&P MIDCAP 400 ETF Trust,P,True,False,False,False,False,False,False,False,False,,False,,,28052918272.0,Other,unknown,100.0,True,,False,True,67.0,True,True,False,280.0,,0,0,False,Other,Other,Other,Other,Other
2026-09-16,AOR,68.94000244140625,69.1500015258789,68.36000061035156,68.62999725341797,454489.0,251,31191578.82170868,31021309.979484174,23662820.26007746,-0.0149275289631184,-0.0071585692794854,0.0625943379621984,0.0,0.0,0.0944291981937351,-0.0,-0.0,0.005910733145238,0.0020687566008333,-0.0,69.28080001831054,67.57957183837891,0.0019252053109264,70.44000244140625,70.48999786376953,0.9736132690208582,0.3954994201660156,0.005762777735596,68.36000061035156,68.36000061035156,68.36000061035156,-0.0039340908330425,iShares Core 60/40 Balanced Allocation ETF,P,True,False,False,False,False,False,False,False,False,,False,,,3667536128.0,Other,unknown,451.0,True,,False,True,379.0,True,True,False,281.0,,0,0,False,Other,Other,Other,Other,Other
2026-09-16,SPEM,51.900001525878906,52.02000045776367,51.30500030517578,51.59999847412109,858963.0,251,44322489.48932648,55596916.9993,90801627.91284168,-0.0025130691912937,-0.0084012200363412,0.0867063029002523,0.0,0.0,0.067932934492664,-0.0,-0.0,0.0058902135950239,0.0020615747582583,-0.0,51.7831999206543,50.4489459737142,0.0047147684271542,53.470001220703125,53.470001220703125,0.9650270674417344,0.4772504806518555,0.0092490405962165,51.30500030517578,51.30500030517578,51.30500030517578,-0.0057170189470695,State Street SPDR Portfolio Emerging Markets ETF,P,True,False,False,False,False,False,False,False,False,,False,,,17305092096.0,Country / Region,unknown,151.0,True,,False,True,193.0,True,True,False,282.0,,0,0,False,Country / Region,Country / Region,Country / Region,Country / Region,Country / Region
2026-09-16,IMTM,53.16999816894531,53.290000915527344,52.310001373291016,52.68999862670898,245931.0,251,12958104.052265167,15628120.268512154,17900169.987565115,-0.0171976589831951,-0.0120008097200743,0.0895447579830579,0.0,0.0,0.0636487876253196,-0.0,-0.0,0.0056994152838242,0.0019947953493385,-0.0,53.01474006652832,51.619317118326826,0.0031941885355109,54.47999954223633,54.79199981689453,0.9616367134397344,0.5470003128051758,0.0103814827683046,52.310001373291016,52.310001373291016,52.310001373291016,-0.0072119427466704,iShares MSCI Intl Momentum Factor ETF,P,True,False,False,False,False,False,False,False,False,,False,,,4170761216.0,Country / Region,unknown,415.0,True,,False,True,409.0,True,True,False,283.0,,0,0,False,Country / Region,Country / Region,Country / Region,Country / Region,Country / Region
2026-09-16,JGLO,72.05000305175781,72.08999633789062,71.16000366210938,71.44000244140625,22269.0,251,1590897.4143676758,9959126.99855652,14980142.769404337,-0.0281594291207888,0.001542136653972,0.0710645533738512,0.0,0.003891075786109,0.0792325708481242,-0.0,6.000570593141935e-06,0.0056306272599839,0.0019746199118799,0.0018600748368942,72.73082015991211,70.30353340148926,0.0057723726143041,74.30999755859375,74.88999938964844,0.9539324746113024,0.5682987213134766,0.0079549090410458,71.16000366210938,71.16000366210938,71.16000366210938,-0.0039193556792852,JPMorgan Global Select Equity ETF,Q,True,False,False,False,False,False,False,False,False,,False,,,6879447552.0,Global Equity,unknown,314.0,True,,False,True,424.0,True,True,False,284.0,,0,0,False,Global Equity,Global Equity,Global Equity,Global Equity,Global Equity
2026-09-16,FENI,40.7599983215332,40.84000015258789,40.17499923706055,40.400001525878906,1672273.0,251,67559831.7516861,46254268.65265159,52458983.05461908,-0.0234468801317337,0.0035411850021136,0.0786493165337309,0.0,0.008269349195071,0.0693173611843566,-0.0,2.9283295346826305e-05,0.0054517630810714,0.0019271512203504,0.0070737419378644,40.89460006713867,39.53787485758463,0.0050233193949662,41.89500045776367,42.084999084472656,0.9599620388440158,0.3575998306274414,0.0088514806218107,40.17499923706055,40.17499923706055,40.17499923706055,-0.005569363374262,Fidelity Enhanced International ETF,P,True,False,False,False,False,False,False,False,False,,False,,,10288922624.0,Global Equity,unknown,242.0,True,,False,True,277.0,True,True,False,285.0,,0,0,False,Global Equity,Global Equity,Global Equity,Global Equity,Global Equity
2026-09-16,VOT,290.6300048828125,292.9599914550781,287.25,289.5199890136719,180619.0,251,52292810.8956604,50994302.664534,57234734.87148176,-0.0552147673049624,-0.0460288739691028,0.0825386588306631,0.0,0.0,0.0638039706050466,-0.0,-0.0,0.0052662941618116,0.001843202956634,-0.0,300.2185986328125,288.03120188395184,-0.0047047967982115,308.3999938964844,315.1499938964844,0.9186736304007956,3.459999084472656,0.0119508124335735,287.25,287.25,287.25,-0.0078405260424512,Vanguard Morningstar Mid-Cap Growth ETF,P,True,False,False,False,False,False,False,False,False,,False,,,34797047808.0,Factor / Style,unknown,86.0,True,,False,True,261.0,True,True,False,286.0,,0,0,False,Factor / Style,Factor / Style,Factor / Style,Factor / Style,Factor / Style
2026-09-16,VGK,89.30999755859375,89.51000213623047,88.12999725341797,88.62999725341797,1659141.0,251,147049662.27303314,152084730.04499474,172004791.30614156,-0.0318952015401793,-0.0019203107550976,0.075774379204808,0.0,0.0,0.068471563700459,-0.0,-0.0,0.0051883902325847,0.0018159365814046,-0.0,90.53140029907226,87.31089309692383,0.0045026037415722,93.29000091552734,93.29000091552734,0.9500481979164204,0.7704994201660156,0.0086934383847823,88.12999725341797,88.12999725341797,88.12999725341797,-0.0056414308416411,Vanguard FTSEEuropean ETF,P,True,False,False,False,False,False,False,False,False,,False,,,37858430976.0,Other,unknown,81.0,True,,False,True,121.0,True,True,False,287.0,,0,0,False,Other,Other,Other,Other,Other
2026-09-16,JIRE,83.41999816894531,83.57499694824219,82.20010375976562,82.66999816894531,233921.0,251,19338248.641677856,32758035.834183503,32437640.23611426,-0.0231596259964843,0.0025466782294956,0.075591953063441,0.0,0.0059338525804659,0.0674561506852105,-0.0,1.5111613183709008e-05,0.0050991421764368,0.0017945223103223,0.0030172150218198,83.85519989013672,81.03166697184245,0.0045498410825071,85.73999786376953,86.06999969482422,0.9604972517958152,0.731295394897461,0.0088459587649074,82.20010375976562,82.20010375976562,82.20010375976562,-0.0056839774959158,JPMorgan International Research Enhanced Equity ETF,P,True,False,False,False,False,False,False,False,False,,False,,,11130201088.0,Global Equity,unknown,223.0,True,,False,True,337.0,True,True,False,288.0,,0,0,False,Global Equity,Global Equity,Global Equity,Global Equity,Global Equity
2026-09-16,GDX,95.9800033569336,95.9800033569336,91.19499969482422,92.8000030517578,26974920.0,251,2503272658.320923,2442188955.410019,1968789703.3946493,0.0432828132164619,0.0637322939492794,-0.0123456369095105,0.0774181868948683,0.0430607579748945,0.0,0.0033508769229277,0.0027443608849347,-0.0,0.0017838345752075,0.1238533804959112,87.13279983520508,89.95566635131836,0.0497345940475693,105.66999816894533,105.66999816894533,0.8782057789325317,3.7917507171630858,0.0408593813843766,91.19499969482422,91.19499969482422,91.19499969482422,-0.0172952942257816,VanEck Gold Miners ETF,P,True,False,False,False,False,False,False,False,False,,False,,,22753128448.0,Commodity,unknown,120.0,True,,False,True,16.0,True,True,False,289.0,,0,0,False,Commodity,Commodity,Commodity,Commodity,Commodity
2026-09-16,VBK,336.6499938964844,338.9150085449219,331.9825134277344,335.1499938964844,315577.0,251,105765629.62387083,68841974.8234787,74302237.37837292,-0.0648977693924898,-0.0476249321850228,0.084348085550405,0.0,0.0,0.0588895046351122,-0.0,-0.0,0.0049672169749834,0.0017385259412441,-0.0,350.1781988525391,337.2751654052734,-0.0090297201046111,362.1199951171875,367.0400085449219,0.9131156988175188,4.294125366210937,0.0128125479469268,331.9825134277344,331.9825134277344,331.9825134277344,-0.0094509339890613,Vanguard Morningstar Small-Cap Growth ETF,P,True,False,False,False,False,False,False,False,False,,False,,,47006371840.0,Factor / Style,unknown,65.0,True,,False,True,216.0,True,True,False,290.0,,0,0,False,Factor / Style,Factor / Style,Factor / Style,Factor / Style,Factor / Style
2026-09-16,SCHE,36.4900016784668,36.60499954223633,36.095001220703125,36.27000045776367,2694105.0,251,97715189.5832634,106715668.54292202,110519191.9485192,-0.004391980402739,-0.0056335450431559,0.0791756872621134,0.0,0.0,0.0618796403476378,-0.0,-0.0,0.0048993630520566,0.0017147770682198,-0.0,36.49040016174317,35.55015705108642,0.005718397625789,37.63999938964844,37.63999938964844,0.9636025782651436,0.3510002136230469,0.0096774251224999,36.095001220703125,36.095001220703125,36.095001220703125,-0.0048249030838677,Schwab Emerging Markets Equity ETF,P,True,False,False,False,False,False,False,False,False,,False,,,12488486912.0,Country / Region,unknown,200.0,True,,False,True,171.0,True,True,False,291.0,,0,0,False,Country / Region,Country / Region,Country / Region,Country / Region,Country / Region
2026-09-16,IEUR,75.48999786376953,75.69999694824219,74.5250015258789,74.94999694824219,882616.0,251,66152066.50646973,81661008.4751648,71033756.96490285,-0.033402165807384,-0.0034570155484039,0.0726923131939401,0.0,0.0,0.066326713099268,-0.0,-0.0,0.0048214422017366,0.0016875047706078,-0.0,76.64300003051758,73.95297124226887,0.0037744853421586,78.90399932861328,78.90399932861328,0.9498884414729885,0.6414501190185546,0.0085583741846116,74.5250015258789,74.5250015258789,74.5250015258789,-0.005670386119652,iShares Core MSCI Europe ETF,P,True,False,False,False,False,False,False,False,False,,False,,,8644286464.0,Country / Region,unknown,271.0,True,,False,True,223.0,True,True,False,292.0,,0,0,False,Country / Region,Country / Region,Country / Region,Country / Region,Country / Region
2026-09-16,CGBL,37.31999969482422,37.39500045776367,36.93009948730469,37.09999847412109,1103141.0,251,40926529.41674042,47229848.7329525,62092294.55964358,-0.0247108942897673,-0.017400786500314,0.0595120633296892,0.0,0.0,0.0803089769164082,-0.0,-0.0,0.0047793529201918,0.0016727735220671,-0.0,37.79000038146973,36.80762163798014,0.000232539618699,38.42499923706055,38.68000030517578,0.9591519695297608,0.2290945053100586,0.0061750543054567,36.93009948730469,36.93009948730469,36.93009948730469,-0.0045794877036159,Capital Group Core Balanced ETF,P,True,False,False,False,False,False,False,False,False,,False,,,6991702016.0,Other,unknown,311.0,True,,False,True,248.0,True,True,False,293.0,,0,0,False,Other,Other,Other,Other,Other
2026-09-16,IJK,109.6500015258789,110.4000015258789,108.22000122070312,109.13999938964844,314711.0,251,34347558.34791565,25424897.71002884,27469611.84550428,-0.0634597563326887,-0.0523385417225616,0.0753444850888882,0.0,0.0,0.0614326362918248,-0.0,-0.0,0.0046286103490604,0.0016200136221711,-0.0,113.71393173217774,110.053443552653,-0.007045947354627,117.52356685003386,119.18065374756988,0.9157526490902792,1.278042452272328,0.0117101196575006,108.22000122070312,108.22000122070312,108.22000122070312,-0.0084295233103379,iShares S&P Mid-Cap 400 Growth ETF,P,True,False,False,False,False,False,False,False,False,,False,,,11298716672.0,Factor / Style,unknown,219.0,True,,False,True,366.0,True,True,False,294.0,,0,0,False,Factor / Style,Factor / Style,Factor / Style,Factor / Style,Factor / Style
2026-09-16,ICVT,112.0,112.80999755859376,111.37999725341795,112.0,244383.0,251,27370896.0,57267619.49535827,67978459.82485719,-0.0368322785227459,-0.0845504404584037,0.0799860043840767,0.0,0.0,0.0566959850434352,-0.0,-0.0,0.0045348853082437,0.0015872098578853,-0.0,114.97917846679688,112.48995142618816,-0.00945113785105,116.68000030517578,126.1313895823782,0.8879629438067136,1.2518082104706387,0.0111768590220592,111.37999725341795,111.37999725341795,111.37999725341795,-0.0055357388087681,iShares Convertible Bond ETF,Z,True,False,False,False,False,False,False,False,False,,False,,,7533008896.0,Bond,unknown,296.0,True,,False,True,231.0,True,True,False,295.0,,0,0,False,Bond,Bond,Bond,Bond,Bond
2026-09-16,CWB,100.73999786376952,101.37000274658205,99.86000061035156,100.4000015258789,1632870.0,251,163940150.4915619,54175931.14331436,65234529.22133552,-0.0373143385318117,-0.0788603192986933,0.0779373104443765,0.0,0.0,0.0580167755604307,-0.0,-0.0,0.004521671447835,0.0015825850067422,-0.0,102.92257904052734,100.66216573079429,-0.0072512941480422,105.7992833452654,111.52416058159478,0.9002533711286975,1.441265300707714,0.0143552318605913,99.86000061035156,99.86000061035156,99.86000061035156,-0.0053784950928328,State Street SPDR Bloomberg Convertible Securities ETF,P,True,False,False,False,False,False,False,False,False,,False,,,6197490688.0,Other,unknown,343.0,True,,False,True,239.0,True,True,False,296.0,,0,0,False,Other,Other,Other,Other,Other
2026-09-16,BBEU,77.93499755859375,77.9749984741211,76.875,77.19000244140625,176729.0,251,13641711.941467283,29512106.171566773,22303252.690014552,-0.0341591064825607,-0.0056330550402009,0.0697121822420414,0.0,0.0,0.0628754400765859,-0.0,-0.0,0.0043831841371675,0.0015341144480086,-0.0,79.05949996948242,76.35290420532226,0.0034752525169166,81.30999755859375,81.30999755859375,0.9493297842713802,0.6616500854492188,0.008571707015445,76.875,76.875,76.875,-0.0040808709864385,JPMorgan BetaBuilders Europe ETF,Z,True,False,False,False,False,False,False,False,False,,False,,,9113485312.0,Country / Region,unknown,263.0,True,,False,True,387.0,True,True,False,297.0,,0,0,False,Country / Region,Country / Region,Country / Region,Country / Region,Country / Region
2026-09-16,VWO,59.52999877929688,59.720001220703125,58.85499954223633,59.18000030517578,7295309.0,251,431736388.8463516,370012310.5831028,444057525.7772257,-0.0077129290607017,-0.0151207520736278,0.0722102144595702,0.0,0.0,0.0578264333074181,-0.0,-0.0,0.0041756591505606,0.0014614807026962,-0.0,59.66360000610352,58.34974385579427,0.0039745954619645,61.540000915527344,61.540000915527344,0.9616509493785838,0.5722499847412109,0.009669651601728,58.85499954223633,58.85499954223633,58.85499954223633,-0.0054917330392617,Vanguard FTSE Emerging Markets ETF,P,True,False,False,False,False,False,False,False,False,,False,,,163324018688.0,Country / Region,unknown,15.0,True,,False,True,66.0,True,True,False,298.0,,0,0,False,Country / Region,Country / Region,Country / Region,Country / Region,Country / Region
2026-09-16,FTCS,97.45999908447266,97.5500030517578,96.48999786376952,96.83999633789062,221948.0,251,21493443.50720215,30735772.584257506,43107774.4329151,-0.0403330410912173,0.0258060324093949,0.0291937884204009,0.0,0.0617112067965893,0.0393243970592604,-0.0,0.0015925214026156,0.0011480281275078,0.0014369487563279,0.1230672229439735,99.0104002380371,95.7013682047526,0.0067529582165097,102.93000030517578,102.93000030517578,0.940833537848742,0.9545001983642578,0.0098564666920664,96.48999786376952,96.48999786376952,96.48999786376952,-0.0036141933845174,First Trust Capital Strength ETF,Q,True,False,False,False,False,False,False,False,False,,False,,,7646184448.0,Other,unknown,294.0,True,,False,True,296.0,True,True,False,299.0,,0,0,False,Other,Other,Other,Other,Other
2026-09-16,XSMO,81.93000030517578,82.5250015258789,80.93000030517578,81.79000091552734,460845.0,251,37692512.9719162,26054691.29095268,23769512.50277989,-0.0680264479874994,-0.0789981985257447,0.0770263630055327,0.0,0.0,0.0501466996471071,-0.0,-0.0,0.0038626178905475,0.0013519162616916,-0.0,86.68459991455079,84.4141606648763,-0.0168737591290202,88.5999984741211,93.68000030517578,0.8730785722575246,1.0957508087158203,0.01339712429943,80.93000030517578,80.93000030517578,80.93000030517578,-0.0105147401971515,Invesco S&P SmallCap Momentum ETF,P,True,False,False,False,False,False,False,False,False,,False,,,3182153728.0,Factor / Style,unknown,486.0,True,,False,True,378.0,True,True,False,300.0,,0,0,False,Factor / Style,Factor / Style,Factor / Style,Factor / Style,Factor / Style
2026-09-16,EWU,47.90999984741211,47.970001220703125,47.18999862670898,47.459999084472656,829345.0,251,39360712.940711975,47086095.21559334,57634017.84117138,-0.0145348996087479,0.0204257320409237,0.0397372926633039,0.0,0.057610686883394,0.0411978035393352,-0.0,0.0011767404529737,0.0016370891763278,0.0013378625061477,0.1858454852820231,47.89379981994629,46.67400700887044,0.0075354033905781,49.38999938964844,49.38999938964844,0.9609232571567862,0.4135005950927734,0.0087126127911801,47.18999862670898,47.18999862670898,47.18999862670898,-0.0056890110192185,iShares MSCI United Kingdom ETF,P,True,False,False,False,False,False,False,False,False,,False,,,3667788800.0,Country / Region,unknown,450.0,True,,False,True,258.0,True,True,False,301.0,,0,0,False,Country / Region,Country / Region,Country / Region,Country / Region,Country / Region
2026-09-16,JGRO,93.45999908447266,93.9749984741211,92.43000030517578,93.02999877929688,555863.0,251,51711934.2114563,42239911.85331879,52226249.40334066,-0.0222806380723539,-0.0391448143717557,0.068941745193122,0.0,0.0,0.0517687552727728,-0.0,-0.0,0.0035690283349805,0.0012491599172432,-0.0,94.16339981079102,92.76793299357097,-0.0041983760892739,95.48999786376952,99.7300033569336,0.9328185666087124,0.9924503326416017,0.0106680677809754,92.43000030517578,92.43000030517578,92.43000030517578,-0.0064495160915192,JPMorgan Active Growth ETF,P,True,False,False,False,False,False,False,False,False,,False,,,9992348672.0,Factor / Style,unknown,248.0,True,,False,True,279.0,True,True,False,302.0,,0,0,False,Factor / Style,Factor / Style,Factor / Style,Factor / Style,Factor / Style
2026-09-16,BBAX,62.97999954223633,63.060001373291016,62.11000061035156,62.459999084472656,246913.0,251,15422185.753944395,11605867.295223618,13282030.928783234,-0.0240625143051147,0.0202568813147558,0.0384843640166348,0.0,0.0458639671779279,0.037487791058418,-0.0,0.0009290609397471,0.0014426937972717,0.0011088324398807,0.0854440271593,63.76160034179688,61.74914049784343,0.0138816920857289,65.80000305175781,65.80000305175781,0.9492400636416698,0.6999994277954101,0.0112071635935938,62.11000061035156,62.11000061035156,62.11000061035156,-0.0056035619476674,JPMorgan BetaBuilders Developed Asia Pacific-ex Japan ETF,Z,True,False,False,False,False,False,False,False,False,,False,,,6249870336.0,Country / Region,unknown,341.0,True,,False,True,436.0,True,True,False,303.0,,0,0,False,Country / Region,Country / Region,Country / Region,Country / Region,Country / Region
2026-09-16,CGMM,31.65999984741211,31.809999465942383,31.18000030517578,31.450000762939453,821920.0,251,25849384.627075195,22798525.85800743,24241712.008017886,-0.0501359050683051,-0.0239140454467261,0.0566621620305314,0.0,0.0,0.0557183959798797,-0.0,-0.0,0.0031571247810932,0.0011049936733826,-0.0,32.52300006866455,31.55985600789388,-0.0028953579873838,33.380001068115234,33.84000015258789,0.9293735408134842,0.3259500503540039,0.0103640713019664,31.18000030517578,31.18000030517578,31.18000030517578,-0.0085850699908993,Capital Group U.S. Small and Mid Cap ETF,P,True,False,False,False,False,False,False,False,False,,False,,,3082042368.0,Factor / Style,unknown,499.0,True,,False,True,376.0,True,True,False,304.0,,0,0,False,Factor / Style,Factor / Style,Factor / Style,Factor / Style,Factor / Style
2026-09-16,DIHP,34.43000030517578,34.54499816894531,34.02989959716797,34.220001220703125,636738.0,251,21789175.137268063,20396730.3071373,21509814.301880367,-0.0267348871100229,-0.0032500657235512,0.0524996280699481,0.0,0.0,0.0548664247913939,-0.0,-0.0,0.0028804668950759,0.0010081634132765,-0.0,34.77550018310547,33.86458808898926,0.0044219919667118,35.875,35.875,0.9538676298453832,0.3171545028686523,0.0092681032014918,34.02989959716797,34.02989959716797,34.02989959716797,-0.0055552781050207,Dimensional International High Profitability ETF,Z,True,False,False,False,False,False,False,False,False,,False,,,6191810560.0,Global Equity,unknown,344.0,True,,False,True,390.0,True,True,False,305.0,,0,0,False,Global Equity,Global Equity,Global Equity,Global Equity,Global Equity
2026-09-16,MLPX,73.81999969482422,74.33999633789062,72.83999633789062,73.4000015258789,243581.0,251,17878845.77167511,24230463.396219254,30160820.71626269,-0.0393927757095905,0.024305616553474,0.0328330568930257,0.0,0.0405438237304125,0.026971415247265,-0.0,0.000985442633203,0.0008855540112988,0.0009504816155365,0.4683922378856446,74.80588027954101,72.78295705159505,0.0057297411889205,77.12999725341797,77.54653107216272,0.946528497291192,1.2635005950927731,0.0172139042074446,72.83999633789062,72.83999633789062,72.83999633789062,-0.0076294983153486,Global X MLP & Energy Infrastructure ETF,P,True,False,False,False,False,False,False,False,False,,False,,,3484022272.0,REIT / Infra,unknown,463.0,True,,False,True,345.0,True,True,False,306.0,,0,0,False,REIT / Infra,REIT / Infra,REIT / Infra,REIT / Infra,REIT / Infra
2026-09-16,SCHC,50.38999938964844,50.52999877929688,49.650001525878906,49.900001525878906,285056.0,251,14224294.834960938,14034660.75695343,15766449.781842671,-0.0112938316036814,-0.0033401588211652,0.0540018392073795,0.0,0.0,0.0463129673198874,-0.0,-0.0,0.0025009854144251,0.0008753448950488,-0.0,49.82400032043457,49.32455721537272,0.0105623928878451,52.119998931884766,52.119998931884766,0.9574060350824805,0.5329996109008789,0.010681354601251,49.650001525878906,49.650001525878906,49.650001525878906,-0.0050100198868801,Schwab International Small-Cap Equity ETF,P,True,False,False,False,False,False,False,False,False,,False,,,5338413056.0,Global Equity,unknown,366.0,True,,False,True,419.0,True,True,False,307.0,,0,0,False,Global Equity,Global Equity,Global Equity,Global Equity,Global Equity
2026-09-16,ILF,35.40999984741211,35.44499969482422,34.71500015258789,35.029998779296875,2067675.0,251,72430652.72598267,96329668.8800621,83921812.18395536,0.0541678983405549,0.0212827859613353,0.0364270151030088,0.2735561975225331,0.0378434241550464,0.0270779007820692,0.0148179642978293,0.0008054134963358,0.0009863671007462,0.0008687472578794,0.1423961578290978,34.77799995422363,34.841686528523766,0.0133331740782478,36.86000061035156,38.01502057204531,0.9214778330294132,0.6792495727539063,0.0193905108884945,34.71500015258789,33.4900016784668,33.4900016784668,-0.0439622367826125,iShares Latin America 40 ETF,P,True,False,False,False,False,False,False,False,False,,False,,,3739343872.0,Country / Region,unknown,445.0,True,,False,True,205.0,True,True,False,308.0,,0,0,False,Country / Region,Country / Region,Country / Region,Country / Region,Country / Region
2026-09-16,VSS,157.14999389648438,157.68499755859375,155.10000610351562,155.88999938964844,193670.0,251,30191216.181793213,41860134.45136261,33426838.589257136,-0.0101594135990114,-0.01512317603567,0.0542315297811122,0.0,0.0,0.0451057726291425,-0.0,-0.0,0.0024461550516374,0.000856154268073,-0.0,156.13799896240235,154.80324381510417,0.0056705725066272,162.4600067138672,162.4600067138672,0.9595592327175624,1.5692489624023438,0.0100663863528537,155.10000610351562,155.10000610351562,155.10000610351562,-0.0050676328771944,Vanguard FTSE All-Wld ex-US SmCp Idx ETF,P,True,False,False,False,False,False,False,False,False,,False,,,13810126848.0,Country / Region,unknown,184.0,True,,False,True,334.0,True,True,False,309.0,,0,0,False,Country / Region,Country / Region,Country / Region,Country / Region,Country / Region
2026-09-16,COPX,86.12999725341797,86.12000274658203,83.0999984741211,84.19000244140625,2304193.0,251,193990014.2954712,309303207.567572,258113136.43170747,-0.0161271153247584,-0.0591814527580426,0.084277998886731,0.0,0.0,0.0255172131269224,-0.0,-0.0,0.0021505396595032,0.0007526888808261,-0.0,84.80639953613282,83.20142929077149,0.0312369657338404,97.58999633789062,97.58999633789062,0.8626909068621242,3.0949996948242187,0.0367620810675026,83.0999984741211,83.0999984741211,83.0999984741211,-0.0129469525558425,Global X Copper Miners ETF,P,True,False,False,False,False,False,False,False,False,,False,,,7154050560.0,Commodity,unknown,305.0,True,,False,True,91.0,True,True,False,310.0,,0,0,False,Commodity,Commodity,Commodity,Commodity,Commodity
2026-09-16,SHYG,41.7599983215332,41.834999084472656,41.685001373291016,41.72999954223633,1938085.0,251,80876286.1628151,54159609.49994373,57073403.67790495,-0.0050968999421662,0.000509159660653,0.0204099355764886,0.0,0.0073111569016034,0.1003957944658518,-0.0,3.722546167001331e-06,0.0020490716971984,0.000719594749028,0.002298119615187,41.84656486511231,41.47505444844564,0.0007582675070105,42.132718207701146,42.132718207701146,0.9904416642790635,0.0859621144118225,0.0020599596298777,41.68000030517578,41.68000030517578,41.68000030517578,-0.0011981604986585,iShares 0-5 Year High Yield Corporate Bond ETF,P,True,False,False,False,False,False,False,False,False,,False,,,7603881984.0,Bond,unknown,295.0,True,,False,True,262.0,True,True,False,311.0,,0,0,False,Bond,Bond,Bond,Bond,Bond
2026-09-16,EFG,120.54000091552734,120.72000122070312,118.72000122070312,119.45999908447266,2584533.0,251,308748309.81378937,85501388.41831703,85470927.22847505,-0.0426350356376737,-0.0347446911565542,0.0511190207173248,0.0,0.0,0.0375467517430793,-0.0,-0.0,0.0019193531802227,0.0006717736130779,-0.0,122.96579971313476,119.99957183837893,-0.0017227078539198,126.33000183105467,127.44000244140624,0.9373822724100888,1.2515010833740234,0.0104763192111617,118.72000122070312,118.72000122070312,118.72000122070312,-0.0061945242712271,iShares MSCI EAFE Growth ETF,Z,True,False,False,False,False,False,False,False,False,,False,,,16891213824.0,Country / Region,unknown,155.0,True,,False,True,204.0,True,True,False,312.0,,0,0,False,Country / Region,Country / Region,Country / Region,Country / Region,Country / Region
2026-09-16,USRT,63.59999847412109,64.18000030517578,62.75,63.15999984741211,880031.0,251,55582757.825717926,34933894.225972176,36292082.00264976,-0.045473790360937,-0.037823659858158,0.0409410017657063,0.0,0.0,0.0432650955785225,-0.0,-0.0,0.0017713163544737,0.0006199607240658,-0.0,66.43935173034669,63.918466110229495,-0.0068137850809965,67.24099122761336,69.57367908229212,0.907814574139541,0.7343187049053533,0.0116263253115799,62.75,62.75,62.75,-0.0064914478847787,iShares Core U.S. REIT ETF,P,True,False,False,False,False,False,False,False,False,,False,,,4356137472.0,REIT / Infra,unknown,405.0,True,,False,True,320.0,True,True,False,313.0,,0,0,False,REIT / Infra,REIT / Infra,REIT / Infra,REIT / Infra,REIT / Infra
2026-09-16,AKRE,56.880001068115234,56.845001220703125,55.93999862670898,56.18999862670898,233749.0,223,13134355.988994598,22043368.377681542,29712455.567622047,-0.043411695248429,0.0186729293354992,0.0330943051527801,0.0,0.0218081559440487,0.0224663041622932,-0.0,0.0004072221548807,0.0007435067256021,0.0005249217546332,0.036285725192811,58.01639984130859,55.5918665822347,0.0142514514201854,62.31999969482422,62.31999969482422,0.9016366961146768,1.1314998626708983,0.0201370331077577,55.93999862670898,55.93999862670898,55.93999862670898,-0.0044491903561137,Akre Focus ETF,P,True,False,False,False,False,False,False,False,False,,False,,,5185632256.0,Other,unknown,372.0,True,,False,True,349.0,True,True,False,314.0,,0,0,False,Other,Other,Other,Other,Other
2026-09-16,SJNK,24.59000015258789,24.6299991607666,24.540000915527344,24.56999969482422,3416075.0,251,83932961.70749664,50693906.80465698,54957777.8648104,-0.0052009776120417,-0.0016116194085665,0.0167813941740369,0.0,0.0,0.0807311621845554,-0.0,-0.0,0.0013547814547471,0.0004741735091614,-0.0,24.659188652038573,24.47246406555176,0.0002147590646637,24.807828650270245,24.807828650270245,0.9904131490587574,0.0522797103034076,0.0021277863635635,24.540000915527344,24.540000915527344,24.540000915527344,-0.0012209515534994,State Street SPDR Bloomberg Short Term High Yield Bond ETF,P,True,False,False,False,False,False,False,False,False,,False,,,4880412160.0,Bond,unknown,382.0,True,,False,True,266.0,True,True,False,315.0,,0,0,False,Bond,Bond,Bond,Bond,Bond
2026-09-16,SPHY,22.959999084472656,23.030000686645508,22.93000030517578,22.959999084472656,3316347.0,251,76143324.08379364,98596308.07394448,124644311.29033056,-0.0073703930714132,-0.0033313771414339,0.0174550396204455,0.0,0.0,0.0732719118010734,-0.0,-0.0,0.0012789641235535,0.0004476374432437,-0.0,23.083381118774412,22.89018455505371,0.0002242713926108,23.259701280798584,23.259701280798584,0.9871149593579116,0.062350145594153,0.0027155987839877,22.920000076293945,22.920000076293945,22.920000076293945,-0.001742117150421,State Street SPDR Portfolio High Yield Bond ETF,P,True,False,False,False,False,False,False,False,False,,False,,,11327878144.0,Bond,unknown,218.0,True,,False,True,153.0,True,True,False,316.0,,0,0,False,Bond,Bond,Bond,Bond,Bond
2026-09-16,USHY,36.310001373291016,36.39500045776367,36.2400016784668,36.27999877929688,11577348.0,251,420026171.3074951,391056448.98899686,407964005.0604219,-0.0080053537302444,-0.0032822593145204,0.016349179463313,0.0,0.0,0.0685415855570255,-0.0,-0.0,0.0011205986829718,0.0003922095390401,-0.0,36.50140205383301,36.19711835225423,0.0002357613633803,36.77659750675637,36.77659750675637,0.9864968822260334,0.0941279399240929,0.0025944857522378,36.2400016784668,36.2400016784668,36.2400016784668,-0.0011024559585405,iShares Broad USD High Yield Corporate Bond ETF,Z,True,False,False,False,False,False,False,False,False,,False,,,28476405760.0,Bond,unknown,97.0,True,,False,True,70.0,True,True,False,317.0,,0,0,False,Bond,Bond,Bond,Bond,Bond
2026-09-16,ANGL,28.43000030517578,28.549999237060547,28.38500022888184,28.440000534057617,647028.0,251,18401476.665550232,19836765.38106232,21257272.14684041,-0.0135654709468315,-0.0084636102861099,0.0180435199536379,0.0,0.0,0.0618137368641657,-0.0,-0.0,0.0011153373945175,0.0003903680880811,-0.0,28.73059829711914,28.490445543924967,-0.0009044075104325,28.980285758774286,28.980285758774286,0.981356801336816,0.087614067437739,0.0030806633541662,28.38500022888184,28.38500022888184,28.38500022888184,-0.0019339066154346,VanEck Fallen Angel High Yield Bond ETF,Q,True,False,False,False,False,False,False,False,False,,False,,,3117964800.0,Bond,unknown,495.0,True,,False,True,391.0,True,True,False,318.0,,0,0,False,Bond,Bond,Bond,Bond,Bond
2026-09-16,GDXJ,122.58000183105467,122.94000244140624,115.8499984741211,118.0199966430664,5101436.0,251,602071459.5948181,576441585.3744552,556298691.5257907,0.0225264123667319,0.031282716928402,-0.0568209123824411,0.0380339195594325,0.0191771721042863,0.0,0.0008567677559188,0.0005999140464256,-0.0,0.0003899441301766,0.0322601330520191,113.23279968261718,117.9774001566569,0.0479647404424057,136.25,136.5500030517578,0.8642987477512702,5.219000625610351,0.044221324979312,115.8499984741211,115.8499984741211,115.8499984741211,-0.0183866991244555,VanEck Junior Gold Miners ETF,P,True,False,False,False,False,False,False,False,False,,False,,,7078291968.0,Commodity,unknown,309.0,True,,False,True,51.0,True,True,False,319.0,,0,0,False,Commodity,Commodity,Commodity,Commodity,Commodity
2026-09-16,JNK,94.4499969482422,94.69000244140624,94.29000091552734,94.38999938964844,4813528.0,251,454348904.98205566,255547727.854274,259397863.9180753,-0.0086101543071005,-0.0047687397329631,0.0158777939975947,0.0,0.0,0.0646434228305935,-0.0,-0.0,0.0010263949510035,0.0003592382328512,-0.0,95.0100343322754,94.23837763468424,8.689958594310099e-05,95.71694862146688,95.71694862146688,0.9861367370049986,0.2438490478438808,0.0025834203773776,94.26000213623048,94.26000213623048,94.26000213623048,-0.0013772354514097,State Street SPDR Bloomberg High Yield Bond ETF,P,True,False,False,False,False,False,False,False,False,,False,,,7345531392.0,Bond,unknown,300.0,True,,False,True,90.0,True,True,False,320.0,,0,0,False,Bond,Bond,Bond,Bond,Bond
2026-09-16,PAVE,53.18000030517578,53.52999877929688,52.31999969482422,52.75,1305593.0,251,68870030.75,86554776.94059905,104251825.17770603,-0.0795672878035591,-0.0967093679955533,0.0387753953768206,0.0,0.0,0.0253667358953601,-0.0,-0.0,0.0009836052137619,0.0003442618248166,-0.0,56.27839988708496,55.36632512410482,-0.014733390190517,57.7400016784668,60.32421526966227,0.8744415449781835,0.8761495590209961,0.0166094703131942,52.31999969482422,52.31999969482422,52.31999969482422,-0.0081516645530953,Global X U.S. Infrastructure Development ETF,Z,True,False,False,False,False,False,False,False,False,,False,,,14567146496.0,REIT / Infra,unknown,174.0,True,,False,True,175.0,True,True,False,321.0,,0,0,False,REIT / Infra,REIT / Infra,REIT / Infra,REIT / Infra,REIT / Infra
2026-09-16,VOX,194.6199951171875,194.8500061035156,191.5500030517578,192.5,175378.0,251,33760265.0,58894310.05908203,60012112.54527743,0.0441527411732465,0.0112345590641771,0.0277965905062784,0.2490821607917019,0.0165027094765093,0.0222852686032963,0.0109976601763089,0.0001854006643327,0.0006194544856882,0.0003373195018072,0.7242417674418593,187.55300048828124,188.79485056559244,0.0061682392503514,195.83999633789065,199.16970205639092,0.9665124665673168,2.6579994201660155,0.0138077891956676,185.50999450683597,183.75999450683597,183.75999450683597,-0.0454026259385146,Vanguard Communication Services  ETF,P,True,False,False,False,False,False,False,False,False,,False,,,5931463168.0,Sector,unknown,349.0,True,,False,True,254.0,True,True,False,322.0,,0,0,False,Sector,Sector,Sector,Sector,Sector
2026-09-16,SCHH,23.040000915527344,23.2549991607666,22.750200271606445,22.8799991607666,8805556.0,251,201471113.8900833,143647852.0646862,161034951.57102263,-0.0402684977213424,-0.0403405929536602,0.0300591182064446,0.0,0.0,0.0317806662121271,-0.0,-0.0,0.0009552988023498,0.0003343545808224,-0.0,23.96160011291504,23.207854143778484,-0.005760890179725,24.270000457763672,25.030000686645508,0.9141030177028314,0.2607398986816406,0.0113959750107309,22.750200271606445,22.750200271606445,22.750200271606445,-0.0056730285804699,Schwab U.S. REIT ETF,P,True,False,False,False,False,False,False,False,False,,False,,,11128644608.0,REIT / Infra,unknown,224.0,True,,False,True,125.0,True,True,False,323.0,,0,0,False,REIT / Infra,REIT / Infra,REIT / Infra,REIT / Infra,REIT / Infra
2026-09-16,IBDT,25.01000022888184,25.040000915527344,24.979999542236328,24.989999771118164,738788.0,251,18462311.950904846,14005064.856912231,15203516.071089972,-0.0046572046242948,0.0010543118443404,0.009011281217496,0.0,0.0249953356772687,0.0928711062290018,-0.0,2.6352878457810103e-05,0.0008368876552094,0.0003100400503208,0.0211703895131526,25.04016284942627,24.920083719889323,0.0005992670519046,25.270000457763672,25.270000457763672,0.9889196406183886,0.072898706915295,0.0029171151493785,24.979999542236328,24.979999542236328,24.979999542236328,-0.0004001692266277,iShares iBonds Dec 2028 Term Corporate ETF,P,True,False,False,False,False,False,False,False,False,,False,,,3989931008.0,Bond,unknown,423.0,True,,False,True,423.0,True,True,False,324.0,,0,0,False,Bond,Bond,Bond,Bond,Bond
2026-09-16,BSCS,20.25,20.309999465942383,20.21999931335449,20.225000381469727,713695.0,251,14434481.647253036,14049849.905583858,13284313.951288708,-0.0038926599808758,0.0010673671424819,0.0090491330412114,0.0,0.0232996183363421,0.0920354770274246,-0.0,2.48692470445804e-05,0.0008328412761325,0.0003076594572253,0.0218089324550477,20.267132606506348,20.17069677988688,0.000572758339733,20.34000015258789,20.34000015258789,0.9943461273227407,0.02748864868731,0.0013591420602639,20.21999931335449,20.21999931335449,20.21999931335449,-0.0002472715955949,Invesco BulletShares 2028 Corporate Bond ETF,Q,True,False,False,False,False,False,False,False,False,,False,,,3521428736.0,Bond,unknown,457.0,True,,False,True,435.0,True,True,False,325.0,,0,0,False,Bond,Bond,Bond,Bond,Bond
2026-09-16,HYLB,35.81999969482422,35.935001373291016,35.7599983215332,35.79999923706055,744146.0,251,26640426.232261658,30836306.04538536,35033867.08330003,-0.0087960164072041,-0.0039868100425373,0.0144548181808452,0.0,0.0,0.0578854048887588,-0.0,-0.0,0.0008367230029916,0.000292853051047,-0.0,36.02568565368652,35.751268463134764,0.0002287942776482,36.291761919743344,36.291761919743344,0.986449743504592,0.0949052325555801,0.0026509842060927,35.75,35.75,35.75,-0.0013966267632985,Xtrackers USD High Yield Corporate Bond ETF,P,True,False,False,False,False,False,False,False,False,,False,,,3468311296.0,Bond,unknown,467.0,True,,False,True,328.0,True,True,False,326.0,,0,0,False,Bond,Bond,Bond,Bond,Bond
2026-09-16,EMLC,25.239999771118164,25.25,25.040000915527344,25.07999992370605,3478399.0,251,87238246.65461922,69320293.23778696,52238508.77303039,-0.0149292519529458,-0.0127532809510381,0.0202187165618978,0.0,0.0,0.0405191501536241,-0.0,-0.0,0.0008192452122851,0.0002867358242997,-0.0,25.36767433166504,25.100413627624512,0.0023945410513983,25.788426181274463,25.788426181274463,0.9725292946305188,0.1177235551886756,0.0046939216725196,25.040000915527344,25.040000915527344,25.040000915527344,-0.0015948567902865,VanEck J. P. Morgan EM Local Currency Bond ET,P,True,False,False,False,False,False,False,False,False,,False,,,4872451072.0,Bond,unknown,383.0,True,,False,True,278.0,True,True,False,327.0,,0,0,False,Bond,Bond,Bond,Bond,Bond
2026-09-16,GRID,174.8300018310547,176.10499572753906,172.92999267578125,174.24000549316406,386940.0,251,67420427.7255249,89197286.2570343,114566058.3276222,-0.0518066461594159,-0.0894079313821925,0.039039860701785,0.0,0.0,0.0205381922986302,-0.0,-0.0,0.0008018081664049,0.0002806328582417,,180.6074005126953,180.7913564046224,-0.0109324927450237,185.7700042724609,199.1864313808516,0.874758407413861,3.079747009277344,0.0176753151525708,171.6300048828125,171.6300048828125,171.6300048828125,-0.0149793418736661,First Trust NASDAQ Clean Edge Smart Grid Infrastructure Index Fund,Q,True,False,False,False,False,False,False,False,False,,False,,,12076603392.0,REIT / Infra,unknown,204.0,True,,False,True,166.0,True,True,False,328.0,,0,0,False,REIT / Infra,REIT / Infra,REIT / Infra,REIT / Infra,REIT / Infra
2026-09-16,REET,26.530000686645508,26.725000381469727,26.209999084472656,26.36000061035156,2487481.0,251,65570000.67823792,86308789.3941681,78540574.4507772,-0.0464127678632974,-0.0374362747542578,0.0234722230450674,0.0,0.0,0.0276450459552923,-0.0,-0.0,0.0006488906847537,0.0002271117396638,-0.0,27.69739013671875,26.8617906443278,-0.0054235442573631,28.014800216503616,28.81295725513659,0.9148661963760166,0.2607878952746242,0.0098933190150311,26.209999084472656,26.209999084472656,26.209999084472656,-0.0056904978150873,iShares Global REIT ETF,P,True,False,False,False,False,False,False,False,False,,False,,,4886244352.0,REIT / Infra,unknown,381.0,True,,False,True,212.0,True,True,False,329.0,,0,0,False,REIT / Infra,REIT / Infra,REIT / Infra,REIT / Infra,REIT / Infra
2026-09-16,HYG,78.5,78.70999908447266,78.36000061035156,78.41999816894531,48625869.0,251,3813240557.943375,2804680705.34815,2576506921.002434,-0.0085532065119886,-0.0053747698179154,0.0126127034958094,0.0,0.0,0.049972033272794,-0.0,-0.0,0.0006302824387524,0.0002205988535633,-0.0,78.95421112060546,78.3983842976888,4.225835670013112e-05,79.53413056375734,79.53413056375734,0.9859917699871138,0.201791772147893,0.0025732182716092,78.36000061035156,78.36000061035156,78.36000061035156,-0.0007650798265066,iShares iBoxx $ High Yield Corporate Bond ETF,P,True,False,False,False,False,False,False,False,False,,False,,,17626118144.0,Bond,unknown,146.0,True,,False,True,12.0,True,True,False,330.0,,0,0,False,Bond,Bond,Bond,Bond,Bond
2026-09-16,SPSB,29.709999084472656,29.759599685668945,29.65999984741211,29.670000076293945,23891869.0,251,708871755.052805,225962174.534266,151661443.66069445,-0.0053279159186411,0.0001413836411348,0.0077652790966846,0.0,0.0031743098871308,0.0806871904717989,-0.0,4.487954899327754e-07,0.0006265585535408,0.0002195872108077,0.0004110663444324,29.75528804779053,29.61592721303304,0.0003672832449328,29.878740018559675,29.878740018559675,0.9930137635611116,0.0419204459877322,0.0014128899858421,29.65999984741211,29.65999984741211,29.65999984741211,-0.0003370484953192,State Street SPDR Portfolio Short Term Corporate Bond ETF,P,True,False,False,False,False,False,False,False,False,,False,,,10633097216.0,Bond,unknown,234.0,True,,False,True,135.0,True,True,False,331.0,,0,0,False,Bond,Bond,Bond,Bond,Bond
2026-09-16,IWP,135.7100067138672,137.0500030517578,134.3800048828125,135.55999755859375,509100.0,251,69013594.75708008,115661014.066391,115712752.0290072,-0.0599599501625536,-0.0450104065644019,0.0265953894114403,0.0,0.0,0.0212890752728473,-0.0,-0.0,0.0005661912470908,0.0001981669364817,-0.0,140.39907440185547,137.48644200642903,-0.0072610404532834,145.175522552739,148.12218084109145,0.9151903974734568,1.8209505942569009,0.0134328019109754,134.3800048828125,134.3800048828125,134.3800048828125,-0.0087045787624127,iShares Russell Midcap Growth ETF,P,True,False,False,False,False,False,False,False,False,,False,,,21568610304.0,Factor / Style,unknown,126.0,True,,False,True,161.0,True,True,False,332.0,,0,0,False,Factor / Style,Factor / Style,Factor / Style,Factor / Style,Factor / Style
2026-09-16,SIL,94.68000030517578,94.68000030517578,89.05000305175781,90.93000030517578,852171.0,251,77487909.29006195,124741959.52734642,101360314.461477,0.0388438429486541,0.0204572168136714,-0.0334847449418702,0.068218302855312,0.0139120347901893,0.0,0.0026498610423354,0.0002846015120222,-0.0,0.0001849909828144,0.0188938013900604,86.81460021972656,90.41638783772788,0.0457111934459981,104.48999786376952,104.48999786376952,0.8702268366750968,4.112999725341797,0.0452325933304509,89.05000305175781,89.05000305175781,89.05000305175781,-0.0206752144188759,Global X Silver Miners ETF,P,True,False,False,False,False,False,False,False,False,,False,,,4207305472.0,Commodity,unknown,412.0,True,,False,True,178.0,True,True,False,333.0,,0,0,False,Commodity,Commodity,Commodity,Commodity,Commodity
2026-09-16,XLB,50.93000030517578,51.11000061035156,49.90950012207031,50.36000061035156,9586977.0,251,482800167.5714264,586367929.9950111,579536550.3119904,-0.0274236810046636,-0.0411930669954111,0.025304850131872,0.0,0.0,0.0207465481902812,-0.0,-0.0,0.0005249882927087,0.000183745902448,-0.0,51.76299987792969,51.19720751444499,0.0004445309351643,54.18999862670898,54.18999862670898,0.929322788089725,0.8320253372192383,0.0165215513728213,49.90950012207031,49.90950012207031,49.90950012207031,-0.0089456013268722,State Street Materials Select Sector SPDR ETF,P,True,False,False,False,False,False,False,False,False,,False,,,8166011392.0,Sector,unknown,279.0,True,,False,True,48.0,True,True,False,334.0,,0,0,False,Sector,Sector,Sector,Sector,Sector
2026-09-16,VNQ,94.18000030517578,95.01000213623048,92.96499633789062,93.4800033569336,3776057.0,251,352985821.0359726,301255802.7469738,314436113.6975033,-0.0424093349023532,-0.0383036968989901,0.0211275863296069,0.0,0.0,0.0223606783988077,-0.0,-0.0,0.0004724271632593,0.0001653495071407,-0.0,97.80640014648438,95.02309076944988,-0.0050405915449025,99.43000030517578,101.8000030517578,0.9182711252906928,1.0682491302490231,0.0114275683770585,92.96499633789062,92.96499633789062,92.96499633789062,-0.0055092747170378,Vanguard Real Estate ETF,P,True,False,False,False,False,False,False,False,False,,False,,,71348019200.0,REIT / Infra,unknown,42.0,True,,False,True,77.0,True,True,False,335.0,,0,0,False,REIT / Infra,REIT / Infra,REIT / Infra,REIT / Infra,REIT / Infra
2026-09-16,JPIE,45.310001373291016,45.369998931884766,45.2400016784668,45.2400016784668,1272810.0,251,57581926.53636933,77084321.89484596,68008625.01050858,-0.0092377006792832,-0.0042186004493671,0.0076058581760638,0.0,0.0,0.0584146605659279,-0.0,-0.0,0.0004442936236673,0.0001555027682835,-0.0,45.52134757995606,45.23252316792806,0.000270471185936,45.7513829445892,45.7513829445892,0.9888226052807682,0.0647812471632796,0.0014319461706411,45.2400016784668,45.2400016784668,45.2400016784668,0.0,JPMorgan Income ETF,P,True,False,False,False,False,False,False,False,False,,False,,,9740692480.0,Bond,unknown,251.0,True,,False,True,230.0,True,True,False,336.0,,0,0,False,Bond,Bond,Bond,Bond,Bond
2026-09-16,DFGR,28.200000762939453,28.479900360107425,27.899999618530277,28.040000915527344,384046.0,251,10768650.191604614,12544515.777545547,12539306.70260947,-0.0430033568034866,-0.0392074425197341,0.0178768819961554,0.0,0.0,0.021572172780243,-0.0,-0.0,0.000385643187193,0.0001349751155175,-0.0,29.34610019683838,28.592950146993,-0.0048492465191921,29.729999542236328,30.424999237060547,0.9216105708680496,0.2649452209472656,0.0094488306810486,27.899999618530277,27.899999618530277,27.899999618530277,-0.0049929134246049,Dimensional Global Real Estate ETF,P,True,False,False,False,False,False,False,False,False,,False,,,3711327744.0,REIT / Infra,unknown,446.0,True,,False,True,439.0,True,True,False,337.0,,0,0,False,REIT / Infra,REIT / Infra,REIT / Infra,REIT / Infra,REIT / Infra
2026-09-16,XLRE,43.071998596191406,43.48500061035156,42.61000061035156,42.810001373291016,5310995.0,251,227363703.2435417,216514533.9948416,233100392.31916004,-0.0407797367525601,-0.0424581275382905,0.0176826034659871,0.0,0.0,0.018128035567181,-0.0,-0.0,0.0003205508645517,0.0001121928025931,-0.0,44.65920021057129,43.60176010131836,-0.0050261998416005,45.46500015258789,46.45500183105469,0.9215369645012688,0.5084999084472657,0.0118780633528434,42.61000061035156,42.61000061035156,42.61000061035156,-0.0046718233245428,State Street Real Estate Select Sector SPDR ETF,P,True,False,False,False,False,False,False,False,False,,False,,,8102354432.0,REIT / Infra,unknown,282.0,True,,False,True,98.0,True,True,False,338.0,,0,0,False,REIT / Infra,REIT / Infra,REIT / Infra,REIT / Infra,REIT / Infra
2026-09-16,NEAR,50.130001068115234,50.19990158081055,50.08000183105469,50.08000183105469,453875.0,251,22730060.831069943,39511843.55802536,29006986.32385012,-0.0055585880268338,-0.0006014735149538,0.0051713427934683,0.0,0.0,0.0560522504803044,-0.0,-0.0,0.000289865401579,0.0001014528905526,-0.0,50.23651947021485,50.04506940205892,0.0003631530648364,50.46953803321853,50.46953803321853,0.9922817561375844,0.0663939158816937,0.0013257570577907,50.08000183105469,50.08000183105469,50.08000183105469,0.0,iShares Short Duration Bond Active ETF,Z,True,False,False,False,False,False,False,False,False,,False,,,4774438400.0,Bond,unknown,386.0,True,,False,True,357.0,True,True,False,339.0,,0,0,False,Bond,Bond,Bond,Bond,Bond
2026-09-16,XLI,169.61000061035156,170.6699981689453,167.49000549316406,168.7100067138672,8909628.0,251,1503143399.698059,1281900076.7857451,1234839762.204612,-0.0809500463989525,-0.0596325546734307,0.0186204496140942,0.0,0.0,0.0149936265125209,-0.0,-0.0,0.0002791880670089,9.771582345313064e-05,-0.0,179.4331997680664,174.69696207682293,-0.0118566272223714,184.6199951171875,188.19000244140625,0.896487616372691,2.4519996643066406,0.0145338128547718,167.49000549316406,167.49000549316406,167.49000549316406,-0.0072313506736577,State Street Industrial Select Sector SPDR ETF,P,True,False,False,False,False,False,False,False,False,,False,,,33963890688.0,Sector,unknown,87.0,True,,False,True,26.0,True,True,False,340.0,,0,0,False,Sector,Sector,Sector,Sector,Sector
2026-09-16,BINC,51.209999084472656,51.29499816894531,51.16310119628906,51.18999862670898,2802642.0,251,143467240.13115692,111150817.1483883,92636186.48303452,-0.0104762682890966,-0.0093568547467285,0.0068154917141796,0.0,0.0,0.038524941611848,-0.0,-0.0,0.0002625664203448,9.189824712068124e-05,-0.0,51.62744163513184,51.38134844462077,-0.0010585654426392,51.92112538358902,51.92112538358902,0.9859185109822152,0.0997876674926644,0.0019493586671166,51.1349983215332,51.1349983215332,51.1349983215332,-0.0010744345897888,iShares Flexible Income Active ETF,P,True,False,False,False,False,False,False,False,False,,False,,,16206218240.0,Other,unknown,160.0,True,,False,True,189.0,True,True,False,341.0,,0,0,False,Other,Other,Other,Other,Other
2026-09-16,JPLD,51.61000061035156,51.68999862670898,51.53499984741211,51.54999923706055,701476.0,251,36161087.26481629,23713574.428948976,22728621.774755083,-0.0067556085670462,-0.0006846963886573,0.0049567668907337,0.0,0.0,0.0507630102442988,-0.0,-0.0,0.0002516204084529,8.80671429585218e-05,-0.0,51.71530334472656,51.47397399902344,0.0003497638188829,51.9305110193046,51.9305110193046,0.9926726740258226,0.0733426335323439,0.0014227475192592,51.53499984741211,51.53499984741211,51.53499984741211,-0.0002909677957405,JPMorgan Limited Duration Bond ETF,P,True,False,False,False,False,False,False,False,False,,False,,,3882614016.0,Bond,unknown,437.0,True,,False,True,385.0,True,True,False,342.0,,0,0,False,Bond,Bond,Bond,Bond,Bond
2026-09-16,IYR,99.4499969482422,100.23999786376952,98.12999725341795,98.6500015258789,6777876.0,251,668637477.742218,530614563.8183701,544381643.1842535,-0.0421994374346618,-0.0383066287044459,0.0152423924264557,0.0,0.0,0.015980345711655,-0.0,-0.0,0.0002435787004474,8.525254515661652e-05,-0.0,103.16072479248048,100.51704294840496,-0.0046226894103956,104.882408700162,107.37393348179909,0.918751863948442,1.1441950704178367,0.0115985306915345,98.12999725341795,98.12999725341795,98.12999725341795,-0.0052712038967838,iShares U.S. Real Estate ETF,P,True,False,False,False,False,False,False,False,False,,False,,,4672414720.0,REIT / Infra,unknown,391.0,True,,False,True,54.0,True,True,False,343.0,,0,0,False,REIT / Infra,REIT / Infra,REIT / Infra,REIT / Infra,REIT / Infra
2026-09-16,XLC,114.22000122070312,114.51000213623048,112.48999786376952,113.0,4395897.0,251,496736361.0,471701775.0184601,636952397.4737854,0.022809527213037,0.0086713888298859,-0.0148608253436315,0.1211538003040756,0.0135624860797823,0.0,0.0027634609049986,0.0001176055902977,-0.0,7.644363369351006e-05,0.8317991530922239,111.12359970092774,112.84864608764649,0.0082072970190645,115.26000213623048,119.16998107948716,0.9482253750181286,1.591750335693359,0.0140862861565784,110.37000274658205,110.25,110.25,-0.0243362831858406,State Street Communication Services Select Sector SPDR ETF,P,True,False,False,False,False,False,False,False,False,,False,,,22262224896.0,Sector,unknown,124.0,True,,False,True,45.0,True,True,False,344.0,,0,0,False,Sector,Sector,Sector,Sector,Sector
2026-09-16,CGMS,26.799999237060547,26.899999618530277,26.76000022888184,26.780000686645508,1107893.0,251,29669375.30072975,35025741.16222086,28918507.092496146,-0.0081551293611218,-0.0112800036280116,0.0064226998377372,0.0,0.0,0.02565543006818,-0.0,-0.0,0.0001647771265359,5.767199428759278e-05,-0.0,26.96264907836914,26.877089462280274,-0.00126599672719,27.14449615613444,27.14449615613444,0.9865720303890572,0.0751555088582616,0.0028064042916824,26.739999771118164,26.739999771118164,26.739999771118164,-0.0014936861277711,Capital Group U.S. Multi-Sector Income ETF,P,True,False,False,False,False,False,False,False,False,,False,,,5172525056.0,Bond,unknown,373.0,True,,False,True,358.0,True,True,False,345.0,,0,0,False,Bond,Bond,Bond,Bond,Bond
2026-09-16,VIS,325.5899963378906,327.510009765625,321.44000244140625,323.8500061035156,65040.0,251,21063204.396972656,52187827.71633911,37441674.0433369,-0.0808332573273848,-0.0749110013312424,0.0129224989867833,0.0,0.0,0.0098355377318334,-0.0,-0.0,0.000127099726374,4.448490423093041e-05,-0.0,344.71600158691405,338.16822916666666,-0.0140689582518329,354.3900146484375,362.2099914550781,0.8940946239570534,4.674504089355469,0.0144341639686778,321.44000244140625,321.44000244140625,321.44000244140625,-0.0074417280120075,Vanguard Industrials ETF,P,True,False,False,False,False,False,False,False,False,,False,,,9029749760.0,Sector,unknown,268.0,True,,False,True,317.0,True,True,False,346.0,,0,0,False,Sector,Sector,Sector,Sector,Sector
2026-09-16,EMLP,43.34000015258789,43.43000030517578,42.88399887084961,43.08000183105469,297421.0,251,12812897.224594116,10481315.715378571,10908472.909693884,-0.0366726150465577,0.0044048020756271,-0.0061972509208579,0.0,0.0121087622393215,0.0,-0.0,5.33367010450385e-05,-0.0,3.466885567927503e-05,0.0342943202707604,44.06040016174316,43.46947901407878,0.0012018094077625,44.869998931884766,45.22999954223633,0.9524652281021152,0.4568000793457031,0.0106035297105399,42.88399887084961,42.88399887084961,42.88399887084961,-0.0045497435439705,First Trust North American Energy Infrastructure Fund,P,True,False,False,False,False,False,False,False,False,,False,,,4057605120.0,REIT / Infra,unknown,420.0,True,,False,True,449.0,True,True,False,347.0,,0,0,False,REIT / Infra,REIT / Infra,REIT / Infra,REIT / Infra,REIT / Infra
2026-09-16,EMB,93.1500015258789,93.5,92.98500061035156,93.05999755859376,7563635.0,251,703871854.6340942,618101040.714035,555204973.4710209,-0.0123804255451455,-0.024827813700696,0.0046178838646848,0.0,0.0,0.0110845755407061,-0.0,-0.0,5.1187282536307626e-05,1.791554888770767e-05,-0.0,94.34539260864258,94.02798126220704,-0.003231314551872,94.98325001439144,95.62673604319149,0.9731587776514884,0.3633632286078431,0.0039046124880785,92.88999938964844,92.88999938964844,92.88999938964844,-0.0018267587943818,iShares J.P. Morgan USD Emerging Markets Bond ETF,Q,True,False,False,False,False,False,False,False,False,,False,,,14615079936.0,Bond,unknown,173.0,True,,False,True,53.0,True,True,False,348.0,,0,0,False,Bond,Bond,Bond,Bond,Bond
2026-09-16,XMMO,147.4499969482422,148.19000244140625,144.63999938964844,146.25,470667.0,251,68835048.75,47898580.63970947,61318500.91622489,-0.0922914322730217,-0.1396163774720575,0.0095270917323313,0.0,0.0,0.005354539009544,-0.0,-0.0,5.1013184328273e-05,1.785461451489555e-05,-0.0,157.1659991455078,157.16725677490234,-0.0196352404148041,162.8300018310547,173.94000244140625,0.8408071630863984,2.5475013732910154,0.0174188128088274,144.63999938964844,144.63999938964844,144.63999938964844,-0.011008551181891,Invesco S&P MidCap Momentum ETF,P,True,False,False,False,False,False,False,False,False,,False,,,7917685760.0,Factor / Style,unknown,289.0,True,,False,True,252.0,True,True,False,349.0,,0,0,False,Factor / Style,Factor / Style,Factor / Style,Factor / Style,Factor / Style
2026-09-16,VAW,227.27999877929688,227.93499755859372,222.5093994140625,224.6999969482422,48877.0,251,10982661.750839232,17570274.68269577,12890454.339769876,-0.0297927848593813,-0.0521757342723822,0.0079278653031544,0.0,0.0,0.0060633040413494,-0.0,-0.0,4.806905773189043e-05,1.682417020616165e-05,-0.0,230.9854000854492,230.6455743408203,0.0002989836762057,242.3800048828125,242.3800048828125,0.9270566565789188,3.623778533935547,0.0161271855057935,222.5093994140625,222.5093994140625,222.5093994140625,-0.009748987823459,Vanguard Materials ETF,P,True,False,False,False,False,False,False,False,False,,False,,,4486959616.0,Sector,unknown,400.0,True,,False,True,437.0,True,True,False,350.0,,0,0,False,Sector,Sector,Sector,Sector,Sector
2026-09-16,PYLD,25.76000022888184,25.82999992370605,25.690000534057617,25.700000762939453,5066589.0,251,130211341.16550064,105387754.724119,99143751.3999024,-0.0123002474270271,-0.0152652787625707,0.0032148705277326,0.0,0.0,0.0121199141425383,-0.0,-0.0,3.8963954775496166e-05,1.3637384171423657e-05,-0.0,25.97546310424805,25.871426467895507,-0.0017099065674193,26.179197311401367,26.179197311401367,0.981695521724296,0.0833521379683739,0.0032432737546285,25.690000534057617,25.690000534057617,25.690000534057617,-0.0003891139527223,PIMCO Multisector Bond Active Exchange-Traded Fund,P,True,False,False,False,False,False,False,False,False,,False,,,14711611392.0,Bond,unknown,171.0,True,,False,True,182.0,True,True,False,351.0,,0,0,False,Bond,Bond,Bond,Bond,Bond
2026-09-16,FLXR,38.29999923706055,38.47999954223633,38.25239944458008,38.27000045776367,525752.0,251,20120529.28067017,16827332.018022917,16415562.259241257,-0.0126339731236873,-0.0089311522724565,0.0023865034512127,0.0,0.0,0.0137351183715905,-0.0,-0.0,3.277890739661615e-05,1.1472617588815652e-05,-0.0,38.61552696228027,38.42842618306478,-0.0006721188515006,38.84923007406035,38.84923007406035,0.9850903192883756,0.1034868871267196,0.0027041255784914,38.220001220703125,38.220001220703125,38.220001220703125,-0.0013064864505483,TCW Flexible Income ETF,N,True,False,False,False,False,False,False,False,False,,False,,,3345479168.0,Bond,unknown,472.0,True,,False,True,416.0,True,True,False,352.0,,0,0,False,Bond,Bond,Bond,Bond,Bond
2026-09-16,VGSH,57.69820022583008,57.7400016784668,57.59999847412109,57.619998931884766,6496071.0,251,374303604.0814476,434555443.1579069,253093487.8853042,-0.0062388627569275,-0.0012601334519543,0.0016587837853521,0.0,0.0,0.0184458960204236,-0.0,-0.0,3.0597753224969855e-05,1.070921362873945e-05,-0.0,57.820025253295896,57.65166826883952,0.0003459968424959,58.03159332275391,58.03159332275391,0.9929074084080376,0.0600336589663772,0.0010418892759325,57.59999847412109,57.59999847412109,57.59999847412109,-0.0003471096517602,Vanguard Short-Term Treasury ETF,Q,True,False,False,False,False,False,False,False,False,,False,,,33827600384.0,Bond,unknown,88.0,True,,False,True,93.0,True,True,False,353.0,,0,0,False,Bond,Bond,Bond,Bond,Bond
2026-09-16,IBDU,22.799999237060547,22.86000061035156,22.770000457763672,22.780000686645508,962753.0,251,21931514.001070023,20382208.60654764,15661039.149514245,-0.0086566813083431,-0.0046034030044551,0.0014679969618742,0.0,0.0,0.0102464425407338,-0.0,-0.0,1.5041746519816548e-05,5.264611281935791e-06,-0.0,22.911510124206544,22.851092694600425,-0.0003324438542822,23.04199981689453,23.05002996580292,0.9882850790407636,0.0587521251074008,0.0025791098918554,22.770000457763672,22.770000457763672,22.770000457763672,-0.0004389915970326,iShares iBonds Dec 2029 Term Corporate ETF,P,True,False,False,False,False,False,False,False,False,,False,,,3963476736.0,Bond,unknown,427.0,True,,False,True,421.0,True,True,False,354.0,,0,0,False,Bond,Bond,Bond,Bond,Bond
2026-09-16,SCHO,23.920000076293945,23.940000534057617,23.8799991607666,23.8799991607666,4457945.0,251,106455722.85874368,203105122.5407472,115294935.00585298,-0.0069818236386606,-0.0020587723757686,0.0010027619527712,0.0,0.0,0.0110975829885431,-0.0,-0.0,1.1128233988632771e-05,3.894881896021471e-06,-0.0,23.97556667327881,23.90577143351237,0.0003290490874021,24.0578727722168,24.0578727722168,0.9926064281271114,0.0293710150359865,0.0012299420464068,23.8799991607666,23.8799991607666,23.8799991607666,0.0,Schwab Short-Term U.S. Treasury ETF,P,True,False,False,False,False,False,False,False,False,,False,,,12952873984.0,Bond,unknown,198.0,True,,False,True,163.0,True,True,False,355.0,,0,0,False,Bond,Bond,Bond,Bond,Bond
2026-09-16,SPTS,28.729999542236328,28.76000022888184,28.690000534057617,28.690000534057617,3017863.0,251,86582491.08171272,103502618.37357987,58398982.36909137,-0.0061282212756476,-0.0016497994249562,0.0009356682651748,0.0,0.0,0.0102591079588526,-0.0,-0.0,9.599121746101508e-06,3.359692611135528e-06,-0.0,28.798642959594726,28.715622723897297,0.0002943076571135,28.906774520874023,28.906774520874023,0.992500927882498,0.0318100316499846,0.0011087497754565,28.690000534057617,28.690000534057617,28.690000534057617,0.0,State Street SPDR Portfolio Short Term Treasury ETF,P,True,False,False,False,False,False,False,False,False,,False,,,5912571904.0,Bond,unknown,350.0,True,,False,True,257.0,True,True,False,356.0,,0,0,False,Bond,Bond,Bond,Bond,Bond
2026-09-16,SHY,81.37999725341797,81.44000244140625,81.23999786376953,81.23999786376953,4029079.0,251,327322369.3529587,360340870.3008007,301001414.0051138,-0.0065497086717049,-0.0019411380580315,0.0005279690152941,0.0,0.0,0.0055059679832714,-0.0,-0.0,2.9069804943690498e-06,1.0174431730291674e-06,-0.0,81.56037811279298,81.34331446329753,0.0002836426445069,81.8553710204699,81.8553710204699,0.9924821896348563,0.0844046157230195,0.0010389539382381,81.23999786376953,81.23999786376953,81.23999786376953,0.0,iShares 1-3 Year Treasury Bond ETF,Q,True,False,False,False,False,False,False,False,False,,False,,,25358272512.0,Bond,unknown,110.0,True,include,False,True,79.0,True,True,False,357.0,,0,0,False,Bond,Bond,Bond,Bond,Bond
2026-09-16,VCSH,77.76000213623047,77.85559844970703,77.61499786376953,77.62000274658203,8917488.0,251,692175443.0526123,391644891.352002,332844515.0994912,-0.0088953651885838,-0.0062759918550999,0.000598954396753,0.0,0.0,0.004215232979872,-0.0,-0.0,2.5247323266328898e-06,8.836563143215114e-07,-0.0,78.10906051635742,77.92044225056966,-0.0005632155532603,78.47603562671004,78.47603562671004,0.9890917925033836,0.127177314412809,0.0016384605760453,77.61499786376953,77.61499786376953,77.61499786376953,-6.447929187580748e-05,Vanguard Short-Term Corporate Bond ETF,Q,True,False,False,False,False,False,False,False,False,,False,,,51786543104.0,Bond,unknown,55.0,True,,False,True,75.0,True,True,False,358.0,,0,0,False,Bond,Bond,Bond,Bond,Bond
2026-09-16,IGSB,51.56499862670898,51.68000030517578,51.470001220703125,51.470001220703125,7131657.0,251,367066394.495636,169036483.7428978,155365083.87386164,-0.0090070027698486,-0.0057867886023851,0.0005290158599458,0.0,0.0,0.0037082856845825,-0.0,-0.0,1.9617419403541723e-06,6.866096791239603e-07,-0.0,51.80136375427246,51.66341723124186,-0.0005077359107537,52.02745819091797,52.03741964811191,0.9890959538108196,0.0842802439449197,0.0016374634145339,51.470001220703125,51.470001220703125,51.470001220703125,0.0,iShares 1-5 Year Investment Grade Corporate Bond ETF,Q,True,False,False,False,False,False,False,False,False,,False,,,22337937408.0,Bond,unknown,122.0,True,,False,True,133.0,True,True,False,359.0,,0,0,False,Bond,Bond,Bond,Bond,Bond
2026-09-16,VWOB,64.72000122070312,64.94000244140625,64.63500213623047,64.67500305175781,520960.0,251,33693089.58984375,31843912.239730835,35325423.66460407,-0.0127391175834156,-0.0259345715193469,0.0008048154337556,0.0,0.0,0.0020515700364238,-0.0,-0.0,1.6511352287445854e-06,5.778973300606048e-07,-0.0,65.55285125732422,65.42572527567546,-0.0033785853538796,66.00710476685043,66.50535872228677,0.9724780723584672,0.2304844896040023,0.0035637337259891,64.54000091552734,64.54000091552734,64.54000091552734,-0.002087392808044,Vanguard Emerging Markets Government Bond ETF,Q,True,False,False,False,False,False,False,False,False,,False,,,6760565248.0,Bond,unknown,319.0,True,,False,True,326.0,True,True,False,360.0,,0,0,False,Bond,Bond,Bond,Bond,Bond
2026-09-16,MUNI,50.4900016784668,50.60499954223633,50.40499877929688,50.4900016784668,633265.0,251,31973550.91291428,24716115.791171078,19074918.16462653,-0.0205596869023562,-0.0295500134397229,-0.0239566842441688,0.0,0.0,0.0,-0.0,-0.0,-0.0,-0.0,-0.0,51.50334228515625,51.7131041208903,-0.0051473348524679,51.69947125433222,52.26571829963166,0.9660252134872626,0.164877789872153,0.0032655532658156,50.40499877929688,50.40499877929688,50.40499877929688,-0.00168355904821,PIMCO Intermediate Municipal Bond Active Exchange-Traded Fund,P,True,False,False,False,False,False,False,False,False,,False,,,3086858752.0,Bond,unknown,498.0,True,,False,True,403.0,True,True,False,361.0,,0,0,False,Bond,Bond,Bond,Bond,Bond
2026-09-16,PGX,10.40999984741211,10.484999656677246,10.375,10.4399995803833,10185418.0,251,106335759.64602852,63452528.91534777,42640879.68918473,-0.0078035164857873,-0.035032215446384,-0.0405464340260327,0.0,0.0,0.0,-0.0,-0.0,-0.0,-0.0,,10.613555221557617,10.77546422958374,-0.0053402423130722,10.65999984741211,10.97581014864604,0.9511825950880868,0.0609507262086145,0.0058381924002315,10.3100004196167,10.3100004196167,10.3100004196167,-0.0124520273938391,Invesco Preferred ETF,P,True,False,False,False,False,False,False,False,False,,False,,,3857212160.0,Other,unknown,440.0,True,,False,True,299.0,True,True,False,362.0,,0,0,False,Other,Other,Other,Other,Other
2026-09-16,MBB,91.37999725341795,91.62000274658205,91.12999725341795,91.2249984741211,2135857.0,251,194843551.5659409,252449056.52742425,207181481.318586,-0.0163473968468276,-0.0261410589327922,-0.0241364777403205,0.0,0.0,0.0,-0.0,-0.0,-0.0,-0.0,-0.0,92.64719314575196,93.07445409138997,-0.0035726140508473,93.45845549801132,94.07928711751856,0.9696608176905928,0.3669669760381687,0.0040226580671554,91.0199966430664,91.0199966430664,91.0199966430664,-0.0022472111206759,iShares MBS ETF,Q,True,False,False,False,False,False,False,False,False,,False,,,39630225408.0,Bond,unknown,79.0,True,,False,True,109.0,True,True,False,363.0,,0,0,False,Bond,Bond,Bond,Bond,Bond
2026-09-16,MUB,102.87999725341795,103.11499786376952,102.73500061035156,102.81999969482422,14148663.0,251,1454765525.3421707,855296039.9948307,555899338.9760032,-0.0215004805071507,-0.0327259721978093,-0.0254333631581493,0.0,0.0,0.0,-0.0,-0.0,-0.0,-0.0,-0.0,105.06174530029296,105.5384619140625,-0.0062143944298316,105.49809430218998,107.00265267731127,0.9609107542866184,0.3841535546735756,0.0037361754115324,102.6500015258789,102.6500015258789,102.6500015258789,-0.0016533570263554,iShares National Muni Bond ETF,P,True,False,False,False,False,False,False,False,False,,False,,,45820870656.0,Bond,unknown,67.0,True,,False,True,52.0,True,True,False,364.0,,0,0,False,Bond,Bond,Bond,Bond,Bond
2026-09-16,MCHI,52.7400016784668,52.810001373291016,52.15999984741211,52.310001373291016,1730207.0,251,90507130.54607771,85531102.24339886,135857499.55043313,-0.0471766863497628,-0.0336227537208801,-0.0989614181904916,0.0,0.0,0.0,-0.0,-0.0,-0.0,-0.0,-0.0,54.4607999420166,55.638704274495446,0.0084623683269402,56.040000915527344,59.53542086412286,0.8786366269699789,0.566499900817871,0.0108296670989406,52.15999984741211,52.15999984741211,52.15999984741211,-0.0028675496452098,iShares MSCI China ETF,Q,True,False,False,False,False,False,False,False,False,,False,,,5885857792.0,Country / Region,unknown,351.0,True,,False,True,148.0,True,True,False,365.0,,0,0,False,Country / Region,Country / Region,Country / Region,Country / Region,Country / Region
2026-09-16,VMBS,45.29999923706055,45.43769836425781,45.20500183105469,45.22999954223633,1773316.0,251,80207081.86824036,72623089.03596267,62891653.38594152,-0.0168001285639086,-0.0240837080096713,-0.0210104897633899,0.0,0.0,0.0,-0.0,-0.0,-0.0,-0.0,-0.0,45.91958595275879,46.0733686319987,-0.0033004771751824,46.30176932966936,46.55393017763546,0.9715613562518264,0.1889844296640767,0.0041782982882323,45.13999938964844,45.13999938964844,45.13999938964844,-0.0019898331527473,Vanguard Mortgage-Backed Securities ETF,Q,True,False,False,False,False,False,False,False,False,,False,,,17337255936.0,Bond,unknown,150.0,True,,False,True,243.0,True,True,False,366.0,,0,0,False,Bond,Bond,Bond,Bond,Bond
2026-09-16,PFF,29.86000061035156,30.09000015258789,29.799999237060547,29.899999618530277,2820415.0,251,84330407.42409706,80160086.33991861,86218886.71311772,-0.013297456851857,-0.0276688861394874,-0.0051660733451049,0.0,0.0,0.0,-0.0,-0.0,-0.0,-0.0,-0.0,30.25756912231445,30.381100883483885,-0.0003577321919256,30.5816000940681,31.20534389752817,0.9581692070664444,0.1841597167363598,0.0061591879292944,29.780000686645508,29.780000686645508,29.780000686645508,-0.0040133422547068,iShares Preferred and Income Securities ETF,Q,True,False,False,False,False,False,False,False,False,,False,,,13096669184.0,Other,unknown,197.0,True,,False,True,202.0,True,True,False,367.0,,0,0,False,Other,Other,Other,Other,Other
2026-09-16,PPA,160.16000366210938,161.77999877929688,158.868896484375,160.1699981689453,264429.0,251,42353592.44581604,35546634.9462349,32787763.278786555,-0.1226446082880902,-0.09176527816281,-0.0898164614969743,0.0,0.0,0.0,-0.0,-0.0,-0.0,-0.0,-0.0,172.84219940185548,172.9483935546875,-0.015165483853551,183.1199951171875,185.67999267578125,0.8626131219674306,2.679055023193359,0.0167263223688591,158.4600067138672,158.4600067138672,158.4600067138672,-0.0106761033566001,Invesco Aerospace & Defense ETF,P,True,False,False,False,False,False,False,False,False,,False,,,8324131840.0,Industry / Theme,unknown,274.0,True,,False,True,336.0,True,True,False,368.0,,0,0,False,Industry / Theme,Industry / Theme,Industry / Theme,Industry / Theme,Industry / Theme
2026-09-16,NLR,109.23999786376952,109.28500366210938,105.79499816894533,107.36000061035156,566673.0,251,60838013.62586975,42796321.70702744,45003355.881920464,-0.0619484187587784,-0.1383627453843846,-0.2306148360620512,0.0,0.0,0.0,-0.0,-0.0,-0.0,-0.0,-0.0,114.12679977416992,128.08819997151693,-0.0011657629390867,128.6300048828125,150.5,0.7133554857830668,4.028001022338867,0.037518638221305,105.79499816894533,105.79499816894533,105.79499816894533,-0.0145771463534749,VanEck Uranium and Nuclear ETF,P,True,False,False,False,False,False,False,False,False,,False,,,4214125568.0,Commodity,unknown,411.0,True,,False,True,291.0,True,True,False,369.0,,0,0,False,Commodity,Commodity,Commodity,Commodity,Commodity
2026-09-16,STIP,100.31999969482422,100.37999725341795,100.01000213623048,100.01000213623048,1692764.0,251,169293331.25613403,101178794.86839446,94090731.6655724,-0.0084275081199419,-0.0061056007269066,-0.0006432136500045,0.0,0.0,0.0,-0.0,-0.0,-0.0,-0.0,-0.0,100.65207427978515,100.35248987833658,0.000252191495909,101.04000091552734,101.04000091552734,0.9898060295925968,0.1484996795654297,0.0014848482791066,100.01000213623048,100.01000213623048,100.01000213623048,0.0,iShares 0-5 Year TIPS Bond ETF,P,True,False,False,False,False,False,False,False,False,,False,,,15883689984.0,Bond,unknown,162.0,True,,False,True,188.0,True,True,False,370.0,,0,0,False,Bond,Bond,Bond,Bond,Bond
2026-09-16,SPTL,24.71999931335449,24.8799991607666,24.684999465942383,24.690000534057617,7986768.0,251,197193306.1853943,160072009.92083818,134908566.46239957,-0.0079070552745086,-0.0465866049120929,-0.049115375684634,0.0,0.0,0.0,-0.0,-0.0,-0.0,-0.0,-0.0,25.13232410430908,25.60541845957438,-0.0084863104762977,25.39487974024196,26.311878099418472,0.9383594907504264,0.1956511115687823,0.0079243056839508,24.57999992370605,24.57999992370605,24.57999992370605,-0.0044552696627052,State Street SPDR Portfolio Long Term Treasury ETF,P,True,False,False,False,False,False,False,False,False,,False,,,10471982080.0,Bond,unknown,239.0,True,,False,True,150.0,True,True,False,371.0,,0,0,False,Bond,Bond,Bond,Bond,Bond
2026-09-16,SPTI,27.600000381469727,27.68000030517578,27.520000457763672,27.520000457763672,2796144.0,251,76949884.15997314,65838475.71649208,63382938.6086347,-0.0176924087147866,-0.0209754916240051,-0.0258610149111042,0.0,0.0,0.0,-0.0,-0.0,-0.0,-0.0,-0.0,27.931774826049804,28.06446435292562,-0.0027135846724523,28.115327835083008,28.322887037465083,0.9716523750336834,0.0813857022104711,0.0029573292462468,27.520000457763672,27.520000457763672,27.520000457763672,0.0,State Street SPDR Portfolio Intermediate Term Treasury ETF,P,True,False,False,False,False,False,False,False,False,,False,,,10175785984.0,Bond,unknown,245.0,True,,False,True,241.0,True,True,False,372.0,,0,0,False,Bond,Bond,Bond,Bond,Bond
2026-09-16,SPMB,21.59000015258789,21.63999938964844,21.5132999420166,21.520000457763672,1973002.0,251,42459003.94316864,25465095.46097336,25153309.818257406,-0.0177537180689024,-0.0268662612330162,-0.0250872439182432,0.0,0.0,0.0,-0.0,-0.0,-0.0,-0.0,-0.0,21.876474113464354,21.98270448048909,-0.0036852959906444,22.058481329640383,22.2230624013782,0.9683634086555538,0.0926608170340264,0.0043057999564585,21.479999542236328,21.479999542236328,21.479999542236328,-0.0018587785630326,State Street SPDR Portfolio Mortgage Backed Bond ETF,P,True,False,False,False,False,False,False,False,False,,False,,,7072976896.0,Bond,unknown,310.0,True,,False,True,373.0,True,True,False,373.0,,0,0,False,Bond,Bond,Bond,Bond,Bond
2026-09-16,SPIB,32.66999816894531,32.7400016784668,32.584999084472656,32.599998474121094,6183825.0,251,201592685.56423187,191066128.63272667,205615195.5282393,-0.0115486920091638,-0.0138231490404504,-0.0078502241594369,0.0,0.0,0.0,-0.0,-0.0,-0.0,-0.0,-0.0,32.92154251098633,32.94766222635905,-0.0020068737796412,33.100413432918,33.239096912593354,0.9807726894580544,0.0896476474878578,0.0027499279657642,32.58000183105469,32.58000183105469,32.58000183105469,-0.0006133939878028,State Street SPDR Portfolio Intermediate Term Corporate Bond ETF,P,True,False,False,False,False,False,False,False,False,,False,,,11570174976.0,Bond,unknown,212.0,True,,False,True,111.0,True,True,False,374.0,,0,0,False,Bond,Bond,Bond,Bond,Bond
2026-09-16,SPAB,24.75,24.834999084472656,24.690000534057617,24.709999084472656,3532624.0,251,87291135.80578613,60499530.62623444,66996614.5682757,-0.0120347286773466,-0.0215022942492596,-0.0190945280141109,0.0,0.0,0.0,-0.0,-0.0,-0.0,-0.0,-0.0,25.00370456695557,25.125998560587565,-0.0032662479060719,25.19036208044764,25.36184310913086,0.9742982392149756,0.0931457421368119,0.0037695566810175,24.670000076293945,24.670000076293945,24.670000076293945,-0.0016187377442618,State Street SPDR Portfolio Aggregate Bond ETF,P,True,False,False,False,False,False,False,False,False,,False,,,9625304064.0,Bond,unknown,254.0,True,,False,True,233.0,True,True,False,375.0,,0,0,False,Bond,Bond,Bond,Bond,Bond
2026-09-16,VDC,225.91000366210935,226.92990112304688,225.0200042724609,225.1100006103516,109086.0,251,24556349.52658081,37206696.65723725,35741034.039494105,-0.0301998735752897,-0.0229612056336655,-0.0140535115300025,0.0,0.0,0.0,-0.0,-0.0,-0.0,-0.0,-0.0,229.78039978027343,228.70831736246743,-0.0012636075543493,236.22000122070312,239.72999572753903,0.9390147441799332,2.55899429321289,0.0113677503721494,223.6300048828125,223.6300048828125,223.6300048828125,-0.0065745445494481,Vanguard Consumer Staples ETF,P,True,False,False,False,False,False,False,False,False,,False,,,9185586176.0,Sector,unknown,262.0,True,,False,True,325.0,True,True,False,376.0,,0,0,False,Sector,Sector,Sector,Sector,Sector
2026-09-16,SUB,105.44000244140624,105.4749984741211,105.3499984741211,105.41000366210938,808210.0,251,85193419.05975342,60917536.33087158,53471429.60551428,-0.0059600094653344,-0.0038851672378197,-0.0020440462016992,0.0,0.0,0.0,-0.0,-0.0,-0.0,-0.0,-0.0,105.83098220825195,105.63994689941406,-0.0002543825549317,106.20167783377369,106.20167783377369,0.9925455587160928,0.1287520590475551,0.0012214406088085,105.3499984741211,105.3499984741211,105.3499984741211,-0.0005692551551428,iShares Short-Term National Muni Bond ETF,P,True,False,False,False,False,False,False,False,False,,False,,,11377924096.0,Bond,unknown,216.0,True,,False,True,273.0,True,True,False,377.0,,0,0,False,Bond,Bond,Bond,Bond,Bond
2026-09-16,VCLT,70.95999908447266,71.47000122070312,70.8499984741211,70.93000030517578,8281015.0,251,587372396.4771652,315655846.2811489,292550910.17424023,-0.0024149511939716,-0.0441923936444789,-0.0263013528187494,0.0,0.0,0.0,-0.0,-0.0,-0.0,-0.0,-0.0,71.77022201538085,72.95247833251953,-0.0086226623441362,72.4847443902384,74.92901750781311,0.9466292587885548,0.4837883927204828,0.0068206455750597,70.41000366210938,70.41000366210938,70.41000366210938,-0.0073311242186538,Vanguard Long-Term Corporate Bond ETF,Q,True,False,False,False,False,False,False,False,False,,False,,,10055394304.0,Bond,unknown,247.0,True,,False,True,81.0,True,True,False,378.0,,0,0,False,Bond,Bond,Bond,Bond,Bond
2026-09-16,USIG,49.59000015258789,49.7400016784668,49.5,49.5099983215332,1687851.0,251,83565500.17699814,124821712.1998785,105123137.39986113,-0.0091350824115671,-0.0227494679946708,-0.0127669598909709,0.0,0.0,0.0,-0.0,-0.0,-0.0,-0.0,-0.0,50.03567367553711,50.27505770365397,-0.0038144585216205,50.3449034656307,50.8996560245501,0.9726980924518108,0.1694978241560665,0.003423506966316,49.40999984741211,49.40999984741211,49.40999984741211,-0.0020197632298767,iShares Broad USD Investment Grade Corporate Bond ETF,Q,True,False,False,False,False,False,False,False,False,,False,,,17618763776.0,Bond,unknown,147.0,True,,False,True,173.0,True,True,False,379.0,,0,0,False,Bond,Bond,Bond,Bond,Bond
2026-09-16,VCR,373.1600036621094,374.9200134277344,368.3999938964844,370.260009765625,51176.0,251,18948426.259765625,18178370.00363159,21102479.64370001,-0.0535759710384892,-0.0644314730993242,-0.000647335344831,0.0,0.0,0.0,-0.0,-0.0,-0.0,-0.0,-0.0,389.8198004150391,385.22376220703126,-0.006013746623012,400.1700134277344,405.132061529269,0.9139242358849332,5.194003295898438,0.0140279888697303,368.3999938964844,368.3999938964844,368.3999938964844,-0.0050235397290623,Vanguard Consumer Discretion ETF,P,True,False,False,False,False,False,False,False,False,,False,,,6827243008.0,Other,unknown,317.0,True,,False,True,392.0,True,True,False,380.0,,0,0,False,Other,Other,Other,Other,Other
2026-09-16,URA,42.08000183105469,42.375,40.709999084472656,41.369998931884766,2854812.0,251,118103569.3907318,159150176.71185762,137475286.777694,-0.0515818444542721,-0.1357844191567454,-0.1811164181110528,0.0,0.0,0.0,-0.0,-0.0,-0.0,-0.0,-0.0,43.14139991760254,48.02453333536784,0.003171722302117,50.09000015258789,58.970001220703125,0.7015431249026434,1.6942495346069335,0.040953579365484,40.709999084472656,40.709999084472656,40.709999084472656,-0.015953586281179,Global X Uranium ETF,P,True,False,False,False,False,False,False,False,False,,False,,,5997526528.0,Commodity,unknown,347.0,True,,False,True,146.0,True,True,False,381.0,,0,0,False,Commodity,Commodity,Commodity,Commodity,Commodity
2026-09-16,UCON,24.32999992370605,24.350000381469727,24.270000457763672,24.270000457763672,537243.0,251,13038887.855930328,14494348.049775124,12693459.613455212,-0.0124047901100075,-0.0167681813703616,-0.0058379471015004,0.0,0.0,0.0,-0.0,-0.0,-0.0,-0.0,-0.0,24.532661781311035,24.53354907989502,-0.0022722229788292,24.700000762939453,24.73844610005593,0.9810640635875992,0.0732173282954825,0.0030167831443967,24.270000457763672,24.270000457763672,24.270000457763672,0.0,First Trust Smith Unconstrained Bond ETF,P,True,False,False,False,False,False,False,False,False,,False,,,3285839104.0,Bond,unknown,476.0,True,,False,True,438.0,True,True,False,382.0,,0,0,False,Bond,Bond,Bond,Bond,Bond
2026-09-16,VCRB,74.80999755859375,74.9800033569336,74.72000122070312,74.7300033569336,639809.0,251,47812928.717796326,57271082.800330736,44009273.26081279,-0.0118854062750402,-0.0205041892773778,-0.0162414882888677,0.0,0.0,0.0,-0.0,-0.0,-0.0,-0.0,-0.0,75.60350204467774,75.8948129272461,-0.0031270547767995,76.11693424106498,76.6402587890625,0.9750750393812406,0.2325342354906333,0.0031116583038271,74.63500213623047,74.63500213623047,74.63500213623047,-0.0012712594197188,Vanguard Core Bond ETF,Q,True,False,False,False,False,False,False,False,False,,False,,,7294146560.0,Bond,unknown,302.0,True,,False,True,295.0,True,True,False,383.0,,0,0,False,Bond,Bond,Bond,Bond,Bond
2026-09-16,TOTL,38.04999923706055,38.11000061035156,37.94499969482422,37.959999084472656,532974.0,251,20231692.55204773,20864786.361439515,21037102.098063152,-0.0178458964387068,-0.0254449235559333,-0.0277242129157019,0.0,0.0,0.0,-0.0,-0.0,-0.0,-0.0,-0.0,38.562496948242185,38.81067161560058,-0.0034614924140408,38.80605107094559,39.19544689950035,0.9684798130202352,0.1128470445416265,0.002972788389444,37.94499969482422,37.94499969482422,37.94499969482422,-0.0003951367231347,State Street DoubleLine Total Return Tactical ETF,P,True,False,False,False,False,False,False,False,False,,False,,,4176964608.0,Other,unknown,414.0,True,,False,True,393.0,True,True,False,384.0,,0,0,False,Other,Other,Other,Other,Other
2026-09-16,TLT,80.94499969482422,81.55999755859375,80.86000061035156,80.87999725341797,56433951.0,251,4564377801.879524,2646341082.684346,2442434690.499678,-0.0057566328593442,-0.0507246247036285,-0.0534866370682852,0.0,0.0,0.0,-0.0,-0.0,-0.0,-0.0,-0.0,82.3601089477539,84.17303670247396,-0.0096696681627284,83.28087429911845,86.78348379051238,0.9319745384807908,0.6962093975701776,0.0086079305293343,80.45999908447266,80.45999908447266,80.45999908447266,-0.0051928558754688,iShares 20+ Year Treasury Bond ETF,Q,True,False,False,False,False,False,False,False,False,,False,,,41099935744.0,Bond,unknown,75.0,True,,False,True,13.0,True,True,False,385.0,,0,0,False,Bond,Bond,Bond,Bond,Bond
2026-09-16,TLH,95.12000274658205,95.62000274658205,94.88999938964844,94.93000030517578,2291777.0,251,217558391.30939484,125331218.34907722,104758657.23998114,-0.0107395253075591,-0.0414456679658048,-0.0443671209814797,0.0,0.0,0.0,-0.0,-0.0,-0.0,-0.0,-0.0,96.6074366760254,98.13125361124676,-0.0072964529906909,97.6142042245735,100.39892028981,0.9455280996165324,0.6618038502135128,0.0069714931853574,94.62000274658205,94.62000274658205,94.62000274658205,-0.0032655383714019,iShares 10-20 Year Treasury Bond ETF,P,True,False,False,False,False,False,False,False,False,,False,,,11252374528.0,Bond,unknown,220.0,True,,False,True,174.0,True,True,False,386.0,,0,0,False,Bond,Bond,Bond,Bond,Bond
2026-09-16,TIP,105.9000015258789,106.0500030517578,105.38400268554688,105.38999938964844,2194508.0,251,231279196.7805786,198615132.28081664,197755603.89135745,-0.0152307727952407,-0.0233259024052592,-0.0220359259731762,0.0,0.0,0.0,-0.0,-0.0,-0.0,-0.0,-0.0,106.94316680908204,107.34289031982422,-0.0022051697816668,107.6500015258789,108.34822769132404,0.9726970310017126,0.3543010711669921,0.0033618092154746,105.38400268554688,105.38400268554688,105.38400268554688,-5.69001246445433e-05,iShares TIPS Bond ETF,P,True,False,False,False,False,False,False,False,False,,False,,,14696782848.0,Bond,unknown,172.0,True,,False,True,114.0,True,True,False,387.0,,0,0,False,Bond,Bond,Bond,Bond,Bond
2026-09-16,TFI,43.59000015258789,43.720001220703125,43.54999923706055,43.59999847412109,1953003.0,251,85150927.81995392,43773913.92269783,29442421.32374197,-0.0246838781841941,-0.0349914732579111,-0.0298205858555471,0.0,0.0,0.0,-0.0,-0.0,-0.0,-0.0,-0.0,44.67391944885254,44.89368207295736,-0.0062744987575912,44.88290464065021,45.46360518545496,0.9590088224694928,0.1540421607730699,0.003533077205599,43.54999923706055,43.54999923706055,43.54999923706055,-0.0011467715323482,State Street SPDR Nuveen ICE Municipal Bond ETF,P,True,False,False,False,False,False,False,False,False,,False,,,3122414592.0,Bond,unknown,494.0,True,,False,True,353.0,True,True,False,388.0,,0,0,False,Bond,Bond,Bond,Bond,Bond
2026-09-16,SCHI,21.81999969482422,21.899999618530277,21.770099639892575,21.790000915527344,1757547.0,251,38296950.73908234,58296502.03067704,46288813.385524206,-0.0149167529588317,-0.0242683466259505,-0.0194569908937726,0.0,0.0,0.0,-0.0,-0.0,-0.0,-0.0,-0.0,22.10758666992188,22.22016512552897,-0.0039975242837692,22.244452236893963,22.450953147022776,0.9705601705563632,0.0781233549462182,0.0035852846105457,21.75,21.75,21.75,-0.0018357463903931,Schwab 5-10 Year Corporate Bond ETF,P,True,False,False,False,False,False,False,False,False,,False,,,11602564096.0,Bond,unknown,211.0,True,,False,True,289.0,True,True,False,389.0,,0,0,False,Bond,Bond,Bond,Bond,Bond
2026-09-16,AGG,96.0199966430664,96.2300033569336,95.79000091552734,95.80999755859376,9608609.0,251,920600804.831482,820640277.9988754,835356191.2422389,-0.0124025271091715,-0.0219133941390545,-0.0202182263948267,0.0,0.0,0.0,-0.0,-0.0,-0.0,-0.0,-0.0,97.00763381958008,97.48098276774088,-0.0032987144811074,97.6709213256836,98.41184547169472,0.9735616388390024,0.3181529703537492,0.0033206656764517,95.7300033569336,95.7300033569336,95.7300033569336,-0.0008349254117372,iShares Core U.S. Aggregate Bond ETF,P,True,False,False,False,False,False,False,False,False,,False,,,138847469568.0,Bond,unknown,18.0,True,,False,True,38.0,True,True,False,390.0,,0,0,False,Bond,Bond,Bond,Bond,Bond
2026-09-16,PZA,22.01000022888184,22.065000534057617,21.950000762939453,21.989999771118164,3189548.0,251,70138159.7899704,59810561.599365614,38147854.10925741,-0.0335751345892312,-0.0515318677456635,-0.0393356746056445,0.0,0.0,0.0,-0.0,-0.0,-0.0,-0.0,-0.0,22.778310585021973,22.905120213826496,-0.0097593964552585,22.873567876176036,23.425918083167254,0.9387038618101856,0.1117002351593663,0.0050795923748064,21.950000762939453,21.950000762939453,21.950000762939453,-0.0018189635559362,Invesco National AMT-Free Municipal Bond ETFo,P,True,False,False,False,False,False,False,False,False,,False,,,4290295296.0,Bond,unknown,407.0,True,,False,True,313.0,True,True,False,391.0,,0,0,False,Bond,Bond,Bond,Bond,Bond
2026-09-16,SMBS,24.489999771118164,24.566200256347656,24.424999237060547,24.450000762939453,716533.0,251,17519232.396671295,32051873.43793736,18907088.138068244,-0.0188495867697748,-0.0265664298954025,-0.0239592444092063,0.0,0.0,0.0,-0.0,-0.0,-0.0,-0.0,-0.0,24.858661766052247,24.963857180277508,-0.0036594373989033,25.05913914535216,25.2653163893276,0.9677298469639372,0.109844558711994,0.0044926198480326,24.40999984741211,24.40999984741211,24.40999984741211,-0.0016360292138712,Schwab Mortgage-Backed Securities ETF,P,True,False,False,False,False,False,False,False,False,,False,,,6495026176.0,Bond,unknown,330.0,True,,False,True,404.0,True,True,False,392.0,,0,0,False,Bond,Bond,Bond,Bond,Bond
2026-09-16,SLV,58.34999847412109,58.630001068115234,56.27999877929688,57.04999923706055,20751920.0,251,1183897020.1675415,1054519045.0317384,967056521.567499,-0.0067896831297467,-0.1000157787290215,-0.203879481976275,0.0,0.0,0.0,-0.0,-0.0,-0.0,-0.0,-0.0,56.57639984130859,64.10973340352376,0.0172976763947085,64.30999755859375,80.86000061035156,0.7055404255062188,1.885000228881836,0.0330411963907146,56.27999877929688,56.27999877929688,56.27999877929688,-0.0134969407197373,iShares Silver Trust,P,True,False,False,False,False,False,False,False,False,,False,,,28194189312.0,Commodity,unknown,99.0,True,,False,True,31.0,True,True,False,393.0,,0,0,False,Commodity,Commodity,Commodity,Commodity,Commodity
2026-09-16,SIVR,61.36000061035156,61.619998931884766,59.17499923706055,60.0099983215332,2045711.0,251,122763113.676342,80902605.88197155,68756092.64851955,-0.0059632369839487,-0.0989489535070872,-0.2026309245526296,0.0,0.0,0.0,-0.0,-0.0,-0.0,-0.0,-0.0,59.47579986572266,67.3645999399821,0.0174038273880416,67.5999984741211,84.9800033569336,0.7061661090960281,1.973249626159668,0.0328820143534583,59.17499923706055,59.17499923706055,59.17499923706055,-0.0139143327416664,abrdn Physical Silver Shares ETF,P,True,False,False,False,False,False,False,False,False,,False,,,3950569728.0,Commodity,unknown,430.0,True,,False,True,227.0,True,True,False,394.0,,0,0,False,Commodity,Commodity,Commodity,Commodity,Commodity
2026-09-16,SILJ,29.809999465942383,29.847999572753903,28.01000022888184,28.6200008392334,5134217.0,251,146941294.84880638,130841274.8215762,111675705.52425057,-0.0020920315656884,-0.0360390594670692,-0.0922930473846972,0.0,0.0,0.0,-0.0,-0.0,-0.0,-0.0,-0.0,28.26819995880127,29.843133290608723,0.0356245275589781,33.58000183105469,34.72999954223633,0.8240714430309061,1.3398999214172362,0.0468169071323174,28.01000022888184,28.01000022888184,28.01000022888184,-0.0213137872978448,Amplify Junior Silver Miners ETF,P,True,False,False,False,False,False,False,False,False,,False,,,3404911360.0,Commodity,unknown,470.0,True,,False,True,168.0,True,True,False,395.0,,0,0,False,Commodity,Commodity,Commodity,Commodity,Commodity
2026-09-16,VGIT,57.33000183105469,57.43999862670898,57.15499877929688,57.16999816894531,5247003.0,251,299971151.90245056,409203292.4362404,237303761.5305713,-0.0175850171930154,-0.0208631131172822,-0.0261359786205426,0.0,0.0,0.0,-0.0,-0.0,-0.0,-0.0,-0.0,58.02179473876953,58.29894182840983,-0.0027304205819705,58.39261903590168,58.839138387632254,0.9716321437664392,0.1617009575940276,0.0028284233474379,57.15499877929688,57.15499877929688,57.15499877929688,-0.0002623647040203,Vanguard Intermediate-Term Treasury ETF,Q,True,False,False,False,False,False,False,False,False,,False,,,50384760832.0,Bond,unknown,57.0,True,,False,True,96.0,True,True,False,396.0,,0,0,False,Bond,Bond,Bond,Bond,Bond
2026-09-16,SHM,47.25,47.27989959716797,47.150001525878906,47.150001525878906,561310.0,251,26465767.35649109,14371262.737503052,12506794.365044244,-0.0088939096011981,-0.0094269648846819,-0.0074156592530953,0.0,0.0,0.0,-0.0,-0.0,-0.0,-0.0,-0.0,47.52818244934082,47.48438687642415,-0.0011206389280924,47.71279761102427,47.74594307166813,0.9875184883269622,0.0940756366123103,0.0019952414330395,47.150001525878906,47.150001525878906,47.150001525878906,0.0,State Street SPDR Nuveen ICE Short Term Municipal Bond ETF,P,True,False,False,False,False,False,False,False,False,,False,,,3468243712.0,Bond,unknown,468.0,True,,False,True,440.0,True,True,False,397.0,,0,0,False,Bond,Bond,Bond,Bond,Bond
2026-09-16,SHLD,62.5,62.9900016784668,62.20500183105469,62.66999816894531,4424261.0,251,277268428.76893616,59352697.69691543,72947486.91715083,-0.1024062096409452,-0.0154815426205809,-0.1827460064972148,0.0,0.0,0.0,-0.0,-0.0,-0.0,-0.0,-0.0,64.50279975891114,67.4173799387614,0.0056206036501245,70.18000030517578,76.94777340510379,0.8144484940325581,0.9714998245239258,0.0155018326616982,61.36399841308594,61.36399841308594,61.36399841308594,-0.0208393137708201,Global X Defense Tech ETF,P,True,False,False,False,False,False,False,False,False,,False,,,6854938112.0,Industry / Theme,unknown,316.0,True,,False,True,221.0,True,True,False,398.0,,0,0,False,Industry / Theme,Industry / Theme,Industry / Theme,Industry / Theme,Industry / Theme
2026-09-16,SGOL,41.40999984741211,41.56999969482422,40.310001373291016,40.65999984741211,5732787.0,251,233095118.5452461,122611246.52153492,97699580.61281992,-0.01692458299346,-0.0147807270071597,-0.1461570609110718,0.0,0.0,0.0,-0.0,-0.0,-0.0,-0.0,-0.0,40.68979995727539,43.027333399454754,0.0137829293001785,44.560001373291016,46.65999984741211,0.8714102010368358,0.8524995803833008,0.0209665416523005,40.310001373291016,40.310001373291016,40.310001373291016,-0.0086079310239685,abrdn Physical Gold Shares ETF,P,True,False,False,False,False,False,False,False,False,,False,,,6743476736.0,Commodity,unknown,320.0,True,,False,True,184.0,True,True,False,399.0,,0,0,False,Commodity,Commodity,Commodity,Commodity,Commodity
2026-09-16,SCMB,24.530000686645508,24.607999801635746,24.51000022888184,24.549999237060547,10765250.0,251,264286879.28676605,105159005.79756735,53020587.14719803,-0.0256635488705663,-0.0365823800594176,-0.0284869781416042,0.0,0.0,0.0,-0.0,-0.0,-0.0,-0.0,-0.0,25.172766647338868,25.29369033813477,-0.0066821722673133,25.401079197100074,25.915289016155185,0.9473172080680428,0.1117870076151451,0.0045534424068898,24.51000022888184,24.51000022888184,24.51000022888184,-0.0016292875528211,Schwab Municipal Bond ETF,P,True,False,False,False,False,False,False,False,False,,False,,,3980585728.0,Bond,unknown,424.0,True,,False,True,276.0,True,True,False,400.0,,0,0,False,Bond,Bond,Bond,Bond,Bond
2026-09-16,SCHZ,22.440000534057617,22.5,22.3799991607666,22.38999938964844,1624985.0,251,36383413.158187866,47724770.69281387,42091876.69940767,-0.0129186251234186,-0.0223996479615129,-0.0202968534898791,0.0,0.0,0.0,-0.0,-0.0,-0.0,-0.0,-0.0,22.676644172668457,22.78522429148356,-0.0032701355229873,22.89232228879017,23.128385056410696,0.9680744822882652,0.1207837469856006,0.005394539985626,22.3700008392334,22.3700008392334,22.3700008392334,-0.0008931911996515,Schwab US Aggregate Bond ETF,P,True,False,False,False,False,False,False,False,False,,False,,,10601679872.0,Bond,unknown,235.0,True,,False,True,300.0,True,True,False,401.0,,0,0,False,Bond,Bond,Bond,Bond,Bond
2026-09-16,VGLT,51.95000076293945,52.29999923706055,51.880001068115234,51.88999938964844,4549330.0,251,236064730.92330933,146056811.0486908,116152855.8946555,-0.0079697011332903,-0.0460940574059476,-0.0490680306710844,0.0,0.0,0.0,-0.0,-0.0,-0.0,-0.0,-0.0,52.82257499694824,53.818854064941405,-0.0085109230809887,53.37252362655961,55.28672764911373,0.9385615968985688,0.4017181977432812,0.0077417267771912,51.66999816894531,51.66999816894531,51.66999816894531,-0.0042397614818051,Vanguard Long-Term Treasury ETF,Q,True,False,False,False,False,False,False,False,False,,False,,,15153465344.0,Bond,unknown,170.0,True,,False,True,160.0,True,True,False,402.0,,0,0,False,Bond,Bond,Bond,Bond,Bond
2026-09-16,SCHR,23.979999542236328,24.040000915527344,23.90999984741211,23.90999984741211,3332214.0,251,79673236.2315445,74395195.52979127,69244596.64619276,-0.0181793517570751,-0.0210367678388242,-0.0260325224918294,0.0,0.0,0.0,-0.0,-0.0,-0.0,-0.0,-0.0,24.274079627990723,24.38933831532796,-0.0026740020082611,24.432462692260746,24.61833484237215,0.9712273393186251,0.0700552227708298,0.0029299549651988,23.90999984741211,23.90999984741211,23.90999984741211,0.0,Schwab Intermediate-Term U.S. Treasury ETF,P,True,False,False,False,False,False,False,False,False,,False,,,13378999296.0,Bond,unknown,193.0,True,,False,True,225.0,True,True,False,403.0,,0,0,False,Bond,Bond,Bond,Bond,Bond
2026-09-16,SCHP,25.59000015258789,25.63999938964844,25.460100173950195,25.46999931335449,5632225.0,251,143452766.882658,159003394.17554617,129909207.79401007,-0.0151920991261255,-0.0223632973150381,-0.0214226963198159,0.0,0.0,0.0,-0.0,-0.0,-0.0,-0.0,-0.0,25.841866340637207,25.9272264734904,-0.0021034548830128,26.022435032993176,26.166898836952928,0.9733671334940815,0.0918714147717727,0.0036070442578929,25.460100173950195,25.460100173950195,25.460100173950195,-0.0003886588013807,Schwab U.S. TIPS ETF,P,True,False,False,False,False,False,False,False,False,,False,,,16518061056.0,Other,unknown,159.0,True,,False,True,152.0,True,True,False,404.0,,0,0,False,Other,Other,Other,Other,Other
2026-09-16,XAR,241.8000030517578,244.72000122070312,239.30999755859372,242.2899932861328,238651.0,251,57822749.18772888,70841084.93794784,62357816.59009831,-0.1657542285702877,-0.1400487915517806,-0.1143786004980405,0.0,0.0,0.0,-0.0,-0.0,-0.0,-0.0,-0.0,267.69539916992187,270.2905111694336,-0.0235490319551364,291.5199890136719,297.7900085449219,0.8136270067287471,5.614497375488281,0.0231726341618154,237.8800048828125,237.8800048828125,237.8800048828125,-0.0182012816274765,State Street SPDR S&P Aerospace & Defense ETF,P,True,False,False,False,False,False,False,False,False,,False,,,6468274688.0,Industry / Theme,unknown,332.0,True,,False,True,246.0,True,True,False,405.0,,0,0,False,Industry / Theme,Industry / Theme,Industry / Theme,Industry / Theme,Industry / Theme
2026-09-16,EAGG,45.959999084472656,46.060001373291016,45.875,45.880001068115234,322453.0,251,14794143.984416962,18214393.8020422,17398605.080380578,-0.0126553545976849,-0.0218648834118492,-0.0204707929735493,0.0,0.0,0.0,-0.0,-0.0,-0.0,-0.0,-0.0,46.45534400939941,46.68818890889486,-0.0033167564314445,46.76702880859375,47.13323672735873,0.973410787243558,0.1504197336251156,0.0032785468640638,45.84000015258789,45.84000015258789,45.84000015258789,-0.0008718595160439,iShares ESG Aware U.S. Aggregate Bond ETF,P,True,False,False,False,False,False,False,False,False,,False,,,4899153408.0,Bond,unknown,380.0,True,,False,True,413.0,True,True,False,406.0,,0,0,False,Bond,Bond,Bond,Bond,Bond
2026-09-16,EDV,59.220001220703125,59.90999984741211,59.18000030517578,59.310001373291016,4658907.0,251,276319780.5680351,106092700.39627592,81012950.78624707,0.007302994180967,-0.0717912560890755,-0.0743221544167265,0.0491428491709253,0.0,0.0,0.0003588899415314,-0.0,-0.0,-0.0,-0.0,60.423399963378905,62.63059801737467,-0.0151194970672368,61.459999084472656,65.82128558573568,0.9010763136194996,0.7980003356933594,0.0134547347364035,58.630001068115234,58.630001068115234,58.630001068115234,-0.0114651878170753,Vanguard Extended Duration Treasury ETF,P,True,False,False,False,False,False,False,False,False,,False,,,4162188800.0,Bond,unknown,416.0,True,,False,True,209.0,True,True,False,407.0,,0,0,False,Bond,Bond,Bond,Bond,Bond
2026-09-16,EVTR,49.25,49.39500045776367,49.150001525878906,49.150001525878906,843565.0,251,41461221.03717804,33802283.912195206,29981550.90871962,-0.0149542289020494,-0.0232723328551419,-0.018573881303025,0.0,0.0,0.0,-0.0,-0.0,-0.0,-0.0,-0.0,49.863093795776365,50.019422963460286,-0.0031229171781727,50.2347793757408,50.903922500180734,0.9655444828579643,0.1822122944844316,0.0037072693555968,49.150001525878906,49.150001525878906,49.150001525878906,0.0,Eaton Vance Total Return Bond ETF,N,True,False,False,False,False,False,False,False,False,,False,,,5577608192.0,Bond,unknown,361.0,True,,False,True,348.0,True,True,False,408.0,,0,0,False,Bond,Bond,Bond,Bond,Bond
2026-09-16,FIXD,42.29999923706055,42.4109992980957,42.18000030517578,42.18000030517578,247954.0,251,10458699.795669556,17010172.66754837,14516513.42369782,-0.0134530500313346,-0.0248614930477103,-0.021281823710714,0.0,0.0,0.0,-0.0,-0.0,-0.0,-0.0,-0.0,42.77906852722168,43.00005279541016,-0.0038561277420177,43.3650016784668,44.12359489702968,0.9559511278174496,0.2808429367528905,0.0066582013921519,42.150001525878906,41.95000076293945,41.95000076293945,-0.0054528103502196,First Trust Smith Opportunistic Fixed Income ETF,Q,True,False,False,False,False,False,False,False,False,,False,,,3286956288.0,Bond,unknown,475.0,True,,False,True,427.0,True,True,False,409.0,,0,0,False,Bond,Bond,Bond,Bond,Bond
2026-09-16,FLCB,20.739999771118164,20.785499572753903,20.70219993591309,20.71999931335449,325949.0,251,6753663.056188583,10509189.316520978,9572296.01703229,-0.0122969551743216,-0.0215391596560846,-0.0193114428306236,0.0,0.0,0.0,-0.0,-0.0,-0.0,-0.0,-0.0,20.968453254699707,21.06670445760091,-0.0032790737922285,21.107521057128903,21.27007692922847,0.9741384284737548,0.0667625392076697,0.0032221303774194,20.690000534057617,20.690000534057617,20.690000534057617,-0.0014478175816126,Franklin U.S. Core Bond ETF,P,True,False,False,False,False,False,False,False,False,,False,,,3058559488.0,Bond,unknown,500.0,True,,False,True,455.0,True,True,False,410.0,,0,0,False,Bond,Bond,Bond,Bond,Bond
2026-09-16,FBND,44.25,44.369998931884766,44.150001525878906,44.16999816894531,4112708.0,251,181658304.82940677,146548256.95116043,143841852.83665732,-0.01264530969642,-0.0213772474118969,-0.017815699612382,0.0,0.0,0.0,-0.0,-0.0,-0.0,-0.0,-0.0,44.719562759399416,44.89529421488444,-0.0031770728227141,45.37335328148987,45.38203897681243,0.9732924999582676,0.1895565273201121,0.0042915221910374,44.11299896240234,44.11299896240234,44.11299896240234,-0.001290450733662,Fidelity Total Bond ETF,P,True,False,False,False,False,False,False,False,False,,False,,,26618243072.0,Bond,unknown,102.0,True,,False,True,141.0,True,True,False,411.0,,0,0,False,Bond,Bond,Bond,Bond,Bond
2026-09-16,BNDX,46.97999954223633,47.084999084472656,46.93999862670898,46.970001220703125,4436565.0,251,208385463.4657288,209391173.01646423,198472704.08539304,-0.0105099879159609,-0.0209833068122934,-0.0134447543984698,0.0,0.0,0.0,-0.0,-0.0,-0.0,-0.0,-0.0,47.54123237609864,47.63913594563802,-0.0037863580004215,47.788082122802734,48.21495706079328,0.9741790532236622,0.1345615104036966,0.0028648394061438,46.84999847412109,46.84999847412109,46.84999847412109,-0.0025548806357947,Vanguard Total International Bond ETF,Q,True,False,False,False,False,False,False,False,False,,False,,,123285929984.0,Bond,unknown,24.0,True,,False,True,113.0,True,True,False,412.0,,0,0,False,Bond,Bond,Bond,Bond,Bond
2026-09-16,BOND,88.83999633789062,89.03990173339844,88.5250015258789,88.55999755859375,850245.0,251,75297695.12420654,60218421.952560425,54174607.13078575,-0.0170883017383994,-0.0269171501034553,-0.0220048850315656,0.0,0.0,0.0,-0.0,-0.0,-0.0,-0.0,-0.0,90.04564804077148,90.39753382364908,-0.003737763040113,90.746769756433,91.44399162182,0.9684616341426407,0.3435942847335347,0.0038797910366495,88.5250015258789,88.5250015258789,88.5250015258789,-0.0003951674986405,PIMCO Active Bond Exchange-Traded Fund Exchange-Traded Fund,N,True,False,False,False,False,False,False,False,False,,False,,,8311250432.0,Bond,unknown,276.0,True,,False,True,271.0,True,True,False,413.0,,0,0,False,Bond,Bond,Bond,Bond,Bond
2026-09-16,BOTZ,34.900001525878906,35.150001525878906,34.43009948730469,34.720001220703125,512964.0,251,17810110.706176758,23720119.516670227,28020738.03693741,-0.050068346225897,-0.0829629910251351,-0.0181638246911899,0.0,0.0,0.0,-0.0,-0.0,-0.0,-0.0,,35.77640014648438,36.88520179748535,-0.010491891289131,36.540000915527344,41.68914992307781,0.8328306354235161,0.5445453643798828,0.0156839097129748,34.43009948730469,34.43009948730469,34.43009948730469,-0.0083497040093872,Global X Robotics & Artificial Intelligence ETF,Q,True,False,False,False,False,False,False,False,False,,False,,,3517117696.0,Industry / Theme,unknown,458.0,True,,False,True,361.0,True,True,False,414.0,,0,0,False,Industry / Theme,Industry / Theme,Industry / Theme,Industry / Theme,Industry / Theme
2026-09-16,BSV,76.76000213623047,76.8499984741211,76.62000274658203,76.62999725341797,2225279.0,251,170523123.65808868,165521783.8741352,189902399.13791636,-0.0094562755000452,-0.0062915774602182,-0.0045898263292885,0.0,0.0,0.0,-0.0,-0.0,-0.0,-0.0,-0.0,77.13812316894531,77.04467595418295,-0.0004882346489978,77.73026857492607,77.73026857492607,0.9858450081071376,0.1563148719490179,0.0020398652949455,76.62000274658203,76.62000274658203,76.62000274658203,-0.0001304255147352,Vanguard Short-Term Bond ETF,P,True,False,False,False,False,False,False,False,False,,False,,,69833809920.0,Bond,unknown,44.0,True,,False,True,117.0,True,True,False,415.0,,0,0,False,Bond,Bond,Bond,Bond,Bond
2026-09-16,XLU,41.630001068115234,41.65999984741211,41.150001525878906,41.31999969482422,23553557.0,251,973232968.0520248,885027309.3137035,895132815.1799357,-0.0613357731681545,-0.0771450000132057,-0.1115090841590777,0.0,0.0,0.0,-0.0,-0.0,-0.0,-0.0,-0.0,43.9734001159668,44.86195164998372,-0.0139078262467609,44.380001068115234,47.40728211653791,0.8715960470640405,0.6374994277954101,0.0154283502542054,41.150001525878906,41.150001525878906,41.150001525878906,-0.0041141861132831,State Street Utilities Select Sector SPDR ETF,P,True,False,False,False,False,False,False,False,False,,False,,,23111417856.0,Sector,unknown,117.0,True,,False,True,34.0,True,True,False,416.0,,0,0,False,Sector,Sector,Sector,Sector,Sector
2026-09-16,CGCB,25.479999542236328,25.52790069580078,25.415000915527344,25.43000030517578,892581.0,251,22698335.102394104,30298039.816185378,37497565.70153506,-0.012659738931763,-0.0214179623518069,-0.0198925300702104,0.0,0.0,0.0,-0.0,-0.0,-0.0,-0.0,-0.0,25.745759506225586,25.864688415527343,-0.0032885013911864,25.925512313842773,26.112255492233142,0.9738722230540257,0.0903192760070391,0.0035516820654011,25.399999618530277,25.399999618530277,25.399999618530277,-0.0011797359923507,Capital Group Core Bond ETF,P,True,False,False,False,False,False,False,False,False,,False,,,5556136960.0,Bond,unknown,362.0,True,,False,True,316.0,True,True,False,417.0,,0,0,False,Bond,Bond,Bond,Bond,Bond
2026-09-16,BND,71.23999786376953,71.41000366210938,71.08999633789062,71.11000061035156,7993276.0,251,568401861.2387085,624493662.4785156,592043746.4769491,-0.0119092093730135,-0.0212700986560345,-0.0189851367859023,0.0,0.0,0.0,-0.0,-0.0,-0.0,-0.0,-0.0,71.96465301513672,72.29733423868815,-0.0031847844090618,72.42546393340598,72.97210570993978,0.9744819601754404,0.2346305522165614,0.0032995436675949,71.02999877929688,71.02999877929688,71.02999877929688,-0.001125043318352,Vanguard Total Bond Market ETF,Q,True,False,False,False,False,False,False,False,False,,False,,,397862928384.0,Bond,unknown,7.0,True,,False,True,47.0,True,True,False,418.0,,0,0,False,Bond,Bond,Bond,Bond,Bond
2026-09-16,BLV,65.0199966430664,65.43499755859375,64.8949966430664,64.91999816894531,892708.0,251,57954601.72540283,45004985.08401947,46942245.98739285,-0.0063000239865227,-0.0456605518107362,-0.0389074900933714,0.0,0.0,0.0,-0.0,-0.0,-0.0,-0.0,-0.0,65.94020065307618,67.08865488688151,-0.0084958036906133,66.82522326865896,68.90506964474632,0.9421657724700544,0.4767560180899899,0.0073437466348858,64.58000183105469,64.58000183105469,64.58000183105469,-0.0052371587720294,Vanguard Long-Term Bond ETF,P,True,False,False,False,False,False,False,False,False,,False,,,8673027072.0,Bond,unknown,270.0,True,,False,True,286.0,True,True,False,419.0,,0,0,False,Bond,Bond,Bond,Bond,Bond
2026-09-16,CGCP,21.65999984741211,21.709999084472656,21.604999542236328,21.6200008392334,1879253.0,251,40629451.43713188,42838259.44199286,35086048.60215175,-0.0133763491961943,-0.0222607602055691,-0.0159250217475478,0.0,0.0,0.0,-0.0,-0.0,-0.0,-0.0,-0.0,21.89435115814209,21.97390101114909,-0.0031008616976814,22.05256462097168,22.176428433888923,0.9749090528118938,0.0742814425920487,0.0034357742695944,21.59000015258789,21.59000015258789,21.59000015258789,-0.0013876357761775,Capital Group Core Plus Income ETF,P,True,False,False,False,False,False,False,False,False,,False,,,8320875520.0,Bond,unknown,275.0,True,,False,True,327.0,True,True,False,420.0,,0,0,False,Bond,Bond,Bond,Bond,Bond
2026-09-16,XME,110.9000015258789,110.9000015258789,106.8646011352539,108.7699966430664,2009110.0,251,218530887.95555115,222349557.28001025,221854140.45469615,-0.0427704015473376,-0.087870547965407,-0.0167747660092797,0.0,0.0,0.0,-0.0,-0.0,-0.0,-0.0,-0.0,110.63679916381837,113.73934026082355,0.0157955991017946,123.80999755859376,132.8491221892372,0.8187483278070048,3.667270278930664,0.0337158259824625,106.8646011352539,106.8646011352539,106.8646011352539,-0.0175176571354059,State Street SPDR S&P Metals & Mining ETF,P,True,False,False,False,False,False,False,False,False,,False,,,4383336448.0,Other,unknown,404.0,True,,False,True,103.0,True,True,False,421.0,,0,0,False,Other,Other,Other,Other,Other
2026-09-16,BIV,74.06999969482422,74.3499984741211,73.86170196533203,73.87999725341797,2117184.0,251,156417548.10498047,122535064.72817078,119106245.99534486,-0.0176120918657977,-0.0256889104338208,-0.0273273668117064,0.0,0.0,0.0,-0.0,-0.0,-0.0,-0.0,-0.0,75.09657669067383,75.55720570882161,-0.0037897039465202,75.62292512530664,76.3706679643338,0.9673870770374954,0.2577510357312583,0.0034887797145841,73.86170196533203,73.86170196533203,73.86170196533203,-0.0002476352025729,Vanguard Intermediate-Term Bond ETF,P,True,False,False,False,False,False,False,False,False,,False,,,52510502912.0,Bond,unknown,54.0,True,,False,True,158.0,True,True,False,422.0,,0,0,False,Bond,Bond,Bond,Bond,Bond
2026-09-16,XLY,111.0999984741211,111.45999908447266,109.62999725341795,110.18000030517578,8874537.0,251,977796489.3682938,685424465.2439045,833074618.9020648,-0.0531110370639341,-0.068043627767351,-0.0226070848824865,0.0,0.0,0.0,-0.0,-0.0,-0.0,-0.0,-0.0,115.56659942626952,115.43033045450846,-0.0051735614361153,119.05999755859376,121.94699945092368,0.903507267921886,1.5920005798339845,0.014449088540792,109.62999725341795,109.62999725341795,109.62999725341795,-0.0049918592324779,State Street Consumer Discretionary Select Sector SPDR ETF,P,True,False,False,False,False,False,False,False,False,,False,,,22593435648.0,Sector,unknown,121.0,True,,False,True,39.0,True,True,False,423.0,,0,0,False,Sector,Sector,Sector,Sector,Sector
2026-09-16,DFCF,40.93999862670898,41.05009841918945,40.84310150146485,40.86000061035156,1018540.0,251,41617545.02166748,71885023.70341492,61686248.94002037,-0.0154216720397213,-0.0243706850789396,-0.0202359365235476,0.0,0.0,0.0,-0.0,-0.0,-0.0,-0.0,-0.0,41.459658737182615,41.64458615620931,-0.00368500482292,41.755001068115234,42.07391357421875,0.971148085339724,0.1457002639770507,0.0035658409642837,40.81499862670898,40.81499862670898,40.81499862670898,-0.0011013701167488,Dimensional Core Fixed Income ETF,P,True,False,False,False,False,False,False,False,False,,False,,,10866136064.0,Bond,unknown,227.0,True,,False,True,250.0,True,True,False,424.0,,0,0,False,Bond,Bond,Bond,Bond,Bond
2026-09-16,CGHM,24.709999084472656,24.739999771118164,24.670000076293945,24.690000534057617,955978.0,251,23603097.330547333,13784834.536298562,11836179.6816247,-0.0234942910116795,-0.0287653331614653,-0.0128237040589115,0.0,0.0,0.0,-0.0,-0.0,-0.0,-0.0,-0.0,25.30296184539795,25.209901517232257,-0.0058550795908448,25.38372859296096,29.39011985937089,0.8400782525623262,0.1042587115635154,0.0042227099760366,24.649999618530277,24.649999618530277,24.649999618530277,-0.0016201261507534,Capital Group Municipal High-Income ETF,P,True,False,False,False,False,False,False,False,False,,False,,,3181882880.0,Bond,unknown,487.0,True,,False,True,443.0,True,True,False,425.0,,0,0,False,Bond,Bond,Bond,Bond,Bond
2026-09-16,CGMU,26.489999771118164,26.549999237060547,26.450000762939453,26.46999931335449,2401866.0,251,63577391.3707695,50252245.95757465,35880901.55038979,-0.0199888919999449,-0.0269379096786208,-0.0215878925907783,0.0,0.0,0.0,-0.0,-0.0,-0.0,-0.0,-0.0,26.96825984954834,27.053650588989257,-0.0048041563024532,27.06974083749824,27.339808227789785,0.9681852591214898,0.0784930187484066,0.0029653577931453,26.450000762939453,26.450000762939453,26.450000762939453,-0.0007555176023351,Capital Group Municipal Income ETF,P,True,False,False,False,False,False,False,False,False,,False,,,6310218752.0,Bond,unknown,338.0,True,,False,True,322.0,True,True,False,426.0,,0,0,False,Bond,Bond,Bond,Bond,Bond
2026-09-16,XLP,83.68000030517578,84.05500030517578,83.31500244140625,83.33000183105469,9644410.0,251,803668702.9594421,844916181.9121933,907962190.2186196,-0.0262911889677424,-0.0196495011106575,-0.0037722143309484,0.0,0.0,0.0,-0.0,-0.0,-0.0,-0.0,-0.0,84.94459976196289,84.06407923380534,-0.000261280462652,87.47000122070312,88.77999877929688,0.9386123335979016,0.9790000915527344,0.0117484707793188,82.8499984741211,82.8499984741211,82.8499984741211,-0.0057602705674574,State Street Consumer Staples Select Sector SPDR ETF,P,True,False,False,False,False,False,False,False,False,,False,,,13649293312.0,Sector,unknown,187.0,True,,False,True,33.0,True,True,False,427.0,,0,0,False,Sector,Sector,Sector,Sector,Sector
2026-09-16,CMF,55.119998931884766,55.23500061035156,55.08000183105469,55.11000061035156,2037240.0,251,112272297.64343262,66703718.8852005,38610488.21140108,-0.0226145391029117,-0.0326388620582126,-0.0273784103175167,0.0,0.0,0.0,-0.0,-0.0,-0.0,-0.0,-0.0,56.31567916870117,56.58371701558431,-0.006159261943668,56.53474367729169,57.31009909493486,0.9616106319945668,0.1834026835487709,0.0033279383327446,55.06999969482422,55.06999969482422,55.06999969482422,-0.00072583768979,iShares California Muni Bond ETF,P,True,False,False,False,False,False,False,False,False,,False,,,4542874112.0,Bond,unknown,397.0,True,,False,True,309.0,True,True,False,428.0,,0,0,False,Bond,Bond,Bond,Bond,Bond
2026-09-16,CQQQ,46.540000915527344,46.56999969482422,45.97999954223633,46.18000030517578,633719.0,251,29265143.61339569,40897912.267168045,55410428.78318605,-0.0855445484123608,-0.1252131179336149,-0.0636658436552658,0.0,0.0,0.0,-0.0,-0.0,-0.0,-0.0,,50.2807999420166,50.890066680908205,-0.0303764250083945,49.77000045776367,57.56999969482422,0.802153909153617,0.7144998550415039,0.0154720625881291,45.79999923706055,45.79999923706055,45.79999923706055,-0.0082286934951069,Invesco China Technology ETF,P,True,False,False,False,False,False,False,False,False,,False,,,3417853440.0,Country / Region,unknown,469.0,True,,False,True,265.0,True,True,False,429.0,,0,0,False,Country / Region,Country / Region,Country / Region,Country / Region,Country / Region
2026-09-16,FPE,17.440000534057617,17.5,17.434999465942383,17.450000762939453,1089744.0,251,19016033.63140869,18503399.935326003,17817136.988029603,-0.0097126640015318,-0.0169771035870541,-0.0057422222763187,0.0,0.0,0.0,-0.0,-0.0,-0.0,-0.0,-0.0,17.672641525268556,17.662600606282552,-0.002304434538741,17.75,17.838692452763127,0.9782107522256506,0.0549201180190404,0.0031472845626276,17.3799991607666,17.3799991607666,17.3799991607666,-0.0040115529577237,First Trust Preferred Securities and Income ETF ETF,P,True,False,False,False,False,False,False,False,False,,False,,,6320397824.0,Bond,unknown,337.0,True,,False,True,410.0,True,True,False,430.0,,0,0,False,Bond,Bond,Bond,Bond,Bond
2026-09-16,INDA,47.720001220703125,47.86000061035156,47.310001373291016,47.459999084472656,8452948.0,251,401176904.341095,235302126.83662263,260475488.1543291,-0.0388821778475482,-0.0394657107662708,-0.021846689268145,0.0,0.0,0.0,-0.0,-0.0,-0.0,-0.0,-0.0,49.26979995727539,49.215133361816406,-0.002639668694236,50.27999877929688,51.650001525878906,0.918877012243516,0.4414997100830078,0.0093025646565478,47.310001373291016,47.310001373291016,47.310001373291016,-0.0031605080926079,iShares MSCI India ETF,Z,True,False,False,False,False,False,False,False,False,,False,,,6871878656.0,Country / Region,unknown,315.0,True,,False,True,89.0,True,True,False,431.0,,0,0,False,Country / Region,Country / Region,Country / Region,Country / Region,Country / Region
2026-09-16,ISTB,47.52000045776367,47.56999969482422,47.41999816894531,47.41999816894531,305457.0,251,14484770.380691528,18452689.05854721,18847351.991070703,-0.0096648527192441,-0.0062509882835339,-0.0025557823653263,0.0,0.0,0.0,-0.0,-0.0,-0.0,-0.0,-0.0,47.74186370849609,47.64380599975586,-0.0004043766968494,47.96248373067687,47.96248373067687,0.988689377206198,0.0720470440200408,0.0015193388191065,47.41999816894531,47.41999816894531,47.41999816894531,0.0,iShares Core 1-5 Year USD Bond ETF,Q,True,False,False,False,False,False,False,False,False,,False,,,5038184448.0,Bond,unknown,376.0,True,,False,True,405.0,True,True,False,432.0,,0,0,False,Bond,Bond,Bond,Bond,Bond
2026-09-16,ITA,215.1499938964844,217.82000732421875,213.7100067138672,215.2700042724609,839400.0,251,180697641.5863037,163870432.9486847,159511493.01726326,-0.1453063452935866,-0.1002023214733993,-0.0739766009323552,0.0,0.0,0.0,-0.0,-0.0,-0.0,-0.0,-0.0,236.05830810546877,232.2101518758138,-0.0177849042959589,252.59717616592596,256.30289326631515,0.839904698417827,4.087298273364175,0.0189868453209626,212.6699981689453,212.6699981689453,212.6699981689453,-0.0120778838292067,iShares U.S. Aerospace & Defense ETF,Z,True,False,False,False,False,False,False,False,False,,False,,,14444112896.0,Industry / Theme,unknown,176.0,True,,False,True,127.0,True,True,False,433.0,,0,0,False,Industry / Theme,Industry / Theme,Industry / Theme,Industry / Theme,Industry / Theme
2026-09-16,IUSB,44.79999923706055,44.91999816894531,44.70000076293945,44.709999084472656,3538508.0,251,158206689.44039917,176869764.10182267,159733363.13236564,-0.0121972854859947,-0.020286056933366,-0.0164513895479889,0.0,0.0,0.0,-0.0,-0.0,-0.0,-0.0,-0.0,45.24538635253906,45.40790316263835,-0.0029924432941422,45.551002502441406,45.91270260175445,0.9738045584527226,0.1498471467356154,0.0033515354462992,44.66999816894531,44.66999816894531,44.66999816894531,-0.000894674935058,iShares Core Universal USD Bond ETF,Q,True,False,False,False,False,False,False,False,False,,False,,,42765500416.0,Bond,unknown,73.0,True,,False,True,126.0,True,True,False,434.0,,0,0,False,Bond,Bond,Bond,Bond,Bond
2026-09-16,JMTG,49.16999816894531,49.27999877929688,48.9900016784668,49.0099983215332,997671.0,251,48895854.03544235,26212436.83112469,29629532.88924608,-0.0172749177516906,-0.0221376313474266,-0.0226480832261031,0.0,0.0,0.0,-0.0,-0.0,-0.0,-0.0,-0.0,49.758736038208006,49.92144409179687,-0.0027255612436247,50.13049547761692,50.348802084743646,0.9734094217185733,0.1807956647413039,0.0036889547221606,48.9900016784668,48.9900016784668,48.9900016784668,-0.0004080115027798,JPMorgan Mortgage-Backed Securities ETF,P,True,False,False,False,False,False,False,False,False,,False,,,6718420992.0,Bond,unknown,322.0,True,,False,True,350.0,True,True,False,435.0,,0,0,False,Bond,Bond,Bond,Bond,Bond
2026-09-16,JMUB,48.560001373291016,48.65999984741211,48.47999954223633,48.5,2103855.0,251,102036967.5,79111238.30013657,65854132.66582913,-0.0209829023696802,-0.0289219546021588,-0.0234736822216224,0.0,0.0,0.0,-0.0,-0.0,-0.0,-0.0,-0.0,49.48806594848633,49.65568621317546,-0.0056367742118195,49.68903128264574,50.274716088841615,0.964699629815801,0.1776927927010213,0.0036637689216705,48.40999984741211,48.40999984741211,48.40999984741211,-0.0018556732492348,JPMorgan Municipal ETF,P,True,False,False,False,False,False,False,False,False,,False,,,8048841216.0,Bond,unknown,284.0,True,,False,True,236.0,True,True,False,436.0,,0,0,False,Bond,Bond,Bond,Bond,Bond
2026-09-16,VNQI,43.7400016784668,43.86000061035156,43.2599983215332,43.400001525878906,368770.0,251,16004618.562698364,13451860.554351809,12205959.031410825,-0.0366259209572696,-0.0503282100363932,-0.0648566759627138,0.0,0.0,0.0,-0.0,-0.0,-0.0,-0.0,-0.0,45.35060012817383,46.14746660868327,-0.0028890531962157,45.90999984741211,48.43999862670898,0.8959538141264292,0.3625003814697266,0.0083525430581741,43.2599983215332,43.2599983215332,43.2599983215332,-0.003225880171046,Vanguard Global ex-U.S. Real Estate ETF,Q,True,False,False,False,False,False,False,False,False,,False,,,3710765056.0,REIT / Infra,unknown,447.0,True,,False,True,441.0,True,True,False,437.0,,0,0,False,REIT / Infra,REIT / Infra,REIT / Infra,REIT / Infra,REIT / Infra
2026-09-16,KWEB,24.46999931335449,24.5049991607666,24.15999984741211,24.239999771118164,12228459.0,251,296417843.36112785,355205441.30120456,499164624.40995777,-0.0948469324272264,-0.0633693756889541,-0.2031558280629921,0.0,0.0,0.0,-0.0,-0.0,-0.0,-0.0,,26.679800071716308,27.93066670735677,0.0026909026080785,27.290000915527344,30.739999771118164,0.7885491200911755,0.4427497863769531,0.018265255386037,24.15999984741211,24.15999984741211,24.15999984741211,-0.0033003269167261,KraneShares CSI China Internet ETF,P,True,False,False,False,False,False,False,False,False,,False,,,4907469312.0,Country / Region,unknown,379.0,True,,False,True,58.0,True,True,False,438.0,,0,0,False,Country / Region,Country / Region,Country / Region,Country / Region,Country / Region
2026-09-16,LMBS,49.15999984741211,49.24739837646485,49.06499862670898,49.09999847412109,602089.0,251,29562568.98128509,24595208.841978077,25022902.450732883,-0.0084828364668835,-0.0066833504760658,-0.0008759132699929,0.0,0.0,0.0,-0.0,-0.0,-0.0,-0.0,-0.0,49.40140380859375,49.27187723795573,-0.000439648796925,49.65999984741211,51.72251304641129,0.9492964587792364,0.1350675621629207,0.0027508669319839,49.0099983215332,49.0099983215332,49.0099983215332,-0.0018329970546806,First Trust Low Duration Opportunities ETF,Q,True,False,False,False,False,False,False,False,False,,False,,,6341681152.0,Bond,unknown,336.0,True,,False,True,374.0,True,True,False,439.0,,0,0,False,Bond,Bond,Bond,Bond,Bond
2026-09-16,LQD,104.61000061035156,105.04000091552734,104.38500213623048,104.4499969482422,39080843.0,251,4081993932.084732,2926389626.7110863,3066938267.90573,-0.0089902275603168,-0.0312243573395574,-0.02134320715766,0.0,0.0,0.0,-0.0,-0.0,-0.0,-0.0,-0.0,105.71793548583985,106.75749043782552,-0.0055308905589335,106.50290866727444,108.4290952268726,0.9633023011922704,0.4789140783378407,0.0045851038040255,104.0500030517578,104.0500030517578,104.0500030517578,-0.0038295252098722,iShares iBoxx $ Investment Grade Corporate Bond ETF,P,True,False,False,False,False,False,False,False,False,,False,,,33113137152.0,Bond,unknown,91.0,True,,False,True,11.0,True,True,False,440.0,,0,0,False,Bond,Bond,Bond,Bond,Bond
2026-09-16,JMBS,43.45000076293945,43.56990051269531,43.30500030517578,43.34000015258789,682838.0,251,29594199.02419281,31730040.477923967,29602823.02698396,-0.0197483082270827,-0.0296066246929224,-0.0273390396894558,0.0,0.0,0.0,-0.0,-0.0,-0.0,-0.0,-0.0,44.13462524414062,44.36451482137044,-0.0039532655516354,44.52176047077485,44.88477883014032,0.9655834624161028,0.1930557263039595,0.0044544468302783,43.290000915527344,43.290000915527344,43.290000915527344,-0.0011536510587105,Janus Henderson Mortgage-Backed Securities ETF,P,True,False,False,False,False,False,False,False,False,,False,,,6783227392.0,Bond,unknown,318.0,True,,False,True,351.0,True,True,False,441.0,,0,0,False,Bond,Bond,Bond,Bond,Bond
2026-09-16,AIRR,105.94000244140624,106.58000183105467,104.4499969482422,105.63500213623048,1353567.0,251,142984052.93653107,92718955.99403268,87402520.40281713,-0.1217575390064533,-0.1891072490080382,-0.0511052570151663,0.0,0.0,0.0,-0.0,-0.0,-0.0,-0.0,,116.64970001220703,120.34124216715496,-0.0373181518601802,120.98999786376952,135.0500030517578,0.7821917789646101,2.3691497802734376,0.0224276966191386,103.8499984741211,103.8499984741211,103.8499984741211,-0.0168978428173587,First Trust RBA American Industrial Renaissance ETF,Q,True,False,False,False,False,False,False,False,False,,False,,,11489859584.0,Other,unknown,214.0,True,,False,True,200.0,True,True,False,442.0,,0,0,False,Other,Other,Other,Other,Other
2026-09-16,JBND,51.869998931884766,52.0,51.79999923706055,51.810001373291016,923323.0,251,47837365.89799118,55281576.112511255,46793216.25368409,-0.0118666816638687,-0.0201628838909754,-0.0191888771586458,0.0,0.0,0.0,-0.0,-0.0,-0.0,-0.0,-0.0,52.424634857177736,52.65682350158691,-0.0030528028986923,52.77085494995117,53.24683318416388,0.9730156382088806,0.177802767640988,0.0034318232566704,51.7599983215332,51.7599983215332,51.7599983215332,-0.0009651235366225,JPMorgan Active Bond ETF,N,True,False,False,False,False,False,False,False,False,,False,,,8293582336.0,Bond,unknown,277.0,True,,False,True,287.0,True,True,False,443.0,,0,0,False,Bond,Bond,Bond,Bond,Bond
2026-09-16,JCPB,45.47999954223633,45.650001525878906,45.415000915527344,45.43000030517578,3010602.0,251,136771649.77876282,90244884.90837172,87645822.21571931,-0.0116616798296259,-0.020061773981481,-0.0168225422445835,0.0,0.0,0.0,-0.0,-0.0,-0.0,-0.0,-0.0,45.95272102355957,46.109326934814455,-0.0030464996151449,46.25980332095227,46.56652327721552,0.9755935618110484,0.1482254014785059,0.0032627206797887,45.3650016784668,45.3650016784668,45.3650016784668,-0.0014307423788764,JPMorgan Core Plus Bond ETF,P,True,False,False,False,False,False,False,False,False,,False,,,13578677248.0,Bond,unknown,191.0,True,,False,True,199.0,True,True,False,444.0,,0,0,False,Bond,Bond,Bond,Bond,Bond
2026-09-16,GVI,104.01000213623048,104.12000274658205,103.7300033569336,103.75800323486328,162952.0,251,16907574.14312744,12651657.1291687,11515574.91477942,-0.0120857381766265,-0.0128593942395883,-0.0123489703417882,0.0,0.0,0.0,-0.0,-0.0,-0.0,-0.0,-0.0,104.78482528686524,104.9254406229655,-0.0015476670699788,105.29648379914528,105.51918207741711,0.9833093963781704,0.2086277254463603,0.0020107145371149,103.7300033569336,103.7300033569336,103.7300033569336,-0.0002698575247859,iShares Intermediate Government/Credit Bond ETF,Z,True,False,False,False,False,False,False,False,False,,False,,,3754905600.0,Bond,unknown,444.0,True,,False,True,447.0,True,True,False,445.0,,0,0,False,Bond,Bond,Bond,Bond,Bond
2026-09-16,HYD,48.7599983215332,48.95000076293945,48.7400016784668,48.81999969482422,2424135.0,251,118346269.96021272,78789525.89100838,54376005.378423415,-0.0225138772665794,-0.0390141106720376,-0.0175442071214105,0.0,0.0,0.0,-0.0,-0.0,-0.0,-0.0,-0.0,50.01354209899903,50.091664479573566,-0.0072426448922044,50.23336791992188,51.24121107923125,0.9527487478650094,0.2526931722287745,0.0051760174889055,48.68999862670898,48.68999862670898,48.68999862670898,-0.0026628649923776,VanEck High Yield Muni ETF,Z,True,False,False,False,False,False,False,False,False,,False,,,4521939456.0,Bond,unknown,399.0,True,,False,True,269.0,True,True,False,446.0,,0,0,False,Bond,Bond,Bond,Bond,Bond
2026-09-16,GOVT,22.149999618530277,22.21999931335449,22.100000381469727,22.104999542236328,7009676.0,251,154948884.77122498,372701819.5224987,232543289.34049565,-0.0120214966186583,-0.0198023109701942,-0.0215622299972325,0.0,0.0,0.0,-0.0,-0.0,-0.0,-0.0,-0.0,22.36434112548828,22.475228678385417,-0.0028636699603324,22.503525243447463,22.650615692138672,0.9759116415501364,0.0683997934504937,0.0030943132715203,22.100000381469727,22.100000381469727,22.100000381469727,-0.0002261552078772,iShares U.S. Treasury Bond ETF,Z,True,False,False,False,False,False,False,False,False,,False,,,43729891328.0,Bond,unknown,70.0,True,,False,True,99.0,True,True,False,447.0,,0,0,False,Bond,Bond,Bond,Bond,Bond
2026-09-16,GLDM,86.05999755859375,86.37999725341797,83.78500366210938,84.52999877929688,5496606.0,251,464628098.4702759,514139541.4575561,380738407.89151824,-0.0168644396490336,-0.0142274194834183,-0.1458164959445712,0.0,0.0,0.0,-0.0,-0.0,-0.0,-0.0,-0.0,84.55279953002929,89.40066635131836,0.0137982324133869,92.6050033569336,96.95999908447266,0.8718028009226091,1.7773487091064453,0.0210262478974713,83.78500366210938,83.78500366210938,83.78500366210938,-0.0088133813787533,SPDR Gold MiniShares Trust,P,True,False,False,False,False,False,False,False,False,,False,,,27261255680.0,Commodity,unknown,101.0,True,,False,True,73.0,True,True,False,448.0,,0,0,False,Commodity,Commodity,Commodity,Commodity,Commodity
2026-09-16,FSEC,42.53499984741211,42.77000045776367,42.53499984741211,42.54999923706055,313819.0,251,13352998.210575104,17917839.027998544,16594053.905033715,-0.0157187939173824,-0.0237572938829845,-0.0214872774880684,0.0,0.0,0.0,-0.0,-0.0,-0.0,-0.0,-0.0,43.204885482788086,43.35179606119792,-0.0033338587567793,43.51362536643138,43.8132997024232,0.9711662788709616,0.17907267261415,0.0042085235211515,42.47999954223633,42.47999954223633,42.47999954223633,-0.0016451162415827,Fidelity Investment Grade Securitized ETF,P,True,False,False,False,False,False,False,False,False,,False,,,4651778048.0,Bond,unknown,393.0,True,,False,True,415.0,True,True,False,449.0,,0,0,False,Bond,Bond,Bond,Bond,Bond
2026-09-16,VTEB,48.220001220703125,48.36000061035156,48.18999862670898,48.22999954223633,27072622.0,251,1305712546.6671371,730191872.072546,472307227.49756765,-0.0234163098031948,-0.0338502274346782,-0.0254866225292155,0.0,0.0,0.0,-0.0,-0.0,-0.0,-0.0,-0.0,49.36071533203125,49.55920702616374,-0.0063280370625287,49.54598315404904,50.45518748477257,0.955897737111614,0.170685003736958,0.0035389799991079,48.18999862670898,48.18999862670898,48.18999862670898,-0.0008293783103255,Vanguard Tax-Exempt Bond ETF,P,True,False,False,False,False,False,False,False,False,,False,,,48785248256.0,Bond,unknown,58.0,True,,False,True,61.0,True,True,False,450.0,,0,0,False,Bond,Bond,Bond,Bond,Bond
2026-09-16,FXI,34.23500061035156,34.23500061035156,33.82500076293945,33.91999816894531,20294261.0,251,688381295.9600983,565807623.3335235,719643595.9718229,-0.0325157775154614,-0.0185186105009913,-0.0736056405938392,0.0,0.0,0.0,-0.0,-0.0,-0.0,-0.0,-0.0,35.111800003051755,35.49227993011475,0.0160252310112518,36.119998931884766,38.06419438446368,0.8911261283068199,0.4417503356933593,0.013023300693978,33.82500076293945,33.82500076293945,33.82500076293945,-0.0028006312244683,iShares China Large-Cap ETF,P,True,False,False,False,False,False,False,False,False,,False,,,4523697152.0,Country / Region,unknown,398.0,True,,False,True,43.0,True,True,False,451.0,,0,0,False,Country / Region,Country / Region,Country / Region,Country / Region,Country / Region
2026-09-16,VTIP,49.52000045776367,49.52999877929688,49.34999847412109,49.34999847412109,3524034.0,251,173911072.52275085,153273519.17898256,133546578.3537428,-0.0082395470506815,-0.0060152461430361,-0.0005931484020529,0.0,0.0,0.0,-0.0,-0.0,-0.0,-0.0,-0.0,49.662399978637694,49.514877777099606,0.000224532107329,49.84999847412109,49.84999847412109,0.9899699094221724,0.0749996185302734,0.0015197491560126,49.34999847412109,49.34999847412109,49.34999847412109,0.0,Vanguard Short-Term Inflation-Protected Securities Index Fund ETF Shares,Q,True,False,False,False,False,False,False,False,False,,False,,,71082704896.0,Other,unknown,43.0,True,,False,True,151.0,True,True,False,452.0,,0,0,False,Other,Other,Other,Other,Other
2026-09-16,GLD,398.9100036621094,400.5899963378906,388.3900146484375,391.739990234375,15606840.0,251,6113823349.189453,5033516451.380524,3610543309.067131,-0.0170869345557006,-0.0148128022938645,-0.1470376911069767,0.0,0.0,0.0,-0.0,-0.0,-0.0,-0.0,-0.0,392.0364001464844,414.76419962565103,0.0137075671184279,429.4200134277344,450.05999755859375,0.8704172607194978,8.291004943847657,0.0211645610622678,388.3900146484375,388.3900146484375,388.3900146484375,-0.0085515282316038,SPDR Gold Shares,P,True,False,False,False,False,False,False,False,False,,False,,,130053275648.0,Commodity,unknown,19.0,True,,False,True,8.0,True,True,False,453.0,,0,0,False,Commodity,Commodity,Commodity,Commodity,Commodity
2026-09-16,HYMB,24.07999992370605,24.145000457763672,24.045000076293945,24.07999992370605,3002127.0,251,72291217.93095589,74669146.86247683,47675590.33495843,-0.0244236131916133,-0.0351962169781127,-0.0180679898310341,0.0,0.0,0.0,-0.0,-0.0,-0.0,-0.0,-0.0,24.70700885772705,24.678884290059408,-0.0066505075657326,24.82229380232784,25.19188951518021,0.955863191968822,0.1278410772959434,0.0053090148546922,24.020000457763672,24.020000457763672,24.020000457763672,-0.0024916721815815,State Street SPDR Nuveen ICE High Yield Municipal Bond ETF,P,True,False,False,False,False,False,False,False,False,,False,,,3091741440.0,Bond,unknown,497.0,True,,False,True,284.0,True,True,False,454.0,,0,0,False,Bond,Bond,Bond,Bond,Bond
2026-09-16,IFRA,57.02000045776367,57.290000915527344,56.320899963378906,56.65999984741211,236294.0,251,13388418.003944395,19945560.87317009,29231022.58908868,-0.0689223829041192,-0.0867013029240652,-0.0116839324403424,0.0,0.0,0.0,-0.0,-0.0,-0.0,-0.0,-0.0,60.17298278808594,59.87145693461101,-0.0144704921327249,61.43159973126312,63.96014070023005,0.8858642152300381,0.7708807286894939,0.0136053782344777,56.320899963378906,56.320899963378906,56.320899963378906,-0.0059848197131382,iShares U.S. Infrastructure ETF,Z,True,False,False,False,False,False,False,False,False,,False,,,4618109440.0,REIT / Infra,unknown,395.0,True,,False,True,356.0,True,True,False,455.0,,0,0,False,REIT / Infra,REIT / Infra,REIT / Infra,REIT / Infra,REIT / Infra
2026-09-16,IGF,63.31999969482422,63.560001373291016,62.71500015258789,62.9900016784668,863284.0,251,54378260.60899353,45355295.97238235,53458705.272376895,-0.0438675727904835,-0.0560467779158022,-0.0528397397215957,0.0,0.0,0.0,-0.0,-0.0,-0.0,-0.0,-0.0,65.89880004882812,66.25873321533203,-0.0078380710363926,66.4000015258789,68.58477854848046,0.9184253855094264,0.5997503280639649,0.0095213575501299,62.71500015258789,62.71500015258789,62.71500015258789,-0.0043657964526283,iShares Global Infrastructure ETF,Q,True,False,False,False,False,False,False,False,False,,False,,,10779330560.0,REIT / Infra,unknown,228.0,True,,False,True,274.0,True,True,False,456.0,,0,0,False,REIT / Infra,REIT / Infra,REIT / Infra,REIT / Infra,REIT / Infra
2026-09-16,VPU,179.9600067138672,180.27239990234372,178.1999969482422,178.9499969482422,370337.0,251,66271805.01982117,63385054.68084641,51820522.11593846,-0.0593461323534684,-0.0766108767272799,-0.1072186406591544,0.0,0.0,0.0,-0.0,-0.0,-0.0,-0.0,-0.0,190.0800006103516,193.98168131510417,-0.0136145857098535,191.75,204.4856368333461,0.8751225744724788,2.5681190490722656,0.0143510427095175,178.1999969482422,178.1999969482422,178.1999969482422,-0.0041911149080204,Vanguard Utilities ETF,P,True,False,False,False,False,False,False,False,False,,False,,,10763640832.0,Sector,unknown,229.0,True,,False,True,280.0,True,True,False,457.0,,0,0,False,Sector,Sector,Sector,Sector,Sector
2026-09-16,IGIB,51.29999923706055,51.46889877319336,51.164798736572266,51.18999862670898,2443620.0,251,125088904.4441986,136472564.85830688,139083971.51043725,-0.0147819949783006,-0.024365079220824,-0.0191576765050449,0.0,0.0,0.0,-0.0,-0.0,-0.0,-0.0,-0.0,51.931685256958005,52.17795740763346,-0.0038853519442583,52.26672686345583,52.71527862548828,0.971065694072955,0.1780280123431126,0.0034777889650152,51.119998931884766,51.119998931884766,51.119998931884766,-0.001367448656029,iShares 5-10 Year Investment Grade Corporate Bond ETF,Q,True,False,False,False,False,False,False,False,False,,False,,,18526003200.0,Bond,unknown,141.0,True,,False,True,143.0,True,True,False,458.0,,0,0,False,Bond,Bond,Bond,Bond,Bond
2026-09-16,VCIT,79.72000122070312,79.95999908447266,79.50499725341797,79.55000305175781,14657728.0,251,1166022307.131836,801830716.8431412,734328527.445001,-0.0146175577210426,-0.0247470901264367,-0.0197465068970814,0.0,0.0,0.0,-0.0,-0.0,-0.0,-0.0,-0.0,80.7137319946289,81.12603958129883,-0.0039843955943241,81.23794555664062,82.08597893847426,0.9691058580343272,0.2767575834804063,0.0034790392566086,79.44000244140625,79.44000244140625,79.44000244140625,-0.0013827857464693,Vanguard Intermediate-Term Corporate Bond ETF,Q,True,False,False,False,False,False,False,False,False,,False,,,69441978368.0,Bond,unknown,45.0,True,,False,True,42.0,True,True,False,459.0,,0,0,False,Bond,Bond,Bond,Bond,Bond
2026-09-16,IEI,114.54000091552734,114.75,114.20999908447266,114.22000122070312,2189870.0,251,250126954.07318115,170281217.01369476,155452627.74157813,-0.0171046012710176,-0.0185002103160825,-0.0233572899630701,0.0,0.0,0.0,-0.0,-0.0,-0.0,-0.0,-0.0,115.80766174316406,116.26695398966471,-0.0022834684406187,116.49676371121832,117.25953119785864,0.9740786105307998,0.2820796589105256,0.0024696170188745,114.20999908447266,114.20999908447266,114.20999908447266,-8.756904328111048e-05,iShares 3-7 Year Treasury Bond ETF,Q,True,False,False,False,False,False,False,False,False,,False,,,18260961280.0,Bond,unknown,143.0,True,,False,True,132.0,True,True,False,460.0,,0,0,False,Bond,Bond,Bond,Bond,Bond
2026-09-16,IAU,81.79000091552734,82.19999694824219,79.62000274658203,80.31999969482422,6927292.0,251,556400091.3259583,516020915.337973,463769158.7414546,-0.0170113744367007,-0.01447853135185,-0.1461677478963203,0.0,0.0,0.0,-0.0,-0.0,-0.0,-0.0,-0.0,80.35660018920899,84.98960006713867,0.013758734109952,88.0199966430664,92.19000244140624,0.8712441432667678,1.6929988861083984,0.0210781734629101,79.62000274658203,79.62000274658203,79.62000274658203,-0.0087151014803513,iShares Gold Trust Shares,P,True,False,False,False,False,False,False,False,False,,False,,,60138172416.0,Commodity,unknown,48.0,True,,False,True,64.0,True,True,False,461.0,,0,0,False,Commodity,Commodity,Commodity,Commodity,Commodity
2026-09-16,IAUM,43.34999847412109,43.5,42.18999862670898,42.56999969482422,4975582.0,251,211810524.22157288,154194168.6394577,111870647.31843978,-0.0170861615101021,-0.0141269246419724,-0.1456954017550515,0.0,0.0,0.0,-0.0,-0.0,-0.0,-0.0,-0.0,42.59260025024414,45.027200063069664,0.0138439958823608,46.650001525878906,48.82500076293945,0.8718893810471154,0.8920001983642578,0.0209537280892372,42.18999862670898,42.18999862670898,42.18999862670898,-0.0089264991975425,iShares Gold Trust Micro Shares,P,True,False,False,False,False,False,False,False,False,,False,,,6306659840.0,Commodity,unknown,339.0,True,,False,True,167.0,True,True,False,462.0,,0,0,False,Commodity,Commodity,Commodity,Commodity,Commodity
2026-09-16,IAGG,49.369998931884766,49.47990036010742,49.33000183105469,49.34999847412109,810095.0,251,39978187.01389313,56113752.97662163,54746292.72403233,-0.0086380135741308,-0.0139101203364784,-0.0038143156578374,0.0,0.0,0.0,-0.0,-0.0,-0.0,-0.0,-0.0,49.780800094604494,49.7338786315918,-0.0025132019989406,49.98500061035156,50.27921961734516,0.9815187834995056,0.1187955856323242,0.0024072054570502,49.2599983215332,49.2599983215332,49.2599983215332,-0.0018237113550284,iShares International Aggregate Bond Fund,Z,True,False,False,False,False,False,False,False,False,,False,,,10738313216.0,Bond,unknown,230.0,True,,False,True,268.0,True,True,False,463.0,,0,0,False,Bond,Bond,Bond,Bond,Bond
2026-09-16,IDEF,31.649999618530277,31.88999938964844,31.31010055541992,31.6200008392334,621090.0,251,19638866.32123947,15011859.634488106,17715879.234962765,-0.0970873664787893,-0.0365630367687073,-0.109559932765223,0.0,0.0,0.0,-0.0,-0.0,-0.0,-0.0,-0.0,32.8631400680542,33.38100503285726,-0.0006063930453464,35.15999984741211,35.92499923706055,0.8801670566665991,0.483544921875,0.0152923753649945,31.31010055541992,31.31010055541992,31.31010055541992,-0.0098007677289166,iShares Defense Industrials and Tech Active ETF,Q,True,False,False,False,False,False,False,False,False,,False,,,4074098176.0,Industry / Theme,unknown,418.0,True,,False,True,411.0,True,True,False,464.0,,0,0,False,Industry / Theme,Industry / Theme,Industry / Theme,Industry / Theme,Industry / Theme
2026-09-16,IEF,90.9989013671875,91.2750015258789,90.70010375976562,90.7300033569336,13144457.0,251,1192596627.7350693,673427476.1811031,648975635.4231688,-0.0201659960405098,-0.0301520549370716,-0.0374389200555901,0.0,0.0,0.0,-0.0,-0.0,-0.0,-0.0,-0.0,92.4777229309082,93.27134399414062,-0.0043998641916936,93.205138579535,94.43543702059144,0.9607622542917876,0.3695541403296815,0.0040731194385152,90.70010375976562,90.70010375976562,90.70010375976562,-0.0003295447598556,iShares 7-10 Year Treasury Bond ETF,Q,True,False,False,False,False,False,False,False,False,,False,,,47093366784.0,Bond,unknown,63.0,True,,False,True,44.0,True,True,False,465.0,,0,0,False,Bond,Bond,Bond,Bond,Bond
2026-09-16,IBDV,21.309999465942383,21.36000061035156,21.27510070800781,21.290000915527344,817122.0,251,17396528.128097534,15163518.712913897,14930062.401260618,-0.0114633702019681,-0.0113140804827284,-0.0075865391719577,0.0,0.0,0.0,-0.0,-0.0,-0.0,-0.0,-0.0,21.47992664337158,21.488570709228515,-0.0015225678453556,21.604622367508004,21.89180722961707,0.9725099756371164,0.0649467671982831,0.0030505760641332,21.27510070800781,21.27510070800781,21.27510070800781,-0.0006998688059549,iShares iBonds Dec 2030 Term Corporate ETF,P,True,False,False,False,False,False,False,False,False,,False,,,3198090240.0,Bond,unknown,483.0,True,,False,True,425.0,True,True,False,466.0,,0,0,False,Bond,Bond,Bond,Bond,Bond
2026-09-16,DLCU,49.31999969482422,48.8760986328125,48.8760986328125,48.8760986328125,682.0,30,33333.499267578125,71203.47416534423,,-0.0175658566268843,,,0.0,,,-0.0,,,,,,,,50.15999984741211,,,0.2731952667236328,0.005589547332246,48.8760986328125,48.8760986328125,48.8760986328125,0.0,U.S. Large Company Portfolio: ETF Class Shares,Q,True,False,False,False,False,False,False,False,False,,False,,,14329477120.0,Other,unknown,178.0,True,,False,True,,False,False,False,,,0,0,False,Other,Other,Other,Other,Other
2026-09-16,DRAM,56.40999984741211,56.59000015258789,54.75120162963867,55.33000183105469,24188088.0,115,1338326953.329712,1691726388.9736297,3379451459.8283777,0.0041742897151189,-0.1877569054585672,,0.0082764789260975,0.0,,3.4548420858607386e-05,-0.0,,,-0.0,55.71000007629394,,-0.037384922943532,62.59000015258789,,,2.373940086364746,0.0429051149069787,54.290000915527344,53.130001068115234,53.130001068115234,-0.0397614438845848,Roundhill Memory ETF,Z,True,False,False,False,False,False,False,False,False,,False,,,25910761472.0,Other,unknown,108.0,True,,False,True,10.0,False,False,False,,,0,0,False,Other,Other,Other,Other,Other
2026-09-16,FIMU,19.40999984741211,19.56999969482422,19.3700008392334,19.399999618530277,84187.0,62,1633227.767885208,211575.3394288063,,-0.0185556252875479,,,0.0,,,-0.0,,,,,19.70637706756592,,-0.0049019329571374,19.98619595251341,,,0.1048807826824695,0.0054062260177722,19.32999992370605,19.32999992370605,19.32999992370605,-0.0036082317629201,Fidelity Intermediate Municipal Income ETF,Q,True,False,False,False,False,False,False,False,False,,False,,,13629500416.0,Bond,unknown,189.0,True,,False,True,,False,False,False,,,0,0,False,Bond,Bond,Bond,Bond,Bond
2026-09-16,FREI,24.549999237060547,24.68000030517578,24.46999931335449,24.48500061035156,18462.0,62,452042.08126831055,258563.6569694519,,-0.0150844726787275,,,0.0,,,-0.0,,,,,24.86798736572265,,-0.002037462132421,25.030000686645508,,,0.0880003929138183,0.003594053123144,24.46999931335449,24.46999931335449,24.46999931335449,-0.0006126729272257,Fidelity Real Estate Income ETF,Q,True,False,False,False,False,False,False,False,False,,False,,,4103114240.0,Bond,unknown,417.0,True,,False,True,,False,False,False,,,0,0,False,Bond,Bond,Bond,Bond,Bond
