date,symbol,open,high,low,close,volume,history_days,dollar_volume,avg_dollar_vol_20,avg_dollar_vol_63,r20,r63,r126,er20,er63,er126,te20,te63,te126,score,surge_ratio,ma50,ma150,ma50_slope_10,hhv20,hhv126,hhv126_ratio,atr20,atr20_pct,low10,low20,suggested_stop,stop_distance_pct,name,exchange,is_etf,is_test_issue,exclude_leveraged,exclude_inverse,exclude_volatility,exclude_single_stock,exclude_option_income,exclude_buffer,exclude_by_name,exclude_reason,exclude_income_oriented,income_exclusion_reason_category,income_exclusion_matched_keyword,aum,asset_group,category,aum_rank,aum_eligible,manual_action,excluded_product_type,base_universe_eligible,dollar_vol_rank,liquidity_eligible,eligible_universe,signal_surge_v0,rank_score,signal_streak_start_date,signal_streak_trading_days,signal_streak_calendar_days,is_first_signal_today,group,Group,assetGroup,AssetGroup,Asset Group
2026-08-07,DFLV,41.34000015258789,41.525001525878906,41.20000076293945,41.5099983215332,399671.0,251,16590342.539165497,26695514.71826305,30168615.934092622,0.03774995803833,0.103887894724028,0.1541489755832554,0.4454288173833784,0.3191067303710365,0.2129331614264365,0.0168149191652855,0.033151326410515,0.0328234287015891,0.0330365622123909,1.45927118686226,39.91363815307617,37.59133059183757,0.0133273683004622,41.584999084472656,41.584999084472656,0.9981964466853276,0.3623003005981445,0.0087280249397216,40.119998931884766,39.7400016784668,39.7400016784668,-0.0426402484855853,Dimensional US Large Cap Value ETF,P,True,False,False,False,False,False,False,False,False,,False,,,6419725824.0,Factor / Style,unknown,333.0,True,,False,True,349.0,True,True,True,11.0,2026-08-07,1,0,True,Factor / Style,Factor / Style,Factor / Style,Factor / Style,Factor / Style
2026-08-07,EUFN,42.7400016784668,42.7400016784668,42.345001220703125,42.459999084472656,710015.0,251,30147236.249961853,57331955.7274456,47508778.15292056,0.0585888416445101,0.1611393288871776,0.1692091753637183,0.298601989070678,0.2361069947160518,0.1076381721843772,0.0174947446523977,0.0380461226741129,0.0182133663529764,0.0311046579617151,1.8644930916126972,39.30560256958008,37.01847793579102,0.0249612855512173,42.7400016784668,42.7400016784668,0.9934486995087036,0.6165004730224609,0.0145195592632009,40.18000030517578,39.65999984741211,39.65999984741211,-0.0659444017294971,iShares MSCI Europe Financials ETF,Q,True,False,False,False,False,False,False,False,False,,False,,,3689534976.0,Country / Region,unknown,448.0,True,,False,True,289.0,True,True,True,14.0,2026-08-07,1,0,True,Country / Region,Country / Region,Country / Region,Country / Region,Country / Region
2026-08-07,FHLC,79.94000244140625,80.69000244140625,79.44999694824219,80.66999816894531,92067.0,251,7427044.721420288,16299022.00982132,15818907.414503068,0.0288227828246876,0.1562726467179256,0.1004916815057874,0.1762869419284192,0.2573365370122699,0.0963267536803845,0.0050810802420311,0.0402146617361328,0.0096800374513356,0.0295275432364538,1.5067742108174038,76.46678100585937,73.61131067911784,0.0236590701595786,81.36000061035156,81.36000061035156,0.9915191440974688,1.269000244140625,0.015730758310952,77.97000122070312,76.56999969482422,76.56999969482422,-0.0508243283399432,Fidelity MSCI Health Care Index ETF,P,True,False,False,False,False,False,False,False,False,,False,,,3215685120.0,Country / Region,unknown,478.0,True,,False,True,421.0,True,True,True,18.0,2026-08-07,1,0,True,Country / Region,Country / Region,Country / Region,Country / Region,Country / Region
2026-08-07,IBB,196.1499938964844,197.8800048828125,194.7411956787109,197.7100067138672,1518282.0,251,300179544.4135437,268108952.6916397,284028228.4320373,0.0294179382854034,0.1624796890968298,0.1637394724880212,0.148489059188457,0.2181620533409338,0.1115771339712426,0.0043682419792636,0.0354469025995609,0.0182695810581765,0.0294348400600764,2.262287608479728,183.23129364013676,174.8881111653646,0.0244251023313848,197.8800048828125,199.0500030517578,0.9932680416109204,3.63900146484375,0.0184057525733143,184.25,184.25,184.25,-0.0680795420403125,iShares Biotechnology ETF,Q,True,False,False,False,False,False,False,False,False,,False,,,9087528960.0,Industry / Theme,unknown,263.0,True,,False,True,91.0,True,True,True,20.0,2026-08-07,1,0,True,Industry / Theme,Industry / Theme,Industry / Theme,Industry / Theme,Industry / Theme
2026-08-07,VHT,309.2799987792969,312.2200012207031,307.0899963378906,312.1199951171875,116851.0,251,36471533.54943848,66843175.56724243,74095211.9522085,0.028537546648522,0.1553294297257439,0.0994610059480802,0.1744557843412699,0.2543388065551404,0.0955323044237714,0.0049785400837434,0.0395063017793362,0.0095017390985265,0.0290047048410528,1.5064876688672373,295.8791021728516,284.96818400065104,0.0236277010777323,314.8999938964844,314.8999938964844,0.9911718042769772,5.003999328613281,0.0160322933708059,301.510009765625,296.3900146484375,296.3900146484375,-0.0503972213085678,Vanguard Health Care ETF,P,True,False,False,False,False,False,False,False,False,,False,,,20388290560.0,Sector,unknown,133.0,True,,False,True,231.0,True,True,True,21.0,2026-08-07,1,0,True,Sector,Sector,Sector,Sector,Sector
2026-08-07,PVAL,54.18999862670898,54.32989883422852,54.0,54.2599983215332,1456486.0,251,79028927.91533661,106135572.34871636,91585767.58913542,0.0470860409316578,0.1053006658877306,0.1344312101488685,0.4310951753513936,0.2971213306223775,0.1786336536456081,0.0202985650720359,0.0312870739639849,0.0240139382328929,0.0287414764581027,1.5390372556630925,51.74620819091797,49.04026659647624,0.0142385885913487,54.470001220703125,54.470001220703125,0.996144613650383,0.5120452880859375,0.0094368835961193,52.3650016784668,51.6150016784668,51.6150016784668,-0.0487467144284214,Putnam Focused Large Cap Value ETF,P,True,False,False,False,False,False,False,False,False,,False,,,11873768448.0,Factor / Style,unknown,206.0,True,,False,True,208.0,True,True,True,23.0,2026-08-04,4,3,False,Factor / Style,Factor / Style,Factor / Style,Factor / Style,Factor / Style
2026-08-07,IYH,69.20999908447266,70.01000213623047,68.79000091552734,70.0,555389.0,251,38877230.0,61195648.59403992,57279480.40100098,0.031079696999869,0.1513929566556717,0.0883610054585068,0.1820533648953411,0.2376329881400821,0.082563446397869,0.0056581634187537,0.0359759606734492,0.0072953891378352,0.0259377606359843,1.5784044591892366,66.4216236114502,64.254306640625,0.0224326827245819,70.77999877929688,70.77999877929688,0.9889799548919316,1.1779998779296874,0.0168285696847098,67.55999755859375,66.18000030517578,66.18000030517578,-0.0545714242117745,iShares U.S. Healthcare ETF,P,True,False,False,False,False,False,False,False,False,,False,,,3161404928.0,Sector,unknown,489.0,True,,False,True,270.0,True,True,True,30.0,2026-08-07,1,0,True,Sector,Sector,Sector,Sector,Sector
2026-08-07,XLV,163.9199981689453,165.77000427246094,162.9149932861328,165.67999267578125,7685242.0,251,1273290838.2716064,1594284017.558188,1659142226.809297,0.030091994827722,0.1498803576298155,0.0791448818556435,0.1719969373988712,0.2347493976091464,0.0744428866111991,0.0051757309505908,0.0351843236670426,0.0058917734658364,0.0249319310966204,1.499236774447943,157.63758087158203,152.68092997233072,0.0225904840658537,168.52999877929688,168.52999877929688,0.9830890279228688,2.929752349853516,0.017683199416762,160.72999572753906,157.22999572753906,157.22999572753906,-0.0510019152691415,State Street Health Care Select Sector SPDR ETF,P,True,False,False,False,False,False,False,False,False,,False,,,40598945792.0,Sector,unknown,77.0,True,,False,True,22.0,True,True,True,31.0,2026-08-05,3,2,False,Sector,Sector,Sector,Sector,Sector
2026-08-07,XLF,57.61000061035156,57.790000915527344,57.34999847412109,57.59999847412109,20320057.0,251,1170435252.1940536,1892036904.4098773,1896094689.1596751,0.0339256761929334,0.1212758378271887,0.0902400247456676,0.28506789933798,0.2658025125170954,0.0971684631368882,0.00967112124594,0.0322354224020825,0.0087684845179712,0.0240219941426436,1.395714358190089,54.73420783996582,52.60168919881185,0.0227010231911115,58.40999984741211,58.40999984741211,0.9861324880087824,0.6795000076293946,0.0117968754449652,56.18000030517578,55.45000076293945,55.45000076293945,-0.0373263501412696,State Street Financial Select Sector SPDR ETF,P,True,False,False,False,False,False,False,False,False,,False,,,51353821184.0,Sector,unknown,56.0,True,,False,True,19.0,True,True,True,37.0,2026-08-04,4,3,False,Sector,Sector,Sector,Sector,Sector
2026-08-07,VFH,141.0800018310547,141.35499572753906,140.2899932861328,140.89999389648438,333878.0,251,47043408.16217041,66858074.39309387,71456976.35686141,0.0326126570008655,0.117939490125648,0.0893409644431415,0.2631574198147471,0.2586188381759813,0.0951817235083902,0.0085822626696511,0.0305013739113627,0.0085036269756,0.0228021624838457,1.367533115402357,133.97460525512696,128.69150950113934,0.0227849009431333,143.00999450683594,143.00999450683594,0.9852457821732824,1.612999725341797,0.0114478338908007,137.52999877929688,135.6999969482422,135.6999969482422,-0.036905586752988,Vanguard Financials ETF,P,True,False,False,False,False,False,False,False,False,,False,,,13808313344.0,Sector,unknown,184.0,True,,False,True,239.0,True,True,True,43.0,2026-08-04,4,3,False,Sector,Sector,Sector,Sector,Sector
2026-08-07,JAVA,82.97000122070312,83.49500274658203,82.95999908447266,83.47000122070312,322842.0,251,26947622.13409424,39099914.07255554,35665012.13816809,0.0380549361924189,0.0981057275222196,0.1118169408139266,0.3200840192618627,0.2595438921188159,0.144347742582708,0.0121807769292231,0.0254627423602649,0.0161405229889945,0.0221999655803203,1.477602623843086,79.66415084838867,76.09838531494141,0.0150338643942411,83.76000213623047,83.76000213623047,0.9965377159965244,0.7572994232177734,0.0090727136952519,80.11000061035156,79.30000305175781,79.30000305175781,-0.0499580460999325,JPMorgan Active Value ETF,P,True,False,False,False,False,False,False,False,False,,False,,,6685886976.0,Factor / Style,unknown,323.0,True,,False,True,329.0,True,True,True,48.0,2026-08-07,1,0,True,Factor / Style,Factor / Style,Factor / Style,Factor / Style,Factor / Style
2026-08-07,IYF,136.55999755859375,137.0189971923828,135.97000122070312,136.86000061035156,117426.0,251,16070922.431671144,70039911.55661163,46304716.6919483,0.0294095806834169,0.1151787908993375,0.0866182837156701,0.2665297852334473,0.258305196469157,0.0917799551659825,0.0078385292233568,0.0297512802123333,0.0079498221959785,0.0221207699066091,1.5693444003836758,130.3790953063965,125.44430272420249,0.0213421506567328,138.44000244140625,138.44000244140625,0.9885871005259234,1.5519508361816403,0.0113396962535469,132.9499969482422,132.00999450683594,132.00999450683594,-0.0354377179737407,iShares U.S. Financial ETF,P,True,False,False,False,False,False,False,False,False,,False,,,3903197184.0,Other,unknown,434.0,True,,False,True,291.0,True,True,True,49.0,2026-08-04,4,3,False,Other,Other,Other,Other,Other
2026-08-07,VOE,206.63999938964844,207.6999053955078,205.7250061035156,207.1000061035156,196479.0,251,40690802.09921265,56617775.16508026,55162748.34288921,0.028557237773531,0.0864022599398259,0.1180672754518665,0.2971570603505651,0.2705650275470355,0.1639156757476338,0.0084859848285145,0.0233774298407451,0.0193530772393747,0.0219689064302654,1.5869832357166205,199.90184509277344,191.4331225585937,0.0145370037458523,208.2400054931641,208.2400054931641,0.9945255505206666,2.12724609375,0.0102715887545011,203.25,200.7899932861328,200.7899932861328,-0.0304684337586588,Vanguard Morningstar Mid-Cap Value ETF,P,True,False,False,False,False,False,False,False,False,,False,,,37230292992.0,Factor / Style,unknown,82.0,True,,False,True,276.0,True,True,True,50.0,2026-08-07,1,0,True,Factor / Style,Factor / Style,Factor / Style,Factor / Style,Factor / Style
2026-08-07,VIG,244.55999755859372,245.3249969482422,244.0238037109375,245.22999572753903,887456.0,251,217630831.0883789,252289740.92934263,261599982.9550869,0.0267543103652052,0.0796377810106629,0.1006925886182772,0.2624227426568317,0.2776090812760153,0.1552370020611629,0.0070209395039292,0.0221081712212306,0.0156312155868793,0.0198412367492076,1.5345151896762022,236.88964294433595,227.54153818766275,0.0099966326505387,245.6999969482422,245.6999969482422,0.9980870930950718,2.0155601501464844,0.0082190604137426,237.1999969482422,235.3600006103516,235.3600006103516,-0.0402479113042658,Vanguard Div Appreciation ETF,P,True,False,False,False,False,False,False,False,False,,False,,,129462992896.0,Other,unknown,20.0,True,,False,True,97.0,True,True,True,53.0,2026-08-07,1,0,True,Other,Other,Other,Other,Other
2026-08-07,DIA,538.7050170898438,540.1900024414062,537.4299926757812,539.6199951171875,2093726.0,251,1129816413.8967285,2080880331.041516,2406831670.578472,0.0266142309033023,0.0920218581394816,0.111899947373885,0.1864484818115113,0.2271023218547037,0.131293709892442,0.0049621829465017,0.0208983776448604,0.0146917592274863,0.0187260611987795,1.3563920121002877,519.9600262451172,496.1678792317708,0.0121210098250534,546.75,546.75,0.9869592960533836,6.156742021292177,0.0114094030558581,514.8200073242188,514.719970703125,514.719970703125,-0.0461436281816337,State Street SPDR Dow Jones Industrial Average ETF Trust,P,True,False,False,False,False,False,False,False,False,,False,,,44062826496.0,US Equity,unknown,69.0,True,,False,True,13.0,True,True,True,61.0,2026-08-07,1,0,True,US Equity,US Equity,US Equity,US Equity,US Equity
2026-08-07,RSP,219.0249938964844,220.3650054931641,218.41000366210935,220.08999633789065,6211172.0,251,1367016822.7340088,1805816879.2806976,2035633622.0497727,0.0270181670727014,0.08549853789991,0.117487245849599,0.2405482008632914,0.2271440773257794,0.1482610852084428,0.0064991714799621,0.0194204865039782,0.0174187865678126,0.0187198915263203,1.3431737479423729,212.44049438476563,202.97448547363285,0.013336941950643,221.08999633789065,221.08999633789065,0.9954769550112448,2.164250183105469,0.0098334782094449,213.05999755859372,211.2700042724609,211.2700042724609,-0.0400744795864729,Invesco S&P 500 Equal Weight ETF,P,True,False,False,False,False,False,False,False,False,,False,,,93655826432.0,Factor / Style,unknown,34.0,True,,False,True,17.0,True,True,True,62.0,2026-08-07,1,0,True,Factor / Style,Factor / Style,Factor / Style,Factor / Style,Factor / Style
2026-08-07,COWZ,68.58000183105469,69.27529907226562,68.30000305175781,69.23999786376953,895284.0,251,61989462.24746704,67380059.22447205,62335410.587710425,0.0806929638453386,0.0964228869945387,0.1073661720662728,0.4276261153812174,0.215215872747504,0.1380304990428754,0.0345064186677791,0.0207517357773636,0.0148198063106308,0.0186755604640071,2.608045661448347,64.50427787780762,63.29181142171224,0.0130689998015252,69.27529907226562,69.27529907226562,0.999490421420494,1.0207643508911133,0.0147424087577165,65.2300033569336,63.52999877929688,63.52999877929688,-0.0824667715286061,Pacer US Cash Cows 100 ETF,Z,True,False,False,False,False,False,False,False,False,,False,,,17594638336.0,Other,unknown,149.0,True,,False,True,256.0,True,True,True,63.0,2026-08-07,1,0,True,Other,Other,Other,Other,Other
2026-08-07,HEFA,47.70000076293945,47.70000076293945,47.459999084472656,47.63999938964844,258991.0,251,12338331.081924438,30360190.17037201,25213904.45769416,0.0280535009231748,0.0900837393911715,0.1240380093470772,0.234657347954072,0.2185449507892482,0.1293757240985926,0.0065829601274593,0.019687346392155,0.0160475072750261,0.0184134027011599,1.8815823280689965,45.92924118041992,43.93886484781901,0.0107130177978134,47.70000076293945,47.70000076293945,0.9987421095947312,0.53699951171875,0.0112720301972848,45.91999816894531,45.560001373291016,45.560001373291016,-0.0436607481739258,iShares Currency Hedged MSCI EAFE ETF,Z,True,False,False,False,False,False,False,False,False,,False,,,7331655168.0,Country / Region,unknown,300.0,True,,False,True,380.0,True,True,True,65.0,2026-08-07,1,0,True,Country / Region,Country / Region,Country / Region,Country / Region,Country / Region
2026-08-07,DBEF,56.29999923706055,56.56499862670898,56.02999877929688,56.2599983215332,304883.0,251,17152717.068264008,20448155.268963438,23021698.0373893,0.0272046348606214,0.089465510969988,0.1249750091934893,0.2331768051779657,0.2138890434195968,0.1274210108723159,0.0063434898428328,0.0191356925604161,0.0159244420052113,0.0180117548660945,1.8010751566181784,54.28699996948242,51.89846666971842,0.0107993342784709,56.56499862670898,56.56499862670898,0.9946079676022168,0.6312498092651367,0.0112202244596144,54.38999938964844,53.52999877929688,53.52999877929688,-0.0485247000299222,Xtrackers MSCI EAFE Hedged Equity ETF,P,True,False,False,False,False,False,False,False,False,,False,,,9039409152.0,Country / Region,unknown,266.0,True,,False,True,389.0,True,True,True,68.0,2026-08-07,1,0,True,Country / Region,Country / Region,Country / Region,Country / Region,Country / Region
2026-08-07,IXJ,101.73999786376952,102.35990142822266,101.11000061035156,102.27999877929688,64441.0,251,6591025.40133667,14936427.867433166,23773629.90671842,0.0309444584533284,0.1215974654624243,0.047051967925606,0.1898580326512162,0.2087281486081343,0.0460996307882035,0.0058750540034062,0.0253808138414133,0.0021690783492288,0.0172567064191487,1.930752161420838,97.63176498413084,96.09504638671876,0.0178529086463703,103.4000015258789,103.4000015258789,0.9891682521271364,1.566994857788086,0.0153206382136296,99.29000091552734,97.12000274658205,97.12000274658205,-0.0504497076094931,iShares Global Healthcare ETF,P,True,False,False,False,False,False,False,False,False,,False,,,3844812544.0,Sector,unknown,440.0,True,,False,True,385.0,True,True,True,72.0,2026-08-07,1,0,True,Sector,Sector,Sector,Sector,Sector
2026-08-07,MOAT,111.29000091552734,112.36499786376952,111.2699966430664,112.2699966430664,814291.0,251,91420447.8364792,69897178.03196831,79811329.15495893,0.0565593298137792,0.1048021413957558,0.0827465907960469,0.364905528924992,0.2143287054381351,0.0902587180033556,0.0206388121613401,0.0224621072924967,0.0074686012043994,0.0172143801616626,1.9453606156610437,105.0497999572754,103.204466603597,0.0166437622885453,112.36499786376952,112.36499786376952,0.9991545301249568,1.452750015258789,0.012939788533863,105.7300033569336,103.41000366210938,103.41000366210938,-0.0789168366070687,VanEck Morningstar Wide Moat ETF,Z,True,False,False,False,False,False,False,False,False,,False,,,11624555520.0,Other,unknown,208.0,True,,False,True,222.0,True,True,True,73.0,2026-08-07,1,0,True,Other,Other,Other,Other,Other
2026-08-07,EFV,82.44000244140625,82.45999908447266,82.0199966430664,82.26000213623047,2355340.0,251,193750273.43154907,274378673.8646393,393814053.91057575,0.0493685773276466,0.09146052772635,0.1079283382353741,0.3731920657260761,0.2171371386383037,0.1073101366568979,0.0184239613548619,0.0198594772888488,0.0115818047251899,0.0169622918915682,2.3021386025643946,77.86541488647461,75.35979909261067,0.0114941089049147,82.45999908447266,82.45999908447266,0.997574618597348,0.8584991455078125,0.0104364104450915,79.01000213623047,77.87000274658203,77.87000274658203,-0.0533673629424197,iShares MSCI EAFE Value ETF,Z,True,False,False,False,False,False,False,False,False,,False,,,23718227968.0,Country / Region,unknown,116.0,True,,False,True,72.0,True,True,True,76.0,2026-08-07,1,0,True,Country / Region,Country / Region,Country / Region,Country / Region,Country / Region
2026-08-07,USMV,100.37999725341795,100.72000122070312,100.12999725341795,100.62000274658205,1441315.0,251,145025119.25868988,235172616.09103203,218378381.2310809,0.029255324753022,0.070590397447948,0.06763584312815,0.2883065663565173,0.2348759735022637,0.1164049920634511,0.0084345022271886,0.0165799883204985,0.0078731497825371,0.013532594832212,2.3542253655247123,96.7445686340332,95.09476735432942,0.007114247022304,100.72000122070312,100.72000122070312,0.999007163692324,0.881500244140625,0.0087606859479097,96.91000366210938,95.79000091552734,95.79000091552734,-0.0480024020991071,iShares MSCI USA Min Vol Factor ETF,Z,True,False,False,False,False,False,False,False,False,,False,,,23007752192.0,Country / Region,unknown,118.0,True,,False,True,113.0,True,True,True,131.0,2026-08-06,2,1,False,Country / Region,Country / Region,Country / Region,Country / Region,Country / Region
2026-08-07,FTCS,99.56999969482422,100.23999786376952,99.16999816894533,100.16999816894533,296131.0,251,29663441.727767944,51402771.82878189,61876448.57901219,0.0368491619511728,0.0859724621919031,0.0276685429206302,0.2746916741724505,0.2242508972404798,0.0405275960560307,0.0101221579882194,0.0192794017845075,0.0011213395309462,0.012924079995761,2.242522487485284,95.67114242553713,94.89694600423176,0.0135602224951034,101.12000274658205,101.12000274658205,0.9906051765048154,1.2994987487792968,0.0129729337379799,97.6999969482422,95.72000122070312,95.72000122070312,-0.0444244487330116,First Trust Capital Strength ETF,Q,True,False,False,False,False,False,False,False,False,,False,,,7646184448.0,Other,unknown,293.0,True,,False,True,258.0,True,True,True,145.0,2026-08-07,1,0,True,Other,Other,Other,Other,Other
2026-08-07,ACWV,126.29000091552734,126.79000091552734,126.43000030517578,126.6999969482422,68713.0,251,8705936.890304565,11711620.561403656,12496957.08005221,0.0351306811173048,0.0583448906828325,0.0488783033594213,0.4071975129270141,0.2294898526515058,0.0906396026173137,0.0143051259783985,0.0133895603657714,0.0044303099931064,0.0102538227353387,2.696096944654002,121.70686920166015,120.56903264363606,0.0071358459812176,126.79000091552734,126.79000091552734,0.9992901335544186,0.9734996795654296,0.0076835019969504,123.06999969482422,120.6500015258789,120.6500015258789,-0.0477505569699007,iShares MSCI Global Min Vol Factor ETF,Z,True,False,False,False,False,False,False,False,False,,False,,,3240488448.0,Country / Region,unknown,476.0,True,,False,True,439.0,True,True,True,184.0,2026-08-07,1,0,True,Country / Region,Country / Region,Country / Region,Country / Region,Country / Region
2026-08-07,CIBR,98.80500030517578,99.0999984741211,97.13999938964844,97.8499984741211,1153580.0,251,112877801.2397766,126264292.86754608,141595669.81136987,0.0649760709530391,0.3389957100211946,0.5104609596437282,0.2379433424212992,0.2799898938858009,0.2187753099530736,0.0154606234999696,0.094915372876576,0.111676254665,0.1007816815025244,0.849483547724762,89.63110702514649,75.49453061421713,0.0285000444251481,99.97000122070312,99.97000122070312,0.9787936108763096,2.5473499298095703,0.0260332137918559,86.83999633789062,86.83999633789062,86.83999633789062,-0.1125191855689434,First Trust NASDAQ Cybersecurity ETF,Q,True,False,False,False,False,False,False,False,False,,False,,,13836617728.0,Industry / Theme,unknown,180.0,True,,False,True,148.0,True,True,False,1.0,,0,0,False,Industry / Theme,Industry / Theme,Industry / Theme,Industry / Theme,Industry / Theme
2026-08-07,VFLO,50.900001525878906,51.4900016784668,50.81499862670898,51.459999084472656,1302603.0,251,67031949.187431335,81702055.66886711,55729349.655495904,0.0858830923663873,0.1984058720593375,0.3118825963040117,0.5292580448337955,0.3212957666726896,0.2660615625305661,0.0454543175501144,0.0637469667756684,0.0829799708987351,0.0704785182187417,1.2527452782427426,47.33283149719238,42.81792897542318,0.0297992348516333,51.4900016784668,51.4900016784668,0.9994173122350724,0.7485500335693359,0.0145462504253172,48.40999984741211,47.30500030517578,47.30500030517578,-0.0807423018503431,VictoryShares Free Cash Flow ETF,Q,True,False,False,False,False,False,False,False,False,,False,,,7757980672.0,Factor / Style,unknown,291.0,True,,False,True,275.0,True,True,False,2.0,,0,0,False,Factor / Style,Factor / Style,Factor / Style,Factor / Style,Factor / Style
2026-08-07,FELV,42.84999847412109,42.91999816894531,42.63999938964844,42.91999816894531,125163.0,251,5371995.730819702,7447114.308578491,6358645.108090355,0.0511877600823669,0.131720724025576,0.2003250020963403,0.5011983826408328,0.3538354622017218,0.2560920923498409,0.0256552225642892,0.0466074632671351,0.051301648936838,0.0482504282515311,1.1890080236367824,40.55880889892578,37.66269215901693,0.0184182265477037,43.0,43.0,0.9981394923010538,0.3896499633789062,0.009078517707413,41.33000183105469,40.79999923706055,40.79999923706055,-0.049394199029083,Fidelity Enhanced Large Cap Value ETF,P,True,False,False,False,False,False,False,False,False,,False,,,3197805568.0,Factor / Style,unknown,483.0,True,,False,True,463.0,True,True,False,3.0,,0,0,False,Factor / Style,Factor / Style,Factor / Style,Factor / Style,Factor / Style
2026-08-07,CALF,55.77000045776367,56.29999923706055,55.630001068115234,56.27999877929688,363328.0,251,20448099.39648437,26789089.85200729,25827274.80356077,0.0875362082955917,0.1720865789860455,0.2366882073714962,0.365499194524862,0.2659355256922431,0.205518033878177,0.0319944136237993,0.0457639348472337,0.0486436950211401,0.0467718509081009,1.435230107698171,51.69410736083984,47.97012410481771,0.0293253079325466,56.47999954223633,56.47999954223633,0.996458909975913,0.9555999755859376,0.016979388704917,52.880001068115234,51.43000030517578,51.43000030517578,-0.0861762363062668,Pacer US Small Cap Cash Cows ETF,Z,True,False,False,False,False,False,False,False,False,,False,,,3474337792.0,Factor / Style,unknown,464.0,True,,False,True,375.0,True,True,False,4.0,,0,0,False,Factor / Style,Factor / Style,Factor / Style,Factor / Style,Factor / Style
2026-08-07,RSPT,64.77999877929688,64.87000274658203,64.0999984741211,64.6500015258789,637199.0,251,41194916.32228851,42802141.53238106,44632980.11072492,0.0292947000853007,0.1468448589337534,0.4350335586950107,0.108618622966856,0.1222758855252656,0.1816283638484501,0.0031819499834924,0.0179555851609574,0.0790144334849435,0.0393261820743525,0.7599618070833145,62.291299972534176,53.685701293945314,0.0075305114903905,65.12000274658203,67.4446029663086,0.9585644911895216,1.6140003204345703,0.024965201582996,57.93999862670898,57.93999862670898,57.93999862670898,-0.1037896788986765,Invesco S&P 500 Equal Weight Technology ETF,P,True,False,False,False,False,False,False,False,False,,False,,,5687853056.0,Sector,unknown,358.0,True,,False,True,297.0,True,True,False,5.0,,0,0,False,Sector,Sector,Sector,Sector,Sector
2026-08-07,IWX,112.12000274658205,112.70999908447266,112.11000061035156,112.63999938964844,170939.0,251,19254568.855667114,50022781.12413406,35047400.91664753,0.0461595737459257,0.1210596676992943,0.1785834598614497,0.4043941363508257,0.3018008723632138,0.2228897908626633,0.0186666609593058,0.0365359133196478,0.0398044300200493,0.0376798941647883,1.166862804199883,106.80388442993164,99.72603912353516,0.0162994614512586,112.80999755859376,112.80999755859376,0.9984930575957418,0.993000030517578,0.0088156963414262,108.5199966430664,107.08999633789062,107.08999633789062,-0.0492720444054606,iShares Russell Top 200 Value ETF,P,True,False,False,False,False,False,False,False,False,,False,,,3556921344.0,Factor / Style,unknown,455.0,True,,False,True,330.0,True,True,False,6.0,,0,0,False,Factor / Style,Factor / Style,Factor / Style,Factor / Style,Factor / Style
2026-08-07,XBI,156.8699951171875,157.85000610351562,154.9600067138672,157.3699951171875,7888984.0,251,1241489373.5595703,1254068385.2928162,1297406487.630935,-0.0104383051930544,0.1785460599029682,0.3048746812825182,0.0,0.1703094852514707,0.1448173441194342,-0.0,0.0304080875557527,0.0441511416325932,0.0352181564826469,1.6206562030721805,147.3875633239746,134.36138717651366,0.0267956736860157,157.85000610351562,165.7100067138672,0.9496710442412784,4.275002288818359,0.0271652946651928,143.77999877929688,143.77999877929688,143.77999877929688,-0.0863569724824014,State Street SPDR S&P Biotech ETF,P,True,False,False,False,False,False,False,False,False,,False,,,10734887936.0,Industry / Theme,unknown,230.0,True,,False,True,27.0,True,True,False,7.0,,0,0,False,Industry / Theme,Industry / Theme,Industry / Theme,Industry / Theme,Industry / Theme
2026-08-07,VONV,112.5999984741211,113.0,112.2300033569336,112.97000122070312,476393.0,251,53818117.79153442,87678665.06098633,95151780.48715404,0.0434100371604444,0.1143722081341953,0.1757821281196567,0.3983056271978968,0.2939847149977918,0.2170529828434181,0.0172904620778748,0.0336236810119995,0.0381540352389353,0.0352093049914271,1.2268660611707314,107.46801040649414,100.575390625,0.0161810089380662,113.3000030517578,113.3000030517578,0.997087362558111,1.0290008544921876,0.0091086203715434,108.87000274658205,107.66999816894533,107.66999816894533,-0.0469151367131837,Vanguard Russell 1000 Value ETF,Q,True,False,False,False,False,False,False,False,False,,False,,,21457317888.0,Factor / Style,unknown,127.0,True,,False,True,202.0,True,True,False,8.0,,0,0,False,Factor / Style,Factor / Style,Factor / Style,Factor / Style,Factor / Style
2026-08-07,IWD,256.19000244140625,257.69000244140625,256.0050048828125,257.5599975585937,744340.0,251,191712208.58276367,437035534.9762573,517751572.4905056,0.0434289474142954,0.1135766286982764,0.1744556781313637,0.3976258339691157,0.2946683846726842,0.2165686524743671,0.0172684714340101,0.0334674417150903,0.0377816311294113,0.0349774080101027,1.2177103595399072,245.07889190673828,229.4232652791341,0.0161206913150995,257.8299865722656,257.8299865722656,0.9989528409117138,2.325749969482422,0.0090299347395875,248.3000030517578,245.5399932861328,245.5399932861328,-0.0466687544121693,iShares Russell 1000 Value ETF,P,True,False,False,False,False,False,False,False,False,,False,,,79741509632.0,Factor / Style,unknown,36.0,True,,False,True,61.0,True,True,False,9.0,,0,0,False,Factor / Style,Factor / Style,Factor / Style,Factor / Style,Factor / Style
2026-08-07,VLUE,197.88999938964844,197.7400054931641,195.13999938964844,197.6300048828125,1433879.0,251,283377513.7713623,159011727.17034912,272801103.2438296,0.0115678447157117,0.1345278513313264,0.3444925588727001,0.0533272269424335,0.1364730297499036,0.186191761195718,0.0006168810803895,0.0183594234569307,0.0641416762553276,0.0343832119363696,0.4679817535623594,195.85617706298828,167.90509063720702,0.0104135911310905,199.3999938964844,206.57000732421875,0.9567216821202188,3.842499542236328,0.0194428955487543,188.1300048828125,187.88999938964844,187.88999938964844,-0.0492840421622189,iShares MSCI USA Value Factor ETF,Z,True,False,False,False,False,False,False,False,False,,False,,,10583302144.0,Country / Region,unknown,235.0,True,,False,True,95.0,True,True,False,10.0,,0,0,False,Country / Region,Country / Region,Country / Region,Country / Region,Country / Region
2026-08-07,EWT,102.97000122070312,103.24500274658205,101.8550033569336,103.08999633789062,2213712.0,251,228211561.97314453,628919902.5528122,663268800.3812329,-0.0291930128283607,0.0930972219975083,0.5191570204932325,0.0,0.0621548653228076,0.1601872515582441,-0.0,0.0057864452951826,0.0831623362399779,0.032868007125861,0.2960661204876255,102.31720016479493,85.3440000406901,0.0053313886165793,103.81999969482422,112.77999877929688,0.9140804881513702,3.176498413085937,0.030812867648909,89.26000213623047,89.26000213623047,89.26000213623047,-0.1341545706950128,iShares MSCI Taiwan ETF,P,True,False,False,False,False,False,False,False,False,,False,,,11151458304.0,Country / Region,unknown,221.0,True,,False,True,46.0,True,True,False,12.0,,0,0,False,Country / Region,Country / Region,Country / Region,Country / Region,Country / Region
2026-08-07,SOXX,545.2000122070312,547.90380859375,531.27001953125,543.27001953125,5210946.0,251,2830950735.196289,5581887789.9321165,5828669498.3512335,-0.0654866439012354,0.103924012374059,0.6439346115273872,0.0,0.0429602792026709,0.1265786957644829,-0.0,0.0044646045874514,0.0815084032847456,0.0314299341315043,0.2013661015158655,566.4034020996094,445.8025992838542,-0.0047399647651295,580.6699829101562,655.9500122070312,0.8282186285862632,28.865692138671875,0.0531332322802905,464.0799865722656,464.0799865722656,464.0799865722656,-0.1457655127505691,iShares PHLX SOX Semiconductor Sector Index Fund,Q,True,False,False,False,False,False,False,False,False,,False,,,47824830464.0,Industry / Theme,unknown,60.0,True,,False,True,5.0,True,True,False,13.0,,0,0,False,Industry / Theme,Industry / Theme,Industry / Theme,Industry / Theme,Industry / Theme
2026-08-07,JQUA,74.36000061035156,74.58999633789062,74.30010223388672,74.52999877929688,226770.0,251,16901167.823181152,33068746.02215576,37430923.89053103,0.0282835999919579,0.1078773436563482,0.1917749827189629,0.2509172542790414,0.2360161327740704,0.2095296642526891,0.0070968432511088,0.0254607934637107,0.0401825477411695,0.0306134074608213,1.0216143621309095,71.65296676635742,66.72892250061035,0.011971008959128,74.83999633789062,74.83999633789062,0.9958578624564042,0.7166999816894531,0.0096162618197779,71.3499984741211,70.94000244140625,70.94000244140625,-0.0481684743954117,JPMorgan U.S. Quality Factor ETF,P,True,False,False,False,False,False,False,False,False,,False,,,8162030080.0,Factor / Style,unknown,279.0,True,,False,True,318.0,True,True,False,15.0,,0,0,False,Factor / Style,Factor / Style,Factor / Style,Factor / Style,Factor / Style
2026-08-07,QTEC,317.32000732421875,318.0199890136719,314.1499938964844,316.5899963378906,153599.0,251,48627906.84750366,79264262.43115082,91808280.98666672,-0.0138612387508972,0.1079641248478875,0.4395875078083309,0.0,0.0770297340993103,0.1589649474260694,-0.0,0.0083164478292975,0.0698790050679082,0.0298633428628112,0.2979322408282406,314.62591430664065,266.84374186197914,0.0037299868224915,323.4100036621094,340.1946629053564,0.9306142360792042,9.426502990722655,0.0297751132371912,285.2099914550781,285.2099914550781,285.2099914550781,-0.0991187505789703,First Trust NASDAQ-100-Technology Sector Index Fund,Q,True,False,False,False,False,False,False,False,False,,False,,,4991772672.0,Sector,unknown,376.0,True,,False,True,207.0,True,True,False,16.0,,0,0,False,Sector,Sector,Sector,Sector,Sector
2026-08-07,VGT,121.41500091552734,121.8499984741211,120.19000244140624,121.4499969482422,3061368.0,251,371803134.2574463,500404342.1884506,572336346.3049138,0.0285399311054312,0.1104526442381474,0.374349342852577,0.0992049891769106,0.100155454140396,0.1709620343151799,0.002831303556424,0.0110624347446792,0.0639995251986273,0.029590416403561,0.6402377313448869,116.72607864379884,103.35252365112304,0.0018094568427771,121.8499984741211,125.850191476801,0.9650362508239017,3.079500198364258,0.0253561158974473,108.0999984741211,108.0999984741211,108.0999984741211,-0.1099217687079103,Vanguard Information Tech ETF,P,True,False,False,False,False,False,False,False,False,,False,,,169247817728.0,Other,unknown,14.0,True,,False,True,56.0,True,True,False,17.0,,0,0,False,Other,Other,Other,Other,Other
2026-08-07,FTEC,289.5799865722656,290.6700134277344,287.0599975585937,289.8399963378906,198867.0,251,57639610.551727295,87147344.07876435,94728764.30017816,0.0275463140777703,0.1102024904365717,0.3743367335015342,0.095701338842211,0.0997083477523654,0.1706261357775463,0.0026362191374106,0.0109881082396264,0.0638716303169559,0.0294973409666917,0.6328256549380443,278.80034301757814,246.72857309977212,0.0017008651607379,290.6700134277344,300.4786748358019,0.9645942311755574,7.309002685546875,0.0252173708870261,257.9200134277344,257.9200134277344,257.9200134277344,-0.1101296691742449,Fidelity MSCI Information Technology Index ETF,P,True,False,False,False,False,False,False,False,False,,False,,,20956467200.0,Country / Region,unknown,130.0,True,,False,True,203.0,True,True,False,19.0,,0,0,False,Country / Region,Country / Region,Country / Region,Country / Region,Country / Region
2026-08-07,DFUV,56.68000030517578,56.915000915527344,56.570899963378906,56.88999938964844,266345.0,251,15152366.887435911,22717049.013088223,22570807.7141014,0.0339876211618768,0.1003031974250905,0.1602404321062331,0.3561910491748247,0.2686053847249638,0.2005424832776677,0.0121060864406053,0.0269419789335104,0.0321350141760705,0.0287595412684064,1.255855598439824,54.87277076721191,51.416664606730144,0.0126155386469575,56.98500061035156,56.98500061035156,0.9983328732177662,0.4914997100830078,0.0086394746942542,54.80500030517578,54.54499816894531,54.54499816894531,-0.0412199199483523,Dimensional US Marketwide Value ETF,P,True,False,False,False,False,False,False,False,False,,False,,,15314369536.0,Factor / Style,unknown,168.0,True,,False,True,392.0,True,True,False,22.0,,0,0,False,Factor / Style,Factor / Style,Factor / Style,Factor / Style,Factor / Style
2026-08-07,XLK,187.9900054931641,188.6999969482422,185.7400054931641,187.97000122070312,6037382.0,251,1134846701.909851,1608737236.5109742,2194938072.7011456,0.0117881497243841,0.1090466313033644,0.389280545462932,0.0367635456775349,0.0872932101181084,0.1610930073967819,0.000433374180846,0.0095190304990364,0.0627103737896834,0.0281360006507629,0.5271488787979243,183.2675860595703,160.11947158813476,0.0003719391034948,188.6999969482422,198.49331469466887,0.9469840407967732,5.381498718261719,0.0286295615434033,166.4600067138672,166.4600067138672,166.4600067138672,-0.1144331242599726,State Street Technology Select Sector SPDR ETF,P,True,False,False,False,False,False,False,False,False,,False,,,123912577024.0,Sector,unknown,23.0,True,,False,True,15.0,True,True,False,24.0,,0,0,False,Sector,Sector,Sector,Sector,Sector
2026-08-07,ARTY,72.72000122070312,72.98999786376953,71.22000122070312,72.77999877929688,298810.0,251,21747391.4352417,34864001.740226746,56038591.67593093,0.0038620521282326,0.0985478019416687,0.523806937576824,0.0080877763947998,0.0529077054965388,0.1316859800401567,3.123541403820655e-05,0.005213938082461,0.0689780299266372,0.0275313702279227,0.4504879247420932,71.85468994140625,60.218200352986656,0.0019960473292337,73.72000122070312,81.80196563276948,0.889709656929583,2.867198371887207,0.0393954165976547,61.33000183105469,61.33000183105469,61.33000183105469,-0.1573234012130716,iShares Future AI & Tech ETF,P,True,False,False,False,False,False,False,False,False,,False,,,3930527488.0,Other,unknown,431.0,True,,False,True,273.0,True,True,False,25.0,,0,0,False,Other,Other,Other,Other,Other
2026-08-07,IYW,253.5399932861328,254.7595977783203,252.04010009765625,254.0500030517578,274304.0,251,69686932.03710938,138475571.44819945,183250700.06468853,0.015874924790608,0.0941390551238539,0.3612768910592312,0.0542720649617706,0.0891178286421573,0.168287141692438,0.0008615649494991,0.0083894681830622,0.0607982553558883,0.0267325436935513,0.4292651336548471,245.6638415527344,217.2935104370117,0.0012257984824031,255.72000122070312,260.9332505385792,0.9736206578785416,6.10248031616211,0.0240207842663117,227.13999938964844,227.13999938964844,227.13999938964844,-0.1059240438451283,iShares U.S. Technology ETF,P,True,False,False,False,False,False,False,False,False,,False,,,25393864704.0,Sector,unknown,109.0,True,,False,True,122.0,True,True,False,26.0,,0,0,False,Sector,Sector,Sector,Sector,Sector
2026-08-07,SMH,583.5800170898438,586.0900268554688,572.3300170898438,582.7000122070312,6397665.0,251,3727919473.5964966,6933124530.799423,6924915875.674346,-0.0463643613758945,0.0788743539099003,0.5291153882684432,0.0,0.0406147809710552,0.1318558269812015,-0.0,0.003203464608284,0.0697669470886151,0.0265006834763999,0.1797072550480117,594.9404010009765,490.267733968099,-0.0065759572410472,608.9000244140625,671.8300170898438,0.8673325058191124,25.51150054931641,0.0437815342626975,503.6300048828125,503.6300048828125,503.6300048828125,-0.1356959081307268,VanEck Semiconductor ETF,Q,True,False,False,False,False,False,False,False,False,,False,,,77198270464.0,Industry / Theme,unknown,38.0,True,,False,True,4.0,True,True,False,27.0,,0,0,False,Industry / Theme,Industry / Theme,Industry / Theme,Industry / Theme,Industry / Theme
2026-08-07,IMCG,98.7699966430664,99.24099731445312,98.372802734375,99.12999725341795,168733.0,251,16726501.826560974,11443701.38969841,9401263.736750403,0.0194364400572721,0.1063448268932767,0.2387938176087611,0.1288344643087459,0.1700133784982431,0.176103287513927,0.0025040833428477,0.0180800433059368,0.0420523763189039,0.0264703598604752,1.003679661421158,95.87103302001952,87.86352579752604,0.0135219191162536,99.44000244140624,99.44000244140624,0.996882490141018,1.336050033569336,0.013477757193454,93.93000030517578,93.93000030517578,93.93000030517578,-0.0524563410906671,iShares Morningstar Mid-Cap Growth ETF,P,True,False,False,False,False,False,False,False,False,,False,,,4006894848.0,Factor / Style,unknown,421.0,True,,False,True,456.0,True,True,False,28.0,,0,0,False,Factor / Style,Factor / Style,Factor / Style,Factor / Style,Factor / Style
2026-08-07,RWL,133.3800048828125,134.3000030517578,133.2899932861328,134.1199951171875,393503.0,251,52776620.43859863,34989543.10589905,33053112.62906126,0.0294749491393213,0.0882885961507389,0.1337375377958174,0.2900294803030547,0.290045226966645,0.2009575683972581,0.0085486041808363,0.0256076859091075,0.0268755703988838,0.0260514454805292,1.0975592701888806,129.28001922607422,122.43147043863932,0.0118436939785295,134.77999877929688,134.77999877929688,0.9951031038129764,1.2180000305175782,0.0090814201823773,129.99000549316406,128.83999633789062,128.83999633789062,-0.0393677227223537,Invesco S&P 500 Revenue ETF,P,True,False,False,False,False,False,False,False,False,,False,,,9220293632.0,US Equity,unknown,259.0,True,,False,True,338.0,True,True,False,29.0,,0,0,False,US Equity,US Equity,US Equity,US Equity,US Equity
2026-08-07,VTV,223.25,224.4199981689453,222.59979248046875,224.30999755859372,1720069.0,251,385828673.1906128,659380698.2750854,621191367.2279527,0.0233120469046272,0.0947315210558716,0.1195962124506087,0.2380063664707734,0.2840798167536753,0.171102121349577,0.0055484155787665,0.0269113131423489,0.0204631656556738,0.0246544615220126,1.2227144366973963,217.515837097168,206.1147713216146,0.0131339279183695,225.05999755859372,225.05999755859372,0.996667555282432,2.0465110778808597,0.0091235838801445,218.1499938964844,216.6100006103516,216.6100006103516,-0.0343274799699055,Vanguard Morningstar Value ETF,P,True,False,False,False,False,False,False,False,False,,False,,,254461837312.0,Factor / Style,unknown,10.0,True,,False,True,50.0,True,True,False,32.0,,0,0,False,Factor / Style,Factor / Style,Factor / Style,Factor / Style,Factor / Style
2026-08-07,FESM,48.22999954223633,48.43999862670898,48.1599006652832,48.31999969482422,594528.0,251,28727592.778564453,44781144.83872299,37275258.92540729,0.0166211011112302,0.0944489892407562,0.2469623328086958,0.1016733632618113,0.155470264261418,0.1743110622071885,0.0016899232510934,0.0146840093164842,0.0430482665570489,0.0246114993506818,0.6771024369060192,46.798478546142576,42.59230305989583,0.0140805638550762,48.70000076293945,48.70000076293945,0.9921971034463636,0.6604991912841797,0.013669271429133,46.14500045776367,46.14500045776367,46.14500045776367,-0.045012401713519,Fidelity Enhanced Small Cap Core ETF,P,True,False,False,False,False,False,False,False,False,,False,,,5784907776.0,Factor / Style,unknown,355.0,True,,False,True,320.0,True,True,False,33.0,,0,0,False,Factor / Style,Factor / Style,Factor / Style,Factor / Style,Factor / Style
2026-08-07,IXN,141.00999450683594,141.66000366210938,139.38999938964844,140.8699951171875,424636.0,251,59818471.24658203,55901424.68804626,66759536.97359987,0.0009948084551887,0.0998874504580076,0.3823243976155948,0.0029914387793495,0.0757604015933179,0.1471538805525148,2.9759085908763667e-06,0.0075675133608313,0.0562605187390374,0.0246100652432034,0.4383630724590335,138.65178329467773,120.65605667114258,0.0008106474333502,141.77000427246094,149.65093919782692,0.9413238291205664,4.051499938964843,0.0287605599446103,125.44000244140624,125.44000244140624,125.44000244140624,-0.1095335643544623,iShares Global Tech ETF,P,True,False,False,False,False,False,False,False,False,,False,,,9455798272.0,Global Equity,unknown,255.0,True,,False,True,252.0,True,True,False,34.0,,0,0,False,Global Equity,Global Equity,Global Equity,Global Equity,Global Equity
2026-08-07,MGV,166.16000366210938,166.7899932861328,165.60000610351562,166.7899932861328,140123.0,251,23371114.229232788,35914706.75432358,39008715.115847394,0.0194986984328029,0.0974984773628586,0.1203608401167064,0.1851411679376401,0.2764565459693295,0.1680569383853957,0.0036100118011129,0.0269540922890047,0.0202274742915078,0.0245997759898808,1.1184459058212082,162.14974700927735,152.99578328450522,0.0122594602704906,167.3000030517578,167.3000030517578,0.996951525664544,1.4870010375976563,0.0089154091819325,161.8800048828125,160.8300018310547,160.8300018310547,-0.0357335073744717,Vanguard Morningstar Mega Cap Value ETF,P,True,False,False,False,False,False,False,False,False,,False,,,13311754240.0,Factor / Style,unknown,193.0,True,,False,True,312.0,True,True,False,35.0,,0,0,False,Factor / Style,Factor / Style,Factor / Style,Factor / Style,Factor / Style
2026-08-07,FMDE,42.119998931884766,42.31999969482422,42.0,42.290000915527344,550845.0,251,23295235.55431366,42461959.14351463,36546986.2294182,0.0421389602590911,0.0953398061322043,0.1622498271995145,0.3860042814161395,0.2353032118613111,0.1710172979515999,0.0162658190744337,0.0224337626011424,0.0277475270407749,0.0242935801550138,1.5793599006644747,40.415052337646486,38.35713221232096,0.013975770801492,42.49700164794922,42.49700164794922,0.9951290508884204,0.4343502044677734,0.0102707541987376,40.54999923706055,40.25,40.25,-0.0482383748253438,Fidelity Enhanced Mid Cap Core ETF,P,True,False,False,False,False,False,False,False,False,,False,,,7389860352.0,Factor / Style,unknown,297.0,True,,False,True,324.0,True,True,False,36.0,,0,0,False,Factor / Style,Factor / Style,Factor / Style,Factor / Style,Factor / Style
2026-08-07,KBWB,97.44000244140624,97.83000183105467,96.63999938964844,97.61000061035156,1314961.0,251,128353344.0125885,182753005.8699104,159608575.55859497,0.0162415149300216,0.1426850209290822,0.1203746556608924,0.0964150384675595,0.2180733394177871,0.0886211370140122,0.0015659262867494,0.0311157989989018,0.0106677388523384,0.0239589779476046,1.2444704028703852,93.88534576416016,86.99095972696941,0.026630584057939,99.43000030517578,99.43000030517578,0.9816956684175984,1.6335006713867188,0.0167349724533603,94.1999969482422,94.1999969482422,94.1999969482422,-0.0349349824893633,Invesco KBW Bank ETF,Q,True,False,False,False,False,False,False,False,False,,False,,,6505184256.0,Other,unknown,327.0,True,,False,True,136.0,True,True,False,38.0,,0,0,False,Other,Other,Other,Other,Other
2026-08-07,IGM,163.74000549316406,164.3300018310547,162.22000122070312,163.72000122070312,166084.0,251,27191272.682739258,51672198.11259155,81432489.96691895,0.0131187811702773,0.0890285907769958,0.3471808691862508,0.043318247066409,0.0800013206685355,0.1566707028387233,0.0005682826039442,0.0071224048394182,0.0543930707875687,0.0236671379212709,0.5181522669269738,159.05736755371095,141.26522766113283,0.0003906193685052,165.0800018310547,171.40683033840085,0.955154476035045,4.188499450683594,0.0255833094274002,146.05999755859375,146.05999755859375,146.05999755859375,-0.1078671117177844,iShares Expanded Tech Sector ETF,P,True,False,False,False,False,False,False,False,False,,False,,,10708001792.0,Sector,unknown,231.0,True,,False,True,220.0,True,True,False,39.0,,0,0,False,Sector,Sector,Sector,Sector,Sector
2026-08-07,IWS,170.38999938964844,171.5399932861328,169.93499755859375,171.1999969482422,311781.0,251,53376906.2485199,90592432.10350266,77966065.88551427,0.0348788280718195,0.0933251673275967,0.1600807772415882,0.3022520452247449,0.2274342768638317,0.1739184794654071,0.0105421971197496,0.021225341944348,0.0278410053694975,0.0235408241431503,1.3250988985768994,164.6423468017578,155.1120746866862,0.0151096414758149,171.6699981689453,171.6699981689453,0.9972621819437512,1.7430007934570313,0.0101810795825188,165.69000244140625,164.4199981689453,164.4199981689453,-0.0396027973139896,iShares Russell Mid-Cap Value ETF,P,True,False,False,False,False,False,False,False,False,,False,,,15646174208.0,Factor / Style,unknown,164.0,True,,False,True,224.0,True,True,False,40.0,,0,0,False,Factor / Style,Factor / Style,Factor / Style,Factor / Style,Factor / Style
2026-08-07,PSI,147.74000549316406,150.1699981689453,145.44000244140625,148.4199981689453,211844.0,251,31441886.09210205,64311328.69013367,73741197.56017582,-0.0690001262472902,0.0368351182331814,0.6132814527879573,0.0,0.0142531279061916,0.1069190942791594,-0.0,0.0005250156516172,0.0655714974702954,0.0232912842881546,0.0369445911740099,156.01658325195314,124.65785741170248,-0.0165943490647351,161.3800048828125,189.2400054931641,0.7842950425950326,9.448500061035157,0.0636605590729087,120.5999984741211,120.5999984741211,120.5999984741211,-0.1874410459374681,Invesco Semiconductors ETF,P,True,False,False,False,False,False,False,False,False,,False,,,3097870848.0,Other,unknown,495.0,True,,False,True,233.0,True,True,False,41.0,,0,0,False,Other,Other,Other,Other,Other
2026-08-07,XSD,535.1699829101562,545.7849731445312,530.2550048828125,544.6699829101562,107440.0,251,58519342.96386719,50117617.55926514,77388067.60139586,-0.0332960793878437,0.0402639398400881,0.5758741952755595,0.0,0.0167995754131448,0.1118462466814635,-0.0,0.0006764170937738,0.0644093673022795,0.0229829496667508,0.0468614721061731,561.8252532958984,450.9820039876302,-0.0264994432791464,560.719970703125,657.8990200629934,0.8278929840296836,27.41724853515625,0.0503373591264689,448.3999938964844,448.3999938964844,448.3999938964844,-0.1767492096761126,State Street SPDR S&P Semiconductor ETF,P,True,False,False,False,False,False,False,False,False,,False,,,3476073728.0,Industry / Theme,unknown,463.0,True,,False,True,226.0,True,True,False,42.0,,0,0,False,Industry / Theme,Industry / Theme,Industry / Theme,Industry / Theme,Industry / Theme
2026-08-07,AVLV,93.55999755859376,93.9800033569336,93.30999755859376,93.79000091552734,912178.0,251,85553175.4551239,106975397.13106307,153623702.79229227,0.0232380227833055,0.0800751899517124,0.1526066838615094,0.2727272727272727,0.2419914604962322,0.1909214926588146,0.0063376425772651,0.0193775121659281,0.0291358958725512,0.0227929464632462,1.0096314918594838,91.40811798095704,85.5867839050293,0.0095725233815437,94.45999908447266,94.45999908447266,0.9929070699191288,0.8222503662109375,0.0087669299305317,90.9499969482422,90.9499969482422,90.9499969482422,-0.0302804556942378,Avantis U.S. Large Cap Value ETF,P,True,False,False,False,False,False,False,False,False,,False,,,16735772672.0,Factor / Style,unknown,157.0,True,,False,True,140.0,True,True,False,44.0,,0,0,False,Factor / Style,Factor / Style,Factor / Style,Factor / Style,Factor / Style
2026-08-07,IGV,101.66000366210938,103.01000213623048,101.31999969482422,102.69000244140624,8106758.0,251,832482998.8118896,1269062314.6073425,1641241522.8853102,0.1112433543113466,0.130536663279202,0.2891836712019331,0.3487108191399388,0.1196608434610185,0.1212674222440969,0.0387917612057841,0.0156201272305762,0.0350685583617429,0.0224270781264846,1.1751255841858508,93.60142181396483,89.6418499247233,0.0093194498872708,103.72000122070312,108.03974270184716,0.9504835894027964,2.796500015258789,0.0272324466722497,89.58999633789062,86.77999877929688,86.77999877929688,-0.1549323525548404,iShares Expanded Tech-Software Sector ETF,Z,True,False,False,False,False,False,False,False,False,,False,,,13542322176.0,Industry / Theme,unknown,191.0,True,,False,True,23.0,True,True,False,45.0,,0,0,False,Industry / Theme,Industry / Theme,Industry / Theme,Industry / Theme,Industry / Theme
2026-08-07,FNDX,32.15999984741211,32.334999084472656,32.11000061035156,32.310001373291016,2239049.0,251,72343676.26486588,81571031.2541441,108186498.97072668,0.0286533438475344,0.0753825934084406,0.1374224305215166,0.2866243972723727,0.2546516398232652,0.2057105558924909,0.0082127474101376,0.0191963010255898,0.0282692445746783,0.0223718312677708,0.9073928133899944,31.295656852722168,29.557548395792644,0.0096233520600188,32.470001220703125,32.470001220703125,0.9950723793841408,0.2767499923706055,0.008565459009834,31.40999984741211,31.280000686645508,31.280000686645508,-0.0318786952295506,Schwab Fundamental U.S. Large Company ETF,P,True,False,False,False,False,False,False,False,False,,False,,,25939793920.0,Other,unknown,107.0,True,,False,True,179.0,True,True,False,46.0,,0,0,False,Other,Other,Other,Other,Other
2026-08-07,PRF,55.66999816894531,55.93999862670898,55.625,55.91999816894531,174146.0,251,9738244.00112915,14285702.596632386,21130129.27615647,0.0264316930765133,0.0770260161976819,0.1464227361753656,0.2647060679732494,0.2378263002955193,0.2011563038673392,0.0069966295441596,0.0183188124587974,0.029453856411179,0.022216077842131,0.8811819327935037,54.15543838500977,50.93402814229329,0.0096104775328487,56.15999984741211,56.15999984741211,0.9957264658276552,0.4572502136230468,0.0081768638876132,54.16999816894531,54.0099983215332,54.0099983215332,-0.034155935442659,Invesco RAFI US 1000 ETF,P,True,False,False,False,False,False,False,False,False,,False,,,9686064128.0,Other,unknown,252.0,True,,False,True,399.0,True,True,False,47.0,,0,0,False,Other,Other,Other,Other,Other
2026-08-07,QTUM,152.4217071533203,153.77499389648438,150.8699951171875,153.4600067138672,267853.0,251,41104723.17832947,57900160.38766098,108298863.60088894,-0.0064741677879923,0.0891666893189342,0.3985822068792024,0.0,0.0573121693239549,0.1317514177792604,-0.0,0.0051103363963032,0.0525137708579214,0.0217015384578696,0.4774732548843153,153.73385345458985,132.22423685709634,-0.004942143170318,153.77499389648438,169.71898395889733,0.904200597565634,5.058748626708985,0.0329646057955753,132.10000610351562,132.10000610351562,132.10000610351562,-0.1391893631946609,Defiance Quantum ETF,Q,True,False,False,False,False,False,False,False,False,,False,,,6260666368.0,Industry / Theme,unknown,339.0,True,,False,True,178.0,True,True,False,51.0,,0,0,False,Industry / Theme,Industry / Theme,Industry / Theme,Industry / Theme,Industry / Theme
2026-08-07,AVSC,74.27999877929688,74.560302734375,74.01000213623047,74.4000015258789,68558.0,251,5100715.304611206,8685098.117029572,9367728.411502656,0.0266317134354403,0.0954975971359977,0.179077811704247,0.1745973243994807,0.18560484321726,0.1588337270773197,0.0046498259100015,0.0177248165440519,0.028443596269836,0.0214763894480763,1.1565368902344204,71.69890502929688,66.709572652181,0.0173125602098884,75.1500015258789,75.1500015258789,0.9900199602824796,0.9135162353515623,0.0122784437717223,71.57099914550781,71.57099914550781,71.57099914550781,-0.0380242247627786,Avantis U.S Small Cap Equity ETF,P,True,False,False,False,False,False,False,False,False,,False,,,3031877632.0,Factor / Style,unknown,500.0,True,,False,True,457.0,True,True,False,52.0,,0,0,False,Factor / Style,Factor / Style,Factor / Style,Factor / Style,Factor / Style
2026-08-07,FELC,43.880001068115234,43.97999954223633,43.720001220703125,43.959999084472656,507871.0,251,22326008.69503021,30544788.958120342,36120922.4779008,0.0319248981001194,0.0786515108103835,0.1667838123142451,0.2352942729370271,0.1828539110236701,0.1781620856455473,0.0075117456870562,0.0143817363595991,0.0297145518538214,0.0197482217825769,1.0034547777634808,42.10153816223144,39.725710220336914,0.0065219032313346,44.18000030517578,44.18000030517578,0.9950203436128688,0.4785003662109375,0.0108849039166597,41.5099983215332,41.5099983215332,41.5099983215332,-0.0557325025924495,Fidelity Enhanced Large Cap Core ETF,P,True,False,False,False,False,False,False,False,False,,False,,,7879930368.0,Factor / Style,unknown,289.0,True,,False,True,328.0,True,True,False,54.0,,0,0,False,Factor / Style,Factor / Style,Factor / Style,Factor / Style,Factor / Style
2026-08-07,SLYG,118.12999725341795,118.4102020263672,117.69000244140624,118.08000183105467,104525.0,251,12342312.191390991,12297969.024028778,13448201.239092387,0.0152179890775876,0.0884758078814405,0.1966901816779924,0.0938994765059056,0.1554347419165243,0.1558258656020937,0.001428961207858,0.0137522143639076,0.0306494178154062,0.0196662355719321,0.8922414321611086,114.32090057373048,105.70382568359376,0.0166772996329189,119.83999633789062,119.83999633789062,0.98531379705759,1.5375095367431642,0.0130209138965206,113.4499969482422,113.4499969482422,113.4499969482422,-0.0392107453507408,State Street SPDR S&P 600 Small Cap Growth ETF,P,True,False,False,False,False,False,False,False,False,,False,,,5195253248.0,Factor / Style,unknown,369.0,True,,False,True,434.0,True,True,False,55.0,,0,0,False,Factor / Style,Factor / Style,Factor / Style,Factor / Style,Factor / Style
2026-08-07,IJT,176.94000244140625,177.4199981689453,176.38999938964844,176.97000122070312,168521.0,251,29823161.57571411,36574580.42985992,33300062.09472801,0.0153767171828995,0.0889622109773875,0.1958385553311807,0.0945662257556839,0.1561110064862472,0.1547582294530417,0.0014541181084993,0.0138879802949218,0.030307628081695,0.0196348570202924,0.9010445100057324,171.32153991699218,158.40991251627605,0.0166532794723934,179.67999267578125,179.67999267578125,0.9849176782861512,2.287999725341797,0.0129287433438415,170.00999450683594,170.00999450683594,170.00999450683594,-0.0393287374462252,iShares S&P SmallCap 600 Growth ETF,Q,True,False,False,False,False,False,False,False,False,,False,,,8216008192.0,Factor / Style,unknown,277.0,True,,False,True,336.0,True,True,False,56.0,,0,0,False,Factor / Style,Factor / Style,Factor / Style,Factor / Style,Factor / Style
2026-08-07,CGUS,46.20000076293945,46.33990097045898,46.11000061035156,46.27999877929688,708848.0,251,32805484.57470703,48859068.05089035,47797020.349166624,0.0331510362998754,0.0780482460291034,0.1631046895690078,0.2502108207612172,0.1793440808026523,0.1729726322382026,0.0082947480016767,0.0139974909423488,0.0282126474851461,0.0189727957323278,1.4733597109392456,44.20635047912597,41.98022315979004,0.006661373811643,46.79600143432617,46.79600143432617,0.9889733601330564,0.5445955276489258,0.0117674058343438,43.27999877929688,43.27999877929688,43.27999877929688,-0.0648228193416037,Capital Group Core Equity ETF,P,True,False,False,False,False,False,False,False,False,,False,,,11122103296.0,Other,unknown,224.0,True,,False,True,288.0,True,True,False,57.0,,0,0,False,Other,Other,Other,Other,Other
2026-08-07,LRGF,78.5199966430664,78.84500122070312,78.37999725341797,78.79000091552734,188150.0,251,14824338.67225647,10692725.048847198,11844834.365899222,0.0306082937958698,0.0778035155648673,0.1631304395227895,0.2174721360922956,0.1793068613939258,0.172556070116715,0.0066564510339283,0.0139507041813498,0.028149147560465,0.0189201593640401,1.1536050003724174,75.79548828125,71.68446230570476,0.0065648837290659,79.05999755859375,79.05999755859375,0.9965849146040472,0.8426994323730469,0.0106955124074249,74.4000015258789,74.4000015258789,74.4000015258789,-0.0557177222824893,iShares U.S. Equity Factor ETF,P,True,False,False,False,False,False,False,False,False,,False,,,3509724672.0,Factor / Style,unknown,458.0,True,,False,True,443.0,True,True,False,58.0,,0,0,False,Factor / Style,Factor / Style,Factor / Style,Factor / Style,Factor / Style
2026-08-07,TCAF,42.900001525878906,42.959999084472656,42.775001525878906,42.84999847412109,338466.0,251,14503267.58354187,22957122.732128143,27514966.105568297,0.0221851227528138,0.0720539696137467,0.1574823863929688,0.175141380935413,0.1874998137354925,0.1831604016612082,0.0038855330351494,0.0135101058814803,0.0288445371463017,0.0188771568241678,1.0568446042601332,41.02079986572266,39.03813334147135,0.0075107477913194,43.040000915527344,43.040000915527344,0.9955854452285176,0.4261999130249023,0.0099463227118269,40.43999862670898,40.43999862670898,40.43999862670898,-0.0562427055596654,T. Rowe Price Capital Appreciation Equity ETF,P,True,False,False,False,False,False,False,False,False,,False,,,7400264704.0,Other,unknown,296.0,True,,False,True,368.0,True,True,False,59.0,,0,0,False,Other,Other,Other,Other,Other
2026-08-07,QUAL,225.6699981689453,226.08360290527344,225.1450042724609,225.69000244140625,729700.0,251,164685994.78149414,215617734.5404816,378635828.3065069,0.0273112109487105,0.0794057802879322,0.1371985072540631,0.2425217286186198,0.2152158721549951,0.1613810632053086,0.006623562089949,0.0170893842588152,0.0221412409708419,0.0188575341080245,1.2713157765479146,217.4550927734375,207.2590224202474,0.0084524343415073,227.16000366210935,227.16000366210935,0.993528785010544,2.153181457519531,0.0095404379202775,215.91000366210935,215.1999969482422,215.1999969482422,-0.0464797083596446,iShares MSCI USA Quality Factor ETF,Z,True,False,False,False,False,False,False,False,False,,False,,,45917487104.0,Country / Region,unknown,66.0,True,,False,True,73.0,True,True,False,60.0,,0,0,False,Country / Region,Country / Region,Country / Region,Country / Region,Country / Region
2026-08-07,OMFL,70.9000015258789,71.22509765625,71.0,71.16999816894531,79517.0,251,5659224.744400024,7701401.039313507,8928005.876740713,0.028914269957259,0.0688440312142439,0.1606757565008099,0.2677375733831201,0.1869012357430416,0.1799171049685608,0.007741436474501,0.0128670345074747,0.0289083169482591,0.0184814833617492,1.0209344061339638,68.5965805053711,65.03613260904947,0.0064916926498637,71.4800033569336,71.4800033569336,0.9956630501758614,0.6153053283691406,0.0086455717886701,68.23999786376953,67.75,67.75,-0.0480539308266781,Invesco Russell 1000 Dynamic Multifactor ETF,Z,True,False,False,False,False,False,False,False,False,,False,,,4719748608.0,Factor / Style,unknown,387.0,True,,False,True,459.0,True,True,False,64.0,,0,0,False,Factor / Style,Factor / Style,Factor / Style,Factor / Style,Factor / Style
2026-08-07,IWR,112.5999984741211,113.29000091552734,112.44000244140624,113.11000061035156,825694.0,251,93394248.84396362,251720621.46071476,219320639.4937153,0.0280858394979772,0.0810357897340365,0.146324896001482,0.2412180106049136,0.1952729325009874,0.1552402103330831,0.0067748103298709,0.0158240962988987,0.0227155076322365,0.0182360902655669,1.3880745869258644,109.19632690429688,103.63857762654622,0.011992164823052,113.38999938964844,113.38999938964844,0.9975306571937204,1.171500015258789,0.0103571745109828,108.66999816894533,108.5500030517578,108.5500030517578,-0.0403147160638989,iShares Russell Mid-Cap ETF,P,True,False,False,False,False,False,False,False,False,,False,,,56977440768.0,Other,unknown,51.0,True,,False,True,111.0,True,True,False,66.0,,0,0,False,Other,Other,Other,Other,Other
2026-08-07,SMMD,92.33000183105467,92.63999938964844,91.96499633789062,92.5500030517578,216348.0,251,20023008.0602417,24741377.36616974,24824862.280863445,0.0269640505006303,0.08262001827762,0.1871499801827105,0.1974006736928221,0.1538223547654067,0.1505402279179762,0.0053227217343117,0.0127088057622244,0.0281736006715499,0.0181214839804883,1.2113772635436633,89.64651428222656,83.56007573445638,0.0104374953014172,92.72000122070312,92.72000122070312,0.998166542636894,1.0842018127441406,0.0117147679848028,88.3499984741211,88.3499984741211,88.3499984741211,-0.0453809231674244,iShares Russell 2500 ETF,Z,True,False,False,False,False,False,False,False,False,,False,,,3622894592.0,Other,unknown,452.0,True,,False,True,382.0,True,True,False,67.0,,0,0,False,Other,Other,Other,Other,Other
2026-08-07,IJR,148.3249969482422,149.32009887695312,148.27999877929688,148.92999267578125,2536477.0,251,377757501.0322876,480202943.2122437,540303457.9351884,0.0231519316688015,0.0852964393387039,0.1649636120298665,0.1582904380408498,0.1645116370740152,0.1469334221535493,0.0036647294053464,0.0140322568721946,0.0242386680463587,0.017604500783152,0.9541443106565518,144.19576110839844,134.35091639200846,0.0159962567353575,150.69000244140625,150.69000244140625,0.9883203282426825,1.822503662109375,0.0122373178791255,143.8699951171875,143.8699951171875,143.8699951171875,-0.0339756785566309,iShares Core S&P Small-Cap ETF,P,True,False,False,False,False,False,False,False,False,,False,,,111317172224.0,Other,unknown,25.0,True,,False,True,58.0,True,True,False,69.0,,0,0,False,Other,Other,Other,Other,Other
2026-08-07,SPSM,57.73500061035156,58.060001373291016,57.63999938964844,57.90999984741211,4748098.0,251,274962354.45549774,94787198.19120064,96884774.87034158,0.0231449012121436,0.0851218363632309,0.164382581339332,0.1591737827163309,0.1648299355225911,0.1468662697383961,0.0036840614765326,0.0140306267993159,0.0241422565312761,0.017569697205502,0.9521849776122464,56.06447036743164,52.231984837849936,0.0160223720522745,58.59999847412109,58.59999847412109,0.9882252791010958,0.6949995040893555,0.0120013729221312,55.95000076293945,55.95000076293945,55.95000076293945,-0.033845606797394,State Street SPDR Portfolio S&P 600 Small Cap ETF,P,True,False,False,False,False,False,False,False,False,,False,,,16915987456.0,Factor / Style,unknown,154.0,True,,False,True,198.0,True,True,False,70.0,,0,0,False,Factor / Style,Factor / Style,Factor / Style,Factor / Style,Factor / Style
2026-08-07,DCOR,84.91999816894531,85.20999908447266,84.86000061035156,85.19000244140625,90850.0,251,7739511.721801758,9967562.897262571,9471955.16374376,0.0291133570626738,0.0727546273612367,0.1441266549378397,0.2399444582859851,0.190495212489787,0.1677350990471279,0.0069855886892897,0.013859408198794,0.0241750987413297,0.0174698998886815,1.159233945813816,82.03741821289063,77.82371515909831,0.0075193521370082,85.56999969482422,85.56999969482422,0.9955592233870144,0.7948009490966796,0.0093297444103648,81.16999816894531,81.16999816894531,81.16999816894531,-0.0471886859637772,Dimensional US Core Equity 1 ETF,P,True,False,False,False,False,False,False,False,False,,False,,,3237994240.0,Other,unknown,477.0,True,,False,True,455.0,True,True,False,71.0,,0,0,False,Other,Other,Other,Other,Other
2026-08-07,DFAC,45.810001373291016,45.959999084472656,45.720001220703125,45.93000030517578,1921768.0,251,88266804.82647705,104851377.00462952,92023315.89397442,0.0295897708308463,0.0735025826778785,0.1425359983169802,0.2509507743988582,0.1893239512954653,0.1625522141143656,0.0074255759042856,0.0139157993829975,0.0231695421174266,0.0171546093400477,1.2134129587629336,44.2544352722168,41.97184972127279,0.0077740225366542,46.150001525878906,46.150001525878906,0.9952329097848512,0.4462997436523437,0.0097169549463741,43.70000076293945,43.70000076293945,43.70000076293945,-0.0485521342786717,Dimensional U.S. Core Equity 2 ETF,P,True,False,False,False,False,False,False,False,False,,False,,,47398703104.0,Other,unknown,62.0,True,,False,True,205.0,True,True,False,74.0,,0,0,False,Other,Other,Other,Other,Other
2026-08-07,VIOO,137.75,138.375,137.42999267578125,137.99000549316406,72256.0,251,9970605.836914062,10593695.752737427,10315121.807856,0.0222238675303403,0.0836344389944392,0.1633926716388629,0.1536888513671966,0.1612906133054547,0.1455611842954261,0.0034155606736747,0.0134894499588707,0.0237836307889465,0.0170924132493972,0.9172602019677792,133.67339920043946,124.5484664408366,0.0160147270260375,139.6999969482422,139.6999969482422,0.9877595455087114,1.5507522583007811,0.0112381491163691,133.52000427246094,133.52000427246094,133.52000427246094,-0.0323936592706677,Vanguard S&P Small-Cap 600 ETF,P,True,False,False,False,False,False,False,False,False,,False,,,6406161408.0,Other,unknown,334.0,True,,False,True,451.0,True,True,False,75.0,,0,0,False,Other,Other,Other,Other,Other
2026-08-07,DYNF,69.75,70.03500366210938,69.54000091552734,69.98999786376953,9012356.0,251,630774777.1875305,155899364.59103546,170912650.58549234,0.0271499631742311,0.0754674799226071,0.1673314166934469,0.1885828232166785,0.1522845989907733,0.1611085182171543,0.0051200167056253,0.0114925349168584,0.0269585165946584,0.0169056285040884,1.125422945092698,67.36895950317383,63.5606665802002,0.0049879184193828,70.19999694824219,70.19999694824219,0.9970085599202022,0.8519500732421875,0.0121724546255944,65.59500122070312,65.59500122070312,65.59500122070312,-0.0627946389085616,iShares U.S. Equity Factor Rotation Active ETF,P,True,False,False,False,False,False,False,False,False,,False,,,38004244480.0,Factor / Style,unknown,80.0,True,,False,True,128.0,True,True,False,77.0,,0,0,False,Factor / Style,Factor / Style,Factor / Style,Factor / Style,Factor / Style
2026-08-07,USMC,76.05000305175781,76.33000183105469,76.0250015258789,76.30030059814453,88089.0,251,6721217.179389954,5976851.606612015,6359983.588341244,0.0223811256357786,0.0685440633004064,0.1492407254230634,0.1779510713803827,0.1778192257362441,0.1700837000637923,0.0039827452855857,0.0121884522648943,0.0253834147801591,0.016806689145237,0.8714367610646099,73.86497024536133,69.88038050333658,0.0051536163379242,76.95999908447266,76.95999908447266,0.9914280341193348,0.7978504180908204,0.0104567139557274,72.5250015258789,72.5250015258789,72.5250015258789,-0.0494794783594526,Principal U.S. Mega-Cap ETF,Q,True,False,False,False,False,False,False,False,False,,False,,,3491833344.0,Other,unknown,461.0,True,,False,True,462.0,True,True,False,78.0,,0,0,False,Other,Other,Other,Other,Other
2026-08-07,IWN,224.7899932861328,226.02999877929688,224.17999267578125,225.5200042724609,331668.0,251,74797768.77703857,136881357.89693603,143736296.31412372,0.0252307270125862,0.0772668577702804,0.1649658164175782,0.1849388655591435,0.16260321352989,0.1494121104875474,0.0046661420309401,0.0125638393728045,0.0246478907892516,0.016793257368561,0.8496833765726068,218.97955932617188,204.48654897054035,0.0138462298309935,227.30999755859372,227.30999755859372,0.992125320903796,2.6064971923828124,0.0115577205702505,219.0200042724609,219.0200042724609,219.0200042724609,-0.0288222768572984,iShares Russell 2000 Value ETF,P,True,False,False,False,False,False,False,False,False,,False,,,14527014912.0,Factor / Style,unknown,175.0,True,,False,True,144.0,True,True,False,79.0,,0,0,False,Factor / Style,Factor / Style,Factor / Style,Factor / Style,Factor / Style
2026-08-07,VXF,246.0,247.4199981689453,245.7050018310547,247.30999755859372,258049.0,251,63818097.55999756,89638219.27802429,106937980.0818772,0.0243124381122885,0.0832292334939068,0.1809634702065119,0.1476730598851769,0.1441033148382989,0.1417685448558007,0.0035902921293106,0.0119936084379227,0.0256549278432332,0.0167750702297814,1.371071051129204,239.1364712524414,224.337204691569,0.0105677648109148,247.4199981689453,247.6699981689453,0.9985464504662936,3.433001708984375,0.0138813705182743,233.44000244140625,233.44000244140625,233.44000244140625,-0.0560834388181228,Vanguard Extended Market ETF,P,True,False,False,False,False,False,False,False,False,,False,,,97684774912.0,Other,unknown,27.0,True,,False,True,181.0,True,True,False,80.0,,0,0,False,Other,Other,Other,Other,Other
2026-08-07,SPMO,150.77000427246094,150.97000122070312,147.85130310058594,149.69000244140625,1799567.0,251,269377188.6234741,337755371.28626096,349771948.6162768,-0.0264064881859755,0.0762362595921066,0.29584434466866,0.0,0.0598790419346397,0.1316877800859573,-0.0,0.0045649541850558,0.0389590850004006,0.0166028999704265,0.3151081986774455,150.65515014648437,132.739220123291,0.0007232673152313,153.60000610351562,162.3000030517578,0.9223043723151982,4.8207862854003904,0.0322051319845987,136.2899932861328,136.2899932861328,136.2899932861328,-0.0895183975998574,Invesco S&P 500 Momentum ETF,P,True,False,False,False,False,False,False,False,False,,False,,,22210627584.0,Factor / Style,unknown,125.0,True,,False,True,76.0,True,True,False,81.0,,0,0,False,Factor / Style,Factor / Style,Factor / Style,Factor / Style,Factor / Style
2026-08-07,SUSA,158.63999938964844,158.91000366210938,158.3135986328125,158.7899932861328,29678.0,251,4712569.42074585,6030930.012251282,5734945.243534633,0.0195184159623293,0.0701548714724424,0.1588360171570511,0.1541577457247183,0.1600866180386665,0.164525628726477,0.00300891500487,0.0112308561129606,0.0261325955871733,0.016446464928935,0.8487023178762003,153.48384582519532,144.88655771891277,0.0059570270963276,159.47999572753906,159.47999572753906,0.9956734232512454,1.6264999389648438,0.0102430884044056,150.52999877929688,150.52999877929688,150.52999877929688,-0.05201835667284,iShares ESG Optimized MSCI USA ETF,P,True,False,False,False,False,False,False,False,False,,False,,,4045895936.0,Country / Region,unknown,420.0,True,,False,True,465.0,True,True,False,82.0,,0,0,False,Country / Region,Country / Region,Country / Region,Country / Region,Country / Region
2026-08-07,VO,82.5999984741211,82.83879852294922,82.33000183105469,82.69000244140625,2068187.0,251,171018388.07928467,309500209.6843826,241051279.94467452,0.0216209531407767,0.0718750611922536,0.1332747579163338,0.23364468845813,0.1924781069627088,0.1555889426084617,0.0050516208607446,0.0138343757161138,0.020736078660601,0.0162499717466843,1.2530565749215363,80.25954208374023,76.53203516642253,0.0116050503178992,83.33999633789062,83.33999633789062,0.9922006968436972,0.8489395141601562,0.0102665314922648,80.0999984741211,79.87000274658203,79.87000274658203,-0.0341032726032685,Vanguard Morningstar Mid-Cap ETF,P,True,False,False,False,False,False,False,False,False,,False,,,223974162432.0,Other,unknown,11.0,True,,False,True,103.0,True,True,False,83.0,,0,0,False,Other,Other,Other,Other,Other
2026-08-07,SMLF,89.47000122070312,89.95500183105469,89.37989807128906,89.87000274658203,90599.0,251,8142132.378837585,12684747.04923973,14365773.03199877,0.0264991389372388,0.0801390236070176,0.1702043683080107,0.1664275866749346,0.1484647294023035,0.1382988006281036,0.0044101877422884,0.0118978184543806,0.0235390599986619,0.0159722529948791,1.390162909903189,86.85451965332031,81.56493377685547,0.0109884115561726,90.1500015258789,90.1500015258789,0.996894079039849,1.165449142456055,0.0129681663162114,85.22000122070312,85.22000122070312,85.22000122070312,-0.0517414196480121,iShares U.S. Small-Cap Equity Factor ETF,P,True,False,False,False,False,False,False,False,False,,False,,,4182715648.0,Factor / Style,unknown,412.0,True,,False,True,429.0,True,True,False,84.0,,0,0,False,Factor / Style,Factor / Style,Factor / Style,Factor / Style,Factor / Style
2026-08-07,SCHV,34.779998779296875,34.875,34.612300872802734,34.86000061035156,3045135.0,251,106153407.9586029,125501381.956501,120953383.02821204,0.0136667993325001,0.0785201431930655,0.1200699619333787,0.1253336588541666,0.1929190185749769,0.1456825763345737,0.0017129099651679,0.0151480289631728,0.0174921013948488,0.0159684543142594,1.175084666724968,34.1822925567627,32.28510706583659,0.0093501959617827,35.06999969482422,35.06999969482422,0.99401200210151,0.3576351165771484,0.0102591827399724,33.75,33.599998474121094,33.599998474121094,-0.0361446389606865,Schwab U.S. Large-Cap Value ETF,P,True,False,False,False,False,False,False,False,False,,False,,,15930595328.0,Factor / Style,unknown,161.0,True,,False,True,164.0,True,True,False,85.0,,0,0,False,Factor / Style,Factor / Style,Factor / Style,Factor / Style,Factor / Style
2026-08-07,QLTY,42.91999816894531,43.15999984741211,42.98500061035156,43.150001525878906,228162.0,251,9845190.648147585,16433919.570478056,19002327.816818964,0.0286055003841523,0.0734624542463471,0.1265147778259461,0.2469135124146305,0.1958397487111478,0.1489177234428174,0.0070630845742291,0.0143868685793088,0.0188402926957137,0.0159455670200505,1.491854105606718,41.40894653320313,39.60125966389974,0.0070466913663396,43.15999984741211,43.15999984741211,0.9997683428737592,0.4027505874633789,0.0093337328672359,41.06999969482422,40.68000030517578,40.68000030517578,-0.0572422047128262,GMO U.S. Quality ETF,P,True,False,False,False,False,False,False,False,False,,False,,,4698446848.0,Factor / Style,unknown,389.0,True,,False,True,407.0,True,True,False,86.0,,0,0,False,Factor / Style,Factor / Style,Factor / Style,Factor / Style,Factor / Style
2026-08-07,BBCA,105.5199966430664,105.79000091552734,105.33000183105467,105.7699966430664,171437.0,251,18132890.91449737,23576586.06332588,27621317.91149866,0.0445387557939056,0.0716830625424198,0.1422536849843263,0.3461247499800921,0.18437066873921,0.1455369656847493,0.0154159657135899,0.0132162541782205,0.020703169670093,0.0158366746003759,2.7677433306996213,101.19225799560547,97.90756276448568,0.0085341416154165,105.79000091552734,105.79000091552734,0.9998109058295886,1.0489990234375,0.0099177371346382,101.91999816894533,101.02999877929688,101.02999877929688,-0.0448142007583229,JPMorgan BetaBuilders Canada ETF,Z,True,False,False,False,False,False,False,False,False,,False,,,10509565952.0,Country / Region,unknown,237.0,True,,False,True,367.0,True,True,False,87.0,,0,0,False,Country / Region,Country / Region,Country / Region,Country / Region,Country / Region
2026-08-07,ESGU,169.17999267578125,169.64999389648438,168.7899932861328,169.5399932861328,291164.0,251,49363942.60516357,63735414.74042664,71090043.09432547,0.0232979284222034,0.0666043271352825,0.1577057219726119,0.1672443805943655,0.1521644874013014,0.1655937911436403,0.0038964476081032,0.0101348132972488,0.0261150883864897,0.0157279095784831,0.8790152944532371,163.60830657958985,154.75192932128903,0.004469049649814,170.39999389648438,170.39999389648438,0.9949530478805416,1.8602500915527345,0.0109723378861599,159.8300018310547,159.8300018310547,159.8300018310547,-0.0572725718980686,iShares ESG Aware MSCI USA ETF,Q,True,False,False,False,False,False,False,False,False,,False,,,17746929664.0,Country / Region,unknown,145.0,True,,False,True,241.0,True,True,False,88.0,,0,0,False,Country / Region,Country / Region,Country / Region,Country / Region,Country / Region
2026-08-07,ITA,251.1199951171875,251.69000244140625,247.2899932861328,250.75,394712.0,251,98974034.0,164410320.71359557,178277473.49401176,0.0488998684882067,0.1277067146960655,0.1101286326770802,0.2086383912766409,0.1580294346026416,0.0673818513502856,0.0102023898950187,0.0201814199183801,0.0074206711564572,0.0157151578517071,1.7169105526170902,237.6691714477539,232.3900313313802,0.0185566572458166,256.6000061035156,256.6000061035156,0.9772018473719144,5.527000427246094,0.0220418760807421,232.1100006103516,226.6000061035156,226.6000061035156,-0.0963110424585618,iShares U.S. Aerospace & Defense ETF,Z,True,False,False,False,False,False,False,False,False,,False,,,14444112896.0,Industry / Theme,unknown,176.0,True,,False,True,124.0,True,True,False,89.0,,0,0,False,Industry / Theme,Industry / Theme,Industry / Theme,Industry / Theme,Industry / Theme
2026-08-07,VBR,249.0,250.5,248.0500030517578,249.8999938964844,226007.0,251,56479147.92056274,60476983.87902985,68318846.59850638,0.032431277611048,0.0798785019762615,0.113685666037905,0.2469327619566005,0.190915217013079,0.1228555364499739,0.0080083449542773,0.0152500215394776,0.0139669134877594,0.0148009337213762,1.3093482100020597,241.20177154541017,229.7551776123047,0.0151112083551996,251.66000366210935,251.66000366210935,0.9930063985535498,2.872498321533203,0.0114945914033238,242.42999267578125,241.07000732421875,241.07000732421875,-0.0353340807840245,Vanguard Morningstar Small-Cap Value ETF,P,True,False,False,False,False,False,False,False,False,,False,,,67781795840.0,Factor / Style,unknown,46.0,True,,False,True,245.0,True,True,False,90.0,,0,0,False,Factor / Style,Factor / Style,Factor / Style,Factor / Style,Factor / Style
2026-08-07,DFSV,40.18999862670898,40.390098571777344,40.040000915527344,40.290000915527344,600255.0,251,24184274.499549866,27983379.455892563,34746534.47392842,0.038402105870239,0.0793588341294135,0.1216275212847604,0.2806028800597707,0.179710318662431,0.1268118080273779,0.0107757415075493,0.0142616013700759,0.0154238058800088,0.0146683729485524,1.1527784683173747,38.811273345947264,36.77049563090007,0.0160420345265224,40.7400016784668,40.7400016784668,0.9889543263524876,0.4844051361083984,0.0120229616555236,39.244998931884766,38.78499984741211,38.78499984741211,-0.0373542078410631,Dimensional US Small Cap Value ETF,P,True,False,False,False,False,False,False,False,False,,False,,,7919026176.0,Factor / Style,unknown,287.0,True,,False,True,331.0,True,True,False,91.0,,0,0,False,Factor / Style,Factor / Style,Factor / Style,Factor / Style,Factor / Style
2026-08-07,GSLC,147.4499969482422,147.9600067138672,147.18980407714844,147.8699951171875,158919.0,251,23499351.75402832,62300715.00187073,44048918.36880929,0.0288040041237904,0.0658322559499882,0.1370759215912478,0.2253669120083993,0.1676087893366666,0.1557332435384259,0.0064914694628558,0.011034064719079,0.0213472778804239,0.0146436893255498,1.217686178111327,142.17947296142577,135.79757400512696,0.0050485139209655,148.22999572753906,148.22999572753906,0.997571337646037,1.4694503784179689,0.0099374479403575,140.1199951171875,140.1199951171875,140.1199951171875,-0.0524109031981646,Goldman Sachs ActiveBeta U.S. Large Cap Equity ETF,P,True,False,False,False,False,False,False,False,False,,False,,,15385732096.0,Factor / Style,unknown,166.0,True,,False,True,298.0,True,True,False,92.0,,0,0,False,Factor / Style,Factor / Style,Factor / Style,Factor / Style,Factor / Style
2026-08-07,DFAU,53.380001068115234,53.57500076293945,53.27999877929688,53.52999877929688,788602.0,251,42213864.097351074,29943616.65842743,31892150.742554195,0.0258719522082331,0.0645779368173684,0.1460670835365944,0.1979469991979067,0.153859167882515,0.1588527781456445,0.0051212753030114,0.0099359076222899,0.0232031620154199,0.0145794466598854,1.0061142625908344,51.647255859375,49.02481101989746,0.0051678266968808,53.7599983215332,53.7599983215332,0.9957217345718516,0.5597002029418945,0.0104558231964384,50.650001525878906,50.650001525878906,50.650001525878906,-0.0538015564934373,Dimensional US Core Equity Market ETF,P,True,False,False,False,False,False,False,False,False,,False,,,12301299712.0,Other,unknown,201.0,True,,False,True,342.0,True,True,False,93.0,,0,0,False,Other,Other,Other,Other,Other
2026-08-07,AVUS,130.9499969482422,131.28500366210938,130.5449981689453,131.17999267578125,411868.0,251,54028841.22338867,38164875.23282318,43209738.07628959,0.0207765799009764,0.0628819204989665,0.1480018259573172,0.1684540782828525,0.1514195865340903,0.1614375069870011,0.003499899617089,0.009521554402423,0.0238930458120733,0.0145515763958006,0.8743953309660842,127.39619338989256,120.21907028198244,0.0057536309912586,132.19000244140625,132.19000244140625,0.9923594088284196,1.3360992431640626,0.0101852364519207,124.7699966430664,124.7699966430664,124.7699966430664,-0.0488641286065437,Avantis U.S. Equity ETF,P,True,False,False,False,False,False,False,False,False,,False,,,13827512320.0,US Equity,unknown,181.0,True,,False,True,301.0,True,True,False,94.0,,0,0,False,US Equity,US Equity,US Equity,US Equity,US Equity
2026-08-07,VTHR,341.0899963378906,342.0899963378906,340.9200134277344,341.9945983886719,20551.0,251,7028330.991485596,8689346.696211243,10800838.81241523,0.0254402817744794,0.064026576929935,0.1504287026981359,0.1811218855964638,0.1491593409036264,0.1577423518406285,0.004607791805099,0.0095501620151844,0.0237289773479386,0.0145127473816484,1.014921457786552,329.9324035644531,313.2066658528646,0.0044163689470102,342.9700012207031,342.9700012207031,0.9971560112296716,3.677001953125,0.0107516375125496,322.5299987792969,322.5299987792969,322.5299987792969,-0.0569149328705296,Vanguard Russell 3000 ETF,Q,True,False,False,False,False,False,False,False,False,,False,,,6104798208.0,US Equity,unknown,345.0,True,,False,True,448.0,True,True,False,95.0,,0,0,False,US Equity,US Equity,US Equity,US Equity,US Equity
2026-08-07,SCHX,30.420000076293945,30.540000915527344,30.370100021362305,30.520000457763672,6104014.0,251,186294510.07419583,271385599.44143105,361277790.996342,0.0262273265853552,0.0628767225290261,0.1501867215875572,0.1930695242910822,0.1461150104895002,0.1612776884484094,0.0050636974672613,0.009187232971874,0.024221767293286,0.0144493199843682,0.9736712666792166,29.425853500366213,27.948155097961425,0.0040509254302829,30.6299991607666,30.6299991607666,0.9964087918375192,0.3265003204345703,0.0106979133531275,28.790000915527344,28.790000915527344,28.790000915527344,-0.0566841256975227,Schwab U.S. Large-Cap ETF,P,True,False,False,False,False,False,False,False,False,,False,,,71641505792.0,Other,unknown,41.0,True,,False,True,74.0,True,True,False,96.0,,0,0,False,Other,Other,Other,Other,Other
2026-08-07,DUHP,42.5,42.540000915527344,42.375,42.52000045776367,668849.0,251,28439459.78617477,30552202.71688213,34689320.031822264,0.0155242785397808,0.0734949288984456,0.1126886497874122,0.1416126458561883,0.1899291619647885,0.1351087330280619,0.0021984341590268,0.0139588302543435,0.0152252206994202,0.0144020669101203,1.127117472859799,41.35349418640137,39.46456970214844,0.0077019028807743,42.7599983215332,42.7599983215332,0.9943873275680492,0.4019500732421875,0.0094532001155892,40.720001220703125,40.720001220703125,40.720001220703125,-0.042333001356586,Dimensional US High Profitability ETF,P,True,False,False,False,False,False,False,False,False,,False,,,12324184064.0,Other,unknown,200.0,True,,False,True,332.0,True,True,False,97.0,,0,0,False,Other,Other,Other,Other,Other
2026-08-07,DXJ,178.8000030517578,179.60499572753906,178.25999450683594,179.3800048828125,313749.0,251,56280297.15197754,64935825.72124634,58434576.50203451,0.014707580730112,0.0909301478305557,0.1435733237353385,0.0741164434685629,0.1480317763233034,0.1121257314097651,0.0010900735757426,0.0134605513046977,0.0160982639347558,0.014383750725218,1.1403258371086935,173.66713287353517,164.37489939371744,0.0070083849352191,179.60499572753906,179.75,0.9979416126999304,2.919751739501953,0.0162769074591641,169.1199951171875,169.1199951171875,169.1199951171875,-0.0571970648140397,WisdomTree Japan Hedged Equity Fund,P,True,False,False,False,False,False,False,False,False,,False,,,7079662592.0,Country / Region,unknown,306.0,True,,False,True,264.0,True,True,False,98.0,,0,0,False,Country / Region,Country / Region,Country / Region,Country / Region,Country / Region
2026-08-07,ESGV,136.91000366210938,137.3000030517578,136.63999938964844,137.11000061035156,123065.0,251,16873442.225112915,23453294.340106964,25772445.99913703,0.0248150645849749,0.0656354992000891,0.164478538416076,0.1570487141176385,0.1311642898193517,0.1525976756574166,0.0038971739838164,0.0086090336395183,0.0250990426578223,0.0143805367959247,0.8135088948240474,132.10566345214843,124.57157150268554,0.0040496976999422,137.60000610351562,137.60000610351562,0.9964389137250804,1.6439987182617188,0.0119903632918341,128.7100067138672,128.7100067138672,128.7100067138672,-0.0612646332075808,Vanguard ESG U.S. Stock ETF,Z,True,False,False,False,False,False,False,False,False,,False,,,13178104832.0,Other,unknown,194.0,True,,False,True,376.0,True,True,False,99.0,,0,0,False,Other,Other,Other,Other,Other
2026-08-07,IWV,438.9100036621094,440.5799865722656,438.3699951171875,440.2900085449219,126194.0,251,55561957.33831787,85760628.3872406,101042195.09338476,0.0249551901620825,0.0633843863751042,0.148279100285593,0.182064939931574,0.148421242843777,0.1590604566611746,0.0045434651978405,0.0094075894026831,0.0235853414047345,0.0143698026034011,1.0040898603521191,424.9753387451172,403.5442608642578,0.0043894272686664,442.05999755859375,442.05999755859375,0.9959960434704628,4.712506103515625,0.0107031865635325,415.3599853515625,415.3599853515625,415.3599853515625,-0.0566218235924738,iShares Russell 3000 Fund,P,True,False,False,False,False,False,False,False,False,,False,,,19473276928.0,US Equity,unknown,138.0,True,,False,True,190.0,True,True,False,100.0,,0,0,False,US Equity,US Equity,US Equity,US Equity,US Equity
2026-08-07,PBUS,77.3499984741211,77.62999725341797,77.29000091552734,77.61000061035156,34325.0,251,2663963.2709503174,12658188.06497574,25473520.873302884,0.0250957805950968,0.0625748881723928,0.1507889622885054,0.1772390542676595,0.1448914421325023,0.1595717209707246,0.0044479524187836,0.009066565788578,0.0240616542157665,0.014314846738094,0.9493394538085898,74.857998046875,71.05894854227702,0.0037262250551546,77.83000183105469,77.83000183105469,0.9971733108630696,0.8070499420166015,0.0103987879869821,73.18000030517578,73.18000030517578,73.18000030517578,-0.0570802766439472,Invesco MSCI USA ETF,Z,True,False,False,False,False,False,False,False,False,,False,,,11176468480.0,Country / Region,unknown,220.0,True,,False,True,377.0,True,True,False,101.0,,0,0,False,Country / Region,Country / Region,Country / Region,Country / Region,Country / Region
2026-08-07,SCHK,37.209999084472656,37.34000015258789,37.150001525878906,37.310001373291016,762093.0,251,28433690.87657547,30548726.769857217,28401869.17030389,0.0249999947600314,0.063029363047079,0.1507319176031778,0.1823646375389018,0.1452962672048446,0.158458104005265,0.0045591149828875,0.0091579311750395,0.0238846938764773,0.0143122981205427,0.9748318770229336,36.0050708770752,34.16041493733724,0.0041138150453237,37.45000076293945,37.45000076293945,0.9962616986169202,0.401449966430664,0.0107598486104063,35.18000030517578,35.18000030517578,35.18000030517578,-0.0570892787380069,Schwab 1000 Index ETF,P,True,False,False,False,False,False,False,False,False,,False,,,5700246528.0,Other,unknown,357.0,True,,False,True,361.0,True,True,False,102.0,,0,0,False,Other,Other,Other,Other,Other
2026-08-07,DFUS,84.33000183105469,84.61000061035156,84.13999938964844,84.55000305175781,400334.0,251,33848240.92172241,58832578.05827789,60836225.33305237,0.0241037494187392,0.0646448081919564,0.1510215578605473,0.1687878882003655,0.1433350154016824,0.1565048331347669,0.0040684209620997,0.0092658645778328,0.0236356037127175,0.0142952732750424,0.9690314050012188,81.62886459350585,77.36664947509766,0.0043155086391104,84.92500305175781,84.92500305175781,0.995584339281431,0.938199234008789,0.0110963832069227,79.62000274658203,79.62000274658203,79.62000274658203,-0.0583086945858281,Dimensional U.S. Equity Market ETF,P,True,False,False,False,False,False,False,False,False,,False,,,21026164736.0,US Equity,unknown,129.0,True,,False,True,260.0,True,True,False,103.0,,0,0,False,US Equity,US Equity,US Equity,US Equity,US Equity
2026-08-07,VTWO,121.43000030517578,122.05729675292967,121.18000030517578,121.8499984741211,761117.0,251,92742105.28862762,191099898.8326229,219268741.42546773,0.0185572287191513,0.0712319132493284,0.1842172951931944,0.1163521610200667,0.1195396013586928,0.1358441183228048,0.0021591736640169,0.0085150345138417,0.0250248360453313,0.014293465049863,0.8673148448004975,118.67190414428713,110.50820770263672,0.0097775565346813,122.4800033569336,122.4800033569336,0.994856263344666,1.6153644561767575,0.0132569920098918,116.3499984741211,116.3499984741211,116.3499984741211,-0.0451374646604374,Vanguard Russell 2000 ETF,Q,True,False,False,False,False,False,False,False,False,,False,,,18552160256.0,US Equity,unknown,140.0,True,,False,True,112.0,True,True,False,104.0,,0,0,False,US Equity,US Equity,US Equity,US Equity,US Equity
2026-08-07,ITOT,169.10000610351562,169.7050018310547,168.74000549316406,169.5800018310547,876141.0,251,148575992.38426208,227220081.89468,298175360.68943447,0.0243430909393396,0.0626773982445008,0.1515026081748889,0.1740820666008418,0.1430108627140487,0.1589896495423234,0.0042376955781724,0.008963548795618,0.0240873465784735,0.0142568780196174,0.9606684623280948,163.73978240966798,155.27257934570312,0.0042449655031477,170.2100067138672,170.2100067138672,0.9962986613127184,1.855750274658203,0.010943214144478,159.92999267578125,159.92999267578125,159.92999267578125,-0.0569053488092736,iShares Core S&P Total U.S. Stock Market ETF,P,True,False,False,False,False,False,False,False,False,,False,,,94139031552.0,Other,unknown,33.0,True,,False,True,85.0,True,True,False,105.0,,0,0,False,Other,Other,Other,Other,Other
2026-08-07,SCHB,29.809999465942383,29.920000076293945,29.75,29.899999618530277,5400355.0,251,161470612.43992805,208342747.59459543,255086529.2228821,0.0246744107547793,0.0627064279111924,0.1513223834814048,0.178217527294187,0.1430036145286116,0.15873710479632,0.0043974124721578,0.0089672458454783,0.0240204770447166,0.0142358767652117,0.9592902448171924,28.87025722503662,27.37859711964925,0.0042181299012538,30.01000022888184,30.01000022888184,0.9963345348379672,0.3320000648498535,0.0111036812403201,28.190000534057617,28.190000534057617,28.190000534057617,-0.0571906055615096,Schwab U.S. Broad Market ETF,P,True,False,False,False,False,False,False,False,False,,False,,,43229065216.0,Other,unknown,72.0,True,,False,True,99.0,True,True,False,106.0,,0,0,False,Other,Other,Other,Other,Other
2026-08-07,VTI,380.6900024414063,382.0708923339844,379.9299926757813,381.7799987792969,2287356.0,251,873266770.8878174,1102260610.004657,1229437151.3603826,0.02439023391651,0.0629600416477649,0.1502777869980625,0.176813765617181,0.1444074812471863,0.1582833222541942,0.004312529103062,0.0090919010335716,0.0237864673870614,0.0142349992572931,0.9737405716249148,368.6444165039063,349.68674641927083,0.0043342728134676,383.2900085449219,383.2900085449219,0.9960603988312728,4.180043029785156,0.0109488266623459,360.20001220703125,360.20001220703125,360.20001220703125,-0.0565246650983956,Vanguard Morningstar Total Stock Market ETF,P,True,False,False,False,False,False,False,False,False,,False,,,2297940410368.0,US Equity,unknown,1.0,True,,False,True,28.0,True,True,False,107.0,,0,0,False,US Equity,US Equity,US Equity,US Equity,US Equity
2026-08-07,IWM,300.4599914550781,302.0299987792969,299.7950134277344,301.5599975585937,17859047.0,251,5385574169.718811,6395054692.974619,7317603180.533683,0.0188182286833693,0.0709173241193681,0.1836564550455128,0.117140337613294,0.119389388408648,0.1356903982090364,0.002204373661254,0.0084667759541892,0.0249204175187856,0.0142255505017979,0.870598975566308,293.7088751220703,273.5866046142578,0.0096801998011548,303.0599975585937,303.0599975585937,0.9950504850125924,4.0579986572265625,0.0134566875251353,287.8299865722656,287.8299865722656,287.8299865722656,-0.0455299479290529,iShares Russell 2000 Index Fund,P,True,False,False,False,False,False,False,False,False,,False,,,82970353664.0,US Equity,unknown,35.0,True,,False,True,3.0,True,True,False,108.0,,0,0,False,US Equity,US Equity,US Equity,US Equity,US Equity
2026-08-07,DFAS,83.26000213623047,83.66600036621094,83.02999877929688,83.48999786376953,367880.0,251,30714300.41412353,43317232.63117981,37763870.86763897,0.0292159151496991,0.0792604238240859,0.1341110672615104,0.2017017121010638,0.1621973119692326,0.1247301047137324,0.0058929001062937,0.0128558276898088,0.0167276874627986,0.0142109786103552,1.3076438627371565,80.57749298095703,76.28958409627279,0.0137824048418282,84.11000061035156,84.11000061035156,0.9926286679100828,0.9660003662109377,0.0115702526162134,80.23999786376953,80.1500015258789,80.1500015258789,-0.0400047481536709,Dimensional U.S. Small Cap ETF,P,True,False,False,False,False,False,False,False,False,,False,,,15242885120.0,Factor / Style,unknown,169.0,True,,False,True,316.0,True,True,False,109.0,,0,0,False,Factor / Style,Factor / Style,Factor / Style,Factor / Style,Factor / Style
2026-08-07,BKLC,49.27999877929688,49.45000076293945,49.16999816894531,49.40999984741211,276817.0,251,13677527.927761078,19102763.12551403,22139100.370836712,0.0241122131406386,0.062000578205585,0.1521689761428502,0.1749374877026164,0.1409333781379292,0.1601401946586359,0.0042181299897733,0.0087379509330179,0.0243683694605213,0.0142085974176441,0.9502385179223292,47.69451782226562,45.24469548543294,0.0033828847703916,49.59000015258789,49.59000015258789,0.9963702297918547,0.5422834396362305,0.0109751759018601,46.52000045776367,46.52000045776367,46.52000045776367,-0.0584901720010793,BNY Mellon US Large Cap Core Equity ETF,P,True,False,False,False,False,False,False,False,False,,False,,,5445539328.0,Factor / Style,unknown,362.0,True,,False,True,394.0,True,True,False,110.0,,0,0,False,Factor / Style,Factor / Style,Factor / Style,Factor / Style,Factor / Style
2026-08-07,VONE,349.07000732421875,350.4150085449219,348.9700012207031,350.1700134277344,50763.0,251,17775680.39163208,27241889.701496888,29906385.88546172,0.0251778725271756,0.062866906021668,0.1467443517371156,0.1839180906795385,0.1480093277426195,0.158242949640908,0.0046306662425709,0.0093048884975255,0.023221259062024,0.0141756181951,1.0032061771737255,337.83028503417967,321.0491298421224,0.0041114059657072,351.4200134277344,351.4200134277344,0.9964430028107746,3.716249084472656,0.01061269938021,330.1099853515625,330.1099853515625,330.1099853515625,-0.0572865388438286,Vanguard Russell 1000 ETF,Q,True,False,False,False,False,False,False,False,False,,False,,,11460844544.0,US Equity,unknown,214.0,True,,False,True,352.0,True,True,False,111.0,,0,0,False,US Equity,US Equity,US Equity,US Equity,US Equity
2026-08-07,IJS,138.30999755859375,139.5399932861328,138.1199951171875,139.19000244140625,135414.0,251,18848274.990600582,29000315.905673217,49849380.05152723,0.0311133919351893,0.0816338702675769,0.1329105328586313,0.2151637309919852,0.1560687378081747,0.126671588725034,0.0066944734925912,0.012740495095057,0.0168359883554936,0.0141739177362098,1.0181930702830764,134.752744140625,126.55771260579426,0.0153359412845828,140.38999938964844,140.38999938964844,0.9914524043488908,1.717998504638672,0.0123428297615116,134.49000549316406,134.49000549316406,134.49000549316406,-0.0337667710740985,iShares S&P SmallCap 600 Value ETF,P,True,False,False,False,False,False,False,False,False,,False,,,8017806848.0,Factor / Style,unknown,286.0,True,,False,True,287.0,True,True,False,112.0,,0,0,False,Factor / Style,Factor / Style,Factor / Style,Factor / Style,Factor / Style
2026-08-07,SLYV,110.33000183105467,111.2699966430664,110.2699966430664,111.0,112913.0,251,12533343.0,18102792.55527344,22378040.369402688,0.0308320921751021,0.0808338464244875,0.1336738486569124,0.2150257467190907,0.1552182835570723,0.128051587822909,0.0066296936428631,0.0125468908953249,0.0171171485709168,0.0141464810817821,0.996755602319702,107.49303283691408,100.94787104288736,0.0153417835089157,111.9800033569336,111.9800033569336,0.9912484075053128,1.3510002136230468,0.0121711730957031,107.27999877929688,107.27999877929688,107.27999877929688,-0.033513524510839,State Street SPDR S&P 600 Small Cap Value ETF,P,True,False,False,False,False,False,False,False,False,,False,,,4830834688.0,Factor / Style,unknown,383.0,True,,False,True,393.0,True,True,False,113.0,,0,0,False,Factor / Style,Factor / Style,Factor / Style,Factor / Style,Factor / Style
2026-08-07,GSUS,106.56999969482422,106.91000366210938,106.4250030517578,106.83000183105467,32818.0,251,3505947.0000915527,6956207.895010376,8891646.963863797,0.0237662040555624,0.0613402363089756,0.1510241726697949,0.1705641816215558,0.1405978567831037,0.1600419836060447,0.0040536631449879,0.0086243057596111,0.0241702081665357,0.0140653716020347,0.8945452945732405,103.11188674926758,97.82940653483072,0.0035344009309938,107.19200134277344,107.19200134277344,0.9966228869021564,1.1454479217529296,0.0107221557813355,100.6500015258789,100.6500015258789,100.6500015258789,-0.057848920708146,Goldman Sachs MarketBeta U.S. Equity ETF,Z,True,False,False,False,False,False,False,False,False,,False,,,3177762560.0,US Equity,unknown,487.0,True,,False,True,460.0,True,True,False,114.0,,0,0,False,US Equity,US Equity,US Equity,US Equity,US Equity
2026-08-07,VV,355.2699890136719,356.364990234375,354.42498779296875,356.0599975585937,536124.0,251,190892310.13110352,88976286.18770751,91935502.70166595,0.0241615193234834,0.0618127776566879,0.1496864009869623,0.1726262487527367,0.1416799489858816,0.1593835609970548,0.0041709124449797,0.0087576311850751,0.0238575516221351,0.0140426033380461,0.9179355147004844,343.721298828125,326.15869486490885,0.0035729485230671,357.6000061035156,357.6000061035156,0.9956934884825588,3.911250305175781,0.0109848068639952,335.4100036621094,335.4100036621094,335.4100036621094,-0.057995826653024,Vanguard Morningstar Large-Cap ETF,P,True,False,False,False,False,False,False,False,False,,False,,,73819176960.0,Other,unknown,40.0,True,,False,True,206.0,True,True,False,115.0,,0,0,False,Other,Other,Other,Other,Other
2026-08-07,DFAT,71.86000061035156,72.11000061035156,71.5,71.97000122070312,305453.0,251,21983452.78286743,24961908.80270233,22853154.53107997,0.0333093990523778,0.0792761068748841,0.1125293427230047,0.241666673289406,0.1799585334997949,0.1199607786585411,0.0080497716582574,0.0142664119347771,0.0134991075749854,0.01399785540885,1.1344674043904517,69.4543211364746,65.88817362467448,0.0156839430800765,72.80000305175781,72.80000305175781,0.9885988764249832,0.8513507843017578,0.0118292451002051,70.09500122070312,69.48999786376953,69.48999786376953,-0.0344588483377736,Dimensional U.S. Targeted Value ETF,P,True,False,False,False,False,False,False,False,False,,False,,,14320157696.0,Factor / Style,unknown,178.0,True,,False,True,390.0,True,True,False,116.0,,0,0,False,Factor / Style,Factor / Style,Factor / Style,Factor / Style,Factor / Style
2026-08-07,IWB,422.2200012207031,423.739990234375,421.5499877929688,423.4400024414063,359542.0,251,152244465.3577881,214438787.8484253,246592715.1939,0.0250054887466657,0.0623717044751011,0.1464011707843595,0.1803112595057945,0.1450774544518099,0.1571192238982834,0.0045087711704692,0.0090487281150682,0.0230024383314386,0.0139325266907978,1.0001679628709446,408.54313415527344,388.33225545247393,0.0040605152332617,424.9400024414063,424.9400024414063,0.9964700899153244,4.571998596191406,0.0107972760481552,399.1499938964844,399.1499938964844,399.1499938964844,-0.0573635188099239,iShares Russell 1000 ETF,P,True,False,False,False,False,False,False,False,False,,False,,,48330235904.0,US Equity,unknown,59.0,True,,False,True,102.0,True,True,False,117.0,,0,0,False,US Equity,US Equity,US Equity,US Equity,US Equity
2026-08-07,XMHQ,118.4000015258789,118.60759735107422,117.93000030517578,118.48999786376952,207685.0,251,24608595.20633697,19234191.323122025,20433566.17401184,0.0455307151623189,0.0800558209246267,0.114300068010045,0.3403688779312881,0.1813479713949716,0.111928635424969,0.0154972384312076,0.0145179607230401,0.0127934506413454,0.013914382194447,1.6504997281112774,112.661056060791,108.52884490966797,0.0147356180751196,119.33000183105467,119.33000183105467,0.9929606640878592,1.3398792266845705,0.0113079521549579,113.04000091552734,111.79000091552734,111.79000091552734,-0.056544831370031,Invesco S&P MidCap Quality ETF,P,True,False,False,False,False,False,False,False,False,,False,,,5417101824.0,Factor / Style,unknown,363.0,True,,False,True,401.0,True,True,False,118.0,,0,0,False,Factor / Style,Factor / Style,Factor / Style,Factor / Style,Factor / Style
2026-08-07,AIQ,62.84000015258789,63.42499923706055,62.45299911499024,63.34999847412109,1029248.0,251,65202859.22949219,115436449.60866088,162039225.66316733,-0.0014186657398507,0.0560092799073941,0.3069939525205176,0.0,0.0408162934307076,0.1154920514909472,-0.0,0.0022860912035428,0.035455361371909,0.013895335762471,0.2663102772018201,62.8978002166748,56.026466827392575,-0.0075203873285776,63.45000076293945,70.26000213623047,0.9016509614003252,1.8550003051757813,0.0292817734783934,55.91999816894531,55.91999816894531,55.91999816894531,-0.1172849326620107,Global X Artificial Intelligence & Technology ETF,Q,True,False,False,False,False,False,False,False,False,,False,,,10413852672.0,Industry / Theme,unknown,239.0,True,,False,True,134.0,True,True,False,119.0,,0,0,False,Industry / Theme,Industry / Theme,Industry / Theme,Industry / Theme,Industry / Theme
2026-08-07,BBUS,139.25,139.6300048828125,138.89500427246094,139.5,163586.0,251,22820247.0,28084509.54909668,30276704.10870555,0.0249063211699862,0.0610458058253418,0.1481236360001276,0.1819649399270885,0.141713631707505,0.1586976619274449,0.0045320772355013,0.0086510228440203,0.0235068747094121,0.0138505709969074,0.9417729535673433,134.60904724121093,127.86103754679364,0.0034898959563758,140.02000427246094,140.02000427246094,0.9962862144222688,1.5188522338867188,0.0108878296335965,131.375,131.375,131.375,-0.0582437275985663,JPMorgan BetaBuilders U.S. Equity ETF,Z,True,False,False,False,False,False,False,False,False,,False,,,8542320128.0,US Equity,unknown,271.0,True,,False,True,348.0,True,True,False,120.0,,0,0,False,US Equity,US Equity,US Equity,US Equity,US Equity
2026-08-07,VOOG,85.3499984741211,85.59500122070312,84.94999694824219,85.41999816894531,1451199.0,251,123961415.92277528,113398191.34038162,128604539.34456114,0.0253270996541268,0.0609621328691805,0.2049664614150759,0.1113455172641473,0.0895296646235051,0.1432781411316216,0.0028200590117893,0.0054579193105112,0.0293672135858783,0.0138261723068897,0.7467714666096879,81.9931217956543,76.85929250081381,-0.0002461922258829,86.13999938964844,86.13999938964844,0.9916414995843424,1.4852508544921874,0.0173876245180271,77.61000061035156,77.61000061035156,77.61000061035156,-0.0914305516975894,Vanguard S&P 500 Growth ETF,P,True,False,False,False,False,False,False,False,False,,False,,,26322757632.0,Factor / Style,unknown,104.0,True,,False,True,155.0,True,True,False,121.0,,0,0,False,Factor / Style,Factor / Style,Factor / Style,Factor / Style,Factor / Style
2026-08-07,AVUV,126.77999877929688,127.23999786376952,126.18000030517578,126.87999725341795,1105758.0,251,140298572.00294495,153373684.55290604,155803545.39669824,0.0236385669811614,0.0685230661901716,0.1403589071808042,0.1906310853345392,0.1557854685068792,0.1398450087356886,0.004506245679372,0.0106748979699637,0.0196284926008312,0.0138086560907674,0.9648359387084972,123.68112838745115,116.219482421875,0.0127097271328322,129.0500030517578,129.0500030517578,0.9831847675550264,1.5219997406005858,0.0119955845960548,123.9000015258789,123.66000366210938,123.66000366210938,-0.0253782602538782,Avantis U.S. Small Cap Value ETF,P,True,False,False,False,False,False,False,False,False,,False,,,29055420416.0,Factor / Style,unknown,95.0,True,,False,True,139.0,True,True,False,122.0,,0,0,False,Factor / Style,Factor / Style,Factor / Style,Factor / Style,Factor / Style
2026-08-07,THRO,44.13999938964844,44.26499938964844,43.97999954223633,44.25,526135.0,251,23281473.75,24359587.539562225,78852795.45225234,0.0235947367236752,0.0615818531195613,0.168744250042292,0.1457144305171588,0.1180821398094023,0.1537295454355616,0.0034380936248926,0.0072717169897861,0.0259409768538663,0.0138059579422141,0.7520820853144282,42.803827896118165,40.2603928120931,0.00216270691482,44.43000030517578,44.43000030517578,0.9959486764812197,0.5610498428344727,0.0126790924934344,41.220001220703125,41.220001220703125,41.220001220703125,-0.0684745486846751,iShares U.S. Thematic Rotation Active ETF,P,True,False,False,False,False,False,False,False,False,,False,,,6481671680.0,Other,unknown,330.0,True,,False,True,223.0,True,True,False,123.0,,0,0,False,Other,Other,Other,Other,Other
2026-08-07,SPTM,93.62999725341795,93.95999908447266,93.4551010131836,93.88999938964844,300391.0,251,28203710.806655884,41990231.68836594,45766208.98745703,0.0248880991606417,0.0607132003063621,0.1462740446637365,0.1821086884986167,0.1436564280047559,0.1584241758299405,0.0045323390973679,0.0087218414887492,0.0231733449711643,0.0137798677075945,0.9313913140006524,90.6582438659668,86.08541854858399,0.0040457541443141,94.3000030517578,94.3000030517578,0.99565213521908,0.9920005798339844,0.0105655616815708,88.66999816894531,88.66999816894531,88.66999816894531,-0.0555969885465633,State Street SPDR Portfolio S&P 1500 Composite Stock Market ETF,P,True,False,False,False,False,False,False,False,False,,False,,,13582209024.0,Other,unknown,189.0,True,,False,True,293.0,True,True,False,124.0,,0,0,False,Other,Other,Other,Other,Other
2026-08-07,SPYG,123.0500030517578,123.29879760742188,122.36000061035156,123.0199966430664,1546762.0,251,190282656.04762268,323112333.05273974,312587299.5345675,0.02516663869222,0.06073453101218,0.2046625576566465,0.1109476730774674,0.0892438899293136,0.143057645010743,0.0027921800020831,0.0054201858005594,0.0292785435202352,0.013770611002446,0.7446015753447729,118.0890608215332,110.69343287150063,-0.0001967946187172,124.04000091552734,124.04000091552734,0.9917768117951276,2.132939529418945,0.0173381530452119,111.77999877929688,111.77999877929688,111.77999877929688,-0.0913672424848259,State Street SPDR Portfolio S&P 500 Growth ETF,P,True,False,False,False,False,False,False,False,False,,False,,,52988604416.0,Factor / Style,unknown,53.0,True,,False,True,84.0,True,True,False,125.0,,0,0,False,Factor / Style,Factor / Style,Factor / Style,Factor / Style,Factor / Style
2026-08-07,IUSG,194.0,194.6150054931641,193.19000244140625,194.19000244140625,409667.0,251,79553235.73016357,97082918.23365173,98912032.8938589,0.0253445433614598,0.0600134816834929,0.2024262365215905,0.1143947992082589,0.0905465704394854,0.1441370019757623,0.0028992839488592,0.0054340149465731,0.0291771108534586,0.013744098513983,0.7598109048320499,186.53924774169923,174.93280598958333,4.156561293577887e-05,195.63999938964844,195.63999938964844,0.9925884433001132,3.2882484436035155,0.0169331500193769,176.8000030517578,176.8000030517578,176.8000030517578,-0.0895514659406608,iShares Core S&P U.S. Growth ETF,Q,True,False,False,False,False,False,False,False,False,,False,,,32221673472.0,Factor / Style,unknown,92.0,True,,False,True,195.0,True,True,False,126.0,,0,0,False,Factor / Style,Factor / Style,Factor / Style,Factor / Style,Factor / Style
2026-08-07,IVW,142.0850067138672,142.41000366210938,141.35000610351562,142.10000610351562,942020.0,251,133861047.7496338,182313532.75193787,293582559.7342645,0.0253265737670371,0.0607260989211255,0.2036388860777556,0.1120335547392854,0.0894115113719416,0.1428733098453421,0.0028374260884879,0.0054296122842598,0.0290945616671475,0.0137123445682705,0.7498171207591141,136.4180258178711,127.90849146525063,-0.0002743587040294,143.25999450683594,143.25999450683594,0.9919029146461056,2.4504981994628907,0.0172448845475613,129.1199951171875,129.1199951171875,129.1199951171875,-0.0913441972470611,iShares S&P 500 Growth ETF,P,True,False,False,False,False,False,False,False,False,,False,,,74972356608.0,Factor / Style,unknown,39.0,True,,False,True,88.0,True,True,False,127.0,,0,0,False,Factor / Style,Factor / Style,Factor / Style,Factor / Style,Factor / Style
2026-08-07,EWC,61.15999984741211,61.31499862670898,61.02999877929688,61.29999923706055,692455.0,251,42447490.97169876,96634419.29353428,101216143.44775397,0.0451832505070328,0.0651718156225908,0.1375735829996414,0.3538046885623789,0.1657467569960028,0.1383532296981472,0.0159860458738767,0.0108020170869858,0.0190337495291465,0.013683123441742,3.154419064867041,58.69962661743164,56.97259061177572,0.0075931604351278,61.31499862670898,61.31499862670898,0.9997553716058976,0.634250259399414,0.0103466601516034,59.0099983215332,58.52000045776367,58.52000045776367,-0.0453507147454604,iShares MSCI Canada Index Fund,P,True,False,False,False,False,False,False,False,False,,False,,,5956639232.0,Country / Region,unknown,347.0,True,,False,True,189.0,True,True,False,128.0,,0,0,False,Country / Region,Country / Region,Country / Region,Country / Region,Country / Region
2026-08-07,SPYM,90.73999786376952,91.0999984741211,90.59010314941406,91.01000213623048,6979682.0,251,635220873.7302094,862291315.9448875,1105792252.032709,0.0243106775374735,0.0599438967002659,0.1477558512743806,0.180602441918322,0.1392875599555104,0.1593251942442953,0.0043905677279566,0.0083494391056052,0.0235412297050219,0.013666565815401,0.9063262666640556,87.87195449829102,83.4468354288737,0.0034206350207688,91.44000244140624,91.44000244140624,0.9952974596052606,0.9875003814697264,0.010850459930674,85.80999755859375,85.80999755859375,85.80999755859375,-0.0571366273550127,State Street SPDR Portfolio S&P 500 ETF,P,True,False,False,False,False,False,False,False,False,,False,,,153918701568.0,US Equity,unknown,17.0,True,,False,True,31.0,True,True,False,129.0,,0,0,False,US Equity,US Equity,US Equity,US Equity,US Equity
2026-08-07,VOO,708.72998046875,711.3699951171875,707.4550170898438,710.7100219726562,4568035.0,251,3246548255.221863,3802828725.041367,5407883054.620608,0.024284491074314,0.0598324368111113,0.1475359155833873,0.1772011094044557,0.1390710795798924,0.1587788584750833,0.004303238759691,0.0083209615812169,0.0234255842604065,0.0136075795189332,0.901609978288934,686.2205712890625,651.6703796386719,0.0033999534755271,714.1599731445312,714.1599731445312,0.99516921796011,7.75699462890625,0.0109144297802018,670.1599731445312,670.1599731445312,670.1599731445312,-0.0570556873752444,Vanguard S&P 500 ETF,P,True,False,False,False,False,False,False,False,False,,False,,,1670882131968.0,US Equity,unknown,2.0,True,,False,True,7.0,True,True,False,130.0,,0,0,False,US Equity,US Equity,US Equity,US Equity,US Equity
2026-08-07,IVV,774.75,778.2000122070312,773.2899780273438,776.72998046875,3819880.0,251,2967015317.7929688,3263405231.5201416,5740308602.976307,0.0245610735605239,0.0596715270270304,0.1474893712946057,0.1791763771684177,0.1371961229792186,0.1579731078698459,0.0044007641799416,0.0081867021603582,0.0232993543611785,0.0134761304306453,0.9019957707150896,749.9577868652344,712.2612231445313,0.003387149770246,780.6400146484375,780.6400146484375,0.9949912455084072,8.497509765625,0.0109401078615464,732.5,732.5,732.5,-0.0569438306502055,iShares Core S&P 500 ETF,P,True,False,False,False,False,False,False,False,False,,False,,,888128929792.0,US Equity,unknown,3.0,True,,False,True,6.0,True,True,False,132.0,,0,0,False,US Equity,US Equity,US Equity,US Equity,US Equity
2026-08-07,HGER,32.4900016784668,32.749900817871094,32.47999954223633,32.650001525878906,820158.0,251,26778159.951461792,57160968.183978274,45625141.90710558,0.0680406232194648,0.0086500649747731,0.2320755292784493,0.3180428634006893,0.0152673168846528,0.1641313404196228,0.021639834636286,0.0001320632830426,0.0380908676990653,0.0134176448286506,0.1950399486454885,31.0046000289917,30.022386678059892,-0.0027147861374011,32.83000183105469,33.540000915527344,0.9734645388981964,0.4183954238891602,0.0128145606228389,31.315000534057617,30.790000915527344,30.790000915527344,-0.0569678567664782,Harbor Commodity All-Weather Strategy ETF,N,True,False,False,False,False,False,False,False,False,,False,,,3212702208.0,Commodity,unknown,479.0,True,,False,True,296.0,True,True,False,133.0,,0,0,False,Commodity,Commodity,Commodity,Commodity,Commodity
2026-08-07,SPY,771.02001953125,773.9149780273438,769.6099853515625,773.260009765625,42664673.0,251,32990885460.6272,37234800502.58916,39495241643.62969,0.0242532581793939,0.0596955837638986,0.1472054264260822,0.1763119027622439,0.1367445004543875,0.1573625533704243,0.0042761380977929,0.0081630427811273,0.0231646217723904,0.0134135954280694,0.9031406994295508,746.6131323242188,709.091133626302,0.0033637269993573,776.8499755859375,776.8499755859375,0.9953788171035152,8.445745849609375,0.0109222586748916,729.0999755859375,729.0999755859375,729.0999755859375,-0.0571089072523902,State Street SPDR S&P 500 ETF Trust,P,True,False,False,False,False,False,False,False,False,,False,,,781188857856.0,US Equity,unknown,4.0,True,,False,True,1.0,True,True,False,134.0,,0,0,False,US Equity,US Equity,US Equity,US Equity,US Equity
2026-08-07,MSLC,61.0099983215332,61.27000045776367,61.02009963989258,61.21500015258789,73052.0,251,4471878.191146851,3674154.8125534058,4722174.784956433,0.0293425070803139,0.0619307774564066,0.135882915716508,0.2169049293320315,0.1530350472226019,0.1521852478340321,0.0063645344246801,0.0094775794525736,0.0206793752047276,0.0133982079658275,1.1964181056138787,58.88770004272461,56.30745999654134,0.0045773232994932,61.43000030517578,61.43000030517578,0.996500078926912,0.5936494827270508,0.0096977780159648,57.77000045776367,57.77000045776367,57.77000045776367,-0.0562770511514665,Morgan Stanley Pathway Large Cap Equity ETF,P,True,False,False,False,False,False,False,False,False,,False,,,3979997184.0,Factor / Style,unknown,424.0,True,,False,True,468.0,False,False,False,135.0,,0,0,False,Factor / Style,Factor / Style,Factor / Style,Factor / Style,Factor / Style
2026-08-07,IOO,145.80999755859375,146.3699951171875,145.5800018310547,146.19000244140625,205344.0,251,30019239.861328125,47497618.167382814,38749653.3791562,0.0485583442933146,0.0602906663910263,0.1629969722433895,0.3002214720277378,0.125535062493087,0.1481265407204701,0.0145782576029686,0.0075685925731473,0.0241441776463237,0.0133700473487591,1.0724335716092888,139.05268280029296,132.16779444376627,0.0016329431527435,146.67999267578125,146.67999267578125,0.996659461011441,1.827997589111328,0.012504258557927,136.27000427246094,136.27000427246094,136.27000427246094,-0.0678568848982767,iShares Global 100 ETF,P,True,False,False,False,False,False,False,False,False,,False,,,8474621952.0,Global Equity,unknown,272.0,True,,False,True,315.0,True,True,False,136.0,,0,0,False,Global Equity,Global Equity,Global Equity,Global Equity,Global Equity
2026-08-07,VB,304.6300048828125,306.4700012207031,304.0780944824219,306.0899963378906,347469.0,251,106356784.93753052,125200935.18895416,161201428.74365088,0.026630899225049,0.0712681551625893,0.1457427592002795,0.1880629898038399,0.1450109313131049,0.1303986063266189,0.0050082865294274,0.0103346615530939,0.0190046526819124,0.0133691584481804,1.4383082496449329,296.4463751220703,281.1252839152018,0.0097427279568425,306.5400085449219,306.5400085449219,0.9985319625677336,3.714497375488281,0.012135311248094,291.94000244140625,291.94000244140625,291.94000244140625,-0.0462282141389041,Vanguard Morningstar Small-Cap ETF,P,True,False,False,False,False,False,False,False,False,,False,,,188574482432.0,Other,unknown,12.0,True,,False,True,135.0,True,True,False,137.0,,0,0,False,Other,Other,Other,Other,Other
2026-08-07,DSI,146.99000549316406,147.61500549316406,146.8000030517578,147.32000732421875,85074.0,251,12533102.303100586,16178892.8284729,16193598.575806633,0.0309308160708263,0.059842206440134,0.1664931483314149,0.1832510083961314,0.1134427375754876,0.1518601761573238,0.0056681032354941,0.0067886637211262,0.0252836788345961,0.0132619190108407,0.7853549595152002,141.35963592529296,133.81667877197265,0.0021765106837037,148.1999969482422,148.1999969482422,0.9940621481636686,1.9337486267089845,0.0131261779158972,136.10000610351562,136.10000610351562,136.10000610351562,-0.0761607430280014,iShares ESG MSCI KLD 400 ETF,P,True,False,False,False,False,False,False,False,False,,False,,,5360755200.0,Other,unknown,364.0,True,,False,True,420.0,True,True,False,138.0,,0,0,False,Other,Other,Other,Other,Other
2026-08-07,MGC,282.9700012207031,283.7699890136719,282.44500732421875,283.7699890136719,101428.0,251,28782222.44567871,23489460.340271,28094120.53963797,0.0252176027069892,0.0602339371321749,0.1532232320052862,0.1643122334739479,0.1277293019873032,0.1535862678282195,0.004143560623644,0.0076936387458398,0.0235329843482693,0.0132374097066901,0.8661321024460866,273.5395947265625,259.3394883219401,0.0020141687280146,284.8800048828125,284.8800048828125,0.9961035669400622,3.24749755859375,0.01144411912578,265.4100036621094,265.4100036621094,265.4100036621094,-0.0647002363265338,Vanguard Morningstar Mega Cap ETF,P,True,False,False,False,False,False,False,False,False,,False,,,10574559232.0,Other,unknown,236.0,True,,False,True,364.0,True,True,False,139.0,,0,0,False,Other,Other,Other,Other,Other
2026-08-07,DFIV,58.06999969482422,58.06999969482422,57.82500076293945,57.97999954223633,1054222.0,251,61123791.07741547,72381012.64699897,67501917.2039273,0.0460039549525754,0.0745171105672226,0.1048703358653793,0.4066979183461149,0.1883251684886964,0.1103239619520384,0.0187097127149008,0.014033447402863,0.0115697109439096,0.0131711396422293,2.4896414671631133,55.32674751281738,53.714061940511066,0.0087376363178404,58.06999969482422,58.06999969482422,0.9984501437392652,0.5676002502441406,0.0097895870080279,55.82799911499024,55.2400016784668,55.2400016784668,-0.0472576385892093,Dimensional International Value ETF,P,True,False,False,False,False,False,False,False,False,,False,,,19862159360.0,Factor / Style,unknown,137.0,True,,False,True,248.0,True,True,False,140.0,,0,0,False,Factor / Style,Factor / Style,Factor / Style,Factor / Style,Factor / Style
2026-08-07,XT,82.58999633789062,82.88999938964844,82.38500213623047,82.83999633789062,44969.0,251,3725231.795318604,6618299.402532959,7685940.620201474,0.0053397427653387,0.0651261940606631,0.1883414314463614,0.0291967661864075,0.0953157112287258,0.1378902304997328,0.0001559032210151,0.0062075495065121,0.0259704433947884,0.0131245623674088,0.6573192844317451,81.16370193481445,75.47135365804037,0.000570143968072,82.91999816894531,83.85781860351562,0.987862523941419,1.1627494812011718,0.014036088032386,77.16999816894531,77.16999816894531,77.16999816894531,-0.0684451764799497,iShares Future Exponential Technologies ETF,Q,True,False,False,False,False,False,False,False,False,,False,,,3962071552.0,Other,unknown,428.0,True,,False,True,461.0,True,True,False,141.0,,0,0,False,Other,Other,Other,Other,Other
2026-08-07,FEZ,72.02999877929688,71.98999786376953,71.63999938964844,71.86000061035156,534403.0,251,38402199.906173706,49104559.765168,89175022.8527677,0.0555228947948209,0.0975344134781792,0.1053673401440371,0.3417721169711987,0.1626095958898347,0.0761594889556504,0.0189761772943951,0.0158600315610387,0.008024722777986,0.0131176734869703,2.4395811461786043,68.14565505981446,65.78114176432291,0.0128707076765899,71.98999786376953,71.98999786376953,0.9981942317366924,0.8859992980957031,0.0123295197685828,67.37000274658203,66.91000366210938,66.91000366210938,-0.0688838979432061,State Street SPDR EURO STOXX 50 ETF,P,True,False,False,False,False,False,False,False,False,,False,,,4349350400.0,Other,unknown,405.0,True,,False,True,213.0,True,True,False,142.0,,0,0,False,Other,Other,Other,Other,Other
2026-08-07,FDN,287.94000244140625,290.8550109863281,288.0899963378906,289.3800048828125,364495.0,251,105477564.87976074,110132213.05615234,111295834.23298667,0.0476811622865434,0.0721351597070738,0.189346955679962,0.198852653526708,0.1002729717997247,0.1252957741428847,0.0094815256439167,0.007233206835076,0.0237243733935193,0.0130051151305312,1.4126411095009652,271.1870022583008,259.59513376871746,0.0053502622175247,293.6600036621094,293.6600036621094,0.9854253261393352,5.837248229980469,0.0201715672523549,262.0400085449219,256.1199951171875,256.1199951171875,-0.1149354108936931,First Trust DJ Internet Index Fund,P,True,False,False,False,False,False,False,False,False,,False,,,4975951360.0,Industry / Theme,unknown,377.0,True,,False,True,176.0,True,True,False,143.0,,0,0,False,Industry / Theme,Industry / Theme,Industry / Theme,Industry / Theme,Industry / Theme
2026-08-07,SCHG,35.650001525878906,35.86000061035156,35.630001068115234,35.779998779296875,5339353.0,251,191042043.8222351,253908228.07352751,334275146.1489442,0.0326117519092752,0.0568569017923783,0.1773096034111621,0.1843387199553935,0.1042377629080476,0.1464205414987948,0.0060116086024586,0.00592663624872,0.0259617681443989,0.0129389324122076,0.7844427402294445,34.11798118591309,32.48497386932373,0.0014286605876752,35.90999984741211,35.90999984741211,0.9963798087254906,0.4855005264282226,0.0135690481551705,33.220001220703125,33.20000076293945,33.20000076293945,-0.0721072695466459,Schwab U.S. Large-Cap Growth ETF,P,True,False,False,False,False,False,False,False,False,,False,,,59069509632.0,Factor / Style,unknown,49.0,True,,False,True,79.0,True,True,False,144.0,,0,0,False,Factor / Style,Factor / Style,Factor / Style,Factor / Style,Factor / Style
2026-08-07,URTH,209.91000366210935,210.55999755859372,209.47000122070312,210.47000122070312,322321.0,251,67838901.26345825,95583589.5969406,137379844.83543324,0.0285392962837247,0.0640693656583459,0.1363160386556448,0.2094687561913497,0.1466847523245104,0.140823224744997,0.0059780908951282,0.0093979990331829,0.0191964641479515,0.0128274618233519,1.3263896270625586,202.6245281982422,193.60560719807944,0.0047416702782039,210.66000366210935,210.66000366210935,0.9990980611501792,2.2485008239746094,0.0106832366177296,199.1100006103516,199.1100006103516,199.1100006103516,-0.0539744407491081,iShares MSCI World ETF,P,True,False,False,False,False,False,False,False,False,,False,,,8064359424.0,Country / Region,unknown,282.0,True,,False,True,151.0,True,True,False,146.0,,0,0,False,Country / Region,Country / Region,Country / Region,Country / Region,Country / Region
2026-08-07,USCA,45.869998931884766,45.92100143432617,45.869998931884766,45.92100143432617,383.0,251,17587.743549346924,1468014.127301216,5520891.553451599,0.0293649855752777,0.0610089757163139,0.138457259413854,0.1962842995537707,0.1392454616393077,0.1489144074588264,0.0057638856250499,0.0084952229877594,0.020618280743987,0.0127382932024391,1.168511492680001,44.07809173583984,42.25272984822591,0.0041585772399734,46.709999084472656,46.709999084472656,0.983108592044294,0.4198999404907226,0.0091439630534025,43.1619987487793,43.1619987487793,43.1619987487793,-0.0600815008246859,Xtrackers MSCI USA Climate Action Equity ETF,P,True,False,False,False,False,False,False,False,False,,False,,,3158330624.0,Country / Region,unknown,490.0,True,,False,True,466.0,False,False,False,147.0,,0,0,False,Country / Region,Country / Region,Country / Region,Country / Region,Country / Region
2026-08-07,SGOV,100.4801025390625,100.48999786376952,100.4800033569336,100.4800033569336,20036355.0,251,2013253017.6607127,1943273617.7615447,2059085381.630492,0.0028580825048785,0.0093139629512204,0.0185240609321091,1.0,1.0,1.0,0.0028580825048785,0.0093139629512204,0.0185240609321091,0.0125374972445314,1.0161073078681069,100.11747756958007,99.40299423217772,0.0014582665018993,100.48999786376952,100.48999786376952,0.9999005422723812,0.0173122608704865,0.0001722955841172,100.3332137785533,100.20361323035132,100.20361323035132,-0.0027506978239288,iShares 0-3 Month Treasury Bond ETF,N,True,False,False,False,False,False,False,False,False,,False,,,95892447232.0,Bond,unknown,30.0,True,,False,True,16.0,True,True,False,148.0,,0,0,False,Bond,Bond,Bond,Bond,Bond
2026-08-07,RECS,45.06999969482422,45.310001373291016,45.000301361083984,45.290000915527344,281342.0,251,12741979.437576294,19956957.306534577,19617663.40228998,0.0191269647858967,0.0636448794724142,0.115517305853982,0.1548271125153126,0.1655467252783308,0.1330270553929551,0.0029613727289824,0.0105362013773922,0.0153669270446826,0.0122269553609438,1.0164348044928444,43.77879989624024,41.966846516927085,0.0068952835740532,45.310001373291016,45.310001373291016,0.9995585862468002,0.4599504470825195,0.0101556731681325,43.2400016784668,43.2400016784668,43.2400016784668,-0.0452638373950158,Columbia Research Enhanced Core ETF,P,True,False,False,False,False,False,False,False,False,,False,,,5762415616.0,Other,unknown,356.0,True,,False,True,405.0,True,True,False,149.0,,0,0,False,Other,Other,Other,Other,Other
2026-08-07,IUSV,113.6449966430664,114.34500122070312,113.52010345458984,114.29000091552734,454262.0,251,51917604.39588928,60661742.85319443,69450864.49055481,0.0230955317536414,0.0599033322859452,0.0852056539691976,0.2279155158539199,0.2094363202249692,0.1347869584001338,0.0052638300335517,0.0125459334831819,0.0114846109370024,0.0121744705920191,1.0658380878223983,111.11880935668944,107.11920710245768,0.0080531255684872,114.69000244140624,114.69000244140624,0.9965123243755856,1.0217453002929688,0.0089399360583446,111.44000244140624,110.86000061035156,110.86000061035156,-0.0300113770032334,iShares Core S&P U.S. Value ETF,Q,True,False,False,False,False,False,False,False,False,,False,,,26456442880.0,Factor / Style,unknown,103.0,True,,False,True,243.0,True,True,False,150.0,,0,0,False,Factor / Style,Factor / Style,Factor / Style,Factor / Style,Factor / Style
2026-08-07,SPYV,62.790000915527344,63.17699813842773,62.72999954223633,63.13999938964844,968225.0,251,61133725.90904236,139008464.98832703,149885995.1659248,0.0228414038209634,0.0587516089862332,0.0855446834172435,0.2277867787123822,0.2103873245485741,0.1372991952282751,0.0052029697976459,0.0123605938275375,0.0117452161892451,0.0121452116541352,1.0262377928215256,61.3999291229248,59.21292037963868,0.0077315834345716,63.31999969482422,63.31999969482422,0.9971572914396192,0.558349609375,0.0088430410955395,61.560001373291016,61.2400016784668,61.2400016784668,-0.030091823401144,State Street SPDR Portfolio S&P 500 Value ETF,P,True,False,False,False,False,False,False,False,False,,False,,,35300089856.0,Factor / Style,unknown,85.0,True,,False,True,142.0,True,True,False,151.0,,0,0,False,Factor / Style,Factor / Style,Factor / Style,Factor / Style,Factor / Style
2026-08-07,IALT,28.75,28.93000030517578,28.75,28.899999618530277,725997.0,164,20981313.023054123,34984344.77053938,112076212.478348,0.0161743697550846,0.0334277941517593,0.1206656545221402,0.1965804720435331,0.1270594481591478,0.2211996762249016,0.0031795652414611,0.0042473170781001,0.0266912037117632,0.0121026773998822,1.0313948105080988,28.40076568603516,27.37098283131917,0.0038344960863199,29.03899955749512,29.03899955749512,0.9952133358213792,0.2959001541137695,0.0102387597930638,28.26000022888184,28.209999084472656,28.209999084472656,-0.0238754513206013,iShares Systematic Alternatives Active ETF,Q,True,False,False,False,False,False,False,False,False,,False,,,4825180672.0,Other,unknown,384.0,True,,False,True,173.0,False,False,False,152.0,,0,0,False,Other,Other,Other,Other,Other
2026-08-07,IVE,234.67999267578125,235.875,234.1999969482422,235.77999877929688,476319.0,251,112306493.23855592,154567007.45504913,228463018.3811689,0.0229510744937255,0.0587277831529249,0.0848070215837035,0.2321191243769103,0.2098583828254439,0.1364153465712149,0.0053273833149928,0.0123245175993961,0.0115689792410134,0.0120600791739622,1.033156185961332,229.29265930175785,221.1559367879232,0.0077206642025966,236.38999938964844,236.38999938964844,0.9974195160035256,2.067250061035156,0.0087677074889215,229.88999938964844,228.6999969482422,228.6999969482422,-0.0300280001175246,iShares S&P 500 Value ETF,P,True,False,False,False,False,False,False,False,False,,False,,,47735062528.0,Factor / Style,unknown,61.0,True,,False,True,105.0,True,True,False,153.0,,0,0,False,Factor / Style,Factor / Style,Factor / Style,Factor / Style,Factor / Style
2026-08-07,IVLU,44.459999084472656,44.48500061035156,44.310001373291016,44.43999862670898,553735.0,251,24607982.6395607,34251518.02474308,38991479.69518177,0.0441728663711411,0.0818174625564767,0.1029415551734023,0.2848478052795361,0.1639696671534547,0.0921209828016239,0.0125825440387257,0.0134155821027257,0.0094830772337014,0.0120392053985672,2.1482744221385977,42.40476638793945,40.94115285237631,0.0079737427047263,44.48500061035156,44.48500061035156,0.9989883784865656,0.5217504501342773,0.011740559546748,42.40999984741211,41.7599983215332,41.7599983215332,-0.0603060393337876,iShares MSCI Intl Value Factor ETF,P,True,False,False,False,False,False,False,False,False,,False,,,4248612352.0,Country / Region,unknown,409.0,True,,False,True,313.0,True,True,False,154.0,,0,0,False,Country / Region,Country / Region,Country / Region,Country / Region,Country / Region
2026-08-07,VBIL,75.54000091552734,75.55000305175781,75.54000091552734,75.54000091552734,1759016.0,251,132876070.25042725,173108475.04778442,189755695.74849737,0.0025950957065585,0.009398316299811,0.0183375613308189,0.9072500708014728,0.9723652012488396,0.945054595568748,0.0023544007635118,0.009138595720266,0.0173299966072142,0.0120055860306978,0.99113456759317,75.27554412841796,74.73497482299804,0.001469604634636,75.55000305175781,75.55000305175781,0.999867609055904,0.0139686156022712,0.0001849168047785,75.43421104004815,75.34447412454489,75.34447412454489,-0.0025883874584685,Vanguard 0-3 Month Treasury Bill ETF,Q,True,False,False,False,False,False,False,False,False,,False,,,9348372480.0,Bond,unknown,256.0,True,,False,True,120.0,True,True,False,155.0,,0,0,False,Bond,Bond,Bond,Bond,Bond
2026-08-07,FNDA,38.0,38.31499862670898,37.935001373291016,38.220001220703125,315575.0,251,12061276.885223389,15740972.742595673,41226810.76720101,0.0211060889416585,0.0695222147107308,0.1341697021316288,0.1487754940768252,0.1387776993383887,0.1205341920259674,0.0031400688103246,0.0096481330104647,0.0161720366408005,0.0119314992810822,0.96521560002245,37.15296432495117,35.01844366709391,0.012847326962792,38.459999084472656,38.459999084472656,0.9937598057856838,0.4632501602172851,0.0121206212826165,36.77999877929688,36.77999877929688,36.77999877929688,-0.0376766717795452,Schwab Fundamental U.S. Small Company ETF,P,True,False,False,False,False,False,False,False,False,,False,,,9333672960.0,Other,unknown,257.0,True,,False,True,305.0,True,True,False,156.0,,0,0,False,Other,Other,Other,Other,Other
2026-08-07,MTUM,312.1000061035156,312.1000061035156,304.8901062011719,309.32000732421875,929706.0,251,287576666.7293701,622547897.5486572,552254989.1991451,-0.0386921779983779,0.0535937086645152,0.269566649663203,0.0,0.0404108181979143,0.1114750001262564,-0.0,0.0021657656173937,0.03004994230524,0.0119252274581399,0.2177450049163399,316.788701171875,280.95969156901043,-0.0005360607099272,323.6700134277344,345.5899963378906,0.8950490772359917,10.68499755859375,0.0345435060959186,282.6499938964844,282.6499938964844,282.6499938964844,-0.086221430221873,iShares MSCI USA Momentum Factor ETF,Z,True,False,False,False,False,False,False,False,False,,False,,,29047369728.0,Country / Region,unknown,96.0,True,,False,True,57.0,True,True,False,157.0,,0,0,False,Country / Region,Country / Region,Country / Region,Country / Region,Country / Region
2026-08-07,GBIL,99.95999908447266,99.97000122070312,99.95999908447266,99.97000122070312,459192.0,251,45905424.80053711,53370805.89494934,67566824.71992323,0.0029534587983082,0.0090792169126319,0.0175973250233192,1.0,1.0,0.9777182331646236,0.0029534587983082,0.0090792169126319,0.0172052255302232,0.0119233199287888,1.0480387744096478,99.59459411621094,98.92251561482747,0.0014017347711292,99.97000122070312,99.97000122070312,1.0,0.0207035727588454,0.0002070978544167,99.78527062501536,99.66564171867698,99.66564171867698,-0.0030445083355977,Goldman Sachs Access Treasury 0-1 Year ETF,P,True,False,False,False,False,False,False,False,False,,False,,,7703504896.0,Bond,unknown,292.0,True,,False,True,247.0,True,True,False,158.0,,0,0,False,Bond,Bond,Bond,Bond,Bond
2026-08-07,BIL,91.47000122070312,91.4800033569336,91.45999908447266,91.4800033569336,7767538.0,251,710574402.3151093,889614563.8906654,916980475.6718768,0.0027674131849664,0.00933068409079,0.0182718756448874,1.0,0.9550252013957696,0.9538919208891766,0.0027674131849664,0.008911038452967,0.0174293945571498,0.011892463089431,1.0542286827528855,91.14444076538086,90.5038905843099,0.0014399176846731,91.4800033569336,91.4800033569336,1.0,0.0176133203064267,0.0001925373815051,91.33721087495752,91.22753832851484,91.22753832851484,-0.0027597837686309,State Street SPDR Bloomberg 1-3 Month T-Bill ETF,P,True,False,False,False,False,False,False,False,False,,False,,,47077847040.0,Bond,unknown,64.0,True,,False,True,39.0,True,True,False,159.0,,0,0,False,Bond,Bond,Bond,Bond,Bond
2026-08-07,IWO,388.3500061035156,390.2200012207031,386.6300048828125,390.1600036621094,190101.0,251,74169806.85617065,162835141.82870942,166630785.7573315,0.0142456355689566,0.0655905877559912,0.1996949706090396,0.0609703220882069,0.0840802800510629,0.1187706434583513,0.0008685609889905,0.0055148749872375,0.0237179001546322,0.0118859337958256,0.8625516257613116,380.91069396972654,354.18432373046875,0.0056753572420877,391.4700012207031,396.6900024414063,0.9835387866114388,7.206996154785156,0.018471898931564,363.0700073242188,363.0700073242188,363.0700073242188,-0.069433043068534,iShares Russell 2000 Growth Fund,P,True,False,False,False,False,False,False,False,False,,False,,,15425412096.0,Factor / Style,unknown,165.0,True,,False,True,132.0,True,True,False,160.0,,0,0,False,Factor / Style,Factor / Style,Factor / Style,Factor / Style,Factor / Style
2026-08-07,VOOV,226.6000061035156,227.67010498046875,226.3600006103516,227.6000061035156,63582.0,251,14471263.58807373,16018797.604528807,15361992.41771589,0.022967326550354,0.0583789609845,0.0846502368801154,0.2302840721942619,0.2079007169582755,0.1348242161734949,0.0052890094854309,0.0121370278439567,0.0114129018362622,0.0118835837412636,1.0225016280781545,221.35266937255855,213.48617024739585,0.00767720324695,228.25999450683597,228.25999450683597,0.997108611148676,1.9240074157714844,0.0084534594208069,221.9600067138672,220.8600006103516,220.8600006103516,-0.0296133801072862,Vanguard S&P 500 Value ETF,P,True,False,False,False,False,False,False,False,False,,False,,,6683939328.0,Factor / Style,unknown,324.0,True,,False,True,426.0,True,True,False,161.0,,0,0,False,Factor / Style,Factor / Style,Factor / Style,Factor / Style,Factor / Style
2026-08-07,USFR,50.415000915527344,50.41999816894531,50.40999984741211,50.40999984741211,4451396.0,251,224394871.68077087,287530117.2486275,252784527.2361019,0.0031784410463675,0.009869989931623,0.0191322335178252,0.8889950527634457,0.9610959801163846,0.8494377713557859,0.002825618365721,0.009486007647072,0.0162516418004399,0.0118539796007508,0.9951489668197284,50.21651756286621,49.84040049235026,0.0015935369593165,50.41999816894531,50.41999816894531,0.9998016992880544,0.0139733428780004,0.0002771938686827,50.34000015258789,50.26025126398579,50.26025126398579,-0.0029706126538304,WisdomTree Floating Rate Treasury Fund,P,True,False,False,False,False,False,False,False,False,,False,,,17754787840.0,Bond,unknown,144.0,True,,False,True,100.0,True,True,False,162.0,,0,0,False,Bond,Bond,Bond,Bond,Bond
2026-08-07,OEF,382.1400146484375,383.6900024414063,381.7962036132813,383.0499877929688,251218.0,251,96229051.83337402,97004653.79451904,112017143.83228897,0.0288469025940802,0.0549431357115632,0.1473838927795372,0.1863934596407378,0.1185057604411337,0.1471518821268431,0.00537687397443,0.0065110780785192,0.0216878172176897,0.0118229367772289,0.7454559252513293,368.3744329833984,350.1108815511068,0.0011544222729877,384.8200073242188,384.8200073242188,0.9954003962955108,4.591996765136718,0.0119879830608912,358.1700134277344,358.1700134277344,358.1700134277344,-0.0649522912364156,iShares S&P 100 Fund,P,True,False,False,False,False,False,False,False,False,,False,,,20043581440.0,Other,unknown,136.0,True,,False,True,174.0,True,True,False,163.0,,0,0,False,Other,Other,Other,Other,Other
2026-08-07,GSIE,48.25,48.303199768066406,48.09000015258789,48.2599983215332,315638.0,251,15232689.350212095,17469233.767132185,19839815.23083411,0.047536328222616,0.0751976432979244,0.1006140733590816,0.3411211760197033,0.1694030773755117,0.0949448259431605,0.0162156481869573,0.0127387121860544,0.0095527856825103,0.011623637909814,2.6457611123967,45.87857078552246,44.67509966532389,0.0098099811391236,48.303199768066406,48.303199768066406,0.9991056193639212,0.5164102554321289,0.01070058585563,46.0,45.56999969482422,45.56999969482422,-0.05573971654095,Goldman Sachs ActiveBeta International Equity ETF,P,True,False,False,False,False,False,False,False,False,,False,,,5800200704.0,Global Equity,unknown,354.0,True,,False,True,404.0,True,True,False,164.0,,0,0,False,Global Equity,Global Equity,Global Equity,Global Equity,Global Equity
2026-08-07,JHMM,76.18000030517578,76.58000183105469,75.93009948730469,76.4800033569336,150148.0,251,11483319.544036863,14622716.449804688,16488946.461387029,0.0310057029158212,0.0658788498522404,0.1146233065584998,0.2561251833009636,0.1556682490318126,0.1189526111735952,0.0079413413426899,0.0102552452047279,0.013634741616485,0.0114380689488429,1.99633781160497,73.96449417114258,70.93971638997395,0.0091632731426616,76.80000305175781,76.80000305175781,0.9958333374725448,0.8423007965087891,0.0110133467512776,73.17500305175781,73.16999816894531,73.16999816894531,-0.0432793546378447,John Hancock Multifactor Mid Cap ETF,P,True,False,False,False,False,False,False,False,False,,False,,,5809617408.0,Factor / Style,unknown,353.0,True,,False,True,419.0,True,True,False,165.0,,0,0,False,Factor / Style,Factor / Style,Factor / Style,Factor / Style,Factor / Style
2026-08-07,TBIL,49.90999984741211,49.90999984741211,49.900001525878906,49.90999984741211,1473015.0,251,73518178.42523575,82148123.14645863,90937352.89517388,0.0026079010235966,0.0093385131759506,0.0181525936278728,1.0,0.947064944412715,0.8860270517675569,0.0026079010235966,0.0088441784618791,0.0160836890140386,0.0113780071551349,1.0579316447386276,49.73050918579101,49.37720352172852,0.0014673715177015,49.90999984741211,49.90999984741211,1.0,0.0124790579615954,0.000250031216184,49.83002802907289,49.77020594670384,49.77020594670384,-0.0028009196781337,F/m US Treasury 3 Month Bill Fund,Q,True,False,False,False,False,False,False,False,False,,False,,,7079277056.0,Bond,unknown,307.0,True,,False,True,210.0,True,True,False,166.0,,0,0,False,Bond,Bond,Bond,Bond,Bond
2026-08-07,QQQM,296.6099853515625,297.94000244140625,295.0599975585937,297.70001220703125,2786288.0,251,829477971.6123047,1014540301.1355468,1190538133.277526,-0.0034145320350286,0.0416766375756387,0.2140626420537015,0.0,0.0496440567519827,0.1335650453233824,-0.0,0.0020689973610368,0.0285912864879456,0.0113517985554549,0.2451039152615359,294.09875,270.6986900838216,-0.0049441320026459,299.95001220703125,307.85374142464434,0.9670176845321904,6.032151794433593,0.0202625177933772,272.2260131835937,272.2260131835937,272.2260131835937,-0.0855693583435998,Invesco NASDAQ 100 ETF,Q,True,False,False,False,False,False,False,False,False,,False,,,101307228160.0,US Equity,unknown,26.0,True,,False,True,30.0,True,True,False,167.0,,0,0,False,US Equity,US Equity,US Equity,US Equity,US Equity
2026-08-07,BILS,99.22000122070312,99.2300033569336,99.20999908447266,99.20999908447266,423035.0,251,41969301.96269989,31432889.723722454,32368579.230590697,0.0028844881311884,0.0092091629386217,0.0174953781519509,0.9346744970636012,0.9191609344983578,0.935742803813414,0.0026960574933045,0.0084647028126111,0.0163711742056824,0.0112319678001861,1.0585459188225697,98.84586486816406,98.17534932454429,0.0014214438598449,99.2300033569336,99.2300033569336,0.9997984050006632,0.0227487548642344,0.0002292990129438,99.03430938720705,98.91468074202216,98.91468074202216,-0.0029766993768345,State Street SPDR Bloomberg 3-12 Month T-Bill ETF,P,True,False,False,False,False,False,False,False,False,,False,,,3866119680.0,Bond,unknown,438.0,True,,False,True,339.0,True,True,False,168.0,,0,0,False,Bond,Bond,Bond,Bond,Bond
2026-08-07,QQQ,720.1900024414062,723.6300048828125,716.52001953125,723.030029296875,29234924.0,251,21137727956.211918,29140999342.5396,31539233472.977776,-0.0034182581017058,0.0415641833689457,0.21390414991836,0.0,0.0488663768820066,0.1319871077377979,-0.0,0.0020310910492997,0.0282325900808366,0.0112016157103376,0.2451000067530266,714.31171875,657.5225854492187,-0.0049628460093993,728.5399780273438,747.828194840854,0.9668397558221828,14.700497436523438,0.0203317937580258,661.1400146484375,661.1400146484375,661.1400146484375,-0.0855981247537168,"Invesco QQQ Trust, Series 1",Q,True,False,False,False,False,False,False,False,False,,False,,,490103177216.0,Other,unknown,6.0,True,,False,True,2.0,True,True,False,169.0,,0,0,False,Other,Other,Other,Other,Other
2026-08-07,TSPA,48.709999084472656,48.84999847412109,48.53799819946289,48.7400016784668,479400.0,251,23365956.804656982,18336306.7937088,25436225.97867572,0.0211607405388034,0.0520181254514153,0.1449377972251371,0.1496301152322446,0.1127749971304957,0.1452449215252365,0.0031662840452207,0.0058663439485171,0.0210514789840056,0.0111811412109381,0.781809417630496,47.24159973144531,44.85041999816895,0.0023976987262175,49.02000045776367,49.02000045776367,0.9942880706511188,0.5416999816894531,0.0111140739235709,46.02999877929688,46.02999877929688,46.02999877929688,-0.055601206521238,T. Rowe Price U.S. Equity Research ETF,P,True,False,False,False,False,False,False,False,False,,False,,,4062119424.0,US Equity,unknown,418.0,True,,False,True,378.0,True,True,False,170.0,,0,0,False,US Equity,US Equity,US Equity,US Equity,US Equity
2026-08-07,TFLO,50.540000915527344,50.54999923706055,50.540000915527344,50.54999923706055,1646264.0,251,83218643.94400024,74310511.61524887,74222315.04219031,0.0031683193501175,0.0099983239583485,0.0191907098859056,0.8886907036989851,0.8340539165818922,0.8572248198905429,0.002815655952799,0.0083391412567151,0.0164507528255171,0.0111782053057958,0.988523592496812,50.349572372436526,49.97425557454427,0.0015716148003597,50.54999923706055,50.54999923706055,1.0,0.0129738243254035,0.0002566533040794,50.4700938340523,50.39034378524169,50.39034378524169,-0.0031583670470524,iShares Treasury Floating Rate Bond ETF,P,True,False,False,False,False,False,False,False,False,,False,,,6588089856.0,Bond,unknown,325.0,True,,False,True,230.0,True,True,False,171.0,,0,0,False,Bond,Bond,Bond,Bond,Bond
2026-08-07,BAI,44.68000030517578,44.84000015258789,43.65999984741211,44.56999969482422,2874797.0,251,128129701.41268158,162966617.04702872,209598465.86940256,-0.0658142831671182,-0.0126273748899281,0.3730745826220438,0.0,0.0,0.0852516767011153,-0.0,-0.0,0.031805233703098,0.0111318317960843,-0.0,47.03660011291504,40.73513339996338,-0.0221081073116879,47.09999847412109,54.459999084472656,0.8183988329799987,2.3410003662109373,0.052524127938973,37.38999938964844,37.38999938964844,37.38999938964844,-0.1610949148381881,iShares A.I. Innovation and Tech Active ETF,P,True,False,False,False,False,False,False,False,False,,False,,,15693548544.0,Industry / Theme,unknown,163.0,True,,False,True,116.0,True,True,False,172.0,,0,0,False,Industry / Theme,Industry / Theme,Industry / Theme,Industry / Theme,Industry / Theme
2026-08-07,VBK,358.3699951171875,360.80999755859375,356.7701110839844,360.6099853515625,175438.0,251,63264694.61010742,72332418.71823731,83835730.09778413,0.0181258162734796,0.0576285373682257,0.187734772121463,0.0870623602727129,0.0838703912291188,0.1212153170445197,0.0015780763466386,0.0048333279750349,0.0227563299229838,0.011106378656817,1.4638780738416242,351.03953735351564,331.079477742513,0.0025129951340598,360.80999755859375,366.8599853515625,0.9829635276411772,6.371000671386719,0.0176672885671082,333.239990234375,333.239990234375,333.239990234375,-0.0758991603920901,Vanguard Morningstar Small-Cap Growth ETF,P,True,False,False,False,False,False,False,False,False,,False,,,47006371840.0,Factor / Style,unknown,65.0,True,,False,True,218.0,True,True,False,173.0,,0,0,False,Factor / Style,Factor / Style,Factor / Style,Factor / Style,Factor / Style
2026-08-07,JIVE,97.58999633789062,97.62000274658205,97.0,97.36000061035156,226233.0,251,22026045.018081665,30131610.225566864,30003846.917253524,0.0423425071756577,0.0704665640309738,0.1198270008359321,0.3252206448828204,0.1441036274087504,0.1059149117704091,0.0137706574896228,0.0101544874878943,0.0126914662212504,0.0110424300445689,1.9387844267130936,93.41356063842774,89.70383361816407,0.0082644118084227,97.62000274658205,97.62000274658205,0.9973365895419464,1.0667999267578123,0.0109572711593059,93.11000061035156,91.98500061035156,91.98500061035156,-0.0552074770573544,JPMorgan International Value ETF,Q,True,False,False,False,False,False,False,False,False,,False,,,3125305856.0,Factor / Style,unknown,492.0,True,,False,True,350.0,True,True,False,174.0,,0,0,False,Factor / Style,Factor / Style,Factor / Style,Factor / Style,Factor / Style
2026-08-07,IQLT,51.7400016784668,51.755001068115234,51.52000045776367,51.66999816894531,1604062.0,251,82881880.60287476,79067904.62170792,71183792.19411577,0.042574591145823,0.070927358838599,0.113200814162335,0.3135207350964811,0.1506019161124955,0.0989108604308875,0.0133480171124705,0.0106817961458915,0.0111967899302735,0.0108620439704252,3.038886797015729,49.3140658569336,47.87178927103678,0.008422649265972,51.755001068115234,51.755001068115234,0.9983575906208938,0.5420005798339844,0.0104896574228976,49.29499816894531,49.01499938964844,49.01499938964844,-0.0513837598874269,iShares MSCI Intl Quality Factor ETF,P,True,False,False,False,False,False,False,False,False,,False,,,13642241024.0,Country / Region,unknown,187.0,True,,False,True,240.0,True,True,False,175.0,,0,0,False,Country / Region,Country / Region,Country / Region,Country / Region,Country / Region
2026-08-07,ESGD,107.87000274658205,107.87000274658205,107.29000091552734,107.68000030517578,198073.0,251,21328500.700447083,26049613.38539467,28946855.14727505,0.0414933837010629,0.0770635332299094,0.1023513383839231,0.2751763838245132,0.1544901964263968,0.0871758307536478,0.0114179992795014,0.0119055603860008,0.0089225629523662,0.0108615112842287,2.628009914177531,102.78379531860352,99.71851648966472,0.0086814341889081,107.87000274658205,107.87000274658205,0.9982385979737796,1.2523509979248046,0.0116303026966522,102.08000183105467,101.58000183105467,101.58000183105467,-0.0566493170211097,iShares ESG Aware MSCI EAFE ETF,Q,True,False,False,False,False,False,False,False,False,,False,,,11761851392.0,Country / Region,unknown,207.0,True,,False,True,356.0,True,True,False,176.0,,0,0,False,Country / Region,Country / Region,Country / Region,Country / Region,Country / Region
2026-08-07,SHV,110.1500015258789,110.16000366210938,110.14129638671876,110.1500015258789,3531150.0,251,388956177.8881073,297577401.7202568,284626570.1231154,0.0029071815045156,0.0091147979328412,0.0177198930538353,0.8422588500472942,0.8619955712727633,0.9233148213446168,0.002448599350872,0.0078569154511552,0.0163610398892477,0.0108333590044876,1.0291308188273451,109.742830657959,108.99353551228842,0.0014183101533757,110.16000366210938,110.16000366210938,0.9999092035593868,0.0244405853282522,0.0002218845664065,109.96031188964844,109.82073974609376,109.82073974609376,-0.0029892126665816,iShares 0-1 Year Treasury Bond ETF,N,True,False,False,False,False,False,False,False,False,,False,,,20945842176.0,Bond,unknown,131.0,True,,False,True,90.0,True,True,False,177.0,,0,0,False,Bond,Bond,Bond,Bond,Bond
2026-08-07,PPA,182.8300018310547,183.8000030517578,180.5039978027344,183.77999877929688,132185.0,251,24292959.13864136,31216864.51615143,34628979.82953026,0.0543889590450781,0.1035139593410987,0.0844888245266044,0.2367631697586298,0.1353110553959073,0.0555889323211415,0.0128773023433849,0.0140065830866531,0.0046966435485022,0.0107481042483002,3.070265965141388,174.50444946289062,173.37395904541015,0.0111262828810094,185.67999267578125,186.1048776969368,0.9875076948739308,3.682801055908203,0.0200391831557846,169.08999633789062,166.27000427246094,166.27000427246094,-0.095276932327461,Invesco Aerospace & Defense ETF,P,True,False,False,False,False,False,False,False,False,,False,,,8324131840.0,Industry / Theme,unknown,273.0,True,,False,True,333.0,True,True,False,178.0,,0,0,False,Industry / Theme,Industry / Theme,Industry / Theme,Industry / Theme,Industry / Theme
2026-08-07,EZU,71.81999969482422,71.74829864501953,71.375,71.56999969482422,571772.0,251,40921721.86550903,53672709.100897215,70475910.30814229,0.043903183247024,0.0841138441557811,0.1011553721866216,0.28,0.143261717827348,0.0757445511387128,0.0122928913091667,0.012050293806819,0.007661968261545,0.0105143798659731,2.3863547744378453,68.56069885253906,66.05347681681314,0.0101589796373398,71.74829864501953,71.74829864501953,0.9975149382833808,0.8729141235351563,0.0121966484177347,67.30000305175781,67.30000305175781,67.30000305175781,-0.0596618228485922,iShares MSCI Eurozone ETF,Z,True,False,False,False,False,False,False,False,False,,False,,,9595190272.0,Country / Region,unknown,254.0,True,,False,True,242.0,True,True,False,179.0,,0,0,False,Country / Region,Country / Region,Country / Region,Country / Region,Country / Region
2026-08-07,SPYI,54.11000061035156,54.209999084472656,54.03010177612305,54.18000030517578,2414811.0,251,130834460.71694183,147040293.95700112,147682250.84088534,0.019046966474248,0.0507668295336183,0.1100749793057178,0.1667871914131929,0.1451155262148931,0.1473706647446476,0.003176790043181,0.0073670551820328,0.0162218228720369,0.0104662238735342,0.9703646422860576,52.58798118591309,50.64242538452149,0.0036797157827637,54.25,54.25,0.9987096830447147,0.491886504723552,0.0090787468060712,51.685001373291016,51.685001373291016,51.685001373291016,-0.0460501830533659,NEOS S&P 500 High Income ETF,Z,True,False,False,False,False,False,False,False,False,,False,,,10406321152.0,Bond,unknown,240.0,True,,False,True,143.0,True,True,False,180.0,,0,0,False,Bond,Bond,Bond,Bond,Bond
2026-08-07,FBCG,62.77999877929688,62.88999938964844,62.244998931884766,62.7400016784668,395460.0,251,24811161.06376648,35851945.76250076,38754986.37328375,0.0075477953629037,0.0421061335489323,0.2030680698510183,0.0303422242755525,0.0547930330019731,0.1252958004160331,0.0002290168996872,0.0023071227651321,0.0254435763509222,0.0104048815201586,0.4683998037507663,61.24490005493164,57.12796671549479,-0.0024009546926672,63.56499862670898,64.31999969482422,0.9754353541067482,1.253449821472168,0.0199784792467158,57.27999877929688,57.27999877929688,57.27999877929688,-0.0870258647290388,Fidelity Blue Chip Growth ETF,Z,True,False,False,False,False,False,False,False,False,,False,,,6965341696.0,Factor / Style,unknown,311.0,True,,False,True,314.0,True,True,False,181.0,,0,0,False,Factor / Style,Factor / Style,Factor / Style,Factor / Style,Factor / Style
2026-08-07,USRT,67.22000122070312,67.5999984741211,66.94000244140625,67.37999725341797,270893.0,251,18252769.595970158,30160750.03760643,34305397.08202095,0.0094381610998945,0.0463097912482102,0.1427457360197519,0.0731703426844278,0.0999999744172963,0.1469212181271029,0.0006905934819901,0.0046309779400913,0.0209723774184718,0.0103504677575245,0.3697482077712652,66.78115898132324,62.95842147827148,0.010967393135463,70.08999633789062,70.08999633789062,0.961335436923006,0.9344985961914064,0.0138690803544668,66.70999908447266,66.70999908447266,66.70999908447266,-0.0099435766734367,iShares Core U.S. REIT ETF,P,True,False,False,False,False,False,False,False,False,,False,,,4356137472.0,REIT / Infra,unknown,404.0,True,,False,True,334.0,True,True,False,182.0,,0,0,False,REIT / Infra,REIT / Infra,REIT / Infra,REIT / Infra,REIT / Infra
2026-08-07,INTF,43.150001525878906,43.119998931884766,42.92549896240234,43.06999969482422,110213.0,251,4746873.876365662,8510178.013734054,10190362.694758218,0.0426046541521329,0.0689255352536777,0.1072749868290618,0.2875814752783264,0.1484476681224737,0.0962872224474709,0.0122523092947932,0.0102318349825018,0.0103292105198593,0.0102659164205769,3.0461806844207886,41.18497741699219,40.01459426879883,0.0078079389775971,43.119998931884766,43.119998931884766,0.9988404629336952,0.4752506256103516,0.0110343772690451,41.040000915527344,40.709999084472656,40.709999084472656,-0.0547945351073491,iShares International Equity Factor ETF,P,True,False,False,False,False,False,False,False,False,,False,,,3470813184.0,Factor / Style,unknown,465.0,True,,False,True,452.0,True,True,False,183.0,,0,0,False,Factor / Style,Factor / Style,Factor / Style,Factor / Style,Factor / Style
2026-08-07,KRE,76.41000366210938,76.55500030517578,75.83999633789062,76.20999908447266,9780028.0,251,745335924.926117,982895767.4796356,1048994590.6332852,0.0158624699367568,0.0958641729212528,0.066402327488634,0.094369622826442,0.1452175715091247,0.0515250859143536,0.0014969353050275,0.0139211623863551,0.0034213856287649,0.0102462405211985,0.9208416342282364,73.85520797729492,69.62062014261882,0.0233936760611706,78.3499984741211,78.3499984741211,0.9726866696703858,1.230249786376953,0.0161428920240941,75.29000091552734,73.94999694824219,73.94999694824219,-0.0296549293187293,State Street SPDR S&P Regional Banking ETF,P,True,False,False,False,False,False,False,False,False,,False,,,4740203520.0,Other,unknown,386.0,True,,False,True,33.0,True,True,False,185.0,,0,0,False,Other,Other,Other,Other,Other
2026-08-07,ACWI,161.25,161.55999755859375,160.6593017578125,161.44000244140625,1775935.0,251,286706950.7357788,433980254.0408478,490519627.7274528,0.0238458266126144,0.0556023098844549,0.1346194123238078,0.1660782862696413,0.1172132797394311,0.1270185895152086,0.003960274018506,0.0065173291026451,0.0170991678747363,0.010220972672877,1.17279042597953,156.31762664794925,149.08641021728516,0.0035948399453245,161.72000122070312,161.72000122070312,0.998268619977842,1.944000244140625,0.0120416267018218,151.4199981689453,151.4199981689453,151.4199981689453,-0.0620664279046802,iShares MSCI ACWI ETF,Q,True,False,False,False,False,False,False,False,False,,False,,,33203742720.0,Country / Region,unknown,90.0,True,,False,True,65.0,True,True,False,186.0,,0,0,False,Country / Region,Country / Region,Country / Region,Country / Region,Country / Region
2026-08-07,IVOO,131.00999450683594,131.8800048828125,130.9199981689453,131.67999267578125,67728.0,251,8918422.543945312,9187998.265525818,9744909.47529384,0.0283482197384734,0.0587482222115214,0.1244988083331526,0.2141589112324613,0.1296068414516161,0.118728563875914,0.00607102387457,0.0076141715217329,0.0147815647176578,0.0101227591403066,1.321405546657951,127.9191911315918,121.84514551798505,0.0090220205194266,131.8800048828125,131.8800048828125,0.9984833773155456,1.5434993743896483,0.0117215937138606,126.11000061035156,126.11000061035156,126.11000061035156,-0.0422994560695637,Vanguard S&P Mid-Cap 400 ETF,P,True,False,False,False,False,False,False,False,False,,False,,,5857669632.0,Other,unknown,351.0,True,,False,True,454.0,True,True,False,187.0,,0,0,False,Other,Other,Other,Other,Other
2026-08-07,SPMD,67.88999938964844,68.28990173339844,67.76000213623047,68.16999816894531,1007671.0,251,68692930.22489929,91461826.34683152,103464651.41267176,0.0283601935051054,0.0587984636530083,0.1248886700285081,0.2165895377096874,0.1283001412286948,0.1181307033202619,0.006142521200628,0.0075438511907112,0.0147531864271997,0.0100671185234822,1.3293662251367326,66.23793350219727,63.08977411905924,0.0090334282849589,68.28990173339844,68.28990173339844,0.9982441977304166,0.816494369506836,0.011977327144462,65.2699966430664,65.2699966430664,65.2699966430664,-0.042540730581976,State Street SPDR Portfolio S&P 400 Mid Cap ETF,P,True,False,False,False,False,False,False,False,False,,False,,,18386264064.0,Factor / Style,unknown,142.0,True,,False,True,186.0,True,True,False,188.0,,0,0,False,Factor / Style,Factor / Style,Factor / Style,Factor / Style,Factor / Style
2026-08-07,MGK,90.58000183105467,90.99500274658205,90.36000061035156,90.79000091552734,776585.0,251,70506152.8609848,122452285.45036124,142721029.69032106,0.0194251448951074,0.0440035074929014,0.1810317013000946,0.0880409448341974,0.0656000226003124,0.1287741091232349,0.0017102081101064,0.0028866310860273,0.0233121960579832,0.0100355788262119,0.4889590269055026,87.64506683349609,82.8693445332845,-0.0032197338946187,91.4000015258789,92.28799613204824,0.9837682550352754,2.772249794006348,0.0305347479463702,83.04000091552734,63.7400016784668,63.7400016784668,-0.2979402903875764,Vanguard Morningstar Mega Cap Growth ETF,P,True,False,False,False,False,False,False,False,False,,False,,,33301635072.0,Factor / Style,unknown,89.0,True,,False,True,147.0,True,True,False,189.0,,0,0,False,Factor / Style,Factor / Style,Factor / Style,Factor / Style,Factor / Style
2026-08-07,ONEQ,104.62000274658205,105.25890350341795,104.375,105.18440246582033,258391.0,251,27178702.937545776,34752483.35705948,39384931.1880481,0.0159799450017406,0.0369297733511575,0.1892859857063777,0.0699406211396483,0.0531928861794783,0.132103876416552,0.0011176472791991,0.001964401230502,0.0250054124631405,0.0100287551619255,0.3581344661417454,102.13087066650392,95.80338353474934,-0.0048482902399815,105.41000366210938,106.92064958960168,0.983761348902708,1.786945343017578,0.0169886912995322,96.1999969482422,96.1999969482422,96.1999969482422,-0.0854157584866026,Fidelity Nasdaq Composite Index ETF,Q,True,False,False,False,False,False,False,False,False,,False,,,10687616000.0,Other,unknown,232.0,True,,False,True,311.0,True,True,False,190.0,,0,0,False,Other,Other,Other,Other,Other
2026-08-07,IJH,77.38999938964844,77.98999786376953,77.2699966430664,77.79000091552734,6180467.0,251,480778533.58838654,467688053.46061593,530238703.18788767,0.0280164239180868,0.0586997899544241,0.1242052708173757,0.215010240867367,0.1281980692870603,0.1179641206411345,0.0060238180548701,0.0075251997397131,0.0146517655509657,0.0100194977736515,1.335504238620466,75.60019104003906,72.0095458984375,0.0090051845178462,77.98999786376953,77.98999786376953,0.9974356077225244,0.9479991912841796,0.012186645843,74.4800033569336,74.4800033569336,74.4800033569336,-0.042550424471496,iShares Core S&P Mid-Cap ETF,P,True,False,False,False,False,False,False,False,False,,False,,,124330491904.0,Other,unknown,22.0,True,,False,True,59.0,True,True,False,191.0,,0,0,False,Other,Other,Other,Other,Other
2026-08-07,IJK,116.88999938964844,117.55999755859376,116.41190338134766,117.37999725341795,131158.0,251,15395325.679763794,20239333.582190704,31210493.54527767,0.0286565298884922,0.0493526645041073,0.1645972446428951,0.1776207141628696,0.0884771939126053,0.1245427495355972,0.0050899933042236,0.0043665852674336,0.0204993934138095,0.0100130681186652,1.2743947229266266,114.13035751342774,108.03302820841472,0.0044017094563415,117.55999755859376,117.5999984741211,0.9981292412962782,1.745000457763672,0.0148662506269811,110.0500030517578,110.0500030517578,110.0500030517578,-0.0624467061950516,iShares S&P Mid-Cap 400 Growth ETF,P,True,False,False,False,False,False,False,False,False,,False,,,11298716672.0,Factor / Style,unknown,218.0,True,,False,True,344.0,True,True,False,192.0,,0,0,False,Factor / Style,Factor / Style,Factor / Style,Factor / Style,Factor / Style
2026-08-07,SCHA,34.79999923706055,34.88999938964844,34.59000015258789,34.83000183105469,1900149.0,251,66182193.14927673,79362944.09159164,76759979.19434284,-0.0022915501778024,0.0575304811767649,0.1693643036920273,0.0,0.0818550841762383,0.117054790409992,-0.0,0.0047091623794235,0.0198249030716045,0.0099996716216869,0.6501865220209393,34.435140991210936,31.948745930989585,0.006564151316974,35.189998626708984,36.20000076293945,0.9621547264361572,0.6215000152587891,0.0178438123050758,32.79999923706055,32.79999923706055,32.79999923706055,-0.058283160702684,Schwab U.S. Small-Cap ETF,P,True,False,False,False,False,False,False,False,False,,False,,,24157184000.0,Other,unknown,114.0,True,,False,True,227.0,True,True,False,193.0,,0,0,False,Other,Other,Other,Other,Other
2026-08-07,BOXX,117.73999786376952,117.77999877929688,117.72000122070312,117.75,3276509.0,251,385808934.75,283851545.1550873,285098412.97706145,0.0029812476113464,0.0097761717149604,0.0194805194805194,0.8974509458692803,0.7599995930989584,0.7328936316147855,0.0026755234886733,0.0074298865254355,0.0142771486678204,0.0098264282752702,1.015742276073558,117.27059936523438,116.42429977416992,0.0015355600797373,117.77999877929688,117.77999877929688,0.9997452981863832,0.0370006561279296,0.0003142306252902,117.56999969482422,117.4000015258789,117.4000015258789,-0.0029723861921111,Alpha Architect 1-3 Month Box ETF,Z,True,False,False,False,False,False,False,False,False,,False,,,12697272320.0,Other,unknown,198.0,True,,False,True,89.0,True,True,False,194.0,,0,0,False,Other,Other,Other,Other,Other
2026-08-07,GRNY,27.8799991607666,27.940000534057617,27.71999931335449,27.84000015258789,1060984.0,251,29537794.72189331,33594519.44733162,43409240.622991286,0.000359332695266,0.0446470970208094,0.1618322849163913,0.0022272225816496,0.0820356600167142,0.1306431006889588,8.003138932214548e-07,0.0036626540719323,0.0211422714930563,0.0097805201693257,0.7373608130744016,27.36688209533692,26.051017163594565,0.0027557380232319,28.15999984741211,28.15999984741211,0.9886363744119968,0.3827999114990234,0.0137499967457234,26.31999969482422,26.31999969482422,26.31999969482422,-0.054597717292842,Fundstrat Granny Shots US Large Cap ETF,P,True,False,False,False,False,False,False,False,False,,False,,,4392313856.0,Factor / Style,unknown,402.0,True,,False,True,299.0,True,True,False,195.0,,0,0,False,Factor / Style,Factor / Style,Factor / Style,Factor / Style,Factor / Style
2026-08-07,BLCR,50.5099983215332,50.5099983215332,50.02999877929688,50.25,331408.0,251,16653252.0,18025142.58592377,32031389.665839057,0.0029940425239012,0.0288186686571254,0.1852527951129858,0.014164454933965,0.0465539466331668,0.1371288170633588,4.240898040017383e-05,0.0013416227627027,0.0254034966515245,0.0097632786237903,0.2138975320964179,49.4543433380127,46.10785649617513,-0.0029931402203186,51.02000045776367,51.02000045776367,0.9849078704262044,0.8266006469726562,0.0164497641188588,46.720001220703125,46.720001220703125,46.720001220703125,-0.0702487319263059,iShares Large Cap Core Active ETF,Q,True,False,False,False,False,False,False,False,False,,False,,,6449013248.0,Factor / Style,unknown,332.0,True,,False,True,341.0,True,True,False,196.0,,0,0,False,Factor / Style,Factor / Style,Factor / Style,Factor / Style,Factor / Style
2026-08-07,MDY,705.780029296875,710.3099975585938,704.5499877929688,709.1599731445312,485503.0,251,344299294.44158936,440147084.5212738,482560519.0381547,0.0280362494780797,0.057340705827666,0.1224303448715578,0.2137015680323722,0.1261829198153788,0.1168387737359787,0.0059913904752124,0.0072354176856096,0.0143046113628657,0.0097096354726492,1.3283438567446648,689.4398364257812,657.2238065592447,0.0088073130123127,710.4199829101562,710.4199829101562,0.998226387494812,8.543002319335937,0.0120466504637238,679.1099853515625,679.1099853515625,679.1099853515625,-0.0423740607633594,State Street SPDR S&P MIDCAP 400 ETF Trust,P,True,False,False,False,False,False,False,False,False,,False,,,28052918272.0,Other,unknown,100.0,True,,False,True,67.0,True,True,False,197.0,,0,0,False,Other,Other,Other,Other,Other
2026-08-07,VGK,92.8499984741211,92.81500244140624,92.38500213623048,92.5999984741211,1225946.0,251,113522597.72935486,190021496.24976423,221172354.08409747,0.045500720257227,0.0754036573552421,0.0867854824699367,0.3247383195151611,0.1512922410780094,0.0741490134875643,0.0147758274330613,0.0114079883067529,0.0064350579101881,0.0096674626679552,2.8090486073133927,88.54684539794921,86.1912212117513,0.0092842540613098,92.81500244140624,92.81500244140624,0.997683521396006,0.9882492065429688,0.0106722378275109,88.4000015258789,87.5999984741211,87.5999984741211,-0.0539956812353226,Vanguard FTSEEuropean ETF,P,True,False,False,False,False,False,False,False,False,,False,,,37858430976.0,Other,unknown,81.0,True,,False,True,110.0,True,True,False,198.0,,0,0,False,Other,Other,Other,Other,Other
2026-08-07,IJJ,149.8699951171875,150.77999877929688,149.44000244140625,150.4199981689453,110695.0,251,16650741.6973114,25725989.47500229,26426587.306231543,0.0269679587309503,0.0679894539301726,0.0817313627340161,0.1985921100780891,0.1604106380645628,0.0891716710245285,0.0053556238288782,0.0109062316866001,0.0072881221901041,0.0096398933628265,1.3371662708969627,146.19411712646485,140.25649963378908,0.0138161206442346,151.6300048828125,151.6300048828125,0.9920200047820196,1.7024993896484375,0.0113183048156686,146.8000030517578,146.10000610351562,146.10000610351562,-0.028719532761712,iShares S&P Mid-Cap 400 Value ETF,P,True,False,False,False,False,False,False,False,False,,False,,,8733020160.0,Factor / Style,unknown,268.0,True,,False,True,373.0,True,True,False,199.0,,0,0,False,Factor / Style,Factor / Style,Factor / Style,Factor / Style,Factor / Style
2026-08-07,EFA,108.75,108.76000213623048,108.19000244140624,108.5500030517578,9184627.0,251,996991288.8792572,1127267211.8275764,1328823002.1459403,0.0404485876223479,0.0717051948363027,0.0990505883969661,0.2670886332666646,0.1435802082198987,0.0846167536512025,0.0108033579856198,0.0102954468050447,0.0083813392373927,0.0096255091563665,2.676168241919381,103.82636734008788,100.85284439086914,0.0078662647628808,108.76000213623048,108.76000213623048,0.9980691515230976,1.296499252319336,0.0119437974746177,102.9800033569336,102.47000122070312,102.47000122070312,-0.0560110701070701,iShares MSCI EAFE ETF,P,True,False,False,False,False,False,False,False,False,,False,,,77217693696.0,Country / Region,unknown,37.0,True,,False,True,26.0,True,True,False,200.0,,0,0,False,Country / Region,Country / Region,Country / Region,Country / Region,Country / Region
2026-08-07,FNDF,55.2400016784668,55.30989837646485,54.95009994506836,55.18999862670898,1300567.0,251,71778290.94394302,76905493.80443744,75283394.89798827,0.0393597026863659,0.0598070481868224,0.1361738897161757,0.2998563332412042,0.1115092550948536,0.1109270431211039,0.0118022561249976,0.0066690393927345,0.0151053669365146,0.0096217540330576,1.7878081160012669,53.35787345886231,51.01531578063965,0.0035781589077983,55.30989837646485,55.30989837646485,0.997832218946783,0.6379951477050781,0.0115599775970337,52.59999847412109,52.27000045776367,52.27000045776367,-0.0529081036710189,Schwab Fundamental International Equity ETF,P,True,False,False,False,False,False,False,False,False,,False,,,23990886400.0,Global Equity,unknown,115.0,True,,False,True,228.0,True,True,False,201.0,,0,0,False,Global Equity,Global Equity,Global Equity,Global Equity,Global Equity
2026-08-07,VT,161.00999450683594,161.3800048828125,160.53489685058594,161.3000030517578,2871816.0,251,463223929.5640869,412547751.622934,486694661.7688647,0.0232823577698528,0.0531010769947435,0.1317775103298806,0.1616026897387193,0.1112340958876408,0.1244548112408735,0.0037624916390673,0.0059066502901703,0.0164003451738975,0.0095794434994748,1.2118209252958123,156.22343383789064,149.18996744791667,0.0033569093572303,162.0,162.0,0.9956790311836902,1.8970001220703123,0.0117606948926194,152.1300048828125,152.1300048828125,152.1300048828125,-0.0568505765372047,Vanguard Total World Stock Index ETF,P,True,False,False,False,False,False,False,False,False,,False,,,96774266880.0,Global Equity,unknown,28.0,True,,False,True,66.0,True,True,False,202.0,,0,0,False,Global Equity,Global Equity,Global Equity,Global Equity,Global Equity
2026-08-07,JTEK,101.4499969482422,102.08999633789062,101.0999984741211,102.03350067138672,156574.0,251,15975793.334121704,31700379.87704849,30665854.784246776,-0.0243497907351517,0.0135442786057586,0.2689155083258219,0.0,0.0100869067754255,0.1001869423829683,-0.0,0.0001366198756366,0.0269418225385257,0.0095184408076478,0.0247700352738032,102.78705001831057,93.7751966349284,-0.0132236052291191,105.12000274658205,111.81999969482422,0.912479886870448,3.235249328613281,0.0317077166550705,89.68000030517578,89.68000030517578,89.68000030517578,-0.1210729837251897,JPMorgan U.S. Tech Leaders ETF,Q,True,False,False,False,False,False,False,False,False,,False,,,4632256512.0,Other,unknown,393.0,True,,False,True,345.0,True,True,False,203.0,,0,0,False,Other,Other,Other,Other,Other
2026-08-07,IEUR,78.52999877929688,78.54000091552734,78.16999816894531,78.33999633789062,1814607.0,251,142156305.7347107,64229717.66470337,73500776.25489734,0.0427259310771055,0.0739221589514989,0.0864725116057312,0.3095465992553065,0.1510702119391972,0.0741408509787456,0.0132256666649346,0.0111674362198059,0.0064111455967183,0.0095027345017253,2.7354095672250285,75.04360412597656,73.01314432779948,0.0091219430229385,78.54000091552734,78.54000091552734,0.9974534686108314,0.8537506103515625,0.0108980169806138,74.90499877929688,74.2249984741211,74.2249984741211,-0.0525274196595696,iShares Core MSCI Europe ETF,P,True,False,False,False,False,False,False,False,False,,False,,,8644286464.0,Country / Region,unknown,270.0,True,,False,True,235.0,True,True,False,204.0,,0,0,False,Country / Region,Country / Region,Country / Region,Country / Region,Country / Region
2026-08-07,AIA,135.86000061035156,135.86000061035156,133.57000732421875,135.24000549316406,60030.0,251,8118457.529754639,57294188.01374054,73678735.55241418,-0.02578880306996,0.0165200337192699,0.2773942686893962,0.0,0.0119525482862155,0.0964190209392242,-0.0,0.0001974565007194,0.0267460838011836,0.0094894760558819,0.0273071034637398,137.71184143066407,122.5043923441569,-0.0037177906505549,137.97000122070312,150.82000732421875,0.896698043532366,4.017499542236328,0.0297064432050721,124.12000274658205,124.12000274658205,124.12000274658205,-0.0822242109946091,iShares Asia 50 ETF,Q,True,False,False,False,False,False,False,False,False,,False,,,5221864448.0,Country / Region,unknown,367.0,True,,False,True,234.0,True,True,False,205.0,,0,0,False,Country / Region,Country / Region,Country / Region,Country / Region,Country / Region
2026-08-07,PDBC,17.239999771118164,17.389999389648438,17.229999542236328,17.25,3170644.0,251,54693609.0,163309971.09622878,123248875.63424768,0.0492700389068943,-0.0443212892451527,0.2216713980034841,0.1727077555877378,0.0,0.122027310335812,0.0085093178373302,-0.0,0.0270499644767444,0.0094674875668605,-0.0,17.00599992752075,16.469666659037273,-0.0130807760994209,18.229999542236328,18.950000762939453,0.9102902008181368,0.3102502822875976,0.0179855236108752,16.84000015258789,16.579999923706055,16.579999923706055,-0.0388405841329823,Invesco Optimum Yield Diversified Commodity Strategy No K-1 ETF,Q,True,False,False,False,False,False,False,False,False,,False,,,5328577024.0,Commodity,unknown,366.0,True,,False,True,162.0,True,True,False,206.0,,0,0,False,Commodity,Commodity,Commodity,Commodity,Commodity
2026-08-07,BBEU,81.05000305175781,81.04000091552734,80.61000061035156,80.77999877929688,151630.0,251,12248671.214904783,16829457.514907837,26092617.339710053,0.0412477039535368,0.0732686567421376,0.0851201662403082,0.308583208506105,0.1506187523846456,0.072256486319286,0.0127283488294923,0.0110356336673996,0.0061504841274381,0.0093258313284131,2.7819470715793133,77.46239471435547,75.39712417602539,0.0091520269242089,81.04000091552734,81.04000091552734,0.9967916814746648,0.8703495025634765,0.0107743193329502,77.31999969482422,76.09300231933594,76.09300231933594,-0.0580217446247618,JPMorgan BetaBuilders Europe ETF,Z,True,False,False,False,False,False,False,False,False,,False,,,9113485312.0,Country / Region,unknown,262.0,True,,False,True,374.0,True,True,False,207.0,,0,0,False,Country / Region,Country / Region,Country / Region,Country / Region,Country / Region
2026-08-07,VUG,89.30999755859375,89.62000274658203,88.98500061035156,89.4000015258789,5003076.0,251,447275002.0340881,615228500.0685546,652660668.5047103,0.0228832947949984,0.0400829841192971,0.1715235046296217,0.1085776438008471,0.0633020340448974,0.1271418676874283,0.0024846142312411,0.0025373344253408,0.0218078187309033,0.0092820039322877,0.4910127949709434,86.14901260375977,81.79602966308593,-0.0031104739266576,90.0199966430664,90.4996337030468,0.9878493190284496,1.4940006256103515,0.0167114161086214,81.95999908447266,81.95999908447266,81.95999908447266,-0.0832215023984375,Vanguard Morningstar Growth ETF,P,True,False,False,False,False,False,False,False,False,,False,,,379207221248.0,Factor / Style,unknown,8.0,True,,False,True,48.0,True,True,False,208.0,,0,0,False,Factor / Style,Factor / Style,Factor / Style,Factor / Style,Factor / Style
2026-08-07,JIRE,85.87999725341797,85.79000091552734,85.40129852294922,85.72000122070312,154686.0,251,13259684.108825684,35554047.79610138,37607781.25698901,0.0377724310438036,0.071500015258789,0.0977078401924611,0.2429907930349116,0.1389700455132033,0.0813000199006528,0.0091783529741903,0.0099363603747086,0.0079436493520968,0.0092389115167945,2.640302617814236,82.11719985961913,79.83606689453126,0.0085332777971258,85.79000091552734,85.79000091552734,0.9991840576515072,0.9935504913330078,0.0115906495238481,81.42500305175781,81.12000274658203,81.12000274658203,-0.053663070562464,JPMorgan International Research Enhanced Equity ETF,P,True,False,False,False,False,False,False,False,False,,False,,,11130201088.0,Global Equity,unknown,222.0,True,,False,True,317.0,True,True,False,209.0,,0,0,False,Global Equity,Global Equity,Global Equity,Global Equity,Global Equity
2026-08-07,VOT,306.3699951171875,307.3399963378906,304.29998779296875,306.2799987792969,191883.0,251,58769925.00576782,62021031.86826935,62170148.958909295,0.0132997713352454,0.0540071126329313,0.154022250743903,0.0748323434424343,0.0847402829597634,0.1153970906168063,0.0009952530562649,0.0045765780063544,0.0177737196260986,0.0091955775732648,0.7993933859958174,299.2914562988281,284.10553375244143,0.0076697085402825,309.70001220703125,309.70001220703125,0.9889570122927598,5.069999694824219,0.0165534795449624,289.0899963378906,289.0899963378906,289.0899963378906,-0.056125122469369,Vanguard Morningstar Mid-Cap Growth ETF,P,True,False,False,False,False,False,False,False,False,,False,,,34797047808.0,Factor / Style,unknown,86.0,True,,False,True,257.0,True,True,False,210.0,,0,0,False,Factor / Style,Factor / Style,Factor / Style,Factor / Style,Factor / Style
2026-08-07,ILCG,117.62999725341795,117.92729949951172,117.25499725341795,117.72000122070312,33938.0,251,3995181.401428223,5895493.574008179,9338834.142369833,0.0102987007570269,0.0373032072656016,0.1845179385829691,0.044977656581936,0.0516330685684083,0.1228689508343643,0.0004632114258896,0.0019260790585663,0.022671525523809,0.0091869853214013,0.4064862210708034,114.85220794677734,107.9472360229492,-0.0038178795762532,118.48999786376952,120.47084253119948,0.9771659162275392,2.131865310668945,0.0181096269840508,107.68000030517578,107.68000030517578,107.68000030517578,-0.0852871288771413,iShares Morningstar Large-Cap Growth ETF,P,True,False,False,False,False,False,False,False,False,,False,,,3202697216.0,Factor / Style,unknown,481.0,True,,False,True,458.0,True,True,False,211.0,,0,0,False,Factor / Style,Factor / Style,Factor / Style,Factor / Style,Factor / Style
2026-08-07,IDEV,93.38999938964844,93.4000015258789,92.99500274658205,93.30999755859376,970054.0,251,90515736.3717041,120843232.0210312,126015354.83283536,0.0411737859732708,0.0660479628526677,0.1013762150722039,0.2691462478791005,0.1392266677495025,0.0894009812387076,0.0110817700056829,0.0091956377796198,0.0090631331017212,0.0091492611423553,2.7372102801468468,89.29937210083008,86.83208038330078,0.0068888533671847,93.4000015258789,93.4000015258789,0.9990363601090496,1.072200393676758,0.0114907343449824,88.56500244140625,88.19000244140625,88.19000244140625,-0.0548708096790209,iShares Core MSCI International Developed Markets ETF,P,True,False,False,False,False,False,False,False,False,,False,,,30637815808.0,Country / Region,unknown,93.0,True,,False,True,158.0,True,True,False,212.0,,0,0,False,Country / Region,Country / Region,Country / Region,Country / Region,Country / Region
2026-08-07,SCHM,36.0099983215332,36.15999984741211,35.81999969482422,36.09000015258789,777089.0,251,28045142.12857437,32939281.09309254,36796344.47345752,0.0078190105713236,0.0547319684632054,0.144331951901848,0.0445858015482328,0.0914123039620122,0.1152601192584543,0.0003486168536365,0.0050031753375978,0.0166357179890125,0.0090745652655929,1.0436051092010914,35.51204826354981,33.436698824564616,0.0052712413431967,36.36000061035156,36.900001525878906,0.9780487441789686,0.5495002746582032,0.0152258318740627,34.099998474121094,34.099998474121094,34.099998474121094,-0.0551399742325603,Schwab U.S. Mid Cap ETF,P,True,False,False,False,False,False,False,False,False,,False,,,15320031232.0,Factor / Style,unknown,167.0,True,,False,True,323.0,True,True,False,213.0,,0,0,False,Factor / Style,Factor / Style,Factor / Style,Factor / Style,Factor / Style
2026-08-07,PTLC,60.119998931884766,60.34000015258789,60.01499938964844,60.27999877929688,87716.0,251,5287520.372924805,6579089.69052124,6274359.183195811,0.0236033181194559,0.059030230471524,0.0920289482997265,0.1755048449509725,0.140058395562675,0.1089894521690046,0.0041424966868835,0.0082676793695365,0.0100301846588768,0.0088845562208056,0.978799677186198,58.22679977416992,56.443013178507485,0.0032772430432645,60.540000915527344,60.540000915527344,0.9957052835761722,0.6342500686645508,0.0105217332698816,56.86000061035156,56.86000061035156,56.86000061035156,-0.0567352063404471,Pacer Trendpilot US Large Cap ETF,Z,True,False,False,False,False,False,False,False,False,,False,,,3292433408.0,Factor / Style,unknown,473.0,True,,False,True,464.0,True,True,False,214.0,,0,0,False,Factor / Style,Factor / Style,Factor / Style,Factor / Style,Factor / Style
2026-08-07,IEFA,101.27999877929688,101.26000213623048,100.75,101.08000183105467,4887941.0,251,494073085.2300873,816551285.673095,917263474.2551988,0.0397037704369991,0.0670414521242477,0.0978279612749422,0.254617649279082,0.1370364334079089,0.0845450216851056,0.010109280696185,0.0091871214895939,0.0082708671073996,0.0088664324558259,2.610376524353254,96.77586288452147,94.05917287190756,0.0070297992447976,101.26000213623048,101.26000213623048,0.99822239481159,1.1935001373291017,0.0118074803691032,95.87000274658205,95.48999786376952,95.48999786376952,-0.055302768757645,iShares Core MSCI EAFE ETF,Z,True,False,False,False,False,False,False,False,False,,False,,,186543423488.0,Country / Region,unknown,13.0,True,,False,True,38.0,True,True,False,215.0,,0,0,False,Country / Region,Country / Region,Country / Region,Country / Region,Country / Region
2026-08-07,DFAI,43.27000045776367,43.34590148925781,43.165000915527344,43.310001373291016,1659722.0,251,71882562.09928131,80591104.27395897,64567626.84809694,0.0416065287650913,0.0631727494874212,0.097975340696651,0.2927245042662055,0.1397216717589125,0.0906155687045971,0.0121792505069989,0.0088266021679894,0.0088780912162536,0.0088446233348819,2.919567919216124,41.456087265014645,40.40063222249349,0.0064239516520485,43.34590148925781,43.34590148925781,0.999171775998806,0.4705451965332031,0.0108645851215184,41.20500183105469,41.02000045776367,41.02000045776367,-0.052874644260334,Dimensional International Core Equity Market ETF,P,True,False,False,False,False,False,False,False,False,,False,,,16829969408.0,Global Equity,unknown,156.0,True,,False,True,255.0,True,True,False,216.0,,0,0,False,Global Equity,Global Equity,Global Equity,Global Equity,Global Equity
2026-08-07,FV,72.01000213623047,72.58000183105469,72.01000213623047,72.58000183105469,52410.0,251,3803917.895965576,4329830.924247742,4881262.0386953205,-0.0057397870533673,0.0743507337567401,0.1295289860449853,0.0,0.0967689969515511,0.0909540137925606,-0.0,0.0071948459282515,0.0117811811832719,0.0088000632675087,0.7847972881112848,72.00192474365234,67.47004819234212,-0.0001487322572666,72.66000366210938,76.08000183105469,0.9539957950083624,1.4363510131835937,0.019789900481499,68.68000030517578,68.52999877929688,68.52999877929688,-0.0558005366434827,First Trust Dorsey Wright Focus 5 ETF,Q,True,False,False,False,False,False,False,False,False,,False,,,3943691776.0,Other,unknown,430.0,True,,False,True,467.0,False,False,False,217.0,,0,0,False,Other,Other,Other,Other,Other
2026-08-07,EWJ,96.66999816894533,96.95999908447266,96.30999755859376,96.9000015258789,4200203.0,251,406999677.1090012,404841040.1443981,504953521.3463473,0.0248545573587626,0.0707384685214511,0.1315504003184515,0.105145280991964,0.1040645427496375,0.0857411397005302,0.0026133394174179,0.0073613663814944,0.011279281251365,0.0087326365859491,1.7571582385598297,92.8472444152832,89.06936345418295,0.0041626453771266,96.95999908447266,97.5199966430664,0.9936423796295158,1.7960002899169922,0.0185345744234827,89.08999633789062,89.08999633789062,89.08999633789062,-0.0805986074819872,iShares MSCI Japan Index Fund,P,True,False,False,False,False,False,False,False,False,,False,,,22312462336.0,Country / Region,unknown,123.0,True,,False,True,62.0,True,True,False,218.0,,0,0,False,Country / Region,Country / Region,Country / Region,Country / Region,Country / Region
2026-08-07,DISV,43.88999938964844,43.90999984741211,43.518798828125,43.869998931884766,256879.0,251,11269281.455623629,13680128.492775535,13224862.64671465,0.072616070787348,0.064370583712773,0.0919683628702592,0.4991591638954016,0.1392000422698932,0.0861071794936076,0.0362469771795819,0.0089603879737557,0.0079191363294026,0.0085959498982321,2.7433609466401614,41.40001861572266,40.618589833577474,0.005143314070509,43.90999984741211,43.90999984741211,0.9990890249221966,0.5020994186401367,0.0114451659645519,41.34000015258789,40.650001525878906,40.650001525878906,-0.0733986205699577,Dimensional International Small Cap Value ETF,Z,True,False,False,False,False,False,False,False,False,,False,,,4663429632.0,Factor / Style,unknown,391.0,True,,False,True,435.0,True,True,False,219.0,,0,0,False,Factor / Style,Factor / Style,Factor / Style,Factor / Style,Factor / Style
2026-08-07,FENI,41.79999923706055,41.84510040283203,41.630001068115234,41.7599983215332,1001254.0,251,41812365.359428406,58345954.78294029,57839270.55901918,0.0357142519248043,0.0680807075570646,0.0993704531134793,0.2337654375651392,0.1290594466584755,0.0812546770945808,0.0083487577285135,0.0087864584454322,0.0080743140804779,0.0085372079176982,2.786154594842116,40.06757621765136,38.88539738972982,0.0065111688722132,41.84510040283203,41.84510040283203,0.9979662593594096,0.5012056350708007,0.0120020511306476,39.4900016784668,39.470001220703125,39.470001220703125,-0.0548370975304676,Fidelity Enhanced International ETF,P,True,False,False,False,False,False,False,False,False,,False,,,10288922624.0,Global Equity,unknown,241.0,True,,False,True,269.0,True,True,False,220.0,,0,0,False,Global Equity,Global Equity,Global Equity,Global Equity,Global Equity
2026-08-07,EWY,168.71499633789062,169.0800018310547,161.80999755859375,166.08999633789062,15076005.0,251,2503973615.2400208,4304949227.942711,4127362477.823596,-0.0949760654358586,-0.060311194693688,0.3816653989089349,0.0,0.0,0.0636567881678573,-0.0,-0.0,0.0242955934493468,0.0085034577072713,-0.0,184.22279998779297,154.37326670328775,-0.0263960920989746,177.52000427246094,220.88999938964844,0.7519127022356001,10.092499542236329,0.0607652463409314,142.63999938964844,142.63999938964844,142.63999938964844,-0.1411884969913294,iShares MSCI South Korea ETF,P,True,False,False,False,False,False,False,False,False,,False,,,24467890176.0,Country / Region,unknown,113.0,True,,False,True,8.0,True,True,False,221.0,,0,0,False,Country / Region,Country / Region,Country / Region,Country / Region,Country / Region
2026-08-07,DIHP,35.68000030517578,35.63999938964844,35.52000045776367,35.619998931884766,449586.0,251,16014252.839790344,20346132.61753731,21711029.3096896,0.0448811608227794,0.0620710089457849,0.0886146150867872,0.3493144003790306,0.1444598773152946,0.0858137146142193,0.015677635781124,0.0089667703371446,0.0076043492897064,0.0084899229705412,3.743812466259608,34.07870307922363,33.40058944702148,0.0057884101382337,35.63999938964844,35.63999938964844,0.9994388199184572,0.3692501068115234,0.010366370518922,33.79499816894531,33.630001068115234,33.630001068115234,-0.0558674318765408,Dimensional International High Profitability ETF,Z,True,False,False,False,False,False,False,False,False,,False,,,6191810560.0,Global Equity,unknown,343.0,True,,False,True,396.0,True,True,False,222.0,,0,0,False,Global Equity,Global Equity,Global Equity,Global Equity,Global Equity
2026-08-07,JAAA,50.560001373291016,50.560001373291016,50.540000915527344,50.560001373291016,7141811.0,251,361089973.9677849,256721042.06466883,255787415.4146958,0.004141496208597,0.0116712381674966,0.0224607312313978,0.7235126728873006,0.6619765871229176,0.4407532717212774,0.0029964249916346,0.0077260864096181,0.0098996407754908,0.0084868304376735,1.0144672522123095,50.31868942260742,49.856189524332684,0.0017111741833157,50.560001373291016,50.560001373291016,1.0,0.0246363714477663,0.0004872699916654,50.44610001497151,50.32158886447932,50.32158886447932,-0.0047154371506334,Janus Henderson AAA CLO ETF,P,True,False,False,False,False,False,False,False,False,,False,,,28412567552.0,Other,unknown,98.0,True,,False,True,98.0,True,True,False,223.0,,0,0,False,Other,Other,Other,Other,Other
2026-08-07,EFAV,94.02999877929688,94.2750015258789,94.03500366210938,94.25,661859.0,251,62380210.75,54084675.52205048,45746196.65748039,0.0516625430877322,0.0568986874851189,0.0607513774658201,0.459780573787197,0.1766286572499631,0.0811908679437725,0.0237534337041833,0.0100499387697818,0.0049324570652296,0.0082588201731885,3.915644231496041,89.64584655761719,89.37193954467773,0.0074237178009379,94.2750015258789,94.2750015258789,0.9997348021694592,0.8537494659423828,0.0090583497712719,91.37999725341795,89.58999633789062,89.58999633789062,-0.0494430096775529,iShares MSCI EAFE Min Vol Factor ETF,Z,True,False,False,False,False,False,False,False,False,,False,,,5082040320.0,Country / Region,unknown,374.0,True,,False,True,294.0,True,True,False,224.0,,0,0,False,Country / Region,Country / Region,Country / Region,Country / Region,Country / Region
2026-08-07,FDL,51.369998931884766,51.915000915527344,51.22999954223633,51.88999938964844,711866.0,251,36938726.30551148,48555048.44275131,42067364.83456639,0.0419678751929084,0.0646544238059156,0.0647445929151775,0.2753626102003799,0.1487217654987857,0.0864243788122064,0.011556383657683,0.0096155200557225,0.0055955112241433,0.0082085169646698,2.2516533401256917,50.21043670654297,49.13041247049967,0.0086474663315265,53.15999984741211,53.15999984741211,0.976109848355737,0.7602497100830078,0.0146511797846478,50.9900016784668,49.709999084472656,49.709999084472656,-0.0420119547276516,First Trust Morningstar ETF,P,True,False,False,False,False,False,False,False,False,,False,,,7288230400.0,Other,unknown,302.0,True,,False,True,303.0,True,True,False,225.0,,0,0,False,Other,Other,Other,Other,Other
2026-08-07,BBIN,81.69999694824219,81.79740142822266,81.34010314941406,81.55500030517578,33125.0,251,2701509.385108948,13960945.63076973,10340835.530529326,0.0391819166247591,0.0656228333430528,0.0918051419418171,0.2611460345969285,0.1316441307670125,0.0774900413175617,0.0102322021544633,0.0086388608539147,0.007113984242236,0.0081051540398271,2.821420709055042,78.12115295410156,76.10542256673178,0.0069583243619646,81.79740142822266,81.79740142822266,0.9970365669469392,0.9614200592041016,0.0117886095960579,77.43000030517578,77.0199966430664,77.0199966430664,-0.0556066905173141,JPMorgan BetaBuilders International Equity ETF,Z,True,False,False,False,False,False,False,False,False,,False,,,6496628224.0,Global Equity,unknown,328.0,True,,False,True,450.0,True,True,False,226.0,,0,0,False,Global Equity,Global Equity,Global Equity,Global Equity,Global Equity
2026-08-07,FLJP,41.2400016784668,41.26499938964844,41.03499984741211,41.2400016784668,591049.0,251,24374861.75205612,29573987.61795635,40938795.77609053,0.0218037922400211,0.064655752260671,0.1257165616702245,0.0956522820802537,0.1023903234856936,0.0863959350396947,0.0020855824857617,0.0066201233891809,0.0108613998954744,0.0081045701663837,1.677148544316592,39.63787826538086,38.09981859842936,0.0030623832452607,41.26499938964844,41.34942477044154,0.9973536973589784,0.719749641418457,0.0174527064045748,38.119998931884766,38.119998931884766,38.119998931884766,-0.0756547676915134,Franklin FTSE Japan ETF,P,True,False,False,False,False,False,False,False,False,,False,,,3791726592.0,Country / Region,unknown,442.0,True,,False,True,307.0,True,True,False,227.0,,0,0,False,Country / Region,Country / Region,Country / Region,Country / Region,Country / Region
2026-08-07,XLI,185.4499969482422,185.8699951171875,183.9949951171875,185.17999267578125,6112891.0,251,1131985110.6078491,1229477936.1240356,1329064983.3835895,0.0179199348045751,0.0668712506956974,0.1056435491031508,0.1182872496568708,0.1150646941005291,0.083088581708851,0.0021196998020636,0.0076945200054202,0.0087777726616701,0.0080736584351077,1.500539080345774,179.59020812988285,172.2970526123047,0.012402377056365,188.19000244140625,188.19000244140625,0.9840054746449022,2.9947486877441407,0.0161720963721358,175.9600067138672,175.9600067138672,175.9600067138672,-0.0497893202645098,State Street Industrial Select Sector SPDR ETF,P,True,False,False,False,False,False,False,False,False,,False,,,33963890688.0,Sector,unknown,87.0,True,,False,True,25.0,True,True,False,228.0,,0,0,False,Sector,Sector,Sector,Sector,Sector
2026-08-07,EAGL,34.689998626708984,35.0099983215332,34.720001220703125,34.84000015258789,341738.0,251,11906151.97214508,7374060.91211052,11010092.291422404,0.0493975708422012,0.0589665208733498,0.1021828370727262,0.3048327559287374,0.1118155418104233,0.1041263665951523,0.0150579976560132,0.0065933734801292,0.0106399275527674,0.0080096674055526,2.121321655051497,32.96169979095459,32.38903333028158,0.0084502264180479,35.0099983215332,35.0099983215332,0.9951442965696816,0.4467496871948242,0.0128228956727383,32.790000915527344,32.11000061035156,32.11000061035156,-0.0783581954730142,Eagle Capital Select Equity ETF,P,True,False,False,False,False,False,False,False,False,,False,,,4262146816.0,Other,unknown,408.0,True,,False,True,447.0,True,True,False,229.0,,0,0,False,Other,Other,Other,Other,Other
2026-08-07,EWU,48.84000015258789,48.86000061035156,48.54999923706055,48.63999938964844,918159.0,251,44659253.19960022,53200080.33225174,65411780.37331935,0.0437768451142812,0.0662792029844181,0.0739386012965408,0.3457627776161381,0.1443319357357637,0.0680193782316294,0.0151364035619853,0.0095662056657646,0.005029257687507,0.0079782738733745,3.712706702889169,46.66668594360352,46.06933652242025,0.0088685621884885,48.86000061035156,48.86000061035156,0.9954973144094372,0.5125,0.0105365955269536,47.2400016784668,46.20000076293945,46.20000076293945,-0.0501644460799122,iShares MSCI United Kingdom ETF,P,True,False,False,False,False,False,False,False,False,,False,,,3667788800.0,Country / Region,unknown,449.0,True,,False,True,254.0,True,True,False,230.0,,0,0,False,Country / Region,Country / Region,Country / Region,Country / Region,Country / Region
2026-08-07,JGLO,74.3499984741211,74.46939849853516,74.18000030517578,74.44999694824219,20362.0,251,1515950.8378601074,27915766.30986023,17207116.316128686,0.0334535813726704,0.0546819777674307,0.0929241624550252,0.2288697111333464,0.1302293759343687,0.1014520239537242,0.0076565115051389,0.0071211998395095,0.0094273443552669,0.0079283504200246,2.266707046955721,71.27160034179687,69.5080667368571,0.0047338581756912,74.62999725341797,74.62999725341797,0.9975880971217972,0.7877693176269531,0.0105811867013857,70.0250015258789,70.0250015258789,70.0250015258789,-0.0594358039455602,JPMorgan Global Select Equity ETF,Q,True,False,False,False,False,False,False,False,False,,False,,,6879447552.0,Global Equity,unknown,313.0,True,,False,True,414.0,True,True,False,231.0,,0,0,False,Global Equity,Global Equity,Global Equity,Global Equity,Global Equity
2026-08-07,CGMM,33.099998474121094,33.16999816894531,32.98500061035156,33.13999938964844,665792.0,251,22064346.47363281,23188171.02176361,28099211.43192921,0.0195354038045574,0.057380508039605,0.100517413892033,0.1349626151099493,0.1249720333923945,0.0925712224417008,0.0026365491846919,0.007170958766798,0.0093050198806638,0.0079178801566511,3.0087223172979347,32.1707889175415,31.138418896993,0.0074392091388546,33.189998626708984,33.25,0.9966917109668704,0.408249568939209,0.0123189371290914,31.700000762939453,31.700000762939453,31.700000762939453,-0.0434519810872048,Capital Group U.S. Small and Mid Cap ETF,P,True,False,False,False,False,False,False,False,False,,False,,,3082042368.0,Factor / Style,unknown,498.0,True,,False,True,363.0,True,True,False,232.0,,0,0,False,Factor / Style,Factor / Style,Factor / Style,Factor / Style,Factor / Style
2026-08-07,BBAX,65.26000213623047,65.45719909667969,65.26499938964844,65.38999938964844,213851.0,251,13983716.759475708,13669137.941722106,15781369.724891055,0.064810284190288,0.056315671190058,0.097606908260708,0.3879145373188156,0.1271728271589253,0.08943400430745,0.0251408514051765,0.0071618231185921,0.008729376653825,0.0077104668559236,2.52778580602928,61.43988670349121,60.61938486735026,0.0099589994499074,65.45719909667969,65.45719909667969,0.9989733794302442,0.7413595199584961,0.0113375061458687,62.63999938964844,60.95000076293945,60.95000076293945,-0.0679002701965441,JPMorgan BetaBuilders Developed Asia Pacific-ex Japan ETF,Z,True,False,False,False,False,False,False,False,False,,False,,,6249870336.0,Country / Region,unknown,340.0,True,,False,True,422.0,True,True,False,233.0,,0,0,False,Country / Region,Country / Region,Country / Region,Country / Region,Country / Region
2026-08-07,SCHH,24.01000022888184,24.20009994506836,23.94499969482422,24.11000061035156,5056528.0,251,121912893.16625977,142645802.71587867,141101081.98817578,0.0092089253379576,0.0358405580693741,0.1280688033063739,0.0808826519950689,0.0781243580734576,0.1304523940337234,0.0007448423033586,0.0028000205921643,0.0167068819923505,0.0076674220822295,0.3420505802165434,23.940229721069336,22.75125317891439,0.0089645985859487,25.030000686645508,25.030000686645508,0.963244105031735,0.3347550392150878,0.0138844890394304,23.850000381469727,23.850000381469727,23.850000381469727,-0.0107839163127273,Schwab U.S. REIT ETF,P,True,False,False,False,False,False,False,False,False,,False,,,11128644608.0,REIT / Infra,unknown,223.0,True,,False,True,149.0,True,True,False,234.0,,0,0,False,REIT / Infra,REIT / Infra,REIT / Infra,REIT / Infra,REIT / Infra
2026-08-07,AOA,99.29000091552734,99.4000015258789,99.08499908447266,99.38999938964844,64884.0,251,6448820.720397949,10370116.114297483,10402801.211809916,0.018862083857797,0.0432212320781066,0.1050951329227809,0.1602784862956617,0.112710980949692,0.1220883377412921,0.0030231862491095,0.0048715074653777,0.0128308900832424,0.0076572913816303,1.2219186875629888,96.83302673339844,93.2824653116862,0.0031101056307369,99.62999725341795,99.62999725341795,0.9975911083972122,0.9485004425048827,0.0095432181137901,94.87999725341795,94.87999725341795,94.87999725341795,-0.0453768202427435,iShares Core 80/20 Aggressive Allocation ETF,P,True,False,False,False,False,False,False,False,False,,False,,,3205894144.0,Other,unknown,480.0,True,,False,True,449.0,True,True,False,235.0,,0,0,False,Other,Other,Other,Other,Other
2026-08-07,DFIC,39.27000045776367,39.27000045776367,39.11009979248047,39.22999954223633,1620199.0,251,63560406.02833176,73687804.12767239,56222288.17453481,0.0436286082200383,0.0558007545489973,0.0943168126282978,0.3094336689305322,0.1256307006917396,0.0894445414335983,0.0135001603118592,0.0070102878931183,0.0084361240550167,0.0075093305497827,3.1168786371456694,37.58741394042968,36.70972747802735,0.0045893881392264,39.27000045776367,39.27000045776367,0.9989813874443326,0.4233503341674804,0.0107914947516552,37.275001525878906,37.09199905395508,37.09199905395508,-0.0544991209082071,Dimensional International Core Equity 2 ETF,Z,True,False,False,False,False,False,False,False,False,,False,,,14218919936.0,Global Equity,unknown,179.0,True,,False,True,272.0,True,True,False,236.0,,0,0,False,Global Equity,Global Equity,Global Equity,Global Equity,Global Equity
2026-08-07,XAR,285.44000244140625,287.05499267578125,279.1133117675781,286.8299865722656,167946.0,251,48171948.92486572,56067612.43922424,59429554.62543306,0.0566585878563317,0.0918425620469312,0.1065491743775544,0.1919137222018492,0.0936473662933065,0.0513764841733683,0.0108735604902091,0.0086008140493247,0.0054741219710938,0.0075064718219439,3.436718575875288,274.95188903808594,271.98928985595705,0.0039827061889226,290.760009765625,295.1978245154552,0.9716534566034668,7.652584075927734,0.0266798606637304,254.92999267578125,254.92999267578125,254.92999267578125,-0.1112156866083013,State Street SPDR S&P Aerospace & Defense ETF,P,True,False,False,False,False,False,False,False,False,,False,,,6468274688.0,Industry / Theme,unknown,331.0,True,,False,True,263.0,True,True,False,237.0,,0,0,False,Industry / Theme,Industry / Theme,Industry / Theme,Industry / Theme,Industry / Theme
2026-08-07,CGXU,34.79999923706055,34.919898986816406,34.540000915527344,34.810001373291016,1039130.0,251,36172116.72702789,33051982.15307045,32095403.892195564,0.0110369173612265,0.0643130766388486,0.1501391790421633,0.0479194036183322,0.0751835073474521,0.0828841428433759,0.0005288824977347,0.0048352826700141,0.0124441571621178,0.0074983887422504,1.0180749163405494,34.12218994140625,32.04311683654785,0.0046092069334882,34.919898986816406,35.83886267180888,0.9712920215147572,0.6457448959350586,0.0185505564625034,32.29499816894531,32.29499816894531,32.29499816894531,-0.0722494428361445,Capital Group International Focus Equity ETF,P,True,False,False,False,False,False,False,False,False,,False,,,6228755968.0,Global Equity,unknown,341.0,True,,False,True,340.0,True,True,False,238.0,,0,0,False,Global Equity,Global Equity,Global Equity,Global Equity,Global Equity
2026-08-07,FLOT,50.91999816894531,50.93999862670898,50.90999984741211,50.93000030517578,1497526.0,251,76268999.63700867,103098492.1575058,95250264.89932008,0.0024943355778273,0.011586385773199,0.0211688996986207,0.4137943920576988,0.5713783955460897,0.4087058222419774,0.0010321420740149,0.0066202105132685,0.0086518525572827,0.0073312852286734,0.9274217775719178,50.73509590148926,50.278003540039066,0.0016905574555499,50.959999084472656,50.959999084472656,0.9994113269262986,0.0352582673447045,0.0006922887715184,50.83317184448242,50.77338476042049,50.77338476042049,-0.0030751137603934,iShares Floating Rate Bond ETF,Z,True,False,False,False,False,False,False,False,False,,False,,,9968492544.0,Bond,unknown,248.0,True,,False,True,201.0,True,True,False,239.0,,0,0,False,Bond,Bond,Bond,Bond,Bond
2026-08-07,SPDW,51.72999954223633,51.77999877929688,51.415000915527344,51.650001525878906,2595166.0,251,134040327.85990906,141003228.62430725,158369367.19686767,0.0270431613758761,0.0558286024824306,0.1192234984611206,0.1588786212895819,0.0940974141233852,0.0893833868252031,0.0042965801947108,0.0052533271277191,0.0106566000816043,0.0071444726615789,1.8593759242005288,50.0847705078125,48.05989913940429,0.0039918423395048,51.77999877929688,51.77999877929688,0.9974894311223904,0.6975002288818359,0.0135043602763953,48.68999862670898,48.68999862670898,48.68999862670898,-0.0573088637313365,State Street SPDR Portfolio Developed World ex-US ETF,P,True,False,False,False,False,False,False,False,False,,False,,,40294080512.0,Country / Region,unknown,78.0,True,,False,True,137.0,True,True,False,240.0,,0,0,False,Country / Region,Country / Region,Country / Region,Country / Region,Country / Region
2026-08-07,FWD,132.55999755859375,132.77000427246094,130.625,132.42999267578125,439915.0,251,58257940.22796631,43798542.88805389,37216764.59237477,-0.0414737321543629,0.007838651652513,0.2282507238973625,0.0,0.005962021370961,0.087867728829063,-0.0,4.673420867180234e-05,0.0200558727124508,0.0070499326849944,0.0212072532548639,136.39300033569336,124.240199991862,-0.0122862281697758,136.42999267578125,149.56900024414062,0.8854106964652871,4.063000106811524,0.0306803619385426,117.86000061035156,117.86000061035156,117.86000061035156,-0.1100203342991972,AB Disruptors ETF,P,True,False,False,False,False,False,False,False,False,,False,,,3163472384.0,Other,unknown,488.0,True,,False,True,321.0,True,True,False,241.0,,0,0,False,Other,Other,Other,Other,Other
2026-08-07,AVDE,93.93000030517578,94.00499725341795,93.62999725341795,93.9499969482422,1015265.0,251,95384143.6516571,85949716.42650986,95560857.7418627,0.0434250998773653,0.0556911557782655,0.0972785487732017,0.2839503983963308,0.1135676065672588,0.0853503443655125,0.0123305744105783,0.0063247112687019,0.00830275763717,0.0070170274976658,3.033601352249716,89.97763992309571,87.82232340494792,0.0047208195482084,94.00499725341795,94.00499725341795,0.9994149214745732,1.079851150512695,0.0114938923426213,88.91999816894531,88.62999725341797,88.62999725341797,-0.0566258634128008,Avantis International Equity ETF,P,True,False,False,False,False,False,False,False,False,,False,,,17163864064.0,Global Equity,unknown,152.0,True,,False,True,200.0,True,True,False,242.0,,0,0,False,Global Equity,Global Equity,Global Equity,Global Equity,Global Equity
2026-08-07,REET,28.170000076293945,28.295000076293945,28.082500457763672,28.229999542236328,2150709.0,251,60714514.08548355,82297204.71228123,69297069.359575,0.0151024841553233,0.0409977553416665,0.1022499732083099,0.1468534360013365,0.1061350059650139,0.1169659737966653,0.0022178516903649,0.0043512970077399,0.0119597676869929,0.0070142617454784,0.5320847915158863,27.822469635009767,26.674285888671875,0.0100600072429684,29.059999465942383,29.059999465942383,0.9714384054040058,0.317125129699707,0.0112336214963532,28.030000686645508,27.825000762939453,27.825000762939453,-0.0143463969487827,iShares Global REIT ETF,P,True,False,False,False,False,False,False,False,False,,False,,,4886244352.0,REIT / Infra,unknown,380.0,True,,False,True,244.0,True,True,False,243.0,,0,0,False,REIT / Infra,REIT / Infra,REIT / Infra,REIT / Infra,REIT / Infra
2026-08-07,SCHF,28.280000686645508,28.32999992370605,28.114999771118164,28.229999542236328,6198103.0,251,174972444.8527336,213264537.87515163,211872929.22140607,0.0246824074049714,0.0554079831975018,0.1185911509721868,0.1416668653490053,0.0916384692378444,0.0882720485197552,0.0034966792863293,0.0050775027637752,0.0104682838326305,0.0069642761378746,1.749273364431294,27.448615646362303,26.296190554300946,0.0038240595554619,28.32999992370605,28.32999992370605,0.9964701594867972,0.3920000076293945,0.0138859374419366,26.6200008392334,26.6200008392334,26.6200008392334,-0.0570314817254647,Schwab International Equity ETF,P,True,False,False,False,False,False,False,False,False,,False,,,66217533440.0,Global Equity,unknown,47.0,True,,False,True,115.0,True,True,False,244.0,,0,0,False,Global Equity,Global Equity,Global Equity,Global Equity,Global Equity
2026-08-07,BSCQ,19.540000915527344,19.549999237060547,19.540000915527344,19.545000076293945,2928472.0,251,57236985.46342468,18549992.244229127,17843592.97360157,0.0027687870972603,0.0097708388228916,0.0186960260928787,0.5193846831632278,0.5459385650495807,0.5100731209859399,0.001438065609257,0.0053342777263002,0.0095363403792292,0.0068049996548253,1.0117105970836788,19.469749526977537,19.323590024312335,0.0015090122826537,19.549999237060547,19.549999237060547,0.999744288441857,0.0132369139657562,0.000677253206144,19.51000022888184,19.476082942283263,19.476082942283263,-0.0035260748908498,Invesco BulletShares 2026 Corporate Bond ETF,Q,True,False,False,False,False,False,False,False,False,,False,,,3705947392.0,Bond,unknown,447.0,True,,False,True,412.0,True,True,False,245.0,,0,0,False,Bond,Bond,Bond,Bond,Bond
2026-08-07,CORO,36.84000015258789,36.95000076293945,36.68000030517578,36.81999969482422,764835.0,251,28161224.46659088,28872927.70818138,87101518.92766014,0.0174081539657833,0.046698188605472,0.1317295262505913,0.0950227702292557,0.0764152403179348,0.0957858561252493,0.0016541710144061,0.0035684533046993,0.0126178254488864,0.0067357335551648,1.2257028938861096,35.926476364135745,34.213834864298505,0.0029053458750871,36.95000076293945,37.26986892301098,0.9879294121179748,0.5699001312255859,0.0154780047786284,34.619998931884766,34.619998931884766,34.619998931884766,-0.0597501570117804,iShares International Country Rotation Active ETF,Q,True,False,False,False,False,False,False,False,False,,False,,,7762802688.0,Global Equity,unknown,290.0,True,,False,True,215.0,True,True,False,246.0,,0,0,False,Global Equity,Global Equity,Global Equity,Global Equity,Global Equity
2026-08-07,AMLP,54.79999923706055,55.0,54.20500183105469,54.36000061035156,1670540.0,251,90810555.4196167,64732187.4504509,73978379.14517236,0.0314990478819781,0.038523880080233,0.1145616713026735,0.2122763071564636,0.0745493918438178,0.1193800764569761,0.0066865015633309,0.0028719318314455,0.0136763810791521,0.0066534890681428,0.3993979935267293,52.988199920654296,51.36486132303874,0.0031730048822211,55.619998931884766,55.619998931884766,0.9773463080595116,0.74324951171875,0.0136727281709635,54.20000076293945,53.130001068115234,53.130001068115234,-0.0226269228923096,Alerian MLP ETF,P,True,False,False,False,False,False,False,False,False,,False,,,12160584704.0,REIT / Infra,unknown,202.0,True,,False,True,232.0,True,True,False,247.0,,0,0,False,REIT / Infra,REIT / Infra,REIT / Infra,REIT / Infra,REIT / Infra
2026-08-07,IBDR,24.18000030517578,24.190000534057617,24.18000030517578,24.190000534057617,430459.0,251,10412803.439889908,12952053.565625478,14058058.338162044,0.0033112166276616,0.0095494056069136,0.0192673876037579,0.5002988214482083,0.4601702359444106,0.5394956546003628,0.0016565977763788,0.0043943522312623,0.0103946718877282,0.0064944641110254,0.9409122256778628,24.093068885803223,23.9137064743042,0.0015424333365001,24.190000534057617,24.190000534057617,1.0,0.0142129707052188,0.0005875556176697,24.1400654858544,24.110166549682617,24.110166549682617,-0.0033002886569845,iShares iBonds Dec 2026 Term Corporate ETF,P,True,False,False,False,False,False,False,False,False,,False,,,3504570624.0,Bond,unknown,459.0,True,,False,True,431.0,True,True,False,248.0,,0,0,False,Bond,Bond,Bond,Bond,Bond
2026-08-07,SPHQ,86.30000305175781,86.30000305175781,85.54000091552734,85.97000122070312,946563.0,251,81376022.26547241,126953280.51509094,143640462.2692992,-0.0243985639907654,0.051711404281397,0.1101826961112482,0.0,0.0852924165617664,0.0938895499334538,-0.0,0.0044105906349628,0.0103450037483396,0.0064876352246447,0.5683354649949375,86.43920776367187,81.2220585123698,0.0045480551734242,88.01000213623047,90.36000061035156,0.9514165630810596,1.341500473022461,0.0156042858435996,83.1500015258789,83.1500015258789,83.1500015258789,-0.0328021362659363,Invesco S&P 500 Quality ETF,P,True,False,False,False,False,False,False,False,False,,False,,,20360812544.0,Factor / Style,unknown,135.0,True,,False,True,145.0,True,True,False,249.0,,0,0,False,Factor / Style,Factor / Style,Factor / Style,Factor / Style,Factor / Style
2026-08-07,CGGO,40.7599983215332,40.7599983215332,40.29999923706055,40.630001068115234,915617.0,251,37201519.68798447,53295248.04902782,52356289.3471604,-0.0090243641923113,0.0444729941998951,0.1545894473913767,0.0,0.0510776494385793,0.0903654936408613,-0.0,0.0022715760072262,0.0139695517251897,0.0063658675085134,0.4524454352404027,40.53459991455078,37.777200037638345,0.0015962420200341,41.34000015258789,42.880001068115234,0.9475279863816736,0.8349498748779297,0.0205500825234573,37.97999954223633,37.97999954223633,37.97999954223633,-0.0652227776572351,Capital Group Global Growth Equity ETF,P,True,False,False,False,False,False,False,False,False,,False,,,11956222976.0,Factor / Style,unknown,204.0,True,,False,True,282.0,True,True,False,250.0,,0,0,False,Factor / Style,Factor / Style,Factor / Style,Factor / Style,Factor / Style
2026-08-07,BBJP,78.02999877929688,78.2699966430664,77.73999786376953,78.19999694824219,5471001.0,251,427832261.50383,134149803.26325607,120079960.51253425,0.0244988218567905,0.0570423546880398,0.1128504437741173,0.1047615953934714,0.0888045852150608,0.076089061157494,0.0025665356629778,0.0050656226477617,0.0085866843179791,0.0062979942323378,1.9447278583657992,75.18419982910156,72.69260019938152,0.0016333285052809,78.2699966430664,78.63999938964844,0.9944048519224152,1.430750274658203,0.0182960400318834,72.0,71.98999786376953,71.98999786376953,-0.0794117560974182,JPMorgan BetaBuilders Japan ETF,Z,True,False,False,False,False,False,False,False,False,,False,,,17599494144.0,Country / Region,unknown,148.0,True,,False,True,167.0,True,True,False,251.0,,0,0,False,Country / Region,Country / Region,Country / Region,Country / Region,Country / Region
2026-08-07,VEA,73.05999755859375,73.12000274658203,72.56999969482422,72.88999938964844,7977514.0,251,581480990.5909119,674772461.7157104,781469469.771047,0.0267643553043208,0.0517248458851311,0.113783921788986,0.1507941553845194,0.0867615540475288,0.0848283621874814,0.0040359083525262,0.0044877280118629,0.0096521037286281,0.0062952595127307,1.9441355179267632,70.78391647338867,68.03628443400065,0.0031867374657641,73.12000274658203,73.12000274658203,0.9968544399850376,1.0024993896484375,0.013753593058622,68.66000366210938,68.66000366210938,68.66000366210938,-0.0580325938120366,Vanguard FTSE Developed Markets ETF,P,True,False,False,False,False,False,False,False,False,,False,,,316309798912.0,Country / Region,unknown,9.0,True,,False,True,42.0,True,True,False,252.0,,0,0,False,Country / Region,Country / Region,Country / Region,Country / Region,Country / Region
2026-08-07,HELO,69.87999725341797,69.87999725341797,69.66010284423828,69.86000061035156,257711.0,251,18003690.61729431,36941988.88778305,27097220.036266267,0.0223913176978947,0.032624459311392,0.0565080770163579,0.2533113377476082,0.1711523352454516,0.1310076702370513,0.0056719746399854,0.0055837523972649,0.0074029915194889,0.0062204860900433,1.725588970650606,67.87073699951172,66.8555707804362,0.002876057573929,69.93000030517578,69.93000030517578,0.9989990033673856,0.508945083618164,0.007285214417,67.04000091552734,67.04000091552734,67.04000091552734,-0.0403664424590108,JPMorgan Hedged Equity Laddered Overlay ETF,P,True,False,False,False,False,False,False,False,False,,False,,,3913838592.0,Other,unknown,433.0,True,,False,True,370.0,True,True,False,253.0,,0,0,False,Other,Other,Other,Other,Other
2026-08-07,CGBL,38.400001525878906,38.40499877929688,38.22999954223633,38.38999938964844,1128498.0,251,43323037.53121948,64835989.61606674,77646464.70627461,0.019113386134876,0.0400791409093888,0.0849799870152243,0.1894742336966669,0.1126734619047702,0.109798372616587,0.0036214941912541,0.0045158555564299,0.0093306642792503,0.006201038609417,1.72674734796979,37.51862266540528,36.41424072265625,0.0034326636549995,38.41600036621094,38.41600036621094,0.9993231732529508,0.3154495239257812,0.0082169713191201,36.845001220703125,36.845001220703125,36.845001220703125,-0.0402448083748058,Capital Group Core Balanced ETF,P,True,False,False,False,False,False,False,False,False,,False,,,6991702016.0,Other,unknown,310.0,True,,False,True,225.0,True,True,False,254.0,,0,0,False,Other,Other,Other,Other,Other
2026-08-07,QQQI,55.08000183105469,55.269901275634766,54.86000061035156,55.2400016784668,4355935.0,251,240621856.71129227,324639251.0404253,347168331.7538988,-0.0084722801473977,0.026714011902531,0.1390354923602106,0.0,0.0386513432915438,0.1091739381680881,-0.0,0.0010325324447391,0.0151790522461033,0.0059838143752165,0.2354093578492973,54.65374252319336,51.8702981821696,-0.0048562255400859,55.66258563913258,56.59177511765119,0.9761136059723498,1.0343270086464007,0.0187242392689787,50.959999084472656,50.959999084472656,50.959999084472656,-0.0774801314979419,NEOS Nasdaq 100 High Income ETF,Q,True,False,False,False,False,False,False,False,False,,False,,,13110758400.0,Bond,unknown,195.0,True,,False,True,77.0,True,True,False,255.0,,0,0,False,Bond,Bond,Bond,Bond,Bond
2026-08-07,VNLA,48.880001068115234,48.88999938964844,48.869998931884766,48.88999938964844,519607.0,251,25403585.912857056,19242201.57662201,18695814.91864159,0.0037699467069649,0.0111974625817599,0.0168872106094679,0.492032015046663,0.4993315037646893,0.3589527368889728,0.0018549344748464,0.005591245829299,0.006061710466689,0.0057559084523855,1.27808122939228,48.673744430542,48.325714899698895,0.0016204350629198,48.88999938964844,48.88999938964844,1.0,0.0305242456792072,0.0006243453888377,48.74621727749817,48.68645477294922,48.68645477294922,-0.0041633180454143,Janus Henderson Short Duration Income ETF,P,True,False,False,False,False,False,False,False,False,,False,,,3309779456.0,Bond,unknown,472.0,True,,False,True,409.0,True,True,False,256.0,,0,0,False,Bond,Bond,Bond,Bond,Bond
2026-08-07,DFGR,29.59000015258789,29.71999931335449,29.489999771118164,29.65999984741211,424678.0,251,12595949.41519928,11213811.94158516,13126712.618733846,0.0147109241159735,0.0317857855658108,0.0992389000274909,0.1569345403007765,0.0832934879484953,0.1155627134312103,0.0023086521135399,0.0026475489469593,0.0114683165651054,0.0057348176133104,0.4601989360533541,29.27804340362549,28.18359177907308,0.0083158848502788,30.424999237060547,30.424999237060547,0.974856223210136,0.324000072479248,0.0109238056016887,29.40999984741211,29.239999771118164,29.239999771118164,-0.0141604881474937,Dimensional Global Real Estate ETF,P,True,False,False,False,False,False,False,False,False,,False,,,3711327744.0,REIT / Infra,unknown,445.0,True,,False,True,436.0,True,True,False,257.0,,0,0,False,REIT / Infra,REIT / Infra,REIT / Infra,REIT / Infra,REIT / Infra
2026-08-07,FELG,44.65999984741211,44.68999862670898,44.310001373291016,44.63999938964844,213552.0,251,9532961.149658203,14859800.81932373,19154329.77016485,0.0101833169704483,0.0265930951329478,0.1352106658761074,0.0442478871929251,0.042381059035744,0.1037112229003223,0.0004505902605582,0.0011270435347726,0.0140228635071779,0.0056405805251144,0.3292562351703856,43.38924423217773,41.572678858439126,-0.0048369806591906,45.06999969482422,45.581402281289385,0.9793467764367708,0.8387004852294921,0.0187880935639971,40.970001220703125,40.970001220703125,40.970001220703125,-0.0822132217545762,Fidelity Enhanced Large Cap Growth ETF,P,True,False,False,False,False,False,False,False,False,,False,,,5650164224.0,Factor / Style,unknown,359.0,True,,False,True,406.0,True,True,False,258.0,,0,0,False,Factor / Style,Factor / Style,Factor / Style,Factor / Style,Factor / Style
2026-08-07,VSGX,82.93000030517578,83.0250015258789,82.44999694824219,82.79000091552734,160394.0,251,13279019.406845093,11922986.705739591,13990827.78096202,0.0129695034265995,0.0500525536669609,0.1151380767396037,0.0653513240444668,0.0744951318847828,0.0789457162898339,0.0008475742211275,0.0037286715865904,0.0090896579404418,0.0056050168104384,1.299819253456767,80.93363204956054,77.14554641723633,0.0029225977926754,83.0250015258789,84.45695211165649,0.9802627118969988,1.5927486419677734,0.0192384179774667,77.58000183105469,75.69000244140625,75.69000244140625,-0.0857591302766791,Vanguard ESG International Stock ETF,Z,True,False,False,False,False,False,False,False,False,,False,,,6694336000.0,Global Equity,unknown,322.0,True,,False,True,432.0,True,True,False,259.0,,0,0,False,Global Equity,Global Equity,Global Equity,Global Equity,Global Equity
2026-08-07,IDMO,62.959999084472656,62.98680114746094,62.54079818725586,62.7400016784668,312793.0,251,19624633.345012665,21555816.98297405,22759513.690845247,0.0432324960958661,0.0555886768066258,0.1132924228237024,0.1886793758624937,0.075972981801557,0.0719404688229771,0.0081570803803457,0.0042232375314024,0.0081503100120281,0.0055977128996214,2.585976096470608,59.83918586730957,58.156669794718425,0.0051004166178756,62.98680114746094,62.98680114746094,0.9960817272111288,1.0348396301269531,0.016494096309247,57.90999984741211,57.90999984741211,57.90999984741211,-0.076984407106135,Invesco S&P International Developed Momentum ETF,P,True,False,False,False,False,False,False,False,False,,False,,,3922271744.0,Factor / Style,unknown,432.0,True,,False,True,391.0,True,True,False,260.0,,0,0,False,Factor / Style,Factor / Style,Factor / Style,Factor / Style,Factor / Style
2026-08-07,ACWX,77.55999755859375,77.63999938964844,77.05000305175781,77.41000366210938,1002220.0,251,77581853.87023926,138769312.94882965,130718125.54111542,0.0220491925725112,0.0468349039200424,0.1119646723829066,0.1271899624457503,0.076508409284427,0.0825054826633484,0.0028044359752568,0.0035832639979114,0.0092376993361953,0.0055623163663108,1.7406728115342076,75.31066207885742,72.37163940429687,0.0036570744257451,77.63999938964844,77.63999938964844,0.9970376644854826,1.0724998474121097,0.0138547964949532,72.87999725341797,72.87999725341797,72.87999725341797,-0.0585196511353318,iShares MSCI ACWI ex U.S. ETF,Q,True,False,False,False,False,False,False,False,False,,False,,,11616678912.0,Global Equity,unknown,209.0,True,,False,True,153.0,True,True,False,261.0,,0,0,False,Global Equity,Global Equity,Global Equity,Global Equity,Global Equity
2026-08-07,VIS,357.5799865722656,358.0199890136719,354.0400085449219,356.8299865722656,52784.0,251,18834914.01123047,26708996.05929565,30661686.85700916,0.0184085324492486,0.0525071453724126,0.1010960480494507,0.1131376448325977,0.0849022124729111,0.0752090264422731,0.0020826980061324,0.0044579728127546,0.0076033353509604,0.0055588497011266,1.6085251619750511,348.0205731201172,334.2019392903646,0.0086641037036718,362.2000122070313,362.2099914550781,0.9851467242491024,5.764997863769532,0.0161561474111201,337.29998779296875,337.29998779296875,337.29998779296875,-0.0547319438226127,Vanguard Industrials ETF,P,True,False,False,False,False,False,False,False,False,,False,,,9029749760.0,Sector,unknown,267.0,True,,False,True,346.0,True,True,False,262.0,,0,0,False,Sector,Sector,Sector,Sector,Sector
2026-08-07,AKRE,58.43999862670898,59.31999969482422,58.4297981262207,58.88999938964844,406207.0,196,23921529.982070923,25229500.03210449,43407254.69947209,0.0680087058670515,0.0762061051886016,0.0311678998471982,0.2390058151663077,0.1070603161097011,0.0232862324796571,0.0162544761841603,0.0081586497109808,0.0007257829617445,0.0055571463487481,1.7380932757223404,55.297599716186525,56.07413317362467,0.015562845686581,59.31999969482422,59.31999969482422,0.9927511748585984,1.3063005447387694,0.0221820437812466,54.880001068115234,53.15999984741211,53.15999984741211,-0.0973000441776797,Akre Focus ETF,P,True,False,False,False,False,False,False,False,False,,False,,,5185632256.0,Other,unknown,371.0,True,,False,True,300.0,True,True,False,263.0,,0,0,False,Other,Other,Other,Other,Other
2026-08-07,CWB,103.69000244140624,104.01499938964844,102.99500274658205,103.86000061035156,261022.0,251,27109745.079315186,71379170.84500733,89322422.29996164,-0.011064085129135,0.0003173677304399,0.1474997184595454,0.0,0.0004547299442142,0.1062442061056262,-0.0,1.4431661035838345e-07,0.0156709904885377,0.0054849404767849,9.450685301625096e-05,105.08318862915038,98.8718514506022,-0.0044661658490781,105.98999786376952,111.69357481451836,0.9298654894234027,2.118980482945408,0.0204022768196884,98.01651887216988,98.01651887216988,98.01651887216988,-0.0562630628138016,State Street SPDR Bloomberg Convertible Securities ETF,P,True,False,False,False,False,False,False,False,False,,False,,,6197490688.0,Other,unknown,342.0,True,,False,True,212.0,True,True,False,264.0,,0,0,False,Other,Other,Other,Other,Other
2026-08-07,ICVT,115.80999755859376,115.87000274658205,114.80500030517578,115.70999908447266,127666.0,251,14772232.743118286,62381858.19561233,84633133.04719543,-0.017535425842111,-0.0030777949938618,0.1503123127068046,0.0,0.0,0.1030395861360785,-0.0,-0.0,0.0154881184924659,0.005420841472363,-0.0,117.82007431030272,110.314641011556,-0.0056412941464856,117.5500030517578,126.28003718748644,0.9162968404315516,2.1579752659063907,0.01864985984773,109.49541508265293,109.49541508265293,109.49541508265293,-0.053708271117372,iShares Convertible Bond ETF,Z,True,False,False,False,False,False,False,False,False,,False,,,7533008896.0,Bond,unknown,295.0,True,,False,True,217.0,True,True,False,265.0,,0,0,False,Bond,Bond,Bond,Bond,Bond
2026-08-07,PAAA,51.36000061035156,51.36000061035156,51.34000015258789,51.34999847412109,1135240.0,251,58294572.26776123,118365825.18218233,103947671.10934544,-0.0001947456408022,0.0077566248436737,0.0186533105282507,0.0,0.4320371953380731,0.4941621760328458,-0.0,0.0033511504427504,0.0092177605208567,0.0054044639700876,0.4008516224060353,51.28313552856445,50.81938313802083,0.0012571962748544,51.47999954223633,51.47999954223633,0.9974747267041334,0.0314998626708984,0.0006134345395701,51.290000915527344,51.290000915527344,51.290000915527344,-0.001168404291657,PGIM AAA CLO ETF,P,True,False,False,False,False,False,False,False,False,,False,,,10160844800.0,Other,unknown,245.0,True,,False,True,184.0,True,True,False,266.0,,0,0,False,Other,Other,Other,Other,Other
2026-08-07,EMXC,95.33999633789062,95.33999633789062,93.70999908447266,94.72000122070312,1091716.0,251,103407340.85266112,241845390.38404083,272984033.0777292,-0.0365171033164857,-0.0030170139672408,0.1958039169529082,0.0,0.0,0.0784450115165895,-0.0,-0.0,0.0153598405203642,0.0053759441821274,-0.0,97.11642822265624,88.29908091227213,-0.0060832828182071,96.29000091552734,107.12000274658205,0.8842419603441005,2.5719486236572267,0.0271531734640124,86.37999725341797,86.37999725341797,86.37999725341797,-0.0880490272361004,iShares MSCI Emerging Markets ex China ETF,Q,True,False,False,False,False,False,False,False,False,,False,,,26057398272.0,Country / Region,unknown,106.0,True,,False,True,94.0,True,True,False,267.0,,0,0,False,Country / Region,Country / Region,Country / Region,Country / Region,Country / Region
2026-08-07,AOR,70.1500015258789,70.12000274658203,69.9092025756836,70.12000274658203,266116.0,251,18660054.650909424,20529916.502954103,21239716.808925085,0.0147612777855985,0.0330857656964191,0.0780801362935867,0.1522395129938896,0.1055530034974551,0.1134206504601708,0.002247249741247,0.0034923019422701,0.0088558998464374,0.0053695612087286,1.3219711134903993,68.73220077514648,66.79643366495769,0.0024317155890309,70.20999908447266,70.20999908447266,0.99871818346298,0.5384994506835937,0.0076796838218869,67.56999969482422,67.56999969482422,67.56999969482422,-0.0363662714186375,iShares Core 60/40 Balanced Allocation ETF,P,True,False,False,False,False,False,False,False,False,,False,,,3667536128.0,Other,unknown,450.0,True,,False,True,398.0,True,True,False,268.0,,0,0,False,Other,Other,Other,Other,Other
2026-08-07,XSMO,89.16999816894531,89.05000305175781,88.0999984741211,88.69999694824219,179836.0,251,15951452.651184082,22414911.58862915,21333170.31828817,-0.0047128117750866,0.0262781221385515,0.1435470430488277,0.0,0.0370179330347333,0.0941473115209398,-0.0,0.0009727617656034,0.0135145681798277,0.0053623940105819,0.4066806533330805,88.63273910522462,82.77752451578776,0.0043680546911284,90.68000030517578,93.68000030517578,0.9468402717686748,1.640500259399414,0.0184949302800615,84.4800033569336,84.4800033569336,84.4800033569336,-0.0475760285963823,Invesco S&P SmallCap Momentum ETF,P,True,False,False,False,False,False,False,False,False,,False,,,3182153728.0,Factor / Style,unknown,485.0,True,,False,True,397.0,True,True,False,269.0,,0,0,False,Factor / Style,Factor / Style,Factor / Style,Factor / Style,Factor / Style
2026-08-07,VNQ,98.12999725341795,98.9499969482422,97.86499786376952,98.43000030517578,2932964.0,251,288691647.4150696,296141740.4110672,315466633.2854362,0.0114056783172247,0.0301645359374949,0.1050325105114309,0.1002712679294593,0.0668761980429103,0.1098206198429928,0.0011436618264636,0.0020172894792283,0.011534735408031,0.0053483955543093,0.3605276132637131,97.50814697265623,93.5711142985026,0.0088717330975671,101.8000030517578,101.8000030517578,0.9668958482754796,1.3507503509521483,0.013722953842977,97.4499969482422,97.37000274658205,97.37000274658205,-0.0107690496323,Vanguard Real Estate ETF,P,True,False,False,False,False,False,False,False,False,,False,,,71348019200.0,REIT / Infra,unknown,42.0,True,,False,True,82.0,True,True,False,270.0,,0,0,False,REIT / Infra,REIT / Infra,REIT / Infra,REIT / Infra,REIT / Infra
2026-08-07,ARKK,76.95999908447266,79.51000213623047,76.95999908447266,79.43000030517578,6831899.0,251,542657739.6549301,378915971.32776296,518597359.903699,-0.010156426113911,0.0192480430402408,0.1974973332201519,0.0,0.0160720048838595,0.0696919578955845,-0.0,0.0003093546417474,0.013763975831269,0.00501847205808,0.2490667456713313,77.4397999572754,75.61226682027181,-0.0056497320260373,80.69999694824219,84.33999633789062,0.9417833027518288,2.5546497344970702,0.0321622777877618,69.88999938964844,69.88999938964844,69.88999938964844,-0.1201057645584032,ARK Innovation ETF,Z,True,False,False,False,False,False,False,False,False,,False,,,6534055424.0,Other,unknown,326.0,True,,False,True,60.0,True,True,False,271.0,,0,0,False,Other,Other,Other,Other,Other
2026-08-07,VEU,85.3499984741211,85.37999725341797,84.8499984741211,85.22000122070312,2374244.0,251,202333076.57824707,254728609.8724228,224595259.03790963,0.0205988170144086,0.0410883880998933,0.1082838241717158,0.1219858493730913,0.0702616327069253,0.0821930663048419,0.0025127641895835,0.0028869372331943,0.0089001795398876,0.0049915720405369,1.5574528328973347,83.02440689086914,79.86583953857422,0.0028316701945125,85.37999725341797,85.47000122070312,0.9970749971167728,1.1404991149902344,0.0133829981067069,80.37999725341797,80.37999725341797,80.37999725341797,-0.0567942255099304,Vanguard FTSE All World Ex US ETF,P,True,False,False,False,False,False,False,False,False,,False,,,94563958784.0,Country / Region,unknown,32.0,True,,False,True,109.0,True,True,False,272.0,,0,0,False,Country / Region,Country / Region,Country / Region,Country / Region,Country / Region
2026-08-07,IXUS,97.48999786376952,97.56999969482422,96.91999816894533,97.33999633789062,1092743.0,251,106367599.61825562,137067734.21423492,172184274.494191,0.0216204616392308,0.0404300368171481,0.1093783748157057,0.125304201743069,0.068798632753036,0.0825242750293084,0.0027091346870204,0.0027815312551747,0.00902637108555,0.004967225195806,1.6887306208984638,94.73832275390625,91.2150809733073,0.0025991659794744,97.56999969482422,97.56999969482422,0.9976426836358204,1.320499801635742,0.013565850126519,91.62999725341795,91.62999725341795,91.62999725341795,-0.0586603585298264,iShares Core MSCI Total International Stock ETF,Q,True,False,False,False,False,False,False,False,False,,False,,,58515161088.0,Country / Region,unknown,50.0,True,,False,True,127.0,True,True,False,273.0,,0,0,False,Country / Region,Country / Region,Country / Region,Country / Region,Country / Region
2026-08-07,EFG,126.44000244140624,126.5,125.6750030517578,126.1999969482422,655654.0,251,82743532.79910278,83568842.3567749,103996779.04368132,0.02894411233753,0.051932021221174,0.0926828900946219,0.1537460874139379,0.0817011557824037,0.0647134636595103,0.0044500440255647,0.0042429061558862,0.0059978308399967,0.0048571297953249,2.969407460680394,122.04440811157228,118.88364679972332,0.0043747254241495,126.5,126.5,0.997628434373456,1.801499938964844,0.0142749602419062,117.98999786376952,117.98999786376952,117.98999786376952,-0.0650554618304768,iShares MSCI EAFE Growth ETF,Z,True,False,False,False,False,False,False,False,False,,False,,,16891213824.0,Country / Region,unknown,155.0,True,,False,True,183.0,True,True,False,274.0,,0,0,False,Country / Region,Country / Region,Country / Region,Country / Region,Country / Region
2026-08-07,VXUS,87.37999725341797,87.47000122070312,86.82499694824219,87.20999908447266,4375525.0,251,381589531.2440872,390562991.2773609,493055660.94409096,0.0219123837219072,0.0397923724350146,0.10598365521235,0.1290547289353123,0.0684976508545941,0.0808586346900568,0.0028278967415572,0.0027256840337296,0.0085696936599323,0.0047710874029005,1.9047874820817816,84.86955139160156,81.82362141927084,0.00221410319476,87.47000122070312,88.62000274658203,0.984089329514676,1.1814998626708983,0.0135477568521298,82.06999969482422,82.06999969482422,82.06999969482422,-0.0589381887811943,Vanguard Total International Stock ETF,Q,True,False,False,False,False,False,False,False,False,,False,,,650318381056.0,Global Equity,unknown,5.0,True,,False,True,64.0,True,True,False,275.0,,0,0,False,Global Equity,Global Equity,Global Equity,Global Equity,Global Equity
2026-08-07,XLRE,44.83000183105469,45.255001068115234,44.709999084472656,44.97999954223633,3745450.0,251,168470339.28546906,222577459.85978127,225715287.7750548,0.0119234818942628,0.0219402902803307,0.1079100140705784,0.1049501899038243,0.0468406967791643,0.1078597163078205,0.0012513716891176,0.0010276984842678,0.0116391435044255,0.004741704241323,0.294026423131113,44.62025550842285,42.93298571268718,0.0069544896324098,46.45500183105469,46.45500183105469,0.968248794948226,0.6387504577636719,0.0142007662130784,44.43000030517578,44.3849983215332,44.3849983215332,-0.0132281286518115,State Street Real Estate Select Sector SPDR ETF,P,True,False,False,False,False,False,False,False,False,,False,,,8102354432.0,REIT / Infra,unknown,281.0,True,,False,True,107.0,True,True,False,276.0,,0,0,False,REIT / Infra,REIT / Infra,REIT / Infra,REIT / Infra,REIT / Infra
2026-08-07,BSCR,19.63999938964844,19.63999938964844,19.6299991607666,19.63500022888184,493901.0,251,9697746.248044968,10794792.39359808,11753490.2837116,0.0032674623628332,0.0099340379643713,0.0146744645294003,0.5516940646031825,0.5002939737844555,0.2872401179212521,0.0018026395918894,0.0049699393289209,0.0042150949218561,0.0047057437864482,1.36557234291885,19.555858345031737,19.43044656117757,0.0014510288162248,19.63999938964844,19.63999938964844,0.9997454602381894,0.0142393667083064,0.0007252032871057,19.57999992370605,19.561087045030717,19.561087045030717,-0.0037643586956724,Invesco BulletShares 2027 Corporate Bond ETF,Q,True,False,False,False,False,False,False,False,False,,False,,,4586565632.0,Bond,unknown,395.0,True,,False,True,444.0,True,True,False,277.0,,0,0,False,Bond,Bond,Bond,Bond,Bond
2026-08-07,IBDS,24.15999984741211,24.15999984741211,24.149999618530277,24.15999984741211,487181.0,251,11770292.88566208,13094000.273174096,14597952.978725675,0.0039402926968143,0.0098072526474879,0.0159486510654396,0.4873971823805649,0.4681838940478002,0.305022633527072,0.001920487558182,0.0045915977344115,0.0048646995491847,0.0046871833695821,1.2719259874329891,24.0510669708252,23.897199122111,0.0014730375559095,24.174790404759875,24.174790404759875,0.9993881826026152,0.0182030983538156,0.0007534395061581,24.085105573534477,24.05521011352539,24.05521011352539,-0.0043373234498568,iShares iBonds Dec 2027 Term Corporate ETF,P,True,False,False,False,False,False,False,False,False,,False,,,3791735808.0,Bond,unknown,441.0,True,,False,True,427.0,True,True,False,278.0,,0,0,False,Bond,Bond,Bond,Bond,Bond
2026-08-07,IWP,143.39999389648438,144.5500030517578,142.83999633789062,144.1199951171875,655219.0,251,94430159.08068848,104262645.52514036,114761919.27679443,0.0110136235132849,0.0432073409613915,0.1015365452863921,0.0504658320356087,0.0689134643147118,0.076901599168639,0.0005558116743248,0.0029775675494764,0.0078083227065824,0.0046683318544635,1.6186556039537443,140.81141815185546,137.0928223673503,0.002355429880144,144.5500030517578,146.63999938964844,0.9828150280759016,2.772998809814453,0.0192409027460739,134.0,134.0,134.0,-0.0702192302251931,iShares Russell Midcap Growth ETF,P,True,False,False,False,False,False,False,False,False,,False,,,21568610304.0,Factor / Style,unknown,126.0,True,,False,True,170.0,True,True,False,279.0,,0,0,False,Factor / Style,Factor / Style,Factor / Style,Factor / Style,Factor / Style
2026-08-07,DFIS,37.060001373291016,37.28990173339844,37.1349983215332,37.2400016784668,571140.0,251,21269254.558639526,32631622.98208618,27983347.529809136,0.0519774031999058,0.0431855456252481,0.0828329986306861,0.317241030045967,0.088607578284626,0.0729842016018295,0.0164893649302526,0.0038265666147534,0.006045500271346,0.0046031933945608,3.405515310908965,35.64458572387695,35.0483078511556,0.0018444760627298,37.28990173339844,37.28990173339844,0.9986618346358648,0.4450950622558594,0.0119520688022209,35.08000183105469,35.0099983215332,35.0099983215332,-0.0598819349200793,Dimensional International Small Cap ETF,Z,True,False,False,False,False,False,False,False,False,,False,,,5815646208.0,Factor / Style,unknown,352.0,True,,False,True,365.0,True,True,False,280.0,,0,0,False,Factor / Style,Factor / Style,Factor / Style,Factor / Style,Factor / Style
2026-08-07,VPL,113.87000274658205,114.00499725341795,112.75650024414062,113.75,302561.0,251,34416313.75,40318103.4943924,57121326.716073655,-0.0002636559994614,0.0241289305171454,0.1505006254683489,0.0,0.0253164602576337,0.0758873870429848,-0.0,0.0006108591104965,0.0114210992151278,0.0043944431471174,0.355206126685415,112.9484001159668,106.21373326619468,-0.004270369979535,114.1500015258789,121.2300033569336,0.9382990749005388,2.567250061035156,0.0225692313058035,104.52999877929688,104.52999877929688,104.52999877929688,-0.0810549557864011,Vanguard FTSE Pacific ETF,P,True,False,False,False,False,False,False,False,False,,False,,,13825753088.0,Country / Region,unknown,182.0,True,,False,True,271.0,True,True,False,281.0,,0,0,False,Country / Region,Country / Region,Country / Region,Country / Region,Country / Region
2026-08-07,IYR,104.1999969482422,105.25,103.99500274658205,104.69000244140624,3766130.0,251,394276158.8946533,556268340.9623871,588347732.9106939,0.0132598020773189,0.0257807827237335,0.0973514681171423,0.1116544184169569,0.0559201816188575,0.1011022129470031,0.001480515489267,0.0014416660521874,0.0098424488602827,0.0043819400350208,0.3443882500599076,103.5524217224121,99.86614537556966,0.0081995405583774,108.16999816894533,108.16999816894533,0.9678284571836284,1.4612503051757812,0.0139578782223605,103.47000122070312,103.38999938964844,103.38999938964844,-0.0124176427685671,iShares U.S. Real Estate ETF,P,True,False,False,False,False,False,False,False,False,,False,,,4672414720.0,REIT / Infra,unknown,390.0,True,,False,True,54.0,True,True,False,282.0,,0,0,False,REIT / Infra,REIT / Infra,REIT / Infra,REIT / Infra,REIT / Infra
2026-08-07,XLG,63.150001525878906,63.39099884033203,62.98989868164063,63.29999923706055,716469.0,251,45352487.15337753,59506012.40198803,99601743.79850326,0.0212971878763035,0.0158600305228511,0.1089143098714249,0.1143846375577493,0.0317072322959752,0.1027889094493701,0.0024360711162302,0.0005028776720092,0.0111951831351145,0.0042451845840961,0.219895007767281,61.49362617492676,59.48695167541504,-0.0069137684568468,63.66999816894531,64.6472954183753,0.9791592800194424,0.9100507736206056,0.0143767896459593,58.59000015258789,58.59000015258789,58.59000015258789,-0.0744075693718977,Invesco S&P 500 Top 50 ETF,P,True,False,False,False,False,False,False,False,False,,False,,,10253615104.0,US Equity,unknown,242.0,True,,False,True,193.0,True,True,False,283.0,,0,0,False,US Equity,US Equity,US Equity,US Equity,US Equity
2026-08-07,SRLN,40.43999862670898,40.459999084472656,40.40999984741211,40.43999862670898,2441260.0,251,98724551.04743958,54375846.3150177,72139192.63841417,0.0082199417899158,0.0151141472846318,0.0322065569259646,0.4794474954235314,0.2488910824580519,0.1587190080661801,0.0039410305037023,0.0037617764781024,0.005111792768516,0.0042342821797472,0.9947068206539456,39.995679779052736,39.57543940226237,0.0021295028855414,40.459999084472656,40.459999084472656,0.9995056733016252,0.0652412477029504,0.0016132851117324,40.100354361144944,40.03077372133591,40.03077372133591,-0.0101193105655249,State Street Blackstone Senior Loan ETF,P,True,False,False,False,False,False,False,False,False,,False,,,5200829440.0,Bond,unknown,368.0,True,,False,True,238.0,True,True,False,284.0,,0,0,False,Bond,Bond,Bond,Bond,Bond
2026-08-07,EEMV,74.02999877929688,74.0895004272461,73.5199966430664,73.80000305175781,243224.0,251,17949931.942260742,16555285.565046692,18073208.9850212,-0.0064619781290686,0.030200285487681,0.1159088331801134,0.0,0.0416947690648212,0.083837573186956,-0.0,0.0012591939291005,0.0097175152847524,0.0042196064035787,0.5578137873774036,73.40012420654297,69.34275571187337,0.0004828090498403,74.0895004272461,77.38999938964844,0.9536116246775572,1.177475357055664,0.0159549499778458,69.41999816894531,69.41999816894531,69.41999816894531,-0.0593496572044948,iShares MSCI Emerging Markets Min Vol Factor ETF,Z,True,False,False,False,False,False,False,False,False,,False,,,3654402304.0,Country / Region,unknown,451.0,True,,False,True,410.0,True,True,False,285.0,,0,0,False,Country / Region,Country / Region,Country / Region,Country / Region,Country / Region
2026-08-07,XMMO,161.47000122070312,162.3300018310547,159.52000427246094,161.97999572753906,291130.0,251,47157236.15615845,61034430.5530777,65831095.34891038,0.0029100441872853,-0.0127441362065362,0.1459397939935622,0.0109277248889737,0.0,0.0821273118613489,3.1800162293411464e-05,-0.0,0.0119856429742903,0.0041949750410016,-0.0,163.66060638427734,154.66639689127604,-0.0093244318561396,163.80999755859375,173.94000244140625,0.9312406200644038,3.9435020446777354,0.0243456114871799,149.08999633789062,149.08999633789062,149.08999633789062,-0.0795777239760535,Invesco S&P MidCap Momentum ETF,P,True,False,False,False,False,False,False,False,False,,False,,,7917685760.0,Factor / Style,unknown,288.0,True,,False,True,253.0,True,True,False,286.0,,0,0,False,Factor / Style,Factor / Style,Factor / Style,Factor / Style,Factor / Style
2026-08-07,VONG,128.11000061035156,128.55999755859375,127.45999908447266,128.27999877929688,614255.0,251,78796630.650177,144265597.94932556,169370932.40514845,0.0055655646795573,0.0168864226417357,0.1200684168439307,0.0232253430542969,0.0255819553082658,0.0907132017018011,0.0001292621489735,0.0004319877093373,0.0108917905151794,0.004092918691382,0.1981431450090605,125.50047821044922,121.0432669576009,-0.0073214754103595,129.5800018310547,132.77137888766129,0.9661720760453608,2.509000015258789,0.0195587779789074,117.33000183105467,117.33000183105467,117.33000183105467,-0.0853601266950542,Vanguard Russell 1000 Growth ETF,Q,True,False,False,False,False,False,False,False,False,,False,,,53361160192.0,Factor / Style,unknown,52.0,True,,False,True,129.0,True,True,False,287.0,,0,0,False,Factor / Style,Factor / Style,Factor / Style,Factor / Style,Factor / Style
2026-08-07,PAVE,58.77999877929688,58.93000030517578,58.26070022583008,58.68999862670898,1019657.0,251,59843667.9297142,118306775.70964184,107886827.83861113,0.0352795916113801,0.0349043755315283,0.1126593127390671,0.1782532212450879,0.050141990056251,0.0744244466145211,0.0062887008489396,0.0017501748508215,0.0083846070065773,0.004072226105336,1.509080657282762,57.24968490600586,54.5612141418457,0.0072523036976577,59.47999954223633,60.32421526966227,0.972909442159372,1.0982652664184571,0.0187129884497671,54.90399932861328,54.90399932861328,54.90399932861328,-0.0645084236954258,Global X U.S. Infrastructure Development ETF,Z,True,False,False,False,False,False,False,False,False,,False,,,14567146496.0,REIT / Infra,unknown,174.0,True,,False,True,180.0,True,True,False,288.0,,0,0,False,REIT / Infra,REIT / Infra,REIT / Infra,REIT / Infra,REIT / Infra
2026-08-07,MLPX,73.69999694824219,73.95829772949219,72.8499984741211,72.91999816894531,469639.0,251,34246075.02006531,36464997.2302742,31346222.890815128,-0.0229130262281276,0.0050398313662833,0.1198169726534537,0.0,0.007732592470693,0.0946497212852752,-0.0,3.897096207648538e-05,0.0113406430668948,0.0039945561987629,0.0061724291117665,74.27880004882813,71.03917063395183,-0.0050738330745472,78.33999633789062,78.36000061035156,0.9305767942951292,1.2754989624023438,0.0174917580146833,72.8499984741211,72.8499984741211,72.8499984741211,-0.0009599519553201,Global X MLP & Energy Infrastructure ETF,P,True,False,False,False,False,False,False,False,False,,False,,,3484022272.0,REIT / Infra,unknown,462.0,True,,False,True,343.0,True,True,False,289.0,,0,0,False,REIT / Infra,REIT / Infra,REIT / Infra,REIT / Infra,REIT / Infra
2026-08-07,IWF,124.5999984741211,124.87139892578124,123.83999633789062,124.5999984741211,1627690.0,251,202810171.51634216,543081722.8058586,619749188.9163777,0.0052440624597218,0.0160479697730853,0.1191811945208844,0.0217173801493606,0.0241750847115309,0.089498850222172,0.0001138872979647,0.0003879610287124,0.0106665798777241,0.0039854776258665,0.1819910087341077,121.93707305908202,117.64318791707356,-0.0074532161853919,125.83999633789062,129.02637734576848,0.9656940002292288,2.470569610595703,0.0198280067484016,113.97000122070312,113.97000122070312,113.97000122070312,-0.0853129806067034,iShares Russell 1000 Growth Fund,P,True,False,False,False,False,False,False,False,False,,False,,,128899137536.0,Factor / Style,unknown,21.0,True,,False,True,51.0,True,True,False,290.0,,0,0,False,Factor / Style,Factor / Style,Factor / Style,Factor / Style,Factor / Style
2026-08-07,SCZ,86.79000091552734,86.87999725341797,86.5199966430664,86.80000305175781,674193.0,251,58519954.45747376,115618695.05102158,126771053.17825438,0.0408922375233002,0.0376177415528737,0.0793566011753617,0.2512900262334382,0.0787982391168914,0.0721274877587245,0.0102758114399741,0.0029642117939207,0.0057237922798498,0.0039300649639959,2.7541703481114026,83.46764434814453,81.87545674641927,0.001351360655144,86.87999725341797,86.87999725341797,0.9990792563974557,1.0484996795654298,0.0120794889712183,82.0199966430664,81.68000030517578,81.68000030517578,-0.0589862046839909,iShares MSCI EAFE Small-Cap ETF,Q,True,False,False,False,False,False,False,False,False,,False,,,14441042944.0,Country / Region,unknown,177.0,True,,False,True,157.0,True,True,False,291.0,,0,0,False,Country / Region,Country / Region,Country / Region,Country / Region,Country / Region
2026-08-07,XLE,57.525001525878906,58.04499816894531,57.11000061035156,57.5,21040445.0,251,1209825587.5,1738979902.426815,1909766649.752196,0.0439360582515611,0.0351148267332512,0.1165116359343405,0.1830559260283095,0.0446046546763706,0.0707258111220583,0.0080427558292732,0.0015662847204572,0.0082403799566141,0.0039022180531121,0.9816164632745322,56.480053939819335,55.29925229390462,-0.0009458428701396,60.45000076293945,63.00561722652753,0.9126170416403844,1.259499740600586,0.0219043433147928,57.11000061035156,55.7599983215332,55.7599983215332,-0.0302608987559442,State Street Energy Select Sector SPDR ETF,P,True,False,False,False,False,False,False,False,False,,False,,,35721338880.0,Sector,unknown,84.0,True,,False,True,18.0,True,True,False,292.0,,0,0,False,Sector,Sector,Sector,Sector,Sector
2026-08-07,CGGR,46.97999954223633,47.06999969482422,46.72999954223633,46.959999084472656,2644814.0,251,124200463.01860046,120628742.10102996,120907949.71607438,-0.0021249954504913,0.0230154930526707,0.1121206996425034,0.0,0.0364465792633778,0.0851320724690568,-0.0,0.0008388359918298,0.0095450675272469,0.0038860170292258,0.311268848889874,46.15342033386231,44.48781059265136,-0.0027155752075106,47.400001525878906,47.99230270034517,0.9784902253530526,0.7652000427246094,0.0162947201371991,43.755001068115234,43.755001068115234,43.755001068115234,-0.0682495331950966,Capital Group Growth ETF,P,True,False,False,False,False,False,False,False,False,,False,,,24842137600.0,Factor / Style,unknown,111.0,True,,False,True,165.0,True,True,False,293.0,,0,0,False,Factor / Style,Factor / Style,Factor / Style,Factor / Style,Factor / Style
2026-08-07,DFAX,37.83000183105469,38.0,37.46500015258789,37.84999847412109,691002.0,251,26154424.645614624,28987774.395713806,28473403.07858785,0.0254673159196692,0.0295395137143963,0.1019242291394693,0.1455105580261844,0.0516645439667472,0.0791628020353327,0.0037057633509001,0.0015261455050537,0.0080686075739717,0.003816007229175,2.6574375247190125,36.75074142456055,35.621153869628905,0.0001626341077864,38.0,38.060749671588624,0.9944627680934816,0.5938993453979492,0.0156908684105763,35.439998626708984,35.439998626708984,35.439998626708984,-0.0636723895526675,Dimensional World ex U.S. Core Equity 2 ETF,P,True,False,False,False,False,False,False,False,False,,False,,,11913159680.0,Global Equity,unknown,205.0,True,,False,True,360.0,True,True,False,294.0,,0,0,False,Global Equity,Global Equity,Global Equity,Global Equity,Global Equity
2026-08-07,IWY,291.0199890136719,291.5199890136719,289.1600036621094,290.9800109863281,192570.0,251,56034020.71563721,107970932.16340636,112982030.36000568,0.0017212888360278,0.0133884402398036,0.1183826742071336,0.0068700222319689,0.0196029976698,0.0875234975752089,1.18252925711512e-05,0.0002624535628231,0.0103612656989148,0.0037970378104552,0.1172087718695285,285.40342834472654,275.0758880615234,-0.00860315526497,294.1499938964844,302.8307183720784,0.960866891412285,5.853498840332032,0.0201164981075179,265.5199890136719,265.5199890136719,265.5199890136719,-0.0874974947122828,iShares Russell Top 200 Growth ETF,P,True,False,False,False,False,False,False,False,False,,False,,,16964288512.0,Factor / Style,unknown,153.0,True,,False,True,172.0,True,True,False,295.0,,0,0,False,Factor / Style,Factor / Style,Factor / Style,Factor / Style,Factor / Style
2026-08-07,IDEF,34.939998626708984,35.0,34.45000076293945,34.95029830932617,320881.0,251,11214886.671794891,16953096.41386814,28559438.021308117,0.0932217410066302,0.0618388867139103,0.050243824322687,0.4071282455211034,0.0793323199216865,0.0298182605347996,0.037953203860452,0.0049058223443888,0.0014981834439185,0.0037131487292242,10.088580563759535,32.338364601135254,33.61955233256022,0.0042114863754689,35.0,36.81834220635579,0.9492632262865126,0.6392498016357422,0.0182902530896328,31.364999771118164,30.76000022888184,30.76000022888184,-0.1198930562296858,iShares Defense Industrials Active ETF,Q,True,False,False,False,False,False,False,False,False,,False,,,4074098176.0,Industry / Theme,unknown,417.0,True,,False,True,359.0,True,True,False,296.0,,0,0,False,Industry / Theme,Industry / Theme,Industry / Theme,Industry / Theme,Industry / Theme
2026-08-07,AAXJ,114.08000183105467,114.08000183105467,112.36000061035156,113.52999877929688,161411.0,251,18324990.632965088,51106064.600198366,72853491.31822665,-0.0231457788087431,-0.0098432754651917,0.1498369082820518,0.0,0.0,0.0703788020803182,-0.0,-0.0,0.0105453421123093,0.0036908697393082,-0.0,115.21925430297853,107.28827590942385,-0.0061298313723526,114.88999938964844,124.88999938964844,0.909039949828896,2.738000106811524,0.0241169746873178,105.06999969482422,105.06999969482422,105.06999969482422,-0.0745177413497463,iShares MSCI All Country Asia ex Japan ETF,Q,True,False,False,False,False,False,False,False,False,,False,,,3970623744.0,Country / Region,unknown,425.0,True,,False,True,236.0,True,True,False,297.0,,0,0,False,Country / Region,Country / Region,Country / Region,Country / Region,Country / Region
2026-08-07,VDE,162.4250030517578,164.02999877929688,161.42999267578125,162.3699951171875,295349.0,251,47955815.68786621,72513838.29789734,104955398.9131431,0.0441800329079582,0.0260535217737507,0.1215774017501998,0.1781176885749303,0.0333454852322341,0.0733180977941605,0.0078692453427298,0.0008687673255542,0.008913823831081,0.0036845371024886,0.7365647860315464,159.42231353759766,156.3645778910319,-0.0017925408135777,170.85000610351562,178.14346855470643,0.9114563471482257,3.47650146484375,0.0214109845993075,161.32000732421875,157.5,157.5,-0.0299931961793351,Vanguard Energy ETF,P,True,False,False,False,False,False,False,False,False,,False,,,11076583424.0,Other,unknown,225.0,True,,False,True,182.0,True,True,False,298.0,,0,0,False,Other,Other,Other,Other,Other
2026-08-07,AVDV,109.29000091552734,109.6999969482422,109.02999877929688,109.62999725341795,688976.0,251,75532436.9876709,89128627.31885834,88328075.66739619,0.0521113288311605,0.0305202586401334,0.0975149491815661,0.2652663412401516,0.0538122795229083,0.0764061994963557,0.0138233815362043,0.0016423646890543,0.0074507466610437,0.0036752983792506,4.355657424849162,105.19770904541016,103.29256520589192,-0.0031042056489852,109.6999969482422,109.6999969482422,0.9993618988443796,1.5313491821289062,0.0139683409695712,101.69000244140624,101.69000244140624,101.69000244140624,-0.0724253854869468,Avantis International Small Cap Value ETF,P,True,False,False,False,False,False,False,False,False,,False,,,19221213184.0,Factor / Style,unknown,139.0,True,,False,True,214.0,True,True,False,299.0,,0,0,False,Factor / Style,Factor / Style,Factor / Style,Factor / Style,Factor / Style
2026-08-07,FRDM,67.29000091552734,67.3458023071289,66.0,66.66999816894531,174130.0,251,11609246.781158447,20433616.47878647,24378081.441261657,-0.044294780284709,-0.0019885833479328,0.1677229451344319,0.0,0.0,0.0622920540815286,-0.0,-0.0,0.0104478067690273,0.0036567323691595,-0.0,69.05183738708496,62.579464263916016,-0.0066934562177493,68.44000244140625,76.54803516994124,0.8709563612042283,2.1502914428710938,0.0322527598909203,60.88999938964844,60.88999938964844,60.88999938964844,-0.0866956492881558,Freedom 100 Emerging Markets ETF,Z,True,False,False,False,False,False,False,False,False,,False,,,3602242816.0,Country / Region,unknown,453.0,True,,False,True,384.0,True,True,False,300.0,,0,0,False,Country / Region,Country / Region,Country / Region,Country / Region,Country / Region
2026-08-07,IMTM,53.77999877929688,53.71369934082031,53.40999984741211,53.560001373291016,157161.0,251,8417543.37582779,18676865.490267374,22136349.38250424,0.0165117246015835,0.0415216042676738,0.0859971025500807,0.0808552004628684,0.0618175376533234,0.0564307922220913,0.0013350588026487,0.0025667633352433,0.0048528846257054,0.003366905786905,2.6372849611292457,52.43380073547363,50.93804410298665,0.0009388541768535,53.71369934082031,54.38999938964844,0.9847398781821758,0.8413351058959961,0.0157082726722174,50.15499877929688,50.15499877929688,50.15499877929688,-0.0635736091614838,iShares MSCI Intl Momentum Factor ETF,P,True,False,False,False,False,False,False,False,False,,False,,,4170761216.0,Country / Region,unknown,414.0,True,,False,True,395.0,True,True,False,301.0,,0,0,False,Country / Region,Country / Region,Country / Region,Country / Region,Country / Region
2026-08-07,EMLP,43.56999969482422,43.79999923706055,43.2400016784668,43.43000030517578,160434.0,251,6967648.668960571,12176701.887755584,12537050.053579906,-0.0082210688016658,0.0062757255205561,0.0855929522982943,0.0,0.0151621502095598,0.1053522388364503,-0.0,9.515349301663972e-05,0.0090174091532468,0.0032179429740971,0.0658426925004949,43.56001564025879,42.52379239400228,0.0004551699966832,45.22999954223633,45.22999954223633,0.9602034212850328,0.5474998474121093,0.012606489605455,43.2400016784668,43.2400016784668,43.2400016784668,-0.0043748244387264,First Trust North American Energy Infrastructure Fund,P,True,False,False,False,False,False,False,False,False,,False,,,4057605120.0,REIT / Infra,unknown,419.0,True,,False,True,438.0,True,True,False,302.0,,0,0,False,REIT / Infra,REIT / Infra,REIT / Infra,REIT / Infra,REIT / Infra
2026-08-07,GRID,188.1199951171875,188.5601959228516,185.8699951171875,186.42999267578125,2928031.0,251,545872797.8844604,121437007.54337768,139249196.33981758,0.008656553746015,-0.0294908150993634,0.1298394572276797,0.0317963061738937,0.0,0.0680686991318509,0.000275246433319,-0.0,0.0088380029494737,0.0030933010323158,-0.0,185.45180450439452,177.22994150797527,-0.0123701578340597,188.8999938964844,199.1864313808516,0.9359572907821236,4.408011627197266,0.0236443265588879,166.39999389648438,166.39999389648438,166.39999389648438,-0.1074397874065835,First Trust NASDAQ Clean Edge Smart Grid Infrastructure Index Fund,Q,True,False,False,False,False,False,False,False,False,,False,,,12076603392.0,REIT / Infra,unknown,203.0,True,,False,True,150.0,True,True,False,303.0,,0,0,False,REIT / Infra,REIT / Infra,REIT / Infra,REIT / Infra,REIT / Infra
2026-08-07,DBMF,30.86000061035156,31.0,30.86000061035156,30.93000030517578,9359354.0,251,289484822.07624817,74484594.97387047,58146768.07334875,0.0042208140043979,0.017583758246181,0.0688369851416874,0.0557944059882513,0.0658989993154114,0.0922501774103024,0.0002354978101622,0.0011587520726274,0.006350224091711,0.0029757672793066,0.4894295559041334,30.810074768066407,30.280745595296224,-0.0007420156021613,31.540000915527344,31.540000915527344,0.9806594612351056,0.2307000160217285,0.0074587783299544,30.3799991607666,30.3799991607666,30.3799991607666,-0.0177821254116555,iMGP DBi Managed Futures Strategy ETF,P,True,False,False,False,False,False,False,False,False,,False,,,3887484160.0,Other,unknown,435.0,True,,False,True,266.0,True,True,False,304.0,,0,0,False,Other,Other,Other,Other,Other
2026-08-07,GNR,74.04000091552734,74.26000213623047,73.87449645996094,74.04000091552734,450220.0,251,33334289.21218872,13877659.90361023,17192638.809291296,0.0818234698181876,0.0195562795781572,0.0901775658162717,0.4786327851684435,0.0381240224248594,0.0782324987864263,0.0391633952512252,0.0007455640411844,0.0070548163082843,0.0029538023346694,17.793586375256087,70.5315087890625,71.06383577982585,-0.0022381293152563,74.26000213623047,75.24868057626888,0.9839375301801276,0.928499984741211,0.0125405182774179,71.01000213623047,68.66999816894531,68.66999816894531,-0.0725283992460872,State Street SPDR S&P Global Natural Resources ETF,P,True,False,False,False,False,False,False,False,False,,False,,,4480049664.0,Global Equity,unknown,400.0,True,,False,True,415.0,True,True,False,305.0,,0,0,False,Global Equity,Global Equity,Global Equity,Global Equity,Global Equity
2026-08-07,ESGE,52.93999862670898,52.94499969482422,52.18999862670898,52.68000030517578,687545.0,251,36219870.80982208,42854470.96764946,54449147.01736511,-0.0166137650684815,-0.0024472636321772,0.1284245987686298,0.0,0.0,0.0631614811535515,-0.0,-0.0,0.0081114878747772,0.002839020756172,-0.0,53.11252670288086,49.92178169250488,-0.0038160735491592,53.20000076293945,57.11000061035156,0.9224303929639108,1.192499542236328,0.0226366654390312,48.81499862670898,48.81499862670898,48.81499862670898,-0.0733675333347912,iShares ESG Aware MSCI EM ETF,Q,True,False,False,False,False,False,False,False,False,,False,,,6917690880.0,Country / Region,unknown,312.0,True,,False,True,278.0,True,True,False,306.0,,0,0,False,Country / Region,Country / Region,Country / Region,Country / Region,Country / Region
2026-08-07,DFAE,38.959999084472656,40.09989929199219,38.505001068115234,38.83000183105469,776137.0,251,30137401.13114929,51172403.58843307,50346026.52888973,-0.0147170266075377,-0.0099636307684107,0.1241803790607758,0.0,0.0,0.0643486754631662,-0.0,-0.0,0.0079908429110748,0.0027967950188761,-0.0,39.05945922851563,36.92236646016439,-0.0063003791309643,40.09989929199219,41.9479311788804,0.9256714393248672,0.870144271850586,0.0224090711001378,35.84000015258789,35.84000015258789,35.84000015258789,-0.0770023573904524,Dimensional Emerging Core Equity Market ETF,P,True,False,False,False,False,False,False,False,False,,False,,,9686572032.0,Other,unknown,251.0,True,,False,True,286.0,True,True,False,307.0,,0,0,False,Other,Other,Other,Other,Other
2026-08-07,EEM,65.87000274658203,65.94000244140625,65.00499725341797,65.63999938964844,20968110.0,251,1376346727.6020813,1562333406.8715515,1870324170.1910908,-0.0188341122196097,-0.0091427431592389,0.1273053174309402,0.0,0.0,0.0622965413365681,-0.0,-0.0,0.0079306809697014,0.0027757383393955,-0.0,66.30628929138183,62.35659647623698,-0.0054571519258219,66.23999786376953,71.56999969482422,0.9171440501542348,1.5022499084472656,0.0228861962586211,60.77000045776367,60.77000045776367,60.77000045776367,-0.074192549926391,iShares MSCI Emerging Index Fund,P,True,False,False,False,False,False,False,False,False,,False,,,30315917312.0,Other,unknown,94.0,True,,False,True,20.0,True,True,False,308.0,,0,0,False,Other,Other,Other,Other,Other
2026-08-07,AVEM,92.73999786376952,92.8499984741211,91.4800033569336,92.2699966430664,1388464.0,251,128113568.61901855,173356113.82062227,179558985.81304786,-0.019864061596623,-0.0100432939836743,0.1234538244160792,0.0,0.0,0.0623058895011202,-0.0,-0.0,0.0076919003425589,0.0026921651198956,-0.0,93.4079963684082,87.94242182413737,-0.0062156998078262,92.87000274658205,100.83000183105467,0.9151045816469292,2.011299133300781,0.0217979755768412,85.51000213623047,85.51000213623047,85.51000213623047,-0.0732631922919216,Avantis Emerging Markets Equity ETF,P,True,False,False,False,False,False,False,False,False,,False,,,26237122560.0,Country / Region,unknown,105.0,True,,False,True,123.0,True,True,False,309.0,,0,0,False,Country / Region,Country / Region,Country / Region,Country / Region,Country / Region
2026-08-07,COPX,87.94999694824219,88.55999755859375,87.11499786376953,88.02999877929688,4386067.0,251,386105472.6559143,223547492.01364747,295746788.13307697,0.1501175558705618,0.0692306601674126,0.0863257753001731,0.3087877837878401,0.0416724933965742,0.0258608123985054,0.046354467384918,0.0028850142286669,0.0022324546801933,0.0026566183867011,3.506908965767374,80.60743942260743,81.92432240804037,-0.0078426362730993,88.55999755859375,96.91066954025116,0.9083623010439964,2.867001724243164,0.0325684626150129,74.8499984741211,71.76000213623047,71.76000213623047,-0.1848233201031558,Global X Copper Miners ETF,P,True,False,False,False,False,False,False,False,False,,False,,,7154050560.0,Commodity,unknown,304.0,True,,False,True,86.0,True,True,False,310.0,,0,0,False,Commodity,Commodity,Commodity,Commodity,Commodity
2026-08-07,IEMG,80.26000213623047,80.36000061035156,79.27999877929688,79.98999786376953,8576865.0,251,686063413.0278397,933715032.6055088,1074081512.4428382,-0.0163551627649518,-0.0102791008576238,0.1219222829220436,0.0,0.0,0.0619396507366801,-0.0,-0.0,0.00755182362121,0.0026431382674235,-0.0,80.45078033447265,76.03918899536133,-0.0058906967612896,80.55999755859375,86.48999786376953,0.9248468012424031,1.747500228881836,0.0218464842549188,73.83000183105469,73.83000183105469,73.83000183105469,-0.077009578662646,iShares Core MSCI Emerging Markets ETF,P,True,False,False,False,False,False,False,False,False,,False,,,160718422016.0,Country / Region,unknown,16.0,True,,False,True,32.0,True,True,False,311.0,,0,0,False,Country / Region,Country / Region,Country / Region,Country / Region,Country / Region
2026-08-07,DFEM,39.40999984741211,39.40999984741211,38.93000030517578,39.2599983215332,994999.0,251,39063659.069927216,41586447.33606853,40185049.25143088,-0.0167794134365616,-0.0159974689963526,0.1160407613274887,0.0,0.0,0.0623998152656038,-0.0,-0.0,0.0072409220701153,0.0025343227245403,-0.0,39.48244918823242,37.45924733479818,-0.007758684618681,39.40999984741211,42.33473122840727,0.9273709123063744,0.7871501922607422,0.0200496746284629,36.130001068115234,36.130001068115234,36.130001068115234,-0.079724844300394,Dimensional Emerging Markets Core Equity 2 ETF,P,True,False,False,False,False,False,False,False,False,,False,,,9250564096.0,Country / Region,unknown,258.0,True,,False,True,310.0,True,True,False,312.0,,0,0,False,Country / Region,Country / Region,Country / Region,Country / Region,Country / Region
2026-08-07,FNDE,41.7400016784668,41.81999969482422,41.54180145263672,41.66999816894531,743723.0,251,30990936.048202515,33889092.984012604,33488285.466967385,0.0281272988893046,0.0166244265192678,0.0862635375973988,0.2150944102400958,0.0309123707629347,0.0721385277410905,0.0060500247662418,0.0005139004362847,0.0062229246000145,0.0025120588935902,1.1290173560573342,40.524876556396485,39.55213485717773,0.0030548884240657,41.81999969482422,42.232774798483234,0.986674410283879,0.4379997253417969,0.0105111529778807,40.02999877929688,39.72999954223633,39.72999954223633,-0.0465562445873773,Schwab Fundamental Emerging Markets Equity ETF,P,True,False,False,False,False,False,False,False,False,,False,,,9189189632.0,Country / Region,unknown,260.0,True,,False,True,335.0,True,True,False,313.0,,0,0,False,Country / Region,Country / Region,Country / Region,Country / Region,Country / Region
2026-08-07,JGRO,96.08999633789062,96.08999633789062,95.1707992553711,95.95999908447266,811810.0,251,77901286.85676575,63602047.04860306,60934726.22260321,-0.0089848469496053,0.0003127153049249,0.0973127779669011,0.0,0.0004413532258071,0.0715066035826544,-0.0,1.380179085878958e-07,0.006958506237606,0.0024355668948027,0.0001119022573056,95.26619995117188,92.2797998046875,-0.0093340700316502,97.06999969482422,99.7300033569336,0.962197892855091,2.1266002655029297,0.0221613201937497,88.12999725341797,88.12999725341797,88.12999725341797,-0.0815965184009851,JPMorgan Active Growth ETF,P,True,False,False,False,False,False,False,False,False,,False,,,9992348672.0,Factor / Style,unknown,247.0,True,,False,True,259.0,True,True,False,314.0,,0,0,False,Factor / Style,Factor / Style,Factor / Style,Factor / Style,Factor / Style
2026-08-07,MAGS,68.56999969482422,69.5199966430664,68.52999877929688,69.13999938964844,3580582.0,251,247561437.29458615,316958890.62611616,294165964.9733802,0.0215720903943466,0.0036289737583821,0.1006048985279592,0.0821147602745898,0.0047375405704682,0.0637353668329576,0.0017713870313535,1.7192410409499883e-05,0.0064120901128719,0.0022554066062713,0.0091285289846894,66.10680015563965,64.6972667948405,-0.0105490668023721,69.61000061035156,71.16000366210938,0.9716132073003738,1.394500160217285,0.0201692243640092,62.43000030517578,62.43000030517578,62.43000030517578,-0.0970494524690041,Roundhill Magnificent Seven ETF,Z,True,False,False,False,False,False,False,False,False,,False,,,3602203392.0,Other,unknown,454.0,True,,False,True,87.0,True,True,False,315.0,,0,0,False,Other,Other,Other,Other,Other
2026-08-07,BKLN,20.51000022888184,20.51000022888184,20.489999771118164,20.5,6526657.0,251,133796468.5,125961903.08134346,168619818.24864668,0.0083018658348008,0.007450778072396,0.0263482017642116,0.6279706781910175,0.1510150885898951,0.1493259932588501,0.0052133283185307,0.0011251799106665,0.0039344713990254,0.0021084319315921,0.7703266962460512,20.315724563598632,20.19112557729085,0.0012931605460277,20.51000022888184,20.51000022888184,0.9995124218054492,0.0334098289798248,0.0016297477551134,20.36000061035156,20.321265992636743,20.321265992636743,-0.0087187320665002,Invesco Senior Loan ETF,P,True,False,False,False,False,False,False,False,False,,False,,,7145859584.0,Bond,unknown,305.0,True,,False,True,131.0,True,True,False,316.0,,0,0,False,Bond,Bond,Bond,Bond,Bond
2026-08-07,SHLD,68.3499984741211,69.05999755859375,68.0199966430664,69.04000091552734,1161062.0,251,80159721.54298401,66605585.55514602,103264949.29266818,0.1282889763849724,0.0508544075108847,-0.0240690937362528,0.5322036826450368,0.0605923752083233,0.0,0.0682758656748444,0.0030813893408965,-0.0,0.0020029030715827,19.99211601557157,62.73779449462891,68.94620374043782,0.0033012131854841,69.05999755859375,78.1967570103106,0.8829010761459596,1.3084489822387697,0.0189520417857424,61.50199890136719,59.09000015258789,59.09000015258789,-0.1441193602403568,Global X Defense Tech ETF,P,True,False,False,False,False,False,False,False,False,,False,,,6854938112.0,Industry / Theme,unknown,315.0,True,,False,True,187.0,True,True,False,317.0,,0,0,False,Industry / Theme,Industry / Theme,Industry / Theme,Industry / Theme,Industry / Theme
2026-08-07,XLB,52.34000015258789,52.93999862670898,52.16999816894531,52.86000061035156,12938999.0,251,683955495.0373383,576271839.9487625,597680041.5174072,0.0387109696272436,0.0322499807807028,0.0553188728222184,0.1892413036961902,0.0509458408304335,0.0453392629848031,0.0073257143596032,0.0016430023876382,0.0025081169229094,0.0019457924749831,6.538125091766143,51.17638694763183,50.58357142130534,0.0057436480447958,52.959999084472656,53.69951251275337,0.9843664893195738,0.9175006866455078,0.0173571826721816,50.209999084472656,49.84999847412109,49.84999847412109,-0.056942907708575,State Street Materials Select Sector SPDR ETF,P,True,False,False,False,False,False,False,False,False,,False,,,8166011392.0,Sector,unknown,278.0,True,,False,True,52.0,True,True,False,318.0,,0,0,False,Sector,Sector,Sector,Sector,Sector
2026-08-07,SCHE,36.93000030517578,37.0177001953125,36.77999877929688,36.9900016784668,2234254.0,251,82645059.21012115,116839295.72749671,115407636.36677928,0.0128696937243113,0.011612666979295,0.0841669719018185,0.0674320879274845,0.0180687277837856,0.060786520074822,0.0008678303188175,0.0002098261184926,0.0051162173271468,0.0019270630415216,0.4517526264434206,36.06527732849121,35.087810605367025,0.001403454662552,37.0177001953125,37.35441542254625,0.9902444265301096,0.5078847885131836,0.0137303261818677,34.810001373291016,34.810001373291016,34.810001373291016,-0.0589348528319975,Schwab Emerging Markets Equity ETF,P,True,False,False,False,False,False,False,False,False,,False,,,12488486912.0,Country / Region,unknown,199.0,True,,False,True,169.0,True,True,False,319.0,,0,0,False,Country / Region,Country / Region,Country / Region,Country / Region,Country / Region
2026-08-07,SPEM,52.43999862670898,52.459999084472656,52.13999938964844,52.41999816894531,5354762.0,251,280696614.23513794,110868435.56555864,120716159.38067092,0.0086587827144966,0.0115909478225886,0.0836404344533232,0.0459649546639443,0.0180987137571397,0.060813514929883,0.0003980005549167,0.0002097812468149,0.005086468809369,0.0019166218937089,0.3773075590589541,51.3186540222168,49.76528650919597,0.0002751112532368,52.459999084472656,53.34999847412109,0.9825679412975634,0.7085002899169922,0.0135158396540487,49.27999877929688,49.27999877929688,49.27999877929688,-0.0599007916697836,State Street SPDR Portfolio Emerging Markets ETF,P,True,False,False,False,False,False,False,False,False,,False,,,17305092096.0,Country / Region,unknown,151.0,True,,False,True,166.0,True,True,False,320.0,,0,0,False,Country / Region,Country / Region,Country / Region,Country / Region,Country / Region
2026-08-07,SHYG,42.18000030517578,42.18000030517578,42.130001068115234,42.150001525878906,1608624.0,251,67803504.05456543,61248635.4462204,58286239.80853853,0.0041788947186085,0.0114967508505754,0.0215970534166696,0.1769995303826996,0.1411973691607173,0.0982242688444102,0.0007396624027124,0.0016233109739974,0.002121354781046,0.0017976263064644,2.2824957357897224,41.90946022033691,41.55607971191407,0.0015455523638752,42.18000030517578,42.18000030517578,0.999288791392133,0.0858811723800215,0.002037512912717,41.75587063204016,41.75587063204016,41.75587063204016,-0.0093506732994247,iShares 0-5 Year High Yield Corporate Bond ETF,P,True,False,False,False,False,False,False,False,False,,False,,,7603881984.0,Bond,unknown,294.0,True,,False,True,265.0,True,True,False,321.0,,0,0,False,Bond,Bond,Bond,Bond,Bond
2026-08-07,JPIE,45.810001373291016,45.84999847412109,45.810001373291016,45.84000015258789,1085142.0,251,49742909.44557953,63943304.7902874,67333170.7710449,0.0040552643613083,0.0098747140559265,0.0164895270123381,0.1885254816656308,0.1613295639745225,0.1311265779955429,0.0007645206669971,0.0015930833130157,0.0021622152498929,0.0017922794909227,1.715938427106541,45.60667091369629,45.29821876525879,0.0018441349971711,45.84999847412109,45.84999847412109,0.9997819340923458,0.0710135254681759,0.0015491606725958,45.5752368305296,45.51551393206982,45.51551393206982,-0.0070786697085067,JPMorgan Income ETF,P,True,False,False,False,False,False,False,False,False,,False,,,9740692480.0,Bond,unknown,250.0,True,,False,True,249.0,True,True,False,322.0,,0,0,False,Bond,Bond,Bond,Bond,Bond
2026-08-07,VWO,60.5,60.52999877929688,60.150001525878906,60.470001220703125,5322427.0,251,321847167.1871033,435688514.1353981,495255222.3547918,0.0096844521116314,0.0055119098674127,0.0803331345343192,0.0528234657313133,0.0089755999407927,0.0596867755382338,0.0005115663242453,4.947269787960522e-05,0.0047948257692326,0.0017103462728531,0.1475833198727996,59.20437454223633,57.626091130574544,-0.0004989586657542,60.52999877929688,61.52000045776367,0.9829323922423988,0.8010000228881836,0.0132462379149736,56.790000915527344,56.790000915527344,56.790000915527344,-0.0608566269371243,Vanguard FTSE Emerging Markets ETF,P,True,False,False,False,False,False,False,False,False,,False,,,163324018688.0,Country / Region,unknown,15.0,True,,False,True,63.0,True,True,False,323.0,,0,0,False,Country / Region,Country / Region,Country / Region,Country / Region,Country / Region
2026-08-07,ANGL,29.030000686645508,29.045900344848636,29.0,29.020000457763672,581939.0,251,16887870.046390533,24164132.579172324,20046054.888833728,0.0054965527259192,0.0150201905443008,0.0200506618265088,0.1534572721167258,0.1259567821462577,0.0651979749389649,0.0008434859873653,0.0018918948681837,0.0013072625472743,0.0016872735558654,3.705456677565529,28.81569175720215,28.562029291788736,0.0025709876815782,29.045900344848636,29.045900344848636,0.9991083117831616,0.0889262470024331,0.0030643089455445,28.662522234638896,28.622755749063767,28.622755749063767,-0.0136886527372066,VanEck Fallen Angel High Yield Bond ETF,Q,True,False,False,False,False,False,False,False,False,,False,,,3117964800.0,Bond,unknown,494.0,True,,False,True,403.0,True,True,False,324.0,,0,0,False,Bond,Bond,Bond,Bond,Bond
2026-08-07,USHY,36.84000015258789,36.86000061035156,36.79999923706055,36.81999969482422,4982929.0,251,183471444.25933075,461193383.8361965,406144681.2509336,0.0044608979906499,0.0127715199239824,0.0200540392414891,0.1515942398008261,0.1336347447262155,0.0775885438537454,0.0006762464397216,0.0017067188048071,0.001555963703133,0.0016539545192212,2.730152964642426,36.586493225097655,36.29086850484212,0.0018625776172895,36.86000061035156,36.86000061035156,0.9989147879852148,0.097225549022519,0.0026405635477554,36.41786850353356,36.407927421133,36.407927421133,-0.0111915338703587,iShares Broad USD High Yield Corporate Bond ETF,Z,True,False,False,False,False,False,False,False,False,,False,,,28476405760.0,Bond,unknown,97.0,True,,False,True,70.0,True,True,False,325.0,,0,0,False,Bond,Bond,Bond,Bond,Bond
2026-08-07,SJNK,24.8700008392334,24.875,24.850000381469727,24.8700008392334,1221275.0,251,30373110.27493477,65126718.63871813,59788845.88525333,0.0041321839899239,0.0113763367882178,0.0206349331838171,0.1600135983825082,0.1311010601212077,0.0929152885512799,0.0006612056294063,0.0014914498132312,0.0019173007710107,0.001640497648454,2.8743903355358027,24.72992065429688,24.53664511362712,0.0014060077638002,24.875,24.875,0.9997990287129004,0.0546215480135915,0.0021962825158985,24.61851493818288,24.61851493818288,24.61851493818288,-0.0101120181971924,State Street SPDR Bloomberg Short Term High Yield Bond ETF,P,True,False,False,False,False,False,False,False,False,,False,,,4880412160.0,Bond,unknown,381.0,True,,False,True,262.0,True,True,False,326.0,,0,0,False,Bond,Bond,Bond,Bond,Bond
2026-08-07,SPHY,23.290000915527344,23.309999465942383,23.235700607299805,23.280000686645508,2831053.0,251,65906915.78392983,194612940.1266217,128848901.18986538,0.0037230620143564,0.0125856571593121,0.0201986446917707,0.1194220009970957,0.1319525505224905,0.0788451925875365,0.0004446155155907,0.0016607095621728,0.0015925660307298,0.0016368593261678,2.6362477330525365,23.14516273498535,22.95201798756917,0.0017835676032937,23.309999465942383,23.309999465942383,0.9987130510517296,0.0625255239792322,0.0026858042154225,23.03458458845716,23.03458458845716,23.03458458845716,-0.010541928305403,State Street SPDR Portfolio High Yield Bond ETF,P,True,False,False,False,False,False,False,False,False,,False,,,11327878144.0,Bond,unknown,217.0,True,,False,True,154.0,True,True,False,327.0,,0,0,False,Bond,Bond,Bond,Bond,Bond
2026-08-07,HYLB,36.34999847412109,36.35499954223633,36.310001373291016,36.34000015258789,759609.0,251,27604191.17590713,36105073.15723743,41525676.65197688,0.0053208705501424,0.0128329781021137,0.0198962086823655,0.173641723605907,0.1293129492934508,0.0763808058290095,0.0009239251334106,0.0016594702466025,0.0015196884521012,0.0016105466185271,3.9287335620660766,36.09900115966797,35.82841265360514,0.0016601130976603,36.35499954223633,36.35499954223633,0.9995874187914372,0.0896724290240417,0.0024675957250279,35.93883273463838,35.90900248087026,35.90900248087026,-0.0118601450167286,Xtrackers USD High Yield Corporate Bond ETF,P,True,False,False,False,False,False,False,False,False,,False,,,3468311296.0,Bond,unknown,466.0,True,,False,True,304.0,True,True,False,328.0,,0,0,False,Bond,Bond,Bond,Bond,Bond
2026-08-07,IFRA,61.209999084472656,61.470001220703125,60.760101318359375,61.130001068115234,248372.0,251,15182980.625289915,19713189.634368133,23176655.54093473,-0.0098801521504382,-0.0051789491955289,0.0704310938409706,0.0,0.0,0.0642116061594938,-0.0,-0.0,0.0045224936590987,0.0015828727806845,-0.0,61.63299179077149,59.45314353942871,0.0010188724105759,63.130001068115234,64.25,0.951439705340315,0.9126955032348631,0.0149304022131109,59.84000015258789,59.84000015258789,59.84000015258789,-0.0211025829050769,iShares U.S. Infrastructure ETF,Z,True,False,False,False,False,False,False,False,False,,False,,,4618109440.0,REIT / Infra,unknown,394.0,True,,False,True,388.0,True,True,False,329.0,,0,0,False,REIT / Infra,REIT / Infra,REIT / Infra,REIT / Infra,REIT / Infra
2026-08-07,JNK,95.8499984741211,95.9000015258789,95.75499725341795,95.80999755859376,8900744.0,251,852780260.909668,277028279.4029816,273110879.5885664,0.0042805451677245,0.0124826828726143,0.0200746137235445,0.1439699181787372,0.1247310216705296,0.0753224587325969,0.0006162697375576,0.0015569777878904,0.0015120692637645,0.0015412598044463,2.853501644302689,95.24460723876952,94.46396647135415,0.0017193359869305,95.9000015258789,95.9000015258789,0.9990614810651398,0.2538047231478352,0.0026490421627723,94.75519877629478,94.75519877629478,94.75519877629478,-0.01100927678924,State Street SPDR Bloomberg High Yield Bond ETF,P,True,False,False,False,False,False,False,False,False,,False,,,7345531392.0,Bond,unknown,299.0,True,,False,True,93.0,True,True,False,330.0,,0,0,False,Bond,Bond,Bond,Bond,Bond
2026-08-07,CGHM,25.5,25.540000915527344,25.4950008392334,25.520000457763672,342020.0,251,8728350.556564331,10754769.93883133,11313086.491333492,-0.0071839096451675,0.0103947378456765,0.0185747613303608,0.0,0.1059595664902072,0.094511591658174,-0.0,0.0011014219159072,0.0017555302580031,0.0013303598356407,0.5636284178634433,25.540131187438966,25.228332506815597,0.0025200219251948,25.71162941852361,29.47842555193762,0.865717892999419,0.0811340789803544,0.0031792350127357,25.309999465942383,25.27658069831994,25.27658069831994,-0.009538391656638,Capital Group Municipal High-Income ETF,P,True,False,False,False,False,False,False,False,False,,False,,,3181882880.0,Bond,unknown,486.0,True,,False,True,445.0,True,True,False,331.0,,0,0,False,Bond,Bond,Bond,Bond,Bond
2026-08-07,AIRR,122.7300033569336,123.92579650878906,120.81999969482422,123.54000091552734,441481.0,251,54540563.14418793,88054090.309309,89801520.01354097,-0.000647159272587,-0.0425482284407369,0.0891969713816511,0.0,0.0,0.0420579493074549,-0.0,-0.0,0.0037514417007479,0.0013130045952617,-0.0,125.4231999206543,120.06443267822266,-0.012585238956543,125.37000274658205,135.0500030517578,0.9147722926609688,3.3908401489257813,0.0274473055188361,109.97899627685548,109.97899627685548,109.97899627685548,-0.1097701516769815,First Trust RBA American Industrial Renaissance ETF,Q,True,False,False,False,False,False,False,False,False,,False,,,11489859584.0,Other,unknown,213.0,True,,False,True,211.0,True,True,False,332.0,,0,0,False,Other,Other,Other,Other,Other
2026-08-07,EMLC,25.709999084472656,25.71999931335449,25.65999984741211,25.71999931335449,1081563.0,251,27817799.617349625,37165955.44485865,50458723.409198,0.0118180236998268,0.0199080692446296,0.0144950138876569,0.179479115031138,0.0889782981574494,0.0274898419078693,0.0021210884350619,0.0017713861209878,0.000398465640224,0.0012908639527204,2.928525896278955,25.262566146850585,25.157714767456056,0.0037397562862939,25.71999931335449,25.79814513939325,0.9969708742385734,0.1205281717211159,0.0046861654330812,25.09127396007158,24.98183829633969,24.98183829633969,-0.0286998847869925,VanEck J. P. Morgan EM Local Currency Bond ET,P,True,False,False,False,False,False,False,False,False,,False,,,4872451072.0,Bond,unknown,382.0,True,,False,True,284.0,True,True,False,333.0,,0,0,False,Bond,Bond,Bond,Bond,Bond
2026-08-07,HYG,79.66999816894531,79.68000030517578,79.56500244140625,79.61000061035156,22058763.0,251,1756098135.8936005,2590922927.147349,2625765088.5770826,0.0035943085450018,0.0115041092613139,0.0182050775389523,0.118029959920789,0.1103714326635306,0.067140451647985,0.0004242360935095,0.001269725020689,0.0012222971282518,0.001253125258336,3.5415023942081896,79.16924011230469,78.60942515055339,0.0014849378030434,79.68000030517578,79.68000030517578,0.9991214897771572,0.2024520136795246,0.0025430475081945,78.75763950834767,78.75763950834767,78.75763950834767,-0.0107067088992468,iShares iBoxx $ High Yield Corporate Bond ETF,P,True,False,False,False,False,False,False,False,False,,False,,,17626118144.0,Bond,unknown,146.0,True,,False,True,12.0,True,True,False,334.0,,0,0,False,Bond,Bond,Bond,Bond,Bond
2026-08-07,SPSB,29.920000076293945,29.93000030517578,29.90999984741211,29.90999984741211,1687965.0,251,50487032.89243698,104434544.66909504,93780591.34076469,0.0042581593052766,0.0077757341363944,0.0103250412967506,0.2722151486741532,0.1679758324934125,0.1047484089068534,0.0011591354683641,0.0013061354148083,0.0010815316477321,0.0012275240963316,1.8568499957346996,29.78623134613037,29.657938245137533,0.0012916580882549,29.93000030517578,29.93000030517578,0.9993317588519968,0.0382500080906446,0.0012788367865523,29.773212432861328,29.73335688184458,29.73335688184458,-0.0059058163312833,State Street SPDR Portfolio Short Term Corporate Bond ETF,P,True,False,False,False,False,False,False,False,False,,False,,,10633097216.0,Bond,unknown,233.0,True,,False,True,204.0,True,True,False,335.0,,0,0,False,Bond,Bond,Bond,Bond,Bond
2026-08-07,BSCS,20.3700008392334,20.3700008392334,20.36000061035156,20.364999771118164,449459.0,251,9153232.432127,14481343.482596874,12059341.636693288,0.0039876942658652,0.0079931400247232,0.0094317467814752,0.2621143196202531,0.1690712632568987,0.0947891299824318,0.0010452317693508,0.0013514102813692,0.0008940270716306,0.0011913261579607,2.012730080465199,20.283419303894043,20.200599009195965,0.0013102190027893,20.3700008392334,20.3700008392334,0.999754488566068,0.0254741070613334,0.0012508768646028,20.270000457763672,20.25,20.25,-0.0056469321095332,Invesco BulletShares 2028 Corporate Bond ETF,Q,True,False,False,False,False,False,False,False,False,,False,,,3521428736.0,Bond,unknown,456.0,True,,False,True,442.0,True,True,False,336.0,,0,0,False,Bond,Bond,Bond,Bond,Bond
2026-08-07,JPLD,52.0,52.0099983215332,51.970001220703125,51.97999954223633,225211.0,251,11706467.676906586,18127983.54417705,23275351.18655825,0.0044159304018469,0.0076531753556394,0.010163428397151,0.2987006511702117,0.1639124085741527,0.104078698241922,0.001319041286554,0.0012544504057832,0.0010577963972504,0.0011856215027967,1.605812386071314,51.75414085388184,51.52622100830078,0.0013846009989104,52.0099983215332,52.0099983215332,0.9994232113004232,0.0693127915509027,0.0013334511766315,51.73154288645554,51.686705843848976,51.686705843848976,-0.0056424336469844,JPMorgan Limited Duration Bond ETF,P,True,False,False,False,False,False,False,False,False,,False,,,3882614016.0,Bond,unknown,436.0,True,,False,True,387.0,True,True,False,337.0,,0,0,False,Bond,Bond,Bond,Bond,Bond
2026-08-07,IBDT,25.18000030517578,25.18000030517578,25.15999984741211,25.15999984741211,485925.0,251,12225872.92585373,15074575.489697456,15578082.725774674,0.0041032395001636,0.007846420212602,0.0094421366760897,0.2692006132610204,0.168591489410602,0.0936776133227549,0.0011045945898009,0.001322839670184,0.0008845168284833,0.0011694266755887,1.7507158459880798,25.058186950683595,24.95541286468506,0.0013287787755889,25.18000030517578,25.22655575810475,0.99736167270194,0.0425245816819597,0.0016901662138258,25.04722023010254,25.01733274301209,25.01733274301209,-0.0056703936909876,iShares iBonds Dec 2028 Term Corporate ETF,P,True,False,False,False,False,False,False,False,False,,False,,,3989931008.0,Bond,unknown,422.0,True,,False,True,424.0,True,True,False,338.0,,0,0,False,Bond,Bond,Bond,Bond,Bond
2026-08-07,GUNR,53.0,53.2400016784668,52.93000030517578,53.02000045776367,194117.0,251,10292083.42885971,45495415.18218517,28588801.898536984,0.0578611649577274,-0.0103910937672661,0.05782726915846,0.3766240972283461,0.0,0.0528163318363549,0.0217919090167845,-0.0,0.0030542242370634,0.0010689784829722,,51.4851139831543,52.35035949707032,-0.0072693568031109,53.2400016784668,55.97048809790195,0.9472849399673384,0.6539999008178711,0.0123349659594751,51.470001220703125,50.310001373291016,50.310001373291016,-0.0511127699184286,FlexShares Global Upstream Natural Resources Index Fund ETF,P,True,False,False,False,False,False,False,False,False,,False,,,6723008512.0,Global Equity,unknown,320.0,True,,False,True,358.0,True,True,False,339.0,,0,0,False,Global Equity,Global Equity,Global Equity,Global Equity,Global Equity
2026-08-07,BINC,52.040000915527344,52.060001373291016,52.0099983215332,52.060001373291016,1258507.0,251,65517876.14829636,78128090.77436809,119914095.8913966,0.0021336214192209,0.0095847999649052,0.0096033225312106,0.0746438131643982,0.120331449226637,0.0538610844412283,0.0001592616385798,0.0011533528703244,0.0005172453657698,0.0009307152437303,1.7024631014385652,51.80452072143554,51.529244333902994,0.0015074495666218,52.060001373291016,52.060001373291016,1.0,0.103193816987676,0.0019822092636482,51.6305762851002,51.57084115426328,51.57084115426328,-0.0093960854038451,iShares Flexible Income Active ETF,P,True,False,False,False,False,False,False,False,False,,False,,,16206218240.0,Other,unknown,160.0,True,,False,True,168.0,True,True,False,340.0,,0,0,False,Other,Other,Other,Other,Other
2026-08-07,VAW,234.5,236.7700042724609,234.4600067138672,236.41000366210935,25226.0,251,5963678.752380371,10086963.13973694,12153083.408177936,0.0426479577254701,0.0224472451990065,0.0373102156473674,0.198684866845433,0.0339251629344944,0.0283038192168583,0.0084735038019146,0.0007615264508068,0.001056021598625,0.0008645997525432,9.799035991946631,229.13932556152344,228.94512969970705,0.0015542260957139,236.7700042724609,243.504293127968,0.9708658546642938,3.732001495361328,0.0157861403390328,221.5,221.0,221.0,-0.0651833823586172,Vanguard Materials ETF,P,True,False,False,False,False,False,False,False,False,,False,,,4486959616.0,Sector,unknown,399.0,True,,False,True,441.0,True,True,False,341.0,,0,0,False,Sector,Sector,Sector,Sector,Sector
2026-08-07,VSS,158.5399932861328,158.77000427246094,157.97999572753906,158.67999267578125,115467.0,251,18322302.714294437,25904519.14610596,36322291.099011615,0.0260588356828153,-0.0043160260160297,0.0547958169063271,0.1374021417482759,0.0,0.0444632810629515,0.0035805398342852,-0.0,0.00243640180818,0.000852740632863,-0.0,154.39438201904298,153.1807989501953,-0.0068774938567024,158.77000427246094,162.02329946291178,0.979365271549134,2.0319984436035154,0.0128056373669952,147.13999938964844,147.13999938964844,147.13999938964844,-0.0727249421400693,Vanguard FTSE All-Wld ex-US SmCp Idx ETF,P,True,False,False,False,False,False,False,False,False,,False,,,13810126848.0,Country / Region,unknown,183.0,True,,False,True,327.0,True,True,False,342.0,,0,0,False,Country / Region,Country / Region,Country / Region,Country / Region,Country / Region
2026-08-07,SCHC,50.63999938964844,50.70000076293945,50.459999084472656,50.68000030517578,436027.0,251,22097848.49306488,15180050.900738906,17102538.59020209,0.049275385211374,0.0040352740158506,0.0525103348039976,0.2761024906634969,0.0077712556832628,0.0429959787457534,0.0136050565852636,3.135914612920259e-05,0.002257733239165,0.0008105900786917,6.38843776017375,48.76050895690918,48.80585296630859,-0.0050234617303823,50.70000076293945,51.6636376123713,0.980960742358568,0.640500259399414,0.0126381265892376,47.11000061035156,47.11000061035156,47.11000061035156,-0.0704419825044797,Schwab International Small-Cap Equity ETF,P,True,False,False,False,False,False,False,False,False,,False,,,5338413056.0,Global Equity,unknown,365.0,True,,False,True,416.0,True,True,False,343.0,,0,0,False,Global Equity,Global Equity,Global Equity,Global Equity,Global Equity
2026-08-07,FLXR,38.91999816894531,38.93999862670898,38.880001068115234,38.900001525878906,353817.0,251,13763481.839881895,16535683.866221238,17026076.071496025,0.0028464492846407,0.0074566836390623,0.0128477709188969,0.1007371520454403,0.0854293766765894,0.0762035377689174,0.0002867431943764,0.0006370198353596,0.0009790455964645,0.0007567288517463,1.4833906184543597,38.75149993896484,38.532881622314456,0.0014261110426392,38.93999862670898,38.93999862670898,0.9989728530498037,0.0941459899808045,0.0024202053030299,38.640358391054285,38.57072028610542,38.57072028610542,-0.0084648130297482,TCW Flexible Income ETF,N,True,False,False,False,False,False,False,False,False,,False,,,3345479168.0,Bond,unknown,471.0,True,,False,True,417.0,True,True,False,344.0,,0,0,False,Bond,Bond,Bond,Bond,Bond
2026-08-07,STIP,100.72000122070312,100.72779846191406,100.66000366210938,100.69000244140624,645689.0,251,65014426.98638916,83511473.93373871,99387413.83091275,0.0008832857715002,0.0011722637525928,0.0142714296045456,0.0703232078057734,0.0253110857412415,0.1439182397394732,6.211548886109205e-05,2.9671268353226618e-05,0.002053919027252,0.0007381579839678,0.2509565137657197,100.56652389526369,100.0559735107422,-9.687521156942493e-05,100.75997668913166,100.92222721425404,0.9976989729690092,0.1162187057221018,0.0011542228910932,100.36289641012011,100.36289641012011,100.36289641012011,-0.0032486445859059,iShares 0-5 Year TIPS Bond ETF,P,True,False,False,False,False,False,False,False,False,,False,,,15883689984.0,Bond,unknown,162.0,True,,False,True,194.0,True,True,False,345.0,,0,0,False,Bond,Bond,Bond,Bond,Bond
2026-08-07,VCR,399.2799987792969,404.7950134277344,399.1449890136719,403.0400085449219,24652.0,251,9935742.290649414,21831690.281341556,23627613.86121962,0.0184207417433275,0.0155790954337056,0.0411614153907524,0.0872114949671002,0.0239322147782613,0.0321254954311062,0.0016065004258384,0.0003728422579704,0.0013223308620734,0.0007051632694065,0.6283167576532355,390.8538934326172,387.0488641357422,0.0005665530696001,404.7950134277344,405.132061529269,0.99483612090228,6.446748352050781,0.015995306211225,375.5700073242188,368.5299987792969,368.5299987792969,-0.0856242780715865,Vanguard Consumer Discretion ETF,P,True,False,False,False,False,False,False,False,False,,False,,,6827243008.0,Other,unknown,316.0,True,,False,True,386.0,True,True,False,346.0,,0,0,False,Other,Other,Other,Other,Other
2026-08-07,NEAR,50.4900016784668,50.4900016784668,50.42729949951172,50.470001220703125,596075.0,251,30083905.97763061,23977991.234054565,27885596.76017156,0.0032556651865247,0.0057318103845791,0.0073997051447984,0.2719097138659134,0.1353449049559333,0.0762410290365805,0.0008852469893111,0.0007757713317262,0.0005641611348067,0.0007017077628044,2.023294073961546,50.28768745422363,50.12899052937826,0.0010275703790099,50.4900016784668,50.4900016784668,0.9996038729035692,0.06595490541517,0.0013068140245678,50.21654780916125,50.19661918781716,50.19661918781716,-0.0054167233262087,iShares Short Duration Bond Active ETF,Z,True,False,False,False,False,False,False,False,False,,False,,,4774438400.0,Bond,unknown,385.0,True,,False,True,366.0,True,True,False,347.0,,0,0,False,Bond,Bond,Bond,Bond,Bond
2026-08-07,VTIP,49.709999084472656,49.709999084472656,49.66999816894531,49.66999816894531,2230877.0,251,110807656.5051422,119004251.64596252,127081722.13706872,0.0006043267458848,0.0012257827927655,0.0139863494475391,0.0476173175900696,0.0249419127713671,0.134133954711119,2.877641858697184e-05,3.057336749380057e-05,0.0018760443633701,0.0006764882160505,0.2808526836259888,49.62198112487793,49.368568674723306,-8.299213669071825e-05,49.709999084472656,49.79661568359011,0.9974573068288548,0.06199951171875,0.0012482285887723,49.52000045776367,49.52000045776367,49.52000045776367,-0.0030198855790459,Vanguard Short-Term Inflation-Protected Securities Index Fund ETF Shares,Q,True,False,False,False,False,False,False,False,False,,False,,,71082704896.0,Other,unknown,43.0,True,,False,True,156.0,True,True,False,348.0,,0,0,False,Other,Other,Other,Other,Other
2026-08-07,SUB,106.22000122070312,106.2698974609375,106.20010375976562,106.26000213623048,324500.0,251,34481370.69320679,43476970.12195587,47242737.30813889,0.0015869816304072,0.005606183075675,0.0037190551671379,0.1103709038530788,0.1583455353027787,0.0512424858056944,0.0001751565969462,0.0008877140601231,0.0001905736316126,0.0006437149101444,3.093759542938129,105.97228454589845,105.76382949829102,0.0008494798668567,106.2698974609375,106.2698974609375,0.9999068849698414,0.1351516576100159,0.0012718958676167,105.7324043827918,105.47296342059867,105.47296342059867,-0.0074067259534097,iShares Short-Term National Muni Bond ETF,P,True,False,False,False,False,False,False,False,False,,False,,,11377924096.0,Bond,unknown,215.0,True,,False,True,290.0,True,True,False,349.0,,0,0,False,Bond,Bond,Bond,Bond,Bond
2026-08-07,SHM,47.68000030517578,47.75,47.68000030517578,47.75,178665.0,251,8531253.75,14529949.589183807,11125997.59510222,-0.0002809703524364,0.0064892767525972,0.0017489465426094,0.0,0.146207093956242,0.0212575555075686,-0.0,0.000948778295875,3.717832820929142e-05,0.000629718307192,3.65616351568935,47.658898544311526,47.56570988972982,0.0007249950917713,47.79335590053418,47.85322120149986,0.9978429623145908,0.0926397907778682,0.0019401003304265,47.46408976001619,47.37428998393355,47.37428998393355,-0.007868272587779,State Street SPDR Nuveen ICE Short Term Municipal Bond ETF,P,True,False,False,False,False,False,False,False,False,,False,,,3468243712.0,Bond,unknown,467.0,True,,False,True,446.0,True,True,False,350.0,,0,0,False,Bond,Bond,Bond,Bond,Bond
2026-08-07,VGSH,58.06999969482422,58.08000183105469,58.04999923706055,58.06999969482422,2215604.0,251,128660123.60385132,155240452.22030792,190061889.570158,0.0036608658288883,0.0054379784270779,0.0065490778155758,0.261391293704483,0.1248402215594375,0.0711881023022608,0.0009569184550916,0.0006788784316718,0.0004662164215206,0.0006044467281189,3.135947624385457,57.84905075073242,57.72654935201009,0.0009497337967354,58.08000183105469,58.08000183105469,0.9998277869160616,0.0634522265431666,0.0010926851537218,57.82828221666446,57.77843637073661,57.77843637073661,-0.0050208941901129,Vanguard Short-Term Treasury ETF,Q,True,False,False,False,False,False,False,False,False,,False,,,33827600384.0,Bond,unknown,88.0,True,,False,True,119.0,True,True,False,351.0,,0,0,False,Bond,Bond,Bond,Bond,Bond
2026-08-07,HYMB,24.959999084472656,25.0,24.934999465942383,24.979999542236328,1227105.0,251,30653082.33827591,42809937.83305836,29876970.275560107,-0.0072157140633917,0.0063269279280684,0.0171038242836141,0.0,0.0518002474856676,0.0642738176640421,-0.0,0.0003277364324979,0.0010993280833628,0.0005977935103006,0.4332187612356205,25.02158374786377,24.735667152404787,0.0017012766396604,25.18148117830412,25.291050477293386,0.9877011460897476,0.1032041899540294,0.0041314728520923,24.75315614163209,24.71331106716263,24.71331106716263,-0.0106760800624828,State Street SPDR Nuveen ICE High Yield Municipal Bond ETF,P,True,False,False,False,False,False,False,False,False,,False,,,3091741440.0,Bond,unknown,496.0,True,,False,True,353.0,True,True,False,352.0,,0,0,False,Bond,Bond,Bond,Bond,Bond
2026-08-07,IAGG,50.02999877929688,50.06999969482422,50.02999877929688,50.02999877929688,1322150.0,251,66147162.88604736,67936373.36494446,103516554.30884588,0.0008001020101446,0.0080678857195564,0.0083034130461907,0.0263138742003568,0.0826927046322221,0.0371261832353126,2.105378364239997e-05,0.0006671552908138,0.0003082740342313,0.0005415468510099,1.4778773675357468,49.92022468566895,49.70266642252604,0.0015130658140625,50.06999969482422,50.27921961734516,0.995043263599853,0.1216503143310546,0.0024315474175345,49.709999084472656,49.630001068115234,49.630001068115234,-0.0079951573244324,iShares International Aggregate Bond Fund,Z,True,False,False,False,False,False,False,False,False,,False,,,10738313216.0,Bond,unknown,229.0,True,,False,True,185.0,True,True,False,353.0,,0,0,False,Bond,Bond,Bond,Bond,Bond
2026-08-07,SCHO,24.06999969482422,24.07999992370605,24.059999465942383,24.059999465942383,3467458.0,251,83427037.62817764,68958143.9187624,85625628.67660831,0.0029554277510777,0.0051170707216303,0.0059819644688376,0.2442873009509664,0.1163557565479555,0.0651961534182566,0.0007219734684663,0.0005954006351246,0.0003900010732529,0.0005235107884695,2.900731840432626,23.97984615325928,23.929261639912923,0.0009415151856861,24.07999992370605,24.07999992370605,0.999169416203196,0.0269811944444589,0.0011214129278203,23.969166987928336,23.94923710146121,23.94923710146121,-0.0046035896483688,Schwab Short-Term U.S. Treasury ETF,P,True,False,False,False,False,False,False,False,False,,False,,,12952873984.0,Bond,unknown,197.0,True,,False,True,216.0,True,True,False,354.0,,0,0,False,Bond,Bond,Bond,Bond,Bond
2026-08-07,SHY,81.92009735107422,81.94000244140625,81.89009857177734,81.91999816894531,2932306.0,251,240214502.15078732,297355029.20307463,281525015.005918,0.0035604118540573,0.0051616321609244,0.0061660764405315,0.2530288538179499,0.1118535829336968,0.0631873091474773,0.0009008869305519,0.0005773470509852,0.0003896177782748,0.0005116418055365,3.1816083358612346,81.62203964233399,81.46665379842122,0.0009133936168941,81.94000244140625,81.94000244140625,0.999755866831036,0.0878483882984639,0.0010723680451907,81.59945698469974,81.50973518297866,81.50973518297866,-0.0050080932023528,iShares 1-3 Year Treasury Bond ETF,Q,True,False,False,False,False,False,False,False,False,,False,,,25358272512.0,Bond,unknown,110.0,True,include,False,True,92.0,True,True,False,355.0,,0,0,False,Bond,Bond,Bond,Bond,Bond
2026-08-07,XLP,84.5,85.20500183105469,84.25499725341797,85.12000274658203,5452167.0,251,464088470.0148239,930387372.8692564,996521503.6442448,0.01188777897467,0.0206074567283385,-0.0083632982263532,0.0680272250069806,0.0378273361241387,0.0,0.0008086926151431,0.0007795251923265,-0.0,0.0005066913750122,0.3122088247378638,84.12003921508789,83.40730458577474,0.0029625932776402,88.77999877929688,89.01780978862107,0.9562131774383728,1.5829998016357425,0.0185972715056016,83.86000061035156,82.80999755859375,82.80999755859375,-0.0271382179681736,State Street Consumer Staples Select Sector SPDR ETF,P,True,False,False,False,False,False,False,False,False,,False,,,13649293312.0,Sector,unknown,186.0,True,,False,True,34.0,True,True,False,356.0,,0,0,False,Sector,Sector,Sector,Sector,Sector
2026-08-07,SPTS,28.93000030517578,28.940000534057617,28.920000076293945,28.920000076293945,2506791.0,251,72496395.91125298,32512275.07982435,40309763.99537704,0.0031879901218885,0.0049870857141645,0.0061877350204873,0.20380161234382,0.1076623248399896,0.0668160959404728,0.000649717526977,0.0005369212421632,0.0004134402967831,0.0004937029112801,2.454203506196604,28.82553039550781,28.76143690745036,0.0009805024176332,28.940000534057617,28.940000534057617,0.9993088991916176,0.0345173985321942,0.0011935476639396,28.81812661620248,28.78822135925293,28.78822135925293,-0.0045566637860777,State Street SPDR Portfolio Short Term Treasury ETF,P,True,False,False,False,False,False,False,False,False,,False,,,5912571904.0,Bond,unknown,349.0,True,,False,True,309.0,True,True,False,357.0,,0,0,False,Bond,Bond,Bond,Bond,Bond
2026-08-07,BOTZ,37.380001068115234,37.650001525878906,37.209999084472656,37.61000061035156,682072.0,251,25652728.33630371,28655873.030737303,36477026.927117966,0.018965070870585,-0.0552646867657911,0.0519655782140464,0.0666667635479022,0.0,0.0258575076295872,0.0012643398953985,-0.0,0.0013437003351456,0.0004702951173009,-0.0,36.87817443847656,37.18221122741699,-0.023652262777146,37.76499938964844,41.68914992307781,0.9021532144394204,0.7842498779296875,0.0208521633927821,33.48400115966797,33.48400115966797,33.48400115966797,-0.1097048493412674,Global X Robotics & Artificial Intelligence ETF,Q,True,False,False,False,False,False,False,False,False,,False,,,3517117696.0,Industry / Theme,unknown,457.0,True,,False,True,325.0,True,True,False,358.0,,0,0,False,Industry / Theme,Industry / Theme,Industry / Theme,Industry / Theme,Industry / Theme
2026-08-07,IGSB,52.15999984741211,52.15999984741211,52.10010147094727,52.130001068115234,1512631.0,251,78853455.64566422,133993614.2001299,157118260.75772947,0.0038105019564127,0.0059296966392079,0.0064866904010416,0.202883190125504,0.0918727068889418,0.0465699273318143,0.0007730867928964,0.0005447772812742,0.0003020847006004,0.0004598348780384,2.689166573398316,51.94284729003906,51.78893091837565,0.0011032327203284,52.15999984741211,52.15999984741211,0.9994248700271352,0.0826621212447864,0.0015856919154246,51.86237948140212,51.77271958072366,51.77271958072366,-0.0068536635348374,iShares 1-5 Year Investment Grade Corporate Bond ETF,Q,True,False,False,False,False,False,False,False,False,,False,,,22337937408.0,Bond,unknown,122.0,True,,False,True,138.0,True,True,False,359.0,,0,0,False,Bond,Bond,Bond,Bond,Bond
2026-08-07,IBDU,23.049999237060547,23.09000015258789,23.040000915527344,23.059999465942383,534722.0,251,12330689.034427645,12256852.682636453,15637670.73911582,0.0038290549523396,0.0061676247387747,0.0059952421486715,0.1735829597594071,0.0892534552444082,0.0414844609599503,0.0006646586917085,0.0005504818185865,0.000248709388862,0.0004448614681829,3.380456924937255,22.965873260498046,22.910256385803223,0.0011190250746899,23.09000015258789,23.14138988706048,0.9964829069681936,0.0440758764896695,0.0019113563534451,22.922229762401884,22.892343517888587,22.892343517888587,-0.0072704228940424,iShares iBonds Dec 2029 Term Corporate ETF,P,True,False,False,False,False,False,False,False,False,,False,,,3963476736.0,Bond,unknown,426.0,True,,False,True,423.0,True,True,False,360.0,,0,0,False,Bond,Bond,Bond,Bond,Bond
2026-08-07,VCSH,78.6500015258789,78.66000366210938,78.56999969482422,78.61000061035156,3677333.0,251,289075149.37446594,282697941.7837944,328030107.1377115,0.0038175691967905,0.0059075125897449,0.0060138785718693,0.1851396875044294,0.0871119364846286,0.0426168167395236,0.0007067835681203,0.0005146148615,0.0002562923609911,0.0004242019863218,3.183004481936188,78.3278727722168,78.11649607340495,0.0010344265545834,78.66000366210938,78.66000366210938,0.9993643141440394,0.1270887512707013,0.001616699532934,78.19149641560236,78.06198826322101,78.06198826322101,-0.0069712802808246,Vanguard Short-Term Corporate Bond ETF,Q,True,False,False,False,False,False,False,False,False,,False,,,51786543104.0,Bond,unknown,55.0,True,,False,True,80.0,True,True,False,361.0,,0,0,False,Bond,Bond,Bond,Bond,Bond
2026-08-07,IGF,66.16999816894531,66.26000213623047,65.82369995117188,65.94999694824219,1248928.0,251,82366797.78857422,64005151.60482178,55818369.92754788,-0.0143477307027982,-0.003306286163766,0.0301624268183129,0.0,0.0,0.0391131573424639,-0.0,-0.0,0.0011797477459752,0.0004129117110913,-0.0,66.44841293334962,65.7648508199056,0.0010299376706941,67.76000213623047,68.63407614090849,0.960892907086623,0.5953147888183594,0.0090267599145692,65.82369995117188,65.82369995117188,65.82369995117188,-0.0019150417424497,iShares Global Infrastructure ETF,Q,True,False,False,False,False,False,False,False,False,,False,,,10779330560.0,REIT / Infra,unknown,227.0,True,,False,True,274.0,True,True,False,362.0,,0,0,False,REIT / Infra,REIT / Infra,REIT / Infra,REIT / Infra,REIT / Infra
2026-08-07,PYLD,26.209999084472656,26.229900360107425,26.17009925842285,26.209999084472656,2866115.0,251,75120871.52599335,95212240.35411072,102401412.34607454,0.0019421139789626,0.0076293807197806,0.0084527784910577,0.0472185782662648,0.0616338789074301,0.0335395833824716,9.17038609176526e-05,0.0004702283274216,0.0002835026690143,0.0004048743469791,1.9132377705255623,26.12266357421875,25.977317543029784,0.0017425778475115,26.229900360107425,26.308025360107425,0.9962739021917087,0.0808272420982747,0.003083832312919,25.96523916566519,25.91053443629635,25.91053443629635,-0.0114255878915202,PIMCO Multisector Bond Active Exchange-Traded Fund,P,True,False,False,False,False,False,False,False,False,,False,,,14711611392.0,Bond,unknown,171.0,True,,False,True,188.0,True,True,False,363.0,,0,0,False,Bond,Bond,Bond,Bond,Bond
2026-08-07,CGMS,27.190000534057617,27.199899673461918,27.15999984741211,27.190000534057617,722338.0,251,19640370.60577011,28180672.597652245,28122333.01923413,0.0026007121891873,0.00539179900671,0.0123042544514424,0.0795571409515531,0.0496199159868943,0.0489969578734183,0.0002069052262095,0.0002675406137311,0.0006028710370211,0.0003849062618826,2.624881821382257,27.11750946044922,26.95636885325114,0.0006197593764989,27.200000762939453,27.255302648472476,0.997604058364088,0.0702653770162589,0.0025842359557237,26.94351281856387,26.91070472375049,26.91070472375049,-0.0102720045907054,Capital Group U.S. Multi-Sector Income ETF,P,True,False,False,False,False,False,False,False,False,,False,,,5172525056.0,Bond,unknown,372.0,True,,False,True,362.0,True,True,False,364.0,,0,0,False,Bond,Bond,Bond,Bond,Bond
2026-08-07,LMBS,51.130001068115234,51.900001525878906,49.54999923706055,49.63520050048828,250702.0,251,12443644.035873411,23134387.68551636,25019494.14309184,0.002320851566413,0.0035405048641932,0.0097656066597064,0.1056018619128069,0.0517592274169997,0.0724091282329254,0.0002450862466364,0.0001832537964367,0.0007071190648949,0.0003666066403971,1.2274457520866546,49.516363830566405,49.33754803975423,0.0009916608618343,51.900001525878906,51.900001525878906,0.9563622165933592,0.30504695387093,0.0061457786166881,49.29999923706055,49.29999923706055,49.29999923706055,-0.0067532972577483,First Trust Low Duration Opportunities ETF,Q,True,False,False,False,False,False,False,False,False,,False,,,6341681152.0,Bond,unknown,335.0,True,,False,True,381.0,True,True,False,365.0,,0,0,False,Bond,Bond,Bond,Bond,Bond
2026-08-07,ISTB,48.02000045776367,48.040000915527344,47.9900016784668,48.02000045776367,319120.0,251,15324142.546081545,18352131.267795563,24472625.338466585,0.0034269781907179,0.0049385720100911,0.0054134955691427,0.163737879237982,0.0778159898764494,0.0411145869160511,0.0005611261411429,0.0003842998695413,0.0002225736340971,0.0003276956871359,3.416145196046761,47.85703300476074,47.76117421468099,0.0009782742027029,48.040000915527344,48.040000915527344,0.9995836707455764,0.0730063703939265,0.001520332563473,47.78625291112764,47.71650886035199,47.71650886035199,-0.0063201081740643,iShares Core 1-5 Year USD Bond ETF,Q,True,False,False,False,False,False,False,False,False,,False,,,5038184448.0,Bond,unknown,375.0,True,,False,True,383.0,True,True,False,366.0,,0,0,False,Bond,Bond,Bond,Bond,Bond
2026-08-07,EMB,95.3000030517578,95.33000183105467,95.04499816894533,95.23999786376952,3212220.0,251,305931825.93795776,530934436.90911865,584993192.1352859,-0.0034548948934565,0.0058802669165447,0.013616714867056,0.0,0.0332614406849187,0.0328108320472325,-0.0,0.0001955861492561,0.000446775744538,0.0002835025076048,1.0477169374153694,95.17966796875,94.25968943277996,0.0017106242403266,95.49053322991486,96.04631112850502,0.9916049533265604,0.3944153164912798,0.0041412780904872,94.07673992995072,94.06679319064276,94.06679319064276,-0.0123184029760785,iShares J.P. Morgan USD Emerging Markets Bond ETF,Q,True,False,False,False,False,False,False,False,False,,False,,,14615079936.0,Bond,unknown,173.0,True,,False,True,55.0,True,True,False,367.0,,0,0,False,Bond,Bond,Bond,Bond,Bond
2026-08-07,XLU,43.20000076293945,43.86529922485352,42.94499969482422,43.61000061035156,17939440.0,251,782338989.3493652,879114846.6755486,918232624.7577364,-0.0396388294012101,-0.0272944805315527,0.0254132898750383,0.0,0.0,0.0231069424892589,-0.0,-0.0,0.0005872234276053,0.0002055281996618,-0.0,44.77226287841797,44.7480857594808,1.1848364430910864e-05,46.630001068115234,47.40728211653791,0.9199008815385838,0.7770156860351562,0.0178173738858127,42.94499969482422,42.94499969482422,42.94499969482422,-0.0152488169277735,State Street Utilities Select Sector SPDR ETF,P,True,False,False,False,False,False,False,False,False,,False,,,23111417856.0,Sector,unknown,117.0,True,,False,True,37.0,True,True,False,368.0,,0,0,False,Sector,Sector,Sector,Sector,Sector
2026-08-07,BSV,77.58000183105469,77.59989929199219,77.5199966430664,77.55999755859375,1884473.0,251,146159721.27923584,185576185.93853456,202051304.1139163,0.002923252271314,0.0036656805361732,0.0033776091193966,0.1611720615511811,0.0610422342092327,0.0260359090276229,0.0004711465950018,0.0002237613298253,8.793912376348125e-05,0.0001762235577036,3.762337467941689,77.32306671142578,77.24032475789387,0.0008266909132383,78.0,78.0,0.9943589430588944,0.1813624353076988,0.0023383501936121,77.13461967595158,77.08478905986993,77.08478905986993,-0.0061269792893535,Vanguard Short-Term Bond ETF,P,True,False,False,False,False,False,False,False,False,,False,,,69833809920.0,Bond,unknown,44.0,True,,False,True,118.0,True,True,False,369.0,,0,0,False,Bond,Bond,Bond,Bond,Bond
2026-08-07,VPU,187.3600006103516,189.8800048828125,185.88999938964844,188.8600006103516,333438.0,251,62973100.8835144,50168108.74054108,45768695.63196624,-0.0372635858022399,-0.0272201050924579,0.0227929136568327,0.0,0.0,0.0213308784077134,-0.0,-0.0,0.0004861928697714,0.0001701675044199,-0.0,193.59890716552732,193.64321634928385,-0.0007008996179039,201.08999633789065,204.4856368333461,0.9235856539120676,3.1979995727539063,0.0169331756985,185.88999938964844,185.88999938964844,185.88999938964844,-0.0157259409674085,Vanguard Utilities ETF,P,True,False,False,False,False,False,False,False,False,,False,,,10763640832.0,Sector,unknown,228.0,True,,False,True,292.0,True,True,False,370.0,,0,0,False,Sector,Sector,Sector,Sector,Sector
2026-08-07,XLY,118.5199966430664,120.43499755859376,118.49729919433594,119.86000061035156,4750115.0,251,569348786.7992401,908938646.9410132,934467978.7975312,0.0223473455673925,0.0018255079196638,0.0240839099701495,0.101550512071449,0.0027987340926913,0.0188800440856467,0.0022693843858063,5.109111251241207e-06,0.0004547052819911,0.0001624677710102,0.0460240751093242,115.9390284729004,116.3081918334961,-0.0039911427785072,120.43499755859376,121.94699945092368,0.9828860172864524,1.9947498321533204,0.0166423312364062,110.3000030517578,108.29000091552734,108.29000091552734,-0.0965292811272102,State Street Consumer Discretionary Select Sector SPDR ETF,P,True,False,False,False,False,False,False,False,False,,False,,,22593435648.0,Sector,unknown,121.0,True,,False,True,35.0,True,True,False,371.0,,0,0,False,Sector,Sector,Sector,Sector,Sector
2026-08-07,INDA,50.45000076293945,50.45000076293945,50.27999877929688,50.3650016784668,4519447.0,251,227621955.74074173,303165549.07411593,313372304.314241,0.0216024839328121,0.0109394216575877,-0.0488196231770772,0.1627198621697769,0.0226470814354295,0.0,0.003515153208072,0.0002477459731358,-0.0,0.0001610348825383,0.8748953051999818,48.92130020141602,49.843833440144856,0.007183091475938,50.619998931884766,53.810001373291016,0.9359784499739082,0.4659999847412109,0.0092524564521248,48.59000015258789,47.560001373291016,47.560001373291016,-0.0556934421065459,iShares MSCI India ETF,Z,True,False,False,False,False,False,False,False,False,,False,,,6871878656.0,Country / Region,unknown,314.0,True,,False,True,83.0,True,True,False,372.0,,0,0,False,Country / Region,Country / Region,Country / Region,Country / Region,Country / Region
2026-08-07,VDC,229.4499969482422,231.3500061035156,229.1300048828125,231.22000122070312,98173.0,251,22699561.179840088,31388601.05818329,36357519.87626381,0.0135004902222088,0.0109774051740454,-0.0101089745206128,0.0811380086978228,0.0207524992940061,0.0,0.0010954028930744,0.0002278085931243,-0.0,0.0001480755855308,0.2560215138204242,227.94082916259765,227.24512329101563,0.0017640582604998,239.72999572753903,241.69274851576964,0.9566691704265872,4.018999481201172,0.0173817120490583,227.30999755859372,223.77999877929688,223.77999877929688,-0.0321771576945224,Vanguard Consumer Staples ETF,P,True,False,False,False,False,False,False,False,False,,False,,,9185586176.0,Sector,unknown,261.0,True,,False,True,326.0,True,True,False,373.0,,0,0,False,Sector,Sector,Sector,Sector,Sector
2026-08-07,VWOB,66.20999908447266,66.23500061035156,66.09500122070312,66.20999908447266,800642.0,251,53010506.08699036,34046089.47385178,36917435.241461135,-0.0035809317793917,0.0037617309028223,0.0102486089153048,0.0,0.0217262781548796,0.0259943569350764,-0.0,8.17284119385258e-05,0.0002664059982324,0.0001463655671413,0.7984751977542872,66.1897575378418,65.65556409200032,0.0013665020826314,66.3285726035443,66.8306962863041,0.990712393610679,0.2431346925046881,0.0036721748356239,65.35373467258744,65.35373398320351,65.35373398320351,-0.012932564765281,Vanguard Emerging Markets Government Bond ETF,Q,True,False,False,False,False,False,False,False,False,,False,,,6760565248.0,Bond,unknown,318.0,True,,False,True,322.0,True,True,False,374.0,,0,0,False,Bond,Bond,Bond,Bond,Bond
2026-08-07,HYD,50.4900016784668,50.4900016784668,50.400001525878906,50.47999954223633,1139652.0,251,57529632.43830872,48604308.83384857,40993430.31529066,-0.0116102121287626,-0.0010540506101309,0.0103175389075997,0.0,0.0,0.0386764966829419,-0.0,-0.0,0.0003990462593359,0.0001396661907675,-0.0,50.7823136138916,50.27656224568685,4.455033042405354e-05,51.1925024440502,51.43158226526512,0.9814980857847058,0.2234654672771185,0.0044268119909578,49.94730605171702,49.89750248101059,49.89750248101059,-0.0115391653428674,VanEck High Yield Muni ETF,Z,True,False,False,False,False,False,False,False,False,,False,,,4521939456.0,Bond,unknown,398.0,True,,False,True,306.0,True,True,False,375.0,,0,0,False,Bond,Bond,Bond,Bond,Bond
2026-08-07,BNDX,47.96500015258789,47.96500015258789,47.900001525878906,47.95000076293945,3804426.0,251,182422229.6025467,175411154.4023571,224827457.5712253,-0.0002132434269562,0.0044528236270147,0.0016449703972265,0.0,0.0349768601484239,0.0059194605815196,-0.0,0.0001557457892676,9.737337424149362e-06,0.0001046428311224,0.9868709175574164,47.91848823547363,47.80023905436198,0.0011229768492757,48.02000045776367,48.551737420694174,0.987606279615892,0.1224670501270921,0.0025540573134202,47.6210769269943,47.55124710749425,47.55124710749425,-0.0083160302210756,Vanguard Total International Bond ETF,Q,True,False,False,False,False,False,False,False,False,,False,,,123285929984.0,Bond,unknown,24.0,True,,False,True,108.0,True,True,False,376.0,,0,0,False,Bond,Bond,Bond,Bond,Bond
2026-08-07,FPE,17.8700008392334,17.8700008392334,17.850000381469727,17.8700008392334,606599.0,251,10839924.63907814,17032744.92271166,17621909.94715836,0.0011765313099987,0.0021633787944166,0.007063505226579,0.0438652408803327,0.0236632459772481,0.0274549387889478,5.160882931634772e-05,5.119256455424352e-05,0.0001939281036311,0.0001011500032311,0.3817766226954877,17.81138801574707,17.75890427907308,0.0005144910882792,17.91868319631239,17.951650816923056,0.995451673023147,0.0494371896077197,0.0027664906147727,17.700000762939453,17.700000762939453,17.700000762939453,-0.0095131543542354,First Trust Preferred Securities and Income ETF ETF,P,True,False,False,False,False,False,False,False,False,,False,,,6320397824.0,Bond,unknown,336.0,True,,False,True,413.0,True,True,False,377.0,,0,0,False,Bond,Bond,Bond,Bond,Bond
2026-08-07,ETHA,14.539999961853027,14.600000381469728,14.369999885559082,14.470000267028809,26787815.0,251,387619690.2031183,429156654.58158135,409161147.73356,0.069475281050223,-0.1635837627072973,0.0291607279641381,0.1727941382714941,0.0,0.0079318983951852,0.0120049213202431,-0.0,0.0002312999313411,8.095497596941288e-05,,13.543799934387208,16.287100009918213,-0.0264593645493737,14.91800022125244,18.63500022888184,0.7764958459513289,0.4458499908447265,0.030812023677749,13.850000381469728,13.199999809265137,13.199999809265137,-0.0877678254545358,iShares Ethereum Trust ETF,Q,True,False,False,False,False,False,False,False,False,,False,,,4276033536.0,Crypto,unknown,407.0,True,,False,True,69.0,True,True,False,378.0,,0,0,False,Crypto,Crypto,Crypto,Crypto,Crypto
2026-08-07,PZA,23.06999969482422,23.09000015258789,23.01000022888184,23.06999969482422,842330.0,251,19432552.842941284,33000990.5921669,27407658.83457305,-0.0130318734429862,-0.0012702808126494,0.0074028592317356,0.0,0.0,0.0285180752657466,-0.0,-0.0,0.0002111152967523,7.38903538633279e-05,-0.0,23.20313545227051,23.012086970011392,0.0005461700257507,23.384581726226944,23.504196443820923,0.9815268413861964,0.0954468523280574,0.0041372715037127,22.790000915527344,22.76000022888184,22.76000022888184,-0.013437341571007,Invesco National AMT-Free Municipal Bond ETFo,P,True,False,False,False,False,False,False,False,False,,False,,,4290295296.0,Bond,unknown,406.0,True,,False,True,369.0,True,True,False,379.0,,0,0,False,Bond,Bond,Bond,Bond,Bond
2026-08-07,BTC,28.799999237060547,28.8799991607666,28.51499938964844,28.729999542236328,967009.0,251,27782168.12733841,39354947.07661114,53431353.00158685,0.016271633428514,-0.1895627948117966,0.0206039052066011,0.0576440264103392,0.0,0.0074244741100254,0.0009379624670926,-0.0,0.0001529731607718,5.354060627014009e-05,,28.302799797058107,31.956533342997236,-0.0400428760308428,29.600000381469727,36.34000015258789,0.7905888668575135,0.6612499237060547,0.0230160088493542,27.56999969482422,27.309999465942383,27.309999465942383,-0.0494256908778012,Grayscale Bitcoin Mini Trust (BTC),P,True,False,False,False,False,False,False,False,False,,False,,,3187986688.0,Crypto,unknown,484.0,True,,False,True,280.0,True,True,False,380.0,,0,0,False,Crypto,Crypto,Crypto,Crypto,Crypto
2026-08-07,CQQQ,53.02000045776367,53.2400016784668,52.85499954223633,53.08000183105469,318086.0,251,16884005.46243286,52014918.94942169,74389194.82286508,-0.0460100213277505,-0.0024430982081318,0.0178331788679675,0.0,0.0,0.0085548766383097,-0.0,-0.0,0.0001525606452843,5.339622584953093e-05,-0.0,52.8623999786377,52.16973335266113,-0.0090319098086978,54.34000015258789,57.56999969482422,0.9220080269659408,1.2464998245239258,0.0234834171349756,48.7400016784668,48.7400016784668,48.7400016784668,-0.0817633760903292,Invesco China Technology ETF,P,True,False,False,False,False,False,False,False,False,,False,,,3417853440.0,Country / Region,unknown,468.0,True,,False,True,229.0,True,True,False,381.0,,0,0,False,Country / Region,Country / Region,Country / Region,Country / Region,Country / Region
2026-08-07,SPIB,33.18000030517578,33.20000076293945,33.13159942626953,33.15999984741211,6124811.0,251,203098731.825428,184032462.42285636,227097251.76657087,0.0020350336096395,0.0026422794470037,0.0011509090142676,0.0698344132469402,0.0271037082435121,0.0055378435937407,0.0001421153780669,7.161557122941946e-05,6.3735541116404055e-06,4.87808652381968e-05,2.9389462591753346,33.11268928527832,33.07370244344076,0.0006028428759146,33.20223504891315,33.385918811137124,0.993233106298406,0.0776275824733009,0.0023410006884954,32.963150778653024,32.90338172338011,32.90338172338011,-0.0077387854406769,State Street SPDR Portfolio Intermediate Term Corporate Bond ETF,P,True,False,False,False,False,False,False,False,False,,False,,,11570174976.0,Bond,unknown,211.0,True,,False,True,106.0,True,True,False,382.0,,0,0,False,Bond,Bond,Bond,Bond,Bond
2026-08-07,FBTC,56.66999816894531,56.84000015258789,56.09999847412109,56.52999877929688,2168513.0,251,122586037.2428894,191291934.685154,232513006.48428905,0.0164523433105343,-0.1901146660784674,0.019476970270472,0.0579662687312361,0.0,0.0070358192697922,0.0009536809535969,-0.0,0.0001370364427461,4.796275496115505e-05,,55.69889999389648,62.90020022074381,-0.0400564612353575,58.255001068115234,71.5250015258789,0.7903529894905826,1.311750411987305,0.0232045009784735,54.244998931884766,53.72999954223633,53.72999954223633,-0.0495312099331938,Fidelity Wise Origin Bitcoin Fund,Z,True,False,False,False,False,False,False,False,False,,False,,,10223253504.0,Crypto,unknown,243.0,True,,False,True,104.0,True,True,False,383.0,,0,0,False,Crypto,Crypto,Crypto,Crypto,Crypto
2026-08-07,IBIT,36.88999938964844,37.0099983215332,36.51499938964844,36.79999923706055,33981178.0,251,1250507324.4744186,1322770337.2006078,1623931857.7525682,0.015732809882035,-0.1894273568232412,0.0193906036711126,0.0552860725509914,0.0,0.0069658747263156,0.0008698052685691,-0.0,0.0001350725160406,4.72753806142128e-05,,36.25980010986328,40.94476659138997,-0.0400806891815962,37.93000030517578,46.560001373291016,0.7903779671744326,0.8642498016357422,0.0234850494443862,35.290000915527344,34.959999084472656,34.959999084472656,-0.0500000051830127,iShares Bitcoin Trust ETF,Q,True,False,False,False,False,False,False,False,False,,False,,,43234205696.0,Crypto,unknown,71.0,True,,False,True,24.0,True,True,False,384.0,,0,0,False,Crypto,Crypto,Crypto,Crypto,Crypto
2026-08-07,IBDV,21.649999618530277,21.649999618530277,21.6200008392334,21.6299991607666,1400916.0,251,30301811.904304504,13065681.629351044,14496680.60160089,0.0028816483966238,0.0025398663091462,0.0008026472621653,0.1001780054170215,0.02718229451491,0.0040968117840432,0.0002886777886869,6.903939404371138e-05,3.2882947620692545e-06,4.602650929513664e-05,3.189163426279914,21.57968681335449,21.56716079711914,0.0006902958822936,21.67743141611536,21.976292189070488,0.9842424270061304,0.0537929477543331,0.0024869602330778,21.498112831090303,21.463246994322592,21.463246994322592,-0.0077093006432691,iShares iBonds Dec 2030 Term Corporate ETF,P,True,False,False,False,False,False,False,False,False,,False,,,3198090240.0,Bond,unknown,482.0,True,,False,True,428.0,True,True,False,385.0,,0,0,False,Bond,Bond,Bond,Bond,Bond
2026-08-07,PFF,30.552000045776367,30.649999618530277,30.51000022888184,30.63999938964844,2192027.0,251,67163705.9420929,83496520.96973114,91354549.6458044,0.0079718212858319,-0.0144884610153487,0.0070606909483119,0.0867786941120702,0.0,0.0131755451381947,0.0006917842408793,-0.0,9.302845229632716e-05,3.2559958303714504e-05,,30.504819717407223,30.574124908447267,-0.0028077999661832,30.780000686645508,31.35677348737083,0.9771413312657604,0.2137543420894893,0.0069763167867981,29.95972442626953,29.95972442626953,29.95972442626953,-0.0222021859311372,iShares Preferred and Income Securities ETF,Q,True,False,False,False,False,False,False,False,False,,False,,,13096669184.0,Other,unknown,196.0,True,,False,True,209.0,True,True,False,386.0,,0,0,False,Other,Other,Other,Other,Other
2026-08-07,UCON,24.709999084472656,24.759899139404297,24.667999267578125,24.700000762939453,428845.0,251,10592471.82718277,12007579.541142464,12476020.892870769,-0.000191470395357,0.00182604316313,0.002630703651675,0.0,0.0179243749933554,0.0120380933485442,-0.0,3.273068240999619e-05,3.166865613122052e-05,3.23589732124247e-05,0.9636981776405842,24.68882221221924,24.62047845204671,0.0005487365780463,24.77446314959561,25.00758893962889,0.9877002066279964,0.1078188558085912,0.0043651357278646,24.530000686645508,23.71999931335449,23.71999931335449,-0.0396761708224471,First Trust Smith Unconstrained Bond ETF,P,True,False,False,False,False,False,False,False,False,,False,,,3285839104.0,Bond,unknown,475.0,True,,False,True,440.0,True,True,False,387.0,,0,0,False,Bond,Bond,Bond,Bond,Bond
2026-08-07,GBTC,50.459999084472656,50.584999084472656,49.93000030517578,50.29999923706055,1187101.0,251,59711179.39431381,75720130.11801586,98423470.98020785,0.0149313527696617,-0.192357093401529,0.0128876236732768,0.0533909263003417,0.0,0.0046681215755018,0.0007971987552894,-0.0,6.01609941261727e-05,2.105634794416044e-05,,49.62019989013672,56.18959999084473,-0.0405919618071798,51.880001068115234,63.845001220703125,0.7878455364607257,1.1629999160766602,0.0231212710480475,48.29999923706055,47.86000061035156,47.86000061035156,-0.048508919755832,Grayscale Bitcoin Trust (BTC),P,True,False,False,False,False,False,False,False,False,,False,,,8134695424.0,Crypto,unknown,280.0,True,,False,True,196.0,True,True,False,388.0,,0,0,False,Crypto,Crypto,Crypto,Crypto,Crypto
2026-08-07,SCHP,25.959999084472656,25.969900131225582,25.93000030517578,25.959999084472656,4500602.0,251,116835623.7995758,113729635.15782662,111318592.04635414,-0.002031350132202,-0.0067923052308536,0.0026486305782831,0.0,0.0,0.012480708256068,-0.0,-0.0,3.3056785525652415e-05,1.1569874933978345e-05,,26.01480026245117,25.99153840382894,-0.0009993911780822,26.06242787577172,26.24489532029274,0.9891446990988834,0.0695395442140865,0.0026787190549509,25.81449782008404,25.81449782008404,25.81449782008404,-0.0056048254822799,Schwab U.S. TIPS ETF,P,True,False,False,False,False,False,False,False,False,,False,,,16518061056.0,Other,unknown,159.0,True,,False,True,175.0,True,True,False,389.0,,0,0,False,Other,Other,Other,Other,Other
2026-08-07,GVI,105.48999786376952,105.48999786376952,105.33999633789062,105.41999816894533,131366.0,251,13848603.47946167,12565537.593444824,13777416.160857186,0.002335366593217,0.0011823530724515,-0.0006354512050718,0.0841598393868257,0.0140213576949912,0.0,0.0001965440773945,1.6578195350614546e-05,-0.0,1.0775826977899457e-05,1.7256194305123795,105.21378707885742,105.26938466389974,0.0005840262092797,105.51332404775005,106.38056551228313,0.9909704621449216,0.2117532570624511,0.0020086630690611,104.88527230076306,104.6759213611862,104.6759213611862,-0.0070582130590314,iShares Intermediate Government/Credit Bond ETF,Z,True,False,False,False,False,False,False,False,False,,False,,,3754905600.0,Bond,unknown,443.0,True,,False,True,433.0,True,True,False,390.0,,0,0,False,Bond,Bond,Bond,Bond,Bond
2026-08-07,JMTG,50.13999938964844,50.15999984741211,50.060001373291016,50.119998931884766,250154.0,251,12537718.212806702,25911764.41186485,37382924.480188645,-0.0006913732063752,-0.0017623658310117,0.001912063240077,0.0,0.0,0.0073704440314806,-0.0,-0.0,1.4092755095639676e-05,4.932464283473886e-06,-0.0,50.08499565124512,50.12029762268067,0.0006733189444489,50.25430370717704,50.92462921142578,0.9841995849159668,0.1487901135684936,0.0029686775087666,49.69138463437179,49.69138463437179,49.69138463437179,-0.0085517619043742,JPMorgan Mortgage-Backed Securities ETF,P,True,False,False,False,False,False,False,False,False,,False,,,6718420992.0,Bond,unknown,321.0,True,,False,True,319.0,True,True,False,391.0,,0,0,False,Bond,Bond,Bond,Bond,Bond
2026-08-07,TIP,107.11000061035156,107.13500213623048,106.98500061035156,107.08000183105467,1079155.0,251,115555919.37599182,195171840.2281761,215309516.9820453,-0.0024440677925142,-0.0076105026831981,0.0016450736036803,0.0,0.0,0.0076257692843368,-0.0,-0.0,1.2544951757419237e-05,4.390733115096733e-06,,107.37380081176758,107.30439844767253,-0.0010883047197114,107.58060850559336,108.34823533031094,0.9882948393631892,0.268197707755742,0.0025046479563839,106.55810456672214,106.55810456672214,106.55810456672214,-0.0048739004053808,iShares TIPS Bond ETF,P,True,False,False,False,False,False,False,False,False,,False,,,14696782848.0,Bond,unknown,172.0,True,,False,True,114.0,True,True,False,392.0,,0,0,False,Bond,Bond,Bond,Bond,Bond
2026-08-07,VTEB,49.79999923706055,49.81999969482422,49.7401008605957,49.810001373291016,7471237.0,251,372142325.23018265,363972891.21867007,360087489.5818584,-0.0076874737480553,0.0006234070933381,0.0008858765356241,0.0,0.0067036334764705,0.0047002124998729,-0.0,4.179092660371087e-06,4.16380796608454e-06,4.173743017370796e-06,0.0263770473076962,49.97081466674805,49.76198333740234,0.0003630419489841,50.24573497940309,50.60184424489237,0.9843515017403484,0.1472581229092075,0.0029563966843849,49.388197078914025,49.30842982429594,49.30842982429594,-0.0100696955464053,Vanguard Tax-Exempt Bond ETF,P,True,False,False,False,False,False,False,False,False,,False,,,48785248256.0,Bond,unknown,58.0,True,,False,True,75.0,True,True,False,393.0,,0,0,False,Bond,Bond,Bond,Bond,Bond
2026-08-07,CMF,56.790000915527344,56.84000015258789,56.75,56.83000183105469,432065.0,251,24554254.741134644,26636664.829856876,26761453.37771219,-0.0066068424939444,0.0003591118521952,-0.0042537787192892,0.0,0.0041464435795251,0.0,-0.0,1.4890370338665255e-06,-0.0,9.678740720132415e-07,0.0106645259576919,56.97360298156738,56.84495727539063,0.0002836571562661,57.25784700849949,57.58517063047392,0.9868860543235136,0.1576880157417999,0.0027747318434121,56.30022212697215,56.24037334127497,56.24037334127497,-0.010375303022734,iShares California Muni Bond ETF,P,True,False,False,False,False,False,False,False,False,,False,,,4542874112.0,Bond,unknown,396.0,True,,False,True,372.0,True,True,False,394.0,,0,0,False,Bond,Bond,Bond,Bond,Bond
2026-08-07,CGMU,27.170000076293945,27.18000030517578,27.140100479125977,27.149999618530277,931533.0,251,25291120.59464836,31554156.09657545,30618217.182644647,-0.0058984370144085,0.0002875548819081,-0.0029527392216087,0.0,0.0036791282300264,0.0,-0.0,1.057951283710101e-06,-0.0,6.876683344115657e-07,0.0063776044758659,27.219256591796874,27.144093907674154,0.0003785078913203,27.321060133217063,27.47921272964965,0.988019558116228,0.0628468780800537,0.0023148021717525,26.96999931335449,26.91238982733309,26.91238982733309,-0.0087517419718492,Capital Group Municipal Income ETF,P,True,False,False,False,False,False,False,False,False,,False,,,6310218752.0,Bond,unknown,337.0,True,,False,True,347.0,True,True,False,395.0,,0,0,False,Bond,Bond,Bond,Bond,Bond
2026-08-07,XME,113.70999908447266,116.1011962890625,112.47000122070312,115.73999786376952,2976023.0,251,344444895.662529,224104221.70947227,246657165.65385595,0.1162117382451848,-0.0389247478315694,0.0019967580010675,0.2471793545955787,0.0,0.0008184124195972,0.0287251424558751,-0.0,1.6341715470039732e-06,5.719600414513906e-07,,110.13094970703123,114.58580790201825,-0.0213286961347172,116.1011962890625,132.8491221892372,0.8712138699637282,3.745559310913086,0.0323618401593695,96.37000274658205,96.37000274658205,96.37000274658205,-0.1673578319915535,State Street SPDR S&P Metals & Mining ETF,P,True,False,False,False,False,False,False,False,False,,False,,,4383336448.0,Other,unknown,403.0,True,,False,True,101.0,True,True,False,396.0,,0,0,False,Other,Other,Other,Other,Other
2026-08-07,VMBS,46.27000045776367,46.29999923706055,46.150001525878906,46.2400016784668,999483.0,251,46216095.59759903,61388178.42530002,60755541.18716146,-0.0006616066331814,-0.0005166639800029,0.0003814501659127,0.0,0.0,0.0012283882599888,-0.0,-0.0,4.6856890557799206e-07,1.6399911695229718e-07,-0.0,46.270868148803714,46.25123565673828,0.0004071112931542,46.43002848207552,46.90787433270543,0.9857620353993962,0.1779105561077916,0.0038475464889665,45.81229207336904,45.81229207336904,45.81229207336904,-0.0092497748609929,Vanguard Mortgage-Backed Securities ETF,Q,True,False,False,False,False,False,False,False,False,,False,,,17337255936.0,Bond,unknown,150.0,True,,False,True,261.0,True,True,False,397.0,,0,0,False,Bond,Bond,Bond,Bond,Bond
2026-08-07,SCMB,25.40999984741211,25.420000076293945,25.375,25.40999984741211,1002424.0,251,25471593.68704224,32826140.24596138,29991515.000954643,-0.0073004503458274,6.523392743740253e-05,-0.0027102125245594,0.0,0.0007145623531714,0.0,-0.0,4.66137086962837e-08,-0.0,3.0298910652584414e-08,0.0002886961162372,25.48719341278076,25.41187099456787,0.0003863875853422,25.636738089730965,25.985604695947757,0.9778490877826136,0.0855502934937668,0.0033667963009641,25.17822800833873,25.11044695030807,25.11044695030807,-0.0117887799646936,Schwab Municipal Bond ETF,P,True,False,False,False,False,False,False,False,False,,False,,,3980585728.0,Bond,unknown,423.0,True,,False,True,351.0,True,True,False,398.0,,0,0,False,Bond,Bond,Bond,Bond,Bond
2026-08-07,JCPB,46.290000915527344,46.30500030517578,46.21500015258789,46.27000045776367,2161562.0,251,100015474.72948456,76659643.28984948,100944613.25359562,-0.0012431964063406,-0.0013125194313146,-0.0015145127912451,0.0,0.0,0.0,-0.0,-0.0,-0.0,-0.0,-0.0,46.33158172607422,46.320794881184895,0.000443491607085,46.46203493789599,47.03342990640388,0.9837683653911818,0.1383185226913369,0.0029893780272943,45.91431166409515,45.91431166409515,45.91431166409515,-0.0076872442219489,JPMorgan Core Plus Bond ETF,P,True,False,False,False,False,False,False,False,False,,False,,,13578677248.0,Bond,unknown,190.0,True,,False,True,191.0,True,True,False,399.0,,0,0,False,Bond,Bond,Bond,Bond,Bond
2026-08-07,SLV,57.999000549316406,58.1781005859375,56.9900016784668,57.5,19483969.0,251,1120328217.5,793414988.1141319,1209583475.038445,0.0658016531391634,-0.196927357187268,-0.1378018009443106,0.1644279975200042,0.0,0.0,0.0108196340591785,-0.0,-0.0,-0.0,,56.641399993896485,67.90026674906413,-0.0555327696200558,58.1781005859375,85.2699966430664,0.6743286298073934,1.8184051513671875,0.0316244374150815,51.119998931884766,49.61000061035156,49.61000061035156,-0.137217380689538,iShares Silver Trust,P,True,False,False,False,False,False,False,False,False,,False,,,28194189312.0,Commodity,unknown,99.0,True,,False,True,29.0,True,True,False,400.0,,0,0,False,Commodity,Commodity,Commodity,Commodity,Commodity
2026-08-07,JBND,52.79999923706055,52.810001373291016,52.70000076293945,52.7599983215332,713814.0,251,37660825.4418869,42341292.38812218,53529781.61122991,-0.0010734833788111,-0.0027441500781432,-0.0040336346977557,0.0,0.0,0.0,-0.0,-0.0,-0.0,-0.0,-0.0,52.84942115783692,52.90583363850912,0.0004414269064345,52.99600422721531,53.805368677826,0.9805712630174094,0.1564019466947663,0.0029644039361338,52.38834559079653,52.38834559079653,52.38834559079653,-0.0070442142259316,JPMorgan Active Bond ETF,N,True,False,False,False,False,False,False,False,False,,False,,,8293582336.0,Bond,unknown,276.0,True,,False,True,279.0,True,True,False,401.0,,0,0,False,Bond,Bond,Bond,Bond,Bond
2026-08-07,TOTL,38.880001068115234,38.880001068115234,38.80009841918945,38.83000183105469,511455.0,251,19859798.586502075,24931955.18517685,20332808.436109755,-0.0040587894860689,-0.0063987825787329,-0.0116244949639616,0.0,0.0,0.0,-0.0,-0.0,-0.0,-0.0,,38.91618667602539,39.06956275939942,-0.0003538823419849,39.06689995730424,39.769490732115045,0.9763766424018678,0.1165995966243546,0.0030028223313423,38.52528660451676,38.52528660451676,38.52528660451676,-0.0078474172590491,State Street DoubleLine Total Return Tactical ETF,P,True,False,False,False,False,False,False,False,False,,False,,,4176964608.0,Other,unknown,413.0,True,,False,True,402.0,True,True,False,402.0,,0,0,False,Other,Other,Other,Other,Other
2026-08-07,TLH,97.19000244140624,97.25,96.83499908447266,97.0500030517578,1306703.0,251,126815530.13774107,105368090.33241804,123393035.64622836,-0.0108374811730753,-0.0165248535383699,-0.0257287864670874,0.0,0.0,0.0,-0.0,-0.0,-0.0,-0.0,,98.30239028930664,99.00075978597005,-0.0006825877822093,98.65118220244348,102.732236948973,0.9446888915692788,0.572199500466094,0.0058959246004447,95.80240819587264,95.80240819587264,95.80240819587264,-0.012855175854243,iShares 10-20 Year Treasury Bond ETF,P,True,False,False,False,False,False,False,False,False,,False,,,11252374528.0,Bond,unknown,219.0,True,,False,True,161.0,True,True,False,403.0,,0,0,False,Bond,Bond,Bond,Bond,Bond
2026-08-07,SMBS,25.049999237060547,25.055099487304688,24.979999542236328,25.0049991607666,499572.0,251,12491797.440742493,12413873.543406677,18029820.279194426,-0.0033140450553817,-0.0047507667547296,-0.0028792919083728,0.0,0.0,0.0,-0.0,-0.0,-0.0,-0.0,-0.0,25.0814879989624,25.088083750406906,0.0005500972874401,25.152841568164774,25.45730769724829,0.9822326641190507,0.0882317036063266,0.0035285625501945,24.864185775070368,24.8442781899233,24.8442781899233,-0.0064275535387929,Schwab Mortgage-Backed Securities ETF,P,True,False,False,False,False,False,False,False,False,,False,,,6495026176.0,Bond,unknown,329.0,True,,False,True,411.0,True,True,False,404.0,,0,0,False,Bond,Bond,Bond,Bond,Bond
2026-08-07,SILJ,29.170000076293945,29.3700008392334,28.551000595092773,29.13999938964844,6998442.0,251,203934595.60849,93451981.39357416,123855257.95005567,0.1458906425462196,-0.0563471443784511,-0.0464659718949428,0.2452081178163998,0.0,0.0,0.0357735698657837,-0.0,-0.0,-0.0,,26.394600105285644,30.299066619873045,-0.0327254893421168,29.3700008392334,40.29999923706055,0.7230769216206538,1.24300012588501,0.0426561479725551,23.21999931335449,23.059999465942383,23.059999465942383,-0.2086479084095618,Amplify Junior Silver Miners ETF,P,True,False,False,False,False,False,False,False,False,,False,,,3404911360.0,Commodity,unknown,469.0,True,,False,True,160.0,True,True,False,405.0,,0,0,False,Commodity,Commodity,Commodity,Commodity,Commodity
2026-08-07,SIL,88.22000122070312,89.22000122070312,86.98529815673828,88.5,2240769.0,251,198308056.5,79821089.57140656,113214651.23145306,0.1591355830871059,-0.0597129401625514,-0.0361930134522352,0.3008172467106599,0.0,0.0,0.0478707279579586,-0.0,-0.0,-0.0,,79.47607360839844,90.86730936686196,-0.0325563862372605,89.22000122070312,118.68631159390996,0.745663074464782,3.4294998168945314,0.0387514103603901,71.08999633789062,69.68000030517578,69.68000030517578,-0.2126553637833245,Global X Silver Miners ETF,P,True,False,False,False,False,False,False,False,False,,False,,,4207305472.0,Commodity,unknown,411.0,True,,False,True,171.0,True,True,False,406.0,,0,0,False,Commodity,Commodity,Commodity,Commodity,Commodity
2026-08-07,SIVR,60.970001220703125,61.130001068115234,59.91999816894531,60.459999084472656,1145001.0,251,69226759.41172028,53169556.05654259,82864610.96497345,0.0661259047882221,-0.1965448626648152,-0.1362857273646763,0.1639703017331105,0.0,0.0,0.0108426845604997,-0.0,-0.0,-0.0,,59.52940002441406,71.32933326721191,-0.0554577107827936,61.130001068115234,89.58000183105469,0.6749274151444926,1.901499938964844,0.0314505452821481,53.72999954223633,52.13999938964844,52.13999938964844,-0.1376116410984359,abrdn Physical Silver Shares ETF,P,True,False,False,False,False,False,False,False,False,,False,,,3950569728.0,Commodity,unknown,429.0,True,,False,True,219.0,True,True,False,407.0,,0,0,False,Commodity,Commodity,Commodity,Commodity,Commodity
2026-08-07,SGOL,41.470001220703125,41.58000183105469,41.209999084472656,41.34999847412109,1798119.0,251,74352217.90628815,84384054.82340355,99981159.62823088,0.0570040798344391,-0.0763904835531336,-0.0975556798444948,0.2310880902751287,0.0,0.0,0.0131729639468315,-0.0,-0.0,-0.0,,39.67300010681152,43.6567333984375,-0.0197856394960425,41.58000183105469,51.02000045776367,0.8104664465527047,0.7485004425048828,0.0181015833162202,38.04999923706055,37.7400016784668,37.7400016784668,-0.0873034323789301,abrdn Physical Gold Shares ETF,P,True,False,False,False,False,False,False,False,False,,False,,,6743476736.0,Commodity,unknown,319.0,True,,False,True,192.0,True,True,False,408.0,,0,0,False,Commodity,Commodity,Commodity,Commodity,Commodity
2026-08-07,TLT,82.80500030517578,82.8499984741211,82.4801025390625,82.76000213623047,42224287.0,251,3494482082.3208084,2294956890.1188097,2237341866.3595595,-0.016297110308109,-0.0224364742528827,-0.0323064991064853,0.0,0.0,0.0,-0.0,-0.0,-0.0,-0.0,,84.33579986572266,85.06528015136719,-0.0013989622904054,84.4796846937536,88.82732930305437,0.9316952652474348,0.5656998520702885,0.0068354257789782,81.56144194595663,81.56144194595663,81.56144194595663,-0.0144823605526362,iShares 20+ Year Treasury Bond ETF,Q,True,False,False,False,False,False,False,False,False,,False,,,41099935744.0,Bond,unknown,75.0,True,,False,True,14.0,True,True,False,409.0,,0,0,False,Bond,Bond,Bond,Bond,Bond
2026-08-07,MUNI,51.88999938964844,51.91999816894531,51.8650016784668,51.90999984741211,282502.0,251,14664678.776893616,17072647.375486374,16770172.942527289,-0.004571632223248,-0.000964024295967,-0.0017141480894541,0.0,0.0,0.0,-0.0,-0.0,-0.0,-0.0,-0.0,52.00988822937012,51.89814097086589,0.0002009604223247,52.18828816857896,52.490899909596486,0.9889333186669528,0.1217198854731709,0.0023448253868418,51.50028985359814,51.41055219340412,51.41055219340412,-0.0096214150544423,PIMCO Intermediate Municipal Bond Active Exchange-Traded Fund,P,True,False,False,False,False,False,False,False,False,,False,,,3086858752.0,Bond,unknown,497.0,True,,False,True,418.0,True,True,False,410.0,,0,0,False,Bond,Bond,Bond,Bond,Bond
2026-08-07,MUB,105.93000030517578,105.99500274658205,105.8499984741211,105.94000244140624,3687531.0,251,390657043.1427612,462526889.65267485,396968244.2644159,-0.0073115308060984,-0.0018446701740942,-0.0014345180068398,0.0,0.0,0.0,-0.0,-0.0,-0.0,-0.0,-0.0,106.33047225952149,105.98235244750975,0.0003319116187956,106.80007416905812,107.29872058281757,0.9873370517930584,0.3123655063585083,0.0029485133014913,105.21437591277936,104.81545851167044,104.81545851167044,-0.0106149131944545,iShares National Muni Bond ETF,P,True,False,False,False,False,False,False,False,False,,False,,,45820870656.0,Bond,unknown,67.0,True,,False,True,71.0,True,True,False,411.0,,0,0,False,Bond,Bond,Bond,Bond,Bond
2026-08-07,SPMB,22.01000022888184,22.046300888061523,21.96999931335449,22.030000686645508,756721.0,251,16670564.149599075,21537232.60466242,26898994.28388399,-0.0007866489929456,-0.0025608566149144,-0.0026344119587173,0.0,0.0,0.0,-0.0,-0.0,-0.0,-0.0,-0.0,22.054978828430176,22.073378448486327,0.0003693953011725,22.127080287397163,22.44144394255881,0.981665918781054,0.0857050642651447,0.0038903795548721,21.808130048013517,21.808130048013517,21.808130048013517,-0.0100712951301218,State Street SPDR Portfolio Mortgage Backed Bond ETF,P,True,False,False,False,False,False,False,False,False,,False,,,7072976896.0,Bond,unknown,309.0,True,,False,True,371.0,True,True,False,412.0,,0,0,False,Bond,Bond,Bond,Bond,Bond
2026-08-07,NLR,116.2300033569336,118.2300033569336,114.9000015258789,117.81999969482422,380535.0,251,44834633.583869934,45807390.55683327,57847944.88739801,0.0293552388365112,-0.1826002484131716,-0.1294517298443387,0.0652680631953225,0.0,0.0,0.0019159595834952,-0.0,-0.0,-0.0,,116.86320037841796,133.16633305867512,-0.0337779843863172,118.2300033569336,154.25999450683594,0.7637754692750433,4.087999725341797,0.0346969931754411,102.12999725341795,101.91999816894533,101.91999816894533,-0.1349516344174408,VanEck Uranium and Nuclear ETF,P,True,False,False,False,False,False,False,False,False,,False,,,4214125568.0,Commodity,unknown,410.0,True,,False,True,268.0,True,True,False,413.0,,0,0,False,Commodity,Commodity,Commodity,Commodity,Commodity
2026-08-07,SPTI,28.13999938964844,28.149999618530277,28.100000381469727,28.1200008392334,1409034.0,251,39622037.26250839,53184804.70592365,66795628.21477212,0.0008673336002225,-0.0025274797541815,-0.005793018934737,0.0233973818959644,0.0,0.0,2.029333547560777e-05,-0.0,-0.0,-0.0,-0.0,28.10217876434326,28.19531580607096,0.0004047889844922,28.21523036224089,28.68608542663704,0.9802662308577668,0.0799974586323717,0.0028448597526625,27.946134952474893,27.90626736235199,27.90626736235199,-0.0076007635313867,State Street SPDR Portfolio Intermediate Term Treasury ETF,P,True,False,False,False,False,False,False,False,False,,False,,,10175785984.0,Bond,unknown,244.0,True,,False,True,251.0,True,True,False,414.0,,0,0,False,Bond,Bond,Bond,Bond,Bond
2026-08-07,SPTL,25.26000022888184,25.289899826049805,25.18000030517578,25.25,8548571.0,251,215851417.75,132032529.09883614,143091425.02987912,-0.0134690969098028,-0.0195009245224535,-0.0282043254222705,0.0,0.0,0.0,-0.0,-0.0,-0.0,-0.0,,25.65400146484375,25.8498108291626,-0.0009842345019951,25.724256572010795,26.913230378099986,0.9382002697285496,0.1611797951603524,0.0063833582241723,24.907296239762548,24.907296239762548,24.907296239762548,-0.0135724261480179,State Street SPDR Portfolio Long Term Treasury ETF,P,True,False,False,False,False,False,False,False,False,,False,,,10471982080.0,Bond,unknown,238.0,True,,False,True,146.0,True,True,False,415.0,,0,0,False,Bond,Bond,Bond,Bond,Bond
2026-08-07,PGX,10.699999809265137,10.720000267028809,10.6899995803833,10.720000267028809,2071348.0,251,22204851.11310959,28154082.005285263,28892828.92966316,-0.0063085556719894,-0.0251693657476279,-0.0225472474895498,0.0,0.0,0.0,-0.0,-0.0,-0.0,-0.0,,10.792896938323974,10.907963008880616,-0.0028718667028369,10.829999923706056,11.209921147079354,0.9562957782108762,0.0435486403363037,0.0040623730645086,10.68000030517578,10.68000030517578,10.68000030517578,-0.0037313396321504,Invesco Preferred ETF,P,True,False,False,False,False,False,False,False,False,,False,,,3857212160.0,Other,unknown,439.0,True,,False,True,357.0,True,True,False,416.0,,0,0,False,Other,Other,Other,Other,Other
2026-08-07,SCHZ,22.82999992370605,22.899999618530277,22.78009986877441,22.81999969482422,2201241.0,251,50232318.94823456,39421542.6902134,43094874.546854295,-0.0009344122747202,-0.0030799381562617,-0.0046012511110018,0.0,0.0,0.0,-0.0,-0.0,-0.0,-0.0,-0.0,22.860736961364747,22.887298940022788,0.000138587035604,23.160104998051118,23.238862939206957,0.981975742725516,0.1828451190310133,0.008012494367933,22.63215462916104,22.63215462916104,22.63215462916104,-0.0082315980795472,Schwab US Aggregate Bond ETF,P,True,False,False,False,False,False,False,False,False,,False,,,10601679872.0,Bond,unknown,234.0,True,,False,True,302.0,True,True,False,417.0,,0,0,False,Bond,Bond,Bond,Bond,Bond
2026-08-07,JMUB,49.90999984741211,49.93000030517578,49.84999847412109,49.93000030517578,702811.0,251,35091353.444480896,55378155.24588585,50685966.174525306,-0.0059343113196663,-0.0001092413607653,-0.0004395703085682,0.0,0.0,0.0,-0.0,-0.0,-0.0,-0.0,-0.0,50.03980506896973,49.8626847076416,0.0005155842040716,50.24801212496602,50.4274677003235,0.9901349915465908,0.1264991658532604,0.0025335302439432,49.53018154355907,49.46039055968433,49.46039055968433,-0.0094053623597268,JPMorgan Municipal ETF,P,True,False,False,False,False,False,False,False,False,,False,,,8048841216.0,Bond,unknown,283.0,True,,False,True,283.0,True,True,False,418.0,,0,0,False,Bond,Bond,Bond,Bond,Bond
2026-08-07,JMBS,44.47999954223633,44.494998931884766,44.34000015258789,44.41999816894531,963287.0,251,42789206.77616882,28848184.781690978,29237905.30961851,-0.0026272131592089,-0.0060512176867775,-0.0049393970623397,0.0,0.0,0.0,-0.0,-0.0,-0.0,-0.0,-0.0,44.56568046569824,44.60936276753744,1.870504904388781e-05,44.71623071253112,45.33402101516823,0.97983803717925,0.1646748157768211,0.0037072224800753,44.04999923706055,44.04999923706055,44.04999923706055,-0.0083295575672364,Janus Henderson Mortgage-Backed Securities ETF,P,True,False,False,False,False,False,False,False,False,,False,,,6783227392.0,Bond,unknown,317.0,True,,False,True,354.0,True,True,False,419.0,,0,0,False,Bond,Bond,Bond,Bond,Bond
2026-08-07,TFI,45.0099983215332,45.06999969482422,44.994998931884766,45.060001373291016,872235.0,251,39302910.29783249,24110677.146971703,20954765.438516703,-0.0075562016389651,-0.0003709191279516,-0.0039851693216332,0.0,0.0,0.0,-0.0,-0.0,-0.0,-0.0,-0.0,45.23314743041992,45.11159215291341,0.000237220646581,45.47286404235338,45.682376861572266,0.9863760265765684,0.1229483650905049,0.0027285477439728,44.715146683515925,44.63539189290243,44.63539189290243,-0.0094232016743849,State Street SPDR Nuveen ICE Municipal Bond ETF,P,True,False,False,False,False,False,False,False,False,,False,,,3122414592.0,Bond,unknown,493.0,True,,False,True,400.0,True,True,False,420.0,,0,0,False,Bond,Bond,Bond,Bond,Bond
2026-08-07,SCHR,24.459999084472656,24.459999084472656,24.40999984741211,24.43000030517578,1932857.0,251,47219697.099861145,64306250.881528094,72518769.82475439,0.0007918287399608,-0.0024210555584156,-0.006251411094637,0.0220497043068072,0.0,0.0,1.7459589577768842e-05,-0.0,-0.0,-0.0,,24.41723636627197,24.499021085103355,0.0003818414386955,24.510306200716595,24.92689244891112,0.9800660212758674,0.0682598519758679,0.0027940995138426,24.281145976732034,24.251255257126456,24.251255257126456,-0.0073166207865931,Schwab Intermediate-Term U.S. Treasury ETF,P,True,False,False,False,False,False,False,False,False,,False,,,13378999296.0,Bond,unknown,192.0,True,,False,True,237.0,True,True,False,421.0,,0,0,False,Bond,Bond,Bond,Bond,Bond
2026-08-07,SPAB,25.18000030517578,25.229900360107425,25.1299991607666,25.15999984741211,20763916.0,251,522420123.39167786,75901426.86083564,68287838.46434869,-0.0012067820880767,-0.0033922671117966,-0.0047007606432981,0.0,0.0,0.0,-0.0,-0.0,-0.0,-0.0,-0.0,25.21321403503418,25.24348388671875,0.0001201007931503,25.28007984314737,25.6413556848878,0.9812273639743868,0.0937025593732759,0.003724267088297,24.971177893269264,24.971177893269264,24.971177893269264,-0.0075048471895069,State Street SPDR Portfolio Aggregate Bond ETF,P,True,False,False,False,False,False,False,False,False,,False,,,9625304064.0,Bond,unknown,253.0,True,,False,True,246.0,True,True,False,422.0,,0,0,False,Bond,Bond,Bond,Bond,Bond
2026-08-07,SCHI,22.31999969482422,22.32999992370605,22.270000457763672,22.309999465942383,1463857.0,251,32658648.88821602,42261472.836485386,58089064.46422108,0.0005669688304865,-0.0018247608345547,-0.0039318619195357,0.0122902790345789,0.0,0.0,6.968205130588817e-06,-0.0,-0.0,-0.0,-0.0,22.328522148132325,22.34540903727213,1.0348136918691964e-05,22.434725791391607,22.68084785944173,0.983649271147288,0.0788273506391398,0.0035332744296778,22.118181417910648,22.09827626913805,22.09827626913805,-0.0094900583537681,Schwab 5-10 Year Corporate Bond ETF,P,True,False,False,False,False,False,False,False,False,,False,,,11602564096.0,Bond,unknown,210.0,True,,False,True,267.0,True,True,False,423.0,,0,0,False,Bond,Bond,Bond,Bond,Bond
2026-08-07,MBB,93.31999969482422,93.3550033569336,93.10060119628906,93.2699966430664,1403430.0,251,130897911.38877869,190761196.17551804,204503707.3467981,-0.0011359599339422,-0.0031750590181492,-0.0023084259833477,0.0,0.0,0.0,-0.0,-0.0,-0.0,-0.0,-0.0,93.4264942932129,93.48429107666016,0.0002691225710724,93.72478108995122,94.93474537931267,0.9824642839711134,0.3677849552310441,0.0039432289961209,92.41959349761773,92.41959349761773,92.41959349761773,-0.0091176495770991,iShares MBS ETF,Q,True,False,False,False,False,False,False,False,False,,False,,,39630225408.0,Bond,unknown,79.0,True,,False,True,117.0,True,True,False,424.0,,0,0,False,Bond,Bond,Bond,Bond,Bond
2026-08-07,LQD,106.6999969482422,106.73500061035156,106.41000366210938,106.5500030517578,22640095.0,251,2412302191.342087,3201727600.0039635,3003766052.8165293,-0.0041756148371802,-0.0086952768990099,-0.0132526774161571,0.0,0.0,0.0,-0.0,-0.0,-0.0,-0.0,,107.32649688720704,107.53713521321616,-0.0013162124737067,107.32536353268227,109.37842571497838,0.9741409455774126,0.4302871706689572,0.0040383590647101,105.54307746438418,105.54307746438418,105.54307746438418,-0.0094502633367782,iShares iBoxx $ Investment Grade Corporate Bond ETF,P,True,False,False,False,False,False,False,False,False,,False,,,33113137152.0,Bond,unknown,91.0,True,,False,True,10.0,True,True,False,425.0,,0,0,False,Bond,Bond,Bond,Bond,Bond
2026-08-07,MCHI,56.34999847412109,56.6349983215332,56.30500030517578,56.56999969482422,1823587.0,251,103160316.0334854,138596524.62766305,169138462.7469067,0.0647468202061343,-0.0237455304198073,-0.0524970602750319,0.3865164676953199,0.0,0.0,0.025025712240579,-0.0,-0.0,-0.0,,53.72524658203125,56.98662005106608,-0.0029307472869941,56.6349983215332,61.83021358895055,0.9149248629626864,0.7622495651245117,0.0134744488109702,53.81999969482422,52.400001525878906,52.400001525878906,-0.073713950706046,iShares MSCI China ETF,Q,True,False,False,False,False,False,False,False,False,,False,,,5885857792.0,Country / Region,unknown,350.0,True,,False,True,130.0,True,True,False,426.0,,0,0,False,Country / Region,Country / Region,Country / Region,Country / Region,Country / Region
2026-08-07,KWEB,28.51000022888184,28.690000534057617,28.405000686645508,28.65999984741211,8882826.0,251,254581791.80458832,526702371.8289226,660174422.3781357,0.0864291417429767,-0.0291328115520196,-0.1411447178672903,0.3089432176044681,0.0,0.0,0.0267016971448678,-0.0,-0.0,-0.0,-0.0,26.488799858093262,29.627666702270503,0.0004607803790666,28.899999618530277,34.540000915527344,0.8297625676821595,0.5595001220703125,0.0195219862194393,26.63999938964844,26.11000061035156,26.11000061035156,-0.0889741538952172,KraneShares CSI China Internet ETF,P,True,False,False,False,False,False,False,False,False,,False,,,4907469312.0,Country / Region,unknown,378.0,True,,False,True,47.0,True,True,False,427.0,,0,0,False,Country / Region,Country / Region,Country / Region,Country / Region,Country / Region
2026-08-07,DFCF,41.790000915527344,41.810001373291016,41.709999084472656,41.75,593396.0,251,24774283.0,51614059.27655258,52993987.274457656,-0.000808974550579,-0.002541104521037,-0.0034298293626429,0.0,0.0,0.0,-0.0,-0.0,-0.0,-0.0,-0.0,41.82133010864258,41.83713104248047,0.0002030291918937,41.9332081520669,42.48902793905925,0.982606616933689,0.1325947691482451,0.0031759226143292,41.41999816894531,41.41999816894531,41.41999816894531,-0.0079042354743638,Dimensional Core Fixed Income ETF,P,True,False,False,False,False,False,False,False,False,,False,,,10866136064.0,Bond,unknown,226.0,True,,False,True,281.0,True,True,False,428.0,,0,0,False,Bond,Bond,Bond,Bond,Bond
2026-08-07,EVTR,50.275001525878906,50.310001373291016,50.160099029541016,50.2400016784668,459906.0,251,23105678.21193695,23454795.96505928,25411370.78523121,-0.0045571534906557,-0.0052804268993993,-0.0079448834959325,0.0,0.0,0.0,-0.0,-0.0,-0.0,-0.0,,50.448248062133786,50.471346079508464,0.0001185679250697,50.650001525878906,51.328515074228,0.9787932030726574,0.2041007995605468,0.0040625157790953,49.45000076293945,49.45000076293945,49.45000076293945,-0.0157245399907289,Eaton Vance Total Return Bond ETF,N,True,False,False,False,False,False,False,False,False,,False,,,5577608192.0,Bond,unknown,360.0,True,,False,True,379.0,True,True,False,429.0,,0,0,False,Bond,Bond,Bond,Bond,Bond
2026-08-07,EAGG,46.7599983215332,46.79999923706055,46.68199920654297,46.7400016784668,543669.0,251,25411089.972530365,14199181.45066433,18735075.18298189,-0.0016415219497949,-0.0034423931480727,-0.0053454738129177,0.0,0.0,0.0,-0.0,-0.0,-0.0,-0.0,-0.0,46.84622421264648,46.90643430074056,0.0001471171481048,46.96633516132775,47.63812822491999,0.9811468968257367,0.1402321972846824,0.003000260852564,46.39831135547266,46.39831135547266,46.39831135547266,-0.0073104473839065,iShares ESG Aware U.S. Aggregate Bond ETF,P,True,False,False,False,False,False,False,False,False,,False,,,4899153408.0,Bond,unknown,379.0,True,,False,True,408.0,True,True,False,430.0,,0,0,False,Bond,Bond,Bond,Bond,Bond
2026-08-07,EDV,60.34999847412109,60.43999862670898,60.05009841918945,60.34999847412109,1211558.0,251,73117523.4513092,80497921.13529587,67246375.87727259,-0.0305221128655246,-0.03813745686165,-0.0542041829568805,0.0,0.0,0.0,-0.0,-0.0,-0.0,-0.0,,62.46460205078125,63.35325182596842,-0.0028441756415885,62.47999954223633,67.54321477537628,0.8935020145964748,0.6204950332641601,0.0102816081019494,59.09999847412109,59.09999847412109,59.09999847412109,-0.0207125108799467,Vanguard Extended Duration Treasury ETF,P,True,False,False,False,False,False,False,False,False,,False,,,4162188800.0,Bond,unknown,415.0,True,,False,True,250.0,True,True,False,431.0,,0,0,False,Bond,Bond,Bond,Bond,Bond
2026-08-07,VOX,185.6100006103516,188.10499572753903,186.25999450683597,187.5200042724609,125482.0,251,23530385.176116943,52598947.05375824,54591929.0836884,-0.0208855467354183,-0.0511728323430311,-0.015428909701437,0.0,0.0,0.0,-0.0,-0.0,-0.0,-0.0,-0.0,187.2553869628906,189.7182422892253,-0.0114113657171674,195.4199981689453,199.16970205639092,0.9415086849874804,3.699250030517578,0.0197272288088404,178.00999450683594,178.00999450683594,178.00999450683594,-0.0507146413659805,Vanguard Communication Services  ETF,P,True,False,False,False,False,False,False,False,False,,False,,,5931463168.0,Sector,unknown,348.0,True,,False,True,277.0,True,True,False,432.0,,0,0,False,Sector,Sector,Sector,Sector,Sector
2026-08-07,BIV,75.7699966430664,75.80819702148438,75.61000061035156,75.69000244140625,1336336.0,251,101147275.10253906,129449854.55567932,121309664.57698037,-0.0005569005702791,-0.0034911018888271,-0.0072994336782575,0.0,0.0,0.0,-0.0,-0.0,-0.0,-0.0,,75.76516510009766,75.9815689086914,0.0001504592851409,76.03104916359538,77.41128604203747,0.9777644360578572,0.242524476725341,0.0032041811190729,75.10456419984733,75.06471814870436,75.06471814870436,-0.0082611213176527,Vanguard Intermediate-Term Bond ETF,P,True,False,False,False,False,False,False,False,False,,False,,,52510502912.0,Bond,unknown,54.0,True,,False,True,163.0,True,True,False,433.0,,0,0,False,Bond,Bond,Bond,Bond,Bond
2026-08-07,CGCP,22.059999465942383,22.06999969482422,22.022600173950195,22.040000915527344,906945.0,251,19989068.630332947,29691197.02288246,33133453.03529588,-0.0010183203428831,-0.0027507121878911,-0.0049946987565047,0.0,0.0,0.0,-0.0,-0.0,-0.0,-0.0,-0.0,22.075691566467285,22.082436612447104,0.0001291023223386,22.127151479264185,22.37025979293798,0.9852366990608266,0.0682725219469313,0.0030976642064852,21.8700008392334,21.85846056846511,21.85846056846511,-0.0082368575100347,Capital Group Core Plus Income ETF,P,True,False,False,False,False,False,False,False,False,,False,,,8320875520.0,Bond,unknown,274.0,True,,False,True,337.0,True,True,False,434.0,,0,0,False,Bond,Bond,Bond,Bond,Bond
2026-08-07,CGCB,25.90999984741211,25.920000076293945,25.863100051879883,25.899999618530277,681550.0,251,17652144.740009308,26599957.07247257,29130382.489178672,-0.0012534475876576,-0.0028847119737906,-0.0059554568372127,0.0,0.0,0.0,-0.0,-0.0,-0.0,-0.0,-0.0,25.941891975402832,25.97845522562663,0.000391990308272,26.01715394256204,26.413929194294237,0.9805432364119846,0.0829101482691154,0.0032011640729831,25.700000762939453,25.700000762939453,25.700000762939453,-0.0077219636500585,Capital Group Core Bond ETF,P,True,False,False,False,False,False,False,False,False,,False,,,5556136960.0,Bond,unknown,361.0,True,,False,True,355.0,True,True,False,435.0,,0,0,False,Bond,Bond,Bond,Bond,Bond
2026-08-07,BND,72.45999908447266,72.4800033569336,72.32009887695312,72.4000015258789,10025411.0,251,725839771.6975632,513224578.79003257,593174120.7486038,-0.0016011855864469,-0.0029757502046662,-0.0048867401675339,0.0,0.0,0.0,-0.0,-0.0,-0.0,-0.0,-0.0,72.55345275878906,72.62811462402344,0.0001306790916693,72.74531539891596,73.74560403372243,0.981753454657064,0.2140430854096258,0.0029563961450072,71.87834725731237,71.87834725731237,71.87834725731237,-0.0072051693034851,Vanguard Total Bond Market ETF,Q,True,False,False,False,False,False,False,False,False,,False,,,397862928384.0,Bond,unknown,7.0,True,,False,True,53.0,True,True,False,436.0,,0,0,False,Bond,Bond,Bond,Bond,Bond
2026-08-07,BOND,90.77999877929688,90.87999725341795,90.6501007080078,90.77999877929688,486721.0,251,44184531.78585816,51200160.38415375,50451509.30566164,-0.0011713578903805,-0.001417971649295,-0.0034774851221558,0.0,0.0,0.0,-0.0,-0.0,-0.0,-0.0,-0.0,90.88101165771484,90.89328282674154,0.0006812722429161,91.2249565488997,92.31558132259502,0.9833659440660176,0.3409413019407843,0.003755687447955,89.96057372366985,89.96057372366985,89.96057372366985,-0.0090264933536647,PIMCO Active Bond Exchange-Traded Fund Exchange-Traded Fund,N,True,False,False,False,False,False,False,False,False,,False,,,8311250432.0,Bond,unknown,275.0,True,,False,True,285.0,True,True,False,437.0,,0,0,False,Bond,Bond,Bond,Bond,Bond
2026-08-07,BLV,66.41999816894531,66.46499633789062,66.19210052490234,66.3499984741211,735597.0,251,48806859.82756805,51399527.31320152,45678601.89427197,-0.0125402659454278,-0.0179343915449072,-0.0253586838359726,0.0,0.0,0.0,-0.0,-0.0,-0.0,-0.0,,67.39892913818359,67.73843744913736,-0.0016868294468387,67.42162719080025,69.94103296151371,0.9486562560583192,0.3894221008581141,0.005869210396591,65.44011029803328,65.44011029803328,65.44011029803328,-0.0137134618992147,Vanguard Long-Term Bond ETF,P,True,False,False,False,False,False,False,False,False,,False,,,8673027072.0,Bond,unknown,269.0,True,,False,True,295.0,True,True,False,438.0,,0,0,False,Bond,Bond,Bond,Bond,Bond
2026-08-07,XLC,110.2699966430664,111.68499755859376,110.3000030517578,111.25,3146494.0,251,350047457.5,665066431.0798035,710360496.5961444,-0.0034933661033734,-0.0497578739041439,-0.0371280348926983,0.0,0.0,0.0,-0.0,-0.0,-0.0,-0.0,,110.27264465332031,113.62953842163084,-0.0109236603451395,114.02999877929688,119.16998107948716,0.9335404687678478,2.08335075378418,0.0187267483486218,105.49299621582033,105.25499725341795,105.25499725341795,-0.053887665137816,State Street Communication Services Select Sector SPDR ETF,P,True,False,False,False,False,False,False,False,False,,False,,,22262224896.0,Sector,unknown,124.0,True,,False,True,43.0,True,True,False,439.0,,0,0,False,Sector,Sector,Sector,Sector,Sector
2026-08-07,EWZ,36.02000045776367,36.02999877929688,35.220001220703125,35.34000015258789,16740602.0,251,591612877.2344131,652500837.774284,813385943.9533197,-0.0164208223650613,-0.0805042365609818,-0.0334208671070795,0.0,0.0,0.0,-0.0,-0.0,-0.0,-0.0,,35.05212585449219,36.45911800384521,-0.0009766020564805,36.84000015258789,41.62374534901532,0.8490346040766347,0.5964998245239258,0.0168788857370801,35.220001220703125,34.970001220703125,34.970001220703125,-0.0104696924246524,iShares MSCI Brazil ETF,P,True,False,False,False,False,False,False,False,False,,False,,,9067350016.0,Country / Region,unknown,265.0,True,,False,True,41.0,True,True,False,440.0,,0,0,False,Country / Region,Country / Region,Country / Region,Country / Region,Country / Region
2026-08-07,IEI,116.6500015258789,116.6750030517578,116.47000122070312,116.5500030517578,1061461.0,251,123713282.7893219,169029775.57882768,152657159.36912197,0.0013742605360684,-0.0017669181432042,-0.0054716357011811,0.044547144754316,0.0,0.0,6.121938303038673e-05,-0.0,-0.0,-0.0,-0.0,116.4072135925293,116.77153533935548,0.0003982296308053,116.84856705742108,118.58542717883024,0.9828357988372136,0.2874905025173334,0.0024666709136821,115.91162133485454,115.69233234371356,115.69233234371356,-0.0073588218411575,iShares 3-7 Year Treasury Bond ETF,Q,True,False,False,False,False,False,False,False,False,,False,,,18260961280.0,Bond,unknown,143.0,True,,False,True,141.0,True,True,False,441.0,,0,0,False,Bond,Bond,Bond,Bond,Bond
2026-08-07,VCIT,81.51000213623047,81.55000305175781,81.33000183105469,81.41999816894531,8346127.0,251,679541645.057785,646082927.6567131,709367594.2319857,-0.0005607859994549,-0.0020197353901629,-0.0052173533697749,0.0,0.0,0.0,-0.0,-0.0,-0.0,-0.0,-0.0,81.52708755493164,81.59888305664063,-2.6527666485587357e-05,81.73455636132036,82.8232507867199,0.9830572622488808,0.2652834315545071,0.003258209746014,80.76863667562714,80.6989298414024,80.6989298414024,-0.0088561575013389,Vanguard Intermediate-Term Corporate Bond ETF,Q,True,False,False,False,False,False,False,False,False,,False,,,69441978368.0,Bond,unknown,45.0,True,,False,True,44.0,True,True,False,442.0,,0,0,False,Bond,Bond,Bond,Bond,Bond
2026-08-07,IGIB,52.45000076293945,52.46500015258789,52.31999969482422,52.380001068115234,1694080.0,251,88735912.20947266,111159847.56979752,136050113.72741458,-0.0007349429838816,-0.0020756322302369,-0.0048707410638881,0.0,0.0,0.0,-0.0,-0.0,-0.0,-0.0,-0.0,52.44846176147461,52.479816309611,4.801726084369129e-05,52.58781310228905,53.26091573398913,0.9834603920391904,0.1667321755633967,0.0031831266163316,51.96046189319577,51.93059201546114,51.93059201546114,-0.0085797831899561,iShares 5-10 Year Investment Grade Corporate Bond ETF,Q,True,False,False,False,False,False,False,False,False,,False,,,18526003200.0,Bond,unknown,141.0,True,,False,True,152.0,True,True,False,443.0,,0,0,False,Bond,Bond,Bond,Bond,Bond
2026-08-07,IEF,93.29000091552734,93.31999969482422,93.05999755859376,93.16999816894533,54866855.0,251,5111944779.885788,707795242.30373,672416323.9530278,-0.0014968580045354,-0.0062980409828748,-0.0110049785120764,0.0,0.0,0.0,-0.0,-0.0,-0.0,-0.0,,93.37396865844728,93.8531635538737,0.0001704701816338,93.7780640342498,96.14834182598612,0.9690234527140243,0.3430074414504006,0.0036815224663676,92.41275520617572,92.41275520617572,92.41275520617572,-0.0081275408141199,iShares 7-10 Year Treasury Bond ETF,Q,True,False,False,False,False,False,False,False,False,,False,,,47093366784.0,Bond,unknown,63.0,True,,False,True,45.0,True,True,False,444.0,,0,0,False,Bond,Bond,Bond,Bond,Bond
2026-08-07,VCLT,72.4800033569336,72.52999877929688,72.2300033569336,72.36000061035156,1994399.0,251,144314712.85728455,253795020.848362,340282211.7743392,-0.0109695301026752,-0.0175246502709626,-0.0239771789986277,0.0,0.0,0.0,-0.0,-0.0,-0.0,-0.0,,73.53020294189453,73.71127802530924,-0.0027166584863449,73.35163627252149,75.44134934972794,0.9591557048497106,0.421470777480544,0.005824637561159,71.39121483097539,71.39121483097539,71.39121483097539,-0.0133884158541257,Vanguard Long-Term Corporate Bond ETF,Q,True,False,False,False,False,False,False,False,False,,False,,,10055394304.0,Bond,unknown,246.0,True,,False,True,78.0,True,True,False,445.0,,0,0,False,Bond,Bond,Bond,Bond,Bond
2026-08-07,IAU,81.91999816894531,82.1061019897461,81.37000274658203,81.68000030517578,8391151.0,251,685389216.2407761,423858720.3138393,481801778.2616523,0.0572093974467105,-0.0766447982078598,-0.0977576338611967,0.2302080916035387,0.0,0.0,0.0131700662079955,-0.0,-0.0,-0.0,,78.3568000793457,86.23826665242512,-0.0198538978583677,82.1061019897461,100.80999755859376,0.8102371023042725,1.4833049774169922,0.0181599531326519,75.12999725341797,74.55000305175781,74.55000305175781,-0.0872918367627156,iShares Gold Trust Shares,P,True,False,False,False,False,False,False,False,False,,False,,,60138172416.0,Commodity,unknown,48.0,True,,False,True,68.0,True,True,False,446.0,,0,0,False,Commodity,Commodity,Commodity,Commodity,Commodity
2026-08-07,IAUM,43.38999938964844,43.52000045776367,43.130001068115234,43.290000915527344,5032114.0,251,217840219.667038,86242119.95216294,96773036.63256788,0.0576594330015953,-0.0761843714964781,-0.096996200341795,0.2336634620686842,0.0,0.0,0.0134729027360701,-0.0,-0.0,-0.0,,41.51919982910156,45.680199991861976,-0.0197239446949825,43.52000045776367,53.380001068115234,0.8109778952661952,0.7844493865966797,0.0181207985679508,39.81100082397461,39.4900016784668,39.4900016784668,-0.0877800682997341,iShares Gold Trust Micro Shares,P,True,False,False,False,False,False,False,False,False,,False,,,6306659840.0,Commodity,unknown,338.0,True,,False,True,199.0,True,True,False,447.0,,0,0,False,Commodity,Commodity,Commodity,Commodity,Commodity
2026-08-07,VCRB,76.11000061035156,76.14689636230469,76.01499938964844,76.08000183105469,397525.0,251,30243702.72789001,38525100.05712509,40405003.246809945,-0.0015172555907309,-0.0024155410948105,-0.004135272794383,0.0,0.0,0.0,-0.0,-0.0,-0.0,-0.0,-0.0,76.23779647827149,76.25777806599935,0.0001551342168306,76.3948137338757,77.37274246062307,0.9832920407309294,0.2072497352981699,0.002724102659177,75.53325577250534,75.53325577250534,75.53325577250534,-0.0071864622159639,Vanguard Core Bond ETF,Q,True,False,False,False,False,False,False,False,False,,False,,,7294146560.0,Bond,unknown,301.0,True,,False,True,308.0,True,True,False,448.0,,0,0,False,Bond,Bond,Bond,Bond,Bond
2026-08-07,IUSB,45.54999923706055,45.58000183105469,45.480098724365234,45.540000915527344,3113532.0,251,141790250.13052368,153080653.49113768,263867132.0706089,-0.0006566279492798,-0.0020929399763071,-0.0028588575344765,0.0,0.0,0.0,-0.0,-0.0,-0.0,-0.0,-0.0,45.60187156677246,45.60759043375651,0.0003372839865192,45.70940121446546,46.24830453307488,0.9846847657509048,0.1315802127317436,0.0028893326764708,45.20129768791743,45.20129768791743,45.20129768791743,-0.0074374883794617,iShares Core Universal USD Bond ETF,Q,True,False,False,False,False,False,False,False,False,,False,,,42765500416.0,Bond,unknown,73.0,True,,False,True,96.0,True,True,False,449.0,,0,0,False,Bond,Bond,Bond,Bond,Bond
2026-08-07,USIG,50.43999862670898,50.46500015258789,50.345001220703125,50.400001525878906,1270944.0,251,64055579.53930664,99039506.8424324,97308663.33330862,-0.0020275852202535,-0.0028780712854522,-0.0052721399196195,0.0,0.0,0.0,-0.0,-0.0,-0.0,-0.0,-0.0,50.56765235900879,50.547805633544925,-0.0002576356498945,50.631869064113694,51.22368999799799,0.983919774773132,0.1550800805642048,0.0030769856323233,50.00444812600269,49.99449203954878,49.99449203954878,-0.0080458228978804,iShares Broad USD Investment Grade Corporate Bond ETF,Q,True,False,False,False,False,False,False,False,False,,False,,,17618763776.0,Bond,unknown,147.0,True,,False,True,197.0,True,True,False,450.0,,0,0,False,Bond,Bond,Bond,Bond,Bond
2026-08-07,ILF,35.189998626708984,35.189998626708984,34.54499816894531,34.619998931884766,1340563.0,251,46410289.62812424,84430288.76235485,81375942.18051699,0.0031874997305614,-0.0298376949039627,-0.0044956298033578,0.0171074035973246,0.0,0.0,5.4529844357077786e-05,-0.0,-0.0,-0.0,-0.0,34.16948501586914,34.60933757781982,0.0022590929317951,35.630001068115234,38.01502057204531,0.9106926265178164,0.5472499847412109,0.0158073368464837,34.22999954223633,33.68000030517578,33.68000030517578,-0.0271518964676585,iShares Latin America 40 ETF,P,True,False,False,False,False,False,False,False,False,,False,,,3739343872.0,Country / Region,unknown,444.0,True,,False,True,221.0,True,True,False,451.0,,0,0,False,Country / Region,Country / Region,Country / Region,Country / Region,Country / Region
2026-08-07,FLCB,21.100000381469727,21.1200008392334,21.06999969482422,21.100000381469727,345161.0,251,7282897.231668472,8635970.761365604,9840192.145220349,-0.0012004579725496,-0.0030543324577616,-0.0042783939888443,0.0,0.0,0.0,-0.0,-0.0,-0.0,-0.0,-0.0,21.14065891265869,21.161111170450848,0.0002622551606821,21.195084363774946,21.48912048339844,0.9818922276400596,0.0646055852854599,0.0030618760245235,20.946080856703094,20.946080856703094,20.946080856703094,-0.0072947640750662,Franklin U.S. Core Bond ETF,P,True,False,False,False,False,False,False,False,False,,False,,,3058559488.0,Bond,unknown,499.0,True,,False,True,453.0,True,True,False,452.0,,0,0,False,Bond,Bond,Bond,Bond,Bond
2026-08-07,FIXD,43.119998931884766,43.150001525878906,43.03499984741211,43.08000183105469,269830.0,251,11624276.894073486,12674613.82635498,15535782.767729986,-0.0024229296115495,-0.0005934581548283,-0.0061901670135959,0.0,0.0,0.0,-0.0,-0.0,-0.0,-0.0,-0.0,43.20192245483398,43.23603136698405,0.000239053175399,43.39084628628341,44.29368426896487,0.9725991987810196,0.2478168522487863,0.0057524800769656,42.57400131225586,42.57400131225586,42.57400131225586,-0.0117456011441966,First Trust Smith Opportunistic Fixed Income ETF,Q,True,False,False,False,False,False,False,False,False,,False,,,3286956288.0,Bond,unknown,474.0,True,,False,True,425.0,True,True,False,453.0,,0,0,False,Bond,Bond,Bond,Bond,Bond
2026-08-07,FBND,45.040000915527344,45.48059844970703,44.91999816894531,45.0,2215013.0,251,99675585.0,127993508.0658989,125294371.15521143,-0.0015514426385189,-0.0026322301887963,-0.0023835770400261,0.0,0.0,0.0,-0.0,-0.0,-0.0,-0.0,-0.0,45.08307540893555,45.08887781778972,0.0002762286614705,45.48059844970703,45.79364824856216,0.9826690320837874,0.1883247730964242,0.0041849949576983,44.650001525878906,44.650001525878906,44.650001525878906,-0.0077777438693575,Fidelity Total Bond ETF,P,True,False,False,False,False,False,False,False,False,,False,,,26618243072.0,Bond,unknown,102.0,True,,False,True,159.0,True,True,False,454.0,,0,0,False,Bond,Bond,Bond,Bond,Bond
2026-08-07,VNQI,46.16999816894531,46.29499816894531,46.13999938964844,46.22999954223633,160886.0,251,7437759.706352234,9707317.867977524,12920563.74136074,0.015151484691203,-0.0275557708889977,-0.0454264040693044,0.1199998407777476,0.0,0.0,0.0018181757504908,-0.0,-0.0,-0.0,-0.0,45.34959999084472,46.62059989929199,-2.2046723907265253e-05,46.630001068115234,50.880001068115234,0.9086084624948464,0.4152496337890625,0.0089822547674845,45.630001068115234,44.93999862670898,44.93999862670898,-0.0279039785485781,Vanguard Global ex-U.S. Real Estate ETF,Q,True,False,False,False,False,False,False,False,False,,False,,,3710765056.0,REIT / Infra,unknown,446.0,True,,False,True,437.0,True,True,False,455.0,,0,0,False,REIT / Infra,REIT / Infra,REIT / Infra,REIT / Infra,REIT / Infra
2026-08-07,FSEC,43.41999816894531,43.4900016784668,43.38999938964844,43.4900016784668,271910.0,251,11825366.356391909,12252634.533830645,14232930.919437105,-0.0009025547584065,-0.0003535392284303,-0.0003999928103002,0.0,0.0,0.0,-0.0,-0.0,-0.0,-0.0,-0.0,43.529332962036136,43.49805152893067,0.0004738061965738,43.77848503199114,44.122601168298,0.9856626882123686,0.1786725188318588,0.0041083585177308,43.090707789498445,43.090707789498445,43.090707789498445,-0.0091812801461916,Fidelity Investment Grade Securitized ETF,P,True,False,False,False,False,False,False,False,False,,False,,,4651778048.0,Bond,unknown,392.0,True,,False,True,430.0,True,True,False,456.0,,0,0,False,Bond,Bond,Bond,Bond,Bond
2026-08-07,VGIT,58.47999954223633,58.4900016784668,58.380001068115234,58.41999816894531,5182648.0,251,302770286.6702881,152876696.74837035,178199107.79773143,0.0009543230192241,-0.0025863344032495,-0.0063286445377037,0.0274366697922284,0.0,0.0,2.618344555357567e-05,-0.0,-0.0,-0.0,,58.38956886291504,58.58437606811523,0.0003876973476018,58.6134647816075,59.6063143991582,0.9800974738637818,0.1593508010491756,0.0027276755570643,58.055334489793545,57.98556824628624,57.98556824628624,-0.0074363220861928,Vanguard Intermediate-Term Treasury ETF,Q,True,False,False,False,False,False,False,False,False,,False,,,50384760832.0,Bond,unknown,57.0,True,,False,True,125.0,True,True,False,457.0,,0,0,False,Bond,Bond,Bond,Bond,Bond
2026-08-07,AGG,97.69000244140624,97.7300033569336,97.49500274658205,97.5999984741211,5859730.0,251,571909639.0587616,838471112.6730003,826551836.7077916,-0.0014276106408004,-0.0035567044798571,-0.0049487218239161,0.0,0.0,0.0,-0.0,-0.0,-0.0,-0.0,-0.0,97.81628662109377,97.93047551472982,0.0001187866546144,98.0584259029469,99.44783050595429,0.9814190815180976,0.2896506354092345,0.0029677319665741,96.90244408991016,96.90244408991016,96.90244408991016,-0.0071470737204559,iShares Core U.S. Aggregate Bond ETF,P,True,False,False,False,False,False,False,False,False,,False,,,138847469568.0,Bond,unknown,18.0,True,,False,True,40.0,True,True,False,458.0,,0,0,False,Bond,Bond,Bond,Bond,Bond
2026-08-07,URA,44.2400016784668,45.119998931884766,43.72999954223633,44.90999984741211,3677265.0,251,165145970.5888939,133938763.93300152,165803449.0487692,0.0451477442773329,-0.2017418914457547,-0.0855223113569696,0.0898979665971901,0.0,0.0,0.0040586904069821,-0.0,-0.0,-0.0,,43.76120002746582,49.50500012715658,-0.0389251009891621,45.119998931884766,58.970001220703125,0.7615736631805453,1.685999870300293,0.0375417474065622,37.18000030517578,37.18000030517578,37.18000030517578,-0.1721220122133169,Global X Uranium ETF,P,True,False,False,False,False,False,False,False,False,,False,,,5997526528.0,Commodity,unknown,346.0,True,,False,True,133.0,True,True,False,459.0,,0,0,False,Commodity,Commodity,Commodity,Commodity,Commodity
2026-08-07,GOVT,22.5049991607666,22.51000022888184,22.459999084472656,22.489999771118164,4999785.0,251,112445163.50564004,160879891.64401484,189372798.95352697,-0.0011788918636723,-0.0034380737659056,-0.006462707584537,0.0,0.0,0.0,-0.0,-0.0,-0.0,-0.0,,22.52840232849121,22.579577878316243,0.0002616604345035,22.596284495872613,22.97019159963728,0.9790950011698336,0.0664840896856848,0.0029561623104622,22.33712996289463,22.33712996289463,22.33712996289463,-0.0067972347611959,iShares U.S. Treasury Bond ETF,Z,True,False,False,False,False,False,False,False,False,,False,,,43729891328.0,Bond,unknown,70.0,True,,False,True,121.0,True,True,False,460.0,,0,0,False,Bond,Bond,Bond,Bond,Bond
2026-08-07,FXI,36.06399917602539,36.22499847412109,36.02999877929688,36.16999816894531,9903463.0,251,358208238.57621765,711023298.2614181,933457254.2898768,0.0803464355880723,-0.0201241587978436,-0.0460319427821273,0.4536256692610483,0.0,0.0,0.036447205616379,-0.0,-0.0,-0.0,-0.0,34.28012752532959,36.218625729878745,0.0005161543132139,36.54999923706055,39.37435719666424,0.9186181246918134,0.4972503662109375,0.0137475916887898,34.97999954223633,33.349998474121094,33.349998474121094,-0.0779651600105802,iShares China Large-Cap ETF,P,True,False,False,False,False,False,False,False,False,,False,,,4523697152.0,Country / Region,unknown,397.0,True,,False,True,36.0,True,True,False,461.0,,0,0,False,Country / Region,Country / Region,Country / Region,Country / Region,Country / Region
2026-08-07,GDX,89.30999755859375,90.5999984741211,88.44000244140625,89.88999938964844,43602438.0,251,3919423125.207184,1579613427.098868,1815314448.377622,0.1901231410358199,-0.0199520476090183,-0.0275854931243013,0.3593593142557771,0.0,0.0,0.0683225215867866,-0.0,-0.0,-0.0,,78.43699966430664,90.28879974365236,-0.0233853608079185,90.5999984741211,117.18000030517578,0.7671104211942731,3.1695003509521484,0.0352597660749026,72.18000030517578,69.73999786376953,69.73999786376953,-0.2241628842217941,VanEck Gold Miners ETF,P,True,False,False,False,False,False,False,False,False,,False,,,22753128448.0,Commodity,unknown,120.0,True,,False,True,21.0,True,True,False,462.0,,0,0,False,Commodity,Commodity,Commodity,Commodity,Commodity
2026-08-07,GDXJ,115.9000015258789,118.0999984741211,115.25,117.62000274658205,10086964.0,251,1186428733.384674,530851960.04661405,626546982.215566,0.1895227145398841,-0.0392092427230644,-0.029297643608227,0.3095475317381083,0.0,0.0,0.0586662884941272,-0.0,-0.0,-0.0,,102.20680053710936,118.90346689860026,-0.0268299057763977,118.0999984741211,157.49000549316406,0.74684106066456,4.582499694824219,0.038960207344132,93.48999786376952,89.83000183105469,89.83000183105469,-0.2362693442152202,VanEck Junior Gold Miners ETF,P,True,False,False,False,False,False,False,False,False,,False,,,7078291968.0,Commodity,unknown,308.0,True,,False,True,49.0,True,True,False,463.0,,0,0,False,Commodity,Commodity,Commodity,Commodity,Commodity
2026-08-07,VGLT,53.130001068115234,53.165000915527344,52.93999862670898,53.08000183105469,3693899.0,251,196072165.68373108,107205907.12303086,108725865.26466224,-0.0139287677018642,-0.0197409294923931,-0.0285868192339558,0.0,0.0,0.0,-0.0,-0.0,-0.0,-0.0,,53.93748390197754,54.35125035603841,-0.0010119014774723,54.07876736086288,56.58691516706282,0.9380260732422928,0.3364284705550762,0.0063381397692086,52.35581440284229,52.35581440284229,52.35581440284229,-0.0136433195785744,Vanguard Long-Term Treasury ETF,Q,True,False,False,False,False,False,False,False,False,,False,,,15153465344.0,Bond,unknown,170.0,True,,False,True,177.0,True,True,False,464.0,,0,0,False,Bond,Bond,Bond,Bond,Bond
2026-08-07,GLD,399.5950012207031,400.6400146484375,396.9500122070313,398.4700012207031,12977643.0,251,5171201422.051849,2826926106.0633774,2812737569.687372,0.0569215429277836,-0.076931968167496,-0.0982393481995679,0.2268976596856155,0.0,0.0,0.0129153648760084,-0.0,-0.0,-0.0,,382.3423999023437,420.92433349609377,-0.0199022601136943,400.6400146484375,492.1499938964844,0.809651541526819,7.309501647949219,0.0183439195561942,366.5299987792969,363.6000061035156,363.6000061035156,-0.0875097121749796,SPDR Gold Shares,P,True,False,False,False,False,False,False,False,False,,False,,,130053275648.0,Commodity,unknown,19.0,True,,False,True,11.0,True,True,False,465.0,,0,0,False,Commodity,Commodity,Commodity,Commodity,Commodity
2026-08-07,GLDM,86.18000030517578,86.38999938964844,85.61499786376953,85.94999694824219,4690642.0,251,403160665.58529663,276566061.4702972,323355826.9278628,0.0573255748583061,-0.0763031259608486,-0.0972587146862039,0.2306929948901914,0.0,0.0,0.0132246085478645,-0.0,-0.0,-0.0,,82.43719955444335,90.69986638387044,-0.0197996751610805,86.38999938964844,105.98999786376952,0.8109255465663369,1.5637500762939454,0.0181937188111316,79.04000091552734,78.43000030517578,78.43000030517578,-0.0874926923801385,SPDR Gold MiniShares Trust,P,True,False,False,False,False,False,False,False,False,,False,,,27261255680.0,Commodity,unknown,101.0,True,,False,True,81.0,True,True,False,466.0,,0,0,False,Commodity,Commodity,Commodity,Commodity,Commodity
2026-08-07,DRAM,51.98500061035156,52.060001373291016,48.77199935913086,50.59999847412109,49908472.0,88,2525368607.045716,4204580756.707686,3586332567.5070257,-0.1973350612427126,0.0870032073778459,,0.0,0.0196002471402371,,-0.0,0.001705284366599,,,0.0408516352030625,61.51420013427735,,-0.0092991640992933,61.65999984741211,,,4.789900016784668,0.0946620585222827,44.400001525878906,44.400001525878906,44.400001525878906,-0.1225295876523221,Roundhill Memory ETF,Z,True,False,False,False,False,False,False,False,False,,False,,,25910761472.0,Other,unknown,108.0,True,,False,True,9.0,False,False,False,,,0,0,False,Other,Other,Other,Other,Other
2026-08-07,IQMM,100.11499786376952,100.12000274658205,100.11000061035156,100.11000061035156,560719.0,118,56133579.43223572,279345294.7894829,176927543.5226249,0.0027616103680101,0.0091530120310507,,0.9325436762922248,0.8430414178549419,,0.0025753222850709,0.0077163682403003,,,1.0260251672122511,99.75435928344729,,0.0014206659220992,100.17990241371147,,,0.0322152681319011,0.000321798700784,99.95006306369407,99.82433120927784,99.82433120927784,-0.0028535550827294,ProShares GENIUS Money Market ETF,P,True,False,False,False,False,False,False,False,False,,False,,,20518305792.0,Other,unknown,132.0,True,,False,True,126.0,False,False,False,,,0,0,False,Other,Other,Other,Other,Other
2026-08-07,FIMU,19.8700008392334,19.8700008392334,19.839399337768555,19.839399337768555,306.0,35,6070.856197357178,31885.37097492218,,-0.0050161670205025,,,0.0,,,-0.0,,,,,,,,20.07906342793944,,,0.0583962013905997,0.0029434460386827,19.71000099182129,19.650152837054115,19.650152837054115,-0.0095389229024775,Fidelity Intermediate Municipal Income ETF,Q,True,False,False,False,False,False,False,False,False,,False,,,13629500416.0,Bond,unknown,188.0,True,,False,True,,False,False,False,,,0,0,False,Bond,Bond,Bond,Bond,Bond
2026-08-07,FREI,24.940000534057617,24.950000762939453,24.90999984741211,24.934999465942383,7201.0,35,179556.9311542511,1429959.7124024392,,0.0022106232729506,,,0.0363038464250103,,,8.025412780475333e-05,,,,,,,,27.809999465942383,,,0.3655001640319824,0.0146581179811615,24.82999992370605,24.82999992370605,24.82999992370605,-0.0042109301979228,Fidelity Real Estate Income ETF,Q,True,False,False,False,False,False,False,False,False,,False,,,4103114240.0,Bond,unknown,416.0,True,,False,True,,False,False,False,,,0,0,False,Bond,Bond,Bond,Bond,Bond
