date,symbol,open,high,low,close,volume,history_days,dollar_volume,avg_dollar_vol_20,avg_dollar_vol_63,r20,r63,r126,er20,er63,er126,te20,te63,te126,score,surge_ratio,ma50,ma150,ma50_slope_10,hhv20,hhv126,hhv126_ratio,atr20,atr20_pct,low10,low20,suggested_stop,stop_distance_pct,name,exchange,is_etf,is_test_issue,exclude_leveraged,exclude_inverse,exclude_volatility,exclude_single_stock,exclude_option_income,exclude_buffer,exclude_by_name,exclude_reason,exclude_income_oriented,income_exclusion_reason_category,income_exclusion_matched_keyword,aum,asset_group,category,aum_rank,aum_eligible,manual_action,excluded_product_type,base_universe_eligible,dollar_vol_rank,liquidity_eligible,eligible_universe,signal_surge_v0,rank_score,signal_streak_start_date,signal_streak_trading_days,signal_streak_calendar_days,is_first_signal_today,group,Group,assetGroup,AssetGroup,Asset Group
2026-09-14,ETHA,18.8799991607666,19.239999771118164,18.80500030517578,19.170000076293945,37243004.0,251,713948389.5214157,899898067.9563287,548799634.8404522,0.351904066553284,0.5250597089662079,0.2064191102644943,0.5689852446876417,0.3047091342002816,0.0702355377388415,0.2002282214143964,0.159990489322545,0.0144979572089999,0.1090681030828042,2.4600100789959902,15.66879991531372,15.526966648101808,0.0882622547835432,20.1200008392334,20.1200008392334,0.9527832642488274,0.7243003368377685,0.0377830116825849,17.899999618530273,14.270000457763672,14.270000457763672,-0.2556076994798619,iShares Ethereum Trust ETF,Q,True,False,False,False,False,False,False,False,False,,False,,,4276033536.0,Crypto,unknown,408.0,True,,False,True,52.0,True,True,True,1.0,2026-09-11,2,3,False,Crypto,Crypto,Crypto,Crypto,Crypto
2026-09-14,HGER,36.16999816894531,36.255001068115234,35.810001373291016,35.880001068115234,1404948.0,251,50409535.74064636,35225017.86394043,47082051.33062369,0.0665874470603016,0.1892608875499446,0.1566731314839553,0.4409453844773299,0.3038851757557756,0.1404624515803541,0.0293614274453685,0.057513578076809,0.0220066921450075,0.0450861680006785,2.166139119204393,33.32139984130859,31.466019948323567,0.0398444645950484,36.47999954223633,36.47999954223633,0.9835526732003816,0.4032499313354492,0.011238849479684,35.04499816894531,33.77000045776367,33.77000045776367,-0.0588071501543687,Harbor Commodity All-Weather Strategy ETF,N,True,False,False,False,False,False,False,False,False,,False,,,3212702208.0,Commodity,unknown,480.0,True,,False,True,285.0,True,True,True,4.0,2026-09-04,6,10,False,Commodity,Commodity,Commodity,Commodity,Commodity
2026-09-14,PDBC,19.95499992370605,20.040000915527344,19.690000534057617,19.780000686645508,5579758.0,251,110367617.07131577,95994161.1570631,119760031.73527448,0.1044109913548436,0.1594373567322309,0.154699454507172,0.518006506128621,0.2186496734737872,0.1031530656981183,0.0540855728331482,0.034860925989026,0.0159577229942413,0.0282448049408514,4.063690161465465,17.901799850463867,17.240199960072836,0.0385320443064822,20.059999465942383,20.059999465942383,0.986041934857862,0.2844498634338379,0.0143806801597274,18.589000701904297,17.96500015258789,17.96500015258789,-0.0917593766962312,Invesco Optimum Yield Diversified Commodity Strategy No K-1 ETF,Q,True,False,False,False,False,False,False,False,False,,False,,,5328577024.0,Commodity,unknown,367.0,True,,False,True,156.0,True,True,True,17.0,2026-09-10,3,4,False,Commodity,Commodity,Commodity,Commodity,Commodity
2026-09-14,VFLO,54.56999969482422,54.720001220703125,54.17010116577149,54.459999084472656,2922462.0,251,159157277.84440613,126429256.40658264,88542926.24125066,0.015955201753012,0.1802067905306761,0.3966482075595923,0.1016964605250087,0.3398903866093912,0.3117309920801872,0.0016225875452437,0.061250555703109,0.1236475392493797,0.0830894999443038,0.7544206749898507,51.43211563110352,45.17708552042643,0.0363920553518761,56.32937581254435,56.32937581254435,0.9668134663112068,0.6871643645904228,0.0126177814201679,53.525001525878906,53.195527709658535,53.195527709658535,-0.0232183510112221,VictoryShares Free Cash Flow ETF,Q,True,False,False,False,False,False,False,False,False,,False,,,7757980672.0,Factor / Style,unknown,292.0,True,,False,True,196.0,True,True,False,2.0,,0,0,False,Factor / Style,Factor / Style,Factor / Style,Factor / Style,Factor / Style
2026-09-14,CIBR,96.4000015258789,100.61000061035156,95.58000183105467,100.0500030517578,2855460.0,251,285688781.7141724,158989393.64259338,144206152.69980538,0.0045181183185825,0.1735150737858983,0.5396800871272862,0.0116975428674895,0.158076185777244,0.20125184764867,5.2850882712008594e-05,0.0274286010389318,0.1086116146735615,0.0558426558110522,1.642624608782005,94.49420028686524,79.86859670003255,0.019838711334865,101.03900146484376,102.3499984741211,0.977528134277942,2.81194953918457,0.028105441813229,92.68000030517578,91.12000274658205,91.12000274658205,-0.0892553726415792,First Trust NASDAQ Cybersecurity ETF,Q,True,False,False,False,False,False,False,False,False,,False,,,13836617728.0,Industry / Theme,unknown,181.0,True,,False,True,139.0,True,True,False,3.0,,0,0,False,Industry / Theme,Industry / Theme,Industry / Theme,Industry / Theme,Industry / Theme
2026-09-14,IBB,203.6999969482422,205.6999969482422,202.5800018310547,204.6000061035156,1329741.0,251,272065016.716095,341047176.80885774,312972977.7940795,0.0319782698090465,0.1990436027610613,0.2372560559144048,0.1094993194159495,0.2423853339485168,0.1470889337378896,0.0035015987801901,0.0482452501255558,0.0348977402873069,0.0435736216821686,0.6650097971954837,199.2747998046875,180.71627146402997,0.0241868207664814,217.1199951171875,217.1199951171875,0.9423360846755988,4.327501678466797,0.0211510339656458,201.9199981689453,197.9900054931641,197.9900054931641,-0.0323069423908388,iShares Biotechnology ETF,Q,True,False,False,False,False,False,False,False,False,,False,,,9087528960.0,Industry / Theme,unknown,264.0,True,,False,True,77.0,True,True,False,5.0,,0,0,False,Industry / Theme,Industry / Theme,Industry / Theme,Industry / Theme,Industry / Theme
2026-09-14,CALF,56.2599983215332,56.869998931884766,56.22999954223633,56.65499877929688,358140.0,251,20290421.262817383,37009902.40335846,29084880.505220927,-0.0018638393854739,0.1255094502741671,0.2875049987824341,0.0,0.2109558798990879,0.235327204650773,-0.0,0.0264769565182377,0.0676577476865941,0.0408902334271624,0.6172088340212323,54.98936508178711,49.73277572631836,0.0252337856548896,58.34000015258789,58.34000015258789,0.9711175630976362,0.6772358927313317,0.0119536829463106,55.34999847412109,55.34999847412109,55.34999847412109,-0.0230341599734119,Pacer US Small Cap Cash Cows ETF,Z,True,False,False,False,False,False,False,False,False,,False,,,3474337792.0,Factor / Style,unknown,465.0,True,,False,True,354.0,True,True,False,6.0,,0,0,False,Factor / Style,Factor / Style,Factor / Style,Factor / Style,Factor / Style
2026-09-14,XBI,156.86000061035156,158.96499633789062,156.1999969482422,157.60000610351562,6179913.0,251,973954326.5191956,1353519527.7153487,1370913163.0238276,0.0012070544246609,0.1791219597733284,0.2948757343675816,0.0040059555291322,0.1720173634248493,0.1342299103384948,4.835406346434163e-06,0.0308120872516998,0.0395811433851583,0.0338812568984103,0.5738114913427299,158.14059967041015,140.4936831665039,0.0112116543541869,169.88999938964844,169.88999938964844,0.9276591127771724,4.200248718261719,0.0266513233223029,155.82000732421875,155.82000732421875,155.82000732421875,-0.011294408060668,State Street SPDR S&P Biotech ETF,P,True,False,False,False,False,False,False,False,False,,False,,,10734887936.0,Industry / Theme,unknown,231.0,True,,False,True,24.0,True,True,False,7.0,,0,0,False,Industry / Theme,Industry / Theme,Industry / Theme,Industry / Theme,Industry / Theme
2026-09-14,EUFN,41.97999954223633,42.15999984741211,41.59999847412109,41.91999816894531,1510058.0,251,63301628.59500122,70225357.78015289,62392345.77298289,-0.0152690047107971,0.1115530723725388,0.2825612672910857,0.0,0.1974468901810437,0.1815985333529658,-0.0,0.0220258072300987,0.0513127117224165,0.0322762238024099,0.6312673848921732,41.52,37.96527386983236,0.0170039548268337,43.06999969482422,43.06999969482422,0.9732992446243944,0.4529998779296875,0.0108062952699571,41.59999847412109,41.59999847412109,41.59999847412109,-0.0076335808397357,iShares MSCI Europe Financials ETF,Q,True,False,False,False,False,False,False,False,False,,False,,,3689534976.0,Country / Region,unknown,449.0,True,,False,True,247.0,True,True,False,8.0,,0,0,False,Country / Region,Country / Region,Country / Region,Country / Region,Country / Region
2026-09-14,BTC,34.41999816894531,35.06999969482422,34.400001525878906,34.90999984741211,2104131.0,251,73455212.88893509,74345560.34232274,53369681.63714679,0.2553038661566595,0.2410238495883672,0.1082539634099082,0.4671050889671096,0.1941580948405618,0.0471972222461282,0.1192537351147535,0.0467967314472155,0.0051092863700816,0.0322061256702186,2.1089779144933147,30.49839988708496,30.968400026957195,0.0538129319637872,36.18000030517578,36.34000015258789,0.9606494138918172,1.1497495651245118,0.0329346768877096,33.7599983215332,28.030000686645508,28.030000686645508,-0.197078177910007,Grayscale Bitcoin Mini Trust (BTC),P,True,False,False,False,False,False,False,False,False,,False,,,3187986688.0,Crypto,unknown,485.0,True,,False,True,270.0,True,True,False,9.0,,0,0,False,Crypto,Crypto,Crypto,Crypto,Crypto
2026-09-14,FELV,42.65999984741211,42.68999862670898,42.43009948730469,42.54999923706055,796431.0,251,33888138.44237137,8459777.420985604,7735068.392946577,-0.0123027523553186,0.0710301085459339,0.2232302645178872,0.0,0.2194504468264111,0.2821422363834999,-0.0,0.0155875890585336,0.0629826860595569,0.0321758730088918,0.5636061810393527,42.12229988098144,38.88175333658854,0.0122049082407655,43.2599983215332,43.2599983215332,0.9835876303277792,0.3172449111938477,0.0074558147328362,42.130001068115234,42.130001068115234,42.130001068115234,-0.009870697449496,Fidelity Enhanced Large Cap Value ETF,P,True,False,False,False,False,False,False,False,False,,False,,,3197805568.0,Factor / Style,unknown,484.0,True,,False,True,460.0,True,True,False,10.0,,0,0,False,Factor / Style,Factor / Style,Factor / Style,Factor / Style,Factor / Style
2026-09-14,IBIT,44.06499862670898,44.93999862670898,44.040000915527344,44.7400016784668,46410874.0,251,2076422580.659111,2685545592.50002,1826142910.8279824,0.2556834223197364,0.2413984612078956,0.1082487704286399,0.465508469719646,0.1930758771579681,0.046883411538516,0.1190227986567424,0.0466082196422982,0.0050750716525442,0.0320716178458843,2.1148686565163897,39.07099998474121,39.67643325805664,0.0537572347227843,46.369998931884766,46.560001373291016,0.9609106606283682,1.4892498016357425,0.033286762310349,43.22999954223633,35.88999938964844,35.88999938964844,-0.1978096101207308,iShares Bitcoin Trust ETF,Q,True,False,False,False,False,False,False,False,False,,False,,,43234205696.0,Crypto,unknown,71.0,True,,False,True,17.0,True,True,False,11.0,,0,0,False,Crypto,Crypto,Crypto,Crypto,Crypto
2026-09-14,FBTC,67.68000030517578,69.02999877929688,67.68000030517578,68.69000244140625,3398991.0,251,233476700.08831787,289555278.4299377,231098377.01277065,0.2548410729849684,0.241011821771274,0.1082607768429779,0.4623798424177365,0.192914029569616,0.0471473005397802,0.1178333751683565,0.0464945617118105,0.0051042033824859,0.0320079362965469,2.1101337730993306,60.01590003967285,60.95006673177083,0.0537627822941049,71.20999908447266,71.5250015258789,0.9603635229081832,2.270950126647949,0.0330608537768667,66.447998046875,55.150001525878906,55.150001525878906,-0.1971174906723463,Fidelity Wise Origin Bitcoin Fund,Z,True,False,False,False,False,False,False,False,False,,False,,,10223253504.0,Crypto,unknown,244.0,True,,False,True,98.0,True,True,False,12.0,,0,0,False,Crypto,Crypto,Crypto,Crypto,Crypto
2026-09-14,EWT,107.0500030517578,108.13500213623048,106.73999786376952,107.20999908447266,4490923.0,251,481471850.7184372,403630694.8871105,547154144.1654226,0.0013075501078496,0.0447280862896244,0.5317902894231996,0.0052631337415345,0.0375398395150333,0.1650846714999461,6.881811091370681e-06,0.001679085181127,0.0877904252362901,0.0318180542004341,0.2431871373358077,103.72780014038086,91.94933334350586,0.0069311095947224,112.3000030517578,112.77999877929688,0.9506118127760904,2.0775005340576174,0.0193778616901275,106.73999786376952,102.62000274658205,102.62000274658205,-0.0428131366205318,iShares MSCI Taiwan ETF,P,True,False,False,False,False,False,False,False,False,,False,,,11151458304.0,Country / Region,unknown,222.0,True,,False,True,53.0,True,True,False,13.0,,0,0,False,Country / Region,Country / Region,Country / Region,Country / Region,Country / Region
2026-09-14,GBTC,60.15999984741211,61.34999847412109,60.15999984741211,61.06999969482422,2031773.0,251,124080376.48995209,136748133.57173577,98021562.63325296,0.2545192956445217,0.2377381334811585,0.1009554416961324,0.4680768888221481,0.1924528443593952,0.0442477790749973,0.1191346000504922,0.0457533800011425,0.0044670540805892,0.0313031659289488,2.1287042038762998,53.39780006408692,54.36946665445964,0.0532692166744452,63.28499984741211,63.845001220703125,0.9565353360040496,2.010999870300293,0.032929423290479,59.07500076293945,49.06999969482422,49.06999969482422,-0.1964958254456487,Grayscale Bitcoin Trust (BTC),P,True,False,False,False,False,False,False,False,False,,False,,,8134695424.0,Crypto,unknown,281.0,True,,False,True,182.0,True,True,False,14.0,,0,0,False,Crypto,Crypto,Crypto,Crypto,Crypto
2026-09-14,VLUE,199.57000732421875,201.42999267578125,199.57000732421875,200.63999938964844,968243.0,251,194268274.92903137,94390161.58283158,228670437.7156452,-0.0168561466608276,0.0149582956172633,0.3976104936246207,0.0,0.0225489440894631,0.2115178038209179,-0.0,0.0003372937715473,0.0841016983876308,0.0296548353871765,0.057735764580842,197.65580108642575,177.46804504394532,0.0032830999047159,206.22000122070312,206.57000732421875,0.9712929867632576,2.435498809814453,0.012138650404821,198.7400054931641,198.7400054931641,198.7400054931641,-0.0094696665782705,iShares MSCI USA Value Factor ETF,Z,True,False,False,False,False,False,False,False,False,,False,,,10583302144.0,Country / Region,unknown,236.0,True,,False,True,101.0,True,True,False,15.0,,0,0,False,Country / Region,Country / Region,Country / Region,Country / Region,Country / Region
2026-09-14,IGV,103.56999969482422,107.02999877929688,103.0,106.63999938964844,13156960.0,251,1403058206.369629,1103153878.4760208,1318994724.125669,0.0245964403685272,0.1759647336391776,0.2668962409915885,0.0675460934087281,0.1561702424744512,0.1120216401658582,0.0016613934586547,0.0274804551193826,0.0298981546699799,0.0283266499620916,3.0473795447346737,99.10039993286132,90.89880493164064,0.0322270208462376,110.56999969482422,110.56999969482422,0.96445690226985,2.787000274658203,0.0261346613898118,100.58999633789062,99.72000122070312,99.72000122070312,-0.0648912060066744,iShares Expanded Tech-Software Sector ETF,Z,True,False,False,False,False,False,False,False,False,,False,,,13542322176.0,Industry / Theme,unknown,192.0,True,,False,True,25.0,True,True,False,16.0,,0,0,False,Industry / Theme,Industry / Theme,Industry / Theme,Industry / Theme,Industry / Theme
2026-09-14,IWX,112.62999725341795,112.88999938964844,112.27490234375,112.4499969482422,253077.0,251,28458507.877670288,32784269.853455357,44538552.94807579,-0.0023953537041955,0.0709524297043886,0.2114454317824952,0.0,0.2002152881221442,0.2565992861840852,-0.0,0.0142057611562303,0.0542567468622739,0.0282236061533456,0.6284777054120618,110.79640014648436,102.74554412841798,0.0125179825006245,113.9499969482422,113.9499969482422,0.9868363313718972,0.8182548522949219,0.0072766107114395,111.2699966430664,111.2699966430664,111.2699966430664,-0.0104935556887467,iShares Russell Top 200 Value ETF,P,True,False,False,False,False,False,False,False,False,,False,,,3556921344.0,Factor / Style,unknown,456.0,True,,False,True,293.0,True,True,False,18.0,,0,0,False,Factor / Style,Factor / Style,Factor / Style,Factor / Style,Factor / Style
2026-09-14,RSPT,63.540000915527344,64.37000274658203,63.310001373291016,63.90999984741211,426835.0,251,27279024.784870148,27053438.380890846,41284704.31872807,-0.0348837410254956,0.0191716127369754,0.4018305370142547,0.0,0.0222469950687728,0.1662282143690097,-0.0,0.0004265107740199,0.0667955726468198,0.0236556824294998,0.1229968206153254,62.82100021362304,56.599448649088544,0.0031339087941806,66.43000030517578,67.4446029663086,0.947592498681293,1.071999740600586,0.0167735838391492,63.02999877929688,62.560001373291016,62.560001373291016,-0.0211234310333949,Invesco S&P 500 Equal Weight Technology ETF,P,True,False,False,False,False,False,False,False,False,,False,,,5687853056.0,Sector,unknown,359.0,True,,False,True,304.0,True,True,False,19.0,,0,0,False,Sector,Sector,Sector,Sector,Sector
2026-09-14,VONV,112.16999816894533,112.41000366210938,111.80999755859376,112.0199966430664,479623.0,251,53727366.84993744,65150733.85740471,81963537.32312581,-0.0123435156804845,0.0581102579875598,0.1984283380716194,0.0,0.1721317057082506,0.2438999137394981,-0.0,0.0100026178265451,0.0483966545391399,0.0234405306759533,0.467121383362514,111.14159942626954,103.51377273559572,0.0104020639348472,114.08000183105467,114.08000183105467,0.9819424513067678,0.7960010528564453,0.0071058835628497,110.9499969482422,110.9499969482422,110.9499969482422,-0.0095518633002069,Vanguard Russell 1000 Value ETF,Q,True,False,False,False,False,False,False,False,False,,False,,,21457317888.0,Factor / Style,unknown,127.0,True,,False,True,208.0,True,True,False,20.0,,0,0,False,Factor / Style,Factor / Style,Factor / Style,Factor / Style,Factor / Style
2026-09-14,IWD,255.58999633789065,256.3599853515625,254.9199981689453,255.3699951171875,1572339.0,251,401528202.7525635,400755057.94928896,522804103.0741839,-0.0123758058413123,0.0580065858917477,0.1974936384665575,0.0,0.1732343835047202,0.2437635482163051,-0.0,0.0100487351461705,0.0481417500627562,0.0233812903669755,0.4695149854322736,253.43280059814447,236.09479583740236,0.0103751387529851,260.19000244140625,260.19000244140625,0.98147504793039,1.8280006408691407,0.0071582436301112,252.97000122070312,252.97000122070312,252.97000122070312,-0.0093981044851531,iShares Russell 1000 Value ETF,P,True,False,False,False,False,False,False,False,False,,False,,,79741509632.0,Factor / Style,unknown,36.0,True,,False,True,57.0,True,True,False,21.0,,0,0,False,Factor / Style,Factor / Style,Factor / Style,Factor / Style,Factor / Style
2026-09-14,COWZ,70.2699966430664,70.80500030517578,70.2300033569336,70.55999755859375,844306.0,251,59574229.298706055,70442991.57422638,64823082.81096686,0.0041502831367128,0.1085957392536178,0.1424503442845273,0.0282391130739151,0.2096334022116655,0.1693503234831457,0.0001172003147863,0.0227652942854268,0.0241240118848701,0.023240845445232,0.8402498110205162,67.98221359252929,64.47661936442057,0.0263302577278263,72.47799682617188,72.47799682617188,0.9735368063196038,0.7571174435466389,0.0107301228705106,69.19000244140625,69.19000244140625,69.19000244140625,-0.0194160312441882,Pacer US Cash Cows 100 ETF,Z,True,False,False,False,False,False,False,False,False,,False,,,17594638336.0,Other,unknown,149.0,True,,False,True,240.0,True,True,False,22.0,,0,0,False,Other,Other,Other,Other,Other
2026-09-14,ARTY,72.36000061035156,73.23999786376953,71.87999725341797,72.5999984741211,593428.0,251,43082871.89450073,33484510.69162597,40031513.63391646,-0.0593418218831951,-0.0085624008062505,0.5005708060029916,0.0,0.0,0.122751934001349,-0.0,-0.0,0.0614460345414813,0.0215061120895184,-0.0,71.77480026245117,64.16012880961101,-0.0003816004210346,78.43000030517578,81.80196563276948,0.8875092170772713,1.7280998229980469,0.0238030283652697,71.87999725341797,71.5999984741211,71.5999984741211,-0.0137741049726944,iShares Future AI & Tech ETF,P,True,False,False,False,False,False,False,False,False,,False,,,3930527488.0,Other,unknown,432.0,True,,False,True,305.0,True,True,False,23.0,,0,0,False,Other,Other,Other,Other,Other
2026-09-14,DFLV,41.68000030517578,41.72999954223633,41.45000076293945,41.52000045776367,613926.0,251,25490207.80103302,22897491.21663933,27239175.55178046,-0.0144790077115194,0.0446419984854722,0.1828305879225689,0.0,0.1627461552699559,0.2593296862692507,-0.0,0.0072653136170778,0.0474133990063824,0.0213171435033344,0.3586064720606757,41.14259979248047,38.6698642985026,0.0107091549231497,42.34999847412109,42.34999847412109,0.980401462898172,0.2947000503540039,0.0070977853348963,41.34000015258789,41.34000015258789,41.34000015258789,-0.0043352674179011,Dimensional US Large Cap Value ETF,P,True,False,False,False,False,False,False,False,False,,False,,,6419725824.0,Factor / Style,unknown,334.0,True,,False,True,367.0,True,True,False,24.0,,0,0,False,Factor / Style,Factor / Style,Factor / Style,Factor / Style,Factor / Style
2026-09-14,FDN,289.3099975585937,293.8399963378906,288.95001220703125,292.7099914550781,311681.0,251,91232142.8467102,40391297.500917055,75687422.91320364,0.0045644400781739,0.107198233011762,0.2191169679890823,0.0253185809603759,0.148299272145521,0.1423622623615984,0.000115565145658,0.0158974199309302,0.0311939872847396,0.0212512185047635,3.0870246055121395,281.29920166015626,264.0904005940755,0.0197172482570551,297.5899963378906,297.5899963378906,0.9836015829064644,3.993995666503906,0.0136448901065847,285.239990234375,283.54998779296875,283.54998779296875,-0.0312937854173493,First Trust DJ Internet Index Fund,P,True,False,False,False,False,False,False,False,False,,False,,,4975951360.0,Industry / Theme,unknown,378.0,True,,False,True,215.0,True,True,False,25.0,,0,0,False,Industry / Theme,Industry / Theme,Industry / Theme,Industry / Theme,Industry / Theme
2026-09-14,PVAL,53.81999969482422,54.04999923706055,53.70000076293945,53.84999847412109,2467723.0,251,132886879.78455351,81690108.27679482,90159535.97502583,-0.0133749236431546,0.0508243636616732,0.1782931591915011,0.0,0.1658415787472962,0.2404696030592376,-0.0,0.0084287927084785,0.0428740852189577,0.0204846450871462,0.4924921215332087,53.37207992553711,50.25870503743489,0.0106083079560046,54.70000076293945,54.70000076293945,0.9844606530719784,0.3884502410888671,0.0072135608560053,53.31999969482422,53.31999969482422,53.31999969482422,-0.0098421317421499,Putnam Focused Large Cap Value ETF,P,True,False,False,False,False,False,False,False,False,,False,,,11873768448.0,Factor / Style,unknown,207.0,True,,False,True,193.0,True,True,False,26.0,,0,0,False,Factor / Style,Factor / Style,Factor / Style,Factor / Style,Factor / Style
2026-09-14,IYW,249.1199951171875,252.58999633789065,247.91000366210935,251.1000061035156,642597.0,251,161356110.62210083,126584967.5551834,137562754.52007234,-0.017221111140839,0.0259113516694657,0.3419487997468773,0.0,0.0314051110471367,0.1613950627642762,-0.0,0.0008137488765609,0.0551888479973161,0.0198450335688253,0.5895826523057636,247.08440002441407,225.94815826416016,0.0038466285784137,256.510009765625,260.9332505385792,0.9623150962371898,3.568999481201172,0.0142134583610079,246.75,242.82000732421875,242.82000732421875,-0.0329749047313183,iShares U.S. Technology ETF,P,True,False,False,False,False,False,False,False,False,,False,,,25393864704.0,Sector,unknown,109.0,True,,False,True,147.0,True,True,False,27.0,,0,0,False,Sector,Sector,Sector,Sector,Sector
2026-09-14,XLE,65.95500183105469,66.02999877929688,64.18000030517578,64.52999877929688,46271338.0,251,2985889384.656433,1787448246.9736435,1745686659.4699786,0.0423194788942369,0.129372247321754,0.1337961238944649,0.2485769970629697,0.1862078654357646,0.0881731289246032,0.0105196489807991,0.0240901300204116,0.0117972228817588,0.0197876125218831,1.5135852714211198,60.36540000915527,57.8358085123698,0.0382033529643073,66.16999816894531,66.16999816894531,0.9752153629283592,1.1869998931884769,0.0183945438655315,63.13999938964844,61.310001373291016,61.310001373291016,-0.0498992324022626,State Street Energy Select Sector SPDR ETF,P,True,False,False,False,False,False,False,False,False,,False,,,35721338880.0,Sector,unknown,84.0,True,,False,True,19.0,True,True,False,28.0,,0,0,False,Sector,Sector,Sector,Sector,Sector
2026-09-14,QTEC,301.5799865722656,308.4200134277344,301.4599914550781,306.3399963378906,87891.0,251,26924528.618133545,34457662.17858734,84656246.4196385,-0.0622053728537802,-0.0418993400294394,0.3963439367467534,0.0,0.0,0.1415830582273308,-0.0,-0.0,0.0561155866744651,0.0196404553360627,-0.0,310.8436010742187,279.8049049886068,-0.009782543093727,328.8299865722656,340.1946629053564,0.9004844277145986,5.355499267578125,0.0174822071280272,301.4599914550781,301.4599914550781,301.4599914550781,-0.015930028534145,First Trust NASDAQ-100-Technology Sector Index Fund,Q,True,False,False,False,False,False,False,False,False,,False,,,4991772672.0,Sector,unknown,377.0,True,,False,True,202.0,True,True,False,29.0,,0,0,False,Sector,Sector,Sector,Sector,Sector
2026-09-14,XLF,57.34000015258789,57.56499862670898,56.7599983215332,57.02999877929688,38019431.0,251,2168248103.519562,1736535353.1690278,1792119659.7781792,-0.0194291793514423,0.0729241117612657,0.1765995853352482,0.0,0.1668561911957385,0.1897622120252147,-0.0,0.0121678395348171,0.0335119279559523,0.0196382704822144,0.3940083259646799,57.14260002136231,53.25672574361165,0.0125121225962165,58.59999847412109,58.59999847412109,0.9732081956364288,0.6752504348754883,0.0118402673913543,56.68999862670898,56.68999862670898,56.68999862670898,-0.0059617773078283,State Street Financial Select Sector SPDR ETF,P,True,False,False,False,False,False,False,False,False,,False,,,51353821184.0,Sector,unknown,56.0,True,,False,True,18.0,True,True,False,30.0,,0,0,False,Sector,Sector,Sector,Sector,Sector
2026-09-14,VFH,140.13499450683594,140.42999267578125,138.63999938964844,139.2899932861328,624475.0,251,86983118.55735779,74339562.82644272,68320727.81817119,-0.023417313905471,0.070399464923917,0.1794977051598467,0.0,0.1621593006019905,0.1903774549371456,-0.0,0.0114159279948167,0.0341723162753897,0.0193806638930173,0.3741546909815896,139.79419952392578,130.27956197102864,0.0119066292440419,143.1999969482422,143.1999969482422,0.9726955045709772,1.5814971923828125,0.011353990010855,138.44000244140625,138.44000244140625,138.44000244140625,-0.0061023109031277,Vanguard Financials ETF,P,True,False,False,False,False,False,False,False,False,,False,,,13808313344.0,Sector,unknown,185.0,True,,False,True,226.0,True,True,False,31.0,,0,0,False,Sector,Sector,Sector,Sector,Sector
2026-09-14,FNDX,32.43000030517578,32.5,32.32500076293945,32.38999938964844,3125941.0,251,101249227.08207704,89936201.67743759,81765866.98660496,-0.0091770954317335,0.0387809080770888,0.1717527734245838,0.0,0.1448452902816329,0.2591951996631167,-0.0,0.0056172318878112,0.044517494400479,0.0192323237672449,0.4674188095314763,32.066599960327146,30.30417535146077,0.0090212735248946,32.849998474121094,32.849998474121094,0.9859969830794652,0.2142498016357422,0.0066146898941966,32.13999938964844,32.13999938964844,32.13999938964844,-0.0077184317601406,Schwab Fundamental U.S. Large Company ETF,P,True,False,False,False,False,False,False,False,False,,False,,,25939793920.0,Other,unknown,107.0,True,,False,True,209.0,True,True,False,32.0,,0,0,False,Other,Other,Other,Other,Other
2026-09-14,KBWB,96.38999938964844,96.56999969482422,94.36000061035156,95.0199966430664,2368074.0,251,225014383.53053284,130172578.71876296,159781263.83347455,-0.0468452771990318,0.031399973019297,0.2673874924861683,0.0,0.0564137448356883,0.1895598873945658,-0.0,0.0017713900657581,0.0506859429663933,0.0188914835809804,0.0872782312885263,96.79480056762696,88.85389704386394,0.0052347686720006,100.61000061035156,100.61000061035156,0.9444388834770564,1.4960002899169922,0.0157440574907256,94.36000061035156,94.36000061035156,94.36000061035156,-0.0069458646183082,Invesco KBW Bank ETF,Q,True,False,False,False,False,False,False,False,False,,False,,,6505184256.0,Other,unknown,328.0,True,,False,True,124.0,True,True,False,33.0,,0,0,False,Other,Other,Other,Other,Other
2026-09-14,PRF,55.869998931884766,56.005001068115234,55.71500015258789,55.810001373291016,190567.0,251,10635544.531703947,15039172.316077996,15322337.64673984,-0.0120375338107838,0.035928381574082,0.1806964921663414,0.0,0.1296478606394919,0.2507311247966982,-0.0,0.004658037807319,0.0453062347276845,0.018884906729447,0.430242363667032,55.39580001831055,52.23862172444662,0.0077588765953924,56.65999984741211,56.65999984741211,0.9849982619765236,0.3640010833740234,0.0065221479021181,55.43000030517578,55.43000030517578,55.43000030517578,-0.0068088345953184,Invesco RAFI US 1000 ETF,P,True,False,False,False,False,False,False,False,False,,False,,,9686064128.0,Other,unknown,253.0,True,,False,True,422.0,True,True,False,34.0,,0,0,False,Other,Other,Other,Other,Other
2026-09-14,VDE,185.7700042724609,185.7700042724609,180.6999969482422,181.57000732421875,934872.0,251,169744715.88720703,90690534.35820311,94793366.03669278,0.0394436394397259,0.1259674960501531,0.1293830680408536,0.2401538536815748,0.1821663138717045,0.0855808205827598,0.0094725420146767,0.0229470344231048,0.0110727091324513,0.0187910205713761,1.4984707451073729,170.27760009765626,163.50562622070314,0.0377301677534229,186.22999572753903,186.22999572753903,0.9749772404541208,3.1925018310546878,0.0175827598296784,177.99000549316406,173.0,173.0,-0.0471994656524731,Vanguard Energy ETF,P,True,False,False,False,False,False,False,False,False,,False,,,11076583424.0,Other,unknown,226.0,True,,False,True,186.0,True,True,False,35.0,,0,0,False,Other,Other,Other,Other,Other
2026-09-14,DFUV,56.86000061035156,56.93000030517578,56.619998931884766,56.68000030517578,295111.0,251,16726891.57006073,20366162.654426955,21986370.340925064,-0.0173370318084111,0.0361271247014522,0.1877067580552758,0.0,0.1208233127666839,0.2419416208940519,-0.0,0.0043649988871645,0.045414077296661,0.0187321763304883,0.2681191136994439,56.32780006408692,52.908713556925456,0.0080433201491698,57.88999938964844,57.88999938964844,0.9790983054546548,0.3909004211425781,0.006896619954797,56.51499938964844,56.51499938964844,56.51499938964844,-0.0029110958828325,Dimensional US Marketwide Value ETF,P,True,False,False,False,False,False,False,False,False,,False,,,15314369536.0,Factor / Style,unknown,168.0,True,,False,True,387.0,True,True,False,36.0,,0,0,False,Factor / Style,Factor / Style,Factor / Style,Factor / Style,Factor / Style
2026-09-14,FTEC,282.989990234375,286.3450012207031,281.38409423828125,284.44000244140625,237865.0,251,67658321.1807251,59833745.793533325,76656198.83323549,-0.0275555472088675,0.0208472090014326,0.3380942085350051,0.0,0.0246434009677447,0.155092004306216,-0.0,0.0005137461304806,0.0524357084460177,0.0186864329409186,0.3060645554714751,281.0472009277344,257.1151549275716,0.005531281258819,294.3699951171875,300.4786748358019,0.94662292622543,4.495292663574219,0.0158040100723885,281.38409423828125,276.8299865722656,276.8299865722656,-0.0267543798474979,Fidelity MSCI Information Technology Index ETF,P,True,False,False,False,False,False,False,False,False,,False,,,20956467200.0,Country / Region,unknown,130.0,True,,False,True,212.0,True,True,False,37.0,,0,0,False,Country / Region,Country / Region,Country / Region,Country / Region,Country / Region
2026-09-14,VGT,118.4000015258789,119.98999786376952,117.87999725341795,119.16999816894533,3188672.0,251,379994036.4013672,421282505.1521683,479128802.2514101,-0.0276599172419838,0.0220305980055293,0.3373929850581287,0.0,0.0260386211796953,0.155061664443165,-0.0,0.0005736463958281,0.0523167178345613,0.0186837213993847,0.3303674322670185,117.73759994506835,107.7027262878418,0.0057943261272395,123.36000061035156,125.850191476801,0.9469194823665636,1.923500061035156,0.0161408080103202,117.87999725341795,115.91000366210938,115.91000366210938,-0.0273558324823861,Vanguard Information Tech ETF,P,True,False,False,False,False,False,False,False,False,,False,,,169247817728.0,Other,unknown,14.0,True,,False,True,60.0,True,True,False,38.0,,0,0,False,Other,Other,Other,Other,Other
2026-09-14,FHLC,81.29000091552734,81.52999877929688,81.02999877929688,81.44000244140625,162501.0,251,13234081.836730955,23222203.240357973,18919571.955859955,0.0012294825180492,0.1036322094440773,0.1484959706091873,0.0065108137722486,0.1704981739027044,0.1302152408244773,8.004931711253832e-06,0.0176691024677177,0.0193364385743398,0.0182526701050355,0.4427208343673355,80.80320053100586,74.9704025777181,0.0154651220017481,85.45999908447266,85.45999908447266,0.9529604881098482,1.1759994506835938,0.0144400714075333,80.20999908447266,80.20999908447266,80.20999908447266,-0.0151031841854197,Fidelity MSCI Health Care Index ETF,P,True,False,False,False,False,False,False,False,False,,False,,,3215685120.0,Country / Region,unknown,479.0,True,,False,True,403.0,True,True,False,39.0,,0,0,False,Country / Region,Country / Region,Country / Region,Country / Region,Country / Region
2026-09-14,VHT,314.7799987792969,316.5199890136719,313.5299987792969,315.0199890136719,169079.0,251,53263264.72244263,67003434.28165436,73702649.20902555,0.0010167676969459,0.1034988329027875,0.1467766838469915,0.0053995318860768,0.17031004001935,0.12901699601883,5.490069600392394e-06,0.0176268903736297,0.0189366868355443,0.0180853191352998,0.4431445768438015,312.6241979980469,290.1614650472005,0.0153523078644282,330.75,330.75,0.952441387796438,4.684002685546875,0.0148689062564331,310.29998779296875,310.29998779296875,310.29998779296875,-0.0149831800689266,Vanguard Health Care ETF,P,True,False,False,False,False,False,False,False,False,,False,,,20388290560.0,Sector,unknown,133.0,True,,False,True,219.0,True,True,False,40.0,,0,0,False,Sector,Sector,Sector,Sector,Sector
2026-09-14,XLK,183.0,185.58999633789065,182.0800018310547,184.27999877929688,8458066.0,251,1558652392.1552124,1186427413.2564423,1576551652.3257504,-0.030156285949121,-0.0016248328356602,0.3503590529374984,0.0,0.0,0.1443899893596084,-0.0,-0.0,0.0505883399256878,0.0177059189739907,-0.0,182.800400390625,167.06724197387695,0.0001617305650334,191.75,198.49331469466887,0.928393981745755,3.247999572753906,0.0176253505224073,182.0800018310547,178.82000732421875,178.82000732421875,-0.029628779527057,State Street Technology Select Sector SPDR ETF,P,True,False,False,False,False,False,False,False,False,,False,,,123912577024.0,Sector,unknown,23.0,True,,False,True,21.0,True,True,False,41.0,,0,0,False,Sector,Sector,Sector,Sector,Sector
2026-09-14,RWL,133.77999877929688,134.16000366210938,133.50999450683594,133.89999389648438,208345.0,251,27897394.22836304,30571886.83795929,34018049.88865928,-0.0126097390028081,0.0419172682589046,0.162023614771428,0.0,0.1492484248120427,0.2392839996049599,-0.0,0.0062560862600653,0.0387696585729605,0.0176358365695786,0.459688434700525,132.67380004882813,125.27437266031902,0.0093886360548354,135.8800048828125,135.8800048828125,0.9854282387755596,0.9844993591308594,0.0073524974160339,132.52000427246094,132.52000427246094,132.52000427246094,-0.0103061216350037,Invesco S&P 500 Revenue ETF,P,True,False,False,False,False,False,False,False,False,,False,,,9220293632.0,US Equity,unknown,260.0,True,,False,True,329.0,True,True,False,42.0,,0,0,False,US Equity,US Equity,US Equity,US Equity,US Equity
2026-09-14,TCAF,42.20000076293945,42.3754997253418,42.084999084472656,42.27000045776367,421128.0,251,17801080.7527771,20710135.827456664,25430213.45689901,-0.0156031250669059,0.0596641038990051,0.1647836701948848,0.0,0.1641832285493761,0.1943071591114595,-0.0,0.009795845206644,0.0320186468235277,0.0175738257725533,1.1545314975746732,42.09903999328613,39.75674664815267,0.0093795340347511,43.119998931884766,43.1349983215332,0.9799467277749326,0.3126003265380859,0.007395323471795,42.060001373291016,42.060001373291016,42.060001373291016,-0.0049680407428073,T. Rowe Price Capital Appreciation Equity ETF,P,True,False,False,False,False,False,False,False,False,,False,,,7400264704.0,Other,unknown,297.0,True,,False,True,371.0,True,True,False,43.0,,0,0,False,Other,Other,Other,Other,Other
2026-09-14,JQUA,73.36000061035156,73.9800033569336,73.3949966430664,73.81999969482422,412195.0,251,30428234.77420807,36928127.07924843,33875188.21089306,-0.0190033263146283,0.0424570467598317,0.1937104933431175,0.0,0.1140452624877004,0.2123269637727891,-0.0,0.0048420250421775,0.0411299609024732,0.017542802593281,0.4641057439445592,73.40099975585937,68.51659042358398,0.007426761143751,75.38999938964844,75.63999938964844,0.9759386606357736,0.524899673461914,0.0071105347552408,72.91000366210938,72.91000366210938,72.91000366210938,-0.0123272288875212,JPMorgan U.S. Quality Factor ETF,P,True,False,False,False,False,False,False,False,False,,False,,,8162030080.0,Factor / Style,unknown,280.0,True,,False,True,330.0,True,True,False,44.0,,0,0,False,Factor / Style,Factor / Style,Factor / Style,Factor / Style,Factor / Style
2026-09-14,EFV,82.11000061035156,82.40499877929688,81.70500183105469,82.0,1668240.0,251,136795680.0,136747027.14483643,254992472.96488443,0.0003659726589011,0.0662367290882355,0.1580600101972253,0.0038808274097747,0.1908294098867709,0.1623631347577671,1.420276725891706e-06,0.0126399159247379,0.0256631187354661,0.0171980369084927,0.7862039786207161,80.69040008544921,76.98606552124023,0.0142285430902504,83.2300033569336,83.2300033569336,0.98522163513969,0.6579998016357422,0.0080243878248261,81.25,81.22000122070312,81.22000122070312,-0.0095121802353277,iShares MSCI EAFE Value ETF,Z,True,False,False,False,False,False,False,False,False,,False,,,23718227968.0,Country / Region,unknown,116.0,True,,False,True,91.0,True,True,False,45.0,,0,0,False,Country / Region,Country / Region,Country / Region,Country / Region,Country / Region
2026-09-14,EAGL,35.130001068115234,35.40999984741211,35.09000015258789,35.290000915527344,97198.0,251,3430117.5089874268,7029869.903063965,9937191.568488227,0.0008508960698339,0.0885256911991798,0.1498859661590741,0.0054254288089235,0.1662806659501397,0.1425031908814502,4.61647605067666e-06,0.014720110886296,0.0213592284460171,0.0170438020321984,1.1234137592212423,34.47639991760254,32.78939996083577,0.0214896708038576,36.43000030517578,36.43000030517578,0.9687071265413504,0.4130496978759765,0.0117044399875387,34.79999923706055,34.650001525878906,34.650001525878906,-0.0181354313699335,Eagle Capital Select Equity ETF,P,True,False,False,False,False,False,False,False,False,,False,,,4262146816.0,Other,unknown,409.0,True,,False,True,455.0,True,True,False,46.0,,0,0,False,Other,Other,Other,Other,Other
2026-09-14,IXN,138.64999389648438,140.1999969482422,137.8000030517578,139.22999572753906,151762.0,251,21129822.611602783,63996190.9370224,53707347.12719969,-0.0286053586209282,-0.0023860751349082,0.3559979013380716,0.0,0.0,0.1366043390982021,-0.0,-0.0,0.0486308580326342,0.0170208003114219,-0.0,138.3486000061035,126.34054031372072,0.00026028482987,145.22999572753906,149.65093919782692,0.9303649978667212,2.49100112915039,0.0178912677267121,137.8000030517578,136.0,136.0,-0.0231989932245626,iShares Global Tech ETF,P,True,False,False,False,False,False,False,False,False,,False,,,9455798272.0,Global Equity,unknown,256.0,True,,False,True,269.0,True,True,False,47.0,,0,0,False,Global Equity,Global Equity,Global Equity,Global Equity,Global Equity
2026-09-14,SOXX,497.5750122070313,503.1799926757813,495.1499938964844,497.3999938964844,10915916.0,251,5429576551.774536,3804746475.021741,5007823902.452571,-0.0963264246573079,-0.1653900121902972,0.5029059391182495,0.0,0.0,0.0944987967306892,-0.0,-0.0,0.0475240061153918,0.0166334021403871,-0.0,530.1450024414063,476.6189274088542,-0.0363004504573943,566.02001953125,655.9500122070312,0.7582894803567665,16.3780029296875,0.0329272278461185,489.2099914550781,489.2099914550781,489.2099914550781,-0.0164656263407809,iShares PHLX SOX Semiconductor Sector Index Fund,Q,True,False,False,False,False,False,False,False,False,,False,,,47824830464.0,Industry / Theme,unknown,60.0,True,,False,True,7.0,True,True,False,48.0,,0,0,False,Industry / Theme,Industry / Theme,Industry / Theme,Industry / Theme,Industry / Theme
2026-09-14,IYH,70.93000030517578,71.16999816894531,70.5999984741211,70.87000274658203,1344289.0,251,95269765.1222,42356233.359717175,47134737.94771794,0.0031139591783666,0.1018859907489277,0.1401392446554015,0.0159420962894654,0.159723997883773,0.1190359758080663,4.964303706298601e-05,0.0162736377707678,0.016681611736561,0.0164164286587954,0.4455997027866855,70.18079986572266,65.35137720743815,0.0160469299596655,74.58999633789062,74.58999633789062,0.9501274463876213,1.0720008850097655,0.0151262994703561,69.83999633789062,69.83999633789062,69.83999633789062,-0.0145337430333468,iShares U.S. Healthcare ETF,P,True,False,False,False,False,False,False,False,False,,False,,,3161404928.0,Sector,unknown,490.0,True,,False,True,284.0,True,True,False,49.0,,0,0,False,Sector,Sector,Sector,Sector,Sector
2026-09-14,IYF,135.64999389648438,136.02000427246094,134.2301025390625,134.97999572753906,210231.0,251,28376979.481796265,49137201.22155686,51162336.26997666,-0.0239351921273516,0.0572569091971817,0.1720472648031756,0.0,0.1386831731392042,0.1838929890735958,-0.0,0.0079405698516084,0.0316382857865924,0.0162347704288528,0.2901769460231276,135.57720001220704,126.90053095499674,0.0112977099980371,139.08999633789062,139.08999633789062,0.970450782093867,1.5734939575195312,0.011657238163614,134.2301025390625,134.2301025390625,134.2301025390625,-0.0055555875849206,iShares U.S. Financial ETF,P,True,False,False,False,False,False,False,False,False,,False,,,3903197184.0,Other,unknown,435.0,True,,False,True,278.0,True,True,False,50.0,,0,0,False,Other,Other,Other,Other,Other
2026-09-14,IGM,159.0399932861328,161.47999572753906,158.52000427246094,160.47999572753906,200476.0,251,32172387.62347412,38177856.529000856,54780388.88590785,-0.0254448441610321,0.0074579277409796,0.3161914932132812,0.0,0.0088072159080111,0.1438676811154719,-0.0,6.568357984115326e-05,0.0454897369170332,0.0159641022478583,0.0835944585530181,158.87239959716797,146.5329780069987,0.001062357418587,165.4199981689453,171.40683033840085,0.9362520467283046,2.297499084472656,0.0143164203990466,157.9499969482422,155.72999572753906,155.72999572753906,-0.0295987046763416,iShares Expanded Tech Sector ETF,P,True,False,False,False,False,False,False,False,False,,False,,,10708001792.0,Sector,unknown,232.0,True,,False,True,265.0,True,True,False,51.0,,0,0,False,Sector,Sector,Sector,Sector,Sector
2026-09-14,DFIV,58.31999969482422,58.55500030517578,58.13999938964844,58.310001373291016,1493591.0,251,87091293.2611351,64297868.46318188,67779156.71970107,0.0020622572506292,0.0587804090100687,0.148398415131411,0.0247939355821112,0.1891598742014715,0.1677525667920511,5.11314734258436e-05,0.0111188947738556,0.0248942150461665,0.0159402568691644,0.8333041205020281,57.19240013122558,54.87877161661784,0.0151263671015262,59.209999084472656,59.209999084472656,0.9847999033086008,0.4201002120971679,0.0072045995918908,57.88999938964844,57.68999862670898,57.68999862670898,-0.0106328714110788,Dimensional International Value ETF,P,True,False,False,False,False,False,False,False,False,,False,,,19862159360.0,Factor / Style,unknown,137.0,True,,False,True,230.0,True,True,False,52.0,,0,0,False,Factor / Style,Factor / Style,Factor / Style,Factor / Style,Factor / Style
2026-09-14,FELC,43.27999877929688,43.5,43.18999862670898,43.34999847412109,617973.0,251,26789128.607048035,28086043.23754616,32282449.99201735,-0.0190088295698698,0.0460112930032128,0.1786109847228876,0.0,0.1211146609627824,0.1938380033391138,-0.0,0.0055726421525433,0.0346215966531175,0.0157397762277443,0.9464400976774844,43.09100028991699,40.62655550638835,0.0093743860599315,44.18999862670898,44.36000061035156,0.9772316924631697,0.3215002059936523,0.0074163833289539,43.06999969482422,43.06999969482422,43.06999969482422,-0.0064590262780291,Fidelity Enhanced Large Cap Core ETF,P,True,False,False,False,False,False,False,False,False,,False,,,7879930368.0,Factor / Style,unknown,290.0,True,,False,True,336.0,True,True,False,53.0,,0,0,False,Factor / Style,Factor / Style,Factor / Style,Factor / Style,Factor / Style
2026-09-14,AVLV,93.25,93.66000366210938,93.12000274658205,93.3499984741211,1229264.0,251,114751792.524292,261730349.4593216,204496347.7028552,-0.0150581603755016,0.0222780204106851,0.1760714510564205,0.0,0.0800872705079386,0.2353422279505174,-0.0,0.0017841858470119,0.0414370475700984,0.0156626874500922,0.1919912216773322,92.91726470947266,87.83931732177734,0.0060716165868397,95.05149728271164,95.08142113780632,0.9817901053332408,0.6629880284169325,0.0071021750321798,92.78500366210938,92.78500366210938,92.78500366210938,-0.0060524351499411,Avantis U.S. Large Cap Value ETF,P,True,False,False,False,False,False,False,False,False,,False,,,16735772672.0,Factor / Style,unknown,157.0,True,,False,True,109.0,True,True,False,54.0,,0,0,False,Factor / Style,Factor / Style,Factor / Style,Factor / Style,Factor / Style
2026-09-14,PAAA,51.43999862670898,51.43999862670898,51.41999816894531,51.43999862670898,3300175.0,251,169760997.46789932,123030392.97314169,112120066.40043864,0.0044445374714181,0.0129260932888652,0.0280166776611479,0.9827393108900454,0.8529875382922404,0.843439304501097,0.0043678216918864,0.011025796494205,0.02363036712095,0.0154373962135657,1.1185182665089235,51.15962066650391,50.6690104675293,0.0020138380845036,51.43999862670898,51.43999862670898,1.0,0.019465491413969,0.000378411585024,51.310001373291016,51.20242366739588,51.20242366739588,-0.0046184868906615,PGIM AAA CLO ETF,P,True,False,False,False,False,False,False,False,False,,False,,,10160844800.0,Other,unknown,246.0,True,,False,True,167.0,True,True,False,55.0,,0,0,False,Other,Other,Other,Other,Other
2026-09-14,USMC,75.86000061035156,76.19499969482422,75.7699966430664,75.89129638671875,45041.0,251,3418219.880554199,6877301.598924255,7081391.082083566,-0.0093813368738663,0.0465777090385894,0.1599219661907911,0.0,0.1320496617617976,0.1881359661637467,-0.0,0.0061505707241851,0.0300870736201105,0.014528346737759,1.1593280435681004,75.32106613159179,71.30195114135742,0.007879299157868,77.19999694824219,77.19999694824219,0.9830479195173952,0.5171012878417969,0.0068137100360864,75.5999984741211,75.58999633789062,75.58999633789062,-0.0039701528788332,Principal U.S. Mega-Cap ETF,Q,True,False,False,False,False,False,False,False,False,,False,,,3491833344.0,Other,unknown,462.0,True,,False,True,461.0,True,True,False,56.0,,0,0,False,Other,Other,Other,Other,Other
2026-09-14,QLTY,42.54999923706055,42.86000061035156,42.52999877929688,42.77999877929688,284948.0,251,12190075.092163086,16695470.013763428,15712009.307895236,-0.010867080247471,0.0402344472496472,0.1699662901749088,0.0,0.1127219184020107,0.1936844367819535,-0.0,0.0045353040798247,0.0329198251844453,0.0144698864664419,0.6681593679949105,42.35509994506836,40.22428268432617,0.0081827483999081,43.70000076293945,43.70000076293945,0.9789473233963236,0.3285003662109375,0.0076788306588244,42.15999984741211,42.15999984741211,42.15999984741211,-0.0144927290690997,GMO U.S. Quality ETF,P,True,False,False,False,False,False,False,False,False,,False,,,4698446848.0,Factor / Style,unknown,390.0,True,,False,True,420.0,True,True,False,57.0,,0,0,False,Factor / Style,Factor / Style,Factor / Style,Factor / Style,Factor / Style
2026-09-14,XLV,168.00999450683594,168.77000427246094,167.02499389648438,167.75,9233937.0,251,1548992931.75,1349588995.7999177,1530691992.0706534,0.0022704480725259,0.0954413241912901,0.129464482475454,0.0115503132461277,0.15030784742192,0.1119522356554382,2.6224386446741965e-05,0.0143455799942904,0.0144938382511013,0.0143974703841742,0.4112324727463893,166.31719940185548,155.20911946614584,0.0158023688461288,176.60000610351562,176.60000610351562,0.949886716887608,2.637001800537109,0.0157198318958993,165.11000061035156,165.11000061035156,165.11000061035156,-0.0157377012795734,State Street Health Care Select Sector SPDR ETF,P,True,False,False,False,False,False,False,False,False,,False,,,40598945792.0,Sector,unknown,77.0,True,,False,True,22.0,True,True,False,58.0,,0,0,False,Sector,Sector,Sector,Sector,Sector
2026-09-14,JIVE,98.37000274658205,98.76000213623048,97.90859985351562,98.3000030517578,329507.0,251,32390539.10557556,29758109.526461028,29376708.91800484,0.0065533418559224,0.0502137249386407,0.1764284045984181,0.0603774399723613,0.1302519560342904,0.1631836668373161,0.0003956740045243,0.0065404358930257,0.0287902339966274,0.0143278652292863,0.6024778413660685,96.18146026611328,91.92892700195311,0.0138152058248277,100.20999908447266,100.20999908447266,0.9809400653610943,0.8640201568603516,0.0087896249240747,97.6520004272461,96.7300033569336,96.7300033569336,-0.0159715121676808,JPMorgan International Value ETF,Q,True,False,False,False,False,False,False,False,False,,False,,,3125305856.0,Factor / Style,unknown,493.0,True,,False,True,353.0,True,True,False,59.0,,0,0,False,Factor / Style,Factor / Style,Factor / Style,Factor / Style,Factor / Style
2026-09-14,JAVA,82.0999984741211,82.3499984741211,81.87000274658203,82.0199966430664,273448.0,251,22428204.042053223,28013140.889396667,32177402.87250337,-0.0217080125753975,0.0442402085891799,0.1528240880641671,0.0,0.128814682955167,0.1952008689333719,-0.0,0.0056987884432856,0.0298313947840755,0.0141452006625621,0.3555634687634929,81.91720001220703,77.53014027913412,0.0074190688775763,83.8499984741211,84.05999755859375,0.9757316086750376,0.6052501678466797,0.0073793000806937,81.3949966430664,81.3949966430664,81.3949966430664,-0.0076200929722036,JPMorgan Active Value ETF,P,True,False,False,False,False,False,False,False,False,,False,,,6685886976.0,Factor / Style,unknown,324.0,True,,False,True,337.0,True,True,False,60.0,,0,0,False,Factor / Style,Factor / Style,Factor / Style,Factor / Style,Factor / Style
2026-09-14,DISV,44.220001220703125,44.28850173950195,43.89350128173828,44.09000015258789,349305.0,251,15400857.503299711,15655962.135857582,14437981.162670378,-0.0036158157607256,0.0595735552358134,0.15583115801133,0.0,0.1517761883140785,0.1502395525729485,-0.0,0.0090418471380099,0.0234120034565466,0.0140714018494978,0.7108844224692193,43.01750030517578,41.4428151957194,0.0186469787633651,45.130001068115234,45.130001068115234,0.9769554422576312,0.3912755966186523,0.0088744748302226,43.89350128173828,43.709999084472656,43.709999084472656,-0.0086187586028604,Dimensional International Small Cap Value ETF,Z,True,False,False,False,False,False,False,False,False,,False,,,4663429632.0,Factor / Style,unknown,392.0,True,,False,True,427.0,True,True,False,61.0,,0,0,False,Factor / Style,Factor / Style,Factor / Style,Factor / Style,Factor / Style
2026-09-14,FESM,46.18000030517578,46.470001220703125,46.05400085449219,46.150001525878906,701884.0,251,32391947.67098999,39888848.51113586,41289937.21574838,-0.0558510532442915,-0.0014050387916831,0.2353776654607264,0.0,0.0,0.1695392680053825,-0.0,-0.0,0.0399057571070273,0.0139670149874595,-0.0,47.457000198364256,43.91399828592936,-0.0031466084001792,48.81999969482422,48.93000030517578,0.9431841659113416,0.4963003158569335,0.0107540693271403,45.93999862670898,45.93999862670898,45.93999862670898,-0.0045504418683964,Fidelity Enhanced Small Cap Core ETF,P,True,False,False,False,False,False,False,False,False,,False,,,5784907776.0,Factor / Style,unknown,356.0,True,,False,True,303.0,True,True,False,62.0,,0,0,False,Factor / Style,Factor / Style,Factor / Style,Factor / Style,Factor / Style
2026-09-14,AMLP,56.15999984741211,56.220001220703125,55.3650016784668,55.47999954223633,1109259.0,251,61541688.81222153,63664924.59380932,68198960.76629221,0.0094614349786368,0.0844426618635407,0.1038078460811147,0.087837998931626,0.1816266453897012,0.1093754872945566,0.0008310735155451,0.0153370374020517,0.0113540337501202,0.0139429861238757,1.5712724516998704,54.17720947265625,51.88962277730306,0.0203704729634985,56.43000030517578,56.43000030517578,0.983164969735924,0.6432497024536132,0.0115942629372935,55.02000045776367,54.4900016784668,54.4900016784668,-0.017844229847476,Alerian MLP ETF,P,True,False,False,False,False,False,False,False,False,,False,,,12160584704.0,REIT / Infra,unknown,203.0,True,,False,True,227.0,True,True,False,63.0,,0,0,False,REIT / Infra,REIT / Infra,REIT / Infra,REIT / Infra,REIT / Infra
2026-09-14,SMH,539.27001953125,546.760009765625,537.72998046875,541.5,10477800.0,251,5673728700.0,3903469962.080078,5828877186.615717,-0.0787996440187012,-0.1265565829922446,0.3980327337732998,0.0,0.0,0.0970593055974738,-0.0,-0.0,0.0386327807451006,0.0135214732607852,-0.0,568.0880010986328,518.6566670735677,-0.0250094386030517,600.3699951171875,671.8300170898438,0.8060074516253496,15.516506958007811,0.0286546758227291,537.72998046875,537.72998046875,537.72998046875,-0.0069621782663896,VanEck Semiconductor ETF,Q,True,False,False,False,False,False,False,False,False,,False,,,77198270464.0,Industry / Theme,unknown,38.0,True,,False,True,4.0,True,True,False,64.0,,0,0,False,Industry / Theme,Industry / Theme,Industry / Theme,Industry / Theme,Industry / Theme
2026-09-14,SCHG,35.029998779296875,35.37990188598633,34.97980117797852,35.25,8438784.0,251,297467136.0,238485611.5288704,247299884.80251157,-0.0150880386061422,0.0558448854873911,0.1811987883496575,0.0,0.1067022351699841,0.1513099348050733,-0.0,0.0059587741043164,0.0274171768519449,0.0134692150659864,2.344235387194041,34.916200180053714,33.03467919667562,0.0109346724557251,36.11000061035156,36.11000061035156,0.9761838660809928,0.356004524230957,0.0100994191271193,34.7400016784668,34.7400016784668,34.7400016784668,-0.0144680374903036,Schwab U.S. Large-Cap Growth ETF,P,True,False,False,False,False,False,False,False,False,,False,,,59069509632.0,Factor / Style,unknown,49.0,True,,False,True,95.0,True,True,False,65.0,,0,0,False,Factor / Style,Factor / Style,Factor / Style,Factor / Style,Factor / Style
2026-09-14,JAAA,50.619998931884766,50.630001068115234,50.59999847412109,50.630001068115234,7976103.0,251,403830103.4093971,349895275.7504183,286692250.7660489,0.0047148890312214,0.012672646506326,0.0292620807915244,0.8561609941166768,0.7267130749810764,0.695434297414802,0.0040367040801203,0.0092093779107603,0.020349854596149,0.0131085447506464,1.1162529588601344,50.34934852600097,49.86953155517578,0.0019996569716578,50.630001068115234,50.630001068115234,1.0,0.0223570228288995,0.000441576582209,50.5099983215332,50.38244916129402,50.38244916129402,-0.004889431198869,Janus Henderson AAA CLO ETF,P,True,False,False,False,False,False,False,False,False,,False,,,28412567552.0,Other,unknown,98.0,True,,False,True,81.0,True,True,False,66.0,,0,0,False,Other,Other,Other,Other,Other
2026-09-14,AIQ,62.75,63.91999816894531,62.70000076293945,63.470001220703125,999517.0,251,63439345.210113525,69198453.051445,117598303.17639913,-0.0113706505021734,-0.0082812309265136,0.3127198184851003,0.0,0.0,0.119036382694286,-0.0,-0.0,0.03722503598928,0.013028762596248,-0.0,62.13420028686524,57.96653350830079,-0.0016870360001468,65.04000091552734,70.26000213623047,0.9033589423700572,0.9439006805419922,0.0148716033147657,62.70000076293945,61.959999084472656,61.959999084472656,-0.0237908004913969,Global X Artificial Intelligence & Technology ETF,Q,True,False,False,False,False,False,False,False,False,,False,,,10413852672.0,Industry / Theme,unknown,240.0,True,,False,True,158.0,True,True,False,67.0,,0,0,False,Industry / Theme,Industry / Theme,Industry / Theme,Industry / Theme,Industry / Theme
2026-09-14,DYNF,69.12999725341797,69.44000244140625,68.96499633789062,69.1500015258789,1773974.0,251,122670304.8068695,118283471.1140236,149686646.7761504,-0.015378068908323,0.0395995359232244,0.1729913383519676,0.0,0.0950422460146256,0.1731606907757735,-0.0,0.00376362883528,0.0299552996472522,0.0129307136194703,0.7930223416671273,68.67079986572266,65.00146397908529,0.0071276846903753,70.44499969482422,70.51000213623047,0.9807119476790832,0.5222003936767579,0.007551704731074,68.91100311279297,68.67500305175781,68.67500305175781,-0.0068691028725911,iShares U.S. Equity Factor Rotation Active ETF,P,True,False,False,False,False,False,False,False,False,,False,,,38004244480.0,Factor / Style,unknown,80.0,True,,False,True,136.0,True,True,False,68.0,,0,0,False,Factor / Style,Factor / Style,Factor / Style,Factor / Style,Factor / Style
2026-09-14,LRGF,77.6500015258789,78.0,77.49500274658203,77.7699966430664,54753.0,251,4258140.626197815,11439039.171049882,11714299.994775318,-0.0184274473306509,0.0342167652287828,0.1691934175363143,0.0,0.0914907781631852,0.1832879863647213,-0.0,0.0031305184770083,0.0310111208063965,0.0128887292922942,0.629801897282171,77.29789978027344,73.18211901346842,0.0081620325266522,79.31999969482422,79.44499969482422,0.9789161928605692,0.5626998901367187,0.0072354367291449,77.33000183105469,77.33000183105469,77.33000183105469,-0.0056576421628397,iShares U.S. Equity Factor ETF,P,True,False,False,False,False,False,False,False,False,,False,,,3509724672.0,Factor / Style,unknown,459.0,True,,False,True,443.0,True,True,False,69.0,,0,0,False,Factor / Style,Factor / Style,Factor / Style,Factor / Style,Factor / Style
2026-09-14,ARKK,82.58999633789062,85.19000244140625,82.48999786376953,84.72000122070312,4617977.0,251,391235017.07717896,409582559.2043839,422428489.6025328,0.0446362862477385,0.1198942433824206,0.2059786650633897,0.1084482141897999,0.0941457268146281,0.0766419450880061,0.0048407255316319,0.0112875306841279,0.0157866055370891,0.0128622068826643,1.3496875171267186,80.13859970092773,76.48600003560384,0.0142149514972347,87.83000183105469,87.83000183105469,0.9645906803425348,2.34275016784668,0.0276528580511183,82.41999816894531,79.05500030517578,79.05500030517578,-0.0668673375106488,ARK Innovation ETF,Z,True,False,False,False,False,False,False,False,False,,False,,,6534055424.0,Other,unknown,327.0,True,,False,True,68.0,True,True,False,70.0,,0,0,False,Other,Other,Other,Other,Other
2026-09-14,OEF,378.010009765625,380.0499877929688,377.114990234375,378.7799987792969,237114.0,251,89814040.6305542,74979119.5921051,89987386.4797838,-0.0098031527251895,0.0415515866172737,0.1688084228210198,0.0,0.1006657268775486,0.1705189198382683,-0.0,0.0041828206697432,0.0287850299190419,0.0127935939069978,1.831766788683729,375.0697991943359,356.58344095865885,0.0091859211392431,385.0499877929688,385.0499877929688,0.9837164284834542,3.0597503662109373,0.0080779090133366,376.0799865722656,376.0400085449219,376.0400085449219,-0.0072337247035356,iShares S&P 100 Fund,P,True,False,False,False,False,False,False,False,False,,False,,,20043581440.0,Other,unknown,136.0,True,,False,True,194.0,True,True,False,71.0,,0,0,False,Other,Other,Other,Other,Other
2026-09-14,SRLN,40.540000915527344,40.61389923095703,40.52360153198242,40.58000183105469,1322684.0,251,53674519.14190674,60059376.70424195,62330899.550406806,0.0065374096673274,0.0257234940615802,0.0526837448405126,0.3598466698610446,0.3961254456390847,0.3304012109123609,0.0023524650983051,0.0101897305485378,0.0174067730907032,0.0127156954382957,1.382895908805907,40.15864311218262,39.50706886291504,0.0048880084254849,40.61389923095703,40.61389923095703,0.9991653744027488,0.0892708935790118,0.0021998740648329,40.33000183105469,40.24687340298978,40.24687340298978,-0.0082091772556297,State Street Blackstone Senior Loan ETF,P,True,False,False,False,False,False,False,False,False,,False,,,5200829440.0,Bond,unknown,369.0,True,,False,True,248.0,True,True,False,72.0,,0,0,False,Bond,Bond,Bond,Bond,Bond
2026-09-14,RECS,45.02999877929688,45.27999877929688,44.95100021362305,45.119998931884766,596631.0,251,26919990.08272934,21013745.092133906,19017390.79053649,-0.0120429003527864,0.04275475975386,0.1492613566195058,0.0,0.1225976754862286,0.1770073556218955,-0.0,0.0052416341617953,0.0264203580317554,0.0126541875162814,0.8417964711178892,44.77499984741211,42.64344657897949,0.0100292348429802,45.91999816894531,45.91999816894531,0.9825784131323948,0.3473993301391601,0.0076994534211671,44.790000915527344,44.790000915527344,44.790000915527344,-0.0073137859966619,Columbia Research Enhanced Core ETF,P,True,False,False,False,False,False,False,False,False,,False,,,5762415616.0,Other,unknown,357.0,True,,False,True,402.0,True,True,False,73.0,,0,0,False,Other,Other,Other,Other,Other
2026-09-14,IOO,143.07000732421875,143.77999877929688,142.60009765625,143.2100067138672,76413.0,251,10943106.243026732,43045891.14070358,39745512.18035089,-0.0130254949010828,0.0411563218051629,0.1763416162038003,0.0,0.0948543921162961,0.1632873264907425,-0.0,0.0039038578865713,0.0287943510589751,0.0126155304969127,1.755398787461713,142.09180084228515,134.96786153157552,0.0113424951418434,146.02999877929688,146.67999267578125,0.9763431542461004,1.2339935302734375,0.0086166711292664,142.02999877929688,142.02999877929688,142.02999877929688,-0.0082397030881226,iShares Global 100 ETF,P,True,False,False,False,False,False,False,False,False,,False,,,8474621952.0,Global Equity,unknown,273.0,True,,False,True,306.0,True,True,False,74.0,,0,0,False,Global Equity,Global Equity,Global Equity,Global Equity,Global Equity
2026-09-14,VTV,223.41000366210935,223.80889892578125,222.4900054931641,222.88999938964844,2369958.0,251,528239937.1734924,523481204.8797623,616831275.5681603,-0.0203067787294447,0.0317802132228572,0.1417212750857426,0.0,0.111725011329563,0.2062738125967478,-0.0,0.0035506446823796,0.0292333877380086,0.0125396047518497,0.2097677771578486,222.8658004760742,210.9924688720703,0.0062008622911799,228.57000732421875,228.57000732421875,0.9751498107688582,1.5454994201660155,0.0069339110072149,222.13999938964844,222.13999938964844,222.13999938964844,-0.0033648885192416,Vanguard Morningstar Value ETF,P,True,False,False,False,False,False,False,False,False,,False,,,254461837312.0,Factor / Style,unknown,10.0,True,,False,True,46.0,True,True,False,75.0,,0,0,False,Factor / Style,Factor / Style,Factor / Style,Factor / Style,Factor / Style
2026-09-14,SGOV,100.5199966430664,100.52999877929688,100.5199966430664,100.52999877929688,20780283.0,251,2089041824.623444,2216079802.270372,2037589369.6599133,0.0027590457012272,0.0092931300234699,0.0181679207284879,1.0,1.0,1.0,0.0027590457012272,0.0092931300234699,0.0181679207284879,0.0123993067702262,1.010730035165318,100.17650665283205,99.45644841512043,0.0014454264069221,100.52999877929688,100.52999877929688,1.0,0.0178177011697371,0.0001772376542931,100.38300323486328,100.2533950805664,100.2533950805664,-0.0027514543130326,iShares 0-3 Month Treasury Bond ETF,N,True,False,False,False,False,False,False,False,False,,False,,,95892447232.0,Bond,unknown,30.0,True,,False,True,14.0,True,True,False,76.0,,0,0,False,Bond,Bond,Bond,Bond,Bond
2026-09-14,ESGV,134.22000122070312,135.39999389648438,134.22000122070312,134.8800048828125,165563.0,251,22331138.24841309,23764354.06482544,24732201.56602357,-0.0188404474786646,0.0318189554081718,0.1834536780664477,0.0,0.0717292272326343,0.1696370651055413,-0.0,0.0022823490827778,0.031120543530009,0.0123757171393087,0.7900608903383451,134.35260162353515,127.04589986165364,0.0068616693931804,137.69000244140625,138.1199951171875,0.9765422071465754,1.0944999694824218,0.0081146198833055,133.9199981689453,133.9199981689453,133.9199981689453,-0.007117487241354,Vanguard ESG U.S. Stock ETF,Z,True,False,False,False,False,False,False,False,False,,False,,,13178104832.0,Other,unknown,195.0,True,,False,True,374.0,True,True,False,77.0,,0,0,False,Other,Other,Other,Other,Other
2026-09-14,XSD,482.0299987792969,486.0899963378906,473.9299926757813,474.6199951171875,144709.0,251,68681784.87341309,42631422.10179444,54642230.9964774,-0.1280015905541002,-0.2161884508517007,0.4510046386886166,0.0,0.0,0.0780900116199273,-0.0,-0.0,0.0352189574758352,0.0123266351165423,,510.525,476.2576216634114,-0.0430459034298427,558.6400146484375,657.8990200629934,0.7214176957912827,16.411505126953124,0.0345782000248451,466.3399963378906,466.3399963378906,466.3399963378906,-0.0174455329831868,State Street SPDR S&P Semiconductor ETF,P,True,False,False,False,False,False,False,False,False,,False,,,3476073728.0,Industry / Theme,unknown,464.0,True,,False,True,266.0,True,True,False,78.0,,0,0,False,Industry / Theme,Industry / Theme,Industry / Theme,Industry / Theme,Industry / Theme
2026-09-14,IVLU,44.36000061035156,44.59000015258789,44.18619918823242,44.380001068115234,1004765.0,251,44591471.7732048,31977118.895991325,33664679.99538331,0.0006764959419705,0.0499420381541915,0.1603628398269641,0.0063699838907845,0.1218049064803434,0.1474613207509964,4.309268252533204e-06,0.006083185286809,0.0236473161602646,0.0122306310925184,0.7373753788149372,43.58719985961914,41.796519393920896,0.0120036566719317,45.09000015258789,45.09000015258789,0.9842537351503666,0.360939598083496,0.0081329335150199,43.9900016784668,43.8650016784668,43.8650016784668,-0.0116043122409574,iShares MSCI Intl Value Factor ETF,P,True,False,False,False,False,False,False,False,False,,False,,,4248612352.0,Country / Region,unknown,410.0,True,,False,True,333.0,True,True,False,79.0,,0,0,False,Country / Region,Country / Region,Country / Region,Country / Region,Country / Region
2026-09-14,VBIL,75.58499908447266,75.5999984741211,75.58000183105469,75.5999984741211,2623274.0,251,198319510.39720157,213701738.3985451,192787310.3961741,0.0028082354396095,0.0094496053139461,0.0183740227264248,1.0,0.9726125068154176,0.9583395870408884,0.0028082354396095,0.0091908043128134,0.0176085533519218,0.0121370164765013,1.026175853335625,75.32780029296875,74.78439153035482,0.0014301004181274,75.5999984741211,75.5999984741211,1.0,0.0155771510861896,0.0002060469761983,75.47802615486678,75.38829684536972,75.38829684536972,-0.0028002861511146,Vanguard 0-3 Month Treasury Bill ETF,Q,True,False,False,False,False,False,False,False,False,,False,,,9348372480.0,Bond,unknown,257.0,True,,False,True,117.0,True,True,False,80.0,,0,0,False,Bond,Bond,Bond,Bond,Bond
2026-09-14,GDX,93.93000030517578,95.08000183105467,92.8499984741211,94.13999938964844,23593558.0,251,2221097535.719635,2426199867.835939,1983465073.7450423,0.0463487619469515,0.1763088944842232,0.009435955750167,0.078309824768926,0.1045262614724917,0.0030823021959161,0.0036295634263224,0.0184289096047838,2.9084467129307893e-05,0.0119889708066047,0.8464587435951237,86.48419982910156,90.08213302612305,0.0493108467509546,105.66999816894533,105.66999816894533,0.8908867324776263,3.7445003509521486,0.0397758697177545,92.8499984741211,88.77999877929688,88.77999877929688,-0.0569364844391633,VanEck Gold Miners ETF,P,True,False,False,False,False,False,False,False,False,,False,,,22753128448.0,Commodity,unknown,120.0,True,,False,True,16.0,True,True,False,81.0,,0,0,False,Commodity,Commodity,Commodity,Commodity,Commodity
2026-09-14,BKLN,20.59000015258789,20.63999938964844,20.57999992370605,20.61000061035156,10078642.0,251,207720817.7715149,155529528.44189566,152226425.99804264,0.007471017988436,0.0248615988942517,0.0395346519375199,0.4597984759456481,0.492093707819185,0.2915860741871808,0.0034351626848454,0.0122342363821857,0.011527753952818,0.011986967531907,1.7384892366154954,20.392985610961915,20.14908437093099,0.0046139620459546,20.63999938964844,20.63999938964844,0.9985465707275204,0.0311060828736634,0.0015092713222939,20.530000686645508,20.427330017089844,20.427330017089844,-0.0088632017395463,Invesco Senior Loan ETF,P,True,False,False,False,False,False,False,False,False,,False,,,7145859584.0,Bond,unknown,306.0,True,,False,True,131.0,True,True,False,82.0,,0,0,False,Bond,Bond,Bond,Bond,Bond
2026-09-14,DCOR,83.58999633789062,83.83499908447266,83.34809875488281,83.56999969482422,78977.0,251,6600107.865898132,9173116.157645795,10820198.221515352,-0.0247403744448678,0.0282026955750631,0.1577214958688011,0.0,0.0856257591466664,0.1886314185850112,-0.0,0.0024148772185971,0.0297512295070819,0.0119826005195668,0.4122834003664563,83.63796020507813,79.42373082478841,0.0063560504219268,85.62999725341797,85.87999725341797,0.9731020303624682,0.5738456726074219,0.0068666468194681,83.13500213623047,83.13500213623047,83.13500213623047,-0.0052051879883001,Dimensional US Core Equity 1 ETF,P,True,False,False,False,False,False,False,False,False,,False,,,3237994240.0,Other,unknown,478.0,True,,False,True,449.0,True,True,False,83.0,,0,0,False,Other,Other,Other,Other,Other
2026-09-14,MAGS,69.68000030517578,70.50499725341797,69.41999816894531,70.0999984741211,3163234.0,251,221742698.573288,197225330.44814983,278259865.27749294,0.0269557029051719,0.0799567789123594,0.1695028375073213,0.1622570067238175,0.1044474974996031,0.1048936380621798,0.0043737516675297,0.0083512854655249,0.0177797692880054,0.0116512548033931,5.098681286486085,67.42459991455078,65.22300010681153,0.0170297903957465,70.80000305175781,71.16000366210938,0.9851039188668184,0.9547500610351562,0.0136198299831293,67.37000274658203,66.55000305175781,66.55000305175781,-0.0506418758864001,Roundhill Magnificent Seven ETF,Z,True,False,False,False,False,False,False,False,False,,False,,,3602203392.0,Other,unknown,455.0,True,,False,True,84.0,True,True,False,84.0,,0,0,False,Other,Other,Other,Other,Other
2026-09-14,BIL,91.5,91.51000213623048,91.48999786376952,91.5,12186267.0,251,1115043430.5,820417673.7034973,867047086.3772675,0.0027353664250577,0.0089004336229481,0.017792266668613,1.0,0.9759611836764814,0.9528774395287744,0.0027353664250577,0.0086864777338864,0.0169538495066011,0.0115800578543365,0.9996325867669248,91.19057388305664,90.5460287475586,0.0014090603835879,91.51000213623048,91.51000213623048,0.9998906989837508,0.0169746337576725,0.0001855151230346,91.3800048828125,91.2603683836935,91.2603683836935,-0.0026189247683769,State Street SPDR Bloomberg 1-3 Month T-Bill ETF,P,True,False,False,False,False,False,False,False,False,,False,,,47077847040.0,Bond,unknown,64.0,True,,False,True,36.0,True,True,False,85.0,,0,0,False,Bond,Bond,Bond,Bond,Bond
2026-09-14,MGC,279.44000244140625,280.9599914550781,278.8999938964844,280.010009765625,69326.0,251,19411973.93701172,19431020.580700684,23352635.23960077,-0.014292242946859,0.033778818738464,0.1655034223460663,0.0,0.0819027949657288,0.1688533567367068,-0.0,0.0027665796653209,0.0279458084145461,0.0115793097275497,1.2105733092140905,278.03119995117186,264.3577861531576,0.0074657546898437,284.4599914550781,285.54998779296875,0.9805989204546548,2.032502746582032,0.0072586788889557,278.2799987792969,278.2799987792969,278.2799987792969,-0.006178389793194,Vanguard Morningstar Mega Cap ETF,P,True,False,False,False,False,False,False,False,False,,False,,,10574559232.0,Other,unknown,237.0,True,,False,True,382.0,True,True,False,86.0,,0,0,False,Other,Other,Other,Other,Other
2026-09-14,THRO,43.52999877929688,43.80500030517578,43.47999954223633,43.630001068115234,702584.0,251,30653740.670440678,22135835.910951994,28015181.26665218,-0.0171209356157466,0.0231697110054942,0.1816607657721463,0.0,0.0543814734412666,0.1690812541097093,-0.0,0.0012600030236871,0.0307154300992846,0.0115694025001462,0.6360912436358003,43.351599884033206,41.096262741088864,0.0055529531128912,44.5099983215332,44.58000183105469,0.9786899792750192,0.3331003189086914,0.0076346621763463,43.41999816894531,43.31499862670898,43.31499862670898,-0.0072198586682239,iShares U.S. Thematic Rotation Active ETF,P,True,False,False,False,False,False,False,False,False,,False,,,6481671680.0,Other,unknown,331.0,True,,False,True,363.0,True,True,False,87.0,,0,0,False,Other,Other,Other,Other,Other
2026-09-14,MGV,165.63999938964844,165.99000549316406,165.3000030517578,165.50999450683594,210790.0,251,34887851.74209595,48773844.183403015,43588793.42372107,-0.0197228257716289,0.0253326630665349,0.1421471521511481,0.0,0.0868892381146606,0.2034167850287821,-0.0,0.0022011357932666,0.0289151166915836,0.0115510291076775,0.1511671813996213,165.63579956054687,156.68356974283853,0.0044806610502761,169.83999633789062,169.83999633789062,0.9745054055321556,1.092999267578125,0.0066038263781887,164.9199981689453,164.9199981689453,164.9199981689453,-0.0035647172827756,Vanguard Morningstar Mega Cap Value ETF,P,True,False,False,False,False,False,False,False,False,,False,,,13311754240.0,Factor / Style,unknown,194.0,True,,False,True,295.0,True,True,False,88.0,,0,0,False,Factor / Style,Factor / Style,Factor / Style,Factor / Style,Factor / Style
2026-09-14,USFR,50.459999084472656,50.459999084472656,50.45000076293945,50.45000076293945,6044541.0,251,304947098.0616188,280813014.0047579,263691391.84776577,0.0031784240365986,0.0099874870030169,0.0192313650223889,0.8000840143588177,0.8621644428036496,0.8727550617128508,0.0025430062625363,0.0086108561669648,0.0167842711669374,0.0114715514169552,0.9768596160024948,50.25457229614258,49.87067072550456,0.001561794894316,50.459999084472656,50.459999084472656,0.9998018564860364,0.0179823248758065,0.0003564385451707,50.36000061035156,50.29015965055797,50.29015965055797,-0.0031683074323936,WisdomTree Floating Rate Treasury Fund,P,True,False,False,False,False,False,False,False,False,,False,,,17754787840.0,Bond,unknown,144.0,True,,False,True,87.0,True,True,False,89.0,,0,0,False,Bond,Bond,Bond,Bond,Bond
2026-09-14,FMDE,41.220001220703125,41.390098571777344,41.125,41.2400016784668,668183.0,251,27555868.04152298,30598645.6891016,35676908.65748433,-0.0400371844194831,0.0300911518729087,0.159051031048421,0.0,0.0818357439100707,0.1744241511719793,-0.0,0.0024625317986304,0.0277423410836489,0.0113104650483869,0.1754666675614723,41.505599899292,39.19719983418783,0.0064842804957745,42.88999938964844,42.970001220703125,0.9597393648338364,0.3624505996704101,0.0087888114674753,41.0099983215332,41.0099983215332,41.0099983215332,-0.0055771907752779,Fidelity Enhanced Mid Cap Core ETF,P,True,False,False,False,False,False,False,False,False,,False,,,7389860352.0,Factor / Style,unknown,298.0,True,,False,True,322.0,True,True,False,90.0,,0,0,False,Factor / Style,Factor / Style,Factor / Style,Factor / Style,Factor / Style
2026-09-14,ESGU,166.08999633789062,167.02000427246094,165.77000427246094,166.3699951171875,266912.0,251,44406148.13671875,66802511.45667114,65477702.025274366,-0.0216982388238295,0.0282638005011162,0.1628524120719581,0.0,0.0734111791261577,0.1741259968533115,-0.0,0.0020748789213734,0.0283568385919959,0.0112735648060913,0.6525624714430482,166.37119873046876,157.83419545491537,0.006447459508535,170.0399932861328,170.85000610351562,0.9737781046164332,1.2127479553222655,0.0072894631899702,165.6300048828125,165.6300048828125,165.6300048828125,-0.004447858725089,iShares ESG Aware MSCI USA ETF,Q,True,False,False,False,False,False,False,False,False,,False,,,17746929664.0,Country / Region,unknown,145.0,True,,False,True,238.0,True,True,False,91.0,,0,0,False,Country / Region,Country / Region,Country / Region,Country / Region,Country / Region
2026-09-14,DFSV,39.66999816894531,39.834999084472656,39.47999954223633,39.540000915527344,1299412.0,251,51378751.66964722,38617899.69070206,33783966.55157107,-0.0323054252351089,0.0176999248495468,0.1692824009313491,0.0,0.0484639671028294,0.1808274556322539,-0.0,0.0008578085756309,0.0306109058437349,0.0112713926194673,0.0696745787973261,39.78720001220703,37.66232813517252,0.0068170204042667,40.80799865722656,40.95000076293945,0.9655677699354724,0.415300178527832,0.0105032920817344,39.290000915527344,39.290000915527344,39.290000915527344,-0.0063227110321544,Dimensional US Small Cap Value ETF,P,True,False,False,False,False,False,False,False,False,,False,,,7919026176.0,Factor / Style,unknown,288.0,True,,False,True,331.0,True,True,False,92.0,,0,0,False,Factor / Style,Factor / Style,Factor / Style,Factor / Style,Factor / Style
2026-09-14,VV,350.1600036621094,351.9949951171875,349.4800109863281,350.8500061035156,216477.0,251,75950956.77127075,73076420.88314971,79562900.80114989,-0.0192049510615676,0.0306159642453227,0.158792412558274,0.0,0.0801106313686515,0.1722988746229157,-0.0,0.0024526642256528,0.0273597539824483,0.0111701456405312,0.8200419940007146,349.52,332.436259358724,0.0067913096488663,358.0,359.2200012207031,0.9766995292891696,2.55150146484375,0.0072723426548578,348.92999267578125,348.92999267578125,348.92999267578125,-0.0054724622896767,Vanguard Morningstar Large-Cap ETF,P,True,False,False,False,False,False,False,False,False,,False,,,73819176960.0,Other,unknown,40.0,True,,False,True,210.0,True,True,False,93.0,,0,0,False,Other,Other,Other,Other,Other
2026-09-14,GSUS,105.18000030517578,105.54989624023438,104.86000061035156,105.26000213623048,48808.0,251,5137530.184265137,13040073.28903656,10242825.15141466,-0.0191034896002484,0.0310295940961118,0.1589438542237791,0.0,0.0809592033623748,0.1712610009958076,-0.0,0.002512131218679,0.0272208835764961,0.011160194543915,0.833260849777348,104.8585401916504,99.71618072509766,0.0068522429393804,107.25,107.66999816894533,0.9776168285158386,0.7359001159667968,0.0069912606976235,104.70500183105467,104.70500183105467,104.70500183105467,-0.0052726609719947,Goldman Sachs MarketBeta U.S. Equity ETF,Z,True,False,False,False,False,False,False,False,False,,False,,,3177762560.0,US Equity,unknown,488.0,True,,False,True,453.0,True,True,False,94.0,,0,0,False,US Equity,US Equity,US Equity,US Equity,US Equity
2026-09-14,TFLO,50.56999969482422,50.58000183105469,50.56999969482422,50.56999969482422,1655564.0,251,83721870.97476196,72640493.73705062,73814121.0359003,0.0030302106302442,0.0096973159961346,0.0190074874626682,1.0,0.8303106189553864,0.8880632660903668,0.0030302106302442,0.0080517844469565,0.0168798513962688,0.0111416078792158,1.0041892139452675,50.38019775390625,50.00041508992513,0.0015106971234917,50.58000183105469,50.58000183105469,0.9998022511690712,0.0156240603913083,0.0003089590762427,50.48699951171875,50.41722654280167,50.41722654280167,-0.0030210233922185,iShares Treasury Floating Rate Bond ETF,P,True,False,False,False,False,False,False,False,False,,False,,,6588089856.0,Bond,unknown,326.0,True,,False,True,217.0,True,True,False,95.0,,0,0,False,Bond,Bond,Bond,Bond,Bond
2026-09-14,IWN,219.02999877929688,220.58999633789065,218.6300048828125,219.4499969482422,339179.0,251,74432830.51490784,87828821.36018753,119344121.89491516,-0.0350877016423913,0.0087568033985201,0.1831667846936935,0.0,0.0238736661105846,0.1706608070593683,-0.0,0.0002090570005323,0.0312593913022953,0.0110766740061493,0.0241001122339731,222.8147994995117,209.69889444986975,0.0014751439792892,226.9600067138672,227.8600006103516,0.9630913559221358,2.0624984741210937,0.0093984894181043,218.32000732421875,218.32000732421875,218.32000732421875,-0.0051491895180565,iShares Russell 2000 Value ETF,P,True,False,False,False,False,False,False,False,False,,False,,,14527014912.0,Factor / Style,unknown,175.0,True,,False,True,157.0,True,True,False,96.0,,0,0,False,Factor / Style,Factor / Style,Factor / Style,Factor / Style,Factor / Style
2026-09-14,AVUV,124.16999816894533,124.7300033569336,123.68460083007812,124.0199966430664,1074446.0,251,133252789.31315611,153354940.7161537,155456241.5697799,-0.0334355777879996,0.0003684407001247,0.174930681069604,0.0,0.0010372985675161,0.1808167246932768,-0.0,3.821830104540613e-07,0.03163039279937,0.0110708858987362,5.5965286660452574e-05,125.26479751586912,118.85718500773112,0.0025295812432557,128.15066256139954,128.62908532773028,0.9641676011850624,1.285473509611616,0.0103650503499951,123.12999725341795,123.12999725341795,123.12999725341795,-0.0071762571660913,Avantis U.S. Small Cap Value ETF,P,True,False,False,False,False,False,False,False,False,,False,,,29055420416.0,Factor / Style,unknown,95.0,True,,False,True,129.0,True,True,False,97.0,,0,0,False,Factor / Style,Factor / Style,Factor / Style,Factor / Style,Factor / Style
2026-09-14,AVUS,128.67999267578125,129.3350067138672,128.58999633789062,128.83999633789062,290367.0,251,37410883.21664429,37026111.23968963,37728167.2199276,-0.0252195971121595,0.0187704966640973,0.1625689408311879,0.0,0.0526766485080652,0.1831699134744786,-0.0,0.0009887668550964,0.0297777388256863,0.0110649070448029,0.2475069614706523,129.05318618774413,122.63262400309245,0.0047012622381412,132.3529522324225,132.51259007111668,0.9722849449153846,0.906951284614624,0.0070393613038926,128.38999938964844,128.38999938964844,128.38999938964844,-0.0034926805420115,Avantis U.S. Equity ETF,P,True,False,False,False,False,False,False,False,False,,False,,,13827512320.0,US Equity,unknown,182.0,True,,False,True,311.0,True,True,False,98.0,,0,0,False,US Equity,US Equity,US Equity,US Equity,US Equity
2026-09-14,DFAC,44.869998931884766,45.119998931884766,44.83000183105469,44.95000076293945,1880280.0,251,84518587.4345398,80481906.0280304,93295538.88912746,-0.0274772917399839,0.0238611263193317,0.1559258625981876,0.0,0.0713223457741149,0.1823876349699939,-0.0,0.0017018315019072,0.0284389493099396,0.0110598227347185,0.2920363112383999,45.07860015869141,42.83049443562825,0.0056288516949707,46.249000549316406,46.345001220703125,0.9698996564673624,0.324150276184082,0.0072113519617854,44.75,44.75,44.75,-0.0044494051066702,Dimensional U.S. Core Equity 2 ETF,P,True,False,False,False,False,False,False,False,False,,False,,,47398703104.0,Other,unknown,62.0,True,,False,True,188.0,True,True,False,99.0,,0,0,False,Other,Other,Other,Other,Other
2026-09-14,EWJ,97.37000274658205,98.06999969482422,97.08999633789062,97.58000183105467,4220411.0,251,411827713.10780334,366085654.715258,412629014.9922527,-0.0064147974675785,0.0582481343317542,0.1769455342253576,0.0,0.0905566343641529,0.1212577080062873,-0.0,0.0052747550030747,0.0214560099221149,0.0109381942247388,1.116422783091768,94.66540008544922,91.06903706868488,0.007108721530884,98.76000213623048,98.79000091552734,0.987751806121479,1.1944992065429687,0.0122412295975467,94.98999786376952,94.0500030517578,94.0500030517578,-0.0361754325994843,iShares MSCI Japan Index Fund,P,True,False,False,False,False,False,False,False,False,,False,,,22312462336.0,Country / Region,unknown,123.0,True,,False,True,70.0,True,True,False,100.0,,0,0,False,Country / Region,Country / Region,Country / Region,Country / Region,Country / Region
2026-09-14,GBIL,99.97000122070312,99.97000122070312,99.95999908447266,99.95999908447266,935330.0,251,93495585.9436798,69113054.27017593,61247684.93800209,0.0021520869835987,0.0086459611033369,0.0171919354783611,0.8429504464018216,0.9346226823341434,0.9445328328605856,0.00181410268352,0.0080807113577574,0.0162383475197328,0.0109358840144488,0.9294637747772476,99.64973907470704,98.96132583618164,0.0014412766290852,99.97000122070312,99.97000122070312,0.9998999486235036,0.0212173938504918,0.0002122588439858,99.8550033569336,99.74533835687885,99.74533835687885,-0.0021474662821115,Goldman Sachs Access Treasury 0-1 Year ETF,P,True,False,False,False,False,False,False,False,False,,False,,,7703504896.0,Bond,unknown,293.0,True,,False,True,252.0,True,True,False,101.0,,0,0,False,Bond,Bond,Bond,Bond,Bond
2026-09-14,OMFL,69.51000213623047,69.96499633789062,69.54499816894531,69.79000091552734,127487.0,251,8897317.846717834,7747912.150499344,8134562.343246823,-0.0207660417742288,0.0273352141857043,0.1482356990443707,0.0,0.0825831511316859,0.1821030364692737,-0.0,0.002257428124315,0.0269941709091253,0.0109152880989986,0.4842940505759276,69.8870002746582,66.3876734161377,0.0060222899228041,71.41000366210938,71.51000213623047,0.9759474035894108,0.4788009643554687,0.0068605954731968,68.98999786376953,68.98999786376953,68.98999786376953,-0.0114630038868479,Invesco Russell 1000 Dynamic Multifactor ETF,Z,True,False,False,False,False,False,False,False,False,,False,,,4719748608.0,Factor / Style,unknown,388.0,True,,False,True,459.0,True,True,False,102.0,,0,0,False,Factor / Style,Factor / Style,Factor / Style,Factor / Style,Factor / Style
2026-09-14,TBIL,49.91320037841797,49.91999816894531,49.90999984741211,49.91999816894531,1800456.0,251,89878760.2232666,88223236.69000015,87790376.16644166,0.0024870223245205,0.008873009185395,0.0178250051275365,0.7561430068708513,0.9053387557324564,0.9109761381388304,0.0018805445386179,0.0080330790955081,0.0162381543333881,0.0109048554287661,0.9407491937017882,49.758111572265626,49.40083188374837,0.0014400700072214,49.91999816894531,49.91999816894531,1.0,0.0124843175606248,0.0002500864987689,49.86000061035156,49.7961540222168,49.7961540222168,-0.0024808523892446,F/m US Treasury 3 Month Bill Fund,Q,True,False,False,False,False,False,False,False,False,,False,,,7079277056.0,Bond,unknown,308.0,True,,False,True,198.0,True,True,False,103.0,,0,0,False,Bond,Bond,Bond,Bond,Bond
2026-09-14,BBUS,137.1300048828125,137.7899932861328,136.80999755859375,137.3300018310547,244424.0,251,33566748.36755371,23699302.58027344,24786206.299243744,-0.0198415442665517,0.0303142804286444,0.1565955165896797,0.0,0.0795071214814819,0.1702443658354603,-0.0,0.0024102011766639,0.0266595044144863,0.0108974573099017,0.8261082994649861,136.86879974365235,130.2792244466146,0.0067497865179477,140.1300048828125,140.6999969482422,0.97604836396388,0.9857513427734376,0.0071779751666072,136.5500030517578,136.5500030517578,136.5500030517578,-0.005679740543923,JPMorgan BetaBuilders U.S. Equity ETF,Z,True,False,False,False,False,False,False,False,False,,False,,,8542320128.0,US Equity,unknown,272.0,True,,False,True,373.0,True,True,False,104.0,,0,0,False,US Equity,US Equity,US Equity,US Equity,US Equity
2026-09-14,IQMM,100.12000274658205,100.13999938964844,100.12000274658205,100.13999938964844,38955.0,143,3900953.676223755,177430275.43039322,177318766.00518,0.0028913387362141,0.0090929107677888,0.0178806805346483,0.929274821345252,0.8989571932384774,0.8915056586410756,0.002686848287544,0.0081741375421793,0.0159407278769923,0.0108924441593639,1.032318982591532,99.784130859375,,0.0014015603775787,100.13999938964844,100.13999938964844,1.0,0.0236266557385469,0.0002359362480782,99.99404907226562,99.86127002972484,99.86127002972484,-0.0027833968606195,ProShares GENIUS Money Market ETF,P,True,False,False,False,False,False,False,False,False,,False,,,20518305792.0,Other,unknown,132.0,True,,False,True,120.0,False,False,False,105.0,,0,0,False,Other,Other,Other,Other,Other
2026-09-14,BKLC,48.52999877929688,48.80500030517578,48.459999084472656,48.63999938964844,341565.0,251,16613721.391525269,20903067.711250305,19886184.774638586,-0.0205396790353962,0.0292705615834836,0.1586525530061922,0.0,0.0761154315711342,0.1693276518751682,-0.0,0.0022279414272563,0.0268642642645391,0.0108506544203053,0.7611296197549233,48.48866668701172,46.12466672261556,0.0066243671361629,49.67499923706055,49.84000015258789,0.9759229382169826,0.3614496231079102,0.0074311189893812,48.400001525878906,48.400001525878906,48.400001525878906,-0.0049341666690194,BNY Mellon US Large Cap Core Equity ETF,P,True,False,False,False,False,False,False,False,False,,False,,,5445539328.0,Factor / Style,unknown,363.0,True,,False,True,398.0,True,True,False,106.0,,0,0,False,Factor / Style,Factor / Style,Factor / Style,Factor / Style,Factor / Style
2026-09-14,PBUS,75.98999786376953,76.58000183105469,76.03500366210938,76.30999755859375,279100.0,251,21298120.31860352,13713190.019874573,23679121.74486433,-0.0205365938686737,0.0296611809623577,0.1571010350867978,0.0,0.0775092700794332,0.169551311383939,-0.0,0.0022990164860863,0.0266366865187407,0.0108172009975153,0.7708790147280306,76.12320022583008,72.41994311014811,0.0066716256767223,77.87999725341797,78.22000122070312,0.9755816462247276,0.5445503234863281,0.0071360285795868,75.9000015258789,75.9000015258789,75.9000015258789,-0.0053727695692826,Invesco MSCI USA ETF,Z,True,False,False,False,False,False,False,False,False,,False,,,11176468480.0,Country / Region,unknown,221.0,True,,False,True,378.0,True,True,False,107.0,,0,0,False,Country / Region,Country / Region,Country / Region,Country / Region,Country / Region
2026-09-11,USCA,45.369998931884766,45.369998931884766,45.35900115966797,45.35900115966797,2100.0,250,95253.90243530272,25703.09991836548,5129118.145128281,-0.0155825793751684,0.0462401104859204,0.1400112691569195,0.0,0.1129530560528912,0.1512201516829191,-0.0,0.005222961791608,0.0211725253592273,0.0108053090402748,1.5966097186561703,44.92552017211914,42.87616366068522,0.0092148026238676,46.05500030517578,46.709999084472656,0.9710769010643422,0.2677995681762695,0.0059040005584247,44.9379997253418,44.9379997253418,44.9379997253418,-0.0092815411178083,Xtrackers MSCI USA Climate Action Equity ETF,P,True,False,False,False,False,False,False,False,False,,False,,,3158330624.0,Country / Region,unknown,491.0,True,,False,True,465.0,False,False,False,108.0,,0,0,False,Country / Region,Country / Region,Country / Region,Country / Region,Country / Region
2026-09-14,QTUM,143.0,144.08999633789062,142.22000122070312,142.8000030517578,296118.0,251,42285651.30368042,41327650.35624542,65583081.76469058,-0.1000755631270402,-0.1132272634541601,0.3104740846955893,0.0,0.0,0.0994314578891014,-0.0,-0.0,0.0308708908780667,0.0108048118073233,-0.0,148.1146011352539,137.82945688883464,-0.0202380777306402,159.5500030517578,169.71898395889733,0.8413908669541719,2.8780006408691405,0.0201540656818194,142.22000122070312,142.22000122070312,142.22000122070312,-0.004061637385571,Defiance Quantum ETF,Q,True,False,False,False,False,False,False,False,False,,False,,,6260666368.0,Industry / Theme,unknown,340.0,True,,False,True,237.0,True,True,False,109.0,,0,0,False,Industry / Theme,Industry / Theme,Industry / Theme,Industry / Theme,Industry / Theme
2026-09-14,SUSA,155.0,155.7248992919922,154.93499755859375,155.33999633789062,28545.0,251,4434180.195465088,5641760.842506409,6146686.598348466,-0.0276056567268192,0.0235628251179418,0.164373097166911,0.0,0.0609653691230472,0.1710374278447436,-0.0,0.0014365163308971,0.0281139517463025,0.010773618726289,0.3419575207290489,156.1179998779297,147.7733598836263,0.0054549795093874,159.92999267578125,160.35000610351562,0.9687557868729314,1.14375,0.0073628815949766,154.75999450683594,154.75999450683594,154.75999450683594,-0.0037337572082407,iShares ESG Optimized MSCI USA ETF,P,True,False,False,False,False,False,False,False,False,,False,,,4045895936.0,Country / Region,unknown,421.0,True,,False,True,463.0,True,True,False,110.0,,0,0,False,Country / Region,Country / Region,Country / Region,Country / Region,Country / Region
2026-09-14,DSI,144.24000549316406,145.410400390625,144.24000549316406,144.92999267578125,97604.0,251,14145747.005126951,16348242.7780365,15918017.682763478,-0.0232511935132769,0.028470411367288,0.1753638837898312,0.0,0.0596738715004325,0.1575384252805328,-0.0,0.0016989396694959,0.0276265501033283,0.0107736033213373,0.5726126217426712,144.0671990966797,136.60305348714192,0.0076235910297881,148.92999267578125,148.92999267578125,0.973141743122838,1.2670005798339845,0.0087421558260087,144.11000061035156,144.11000061035156,144.11000061035156,-0.0056578493539571,iShares ESG MSCI KLD 400 ETF,P,True,False,False,False,False,False,False,False,False,,False,,,5360755200.0,Other,unknown,365.0,True,,False,True,419.0,True,True,False,111.0,,0,0,False,Other,Other,Other,Other,Other
2026-09-14,MOAT,108.98500061035156,110.22000122070312,108.98500061035156,109.91999816894533,366361.0,251,40270400.44917297,56632422.67596207,67677890.48530628,-0.0327349633991812,0.0684292486729576,0.1159390677050284,0.0,0.1359073255575385,0.115939031784435,-0.0,0.0093000361770534,0.013441863255711,0.0107496756545835,0.4365934614046277,109.8797996520996,104.3136664835612,0.0147109332000932,115.58000183105467,115.58000183105467,0.951029558985622,1.2694999694824218,0.0115493085028187,108.16000366210938,108.16000366210938,108.16000366210938,-0.0160115951251277,VanEck Morningstar Wide Moat ETF,Z,True,False,False,False,False,False,False,False,False,,False,,,11624555520.0,Other,unknown,209.0,True,,False,True,232.0,True,True,False,112.0,,0,0,False,Other,Other,Other,Other,Other
2026-09-14,GSLC,144.89999389648438,145.71009826660156,144.72000122070312,145.19000244140625,163838.0,251,23787639.61999512,28138128.63757019,42087430.2975212,-0.0224870151844112,0.0315330092184753,0.1484469723097723,0.0,0.088793522929652,0.1718615407907944,-0.0,0.0027999269770816,0.0255123253868858,0.0107492664205131,0.7067462362461875,144.8732989501953,138.11069717407227,0.007323666582337,148.41000366210938,148.93499755859375,0.974854834803256,1.028851318359375,0.0070862407952268,144.25999450683594,144.25999450683594,144.25999450683594,-0.0064054543627797,Goldman Sachs ActiveBeta U.S. Large Cap Equity ETF,P,True,False,False,False,False,False,False,False,False,,False,,,15385732096.0,Factor / Style,unknown,166.0,True,,False,True,300.0,True,True,False,113.0,,0,0,False,Factor / Style,Factor / Style,Factor / Style,Factor / Style,Factor / Style
2026-09-14,SCHX,29.899999618530277,30.09499931335449,29.870100021362305,29.989999771118164,9142588.0,251,274186212.0274277,205319479.32892188,260050159.5830868,-0.0212140871892403,0.0294018634171482,0.1553288390072313,0.0,0.0778765030390691,0.1702386782280799,-0.0,0.0022897143057598,0.0264429762432933,0.0107433559838965,0.742482658739462,29.92799991607666,28.47945644378662,0.0065992051874526,30.63999938964844,30.770000457763672,0.974650611795857,0.2224952697753906,0.0074189820431297,29.809999465942383,29.809999465942383,29.809999465942383,-0.0060020108886139,Schwab U.S. Large-Cap ETF,P,True,False,False,False,False,False,False,False,False,,False,,,71641505792.0,Other,unknown,41.0,True,,False,True,90.0,True,True,False,114.0,,0,0,False,Other,Other,Other,Other,Other
2026-09-14,BILS,99.1999969482422,99.1999969482422,99.19000244140624,99.1999969482422,327174.0,251,32455659.80154419,31843112.674105834,30662472.68387422,0.0021580283487185,0.0086302251113152,0.0173121601517993,0.9143724894680122,0.9046503874645264,0.9351116971372062,0.0019732417535603,0.0078073364908574,0.0161888034606602,0.0107408499302884,0.9390380241384164,98.89341247558592,98.20305486043294,0.001453502258641,99.20999908447266,99.20999908447266,0.9998991821759624,0.0206612327332507,0.0002082785621861,99.10599517822266,98.98638153076172,98.98638153076172,-0.0021533812908474,State Street SPDR Bloomberg 3-12 Month T-Bill ETF,P,True,False,False,False,False,False,False,False,False,,False,,,3866119680.0,Bond,unknown,439.0,True,,False,True,343.0,True,True,False,115.0,,0,0,False,Bond,Bond,Bond,Bond,Bond
2026-09-14,IALT,29.26000022888184,29.40999984741211,29.149999618530277,29.31999969482422,1464696.0,189,42944886.273010254,30214654.13175621,35391091.17779214,0.0096418309390329,0.0327216685723805,0.1059463923934063,0.152173236998414,0.1440533595809219,0.2057110576307894,0.001467228624584,0.0047136662889448,0.0217943444314142,0.0106919036388091,1.2374901758411438,28.81433990478516,27.914862060546877,0.0071197298745946,29.464000701904297,29.464000701904297,0.995112645816942,0.2401999473571777,0.0081923584535227,28.899999618530277,28.809999465942383,28.809999465942383,-0.0173942781101688,iShares Systematic Alternatives Active ETF,Q,True,False,False,False,False,False,False,False,False,,False,,,4825180672.0,Other,unknown,385.0,True,,False,True,323.0,True,True,False,116.0,,0,0,False,Other,Other,Other,Other,Other
2026-09-14,DFAU,52.45000076293945,52.718299865722656,52.35210037231445,52.540000915527344,567517.0,251,29817343.69957733,26301614.6045269,30029450.70085568,-0.0236015689528312,0.026558048000391,0.1556527196722934,0.0,0.0728263206645568,0.1729926894305134,-0.0,0.0019341249199011,0.0269267825932838,0.0106815551055851,0.5219517806968508,52.53169975280762,49.97756678263347,0.0061213009945393,53.79999923706055,53.95000076293945,0.9738646927252558,0.3769451141357421,0.007174440570372,52.255001068115234,52.255001068115234,52.255001068115234,-0.0054244355242841,Dimensional US Core Equity Market ETF,P,True,False,False,False,False,False,False,False,False,,False,,,12301299712.0,Other,unknown,202.0,True,,False,True,348.0,True,True,False,117.0,,0,0,False,Other,Other,Other,Other,Other
2026-09-14,SPYM,89.12000274658203,89.63990020751953,88.9801025390625,89.31999969482422,13420026.0,251,1198676718.224533,1212536351.7902093,1091103927.3971467,-0.0200248121240398,0.0287151147347182,0.1552237945876915,0.0,0.0748887533268587,0.1698768849381833,-0.0,0.0021504391441207,0.0263689346928414,0.010626912586173,0.769695614751062,89.0944891357422,84.8203623453776,0.0066825944757769,91.19503364568232,91.4942229726344,0.9762364966096224,0.6564150769181516,0.0073490268602876,88.83137634767598,88.83137634767598,88.83137634767598,-0.0054704808421147,State Street SPDR Portfolio S&P 500 ETF,P,True,False,False,False,False,False,False,False,False,,False,,,153918701568.0,US Equity,unknown,17.0,True,,False,True,29.0,True,True,False,118.0,,0,0,False,US Equity,US Equity,US Equity,US Equity,US Equity
2026-09-14,VOO,697.780029296875,701.8499755859375,696.72998046875,699.2999877929688,6783169.0,251,4743469998.897644,5263950293.477902,5241245336.040329,-0.0200529671001504,0.0284279357371839,0.1550840831955091,0.0,0.0744665567673324,0.1697759991523815,-0.0,0.002116930490351,0.0263295551771486,0.0105913491307302,0.7598739385689423,697.608203125,664.1663977050781,0.0066466772216251,714.0499877929688,716.3900146484375,0.9761442419547744,5.127999877929687,0.0073330472864928,695.5399780273438,695.5399780273438,695.5399780273438,-0.0053768194355212,Vanguard S&P 500 ETF,P,True,False,False,False,False,False,False,False,False,,False,,,1670882131968.0,US Equity,unknown,2.0,True,,False,True,6.0,True,True,False,119.0,,0,0,False,US Equity,US Equity,US Equity,US Equity,US Equity
2026-09-14,FLJP,41.43999862670898,41.7599983215332,41.34999847412109,41.54999923706055,616289.0,251,25606807.479808807,29968019.45607891,39058601.26106547,-0.0052669671604524,0.0547630098631986,0.1697904875235469,0.0,0.0913118778069028,0.1232595778912839,-0.0,0.0050005132649666,0.0209283038221077,0.0105752399599659,1.2294367757742484,40.3586003112793,38.93243614196777,0.0068417712789787,41.97499847412109,42.025001525878906,0.988697149992348,0.4790000915527344,0.0115282815968258,40.5099983215332,40.14500045776367,40.14500045776367,-0.0338146523488666,Franklin FTSE Japan ETF,P,True,False,False,False,False,False,False,False,False,,False,,,3791726592.0,Country / Region,unknown,443.0,True,,False,True,308.0,True,True,False,120.0,,0,0,False,Country / Region,Country / Region,Country / Region,Country / Region,Country / Region
2026-09-14,IVV,762.6400146484375,767.1500244140625,761.5800170898438,764.47998046875,4579124.0,251,3500648626.0839844,5823505119.833862,5372919732.69911,-0.019947692422052,0.0287103660479683,0.1554028044432664,0.0,0.0743993764863678,0.1688846521566049,-0.0,0.0021360333326642,0.0262451485725619,0.0105742236666284,0.7730478419236525,762.4981945800781,725.9283471679687,0.0067657448633491,780.4600219726562,783.0900268554688,0.9762351125049464,5.62099609375,0.0073527054172215,760.2999877929688,760.2999877929688,760.2999877929688,-0.0054677595000175,iShares Core S&P 500 ETF,P,True,False,False,False,False,False,False,False,False,,False,,,888128929792.0,US Equity,unknown,3.0,True,,False,True,5.0,True,True,False,121.0,,0,0,False,US Equity,US Equity,US Equity,US Equity,US Equity
2026-09-14,SCHK,36.54999923706055,36.78620147705078,36.519901275634766,36.65999984741211,2165144.0,251,79374178.70962524,63581313.17465897,39437100.82154992,-0.0221392849798515,0.0272860114549104,0.1573094136922161,0.0,0.0714876439259489,0.1686162174051552,-0.0,0.001950612671048,0.0265249182990042,0.0105516196408326,0.6254539741295609,36.60240013122559,34.820526885986325,0.0062028537508569,37.540000915527344,37.619998931884766,0.97448168230385,0.272654914855957,0.007437395417098,36.470001220703125,36.470001220703125,36.470001220703125,-0.0051827230632789,Schwab 1000 Index ETF,P,True,False,False,False,False,False,False,False,False,,False,,,5700246528.0,Other,unknown,358.0,True,,False,True,307.0,True,True,False,122.0,,0,0,False,Other,Other,Other,Other,Other
2026-09-14,IWS,166.77000427246094,167.50320434570312,166.47500610351562,166.8300018310547,210508.0,251,35119050.02545166,54793945.240148924,76125212.60912892,-0.03811116534425,0.0220171651553795,0.1585572705558522,0.0,0.0591175735330289,0.1745357285745779,-0.0,0.0013016013800619,0.0276739087372621,0.010531908955082,0.0951622302990072,168.69579986572265,159.08872650146483,0.0047481021656985,173.3699951171875,173.52000427246094,0.9614453534077742,1.4414100646972656,0.0086399931000237,165.55999755859375,165.55999755859375,165.55999755859375,-0.0076125652371989,iShares Russell Mid-Cap Value ETF,P,True,False,False,False,False,False,False,False,False,,False,,,15646174208.0,Factor / Style,unknown,164.0,True,,False,True,214.0,True,True,False,123.0,,0,0,False,Factor / Style,Factor / Style,Factor / Style,Factor / Style,Factor / Style
2026-09-14,SPY,759.0,763.52001953125,757.9299926757812,760.8800048828125,43542700.0,251,33130769788.61084,29092682290.326534,35383220751.7209,-0.0199139828398084,0.0284330357599538,0.1549676803816779,0.0,0.0731879373918597,0.1682030094264174,-0.0,0.00208095524106,0.0260660302040294,0.0104757314780993,0.7664816038795705,758.9384008789062,722.6534212239584,0.0066094105505627,776.780029296875,779.3699951171875,0.976275722249745,5.602499389648438,0.0073631838840492,756.6400146484375,756.6400146484375,756.6400146484375,-0.0055724821353769,State Street SPDR S&P 500 ETF Trust,P,True,False,False,False,False,False,False,False,False,,False,,,781188857856.0,US Equity,unknown,4.0,True,,False,True,1.0,True,True,False,124.0,,0,0,False,US Equity,US Equity,US Equity,US Equity,US Equity
2026-09-14,VONE,343.1700134277344,345.2799987792969,343.0299987792969,344.25,66278.0,251,22816201.5,26377522.479937743,30286477.21957349,-0.0216001306570382,0.0285807136192306,0.1539655833296931,0.0,0.0745831684551242,0.1685436189985165,-0.0,0.0021316401784307,0.0259499166156041,0.0104680369314414,0.6590880954491117,343.5905993652344,327.117328898112,0.0064283126492972,352.44000244140625,353.239990234375,0.9745499080429424,2.516499328613281,0.0073100924578454,342.5400085449219,342.5400085449219,342.5400085449219,-0.0049672954395878,Vanguard Russell 1000 ETF,Q,True,False,False,False,False,False,False,False,False,,False,,,11460844544.0,US Equity,unknown,215.0,True,,False,True,346.0,True,True,False,125.0,,0,0,False,US Equity,US Equity,US Equity,US Equity,US Equity
2026-09-14,EWY,178.5,179.5050048828125,175.65499877929688,176.22000122070312,24169960.0,251,4259230380.7043457,2589672389.0415497,3571958945.754627,-0.0195838665009655,-0.1075208713885375,0.4194119939980048,0.0,0.0,0.0710203596923696,-0.0,-0.0,0.0297867906730322,0.0104253767355612,-0.0,173.85839965820313,165.10179987589518,-0.0182549990888903,193.92999267578125,220.88999938964844,0.7977726547495355,6.44074935913086,0.0365494797101055,174.61000061035156,169.9499969482422,169.9499969482422,-0.0355805483431372,iShares MSCI South Korea ETF,P,True,False,False,False,False,False,False,False,False,,False,,,24467890176.0,Country / Region,unknown,113.0,True,,False,True,9.0,True,True,False,126.0,,0,0,False,Country / Region,Country / Region,Country / Region,Country / Region,Country / Region
2026-09-14,VOE,205.16000366210935,206.0200042724609,204.2050018310547,204.6000061035156,278088.0,251,56896806.49731445,60894907.17857971,56168137.013440326,-0.0303776530505177,0.0328393158857787,0.1279616882210661,0.0,0.1081084576354953,0.1799622577177241,-0.0,0.0035502077902163,0.0230282743136345,0.0103675310734127,0.2050347577578729,205.73019989013676,195.61963033040365,0.0084293248492424,211.0500030517578,211.07000732421875,0.9693466575250328,1.701247406005859,0.0083149919611689,203.82000732421875,203.82000732421875,203.82000732421875,-0.0038123106355247,Vanguard Morningstar Mid-Cap Value ETF,P,True,False,False,False,False,False,False,False,False,,False,,,37230292992.0,Factor / Style,unknown,82.0,True,,False,True,261.0,True,True,False,127.0,,0,0,False,Factor / Style,Factor / Style,Factor / Style,Factor / Style,Factor / Style
2026-09-14,SPYV,63.02000045776367,63.165000915527344,62.820098876953125,62.93999862670898,1779696.0,251,112014063.79595947,91474197.13028488,117078410.61005534,-0.0131702754572732,0.0317991911247728,0.1189332330367545,0.0,0.1174738736973812,0.1902193354186059,-0.0,0.0037355741618704,0.0226234005474376,0.0103463133968189,0.4567056368123299,62.71959983825683,60.16476771036784,0.0075463644615314,64.26000213623047,64.26000213623047,0.979458396115159,0.4247451782226562,0.0067484141641276,62.41999816894531,62.41999816894531,62.41999816894531,-0.0082618441231265,State Street SPDR Portfolio S&P 500 Value ETF,P,True,False,False,False,False,False,False,False,False,,False,,,35300089856.0,Factor / Style,unknown,85.0,True,,False,True,159.0,True,True,False,128.0,,0,0,False,Factor / Style,Factor / Style,Factor / Style,Factor / Style,Factor / Style
2026-09-14,SPYI,53.290000915527344,53.54499816894531,53.220001220703125,53.40999984741211,4135661.0,251,220885653.3789482,143604223.81339473,138964106.98986787,-0.0080693531212517,0.0364164126907706,0.1225053196517207,0.0,0.1195706147293847,0.1746676671060735,-0.0,0.0043543328516744,0.0213977183916498,0.0103195177906658,1.0382044750133053,52.99707992553711,50.90799519856771,0.0074861311598846,54.02000045776367,54.02000045776367,0.988707874765227,0.2788840977343508,0.0052215708393765,53.10499954223633,53.10499954223633,53.10499954223633,-0.0057105468273196,NEOS S&P 500 High Income ETF,Z,True,False,False,False,False,False,False,False,False,,False,,,10406321152.0,Bond,unknown,241.0,True,,False,True,145.0,True,True,False,129.0,,0,0,False,Bond,Bond,Bond,Bond,Bond
2026-09-14,IWV,431.3500061035156,433.7699890136719,430.7200012207031,432.2799987792969,115151.0,251,49777474.139434814,54812340.83847199,74605526.40429348,-0.0230960479563911,0.0266713691494659,0.1542465827990018,0.0,0.0708649832420136,0.1678742512182046,-0.0,0.0018900661278184,0.0258940295903492,0.0102914533397042,0.5692123165487448,432.0294006347656,411.2111399332682,0.0058887075075839,442.4299926757813,443.9100036621094,0.973800984913904,3.1310028076171874,0.0072429971695631,430.0899963378906,430.0899963378906,430.0899963378906,-0.0050661664837385,iShares Russell 3000 Fund,P,True,False,False,False,False,False,False,False,False,,False,,,19473276928.0,US Equity,unknown,138.0,True,,False,True,216.0,True,True,False,130.0,,0,0,False,US Equity,US Equity,US Equity,US Equity,US Equity
2026-09-14,GNR,78.2300033569336,78.16500091552734,77.54000091552734,77.58999633789062,254775.0,251,19767991.316986084,25611359.58278656,19416465.061793253,0.0359144827397939,0.0767415898786327,0.0839299195057645,0.2365869975555077,0.1578647268292151,0.081998861857276,0.0084968996401669,0.01211479012263,0.0068821578752454,0.0102833688360454,0.8967290530506142,74.1231999206543,72.90557800292969,0.030327457760447,80.58000183105469,80.58000183105469,0.9628939510397014,1.0619998931884769,0.0136873301110062,77.54000091552734,74.83999633789062,74.83999633789062,-0.0354427133624835,State Street SPDR S&P Global Natural Resources ETF,P,True,False,False,False,False,False,False,False,False,,False,,,4480049664.0,Global Equity,unknown,401.0,True,,False,True,400.0,True,True,False,131.0,,0,0,False,Global Equity,Global Equity,Global Equity,Global Equity,Global Equity
2026-09-14,DFUS,82.81999969482422,83.25,82.66999816894531,82.95999908447266,473871.0,251,39312337.72615814,44549851.39093132,53821727.75970253,-0.023310611019813,0.0254313985675482,0.1580889933473748,0.0,0.0648815163368249,0.1663841394690103,-0.0,0.0016500277016286,0.026303501117625,0.0102787433972274,0.5479062130856555,82.92020004272462,78.86110158284505,0.0056000545640715,84.98999786376953,85.2699966430664,0.9729096088948704,0.6067008972167969,0.0073131738658655,82.55999755859375,82.55999755859375,82.55999755859375,-0.0048216192176137,Dimensional U.S. Equity Market ETF,P,True,False,False,False,False,False,False,False,False,,False,,,21026164736.0,US Equity,unknown,129.0,True,,False,True,268.0,True,True,False,132.0,,0,0,False,US Equity,US Equity,US Equity,US Equity,US Equity
2026-09-14,VOOV,227.2100067138672,227.7140045166016,226.5500030517578,226.8500061035156,75073.0,251,17030310.50820923,14982513.464100648,14824978.88553341,-0.0131378130152753,0.03143971560351,0.1187572669764585,0.0,0.1162868039335539,0.1900457529082835,-0.0,0.003656024044112,0.022569314215871,0.0102756756042277,0.4465173494224016,226.11019927978515,216.9121855672201,0.007534819883018,231.66000366210935,231.66000366210935,0.9792368234371204,1.4876998901367189,0.006558077364379,224.97000122070312,224.97000122070312,224.97000122070312,-0.0082874358925721,Vanguard S&P 500 Value ETF,P,True,False,False,False,False,False,False,False,False,,False,,,6683939328.0,Factor / Style,unknown,325.0,True,,False,True,425.0,True,True,False,133.0,,0,0,False,Factor / Style,Factor / Style,Factor / Style,Factor / Style,Factor / Style
2026-09-14,IVE,235.1999969482422,235.8800048828125,234.59710693359372,234.9600067138672,637728.0,251,149840575.1616211,114778000.62384948,157606572.06398907,-0.0131462458405074,0.0312907956342491,0.1183095001198317,0.0,0.1175454896997024,0.1902854201288186,-0.0,0.0036780918959211,0.0225125729355327,0.0102701602597851,0.4494872260685915,234.1954000854492,224.6910780843099,0.0074593039761627,239.92999267578125,239.92999267578125,0.9792856828507054,1.5626426696777345,0.0066506751150237,233.0200042724609,233.0200042724609,233.0200042724609,-0.0082567347036586,iShares S&P 500 Value ETF,P,True,False,False,False,False,False,False,False,False,,False,,,47735062528.0,Factor / Style,unknown,61.0,True,,False,True,127.0,True,True,False,134.0,,0,0,False,Factor / Style,Factor / Style,Factor / Style,Factor / Style,Factor / Style
2026-09-14,SHV,110.1500015258789,110.16000366210938,110.1500015258789,110.16000366210938,2076104.0,251,228703624.24291992,298301926.88803405,292150561.210907,0.002343957120267,0.0087214292136545,0.0174807301562291,0.8656138641782244,0.8273346013400223,0.9049540347293156,0.0020289617803424,0.0072155401615941,0.015819257284894,0.0102268411547491,0.9354431574522636,109.80219131469728,109.03666035970052,0.0014297992065313,110.16000366210938,110.16000366210938,1.0,0.021865796196652,0.0001984912442788,110.0320053100586,109.90239715576172,109.90239715576172,-0.0023384758331872,iShares 0-1 Year Treasury Bond ETF,N,True,False,False,False,False,False,False,False,False,,False,,,20945842176.0,Bond,unknown,131.0,True,,False,True,80.0,True,True,False,135.0,,0,0,False,Bond,Bond,Bond,Bond,Bond
2026-09-14,VTI,373.9700012207031,376.0549926757813,373.2799987792969,374.6799926757813,3037279.0,251,1138007673.4743042,1128496942.365274,1169635814.4850986,-0.0238895747868281,0.0256518343086518,0.1557813571997166,0.0,0.0668546043424228,0.1668311301809031,-0.0,0.0017149432333623,0.0259891798827437,0.0102109260606457,0.5465640484755155,374.5967993164063,356.41561503092447,0.0056894362386787,384.0499877929688,385.1199951171875,0.972891559582022,2.774497985839844,0.0074049803567725,372.75,372.75,372.75,-0.0051510427925393,Vanguard Morningstar Total Stock Market ETF,P,True,False,False,False,False,False,False,False,False,,False,,,2297940410368.0,US Equity,unknown,1.0,True,,False,True,27.0,True,True,False,136.0,,0,0,False,US Equity,US Equity,US Equity,US Equity,US Equity
2026-09-14,SCHB,29.25,29.437599182128903,29.225000381469727,29.32999992370605,7908845.0,251,231966423.246603,163914451.76597738,201090346.4356624,-0.0239600443139619,0.0250067140103549,0.1563905503255893,0.0,0.0651677258243155,0.1669358037271195,-0.0,0.0016296306823938,0.0261071822139287,0.010196773718431,0.5399016002679458,29.329999961853023,27.906439895629884,0.0056970156405822,30.06999969482422,30.149999618530277,0.9728026631774732,0.2192498207092285,0.0074752751885287,29.18000030517578,29.18000030517578,29.18000030517578,-0.0051142045318941,Schwab U.S. Broad Market ETF,P,True,False,False,False,False,False,False,False,False,,False,,,43229065216.0,Other,unknown,72.0,True,,False,True,113.0,True,True,False,137.0,,0,0,False,Other,Other,Other,Other,Other
2026-09-14,ITOT,166.0800018310547,166.99000549316406,165.76499938964844,166.3699951171875,1340045.0,251,222943280.10681152,254904480.12495425,274047351.6963608,-0.0238794136700269,0.0250074878628934,0.1563519462966529,0.0,0.0649033464468949,0.166562008035704,-0.0,0.0016230696485318,0.026042294135461,0.0101697982189571,0.5321021293112997,166.3563995361328,158.2727364095052,0.0056607395486205,170.5500030517578,171.02999877929688,0.9727532965247646,1.229750823974609,0.0073916623193286,165.5399932861328,165.5399932861328,165.5399932861328,-0.0049888913591062,iShares Core S&P Total U.S. Stock Market ETF,P,True,False,False,False,False,False,False,False,False,,False,,,94139031552.0,Other,unknown,33.0,True,,False,True,85.0,True,True,False,138.0,,0,0,False,Other,Other,Other,Other,Other
2026-09-14,IWB,415.260009765625,417.55999755859375,414.6449890136719,416.0499877929688,446829.0,251,185903199.99554443,190266924.7898163,219572615.83283636,-0.0220253522143176,0.0278752703397053,0.1524554352231015,0.0,0.0724090272496688,0.1656869031891769,-0.0,0.0020184212096196,0.0252598689364738,0.0101529279140186,0.6412621536417202,415.42999877929685,395.6285410563151,0.0063209025999797,425.5,426.9200134277344,0.9745384959878308,3.065745544433594,0.0073686951914036,413.9200134277344,413.9200134277344,413.9200134277344,-0.0051195155095024,iShares Russell 1000 ETF,P,True,False,False,False,False,False,False,False,False,,False,,,48330235904.0,US Equity,unknown,59.0,True,,False,True,105.0,True,True,False,139.0,,0,0,False,US Equity,US Equity,US Equity,US Equity,US Equity
2026-09-14,VTHR,335.57000732421875,336.4949951171875,334.58209228515625,335.6300048828125,38442.0,251,12902288.647705078,5733509.611981201,8304583.044098385,-0.0227689825193684,0.0266071184372838,0.1548655110021179,0.0,0.068500432695277,0.165316476497432,-0.0,0.0018225991257284,0.0256018206098444,0.010145326645169,0.5512495028689852,335.40679931640625,319.1891278076172,0.0058170686197731,344.25,344.5599975585937,0.9740829093944294,2.5043975830078127,0.0074617809688446,334.0299987792969,334.0299987792969,334.0299987792969,-0.0047671724227227,Vanguard Russell 3000 ETF,Q,True,False,False,False,False,False,False,False,False,,False,,,6104798208.0,US Equity,unknown,346.0,True,,False,True,457.0,True,True,False,140.0,,0,0,False,US Equity,US Equity,US Equity,US Equity,US Equity
2026-09-14,SPTM,91.9499969482422,92.43160247802734,91.78990173339844,92.12999725341795,700653.0,251,64551158.96559906,45322977.60335503,43231068.88905346,-0.0229080882504655,0.0248952266608524,0.1530603310108838,0.0,0.0665069542035168,0.168902037079809,-0.0,0.0016557056994194,0.0258522017038481,0.0101244793009695,0.5708466332561093,92.11059967041017,87.73002024332682,0.0058904935835633,94.29000091552734,94.62000274658205,0.9736841532351994,0.6590045928955078,0.0071529861341774,91.66000366210938,91.66000366210938,91.66000366210938,-0.0051014176198855,State Street SPDR Portfolio S&P 1500 Composite Stock Market ETF,P,True,False,False,False,False,False,False,False,False,,False,,,13582209024.0,Other,unknown,190.0,True,,False,True,296.0,True,True,False,141.0,,0,0,False,Other,Other,Other,Other,Other
2026-09-14,AIA,137.07000732421875,138.30999755859375,136.41000366210938,137.25999450683594,239528.0,251,32877611.9642334,60513996.67868652,62411542.88794817,-0.0119493498703519,-0.0226780067021548,0.2829514238981154,0.0,0.0,0.1007233488850225,-0.0,-0.0,0.0284998149868037,0.0099749352453813,-0.0,136.5192007446289,127.93415328979492,-0.0005871219035898,144.77999877929688,150.82000732421875,0.91009141918265,2.5610008239746094,0.018658028023213,136.41000366210938,134.75999450683594,134.75999450683594,-0.018213609937712,iShares Asia 50 ETF,Q,True,False,False,False,False,False,False,False,False,,False,,,5221864448.0,Country / Region,unknown,368.0,True,,False,True,246.0,True,True,False,142.0,,0,0,False,Country / Region,Country / Region,Country / Region,Country / Region,Country / Region
2026-09-14,IMCG,94.36000061035156,94.75,94.12000274658205,94.47000122070312,100878.0,251,9529944.78314209,15635644.82403412,11899516.932171537,-0.0592511158806434,4.232001555815046e-05,0.1929003080522879,0.0,8.44059928254906e-05,0.145476574193913,-0.0,3.572062929575898e-09,0.0280624759763973,0.0098218689135799,5.329434508336797e-07,96.92079956054688,90.3897551981608,-0.0031698384896198,100.58000183105467,100.79000091552734,0.937295370201246,0.9870006561279296,0.0104477680043855,94.12000274658205,94.12000274658205,94.12000274658205,-0.0037048636561718,iShares Morningstar Mid-Cap Growth ETF,P,True,False,False,False,False,False,False,False,False,,False,,,4006894848.0,Factor / Style,unknown,422.0,True,,False,True,441.0,True,True,False,143.0,,0,0,False,Factor / Style,Factor / Style,Factor / Style,Factor / Style,Factor / Style
2026-09-14,MSLC,59.790000915527344,60.15760040283203,59.790000915527344,60.0099983215332,58123.0,251,3487961.1324424744,3876464.22262249,4421982.138733818,-0.0234337253625344,0.0300377626230241,0.143483209698519,0.0,0.0815470098019522,0.1625085311166562,-0.0,0.0024494897230484,0.0233172456480094,0.0097532042967848,0.6816726172309308,59.97778007507324,57.24820663452149,0.0069383588434832,61.400001525878906,61.67599868774414,0.9729878655934598,0.4255496978759766,0.0070913132774289,59.68000030517578,59.68000030517578,59.68000030517578,-0.0054990505846924,Morgan Stanley Pathway Large Cap Equity ETF,P,True,False,False,False,False,False,False,False,False,,False,,,3979997184.0,Factor / Style,unknown,425.0,True,,False,True,467.0,False,False,False,144.0,,0,0,False,Factor / Style,Factor / Style,Factor / Style,Factor / Style,Factor / Style
2026-09-14,IUSV,113.69000244140624,114.12999725341795,113.51000213623048,113.68000030517578,682494.0,251,77585918.12828064,62498176.54175186,65964620.3402819,-0.0145631093644865,0.0294304083221819,0.1185059218580619,0.0,0.1065924661818946,0.1857552564838419,-0.0,0.0031370598038015,0.0220130979095984,0.0097436731408304,0.3898421521294956,113.45279983520508,108.83059112548828,0.0070603420626218,116.19000244140624,116.19000244140624,0.9783974345168274,0.7694988250732422,0.0067689903501716,112.76000213623048,112.76000213623048,112.76000213623048,-0.0080928762005239,iShares Core S&P U.S. Value ETF,Q,True,False,False,False,False,False,False,False,False,,False,,,26456442880.0,Factor / Style,unknown,103.0,True,,False,True,236.0,True,True,False,145.0,,0,0,False,Factor / Style,Factor / Style,Factor / Style,Factor / Style,Factor / Style
2026-09-14,MGK,89.11000061035156,90.05000305175781,88.8499984741211,89.61000061035156,992869.0,251,88970991.69599915,97097496.45529862,115531510.0432112,-0.0122354562986739,0.032450923393184,0.1841627325177295,0.0,0.0542019075674594,0.1333515938479975,-0.0,0.001758901950236,0.0245583939086416,0.009738724135678,2.5386028274185004,88.59140014648438,84.28559763590495,0.0075400321702643,91.20999908447266,92.28799613204824,0.9709821901662604,0.9874996185302736,0.0110199711171098,88.58000183105469,88.05000305175781,88.05000305175781,-0.0174087439791127,Vanguard Morningstar Mega Cap Growth ETF,P,True,False,False,False,False,False,False,False,False,,False,,,33301635072.0,Factor / Style,unknown,89.0,True,,False,True,163.0,True,True,False,146.0,,0,0,False,Factor / Style,Factor / Style,Factor / Style,Factor / Style,Factor / Style
2026-09-14,SPYG,119.23999786376952,120.2699966430664,118.87999725341795,119.77999877929688,1520285.0,251,182099735.44418332,240469455.874382,267294674.48697045,-0.0255450653792942,0.025906621989727,0.1879028516380099,0.0,0.0437465876253668,0.1340657264322828,-0.0,0.0011333263089508,0.0251913323035472,0.0095536284070595,1.0285386904122458,119.5502001953125,113.1042165629069,0.0058640386266259,123.31999969482422,124.04000091552734,0.9656562229539842,1.2510009765625,0.010444155863347,118.87999725341795,118.87999725341795,118.87999725341795,-0.0075137880702205,State Street SPDR Portfolio S&P 500 Growth ETF,P,True,False,False,False,False,False,False,False,False,,False,,,52988604416.0,Factor / Style,unknown,53.0,True,,False,True,86.0,True,True,False,147.0,,0,0,False,Factor / Style,Factor / Style,Factor / Style,Factor / Style,Factor / Style
2026-09-14,VOOG,82.7699966430664,83.48500061035156,82.53009796142578,83.16000366210938,1059978.0,251,88147774.36175537,82595369.95744476,105792328.31948222,-0.0257731599403877,0.0258912661130403,0.1877096957781514,0.0,0.0436035771002561,0.1340105905290776,-0.0,0.0011289518181832,0.0251550871792635,0.0095380991945613,1.033853006302368,83.00719985961913,78.5328884379069,0.0058452446782284,85.62999725341797,86.13999938964844,0.965405203753726,0.87049560546875,0.0104677196625158,82.53009796142578,82.53009796142578,82.53009796142578,-0.0075746232917808,Vanguard S&P 500 Growth ETF,P,True,False,False,False,False,False,False,False,False,,False,,,26322757632.0,Factor / Style,unknown,104.0,True,,False,True,173.0,True,True,False,148.0,,0,0,False,Factor / Style,Factor / Style,Factor / Style,Factor / Style,Factor / Style
2026-09-14,DFAT,70.22000122070312,70.55999755859375,70.0199966430664,70.16999816894531,266495.0,251,18699953.66203308,19675585.30376053,21786576.275524564,-0.0350660479778957,0.0119035608362474,0.1573852264702868,0.0,0.0332436434317894,0.1679410341541676,-0.0,0.0003957177320088,0.0264314376940078,0.0095082197187084,0.0361692538451292,70.9634002685547,67.31813962300619,0.0043488723963707,72.73200225830078,72.80999755859375,0.9637412515015688,0.7287002563476562,0.0103847837446595,69.69000244140625,69.69000244140625,69.69000244140625,-0.0068404694322977,Dimensional U.S. Targeted Value ETF,P,True,False,False,False,False,False,False,False,False,,False,,,14320157696.0,Factor / Style,unknown,179.0,True,,False,True,388.0,True,True,False,149.0,,0,0,False,Factor / Style,Factor / Style,Factor / Style,Factor / Style,Factor / Style
2026-09-14,EFAV,94.2300033569336,94.7300033569336,94.12000274658205,94.41999816894533,359188.0,251,33914530.30230713,36885970.72165833,45047492.15547883,0.0081143975776225,0.0588050094122614,0.0708262104663033,0.0852010496388872,0.1849340850075645,0.0976052080467833,0.0006913551908006,0.0108750506095177,0.0069130070077287,0.0094883353488916,0.9933891804230496,92.6232000732422,90.600808207194,0.0145373309468743,95.33999633789062,95.33999633789062,0.9903503439869582,0.6845005035400391,0.0072495288796263,93.18000030517578,93.01000213623048,93.01000213623048,-0.0149332351202966,iShares MSCI EAFE Min Vol Factor ETF,Z,True,False,False,False,False,False,False,False,False,,False,,,5082040320.0,Country / Region,unknown,375.0,True,,False,True,292.0,True,True,False,150.0,,0,0,False,Country / Region,Country / Region,Country / Region,Country / Region,Country / Region
2026-09-14,IVW,137.66000366210938,138.88580322265625,137.2899932861328,138.32000732421875,2093581.0,251,289584139.2538452,187629368.8598175,217004091.13380557,-0.025778197728248,0.0255498805195368,0.1871795805332168,0.0,0.0430181712619918,0.1336406133207314,-0.0,0.0010991091359128,0.0250147939435763,0.009469598818595,1.0204102476401742,138.08620086669922,130.67664891560872,0.0057686326941603,142.42999267578125,143.25999450683594,0.9655173295264824,1.4365028381347655,0.0103853583145613,137.2899932861328,137.2899932861328,137.2899932861328,-0.0074466019631679,iShares S&P 500 Growth ETF,P,True,False,False,False,False,False,False,False,False,,False,,,74972356608.0,Factor / Style,unknown,39.0,True,,False,True,107.0,True,True,False,151.0,,0,0,False,Factor / Style,Factor / Style,Factor / Style,Factor / Style,Factor / Style
2026-09-14,KRE,73.86000061035156,74.68499755859375,73.69999694824219,74.11000061035156,15207490.0,251,1127027093.1819153,918575245.3685912,967296264.6782092,-0.0490183456931221,0.0154394953570704,0.188026280112221,0.0,0.0277696563459197,0.1387852314537597,-0.0,0.0004287494802202,0.026095270804764,0.0094120319438105,0.0387149641360293,75.50119949340821,70.84519772847493,-0.0002603258795339,78.23999786376953,78.3499984741211,0.9458838807103488,1.1712509155273438,0.0158042221816382,72.41999816894531,72.41999816894531,72.41999816894531,-0.0228039728442559,State Street SPDR S&P Regional Banking ETF,P,True,False,False,False,False,False,False,False,False,,False,,,4740203520.0,Other,unknown,387.0,True,,False,True,31.0,True,True,False,152.0,,0,0,False,Other,Other,Other,Other,Other
2026-09-14,TSPA,47.93000030517578,48.11000061035156,47.755001068115234,47.959999084472656,301578.0,251,14463680.603897097,15525403.526654815,23632282.60570877,-0.0202247530753122,0.0234741455355018,0.1545497840021847,0.0,0.0554435456735622,0.156753627205635,-0.0,0.0013014898601454,0.0242262392261898,0.0093251521382609,0.6937704560242979,47.89160003662109,45.69576665242513,0.0053530284803346,48.970001220703125,49.16999816894531,0.9753915165846628,0.3799495697021484,0.0079222180349281,47.7400016784668,47.7400016784668,47.7400016784668,-0.0045871019642509,T. Rowe Price U.S. Equity Research ETF,P,True,False,False,False,False,False,False,False,False,,False,,,4062119424.0,US Equity,unknown,419.0,True,,False,True,379.0,True,True,False,153.0,,0,0,False,US Equity,US Equity,US Equity,US Equity,US Equity
2026-09-14,URTH,206.25999450683597,207.4199066162109,205.8999938964844,206.8000030517578,253360.0,251,52394848.77319336,83803379.00993347,116210069.01211208,-0.0208797098713402,0.02897853219351,0.1454357459654263,0.0,0.0744717694627912,0.1535932824617168,-0.0,0.0021580825688851,0.0223379536100982,0.0092210374333097,0.5668628485457623,206.41920043945316,197.14414337158203,0.0069917003370996,211.38999938964844,211.94000244140625,0.9757478563251906,1.5129989624023437,0.007316242456842,205.7100067138672,205.7100067138672,205.7100067138672,-0.0052707752505101,iShares MSCI World ETF,P,True,False,False,False,False,False,False,False,False,,False,,,8064359424.0,Country / Region,unknown,283.0,True,,False,True,161.0,True,True,False,154.0,,0,0,False,Country / Region,Country / Region,Country / Region,Country / Region,Country / Region
2026-09-14,IUSG,188.07000732421875,189.4900054931641,187.3800048828125,188.6999969482422,423170.0,251,79852177.70858765,90682172.4285202,91260562.72016495,-0.0286214234315655,0.0221880812586525,0.1835666591122429,0.0,0.0381748606463144,0.1335669966602314,-0.0,0.0008470269100581,0.0245184473445747,0.0091320240621389,0.7928317582305541,188.7350003051758,178.73338165283204,0.0052249206567596,194.6499938964844,195.63999938964844,0.9645266690704484,1.9099998474121092,0.0101218859475445,187.3800048828125,187.3800048828125,187.3800048828125,-0.0069951885891749,iShares Core S&P U.S. Growth ETF,Q,True,False,False,False,False,False,False,False,False,,False,,,32221673472.0,Factor / Style,unknown,92.0,True,,False,True,190.0,True,True,False,155.0,,0,0,False,Factor / Style,Factor / Style,Factor / Style,Factor / Style,Factor / Style
2026-09-14,SPMO,143.7519989013672,144.8800048828125,143.4333953857422,144.19000244140625,2603920.0,251,375459231.15722656,251334994.887558,314158512.2848317,-0.059487282384842,-0.0529166380192146,0.2465125653966127,0.0,0.0,0.1050905728468328,-0.0,-0.0,0.0259061467114723,0.0090671513490153,-0.0,148.32780029296876,137.7490447998047,-0.0123325419180031,156.1699981689453,162.3000030517578,0.8884165109684179,2.48677978515625,0.0172465479093586,143.4333953857422,143.4333953857422,143.4333953857422,-0.0052472920650065,Invesco S&P 500 Momentum ETF,P,True,False,False,False,False,False,False,False,False,,False,,,22210627584.0,Factor / Style,unknown,125.0,True,,False,True,76.0,True,True,False,156.0,,0,0,False,Factor / Style,Factor / Style,Factor / Style,Factor / Style,Factor / Style
2026-09-14,PSI,131.0399932861328,132.16990661621094,128.5500030517578,128.72000122070312,509753.0,251,65615406.78225708,46694701.49115143,64671900.76516336,-0.1587477560823493,-0.2332386613852524,0.3980846634189738,0.0,0.0,0.0650747936729766,-0.0,-0.0,0.025905277336366,0.0090668470677281,-0.0,142.85060012817382,132.6151762898763,-0.0538409561657099,158.63999938964844,189.2400054931641,0.6801944487649726,5.618000411987305,0.0436451239800308,124.94000244140624,124.94000244140624,124.94000244140624,-0.0293660561175391,Invesco Semiconductors ETF,P,True,False,False,False,False,False,False,False,False,,False,,,3097870848.0,Other,unknown,496.0,True,,False,True,241.0,True,True,False,157.0,,0,0,False,Other,Other,Other,Other,Other
2026-09-14,ONEQ,102.62999725341795,103.77999877929688,102.45010375976562,103.27999877929688,200468.0,251,20704334.79528809,19625556.289286803,28316359.880003914,-0.0193695491970989,0.0135658832020022,0.189209759887456,0.0,0.0224422760284138,0.1331272725452154,-0.0,0.0003044492953885,0.0251889792727521,0.0090140347874658,0.7695298586109116,102.64579986572264,97.798806254069,0.0039337411788622,105.66000366210938,106.92064958960168,0.9659499748245182,1.0919940948486329,0.0105731420193193,102.44000244140624,102.08000183105467,102.08000183105467,-0.0116188706663959,Fidelity Nasdaq Composite Index ETF,Q,True,False,False,False,False,False,False,False,False,,False,,,10687616000.0,Other,unknown,233.0,True,,False,True,359.0,True,True,False,158.0,,0,0,False,Other,Other,Other,Other,Other
2026-09-14,FNDF,55.31999969482422,55.6150016784668,55.15499877929688,55.29999923706055,1653478.0,251,91437332.1384964,107891944.9353054,84270687.41693732,-0.006467851443379,0.0279615093854219,0.1593228013608398,0.0,0.0698088435865515,0.1383561569630879,-0.0,0.0019519606351308,0.0220432905128792,0.0089839260923427,0.4092739510864056,54.4834001159668,52.37201616923014,0.0108966124842886,56.47999954223633,56.47999954223633,0.9791076431526284,0.4882499694824219,0.0088291134940054,55.15499877929688,54.90999984741211,54.90999984741211,-0.0070524302898555,Schwab Fundamental International Equity ETF,P,True,False,False,False,False,False,False,False,False,,False,,,23990886400.0,Global Equity,unknown,115.0,True,,False,True,204.0,True,True,False,159.0,,0,0,False,Global Equity,Global Equity,Global Equity,Global Equity,Global Equity
2026-09-14,BOXX,118.16000366210938,118.16999816894533,118.1500015258789,118.16000366210938,3655433.0,251,431925976.66659546,459240340.5719925,337671263.92211235,0.0024603453700671,0.0098282326714258,0.0185328979078387,0.5272641522520148,0.6969635318651137,0.6957890448501908,0.0012972519157956,0.006849919754669,0.0128949873336012,0.0089656934072953,0.960696274547092,117.75729949951172,116.86333292643228,0.0017208975450948,118.19000244140624,118.19000244140624,0.9997461817524562,0.0412502288818359,0.000349104837537,118.04000091552734,117.86000061035156,117.86000061035156,-0.0025389560126936,Alpha Architect 1-3 Month Box ETF,Z,True,False,False,False,False,False,False,False,False,,False,,,12697272320.0,Other,unknown,199.0,True,,False,True,74.0,True,True,False,160.0,,0,0,False,Other,Other,Other,Other,Other
2026-09-14,BBJP,78.5999984741211,79.26499938964844,78.43499755859375,78.81999969482422,1430208.0,251,112728994.12353516,100407094.15441896,111649956.5494186,-0.0046723416488817,0.0498135025647081,0.1589471727546825,0.0,0.080672906990388,0.1130989650267483,-0.0,0.0040186000592681,0.0179767607324823,0.0089039562948931,1.272263899007195,76.4268000793457,74.12440012613932,0.0069831666084196,79.71499633789062,79.7249984741211,0.9886484942412304,0.9472503662109376,0.0120178935533939,76.71499633789062,75.94000244140625,75.94000244140625,-0.0365389148004156,JPMorgan BetaBuilders Japan ETF,Z,True,False,False,False,False,False,False,False,False,,False,,,17599494144.0,Country / Region,unknown,148.0,True,,False,True,168.0,True,True,False,161.0,,0,0,False,Country / Region,Country / Region,Country / Region,Country / Region,Country / Region
2026-09-14,GDXJ,121.0,122.51000213623048,119.08999633789062,120.88999938964844,5154173.0,251,623087970.8241425,581600286.6039894,567356709.593293,0.0237107556828621,0.1595050538334779,-0.0245299839267439,0.0384933108010592,0.0857260618826975,0.0,0.0009127054878283,0.0136737401155317,-0.0,0.0088879310750956,0.7418295581313058,112.52299987792968,118.2100668334961,0.0485515231242628,136.25,136.5500030517578,0.885316709541386,5.1530006408691404,0.0426255328553701,119.08999633789062,115.36000061035156,115.36000061035156,-0.0457440549856632,VanEck Junior Gold Miners ETF,P,True,False,False,False,False,False,False,False,False,,False,,,7078291968.0,Commodity,unknown,309.0,True,,False,True,50.0,True,True,False,162.0,,0,0,False,Commodity,Commodity,Commodity,Commodity,Commodity
2026-09-14,FRDM,68.58000183105469,68.83000183105469,67.80000305175781,68.3499984741211,244104.0,251,16684508.027526855,17080410.049394228,19464544.437545776,-0.0008771405463542,-0.0401974593241269,0.2652427766934881,0.0,0.0,0.0954505947729586,-0.0,-0.0,0.0253175807946245,0.0088611532781185,-0.0,67.65179969787597,64.73442181905111,-0.0061996730622702,72.86000061035156,76.54803516994124,0.8929033687459121,1.367898941040039,0.0200131524737042,67.80000305175781,66.19000244140625,66.19000244140625,-0.0316019909427308,Freedom 100 Emerging Markets ETF,Z,True,False,False,False,False,False,False,False,False,,False,,,3602242816.0,Country / Region,unknown,454.0,True,,False,True,399.0,True,True,False,163.0,,0,0,False,Country / Region,Country / Region,Country / Region,Country / Region,Country / Region
2026-09-14,IJS,134.0500030517578,134.85000610351562,133.83999633789062,134.1300048828125,183310.0,251,24587371.19506836,33453670.17993164,35945933.264000304,-0.0465594834658842,-0.005855384422601,0.1636723904575714,0.0,0.0,0.153675181486032,-0.0,-0.0,0.0251523843078199,0.0088033345077369,-0.0,136.90759887695313,129.40018844604492,0.000836299065843,140.3800048828125,141.17999267578125,0.9500638322799818,1.373499298095703,0.0102400600022024,133.52000427246094,133.52000427246094,133.52000427246094,-0.0045478311201473,iShares S&P SmallCap 600 Value ETF,P,True,False,False,False,False,False,False,False,False,,False,,,8017806848.0,Factor / Style,unknown,287.0,True,,False,True,321.0,True,True,False,164.0,,0,0,False,Factor / Style,Factor / Style,Factor / Style,Factor / Style,Factor / Style
2026-09-14,EMXC,97.1500015258789,97.91000366210938,96.7300033569336,97.16000366210938,1454566.0,251,141325637.8867798,163369129.9607071,222752047.6629828,-0.0013361830835096,-0.0201891737723393,0.2531880633891969,0.0,0.0,0.0993417229413865,-0.0,-0.0,0.0251521384452758,0.0088032484558465,-0.0,96.01820007324218,91.653638865153,-0.0033195635082257,102.41500091552734,107.12000274658205,0.9070201752324876,1.7268993377685546,0.0177737677303321,96.7300033569336,94.63500213623048,94.63500213623048,-0.0259880756556991,iShares MSCI Emerging Markets ex China ETF,Q,True,False,False,False,False,False,False,False,False,,False,,,26057398272.0,Country / Region,unknown,106.0,True,,False,True,104.0,True,True,False,165.0,,0,0,False,Country / Region,Country / Region,Country / Region,Country / Region,Country / Region
2026-09-14,SLYV,106.91999816894533,107.6050033569336,106.79000091552734,106.95999908447266,286319.0,251,30624679.977867126,18712586.97473869,20134463.185417417,-0.0468722338176206,-0.0065411364472545,0.1627613275927319,0.0,0.0,0.154149553077681,-0.0,-0.0,0.0250895859067496,0.0087813550673623,-0.0,109.2113996887207,103.2222770690918,0.0008594401173098,111.87999725341795,112.4000015258789,0.9516014024238804,1.0717506408691406,0.0100201070497646,106.56999969482422,106.56999969482422,106.56999969482422,-0.003646217211917,State Street SPDR S&P 600 Small Cap Value ETF,P,True,False,False,False,False,False,False,False,False,,False,,,4830834688.0,Factor / Style,unknown,384.0,True,,False,True,397.0,True,True,False,166.0,,0,0,False,Factor / Style,Factor / Style,Factor / Style,Factor / Style,Factor / Style
2026-09-14,VUG,87.125,88.13990020751953,86.9800033569336,87.70999908447266,5358183.0,251,469966226.02443695,425473756.04712486,576408318.5777422,-0.0182448771013287,0.029755749844502,0.1715115322246747,0.0,0.0514118817615089,0.1291738215261459,-0.0,0.0015297990927305,0.0221548000532659,0.0087485494289179,2.5465901792833825,87.09519989013671,83.10087036132812,0.0070507815455234,89.56999969482422,90.4996337030468,0.96917518331922,0.943994140625,0.010762674158916,86.8499984741211,86.6500015258789,86.6500015258789,-0.0120852533309557,Vanguard Morningstar Growth ETF,P,True,False,False,False,False,False,False,False,False,,False,,,379207221248.0,Factor / Style,unknown,8.0,True,,False,True,49.0,True,True,False,167.0,,0,0,False,Factor / Style,Factor / Style,Factor / Style,Factor / Style,Factor / Style
2026-09-14,FV,71.55999755859375,72.34989929199219,71.55999755859375,72.01920318603516,102526.0,251,7383840.82585144,5455205.588961029,4841808.620674012,-0.0209993983726295,-0.0199450611972331,0.1902645881853546,0.0,0.0,0.1307772839088453,-0.0,-0.0,0.0248822860669156,0.0087088001234204,-0.0,72.07522384643555,68.6218857828776,-0.0025960592943856,74.62000274658203,76.08000183105469,0.946624624772788,0.827545166015625,0.0114906181880125,71.45999908447266,71.45999908447266,71.45999908447266,-0.0077646527151654,First Trust Dorsey Wright Focus 5 ETF,Q,True,False,False,False,False,False,False,False,False,,False,,,3943691776.0,Other,unknown,431.0,True,,False,True,466.0,False,False,False,168.0,,0,0,False,Other,Other,Other,Other,Other
2026-09-14,QQQM,289.54998779296875,293.5299987792969,289.364990234375,292.0199890136719,3751886.0,251,1095625708.5005493,769066032.6384674,925809045.5719216,-0.0298661853768683,-0.0156630258855565,0.1976217556417125,0.0,0.0,0.1247369013331464,-0.0,-0.0,0.0246507254347634,0.0086277539021672,-0.0,292.4826013183594,277.43113891601564,-0.0023418563377167,302.45001220703125,307.85374142464434,0.9485672893312936,3.344953918457031,0.0114545375121578,289.364990234375,289.364990234375,289.364990234375,-0.0090918391862981,Invesco NASDAQ 100 ETF,Q,True,False,False,False,False,False,False,False,False,,False,,,101307228160.0,US Equity,unknown,26.0,True,,False,True,32.0,True,True,False,169.0,,0,0,False,US Equity,US Equity,US Equity,US Equity,US Equity
2026-09-14,QQQ,703.2899780273438,712.9500122070312,702.75,709.1799926757812,34618101.0,251,24550464613.629456,22277681402.815567,26984158531.6197,-0.0299424329122144,-0.0157771051888613,0.1972892629294191,0.0,0.0,0.12339098417517,-0.0,-0.0,0.0243437163200549,0.0085203007120192,-0.0,710.3379992675781,673.8456925455729,-0.0024011609246713,734.5800170898438,747.828194840854,0.9483194102178808,8.171502685546875,0.0115224664682308,702.75,702.7000122070312,702.7000122070312,-0.0091372860707767,"Invesco QQQ Trust, Series 1",Q,True,False,False,False,False,False,False,False,False,,False,,,490103177216.0,Other,unknown,6.0,True,,False,True,2.0,True,True,False,170.0,,0,0,False,Other,Other,Other,Other,Other
2026-09-14,SMMD,88.25,88.76000213623047,88.08000183105469,88.33999633789062,284452.0,251,25128488.638305664,26640480.275917053,23481519.00746179,-0.0532633303047963,-0.0134680369914766,0.1709641662049279,0.0,0.0,0.1420922569670301,-0.0,-0.0,0.0242926842365446,0.0085024394827906,-0.0,90.5443002319336,85.57542251586914,-0.0026908639868167,93.18000030517578,93.41999816894533,0.9456219018344684,0.9523483276367188,0.0107804886474535,87.91999816894531,87.91999816894531,87.91999816894531,-0.0047543376313812,iShares Russell 2500 ETF,Z,True,False,False,False,False,False,False,False,False,,False,,,3622894592.0,Other,unknown,453.0,True,,False,True,381.0,True,True,False,171.0,,0,0,False,Other,Other,Other,Other,Other
2026-09-14,IXJ,102.4000015258789,102.95989990234376,101.8550033569336,102.2699966430664,115500.0,251,11812184.61227417,20901537.59483337,25632525.33405849,-0.0013671224883938,0.0719676047416377,0.0941344085802089,0.0,0.1200895126842996,0.0841003388054659,-0.0,0.0086425545824795,0.0079167356548477,0.0083885179578084,0.3466341513529326,102.11800003051758,97.06139887491862,0.0123462658011752,107.69000244140624,107.69000244140624,0.9496702973770584,1.5149951934814454,0.0148136818540138,100.56999969482422,100.56999969482422,100.56999969482422,-0.0166226361987217,iShares Global Healthcare ETF,P,True,False,False,False,False,False,False,False,False,,False,,,3844812544.0,Sector,unknown,441.0,True,,False,True,369.0,True,True,False,172.0,,0,0,False,Sector,Sector,Sector,Sector,Sector
2026-09-14,DIA,524.5399780273438,526.719970703125,523.094970703125,524.489990234375,2660572.0,251,1395443382.2978516,1667161099.4392943,1992140747.0701847,-0.0221220816271026,0.0262088421986876,0.1323926865032916,0.0,0.0729816540761311,0.1537020926612627,-0.0,0.0019127646550805,0.0203490329686024,0.0083654585648131,0.2454132707778389,528.8022668457031,503.1395188395183,0.003444559235572,537.72998046875,546.2970287569466,0.9600820846999816,4.419919359559088,0.0084270804817151,519.7999877929688,519.7999877929688,519.7999877929688,-0.0089420246882317,State Street SPDR Dow Jones Industrial Average ETF Trust,P,True,False,False,False,False,False,False,False,False,,False,,,44062826496.0,US Equity,unknown,69.0,True,,False,True,15.0,True,True,False,173.0,,0,0,False,US Equity,US Equity,US Equity,US Equity,US Equity
2026-09-14,XT,80.66999816894531,81.68000030517578,80.58000183105469,81.23999786376953,60877.0,251,4945647.349952698,4918725.666638565,6271221.438060095,-0.0244956885858466,0.0071657405716267,0.180700353191469,0.0,0.0127229411624428,0.1311279818784442,-0.0,9.116929567813724e-05,0.0236948726387194,0.0083524654657425,0.0798118306844121,81.55624008178711,77.26160959879557,0.0004148575382669,83.61499786376953,83.88999938964844,0.9684109960047764,0.8665504455566406,0.0106665493395229,80.48999786376953,80.48999786376953,80.48999786376953,-0.0092319057080437,iShares Future Exponential Technologies ETF,Q,True,False,False,False,False,False,False,False,False,,False,,,3962071552.0,Other,unknown,429.0,True,,False,True,462.0,True,True,False,174.0,,0,0,False,Other,Other,Other,Other,Other
2026-09-14,SPSM,55.0099983215332,55.2599983215332,54.84999847412109,54.93999862670898,1705354.0,251,93692146.41805267,97171277.93730047,100376724.99931662,-0.0605335318611045,-0.0138007179397212,0.1629401987614633,0.0,0.0,0.1452284349629407,-0.0,-0.0,0.0236635500586778,0.0082822425205372,-0.0,56.81559967041016,53.48805620829264,-0.003133302699837,58.400001525878906,58.59999847412109,0.9375426630936102,0.5564998626708985,0.0101292296429064,54.84999847412109,54.84999847412109,54.84999847412109,-0.001638153528168,State Street SPDR Portfolio S&P 600 Small Cap ETF,P,True,False,False,False,False,False,False,False,False,,False,,,16915987456.0,Factor / Style,unknown,154.0,True,,False,True,179.0,True,True,False,175.0,,0,0,False,Factor / Style,Factor / Style,Factor / Style,Factor / Style,Factor / Style
2026-09-14,IJR,141.32000732421875,142.1199951171875,141.0449981689453,141.25999450683594,2826758.0,251,399307819.55215454,386920335.9349594,479622727.8096687,-0.0610210568039957,-0.0138023346734589,0.16272773857759,0.0,0.0,0.1444244913064512,-0.0,-0.0,0.0235018708655176,0.0082256548029311,-0.0,146.12000091552736,137.57495752970377,-0.0031790215841255,150.5,150.69000244140625,0.9374211441914532,1.446251678466797,0.010238225504085,141.0449981689453,141.0449981689453,141.0449981689453,-0.001521990275033,iShares Core S&P Small-Cap ETF,P,True,False,False,False,False,False,False,False,False,,False,,,111317172224.0,Other,unknown,25.0,True,,False,True,59.0,True,True,False,176.0,,0,0,False,Other,Other,Other,Other,Other
2026-09-14,VIOO,130.99000549316406,131.69000244140625,130.77999877929688,130.9199981689453,101902.0,251,13341009.653411863,11331611.37157135,10899953.364961654,-0.0613707902265417,-0.0143051426780563,0.162183722996837,0.0,0.0,0.1435530879693342,-0.0,-0.0,0.023281974254559,0.0081486909890956,-0.0,135.4549996948242,127.5328663635254,-0.003127759795073,139.30999755859375,139.6999969482422,0.9371510453035314,1.3125,0.010025206373027,130.77999877929688,130.77999877929688,130.77999877929688,-0.0010693506844369,Vanguard S&P Small-Cap 600 ETF,P,True,False,False,False,False,False,False,False,False,,False,,,6406161408.0,Other,unknown,335.0,True,,False,True,448.0,True,True,False,177.0,,0,0,False,Other,Other,Other,Other,Other
2026-09-14,QUAL,219.3500061035156,220.81500244140625,219.43499755859372,220.1499938964844,767394.0,251,168941784.41619873,190442398.0182648,230379443.40529668,-0.0251948394158364,0.0167463735499855,0.1325324564715524,0.0,0.0502868981249781,0.1635414168410522,-0.0,0.0008421231806709,0.0216745457087827,0.00813347106551,0.1605902978069836,221.25640075683597,210.8141027832031,0.0046605827709202,225.97999572753903,227.32000732421875,0.968458502565909,1.5784988403320312,0.0071701062189184,217.9199981689453,217.9199981689453,217.9199981689453,-0.0101294380620678,iShares MSCI USA Quality Factor ETF,Z,True,False,False,False,False,False,False,False,False,,False,,,45917487104.0,Country / Region,unknown,66.0,True,,False,True,100.0,True,True,False,178.0,,0,0,False,Country / Region,Country / Region,Country / Region,Country / Region,Country / Region
2026-09-14,ACWI,158.8000030517578,159.64999389648438,158.35000610351562,158.9600067138672,1469465.0,251,233586166.26579285,297381488.2089958,413567608.8873957,-0.0205187424365379,0.0225138289517892,0.1465726319478257,0.0,0.0559283963597386,0.1421349242188064,-0.0,0.001259162349191,0.0208330899344552,0.0081100370040334,0.3940380964175296,158.73359954833984,151.8932876586914,0.0057442645391847,162.5800018310547,162.8000030517578,0.9764127993494582,1.2150009155273438,0.0076434377466678,158.35000610351562,158.35000610351562,158.35000610351562,-0.0038374470595586,iShares MSCI ACWI ETF,Q,True,False,False,False,False,False,False,False,False,,False,,,33203742720.0,Country / Region,unknown,90.0,True,,False,True,69.0,True,True,False,179.0,,0,0,False,Country / Region,Country / Region,Country / Region,Country / Region,Country / Region
2026-09-14,DXJ,177.47000122070312,178.02999877929688,176.67999267578125,177.19000244140625,218670.0,251,38746137.83386231,52281398.635009766,56683643.65001376,-0.0273370795278846,0.0421043459079655,0.1460870883449392,0.0,0.0735667094469737,0.1191819550344523,-0.0,0.0030974781818661,0.0174109447942406,0.0081071914961972,0.6681880818703928,176.99100067138673,168.83845662434896,0.0036760664652784,182.1499938964844,183.1100006103516,0.9676697168411748,2.094500732421875,0.0118206484765667,172.92999267578125,172.92999267578125,172.92999267578125,-0.0240420436081528,WisdomTree Japan Hedged Equity Fund,P,True,False,False,False,False,False,False,False,False,,False,,,7079662592.0,Country / Region,unknown,307.0,True,,False,True,259.0,True,True,False,180.0,,0,0,False,Country / Region,Country / Region,Country / Region,Country / Region,Country / Region
2026-09-14,AVDV,110.44000244140624,111.12999725341795,110.08999633789062,110.55999755859376,567521.0,251,62745120.37445068,76844612.6207428,89044716.84121267,0.0020154648969739,0.0428411053540587,0.1394253620530432,0.015576736858531,0.0898595683866756,0.11445658898742,3.139436634776899e-05,0.0038496832363238,0.0159581513589274,0.008087647079235,0.7000451479191923,107.59934280395508,105.0004397583008,0.0145989328688693,113.46282336330457,113.46282336330457,0.9744160622954352,1.120138015365106,0.0101314945739887,110.08999633789062,109.16815030448105,109.16815030448105,-0.0125890673376243,Avantis International Small Cap Value ETF,P,True,False,False,False,False,False,False,False,False,,False,,,19221213184.0,Factor / Style,unknown,139.0,True,,False,True,195.0,True,True,False,181.0,,0,0,False,Factor / Style,Factor / Style,Factor / Style,Factor / Style,Factor / Style
2026-09-14,SIL,93.08999633789062,94.12000274658205,91.75,93.2699966430664,1376882.0,251,128421779.51789856,125941464.3007164,102743002.58450826,0.0415409655447864,0.1434700224932319,-0.0095585643341318,0.0717314289572905,0.0859031672133707,0.0,0.0029797928187931,0.0123245293323421,-0.0,0.0080109440660224,0.8272810215967047,86.26640014648437,90.5607004292806,0.0455737749491831,104.48999786376952,104.48999786376952,0.8926212895962408,4.003499603271484,0.0429237669922131,91.75,87.18000030517578,87.18000030517578,-0.0652942699375914,Global X Silver Miners ETF,P,True,False,False,False,False,False,False,False,False,,False,,,4207305472.0,Commodity,unknown,412.0,True,,False,True,176.0,True,True,False,182.0,,0,0,False,Commodity,Commodity,Commodity,Commodity,Commodity
2026-09-14,VTWO,116.29000091552734,117.1500015258789,116.04499816894533,116.37000274658205,1309293.0,251,152362430.00608063,146269340.4727772,177378021.40786996,-0.0562808770530873,-0.0144517068478806,0.1738595294972356,0.0,0.0,0.1307338556270142,-0.0,-0.0,0.0227293266286722,0.0079552643200352,-0.0,119.68800018310549,113.008620707194,-0.0038717215842444,123.0199966430664,123.37000274658205,0.9432601131218348,1.2367507934570312,0.0106277456755783,116.04499816894533,116.04499816894533,116.04499816894533,-0.0027928552888709,Vanguard Russell 2000 ETF,Q,True,False,False,False,False,False,False,False,False,,False,,,18552160256.0,US Equity,unknown,140.0,True,,False,True,119.0,True,True,False,183.0,,0,0,False,US Equity,US Equity,US Equity,US Equity,US Equity
2026-09-14,FBCG,60.810001373291016,61.369998931884766,60.5099983215332,61.02000045776367,1777481.0,251,108461891.43366624,35309448.672730826,37464131.003539495,-0.0332699383659256,-0.0003276614918691,0.1908664804631894,0.0,0.0,0.1189925487400732,-0.0,-0.0,0.0227116889793623,0.0079490911427768,-0.0,61.34120002746582,58.31176671346029,0.0014088664328368,63.52000045776367,64.31999969482422,0.9486940414689384,0.7749504089355469,0.012699941054113,60.5099983215332,60.5099983215332,60.5099983215332,-0.0083579503835545,Fidelity Blue Chip Growth ETF,Z,True,False,False,False,False,False,False,False,False,,False,,,6965341696.0,Factor / Style,unknown,312.0,True,,False,True,314.0,True,True,False,184.0,,0,0,False,Factor / Style,Factor / Style,Factor / Style,Factor / Style,Factor / Style
2026-09-14,EWZ,37.2599983215332,37.8650016784668,37.18000030517578,37.720001220703125,21084010.0,251,795288882.9373169,921998033.4872476,757945180.7600427,0.1117005859545838,0.0848744608170402,0.0729527699135297,0.4401859055585584,0.1224024446723266,0.0462597873253212,0.0491690235798401,0.0103888414942513,0.0033747796209929,0.0079339198386109,1.1850502313344164,35.8089998626709,36.64545547485351,0.0201238675872024,39.09999847412109,41.62374534901532,0.9062135303880204,0.8729999542236329,0.0231442186100586,35.79999923706055,33.650001525878906,33.650001525878906,-0.1079003065511658,iShares MSCI Brazil ETF,P,True,False,False,False,False,False,False,False,False,,False,,,9067350016.0,Country / Region,unknown,266.0,True,,False,True,40.0,True,True,False,185.0,,0,0,False,Country / Region,Country / Region,Country / Region,Country / Region,Country / Region
2026-09-14,IWM,287.489990234375,289.8399963378906,287.05499267578125,287.9100036621094,25767121.0,251,7418611901.472015,5536318920.048271,6259488416.353758,-0.0563112290864962,-0.014867157612734,0.1724240649392918,0.0,0.0,0.1297632504213809,-0.0,-0.0,0.0223743071173897,0.0078310074910864,-0.0,296.0872021484375,279.71321400960284,-0.0041249317673873,304.3299865722656,305.17999267578125,0.9434104809353632,3.087748718261719,0.0107247010488926,287.05499267578125,287.05499267578125,287.05499267578125,-0.0029697161455062,iShares Russell 2000 Index Fund,P,True,False,False,False,False,False,False,False,False,,False,,,82970353664.0,US Equity,unknown,35.0,True,,False,True,3.0,True,True,False,186.0,,0,0,False,US Equity,US Equity,US Equity,US Equity,US Equity
2026-09-14,MTUM,298.6000061035156,301.760009765625,297.7099914550781,299.70001220703125,972617.0,251,291493326.7727661,281607446.6792145,477557916.76092726,-0.055199961286612,-0.0751198318963048,0.2335690942303532,0.0,0.0,0.0951023285952588,-0.0,-0.0,0.022212964749192,0.0077745376622172,-0.0,307.3130017089844,289.4128191121419,-0.0194218352931025,324.0400085449219,345.5899963378906,0.8672126374688468,5.785000610351562,0.0193026372196318,293.3299865722656,293.3299865722656,293.3299865722656,-0.0212546725902875,iShares MSCI USA Momentum Factor ETF,Z,True,False,False,False,False,False,False,False,False,,False,,,29047369728.0,Country / Region,unknown,96.0,True,,False,True,61.0,True,True,False,187.0,,0,0,False,Country / Region,Country / Region,Country / Region,Country / Region,Country / Region
2026-09-14,VT,158.6300048828125,159.39999389648438,158.0800018310547,158.72999572753906,2603700.0,251,413285289.8757935,315556359.51309204,402332911.4222209,-0.0216949415868162,0.019280989779097,0.1444779929680124,0.0,0.0476251789480817,0.1400586063005772,-0.0,0.0009182605885256,0.0202353863362044,0.0076792546002132,0.2993447640607428,158.5875994873047,151.97508799235027,0.005553166394804,162.55999755859375,162.7100067138672,0.975539236542918,1.2129997253417968,0.0076419061172528,158.0800018310547,158.0800018310547,158.0800018310547,-0.0040949657530394,Vanguard Total World Stock Index ETF,P,True,False,False,False,False,False,False,False,False,,False,,,96774266880.0,Global Equity,unknown,28.0,True,,False,True,72.0,True,True,False,188.0,,0,0,False,Global Equity,Global Equity,Global Equity,Global Equity,Global Equity
2026-09-14,FLOT,50.95000076293945,50.970001220703125,50.93999862670898,50.959999084472656,2741523.0,251,139708009.57006073,98535173.5892742,101231919.03670986,0.0035581280358163,0.0098787588315247,0.0245234829965947,0.6052133912599029,0.5452823260394238,0.4789323907378007,0.0021534267350933,0.0053867125940363,0.0117450903407769,0.0076121448053955,1.005918126552914,50.75230888366699,50.30796910603841,0.0015640264432692,50.970001220703125,50.970001220703125,0.9998037642536606,0.0324455351623722,0.0006366863372306,50.86000061035156,50.76935577392578,50.76935577392578,-0.0037410383432475,iShares Floating Rate Bond ETF,Z,True,False,False,False,False,False,False,False,False,,False,,,9968492544.0,Bond,unknown,249.0,True,,False,True,177.0,True,True,False,189.0,,0,0,False,Bond,Bond,Bond,Bond,Bond
2026-09-14,CGUS,44.25,44.470001220703125,44.150001525878906,44.31999969482422,1313252.0,251,58203328.239227295,61611668.36855774,50686357.65395053,-0.0375678517024609,0.0158585624538225,0.1363107731998136,0.0,0.0413411554790502,0.1475237492097004,-0.0,0.0006556112960777,0.0201090763201096,0.0074643240544888,0.2194796288001536,44.91989990234375,42.748766352335615,0.0038549948381629,46.060001373291016,46.79600143432617,0.9470894592783362,0.3389999389648437,0.0076489156430304,44.150001525878906,44.150001525878906,44.150001525878906,-0.0038356987842029,Capital Group Core Equity ETF,P,True,False,False,False,False,False,False,False,False,,False,,,11122103296.0,Other,unknown,225.0,True,,False,True,279.0,True,True,False,190.0,,0,0,False,Other,Other,Other,Other,Other
2026-09-14,GSIE,47.15999984741211,47.4900016784668,47.06499862670898,47.22999954223633,333385.0,251,15745773.397388458,16729674.284588814,19214976.15043307,-0.0219507424558813,0.0383204701930699,0.120621285092217,0.0,0.1005002379781447,0.1171552019773436,-0.0,0.0038512163738379,0.0141314110177454,0.0074492844992055,0.3637811480874715,47.19930015563965,45.40019236246745,0.0093067098202124,48.4900016784668,48.4900016784668,0.9740152177229146,0.3960504531860351,0.0083855697019827,47.05500030517578,47.05500030517578,47.05500030517578,-0.0037052559550428,Goldman Sachs ActiveBeta International Equity ETF,P,True,False,False,False,False,False,False,False,False,,False,,,5800200704.0,Global Equity,unknown,355.0,True,,False,True,401.0,True,True,False,191.0,,0,0,False,Global Equity,Global Equity,Global Equity,Global Equity,Global Equity
2026-09-14,ACWV,126.25,126.97000122070312,126.38999938964844,126.63999938964844,69874.0,251,8848843.317352295,9007024.196888734,11798109.77923584,-0.0010254575756122,0.0457214330659729,0.059071439746154,0.0,0.1724011292187733,0.110477481940972,-0.0,0.0078824266900743,0.0065260639177829,0.0074076997197723,0.7509516570147955,124.9686004638672,121.83758463541666,0.0112020781393906,128.4499969482422,128.4499969482422,0.9859089326461948,0.7795009613037109,0.0061552508296002,125.06999969482422,125.06999969482422,125.06999969482422,-0.0123973444598148,iShares MSCI Global Min Vol Factor ETF,Z,True,False,False,False,False,False,False,False,False,,False,,,3240488448.0,Country / Region,unknown,477.0,True,,False,True,442.0,True,True,False,192.0,,0,0,False,Country / Region,Country / Region,Country / Region,Country / Region,Country / Region
2026-09-14,VXF,235.5800018310547,238.08999633789065,235.94000244140625,236.9199981689453,365544.0,251,86604683.81066895,74418985.56870727,97906168.85720292,-0.0545890167653048,-0.0039345345086813,0.1625987636466068,0.0,0.0,0.1299847637021031,-0.0,-0.0,0.0211353618708583,0.0073973766548004,-0.0,241.70539916992183,228.8683842976888,-0.0019872999377185,250.5,250.75,0.9448454563068608,2.4605003356933595,0.0103853636447304,235.8600006103516,235.8600006103516,235.8600006103516,-0.0044740738088216,Vanguard Extended Market ETF,P,True,False,False,False,False,False,False,False,False,,False,,,97684774912.0,Other,unknown,27.0,True,,False,True,183.0,True,True,False,193.0,,0,0,False,Other,Other,Other,Other,Other
2026-09-14,EEMV,74.62999725341797,75.04000091552734,74.47000122070312,74.61000061035156,234726.0,251,17512907.00326538,12538159.349453736,16889586.27278549,-0.0041377144443424,0.0035915410930611,0.1728116776485917,0.0,0.0061597269634184,0.1215610839048559,-0.0,2.2122912511154183e-05,0.0210071748463793,0.007366891089365,0.008356556102945,73.8018002319336,70.89568829854329,0.0026165241612741,76.91000366210938,77.38999938964844,0.9640780617492972,0.7805000305175781,0.0104610645239599,74.47000122070312,74.19999694824219,74.19999694824219,-0.0054952909630788,iShares MSCI Emerging Markets Min Vol Factor ETF,Z,True,False,False,False,False,False,False,False,False,,False,,,3654402304.0,Country / Region,unknown,452.0,True,,False,True,414.0,True,True,False,194.0,,0,0,False,Country / Region,Country / Region,Country / Region,Country / Region,Country / Region
2026-09-14,FNDE,42.11000061035156,42.470001220703125,42.095001220703125,42.29999923706055,2503313.0,251,105890137.99012376,73310414.29326686,45945548.0334317,0.0247093141455041,0.0365253326690313,0.1302537265572076,0.2428563254251327,0.0854764834997525,0.1169984723920454,0.0060008132371523,0.0031220569952074,0.0152394870305645,0.0073631575075824,0.7574215892860701,41.32859962463379,40.21175605773926,0.013700797823233,43.18000030517578,43.18000030517578,0.9796201699422,0.3557500839233398,0.0084101676203259,42.060001373291016,40.95000076293945,40.95000076293945,-0.0319148581198628,Schwab Fundamental Emerging Markets Equity ETF,P,True,False,False,False,False,False,False,False,False,,False,,,9189189632.0,Country / Region,unknown,261.0,True,,False,True,288.0,True,True,False,195.0,,0,0,False,Country / Region,Country / Region,Country / Region,Country / Region,Country / Region
2026-09-14,BLCR,48.66999816894531,48.869998931884766,48.4900016784668,48.619998931884766,591616.0,251,28764369.288085938,18946694.04013748,20631827.726197984,-0.0414038296190176,-0.0118288024143881,0.1661455105271527,0.0,0.0,0.1250007486022821,-0.0,-0.0,0.0207683131928024,0.0072689096174808,-0.0,49.35179977416992,47.13920003255208,-0.002131137341952,50.93000030517578,51.02000045776367,0.9529595941915814,0.4700490951538086,0.0096678137696451,48.4900016784668,48.4900016784668,48.4900016784668,-0.0026737403593959,iShares Large Cap Core Active ETF,Q,True,False,False,False,False,False,False,False,False,,False,,,6449013248.0,Factor / Style,unknown,333.0,True,,False,True,393.0,True,True,False,196.0,,0,0,False,Factor / Style,Factor / Style,Factor / Style,Factor / Style,Factor / Style
2026-09-14,DFAS,80.04000091552734,80.56500244140625,79.9800033569336,80.16000366210938,395726.0,251,31721397.60919189,34528069.05766754,38346705.06542533,-0.0511363579919845,-0.0013681045165697,0.1489563007103218,0.0,0.0,0.1391921942893089,-0.0,-0.0,0.0207335543490878,0.0072567440221807,-0.0,81.88760009765625,77.77908487955729,-0.0001880991253552,84.33000183105469,84.5199966430664,0.948414657428708,0.7749496459960937,0.0096675350622819,79.83399963378906,79.83399963378906,79.83399963378906,-0.0040669163351648,Dimensional U.S. Small Cap ETF,P,True,False,False,False,False,False,False,False,False,,False,,,15242885120.0,Factor / Style,unknown,169.0,True,,False,True,309.0,True,True,False,197.0,,0,0,False,Factor / Style,Factor / Style,Factor / Style,Factor / Style,Factor / Style
2026-09-14,CGXU,34.380001068115234,34.584999084472656,34.16999816894531,34.31999969482422,703619.0,251,24148203.86527252,35679466.04899559,33257169.06843385,-0.025276893291398,-0.0036470701065394,0.1939795272074209,0.0,0.0,0.1062103455463355,-0.0,-0.0,0.0206026326136149,0.0072109214147652,-0.0,34.410500030517575,32.75805038452148,0.0032669655715444,36.0,36.0,0.9533333248562283,0.4746000289916992,0.0138286722963833,34.16999816894531,34.16999816894531,34.16999816894531,-0.0043706738698348,Capital Group International Focus Equity ETF,P,True,False,False,False,False,False,False,False,False,,False,,,6228755968.0,Global Equity,unknown,342.0,True,,False,True,334.0,True,True,False,198.0,,0,0,False,Global Equity,Global Equity,Global Equity,Global Equity,Global Equity
2026-09-14,SLYG,110.36000061035156,110.83999633789062,109.9718017578125,110.11000061035156,98482.0,251,10843853.080108644,12416494.250341795,13983870.06819177,-0.0757155783683829,-0.0223190155514159,0.160188896065764,0.0,0.0,0.1275339109745277,-0.0,-0.0,0.020429516409959,0.0071503307434856,-0.0,115.50300018310548,108.3774826558431,-0.0073277047579117,119.19000244140624,119.83999633789062,0.918808444385252,1.1274093627929689,0.0102389370315467,109.9718017578125,109.9718017578125,109.9718017578125,-0.0012550980998365,State Street SPDR S&P 600 Small Cap Growth ETF,P,True,False,False,False,False,False,False,False,False,,False,,,5195253248.0,Factor / Style,unknown,370.0,True,,False,True,430.0,True,True,False,199.0,,0,0,False,Factor / Style,Factor / Style,Factor / Style,Factor / Style,Factor / Style
2026-09-14,RSP,214.6499938964844,215.75,214.30999755859372,215.00999450683597,6644760.0,251,1428689811.0992432,1281665091.7799375,1678834423.939054,-0.0348341770292109,0.0198095371538467,0.1201257354680667,0.0,0.0569421907115693,0.1517696673985231,-0.0,0.0011279984425222,0.0182314429179914,0.0071142040089364,0.0967558058463782,217.31999877929687,206.82303304036455,0.0050706732902756,223.44000244140625,223.44000244140625,0.9622717157068552,1.7940017700195312,0.0083438064083225,213.02999877929688,213.02999877929688,213.02999877929688,-0.0092088543701447,Invesco S&P 500 Equal Weight ETF,P,True,False,False,False,False,False,False,False,False,,False,,,93655826432.0,Factor / Style,unknown,34.0,True,,False,True,20.0,True,True,False,200.0,,0,0,False,Factor / Style,Factor / Style,Factor / Style,Factor / Style,Factor / Style
2026-09-14,IJT,165.08999633789062,165.96499633789062,164.7899932861328,164.92999267578125,137450.0,251,22669627.493286133,39854444.3876648,38152720.64729721,-0.0760224499956232,-0.0227702442529216,0.159634842520741,0.0,0.0,0.1266297406303956,-0.0,-0.0,0.0202145187039754,0.0070750815463914,-0.0,173.08399993896484,162.40780497233072,-0.0074149714991841,178.58999633789062,179.67999267578125,0.9179096137508462,1.694499969482422,0.0102740559311941,164.7899932861328,164.7899932861328,164.7899932861328,-0.0008488413015553,iShares S&P SmallCap 600 Growth ETF,Q,True,False,False,False,False,False,False,False,False,,False,,,8216008192.0,Factor / Style,unknown,278.0,True,,False,True,310.0,True,True,False,201.0,,0,0,False,Factor / Style,Factor / Style,Factor / Style,Factor / Style,Factor / Style
2026-09-14,IWR,109.41000366210938,109.95999908447266,109.27999877929688,109.55999755859376,1299017.0,251,142320299.34857178,126789838.27412264,193146184.42318824,-0.0458108530762134,0.0104121312657488,0.1345942967078766,0.0,0.027597777407271,0.145966007302229,-0.0,0.0002873516810074,0.0196461920961002,0.0070629458262899,0.0313122062837123,111.25480010986328,105.78601618448891,0.002123960926653,114.6500015258789,114.97000122070312,0.952944214972008,0.9505001068115234,0.0086756127052958,108.88999938964844,108.88999938964844,108.88999938964844,-0.0061153539966719,iShares Russell Mid-Cap ETF,P,True,False,False,False,False,False,False,False,False,,False,,,56977440768.0,Other,unknown,51.0,True,,False,True,116.0,True,True,False,202.0,,0,0,False,Other,Other,Other,Other,Other
2026-09-14,SMLF,85.56999969482422,86.12999725341797,85.40499877929688,85.66999816894531,126667.0,251,10851561.658065796,15816211.80845108,14212811.527257768,-0.0547280065628116,-0.0115836104183131,0.1567313141123338,0.0,0.0,0.1277829975582513,-0.0,-0.0,0.0200275971285178,0.0070096589949812,-0.0,87.82057983398437,83.28180135091146,-0.0023175320718006,90.61399841308594,90.73500061035156,0.9441780745320412,0.88594970703125,0.0103414232049371,85.26000213623047,85.26000213623047,85.26000213623047,-0.0047857597931344,iShares U.S. Small-Cap Equity Factor ETF,P,True,False,False,False,False,False,False,False,False,,False,,,4182715648.0,Factor / Style,unknown,413.0,True,,False,True,429.0,True,True,False,203.0,,0,0,False,Factor / Style,Factor / Style,Factor / Style,Factor / Style,Factor / Style
2026-09-14,USMV,99.87000274658205,100.37000274658205,99.87000274658205,100.1999969482422,1530231.0,251,153329141.5301056,148318979.6503578,195320718.23571023,-0.0091960875154117,0.04647516395031,0.0616137718159279,0.0,0.156966433344367,0.1037557390065415,-0.0,0.0072950407243748,0.006392782427742,0.0069792503205533,0.7298966950803563,99.32659973144531,96.2337744140625,0.0098004723441493,102.20999908447266,102.20999908447266,0.9803345841479828,0.7214996337890625,0.0072005953669015,98.94000244140624,98.94000244140624,98.94000244140624,-0.0125747958603908,iShares MSCI USA Min Vol Factor ETF,Z,True,False,False,False,False,False,False,False,False,,False,,,23007752192.0,Country / Region,unknown,118.0,True,,False,True,115.0,True,True,False,204.0,,0,0,False,Country / Region,Country / Region,Country / Region,Country / Region,Country / Region
2026-09-14,BSCQ,19.55500030517578,19.559999465942383,19.549999237060547,19.549999237060547,1445177.0,251,28253209.24741745,20494934.8985014,18470108.34937353,0.0029216325564915,0.0095654216630722,0.0192214431042758,0.5328253537714805,0.5534848199884874,0.5241307690013367,0.0015567199005029,0.0052943156872995,0.0100745497555595,0.0069673976111905,1.0093896627560657,19.48081977844238,19.333400484720865,0.001490659609886,19.559999465942383,19.559999465942383,0.9994887408407528,0.015088018208387,0.0007717656673758,19.520000457763672,19.49803087329476,19.49803087329476,-0.0026582284293533,Invesco BulletShares 2026 Corporate Bond ETF,Q,True,False,False,False,False,False,False,False,False,,False,,,3705947392.0,Bond,unknown,448.0,True,,False,True,406.0,True,True,False,205.0,,0,0,False,Bond,Bond,Bond,Bond,Bond
2026-09-14,BBCA,103.80999755859376,104.78500366210938,103.66000366210938,104.37999725341795,244644.0,251,25535940.048065186,21717723.85344696,23088562.78309656,-0.027485367812443,0.0355594720085175,0.1104570478047093,0.0,0.0926950329981168,0.1213930798263306,-0.0,0.0032961864312251,0.0134087212215379,0.0068355736078346,0.2875832112271668,104.32740005493164,99.95107365926108,0.011623908837772,108.05999755859376,108.05999755859376,0.965944841862685,1.1997501373291015,0.011494061782894,103.66000366210938,103.66000366210938,103.66000366210938,-0.0068978119395861,JPMorgan BetaBuilders Canada ETF,Z,True,False,False,False,False,False,False,False,False,,False,,,10509565952.0,Country / Region,unknown,238.0,True,,False,True,385.0,True,True,False,206.0,,0,0,False,Country / Region,Country / Region,Country / Region,Country / Region,Country / Region
2026-09-14,JTEK,98.48999786376952,100.4250030517578,98.12999725341795,99.94000244140624,189555.0,251,18944127.16278076,25506181.32094574,28256416.55961052,-0.0359795099201264,-0.0467378297180791,0.2274625975062318,0.0,0.0,0.0856257905323841,-0.0,-0.0,0.0194766647280206,0.0068168326548072,-0.0,99.83783981323242,95.5841731262207,-0.0144584772021475,104.20999908447266,111.81999969482422,0.8937578493485915,1.8538009643554687,0.0185491386738991,97.18000030517578,97.18000030517578,97.18000030517578,-0.027616590642457,JPMorgan U.S. Tech Leaders ETF,Q,True,False,False,False,False,False,False,False,False,,False,,,4632256512.0,Other,unknown,394.0,True,,False,True,360.0,True,True,False,207.0,,0,0,False,Other,Other,Other,Other,Other
2026-09-14,INTF,42.380001068115234,42.59999847412109,42.24240112304688,42.38999938964844,332650.0,251,14101033.296966553,10510152.432384493,10306291.615894863,-0.020790055598176,0.0319141378745804,0.1253328720855717,0.0,0.0794883543319489,0.1172782485720447,-0.0,0.0025368022995733,0.0146988197266999,0.0067935083990676,0.3007432580429338,42.27672012329101,40.7412452952067,0.0093542019878996,43.4900016784668,43.4900016784668,0.97470677750369,0.352130126953125,0.0083069151220397,42.24240112304688,42.24240112304688,42.24240112304688,-0.0034819124493218,iShares International Equity Factor ETF,P,True,False,False,False,False,False,False,False,False,,False,,,3470813184.0,Factor / Style,unknown,466.0,True,,False,True,451.0,True,True,False,208.0,,0,0,False,Factor / Style,Factor / Style,Factor / Style,Factor / Style,Factor / Style
2026-09-14,VO,80.55000305175781,80.8499984741211,80.36160278320312,80.61000061035156,2468157.0,251,198958137.27644348,182140796.17683333,230764691.70644823,-0.0455836906920934,0.0131021257789882,0.123461273084293,0.0,0.0399730398530999,0.1486747440586378,-0.0,0.0005237317959238,0.0183555731769608,0.0067648762792867,0.0571253694883342,81.75839965820313,77.94485260009766,0.0031849970010056,84.45999908447266,84.58999633789062,0.952949569690946,0.6929195404052735,0.0085959500701987,80.36160278320312,80.36160278320312,80.36160278320312,-0.0030814765570977,Vanguard Morningstar Mid-Cap ETF,P,True,False,False,False,False,False,False,False,False,,False,,,223974162432.0,Other,unknown,11.0,True,,False,True,99.0,True,True,False,209.0,,0,0,False,Other,Other,Other,Other,Other
2026-09-14,VIG,239.13999938964844,239.57000732421875,238.44000244140625,238.5800018310547,882453.0,251,210535638.3558197,210127643.6717125,249042307.39711872,-0.0277121318625994,0.0164077961799173,0.1056961076907421,0.0,0.0620171876289956,0.1643581733068977,-0.0,0.0010175653742682,0.0173720191856995,0.0067416242082691,0.1340347585957719,241.19859924316407,230.9395266723633,0.0044306987759394,246.5399932861328,247.4499969482422,0.9641543939115796,1.5525016784667969,0.0065072582217773,237.55999755859372,237.55999755859372,237.55999755859372,-0.0042753133734286,Vanguard Div Appreciation ETF,P,True,False,False,False,False,False,False,False,False,,False,,,129462992896.0,Other,unknown,20.0,True,,False,True,93.0,True,True,False,210.0,,0,0,False,Other,Other,Other,Other,Other
2026-09-14,IDMO,61.790000915527344,62.310001373291016,61.52999877929688,61.959999084472656,273753.0,251,16961735.629371643,19906675.85190315,20583827.188075595,-0.0205500991393171,0.0447311177000178,0.1432854886796559,0.0,0.07226729030525,0.0918701196974739,-0.0,0.0032325966685054,0.013163654995911,0.0067084670830974,0.449113549951839,61.475800018310544,59.17142946879069,0.007941110179747,63.880001068115234,63.880001068115234,0.969943613783048,0.7400001525878906,0.0119431917934507,61.43000030517578,61.43000030517578,61.43000030517578,-0.0085538861705647,Invesco S&P International Developed Momentum ETF,P,True,False,False,False,False,False,False,False,False,,False,,,3922271744.0,Factor / Style,unknown,433.0,True,,False,True,394.0,True,True,False,211.0,,0,0,False,Factor / Style,Factor / Style,Factor / Style,Factor / Style,Factor / Style
2026-09-14,GUNR,56.27000045776367,56.33000183105469,55.91999816894531,55.93999862670898,254285.0,251,14224702.550792694,17697466.95376873,28218207.99231605,0.0458028953330258,0.0652411909130261,0.0443327796065211,0.2955366625375258,0.1405653012533939,0.0466110714894079,0.013536434821278,0.0091706476548197,0.0020663983595637,0.0066841604014801,1.0530636355185548,53.63020004272461,53.453602447509766,0.0274811387872369,58.06999969482422,58.06999969482422,0.9633201122901834,0.7404998779296875,0.0132373953541023,55.91999816894531,53.58000183105469,53.58000183105469,-0.0421880023881069,Northern Trust Morningstar Global Upstream Natural Resources ETF,P,True,False,False,False,False,False,False,False,False,,False,,,6723008512.0,Global Equity,unknown,321.0,True,,False,True,361.0,True,True,False,212.0,,0,0,False,Global Equity,Global Equity,Global Equity,Global Equity,Global Equity
2026-09-14,SCHA,33.380001068115234,33.599998474121094,33.3223991394043,33.40999984741211,5135650.0,251,171582065.716362,104477992.43605614,84741969.30319469,-0.0628331439716978,-0.0382851884671935,0.1685734873306585,0.0,0.0,0.1131734345191267,-0.0,-0.0,0.0190780405300771,0.0066773141855269,-0.0,34.41820007324219,32.69205220540365,-0.0077706243712404,35.86000061035156,36.20000076293945,0.9229281531291108,0.410879898071289,0.0122981113423475,33.3223991394043,33.3223991394043,33.3223991394043,-0.0026219906736874,Schwab U.S. Small-Cap ETF,P,True,False,False,False,False,False,False,False,False,,False,,,24157184000.0,Other,unknown,114.0,True,,False,True,201.0,True,True,False,213.0,,0,0,False,Other,Other,Other,Other,Other
2026-09-14,XMHQ,114.23999786376952,114.93000030517578,114.15499877929688,114.41999816894533,136567.0,251,15625995.889938354,17396038.897928618,18884116.47995068,-0.0455455389520121,0.0295569830112634,0.1244177543836131,0.0,0.0709766184079469,0.1207232662652158,-0.0,0.0020978547044806,0.0150201176905731,0.006620646749613,0.1431402501290401,116.11799987792968,110.33368260701498,0.0080902098521247,119.98999786376952,119.98999786376952,0.9535794666723127,1.1277496337890625,0.0098562283852154,114.02999877929688,114.02999877929688,114.02999877929688,-0.0034084897385908,Invesco S&P MidCap Quality ETF,P,True,False,False,False,False,False,False,False,False,,False,,,5417101824.0,Factor / Style,unknown,364.0,True,,False,True,404.0,True,True,False,214.0,,0,0,False,Factor / Style,Factor / Style,Factor / Style,Factor / Style,Factor / Style
2026-09-14,BAI,42.54999923706055,43.2400016784668,42.31999969482422,42.7599983215332,1608570.0,251,68782450.50006866,101745562.61180688,152008641.2988566,-0.0857387662386652,-0.1262770837472612,0.2879517270754221,0.0,0.0,0.0656863937682408,-0.0,-0.0,0.0189145105309211,0.0066200786858224,-0.0,44.35399993896485,42.431933301289874,-0.0294996755710246,48.29999923706055,54.459999084472656,0.7851634050747662,1.228349494934082,0.0287266029735905,42.31999969482422,42.31999969482422,42.31999969482422,-0.010289958933123,iShares A.I. Innovation and Tech Active ETF,P,True,False,False,False,False,False,False,False,False,,False,,,15693548544.0,Industry / Theme,unknown,163.0,True,,False,True,132.0,True,True,False,215.0,,0,0,False,Industry / Theme,Industry / Theme,Industry / Theme,Industry / Theme,Industry / Theme
2026-09-14,VBR,241.52999877929688,242.63619995117188,241.01499938964844,241.66000366210935,201209.0,251,48624167.676849365,68789507.31542206,63077408.12365093,-0.0397361513728119,0.0059313851090119,0.1320430094614553,0.0,0.0163891902668736,0.1417066000577014,-0.0,9.72105990976976e-05,0.0187113659321697,0.0066121649656729,0.009764583840211,245.8152005004883,234.06502258300785,0.0025236340100236,251.8300018310547,251.8500061035156,0.959539399664664,2.381059265136719,0.0098529306838293,239.8000030517578,239.8000030517578,239.8000030517578,-0.0076967664576891,Vanguard Morningstar Small-Cap Value ETF,P,True,False,False,False,False,False,False,False,False,,False,,,67781795840.0,Factor / Style,unknown,46.0,True,,False,True,244.0,True,True,False,216.0,,0,0,False,Factor / Style,Factor / Style,Factor / Style,Factor / Style,Factor / Style
2026-09-14,CORO,36.560001373291016,36.78499984741211,36.43000030517578,36.58000183105469,564466.0,251,20648167.313568115,25956576.10224686,30336302.14108349,-0.017458977146756,0.0166591798197155,0.1544410764181731,0.0,0.0311675529451295,0.1143603254658189,-0.0,0.0005192258690534,0.0176619317644736,0.0065191729324505,0.1555893978143253,36.40640037536621,34.991963920593264,0.0047134489529325,37.65999984741211,37.65999984741211,0.9713224104956644,0.4175502777099609,0.0114147145109074,36.43000030517578,36.43000030517578,36.43000030517578,-0.004100642929754,iShares International Country Rotation Active ETF,Q,True,False,False,False,False,False,False,False,False,,False,,,7762802688.0,Global Equity,unknown,291.0,True,,False,True,345.0,True,True,False,217.0,,0,0,False,Global Equity,Global Equity,Global Equity,Global Equity,Global Equity
2026-09-14,SCHV,34.220001220703125,34.29750061035156,34.11000061035156,34.15999984741211,3776958.0,251,129020884.70368196,100440246.42365684,109224964.33303843,-0.0342097574501729,-0.004457730438549,0.1233281568989614,0.0,0.0,0.1506642681196894,-0.0,-0.0,0.0185811464977322,0.0065034012742062,-0.0,34.52480026245117,32.985189297993976,-0.0002876128353596,35.4900016784668,35.4900016784668,0.9625246050111728,0.2575000762939453,0.0075380584731897,34.11000061035156,34.11000061035156,34.11000061035156,-0.0014636779064369,Schwab U.S. Large-Cap Value ETF,P,True,False,False,False,False,False,False,False,False,,False,,,15930595328.0,Factor / Style,unknown,161.0,True,,False,True,172.0,True,True,False,218.0,,0,0,False,Factor / Style,Factor / Style,Factor / Style,Factor / Style,Factor / Style
2026-09-14,DUHP,41.470001220703125,41.79999923706055,41.470001220703125,41.68999862670898,825560.0,251,34417595.26626587,26890353.93416977,31303868.56545221,-0.0257069938135756,0.0179253990888879,0.1165564425431469,0.0,0.0517710424015578,0.1441341109617637,-0.0,0.0009280165962956,0.0167997592228223,0.00648312651558,0.1973516894324549,41.94619987487793,40.12226186116536,0.0038577692457917,42.757999420166016,42.900001525878906,0.9717948052183634,0.3096996307373046,0.00742863134898,41.470001220703125,41.470001220703125,41.470001220703125,-0.0052769828076922,Dimensional US High Profitability ETF,P,True,False,False,False,False,False,False,False,False,,False,,,12324184064.0,Other,unknown,201.0,True,,False,True,341.0,True,True,False,219.0,,0,0,False,Other,Other,Other,Other,Other
2026-09-14,IBDR,24.200000762939453,24.200000762939453,24.190000534057617,24.190000534057617,556377.0,251,13458759.927137377,16081213.419149304,14221202.5107998,0.0028538475187791,0.0090906682246638,0.0196071258910037,0.6214336139952132,0.465211159790876,0.5423425026129112,0.0017734767773862,0.0042290803080699,0.0106337777247733,0.0064707244039161,0.9591745719193638,24.105877799987795,23.92378002166748,0.0015473682810287,24.209999084472656,24.209999084472656,0.999173954928901,0.0170796453716361,0.0007060622155666,24.1299991607666,24.12116241455078,24.12116241455078,-0.0028457262499815,iShares iBonds Dec 2026 Term Corporate ETF,P,True,False,False,False,False,False,False,False,False,,False,,,3504570624.0,Bond,unknown,460.0,True,,False,True,428.0,True,True,False,220.0,,0,0,False,Bond,Bond,Bond,Bond,Bond
2026-09-14,VPL,115.58000183105467,116.33999633789062,115.05999755859376,115.54000091552734,201299.0,251,23258086.64429474,48986942.50920906,47194738.20771002,-0.007217703709526,0.0074991333106295,0.1896622492588795,0.0,0.0092096854235783,0.0955691483032494,-0.0,6.906465874037615e-05,0.0181258596269497,0.0063889428976136,0.0480978668415989,113.12999969482422,109.35473327636718,0.0016982705714951,118.98999786376952,121.2300033569336,0.9530644041586523,1.745000457763672,0.0151029984761681,113.73999786376952,113.08000183105467,113.08000183105467,-0.0212913195861162,Vanguard FTSE Pacific ETF,P,True,False,False,False,False,False,False,False,False,,False,,,13825753088.0,Country / Region,unknown,183.0,True,,False,True,283.0,True,True,False,221.0,,0,0,False,Country / Region,Country / Region,Country / Region,Country / Region,Country / Region
2026-09-14,EWC,60.209999084472656,60.75,60.09999847412109,60.5,2001093.0,251,121066126.5,117504507.32700652,98576471.55471778,-0.02780008926502,0.0344532678228577,0.1045697633092452,0.0,0.089575423143907,0.1135210596078163,-0.0,0.0030861660439228,0.011870870333804,0.0061608125453812,0.3004111981735134,60.48200019836426,58.12150883992513,0.0116922911977628,62.709999084472656,62.709999084472656,0.9647584258214434,0.6914995193481446,0.0114297441214569,60.09999847412109,60.09999847412109,60.09999847412109,-0.0066115954690728,iShares MSCI Canada Index Fund,P,True,False,False,False,False,False,False,False,False,,False,,,5956639232.0,Country / Region,unknown,348.0,True,,False,True,181.0,True,True,False,222.0,,0,0,False,Country / Region,Country / Region,Country / Region,Country / Region,Country / Region
2026-09-14,BBAX,63.45000076293945,63.90499877929688,63.32500076293945,63.709999084472656,205258.0,251,13076986.992080688,11067865.008154295,13124571.232384091,-0.0043757241232947,0.0483133060176226,0.0858954733229511,0.0,0.1104980806829521,0.0813231971070683,-0.0,0.0053385275863954,0.0069852945076472,0.0059148960088335,0.4772419844342852,63.66480033874512,61.72459721883138,0.0149727895799713,65.80000305175781,65.80000305175781,0.9682370232469264,0.6384994506835937,0.0100219660941606,63.29999923706055,63.29999923706055,63.29999923706055,-0.0064354081510579,JPMorgan BetaBuilders Developed Asia Pacific-ex Japan ETF,Z,True,False,False,False,False,False,False,False,False,,False,,,6249870336.0,Country / Region,unknown,341.0,True,,False,True,436.0,True,True,False,223.0,,0,0,False,Country / Region,Country / Region,Country / Region,Country / Region,Country / Region
2026-09-14,VSGX,81.76000213623047,82.30000305175781,81.44999694824219,81.83999633789062,182954.0,251,14972954.69000244,13513345.335780334,13901800.785322402,-0.0211697674864242,0.0058661676593645,0.1559164071127401,0.0,0.0105028963173295,0.1072239445180477,-0.0,6.161175070637745e-05,0.0167179721857097,0.0058913379029575,0.019987685954227,81.8397998046875,78.68001007080078,0.0030837816056092,84.54000091552734,84.54000091552734,0.9680624018405848,0.881500244140625,0.010771020082909,81.44999694824219,81.44999694824219,81.44999694824219,-0.0047653886498022,Vanguard ESG International Stock ETF,Z,True,False,False,False,False,False,False,False,False,,False,,,6694336000.0,Global Equity,unknown,323.0,True,,False,True,432.0,True,True,False,224.0,,0,0,False,Global Equity,Global Equity,Global Equity,Global Equity,Global Equity
2026-09-14,ESGE,53.459999084472656,53.845001220703125,53.2599983215332,53.43000030517578,525986.0,251,28103432.14051819,35844895.44995193,36465883.41545493,-0.0022408764443402,-0.0165292082249109,0.185319404024348,0.0,0.0,0.0900392868847986,-0.0,-0.0,0.0166860269842681,0.0058401094444938,-0.0,52.93709999084473,51.125131403605145,0.001043839111793,55.915000915527344,57.11000061035156,0.9355629440405092,0.8120006561279297,0.0151974668068506,53.2599983215332,52.44499969482422,52.44499969482422,-0.0184353472716739,iShares ESG Aware MSCI EM ETF,Q,True,False,False,False,False,False,False,False,False,,False,,,6917690880.0,Country / Region,unknown,313.0,True,,False,True,318.0,True,True,False,225.0,,0,0,False,Country / Region,Country / Region,Country / Region,Country / Region,Country / Region
2026-09-14,XLG,62.34000015258789,62.72999954223633,62.18000030517578,62.470001220703125,902267.0,251,56364620.59140015,72273487.79072037,83646159.58701313,-0.0101410138402606,0.0206877019496991,0.1244026231540562,0.0,0.043800777576696,0.1196146214170233,-0.0,0.0009061374316717,0.014880372671857,0.0057971197657366,2.978802436442025,61.9218002319336,60.14508908589681,0.0071556095605265,63.41999816894531,64.6472954183753,0.9663204131962294,0.5600000381469726,0.0089643033008519,61.790000915527344,61.65999984741211,61.65999984741211,-0.0129662455172575,Invesco S&P 500 Top 50 ETF,P,True,False,False,False,False,False,False,False,False,,False,,,10253615104.0,US Equity,unknown,243.0,True,,False,True,206.0,True,True,False,226.0,,0,0,False,US Equity,US Equity,US Equity,US Equity,US Equity
2026-09-14,HEFA,46.36000061035156,46.56999969482422,46.25910186767578,46.380001068115234,328136.0,251,15218948.03048706,36192676.45670013,28852500.51675245,-0.029910066180727,0.0220837370910662,0.1118841878050522,0.0,0.0642983544684881,0.1231086402818162,-0.0,0.0014199479554702,0.0137739102297153,0.005743834751456,0.1746285232718137,46.81579978942871,44.77096333821615,0.003331290679291,47.79999923706055,48.0,0.9662500222524008,0.3540449142456054,0.0076335684797773,46.04999923706055,46.04999923706055,46.04999923706055,-0.0071151751499538,iShares Currency Hedged MSCI EAFE ETF,Z,True,False,False,False,False,False,False,False,False,,False,,,7331655168.0,Country / Region,unknown,301.0,True,,False,True,357.0,True,True,False,227.0,,0,0,False,Country / Region,Country / Region,Country / Region,Country / Region,Country / Region
2026-09-14,HELO,68.54000091552734,69.19999694824219,68.86000061035156,69.04000091552734,519559.0,251,35870353.83567047,19075646.939105608,25496489.19701337,-0.0158232442795039,0.0267162377473992,0.064825272236608,0.0,0.1229578819516606,0.1587881939210239,-0.0,0.0032849720071372,0.0102934878988896,0.0057379525692505,0.8706203713439356,68.89449996948242,67.34167816162109,0.0056734987746855,70.16000366210938,70.2300033569336,0.9830556402602142,0.3290496826171875,0.0047660729758649,68.81099700927734,68.81099700927734,68.81099700927734,-0.0033169742643861,JPMorgan Hedged Equity Laddered Overlay ETF,P,True,False,False,False,False,False,False,False,False,,False,,,3913838592.0,Other,unknown,434.0,True,,False,True,370.0,True,True,False,228.0,,0,0,False,Other,Other,Other,Other,Other
2026-09-14,FNDA,36.18999862670898,36.369998931884766,36.10490036010742,36.15999984741211,4243011.0,251,153427277.1125679,55862900.16191425,29517399.443907782,-0.0612668894679596,-0.025650569198903,0.1347201457172311,0.0,0.0,0.1211163969606326,-0.0,-0.0,0.0163168186472824,0.0057108865265488,-0.0,37.46620010375977,35.69247135162354,-0.0038436358209241,38.43999862670898,38.59000015258789,0.9370303110762536,0.3657552719116211,0.010114913535814,36.10490036010742,36.10490036010742,36.10490036010742,-0.0015237690137498,Schwab Fundamental U.S. Small Company ETF,P,True,False,False,False,False,False,False,False,False,,False,,,9333672960.0,Other,unknown,258.0,True,,False,True,350.0,True,True,False,229.0,,0,0,False,Other,Other,Other,Other,Other
2026-09-14,DBEF,54.86000061035156,55.003700256347656,54.65999984741211,54.790000915527344,506086.0,251,27728452.40333557,21971864.326576237,23519481.50218297,-0.0297503146601643,0.0204880297439817,0.1140707721744596,0.0,0.0581397200952707,0.1219830992009122,-0.0,0.0011911683146186,0.0139147063180817,0.0056444066158307,0.1487597212215553,55.32679985046386,52.882533391316734,0.003234905948376,56.560001373291016,56.84000015258789,0.96393386292123,0.4269998550415039,0.0077933901789823,54.40999984741211,54.40999984741211,54.40999984741211,-0.0069355915635245,Xtrackers MSCI EAFE Hedged Equity ETF,P,True,False,False,False,False,False,False,False,False,,False,,,9039409152.0,Country / Region,unknown,267.0,True,,False,True,380.0,True,True,False,230.0,,0,0,False,Country / Region,Country / Region,Country / Region,Country / Region,Country / Region
2026-09-14,DFIC,38.56999969482422,38.834999084472656,38.52000045776367,38.650001525878906,2320817.0,251,89699580.5912857,74409814.53525963,68119557.99461982,-0.0170396280301473,0.027352663136726,0.1114570778494272,0.0,0.074611426192758,0.1106568049483285,-0.0,0.0020408212068012,0.0123334841236947,0.0056432532277139,0.3270559000773148,38.49049995422363,37.32812375386556,0.009300299733588,39.630001068115234,39.630001068115234,0.975271271364542,0.3229999542236328,0.0083570489384679,38.52000045776367,38.52000045776367,38.52000045776367,-0.0033635462608763,Dimensional International Core Equity 2 ETF,Z,True,False,False,False,False,False,False,False,False,,False,,,14218919936.0,Global Equity,unknown,180.0,True,,False,True,228.0,True,True,False,231.0,,0,0,False,Global Equity,Global Equity,Global Equity,Global Equity,Global Equity
2026-09-14,ILCG,112.8499984741211,113.6698989868164,112.39600372314452,113.16000366210938,50567.0,251,5722161.905181885,7752114.583448792,8230822.046786838,-0.0428825133288545,-0.0091588673790311,0.1545212542997469,0.0,0.0,0.1034382642235032,-0.0,-0.0,0.0159834103304043,0.0055941936156415,-0.0,114.71640029907226,109.82969980875652,-0.0004757291863723,118.6999969482422,120.47084253119948,0.9393144538920548,1.279698944091797,0.0113087566514483,112.39600372314452,112.39600372314452,112.39600372314452,-0.0067515015397676,iShares Morningstar Large-Cap Growth ETF,P,True,False,False,False,False,False,False,False,False,,False,,,3202697216.0,Factor / Style,unknown,482.0,True,,False,True,458.0,True,True,False,232.0,,0,0,False,Factor / Style,Factor / Style,Factor / Style,Factor / Style,Factor / Style
2026-09-14,PTLC,59.13999938964844,59.50870132446289,59.09999847412109,59.27999877929688,96823.0,251,5739667.321807861,4828207.941705322,5872644.17776126,-0.0203272116403053,0.0275611057451432,0.0989988930022651,0.0,0.0734750682864443,0.1202161375798825,-0.0,0.0020250541266743,0.0119012645414163,0.005481727771834,0.7566772660388801,59.1581997680664,57.04094650268555,0.0063057635580106,60.54999923706055,60.75,0.9758024490419238,0.4238998413085937,0.0071508071868692,58.970001220703125,58.970001220703125,58.970001220703125,-0.0052293786264721,Pacer Trendpilot US Large Cap ETF,Z,True,False,False,False,False,False,False,False,False,,False,,,3292433408.0,Factor / Style,unknown,474.0,True,,False,True,464.0,True,True,False,233.0,,0,0,False,Factor / Style,Factor / Style,Factor / Style,Factor / Style,Factor / Style
2026-09-14,AVDE,92.05999755859376,92.58499908447266,91.79109954833984,92.12999725341795,843286.0,251,77691936.86384583,88657581.63693161,88379804.6642628,-0.019536499657364,0.0274271836606272,0.1156470258899049,0.0,0.067469988455005,0.1056411433606166,-0.0,0.0018505117649358,0.0122170840412643,0.0054788120616508,0.3146746316817931,91.81618759155272,89.00402297973633,0.0090200125847763,94.49393206819651,94.49393206819651,0.9749832104237922,0.7841274528601666,0.008511098189912,91.79109954833984,91.79109954833984,91.79109954833984,-0.0036784729749413,Avantis International Equity ETF,P,True,False,False,False,False,False,False,False,False,,False,,,17163864064.0,Global Equity,unknown,152.0,True,,False,True,197.0,True,True,False,234.0,,0,0,False,Global Equity,Global Equity,Global Equity,Global Equity,Global Equity
2026-09-14,ESGD,104.68000030517578,105.36000061035156,104.41000366210938,104.8000030517578,264576.0,251,27727565.607421875,30730106.94938507,29601895.16916378,-0.0271072979563251,0.0260326826799723,0.1201620834359471,0.0,0.0616952551330103,0.1053185087133714,-0.0,0.0016060929997375,0.0126552914313656,0.0054733124508074,0.2260967286383275,105.2156802368164,101.2757058207194,0.0069430453171221,107.9499969482422,108.0,0.9703703986273872,0.9024490356445312,0.0086111546695169,104.41000366210938,104.41000366210938,104.41000366210938,-0.0037213681134706,iShares ESG Aware MSCI EAFE ETF,Q,True,False,False,False,False,False,False,False,False,,False,,,11761851392.0,Country / Region,unknown,208.0,True,,False,True,349.0,True,True,False,235.0,,0,0,False,Country / Region,Country / Region,Country / Region,Country / Region,Country / Region
2026-09-14,AOA,97.70999908447266,98.08999633789062,97.42990112304688,97.72000122070312,125795.0,251,12292687.55355835,10848863.620994568,10256596.018996466,-0.0202526236848874,0.0121882794889633,0.1114847776029199,0.0,0.0366240313979973,0.1326812759064247,-0.0,0.0004463839306913,0.0147919425364994,0.0054673294427241,0.1840139636258221,97.981600189209,94.68021428426108,0.0041320910231585,99.87000274658205,100.02999877929688,0.976906952046551,0.6260047912597656,0.0064061070757246,97.42990112304688,97.42990112304688,97.42990112304688,-0.0029686870040152,iShares Core 80/20 Aggressive Allocation ETF,P,True,False,False,False,False,False,False,False,False,,False,,,3205894144.0,Other,unknown,481.0,True,,False,True,452.0,True,True,False,236.0,,0,0,False,Other,Other,Other,Other,Other
2026-09-14,IWO,364.9400024414063,368.239990234375,364.5,365.6000061035156,484780.0,251,177235570.9588623,162413342.24972534,168804795.18019903,-0.0759509370821091,-0.0377377677039061,0.1616985067592924,0.0,0.0,0.096590451944757,-0.0,-0.0,0.0156185318466724,0.0054664861463353,-0.0,380.6426031494141,361.0082135009766,-0.0092035370555445,395.2799987792969,396.6900024414063,0.921626468661804,4.832000732421875,0.0132166319796333,364.5,364.5,364.5,-0.0030087693795173,iShares Russell 2000 Growth Fund,P,True,False,False,False,False,False,False,False,False,,False,,,15425412096.0,Factor / Style,unknown,165.0,True,,False,True,123.0,True,True,False,237.0,,0,0,False,Factor / Style,Factor / Style,Factor / Style,Factor / Style,Factor / Style
2026-09-14,DFAI,42.43000030517578,42.68999862670898,42.33000183105469,42.470001220703125,1458306.0,251,61934257.60015869,79675545.85953446,72883515.60839917,-0.0218792489245575,0.0268506082471926,0.1114117489682766,0.0,0.0699413163530513,0.1073560782358156,-0.0,0.0018779668856887,0.0119607284386273,0.0054069334292172,0.2753136694335844,42.45399993896484,41.06085594177246,0.0082336641553604,43.59000015258789,43.59000015258789,0.9743060580875388,0.3556499481201172,0.008374144994061,42.31399917602539,42.31399917602539,42.31399917602539,-0.0036732291074597,Dimensional International Core Equity Market ETF,P,True,False,False,False,False,False,False,False,False,,False,,,16829969408.0,Global Equity,unknown,156.0,True,,False,True,221.0,True,True,False,238.0,,0,0,False,Global Equity,Global Equity,Global Equity,Global Equity,Global Equity
2026-09-14,VB,291.6099853515625,293.6700134277344,291.427001953125,292.3699951171875,447304.0,251,130778268.29589844,140175615.89266968,145748816.02595255,-0.0547059813129297,-0.0105842629651179,0.129451193374652,0.0,0.0,0.119020342809128,-0.0,-0.0,0.0154073254125018,0.0053925638943756,-0.0,299.7344000244141,286.343483988444,-0.0017004081473941,309.07000732421875,309.510009765625,0.9446220990997458,2.9076492309570314,0.0099451013425354,290.70001220703125,290.70001220703125,290.70001220703125,-0.0057118819921547,Vanguard Morningstar Small-Cap ETF,P,True,False,False,False,False,False,False,False,False,,False,,,188574482432.0,Other,unknown,12.0,True,,False,True,138.0,True,True,False,239.0,,0,0,False,Other,Other,Other,Other,Other
2026-09-14,DBMF,32.119998931884766,32.20500183105469,31.834999084472656,31.96999931335449,2244502.0,251,71756727.39882278,76657276.53386822,66496958.71774504,0.0197766802022507,0.042584945874053,0.0521674987426583,0.1741567495397724,0.1395802675428456,0.0831012856509886,0.0034442423407115,0.0059440181383979,0.0043351862147112,0.0053809269651075,4.078602123924501,31.173400039672853,30.706653378804525,0.0071846854295389,32.20500183105469,32.20500183105469,0.9927029186667028,0.2689502716064453,0.0084125829647453,31.1200008392334,30.940000534057617,30.940000534057617,-0.0322176666067873,iMGP DBi Managed Futures Strategy ETF,P,True,False,False,False,False,False,False,False,False,,False,,,3887484160.0,Other,unknown,436.0,True,,False,True,235.0,True,True,False,240.0,,0,0,False,Other,Other,Other,Other,Other
2026-09-14,GRNY,27.31999969482422,27.524999618530277,27.25,27.399999618530277,1229053.0,251,33676051.73115349,34035480.463087365,37523465.394344725,-0.0256045945666747,0.0081032874412307,0.1330747450412617,0.0,0.0166616645503867,0.1133605717006716,-0.0,0.0001350142571011,0.0150854291767985,0.0053676594789952,0.0710031056015998,27.646599884033204,26.46130111694336,0.0035800287539067,28.38500022888184,28.38500022888184,0.9652985519672704,0.3205498695373535,0.0116989005109536,27.25,27.25,27.25,-0.0054744387087082,Fundstrat Granny Shots US Large Cap ETF,P,True,False,False,False,False,False,False,False,False,,False,,,4392313856.0,Factor / Style,unknown,403.0,True,,False,True,313.0,True,True,False,241.0,,0,0,False,Factor / Style,Factor / Style,Factor / Style,Factor / Style,Factor / Style
2026-09-14,FELG,43.40999984741211,43.84999847412109,43.31999969482422,43.68000030517578,375860.0,251,16417564.91470337,15549305.195789335,17679483.048102967,-0.0280373466852834,0.015951948159917,0.137355114599172,0.0,0.0257215898174041,0.1047403951728032,-0.0,0.0004103094673578,0.0143866289821229,0.0053020212975256,1.1767590728331427,43.68109992980957,42.08945742289225,0.0048539124978344,45.14599990844727,45.581402281289385,0.9582855752357116,0.5019500732421875,0.0114915309005322,43.31999969482422,43.28499984741211,43.28499984741211,-0.0090430507097973,Fidelity Enhanced Large Cap Growth ETF,P,True,False,False,False,False,False,False,False,False,,False,,,5650164224.0,Factor / Style,unknown,360.0,True,,False,True,411.0,True,True,False,242.0,,0,0,False,Factor / Style,Factor / Style,Factor / Style,Factor / Style,Factor / Style
2026-09-14,AVEM,93.0,93.73989868164062,92.77999877929688,93.13999938964844,1163042.0,251,108325731.1701355,144496854.70517427,158372679.75299558,0.0011491686138622,-0.0203965854273467,0.1719243389759177,0.0059513419505265,0.0,0.0871820968834704,6.839095379906959e-06,-0.0,0.014988724377225,0.0052460535320287,-0.0,92.1134796142578,89.48742802937825,-0.0006810566444265,96.73999786376952,100.15508825036424,0.9299577387103916,1.3170288314108816,0.0141403139364552,92.77999877929688,91.27492982275798,91.27492982275798,-0.0200243673943779,Avantis Emerging Markets Equity ETF,P,True,False,False,False,False,False,False,False,False,,False,,,26237122560.0,Country / Region,unknown,105.0,True,,False,True,125.0,True,True,False,243.0,,0,0,False,Country / Region,Country / Region,Country / Region,Country / Region,Country / Region
2026-09-14,BSCR,19.61000061035156,19.6200008392334,19.61000061035156,19.614999771118164,774732.0,251,15196368.002677916,11741379.144161988,11632996.234188018,0.0014778843699607,0.0085446573776566,0.0191275402231416,0.243423585268831,0.4499576525026338,0.4081255497665607,0.0003597519119486,0.0038447339750896,0.0078064378692516,0.0052313303380463,0.8257765803160869,19.5600675201416,19.424465522766116,0.0014569496373877,19.6299991607666,19.6299991607666,0.9992358945344014,0.0132394645270499,0.0006749663360457,19.600000381469727,19.581069946289062,19.581069946289062,-0.0017297897132306,Invesco BulletShares 2027 Corporate Bond ETF,Q,True,False,False,False,False,False,False,False,False,,False,,,4586565632.0,Bond,unknown,396.0,True,,False,True,444.0,True,True,False,244.0,,0,0,False,Bond,Bond,Bond,Bond,Bond
2026-09-14,SPDW,50.91999816894531,51.21500015258789,50.71500015258789,50.91999816894531,2626025.0,251,133717188.1916046,123126192.8509903,138636492.04467288,-0.0235858738436127,0.0123376156518748,0.1371799693903674,0.0,0.024972284571064,0.104762471096157,-0.0,0.000308098448987,0.01437131257823,0.0052302233942221,0.0787090088208169,50.90180023193359,49.04805854797363,0.0055042012288601,52.43000030517578,52.43000030517578,0.9711996542544096,0.520749855041504,0.0102268239153059,50.71500015258789,50.71500015258789,50.71500015258789,-0.0040258842052049,State Street SPDR Portfolio Developed World ex-US ETF,P,True,False,False,False,False,False,False,False,False,,False,,,40294080512.0,Country / Region,unknown,78.0,True,,False,True,146.0,True,True,False,245.0,,0,0,False,Country / Region,Country / Region,Country / Region,Country / Region,Country / Region
2026-09-14,AAXJ,114.45999908447266,115.33999633789062,114.0199966430664,114.54000091552734,267748.0,251,30667856.16513061,50787973.79771271,58098773.84238785,-0.0109662090479178,-0.02385392790063,0.1787424339164056,0.0,0.0,0.0833426412473666,-0.0,-0.0,0.0148968665455761,0.0052139032909516,-0.0,114.30400009155274,110.1790291341146,-0.0017152791263268,120.0999984741211,124.88999938964844,0.917127083635978,1.840500640869141,0.0160686277820662,114.0199966430664,113.30999755859376,113.30999755859376,-0.0107386358224382,iShares MSCI All Country Asia ex Japan ETF,Q,True,False,False,False,False,False,False,False,False,,False,,,3970623744.0,Country / Region,unknown,426.0,True,,False,True,256.0,True,True,False,246.0,,0,0,False,Country / Region,Country / Region,Country / Region,Country / Region,Country / Region
2026-09-14,IDEV,91.11000061035156,91.68499755859376,90.8249969482422,91.20999908447266,1572998.0,251,143473146.13987732,185738735.7950005,150952777.69006953,-0.0251175559581364,0.0243020632335162,0.1149646599048606,0.0,0.0592487499148784,0.1047181996925637,-0.0,0.0014398668669381,0.0120388922135048,0.0051495257382365,0.2243167767301065,91.37199935913084,88.22439310709636,0.0076312304161902,93.86000061035156,93.86000061035156,0.9717664446127582,0.8086505889892578,0.008865810734636,90.8249969482422,90.8249969482422,90.8249969482422,-0.0042210518593899,iShares Core MSCI International Developed Markets ETF,P,True,False,False,False,False,False,False,False,False,,False,,,30637815808.0,Country / Region,unknown,93.0,True,,False,True,134.0,True,True,False,247.0,,0,0,False,Country / Region,Country / Region,Country / Region,Country / Region,Country / Region
2026-09-14,IEFA,98.66000366210938,99.23860168457033,98.31510162353516,98.68000030517578,7986185.0,251,788076738.2371902,777576987.131815,865183007.4018962,-0.0248048431235474,0.0237364309768999,0.1171247137808326,0.0,0.0561775905189345,0.1034733348705875,-0.0,0.0013334554998012,0.0121192847306658,0.0051084957306038,0.2209254740573196,98.9327995300293,95.52731852213542,0.007091069614598,101.44000244140624,101.44000244140624,0.9727917777030348,0.8627452850341797,0.0087428585566079,98.31510162353516,98.31510162353516,98.31510162353516,-0.0036977977352264,iShares Core MSCI EAFE ETF,Z,True,False,False,False,False,False,False,False,False,,False,,,186543423488.0,Country / Region,unknown,13.0,True,,False,True,37.0,True,True,False,248.0,,0,0,False,Country / Region,Country / Region,Country / Region,Country / Region,Country / Region
2026-09-14,AKRE,57.619998931884766,58.345001220703125,57.560001373291016,58.08000183105469,332686.0,221,19322403.48916626,22403047.93019562,30634706.346437,-0.0255033000332441,0.0637363269997712,0.0913190623614825,0.0,0.0758171018858741,0.0612091156910996,-0.0,0.004832303597973,0.0055895590528867,0.0050973430071928,0.3955770717551805,57.98039985656738,55.60239990234375,0.0194463615051567,62.31999969482422,62.31999969482422,0.9319640904279132,1.13699951171875,0.0195764372567703,56.26300048828125,56.26300048828125,56.26300048828125,-0.0312844573947983,Akre Focus ETF,P,True,False,False,False,False,False,False,False,False,,False,,,5185632256.0,Other,unknown,372.0,True,,False,True,344.0,True,True,False,249.0,,0,0,False,Other,Other,Other,Other,Other
2026-09-14,DFIS,36.66999816894531,36.95000076293945,36.625,36.7400016784668,572510.0,251,21034018.360939022,14947401.40817833,27450760.86500319,-0.0194822396171416,0.0263377613233224,0.1127002934722356,0.0,0.063072852495363,0.1015673488341583,-0.0,0.0016611977350039,0.0114466700208065,0.0050861130350349,0.339073752269198,36.53500007629395,35.58232335408529,0.0111384711860138,38.04999923706055,38.04999923706055,0.965571679767136,0.357249641418457,0.0097237241452778,36.625,36.625,36.625,-0.0031301489715009,Dimensional International Small Cap ETF,Z,True,False,False,False,False,False,False,False,False,,False,,,5815646208.0,Factor / Style,unknown,353.0,True,,False,True,364.0,True,True,False,250.0,,0,0,False,Factor / Style,Factor / Style,Factor / Style,Factor / Style,Factor / Style
2026-09-14,EFA,105.8000030517578,106.44000244140624,105.4499969482422,105.8499984741211,11363412.0,251,1202817142.860809,1045917157.9399308,1139382786.5956204,-0.0256811573196049,0.0238528547540588,0.1165630164486961,0.0,0.0566038396689201,0.1025720815241985,-0.0,0.0013501631661447,0.0119561112258821,0.0050622449870528,0.2072318913256508,106.17839965820312,102.42737452189128,0.0068216057392411,108.87000274658205,108.88999938964844,0.9720819089671484,0.9205005645751954,0.0086962737632938,105.4499969482422,105.4499969482422,105.4499969482422,-0.003778946921541,iShares MSCI EAFE ETF,P,True,False,False,False,False,False,False,False,False,,False,,,77217693696.0,Country / Region,unknown,37.0,True,,False,True,28.0,True,True,False,251.0,,0,0,False,Country / Region,Country / Region,Country / Region,Country / Region,Country / Region
2026-09-14,SCHF,27.809999465942383,28.0,27.710100173950195,27.81999969482422,8984367.0,251,249945087.1981888,196821350.89069024,203672597.736739,-0.0238596598307291,0.0089597741254805,0.1368214468318598,0.0,0.0177803524387515,0.1033340459878804,-0.0,0.0001593079417226,0.0141383136790517,0.0050519599497878,0.0455707890409623,27.84339992523193,26.837403869628908,0.0044700372622787,28.690000534057617,28.690000534057617,0.9696758165549482,0.2904951095581055,0.0104419522913276,27.710100173950195,27.710100173950195,27.710100173950195,-0.0039503782199706,Schwab International Equity ETF,P,True,False,False,False,False,False,False,False,False,,False,,,66217533440.0,Global Equity,unknown,47.0,True,,False,True,111.0,True,True,False,252.0,,0,0,False,Global Equity,Global Equity,Global Equity,Global Equity,Global Equity
2026-09-14,SCHM,34.7400016784668,34.974998474121094,34.720001220703125,34.81999969482422,2725955.0,251,94917752.26810455,65104890.21369362,42735870.08220551,-0.0512261860771867,-0.0304112426506907,0.1344730653106132,0.0,0.0,0.1068946195512488,-0.0,-0.0,0.0143744471562682,0.0050310565046938,-0.0,35.567800216674804,34.13662598927816,-0.0047880763453653,36.91999816894531,36.91999816894531,0.9431202985300396,0.3855003356933594,0.0110712331726602,34.720001220703125,34.720001220703125,34.720001220703125,-0.0028718688971142,Schwab U.S. Mid Cap ETF,P,True,False,False,False,False,False,False,False,False,,False,,,15320031232.0,Factor / Style,unknown,167.0,True,,False,True,297.0,True,True,False,253.0,,0,0,False,Factor / Style,Factor / Style,Factor / Style,Factor / Style,Factor / Style
2026-09-14,FEZ,68.63999938964844,69.19999694824219,68.42500305175781,68.87999725341797,946530.0,251,65196983.80027771,47870239.92926407,67508738.47222343,-0.0446602120506129,0.0146549017166184,0.1324455887344464,0.0,0.0321838291789158,0.0992289488507627,-0.0,0.0004716508534814,0.0131424365500395,0.0049064258472767,0.0482725906892536,69.9063998413086,66.70848124186197,0.0057785950513384,72.23999786376953,72.36000061035156,0.951907085025152,0.6107501983642578,0.0088668731521174,68.42500305175781,68.42500305175781,68.42500305175781,-0.006605607139997,State Street SPDR EURO STOXX 50 ETF,P,True,False,False,False,False,False,False,False,False,,False,,,4349350400.0,Other,unknown,406.0,True,,False,True,233.0,True,True,False,254.0,,0,0,False,Other,Other,Other,Other,Other
2026-09-14,DFAE,39.15999984741211,39.43999862670898,39.01499938964844,39.15999984741211,896097.0,251,35091158.38326645,32557228.36027584,42117411.43686343,-0.0050813201178369,-0.0177462959139131,0.1631732766398914,0.0,0.0,0.0854111071057164,-0.0,-0.0,0.0139368102078804,0.0048778835727581,-0.0,38.874600143432616,37.788212610880535,8.38105289067137e-05,40.77000045776367,41.9479311788804,0.9335382877506024,0.5620000839233399,0.0143513811571293,39.01499938964844,38.6150016784668,38.6150016784668,-0.0139172158087056,Dimensional Emerging Core Equity Market ETF,P,True,False,False,False,False,False,False,False,False,,False,,,9686572032.0,Other,unknown,252.0,True,,False,True,299.0,True,True,False,255.0,,0,0,False,Other,Other,Other,Other,Other
2026-09-14,JGLO,72.0199966430664,72.4271011352539,72.0,72.19000244140625,47954.0,251,3461799.377075196,12336890.744381716,15004062.831424776,-0.0312666976197045,0.0271770588401323,0.0981138543844011,0.0,0.0663426578615418,0.1074392821241439,-0.0,0.0018029983163138,0.0105412820814928,0.0048613976341265,0.4770607116915236,72.73636001586914,70.27906669616699,0.0069657690434037,74.69000244140625,74.88999938964844,0.9639471629022954,0.562799072265625,0.007796080526835,72.0,72.0,72.0,-0.0026319772126406,JPMorgan Global Select Equity ETF,Q,True,False,False,False,False,False,False,False,False,,False,,,6879447552.0,Global Equity,unknown,314.0,True,,False,True,424.0,True,True,False,256.0,,0,0,False,Global Equity,Global Equity,Global Equity,Global Equity,Global Equity
2026-09-14,QQQI,53.790000915527344,54.45000076293945,53.7400016784668,54.20000076293945,6404755.0,251,347137725.8864403,222515988.2483625,279972297.88247216,-0.016859903588894,-0.0002298143520822,0.1296904575132633,0.0,0.0,0.10639582178111,-0.0,-0.0,0.0137985228042917,0.0048294829815021,-0.0,53.973613815307615,52.097222849528,-0.0002836187386585,55.31722703526285,55.92175933003246,0.9692112947138924,0.4940274343612255,0.009114897184633,53.7400016784668,53.60900115966797,53.60900115966797,-0.0109040515673866,NEOS Nasdaq 100 High Income ETF,Q,True,False,False,False,False,False,False,False,False,,False,,,13110758400.0,Bond,unknown,196.0,True,,False,True,83.0,True,True,False,257.0,,0,0,False,Bond,Bond,Bond,Bond,Bond
2026-09-14,DFAX,37.54999923706055,37.82989883422852,37.46009826660156,37.619998931884766,862419.0,251,32444201.858837128,22061296.06568966,27278003.16431457,-0.0136339922937912,0.0153551266859726,0.1260019216068881,0.0,0.0324527526740772,0.1012413222667387,-0.0,0.0004983161286189,0.0127566011516313,0.0047887158866733,0.1587285690639144,37.342499542236325,36.30983118693034,0.0071820154422144,38.7400016784668,38.7400016784668,0.9710892437259606,0.4398954391479492,0.0116931273694193,37.46009826660156,37.46009826660156,37.46009826660156,-0.0042504165290573,Dimensional World ex U.S. Core Equity 2 ETF,P,True,False,False,False,False,False,False,False,False,,False,,,11913159680.0,Global Equity,unknown,206.0,True,,False,True,366.0,True,True,False,258.0,,0,0,False,Global Equity,Global Equity,Global Equity,Global Equity,Global Equity
2026-09-14,EEM,65.94999694824219,66.4800033569336,65.7249984741211,65.98999786376953,24192305.0,251,1596450155.269661,1168378868.4293003,1488106371.525308,-0.009307952873456,-0.0227902305697523,0.1678344640906848,0.0,0.0,0.0813710871870296,-0.0,-0.0,0.0136568728105115,0.004779905483679,-0.0,65.86119972229004,63.83072026570638,-0.001316192029991,69.12999725341797,71.56999969482422,0.9220343460269956,1.0252510070800782,0.0155364606799445,65.7249984741211,65.25,65.25,-0.0112137882667793,iShares MSCI Emerging Index Fund,P,True,False,False,False,False,False,False,False,False,,False,,,30315917312.0,Other,unknown,94.0,True,,False,True,23.0,True,True,False,259.0,,0,0,False,Other,Other,Other,Other,Other
2026-09-14,SCZ,85.15499877929688,85.91000366210938,85.0823974609375,85.52999877929688,465977.0,251,39855012.24118042,89958661.51186982,121159027.652677,-0.018476022740744,0.0196708846022308,0.1142620245029368,0.0,0.0464918103833744,0.1036421293413817,-0.0,0.0009145350370001,0.0118423595223415,0.0047392736068696,0.3249020098261022,85.07379959106446,82.96761891682942,0.0087363782170406,87.8499984741211,87.8499984741211,0.973591351905286,0.7728797912597656,0.009036359199,85.0823974609375,85.0823974609375,85.0823974609375,-0.0052332669793948,iShares MSCI EAFE Small-Cap ETF,Q,True,False,False,False,False,False,False,False,False,,False,,,14441042944.0,Country / Region,unknown,177.0,True,,False,True,154.0,True,True,False,260.0,,0,0,False,Country / Region,Country / Region,Country / Region,Country / Region,Country / Region
2026-09-14,VEU,84.0,84.58499908447266,83.77999877929688,84.08999633789062,2035064.0,251,171128524.30737305,196738988.7842621,217554257.29541063,-0.0185574692066043,0.0082803289517678,0.1302553077989643,0.0,0.0170664101410092,0.1018377329957564,-0.0,0.0001413154899933,0.013264905256911,0.0047345719084145,0.0478146769121067,84.0733999633789,81.326162109375,0.0044179677336029,86.5199966430664,86.5199966430664,0.9719140037048244,0.8224998474121094,0.0097811854350324,83.77999877929688,83.77999877929688,83.77999877929688,-0.0036864974681187,Vanguard FTSE All World Ex US ETF,P,True,False,False,False,False,False,False,False,False,,False,,,94563958784.0,Country / Region,unknown,32.0,True,,False,True,106.0,True,True,False,261.0,,0,0,False,Country / Region,Country / Region,Country / Region,Country / Region,Country / Region
2026-09-14,IJJ,144.7100067138672,145.1999969482422,144.27000427246094,144.3800048828125,213374.0,251,30806939.161865234,18766747.099160768,25415950.87127976,-0.0480648340089809,-0.0128875295846707,0.1116595341130151,0.0,0.0,0.1195190816041143,-0.0,-0.0,0.0133454449695308,0.0046709057393357,-0.0,147.93219940185546,142.0993256632487,-0.0003959675111935,151.27999877929688,151.80999755859375,0.95105729006475,1.4025009155273438,0.0097139553130345,143.8000030517578,143.8000030517578,143.8000030517578,-0.0040171894406393,iShares S&P Mid-Cap 400 Value ETF,P,True,False,False,False,False,False,False,False,False,,False,,,8733020160.0,Factor / Style,unknown,269.0,True,,False,True,372.0,True,True,False,262.0,,0,0,False,Factor / Style,Factor / Style,Factor / Style,Factor / Style,Factor / Style
2026-09-14,VEA,71.73999786376953,72.19999694824219,71.45999908447266,71.72000122070312,10346075.0,251,742020511.6294861,694411127.4151993,757678120.9794302,-0.0252786159834877,0.0076520803674782,0.131623349893708,0.0,0.0152900377972595,0.0995430954842812,-0.0,0.0001170005980464,0.0131021956864303,0.0046618188789807,0.0353593874886966,71.82359970092773,69.37837788899739,0.0048153752880422,74.04000091552734,74.04000091552734,0.9686655906788668,0.7529998779296875,0.0104991615325338,71.45999908447266,71.45999908447266,71.45999908447266,-0.0036252388706794,Vanguard FTSE Developed Markets ETF,P,True,False,False,False,False,False,False,False,False,,False,,,316309798912.0,Country / Region,unknown,9.0,True,,False,True,41.0,True,True,False,263.0,,0,0,False,Country / Region,Country / Region,Country / Region,Country / Region,Country / Region
2026-09-14,IEMG,80.44000244140625,81.00499725341797,80.10009765625,80.4000015258789,8800665.0,251,707573479.4287491,680859741.5639057,889761201.9218185,-0.0097302733313436,-0.0184587545379634,0.162280985708656,0.0,0.0,0.0820636757975816,-0.0,-0.0,0.0133173741993071,0.0046610809697574,-0.0,80.13419998168945,77.78957555135091,-9.23315382630463e-05,84.08000183105469,86.48999786376953,0.9295872761208414,1.1894947052001954,0.0147947099829012,80.10009765625,79.52999877929688,79.52999877929688,-0.0108209294784901,iShares Core MSCI Emerging Markets ETF,P,True,False,False,False,False,False,False,False,False,,False,,,160718422016.0,Country / Region,unknown,16.0,True,,False,True,34.0,True,True,False,264.0,,0,0,False,Country / Region,Country / Region,Country / Region,Country / Region,Country / Region
2026-09-14,ACWX,76.3499984741211,76.68499755859375,75.96499633789062,76.2699966430664,1893565.0,251,144422196.19342804,162422743.8984928,148051115.46537188,-0.0205471432782998,0.0087556200285527,0.1309304676813769,0.0,0.0173925261988343,0.0993144372519413,-0.0,0.0001522823507336,0.0130032857169094,0.0046501335288951,0.0449043911664559,76.35059982299805,73.72652323404948,0.0045972921317198,78.77999877929688,78.77999877929688,0.9681390939943744,0.7742504119873047,0.0101514415374986,75.96499633789062,75.96499633789062,75.96499633789062,-0.0039989552720598,iShares MSCI ACWI ex U.S. ETF,Q,True,False,False,False,False,False,False,False,False,,False,,,11616678912.0,Global Equity,unknown,210.0,True,,False,True,137.0,True,True,False,265.0,,0,0,False,Global Equity,Global Equity,Global Equity,Global Equity,Global Equity
2026-09-14,IXUS,95.87000274658205,96.51000213623048,95.58000183105467,95.9499969482422,1449878.0,251,139115789.6753235,181026427.7991196,175686888.57875085,-0.0209183984873245,0.0085455280466875,0.129500618845616,0.0,0.0174939581892412,0.1001978291398035,-0.0,0.0001494951103537,0.0129756808805918,0.004638660129937,0.0487407470477385,96.02159942626952,92.89107879638672,0.0047379462454546,98.83000183105467,98.83000183105467,0.9708590020292044,0.9474990844726564,0.0098749256342734,95.58000183105467,95.58000183105467,95.58000183105467,-0.0038561243247051,iShares Core MSCI Total International Stock ETF,Q,True,False,False,False,False,False,False,False,False,,False,,,58515161088.0,Country / Region,unknown,50.0,True,,False,True,121.0,True,True,False,266.0,,0,0,False,Country / Region,Country / Region,Country / Region,Country / Region,Country / Region
2026-09-14,BBIN,79.68000030517578,79.9800033569336,79.33499908447266,79.6604995727539,31147.0,251,2481185.580192566,17227883.374926377,13660640.156805491,-0.0223306788072789,0.0220086073271124,0.1117017821919643,0.0,0.052898788886429,0.0983609154871805,-0.0,0.0011642286726812,0.0109870895579512,0.0046022299825257,0.2044631842270642,79.7852098083496,77.21513814290364,0.0066288916825243,81.72000122070312,81.7969970703125,0.9738804898213798,0.6679496765136719,0.0083849546525079,79.33000183105469,79.33000183105469,79.33000183105469,-0.0041488283838513,JPMorgan BetaBuilders International Equity ETF,Z,True,False,False,False,False,False,False,False,False,,False,,,6496628224.0,Global Equity,unknown,329.0,True,,False,True,433.0,True,True,False,267.0,,0,0,False,Global Equity,Global Equity,Global Equity,Global Equity,Global Equity
2026-09-14,DFEM,39.619998931884766,39.90999984741211,39.50389862060547,39.65999984741211,634092.0,251,25148088.62324524,30500386.105013277,36682236.03643702,-0.0032671793195285,-0.0174820129131468,0.1558009883966669,0.0,0.0,0.0842214517026686,-0.0,-0.0,0.0131217854194779,0.0045926248968172,-0.0,39.30110000610352,38.32293568929037,0.0002324761579124,41.209999084472656,42.33473122840727,0.9368194552467036,0.5280548095703125,0.0133145439133119,39.50389862060547,39.09000015258789,39.09000015258789,-0.0143721557492999,Dimensional Emerging Markets Core Equity 2 ETF,P,True,False,False,False,False,False,False,False,False,,False,,,9250564096.0,Country / Region,unknown,259.0,True,,False,True,316.0,True,True,False,268.0,,0,0,False,Country / Region,Country / Region,Country / Region,Country / Region,Country / Region
2026-09-14,VXUS,85.98999786376953,86.5250015258789,85.70500183105469,86.04000091552734,5732787.0,251,493248998.72852325,431138568.9975529,464147756.2674199,-0.0189281196177751,0.0087213418401239,0.1274037005246617,0.0,0.0180485220625338,0.100174036157169,-0.0,0.0001574073306163,0.0127625429029146,0.0045692047809207,0.0542351645162511,85.99,83.29178863525391,0.0048119776575319,88.52999877929688,88.62000274658203,0.9708869132126696,0.834749984741211,0.009701882564608,85.70500183105469,85.70500183105469,85.70500183105469,-0.0038935272072062,Vanguard Total International Stock ETF,Q,True,False,False,False,False,False,False,False,False,,False,,,650318381056.0,Global Equity,unknown,5.0,True,,False,True,63.0,True,True,False,269.0,,0,0,False,Global Equity,Global Equity,Global Equity,Global Equity,Global Equity
2026-09-14,CGGO,39.209999084472656,39.540000915527344,39.14500045776367,39.34000015258789,1160570.0,251,45656823.97708893,44489442.01382637,49899396.35228656,-0.0469960921530344,-0.0303179578873215,0.1472732313277305,0.0,0.0,0.0879637563226398,-0.0,-0.0,0.0129547066333602,0.004534147321676,-0.0,40.22099998474121,38.50466669718424,-0.0077806615585686,41.71500015258789,42.880001068115234,0.9174440105562492,0.4392000198364257,0.0111642099169522,39.14500045776367,39.14500045776367,39.14500045776367,-0.0049567792086394,Capital Group Global Growth Equity ETF,P,True,False,False,False,False,False,False,False,False,,False,,,11956222976.0,Factor / Style,unknown,205.0,True,,False,True,280.0,True,True,False,270.0,,0,0,False,Factor / Style,Factor / Style,Factor / Style,Factor / Style,Factor / Style
2026-09-14,IBDS,24.11000061035156,24.1200008392334,24.11000061035156,24.1200008392334,1428525.0,251,34456024.19886589,13556568.722646236,13917319.835892178,0.0014488183439171,0.0085181311646573,0.018481758449,0.2256997989119036,0.3759913824967525,0.3790047401192462,0.0003269980088819,0.0032027439128882,0.0070046740579099,0.0045334194636458,0.7624721390446049,24.05891399383545,23.891396052042644,0.0014781381714448,24.20599937438965,24.20599937438965,0.9964472222846028,0.0321831042070295,0.0013342911727714,24.075141260505184,24.0572048326822,24.0572048326822,-0.0026034827680876,iShares iBonds Dec 2027 Term Corporate ETF,P,True,False,False,False,False,False,False,False,False,,False,,,3791735808.0,Bond,unknown,442.0,True,,False,True,431.0,True,True,False,271.0,,0,0,False,Bond,Bond,Bond,Bond,Bond
2026-09-14,IQLT,50.130001068115234,50.43000030517578,50.025001525878906,50.15999984741211,1459566.0,251,73211830.3372879,63735561.58509026,73014390.37042272,-0.032220758723608,0.0202586923946901,0.1077030478308707,0.0,0.0517240525412329,0.0984547162857375,-0.0,0.0010478616698396,0.0106038730172975,0.0043924656414499,0.1066320982203083,50.664200134277344,48.69812177022298,0.0074007796727832,52.36000061035156,52.36000061035156,0.9579831791960576,0.4440000534057617,0.0088516757327834,50.025001525878906,50.025001525878906,50.025001525878906,-0.002691354105739,iShares MSCI Intl Quality Factor ETF,P,True,False,False,False,False,False,False,False,False,,False,,,13642241024.0,Country / Region,unknown,188.0,True,,False,True,220.0,True,True,False,272.0,,0,0,False,Country / Region,Country / Region,Country / Region,Country / Region,Country / Region
2026-09-14,VNLA,48.7599983215332,48.77000045776367,48.72999954223633,48.7599983215332,792172.0,251,38626305.3903656,20592416.90753021,18719321.730716765,0.0004070614716826,0.0075058436191934,0.0185985825522729,0.0764414526962477,0.3555411187526602,0.3975860923485771,3.111637023209652e-05,0.0026686360375505,0.0073945377601806,0.004322701640471,0.5990150409675341,48.66686096191406,48.30346186319987,0.0013247502138624,48.81999969482422,48.81999969482422,0.9987709673562868,0.0227612130986866,0.0004668009409802,48.72999954223633,48.7202348926168,48.7202348926168,-0.0008154928278339,Janus Henderson Short Duration Income ETF,P,True,False,False,False,False,False,False,False,False,,False,,,3309779456.0,Bond,unknown,473.0,True,,False,True,405.0,True,True,False,273.0,,0,0,False,Bond,Bond,Bond,Bond,Bond
2026-09-14,FDL,52.7400016784668,52.97999954223633,52.46009826660156,52.54999923706055,585852.0,251,30786522.1530304,31332489.52802353,41644524.17747764,-0.0062405791298983,0.0375053388456405,0.0705173740637117,0.0,0.0848279487431943,0.0912668151850864,-0.0,0.0031815009611941,0.0064358961460103,0.0043205392758798,0.3526398637391723,51.874999923706056,50.29431409200033,0.0142160562927502,53.7599983215332,53.7599983215332,0.9774925758509928,0.5134994506835937,0.0097716357400334,51.93000030517578,51.93000030517578,51.93000030517578,-0.0117982671909824,First Trust Morningstar ETF,P,True,False,False,False,False,False,False,False,False,,False,,,7288230400.0,Other,unknown,303.0,True,,False,True,301.0,True,True,False,274.0,,0,0,False,Other,Other,Other,Other,Other
2026-09-14,CGGR,46.27000045776367,46.70550155639648,46.20500183105469,46.540000915527344,2577747.0,251,119968347.73999786,113569556.21361808,120661098.5625648,-0.0139830473886417,0.0162998739640352,0.1223633823553493,0.0,0.0283559019872839,0.0937229509827768,-0.0,0.0004621976285292,0.0114682572865771,0.004314318508846,0.6407606343852389,46.36640014648437,44.866234893798826,0.0017398203099012,47.470001220703125,47.99230270034517,0.9697388601275144,0.4895999908447265,0.0105199824068198,46.20500183105469,46.20500183105469,46.20500183105469,-0.0071980893399786,Capital Group Growth ETF,P,True,False,False,False,False,False,False,False,False,,False,,,24842137600.0,Factor / Style,unknown,111.0,True,,False,True,155.0,True,True,False,275.0,,0,0,False,Factor / Style,Factor / Style,Factor / Style,Factor / Style,Factor / Style
2026-09-14,FENI,40.68000030517578,40.90499877929688,40.542999267578125,40.68999862670898,1082748.0,251,44057014.6330719,44624022.076258086,52035344.8787975,-0.0300358072303925,0.0192742716509943,0.1111955043135679,0.0,0.044511432171616,0.094598818703463,-0.0,0.0008579254352505,0.0105189633531993,0.0042392887065326,0.1663078400433512,40.89240005493164,39.52494135538737,0.0057057946371803,42.084999084472656,42.084999084472656,0.9668527863107792,0.3520998001098633,0.0086532271318078,40.52000045776367,40.52000045776367,40.52000045776367,-0.0041778858363913,Fidelity Enhanced International ETF,P,True,False,False,False,False,False,False,False,False,,False,,,10288922624.0,Global Equity,unknown,242.0,True,,False,True,274.0,True,True,False,276.0,,0,0,False,Global Equity,Global Equity,Global Equity,Global Equity,Global Equity
2026-09-14,JIRE,83.33999633789062,83.82499694824219,83.05999755859375,83.41000366210938,415187.0,251,34630749.190460205,29332829.694744878,31633368.20915973,-0.0286479446347819,0.0210552230297316,0.106967556087695,0.0,0.0485601724906678,0.092750362045117,-0.0,0.0010224452621532,0.009921279554215,0.0041370372643748,0.1636369977854348,83.86580001831055,81.01066701253255,0.0054332327914565,86.0250015258789,86.06999969482422,0.9690949687214324,0.7053009033203125,0.0084558311036342,83.0199966430664,83.0199966430664,83.0199966430664,-0.0046757823033178,JPMorgan International Research Enhanced Equity ETF,P,True,False,False,False,False,False,False,False,False,,False,,,11130201088.0,Global Equity,unknown,223.0,True,,False,True,340.0,True,True,False,277.0,,0,0,False,Global Equity,Global Equity,Global Equity,Global Equity,Global Equity
2026-09-14,IVOO,125.13999938964844,125.4000015258789,124.76000213623048,124.87000274658205,57543.0,251,7185394.56804657,8849275.84164543,10205563.010603042,-0.0616922074805443,-0.0273591040106037,0.1088997428121554,0.0,0.0,0.1051057252478204,-0.0,-0.0,0.0114459864475727,0.0040060952566504,-0.0,128.69980026245116,123.8943717956543,-0.0033484243936183,133.07000732421875,133.13999938964844,0.9378849580818804,1.244000244140625,0.0099623625913204,124.76000213623048,124.76000213623048,124.76000213623048,-0.0008809210213185,Vanguard S&P Mid-Cap 400 ETF,P,True,False,False,False,False,False,False,False,False,,False,,,5857669632.0,Other,unknown,352.0,True,,False,True,454.0,True,True,False,278.0,,0,0,False,Other,Other,Other,Other,Other
2026-09-14,EZU,68.58999633789062,68.91500091552734,68.20999908447266,68.5199966430664,1093829.0,251,74949159.40808868,68469871.70136909,61543627.03934164,-0.0482011574339756,-0.0026055817553749,0.1218882338090723,0.0,0.0,0.0937936194708137,-0.0,-0.0,0.0114323386198577,0.0040013185169501,-0.0,69.86139968872071,66.99370948791504,0.0034010978974998,72.18000030517578,72.19999694824219,0.94903046453293,0.6719982147216796,0.0098073299422684,68.20999908447266,68.20999908447266,68.20999908447266,-0.0045241910942959,iShares MSCI Eurozone ETF,Z,True,False,False,False,False,False,False,False,False,,False,,,9595190272.0,Country / Region,unknown,255.0,True,,False,True,250.0,True,True,False,279.0,,0,0,False,Country / Region,Country / Region,Country / Region,Country / Region,Country / Region
2026-09-14,JHMM,73.33999633789062,73.54769897460938,73.12000274658203,73.26000213623047,197134.0,251,14442037.261123655,14140535.349651337,16244585.292391095,-0.0528764889279087,-0.0099243322764439,0.1034181096287281,0.0,0.0,0.1093679384036488,-0.0,-0.0,0.0113106254436965,0.0039587189052937,-0.0,74.84739990234375,72.11866633097331,-0.0002816747398574,77.36000061035156,77.44999694824219,0.9459006458733396,0.6709999084472656,0.0091591576423859,72.97000122070312,72.97000122070312,72.97000122070312,-0.003958516340036,John Hancock Multifactor Mid Cap ETF,P,True,False,False,False,False,False,False,False,False,,False,,,5809617408.0,Factor / Style,unknown,354.0,True,,False,True,416.0,True,True,False,280.0,,0,0,False,Factor / Style,Factor / Style,Factor / Style,Factor / Style,Factor / Style
2026-09-14,IJH,73.9000015258789,74.16999816894531,73.71009826660156,73.79000091552734,7277527.0,251,537008723.992775,442827298.2424091,469920270.519993,-0.0620312363925328,-0.0271717510349838,0.108320733835113,0.0,0.0,0.1039165330147013,-0.0,-0.0,0.0112563151137532,0.0039397102898136,-0.0,76.04859970092774,73.21786829630534,-0.003430726088443,78.6500015258789,78.70999908447266,0.9374920819950068,0.7624946594238281,0.0103333060030275,73.71009826660156,73.71009826660156,73.71009826660156,-0.0010828384325032,iShares Core S&P Mid-Cap ETF,P,True,False,False,False,False,False,False,False,False,,False,,,124330491904.0,Other,unknown,22.0,True,,False,True,62.0,True,True,False,281.0,,0,0,False,Other,Other,Other,Other,Other
2026-09-14,SPMD,64.73999786376953,64.98999786376953,64.58999633789062,64.63999938964844,1667837.0,251,107808982.66203308,88640813.37741013,95680582.9841466,-0.0622370650882648,-0.027496864112778,0.108250985114501,0.0,0.0,0.1037185672566382,-0.0,-0.0,0.0112276370801957,0.0039296729780685,-0.0,66.63800003051757,64.15148986816406,-0.0033644961854899,68.91000366210938,68.97000122070312,0.937219055322346,0.6634998321533203,0.0102645395794909,64.58999633789062,64.58999633789062,64.58999633789062,-0.0007735620703891,State Street SPDR Portfolio S&P 400 Mid Cap ETF,P,True,False,False,False,False,False,False,False,False,,False,,,18386264064.0,Factor / Style,unknown,142.0,True,,False,True,185.0,True,True,False,282.0,,0,0,False,Factor / Style,Factor / Style,Factor / Style,Factor / Style,Factor / Style
2026-09-14,MDY,673.9400024414062,676.1900024414062,671.9949951171875,672.6199951171875,556433.0,251,374267961.743042,345903675.2999817,433829946.4061899,-0.0617789955314441,-0.0280316774607228,0.1062908828076374,0.0,0.0,0.102627055509989,-0.0,-0.0,0.0109083203301051,0.0038179121155368,-0.0,693.3101953125,668.0267195638021,-0.0035090094596966,716.6199951171875,717.3499755859375,0.9376455259063552,6.877749633789063,0.0102253124850842,671.9949951171875,671.9949951171875,671.9949951171875,-0.0009292022308838,State Street SPDR S&P MIDCAP 400 ETF Trust,P,True,False,False,False,False,False,False,False,False,,False,,,28052918272.0,Other,unknown,100.0,True,,False,True,67.0,True,True,False,283.0,,0,0,False,Other,Other,Other,Other,Other
2026-09-14,SPHQ,83.36000061035156,84.10990142822266,83.33000183105469,83.81999969482422,950181.0,251,79644171.13002777,116615065.6487484,134472705.23736802,-0.0431506717481686,-0.0378860676942509,0.110205739301626,0.0,0.0,0.0973664033403316,-0.0,-0.0,0.0107303364632615,0.0037556177621415,-0.0,85.78200012207031,82.68114629109701,-0.0085564080866669,88.08000183105469,90.36000061035156,0.927622832322357,0.7880001068115234,0.0094010988985983,83.33000183105469,83.33000183105469,83.33000183105469,-0.0058458347119247,Invesco S&P 500 Quality ETF,P,True,False,False,False,False,False,False,False,False,,False,,,20360812544.0,Factor / Style,unknown,135.0,True,,False,True,149.0,True,True,False,284.0,,0,0,False,Factor / Style,Factor / Style,Factor / Style,Factor / Style,Factor / Style
2026-09-14,SPEM,51.709999084472656,52.15999984741211,51.70000076293945,51.93000030517578,2493165.0,251,129470059.21085358,57617458.14299965,91164840.516025,-0.0047911076760802,0.0065582747560508,0.1171831414973236,0.0,0.0126623877674056,0.089040198116536,-0.0,8.304341804630357e-05,0.0104340101348397,0.003705881768924,0.0450644903349349,51.78039993286133,50.426792780558266,0.004499846520205,53.470001220703125,53.470001220703125,0.9711987866024012,0.4760004043579101,0.009166192982103,51.70000076293945,51.68000030517578,51.68000030517578,-0.0048141728968,State Street SPDR Portfolio Emerging Markets ETF,P,True,False,False,False,False,False,False,False,False,,False,,,17305092096.0,Country / Region,unknown,151.0,True,,False,True,192.0,True,True,False,285.0,,0,0,False,Country / Region,Country / Region,Country / Region,Country / Region,Country / Region
2026-09-14,VBK,336.3900146484375,340.5400085449219,336.3720092773437,338.5199890136719,158175.0,251,53545399.26223755,63639295.04642487,73803804.36731975,-0.0748039698789372,-0.0340452074892297,0.1241770947694345,0.0,0.0,0.0836008482788048,-0.0,-0.0,0.0103813104595222,0.0036334586608327,-0.0,351.05619873046874,337.0569372558594,-0.0076043459678077,367.0400085449219,367.0400085449219,0.9222972458934012,4.264399719238281,0.0125971873379271,336.3720092773437,336.3720092773437,336.3720092773437,-0.0063452079819174,Vanguard Morningstar Small-Cap Growth ETF,P,True,False,False,False,False,False,False,False,False,,False,,,47006371840.0,Factor / Style,unknown,65.0,True,,False,True,218.0,True,True,False,286.0,,0,0,False,Factor / Style,Factor / Style,Factor / Style,Factor / Style,Factor / Style
2026-09-14,VOT,291.0899963378906,293.9750061035156,291.0068054199219,293.04998779296875,176187.0,251,51631598.199279785,51739746.60674133,57473305.13261777,-0.0667791922627897,-0.0125287701226325,0.1170520513627049,0.0,0.0,0.0883552608009373,-0.0,-0.0,0.0103421645254365,0.0036197575839027,-0.0,300.7395989990234,287.8323540242513,-0.003852837551746,314.67999267578125,315.1499938964844,0.9298746421338192,3.4171600341796875,0.011660672842593,291.0068054199219,291.0068054199219,291.0068054199219,-0.0069721291866775,Vanguard Morningstar Mid-Cap Growth ETF,P,True,False,False,False,False,False,False,False,False,,False,,,34797047808.0,Factor / Style,unknown,86.0,True,,False,True,257.0,True,True,False,287.0,,0,0,False,Factor / Style,Factor / Style,Factor / Style,Factor / Style,Factor / Style
2026-09-14,IMTM,52.9900016784668,53.2599983215332,52.79999923706055,52.90999984741211,488189.0,251,25830079.91550827,15393535.458673667,18172892.553109728,-0.0247004636421731,0.0002268712969806,0.1230248845259185,0.0,0.000415289299291,0.0839283889502323,-0.0,9.42172219523354e-08,0.0103252803590487,0.0036139093668613,4.200335793274408e-05,53.00914009094238,51.60540008544922,0.0023826101856365,54.79199981689453,54.79199981689453,0.9656519204305056,0.5648502349853516,0.010675680147691,52.7599983215332,52.7599983215332,52.7599983215332,-0.002835031682319,iShares MSCI Intl Momentum Factor ETF,P,True,False,False,False,False,False,False,False,False,,False,,,4170761216.0,Country / Region,unknown,415.0,True,,False,True,408.0,True,True,False,288.0,,0,0,False,Country / Region,Country / Region,Country / Region,Country / Region,Country / Region
2026-09-14,VGK,89.30500030517578,89.70500183105469,88.88500213623047,89.2300033569336,1858545.0,251,165837976.58901215,159946873.05998802,174504803.82576293,-0.0339937132865856,0.0092092989542515,0.1059943372372749,0.0,0.0238409628509882,0.0926659306466785,-0.0,0.0002195585542519,0.0098220639033699,0.0035804354264432,0.0318109440016464,90.55980041503906,87.29674616495768,0.0061260965069835,93.29000091552734,93.29000091552734,0.9564798207873316,0.7297489166259765,0.0081782908121931,88.88500213623047,88.88500213623047,88.88500213623047,-0.0038664261764405,Vanguard FTSEEuropean ETF,P,True,False,False,False,False,False,False,False,False,,False,,,37858430976.0,Other,unknown,81.0,True,,False,True,122.0,True,True,False,289.0,,0,0,False,Other,Other,Other,Other,Other
2026-09-14,EWU,48.04999923706055,48.19499969482422,47.80500030517578,47.90999984741211,957495.0,251,45873585.30389786,47089193.59987354,58236801.45113536,-0.0072523515601724,0.0304555508670203,0.0720556030959844,0.0,0.0851780359458856,0.0723073820952578,-0.0,0.0025941440065028,0.0052101520251655,0.0035097468130347,0.3711986347300104,47.87559989929199,46.655179748535154,0.0094502333644921,49.38999938964844,49.38999938964844,0.9700344288211002,0.3885004043579101,0.0081089627550665,47.459999084472656,47.459999084472656,47.459999084472656,-0.0093926271002432,iShares MSCI United Kingdom ETF,P,True,False,False,False,False,False,False,False,False,,False,,,3667788800.0,Country / Region,unknown,450.0,True,,False,True,255.0,True,True,False,290.0,,0,0,False,Country / Region,Country / Region,Country / Region,Country / Region,Country / Region
2026-09-14,AOR,68.87000274658203,69.2249984741211,68.79000091552734,68.97000122070312,450150.0,251,31046846.04949951,25148686.70402527,21535854.478030734,-0.0187793381367367,0.0054107342294058,0.0814197573286981,0.0,0.0195140147929468,0.119971895805426,-0.0,0.0001055851477933,0.0097680826427416,0.0034874592710252,0.0613881384791714,69.29320007324219,67.54666122436524,0.0023279895143566,70.44000244140625,70.48999786376953,0.97843670465129,0.3769989013671875,0.0054661286747088,68.79000091552734,68.79000091552734,68.79000091552734,-0.0026098347395961,iShares Core 60/40 Balanced Allocation ETF,P,True,False,False,False,False,False,False,False,False,,False,,,3667536128.0,Other,unknown,451.0,True,,False,True,389.0,True,True,False,291.0,,0,0,False,Other,Other,Other,Other,Other
2026-09-14,SCHE,36.41999816894531,36.70989990234375,36.4010009765625,36.56999969482422,2824057.0,251,103275763.6281662,103740525.54213372,109627779.9248191,-0.004627163197497,0.0117332958469,0.1118927658468917,0.0,0.0220526249601803,0.0847524543023779,-0.0,0.0002587499728585,0.0094831865242053,0.0034873027658299,0.117997080098399,36.48420021057129,35.53625013987223,0.0055809666159285,37.63999938964844,37.63999938964844,0.971572802545834,0.3494503021240234,0.0095556550462176,36.4010009765625,36.38999938964844,36.38999938964844,-0.0049220756543034,Schwab Emerging Markets Equity ETF,P,True,False,False,False,False,False,False,False,False,,False,,,12488486912.0,Country / Region,unknown,200.0,True,,False,True,170.0,True,True,False,292.0,,0,0,False,Country / Region,Country / Region,Country / Region,Country / Region,Country / Region
2026-09-14,FTCS,97.6500015258789,98.27999877929688,97.6500015258789,98.0,317244.0,251,31089912.0,32036324.98671112,44341515.46964663,-0.0297990503175212,0.0396311830368543,0.0453876955352741,0.0,0.0963433107608374,0.0614864959472241,-0.0,0.0038181993831392,0.0027907303575834,0.0034585852241947,0.264691972338575,99.00740036010744,95.71017110188802,0.0098815207416216,102.93000030517578,102.93000030517578,0.9521033684002828,0.9790000915527344,0.0099897968525789,96.73999786376952,96.73999786376952,96.73999786376952,-0.0128571646554129,First Trust Capital Strength ETF,Q,True,False,False,False,False,False,False,False,False,,False,,,7646184448.0,Other,unknown,294.0,True,,False,True,294.0,True,True,False,293.0,,0,0,False,Other,Other,Other,Other,Other
2026-09-14,IEUR,75.41000366210938,75.81999969482422,75.13999938964844,75.41000366210938,294088.0,251,22177177.156982426,80801260.61081696,71763217.9872325,-0.0361706835241445,0.0072394052072641,0.1015194489984439,0.0,0.0191641329309569,0.0896457550348135,-0.0,0.000138736923733,0.0091007876561837,0.0032754546800908,0.020892385376363,76.67820007324218,73.94093297322591,0.0055049687649475,78.90399932861328,78.90399932861328,0.9557183958198066,0.6146007537841797,0.0081501223171666,75.13999938964844,75.13999938964844,75.13999938964844,-0.0035804834816179,iShares Core MSCI Europe ETF,P,True,False,False,False,False,False,False,False,False,,False,,,8644286464.0,Country / Region,unknown,271.0,True,,False,True,222.0,True,True,False,294.0,,0,0,False,Country / Region,Country / Region,Country / Region,Country / Region,Country / Region
2026-09-14,IWY,282.4800109863281,285.5400085449219,281.6510009765625,284.17999267578125,248468.0,251,70609634.42016602,75701737.01184082,100121258.46445236,-0.0277796628679257,-0.0019597451098812,0.1117840867954769,0.0,0.0,0.0829660839798171,-0.0,-0.0,0.0092742879326807,0.0032460007764382,-0.0,284.94000366210935,277.4984537760417,0.0021207267896767,293.5400085449219,302.8307183720784,0.9384120415638232,3.3159469604492187,0.0116684743680472,281.6510009765625,281.6510009765625,281.6510009765625,-0.0088992602026845,iShares Russell Top 200 Growth ETF,P,True,False,False,False,False,False,False,False,False,,False,,,16964288512.0,Factor / Style,unknown,153.0,True,,False,True,180.0,True,True,False,295.0,,0,0,False,Factor / Style,Factor / Style,Factor / Style,Factor / Style,Factor / Style
2026-09-14,VONG,124.1500015258789,125.37999725341795,123.7699966430664,124.80999755859376,1156384.0,251,144328284.21679688,138499253.23153076,140889825.21154785,-0.0324806390806685,-0.0018489390611577,0.109187358741998,0.0,0.0,0.0829397186823084,-0.0,-0.0,0.0090559688177256,0.0031695890862039,-0.0,125.46420013427736,122.10293991088868,0.0019213616474846,129.50999450683594,132.77137888766129,0.9400369161202754,1.4545001983642578,0.0116537154620279,123.7699966430664,123.7699966430664,123.7699966430664,-0.0083326731501545,Vanguard Russell 1000 Growth ETF,Q,True,False,False,False,False,False,False,False,False,,False,,,53361160192.0,Factor / Style,unknown,52.0,True,,False,True,142.0,True,True,False,296.0,,0,0,False,Factor / Style,Factor / Style,Factor / Style,Factor / Style,Factor / Style
2026-09-14,BBEU,77.86000061035156,78.26000213623047,77.52999877929688,77.8499984741211,358494.0,251,27908757.352981567,29545884.27706528,23152725.71072896,-0.0337594790989909,0.0061855440358,0.1002294706669593,0.0,0.0164930265698927,0.0878297689804213,-0.0,0.0001020183421316,0.0088031312537089,0.0031474078611837,0.0155114410949657,79.09629989624024,76.34216471354166,0.0050887223543238,81.30999755859375,81.30999755859375,0.9574468184926546,0.632900619506836,0.0081297447901328,77.52999877929688,77.52999877929688,77.52999877929688,-0.0041104650108707,JPMorgan BetaBuilders Europe ETF,Z,True,False,False,False,False,False,False,False,False,,False,,,9113485312.0,Country / Region,unknown,263.0,True,,False,True,384.0,True,True,False,297.0,,0,0,False,Country / Region,Country / Region,Country / Region,Country / Region,Country / Region
2026-09-14,ILF,35.310001373291016,35.61000061035156,35.141700744628906,35.54999923706055,2908504.0,251,103397314.98098756,99100583.07218094,83957885.15278505,0.0580357396278263,0.0330998797535029,0.0860793515050102,0.2995393649318482,0.0603252019379578,0.0612321099645007,0.0173839885914692,0.0019967569302521,0.0052708203170277,0.0031426791156236,0.3615382978270338,34.7242000579834,34.85327262878418,0.0129875423799299,36.86000061035156,38.01502057204531,0.9351566486643588,0.6669147491455079,0.018759908958036,34.63999938964844,33.15999984741211,33.15999984741211,-0.0672292388450147,iShares Latin America 40 ETF,P,True,False,False,False,False,False,False,False,False,,False,,,3739343872.0,Country / Region,unknown,445.0,True,,False,True,205.0,True,True,False,298.0,,0,0,False,Country / Region,Country / Region,Country / Region,Country / Region,Country / Region
2026-09-14,IWF,120.54000091552734,121.79000091552734,120.1750030517578,121.26000213623048,4007070.0,251,485897316.760025,414483248.8173943,533978723.7279704,-0.0321653663488594,-0.0019999195008854,0.1086138489690118,0.0,0.0,0.0820101424257207,-0.0,-0.0,0.0089074372233543,0.003117603028174,-0.0,121.8647999572754,118.65118998209635,0.0018085429645444,125.79000091552734,129.02637734576848,0.9398078488344638,1.423748779296875,0.0117412894129537,120.1750030517578,120.1750030517578,120.1750030517578,-0.0089477079445677,iShares Russell 1000 Growth Fund,P,True,False,False,False,False,False,False,False,False,,False,,,128899137536.0,Factor / Style,unknown,21.0,True,,False,True,55.0,True,True,False,299.0,,0,0,False,Factor / Style,Factor / Style,Factor / Style,Factor / Style,Factor / Style
2026-09-14,CWB,101.44000244140624,102.6500015258789,101.1999969482422,101.23999786376952,308490.0,251,31231526.940994263,49314033.36925888,67142282.31558542,-0.0488387208963433,-0.0485580843490918,0.1089194207762427,0.0,0.0,0.0789410646782784,-0.0,-0.0,0.008598215040218,0.0030093752640763,-0.0,103.07677932739256,100.5758058166504,-0.0090208875563099,106.77779788367818,111.52416058159478,0.9077853384935274,1.414058044723916,0.0139673851695127,100.36000061035156,100.36000061035156,100.36000061035156,-0.0086921895692066,State Street SPDR Bloomberg Convertible Securities ETF,P,True,False,False,False,False,False,False,False,False,,False,,,6197490688.0,Other,unknown,343.0,True,,False,True,234.0,True,True,False,300.0,,0,0,False,Other,Other,Other,Other,Other
2026-09-14,VWO,59.43999862670898,59.875,59.36000061035156,59.61000061035156,7387596.0,251,440374602.0690308,363404262.41748506,445022131.2438229,-0.0083180834290974,0.002197260363937,0.1047916500668224,0.0,0.0042365975249663,0.081083635957426,-0.0,9.308907819562546e-06,0.0084968880053962,0.0029799615919713,0.0064204242760577,59.674599990844726,58.33122772216797,0.0038860336779171,61.540000915527344,61.540000915527344,0.9686382795504832,0.5689998626708984,0.0095453758907039,59.36000061035156,59.36000061035156,59.36000061035156,-0.0041939271504819,Vanguard FTSE Emerging Markets ETF,P,True,False,False,False,False,False,False,False,False,,False,,,163324018688.0,Country / Region,unknown,15.0,True,,False,True,65.0,True,True,False,301.0,,0,0,False,Country / Region,Country / Region,Country / Region,Country / Region,Country / Region
2026-09-14,IJK,110.2699966430664,110.61000061035156,109.9000015258789,110.06999969482422,232183.0,251,25556382.73914337,24384242.027391437,27122641.894820075,-0.0753528322556749,-0.0412522636950267,0.1036521181688689,0.0,0.0,0.0821112441296843,-0.0,-0.0,0.0085110043795228,0.002978851532833,-0.0,114.13299926757811,110.18807723999024,-0.00637788815877,119.38999938964844,119.38999938964844,0.9219365127525724,1.2689994812011718,0.0115290223014404,109.9000015258789,109.9000015258789,109.9000015258789,-0.0015444550687438,iShares S&P Mid-Cap 400 Growth ETF,P,True,False,False,False,False,False,False,False,False,,False,,,11298716672.0,Factor / Style,unknown,219.0,True,,False,True,368.0,True,True,False,302.0,,0,0,False,Factor / Style,Factor / Style,Factor / Style,Factor / Style,Factor / Style
2026-09-14,FWD,124.44000244140624,125.83000183105467,123.95999908447266,125.26000213623048,120704.0,251,15119383.297851562,19579297.130667116,31979017.25169784,-0.0753672325420509,-0.1075804959280363,0.1449725812535736,0.0,0.0,0.0584484991841173,-0.0,-0.0,0.0084734297971188,0.0029657004289916,-0.0,130.25159912109376,127.17623321533203,-0.0245094167622967,137.14999389648438,149.56900024414062,0.8374730186854848,2.100299453735352,0.0167675189040081,123.95999908447266,123.95999908447266,123.95999908447266,-0.0103784370875544,AB Disruptors ETF,P,True,False,False,False,False,False,False,False,False,,False,,,3163472384.0,Other,unknown,489.0,True,,False,True,339.0,True,True,False,303.0,,0,0,False,Other,Other,Other,Other,Other
2026-09-14,CGMM,31.790000915527344,31.975000381469727,31.72900009155273,31.82999992370605,805670.0,251,25644476.038532257,22388013.965748787,24291700.24475794,-0.0560498584987197,-0.0015978658428057,0.0925263807607421,0.0,0.0,0.0883343974194427,-0.0,-0.0,0.008173262089902,0.0028606417314657,-0.0,32.56900001525879,31.55448095957438,-0.001369257277509,33.78499984741211,33.84000015258789,0.9406028303836128,0.31274995803833,0.009825634897517,31.70499992370605,31.70499992370605,31.70499992370605,-0.0039271127960922,Capital Group U.S. Small and Mid Cap ETF,P,True,False,False,False,False,False,False,False,False,,False,,,3082042368.0,Factor / Style,unknown,499.0,True,,False,True,377.0,True,True,False,304.0,,0,0,False,Factor / Style,Factor / Style,Factor / Style,Factor / Style,Factor / Style
2026-09-14,VOX,192.4199981689453,195.83999633789065,192.6649932861328,195.3300018310547,292670.0,251,57167231.635894775,42256525.56273651,55393859.87337869,0.0325087715053113,0.0451606945711542,0.0586569955988625,0.1773872193108584,0.0648070938899054,0.0463358497712745,0.0057666405805392,0.0029267333732061,0.0027179217361032,0.0028536493002201,13.541655864855189,187.40940063476563,188.78052734375,0.0057957254832685,195.83999633789065,199.16970205639092,0.9807214642302918,2.6574989318847657,0.0136051753799874,184.44000244140625,183.75999450683597,183.75999450683597,-0.0592331296562722,Vanguard Communication Services  ETF,P,True,False,False,False,False,False,False,False,False,,False,,,5931463168.0,Sector,unknown,349.0,True,,False,True,263.0,True,True,False,305.0,,0,0,False,Sector,Sector,Sector,Sector,Sector
2026-09-14,CGBL,37.31999969482422,37.50590133666992,37.28010177612305,37.369998931884766,1071290.0,251,40034106.15573883,47859949.381845474,63715907.48120202,-0.0270763061613866,0.0008353984166966,0.0782188223806061,0.0,0.0027891923826429,0.1041269445899465,-0.0,2.330086900322316e-06,0.0081446869839162,0.0028521550008558,0.0010770324494727,37.81580039978027,36.79345408121745,0.0009401573585046,38.47999954223633,38.68000030517578,0.9661323329122176,0.218344497680664,0.0058427750581059,37.28010177612305,37.28010177612305,37.28010177612305,-0.0024055969582866,Capital Group Core Balanced ETF,P,True,False,False,False,False,False,False,False,False,,False,,,6991702016.0,Other,unknown,311.0,True,,False,True,242.0,True,True,False,306.0,,0,0,False,Other,Other,Other,Other,Other
2026-09-14,ICVT,112.4800033569336,113.27999877929688,112.4000015258789,112.68000030517578,659608.0,251,74324629.64129639,64010123.734033205,71143405.94938296,-0.0521526167728993,-0.0558422171800461,0.107976690257532,0.0,0.0,0.0747257818058424,-0.0,-0.0,0.0080686425963013,0.0028240249087054,-0.0,115.18450805664062,112.3865826924642,-0.0113586341052454,119.3593397025625,126.13139735236436,0.8933540947809342,1.2881098736116776,0.0114315749922172,111.86000061035156,111.86000061035156,111.86000061035156,-0.0072772425683651,iShares Convertible Bond ETF,Z,True,False,False,False,False,False,False,False,False,,False,,,7533008896.0,Bond,unknown,296.0,True,,False,True,224.0,True,True,False,307.0,,0,0,False,Bond,Bond,Bond,Bond,Bond
2026-09-14,SILJ,29.299999237060547,29.70989990234375,28.8799991607666,29.36000061035156,3482079.0,251,102233841.56529236,129212312.45210496,112637713.48547812,-0.0167448087669048,0.0802060441758218,-0.0664546932237514,0.0,0.046841428526113,0.0,-0.0,0.003756965685624,-0.0,0.0024420276956556,0.4278300794792076,28.1507999420166,29.91839995066325,0.0357479234481408,33.58000183105469,34.72999954223633,0.8453786639025397,1.3059999465942382,0.0444822860846187,28.8799991607666,28.6299991607666,28.6299991607666,-0.024863809073886,Amplify Junior Silver Miners ETF,P,True,False,False,False,False,False,False,False,False,,False,,,3404911360.0,Commodity,unknown,470.0,True,,False,True,166.0,True,True,False,308.0,,0,0,False,Commodity,Commodity,Commodity,Commodity,Commodity
2026-09-14,XSMO,82.54000091552734,82.93000030517578,82.23999786376953,82.29000091552734,480100.0,251,39507429.43954468,24732761.621513367,23200471.252962142,-0.081482260528633,-0.0815270784317849,0.1005147441670779,0.0,0.0,0.064451792986748,-0.0,-0.0,0.0064783554831724,0.0022674244191103,-0.0,87.02739974975586,84.39758967081706,-0.0159955535512638,90.08000183105467,93.68000030517578,0.8784158907713076,1.0985015869140624,0.0133491502575349,82.23999786376953,82.23999786376953,82.23999786376953,-0.0006076443213208,Invesco S&P SmallCap Momentum ETF,P,True,False,False,False,False,False,False,False,False,,False,,,3182153728.0,Factor / Style,unknown,486.0,True,,False,True,383.0,True,True,False,309.0,,0,0,False,Factor / Style,Factor / Style,Factor / Style,Factor / Style,Factor / Style
2026-09-14,DIHP,34.36000061035156,34.6150016784668,34.314998626708984,34.43000030517578,794849.0,251,27366651.312568665,20239954.80016365,21421777.449597675,-0.0327293405134017,0.0060633880200489,0.0772840169570201,0.0,0.0163153509348123,0.0785282372742644,-0.0,9.892630340103517e-05,0.0060689776211091,0.0021884442645988,0.0175642435676346,34.776600189208985,33.85959841410319,0.0054320243582388,35.875,35.875,0.9597212628620428,0.3106494903564453,0.009022639779348,34.314998626708984,34.314998626708984,34.314998626708984,-0.0033401590893831,Dimensional International High Profitability ETF,Z,True,False,False,False,False,False,False,False,False,,False,,,6191810560.0,Global Equity,unknown,344.0,True,,False,True,390.0,True,True,False,310.0,,0,0,False,Global Equity,Global Equity,Global Equity,Global Equity,Global Equity
2026-09-14,JGRO,92.7699966430664,93.70999908447266,92.6050033569336,93.31999969482422,277003.0,251,25849919.875465397,43611640.369040295,53165563.29295047,-0.0357511792530919,-0.0206737454273874,0.0880261553836512,0.0,0.0,0.0646017061325251,-0.0,-0.0,0.0056866398220706,0.0019903239377247,-0.0,94.26879989624024,92.7313996887207,-0.004612186898918,97.55999755859376,99.7300033569336,0.935726426889128,1.0328502655029297,0.011067834000006,92.6050033569336,92.6050033569336,92.6050033569336,-0.0076617696123961,JPMorgan Active Growth ETF,P,True,False,False,False,False,False,False,False,False,,False,,,9992348672.0,Factor / Style,unknown,248.0,True,,False,True,273.0,True,True,False,311.0,,0,0,False,Factor / Style,Factor / Style,Factor / Style,Factor / Style,Factor / Style
2026-09-14,SCHC,50.119998931884766,50.40999984741211,49.91279983520508,50.08000183105469,346645.0,251,17359982.234725952,15034811.61650467,15926211.865309458,-0.0230198308450358,0.0091032557834933,0.0803442869273882,0.0,0.019914293425211,0.0664941039521224,-0.0,0.0001812849067972,0.0053424213669089,0.0019876826678363,0.0823157472026864,49.77200027465821,49.32771631876628,0.0109436836292409,52.119998931884766,52.119998931884766,0.9608596096961526,0.5243598937988281,0.010470444780888,49.91279983520508,49.91279983520508,49.91279983520508,-0.0033386978781204,Schwab International Small-Cap Equity ETF,P,True,False,False,False,False,False,False,False,False,,False,,,5338413056.0,Global Equity,unknown,366.0,True,,False,True,418.0,True,True,False,312.0,,0,0,False,Global Equity,Global Equity,Global Equity,Global Equity,Global Equity
2026-09-14,VSS,156.44000244140625,157.35000610351562,155.85499572753906,156.50999450683594,131184.0,251,20531607.11938477,44172080.17232971,33775781.671742275,-0.0214455913605908,-0.0022411308552328,0.07851772670736,0.0,0.0,0.0633985798299721,-0.0,-0.0,0.0049779123647245,0.0017422693276535,-0.0,156.1109991455078,154.80645467122395,0.0059113256398306,162.4600067138672,162.4600067138672,0.9633755265225938,1.5707496643066403,0.0100360981370939,155.85499572753906,155.85499572753906,155.85499572753906,-0.0041850284472936,Vanguard FTSE All-Wld ex-US SmCp Idx ETF,P,True,False,False,False,False,False,False,False,False,,False,,,13810126848.0,Country / Region,unknown,184.0,True,,False,True,332.0,True,True,False,313.0,,0,0,False,Country / Region,Country / Region,Country / Region,Country / Region,Country / Region
2026-09-14,COPX,84.95500183105469,86.37000274658203,84.2699966430664,85.62000274658203,3604565.0,251,308622865.20023346,311673900.59693336,261584886.43143973,-0.0009334212894834,-0.0006867260362933,0.1246362244304857,0.0,0.0,0.0367738817489537,-0.0,-0.0,0.0045833577788427,0.0016041752225949,-0.0,84.4929995727539,83.25396041870117,0.0305104082611045,97.58999633789062,97.58999633789062,0.8773440512297562,3.059499740600586,0.035733469311559,84.2699966430664,84.2699966430664,84.2699966430664,-0.0157674148587845,Global X Copper Miners ETF,P,True,False,False,False,False,False,False,False,False,,False,,,7154050560.0,Commodity,unknown,305.0,True,,False,True,89.0,True,True,False,314.0,,0,0,False,Commodity,Commodity,Commodity,Commodity,Commodity
2026-09-14,EFG,120.19000244140624,120.88990020751952,119.71499633789062,120.12000274658205,944301.0,251,113429438.71360016,70684915.69800147,82154810.48685335,-0.052307670638406,-0.0199005817523136,0.0764712180604445,0.0,0.0,0.0546453888945265,-0.0,-0.0,0.0041787994501511,0.0014625798075528,-0.0,123.13679962158204,120.01707763671877,-0.000949260549132,127.44000244140624,127.44000244140624,0.9425612087681042,1.2587512969970702,0.0104791147870073,119.71499633789062,119.71499633789062,119.71499633789062,-0.0033716816469431,iShares MSCI EAFE Growth ETF,Z,True,False,False,False,False,False,False,False,False,,False,,,16891213824.0,Country / Region,unknown,155.0,True,,False,True,207.0,True,True,False,315.0,,0,0,False,Country / Region,Country / Region,Country / Region,Country / Region,Country / Region
2026-09-14,USRT,64.51000213623047,64.91999816894531,64.02999877929688,64.20999908447266,495574.0,251,31820806.08628845,32472769.903237157,36007222.86903042,-0.0467636801861137,-0.0342327854657085,0.0627277919950308,0.0,0.0,0.0653816482262019,-0.0,-0.0,0.0041012464302254,0.0014354362505789,-0.0,67.07239990234375,64.3476091003418,-0.0044114877407428,67.73999786376953,70.08999633789062,0.916107896124411,0.7060001373291016,0.0109951743870967,64.02999877929688,64.02999877929688,64.02999877929688,-0.002803306459154,iShares Core U.S. REIT ETF,P,True,False,False,False,False,False,False,False,False,,False,,,4356137472.0,REIT / Infra,unknown,405.0,True,,False,True,319.0,True,True,False,316.0,,0,0,False,REIT / Infra,REIT / Infra,REIT / Infra,REIT / Infra,REIT / Infra
2026-09-14,SHYG,41.7599983215332,41.810001373291016,41.70000076293945,41.7599983215332,1192600.0,251,49802973.9982605,50617692.47934341,56531430.05332947,-0.0062664275634941,0.0028828294015985,0.0276970712162794,0.0,0.0419215602685708,0.1329609029184231,-0.0,0.0001208527065031,0.0036826275971123,0.0013674739182163,0.0619686174466193,41.84992080688477,41.46781595865885,0.0011520721409807,42.132718207701146,42.132718207701146,0.991153671018078,0.0794257446814295,0.0019019575640278,41.70000076293945,41.70000076293945,41.70000076293945,-0.0014367232041485,iShares 0-5 Year High Yield Corporate Bond ETF,P,True,False,False,False,False,False,False,False,False,,False,,,7603881984.0,Bond,unknown,295.0,True,,False,True,260.0,True,True,False,317.0,,0,0,False,Bond,Bond,Bond,Bond,Bond
2026-09-14,XLC,113.62999725341795,115.25499725341795,113.58000183105467,115.06999969482422,4311171.0,251,496086445.654335,457541327.6179142,644715560.0917277,0.0187693918004574,0.0333126042179285,0.0112496622452926,0.1000002519142786,0.0528255781841111,0.0104418251527471,0.0018769439083235,0.0017597575786305,0.0001174670061928,0.0011849558782773,16.474940552214946,111.00759963989258,112.88916447957357,0.0083100854952293,115.25499725341795,119.16998107948716,0.9655955187076164,1.59324951171875,0.0138459156682383,110.30999755859376,110.25,110.25,-0.0418875441696992,State Street Communication Services Select Sector SPDR ETF,P,True,False,False,False,False,False,False,False,False,,False,,,22262224896.0,Sector,unknown,124.0,True,,False,True,44.0,True,True,False,318.0,,0,0,False,Sector,Sector,Sector,Sector,Sector
2026-09-14,EMLC,25.26000022888184,25.30579948425293,25.190099716186523,25.239999771118164,1859626.0,251,46936959.81436539,65497879.56512012,51827344.285839446,-0.0105781103242242,0.0048352417036161,0.0377629446586458,0.0,0.0237537018986324,0.0742598977676105,-0.0,0.0001148548900355,0.0028042724097549,0.0010561510219373,0.0292464232892023,25.37330268859863,25.10538907368978,0.0030723473976448,25.788426181274463,25.788426181274463,0.9787336223505364,0.1116831163554637,0.0044248461714829,25.190099716186523,25.190099716186523,25.190099716186523,-0.0019770227965192,VanEck J. P. Morgan EM Local Currency Bond ET,P,True,False,False,False,False,False,False,False,False,,False,,,4872451072.0,Bond,unknown,383.0,True,,False,True,276.0,True,True,False,319.0,,0,0,False,Bond,Bond,Bond,Bond,Bond
2026-09-14,REET,26.899999618530277,27.06999969482422,26.72010040283203,26.81999969482422,2388110.0,251,64049109.471206665,85709252.0033207,78771252.24035777,-0.0469083057375542,-0.0322581000374532,0.0496256136822879,0.0,0.0,0.0570012878178603,-0.0,-0.0,0.002828723888642,0.0009900533610247,-0.0,27.98739990234375,27.086001625061037,-0.0031628202153396,28.2549991607666,29.059999465942383,0.9229181069413512,0.2494449615478515,0.0093007070986652,26.72010040283203,26.72010040283203,26.72010040283203,-0.0037248058586468,iShares Global REIT ETF,P,True,False,False,False,False,False,False,False,False,,False,,,4886244352.0,REIT / Infra,unknown,381.0,True,,False,True,211.0,True,True,False,320.0,,0,0,False,REIT / Infra,REIT / Infra,REIT / Infra,REIT / Infra,REIT / Infra
2026-09-14,SCHH,23.18000030517578,23.31999969482422,23.0,23.09000015258789,8270851.0,251,190973950.8520317,133463885.6511221,157317269.0060876,-0.0423061149706374,-0.0379434968497439,0.0511985857831365,0.0,0.0,0.0534352265776751,-0.0,-0.0,0.0027358080317784,0.0009575328111224,-0.0,24.00380012512207,23.194001108805335,-0.0036463889983306,24.270000457763672,25.030000686645508,0.9224929891794736,0.2504999160766601,0.0108488486107084,23.0,23.0,23.0,-0.003897797834263,Schwab U.S. REIT ETF,P,True,False,False,False,False,False,False,False,False,,False,,,11128644608.0,REIT / Infra,unknown,224.0,True,,False,True,128.0,True,True,False,321.0,,0,0,False,REIT / Infra,REIT / Infra,REIT / Infra,REIT / Infra,REIT / Infra
2026-09-14,IWP,136.3800048828125,137.53500366210938,136.08999633789062,136.97000122070312,455438.0,251,62381343.41595459,114998059.9813904,115886057.50553386,-0.069813234494376,-0.0260811392002389,0.0582747103630321,0.0,0.0,0.0453972984577376,-0.0,-0.0,0.0026455144188887,0.000925930046611,-0.0,140.8577993774414,137.65278330485026,-0.0058944329956591,148.2899932861328,148.2899932861328,0.9236631426397922,1.8115005493164065,0.0132255277299551,136.08999633789062,136.08999633789062,136.08999633789062,-0.0064248001384954,iShares Russell Midcap Growth ETF,P,True,False,False,False,False,False,False,False,False,,False,,,21568610304.0,Factor / Style,unknown,126.0,True,,False,True,162.0,True,True,False,322.0,,0,0,False,Factor / Style,Factor / Style,Factor / Style,Factor / Style,Factor / Style
2026-09-14,SPHY,22.96999931335449,23.01000022888184,22.940000534057617,22.96999931335449,4925369.0,251,113135722.5480175,92041935.68586874,122609021.29967871,-0.0086421670811834,-0.0011934693423933,0.0253537812155388,0.0,0.0,0.1042188651114607,-0.0,-0.0,0.0026423423045677,0.0009248198065987,-0.0,23.08915054321289,22.888027521769207,0.0007481584515005,23.259701280798584,23.259701280798584,0.987544897333516,0.0578262382604371,0.0025174680012644,22.940000534057617,22.940000534057617,22.940000534057617,-0.001305998267028,State Street SPDR Portfolio High Yield Bond ETF,P,True,False,False,False,False,False,False,False,False,,False,,,11327878144.0,Bond,unknown,218.0,True,,False,True,153.0,True,True,False,323.0,,0,0,False,Bond,Bond,Bond,Bond,Bond
2026-09-14,SJNK,24.56999969482422,24.600000381469727,24.540000915527344,24.57999992370605,1838883.0,251,45199743.99970436,47553211.12372561,55166903.36604397,-0.0071940877544349,0.0003928756682418,0.0237420471712599,0.0,0.0052718695084692,0.1107409880383963,-0.0,2.071189256023776e-06,0.0026292177617995,0.0009215724896462,0.0017159380844942,24.663626861572265,24.469127604166665,0.0006127374300277,24.807828650270245,24.807828650270245,0.9908162568447236,0.0502541415506989,0.002044513494983,24.540000915527344,24.540000915527344,24.540000915527344,-0.001627298954551,State Street SPDR Bloomberg Short Term High Yield Bond ETF,P,True,False,False,False,False,False,False,False,False,,False,,,4880412160.0,Bond,unknown,382.0,True,,False,True,264.0,True,True,False,324.0,,0,0,False,Bond,Bond,Bond,Bond,Bond
2026-09-14,MLPX,75.23999786376953,75.57520294189453,74.0999984741211,74.29000091552734,352700.0,251,26202083.32290649,26114513.24375153,30683942.655775283,-0.0165475242897841,0.0119885865546454,0.0514417542927607,0.0,0.0200839824346548,0.0422471186721748,-0.0,0.0002407785617798,0.0021732658983111,0.0009171491295657,0.1195848591352746,74.78815383911133,72.67806391398112,0.0078241605679316,77.12999725341797,77.54653107216272,0.95800546959857,1.2597610473632812,0.0169573432741737,74.0999984741211,73.61000061035156,73.61000061035156,-0.0091533220728989,Global X MLP & Energy Infrastructure ETF,P,True,False,False,False,False,False,False,False,False,,False,,,3484022272.0,REIT / Infra,unknown,463.0,True,,False,True,342.0,True,True,False,325.0,,0,0,False,REIT / Infra,REIT / Infra,REIT / Infra,REIT / Infra,REIT / Infra
2026-09-14,USHY,36.34000015258789,36.36000061035156,36.2599983215332,36.310001373291016,21699073.0,251,787893370.429142,351133088.25702226,406631234.5272111,-0.0094738658292721,-0.0011092432494888,0.0252363409427529,0.0,0.0,0.1029124968374891,-0.0,-0.0,0.0025971348574608,0.0009089972001113,-0.0,36.51176742553711,36.1940779876709,0.0008253341505168,36.77659750675637,36.77659750675637,0.9873126889082212,0.0878436192989518,0.0024192678594489,36.2599983215332,36.2599983215332,36.2599983215332,-0.0013771151161287,iShares Broad USD High Yield Corporate Bond ETF,Z,True,False,False,False,False,False,False,False,False,,False,,,28476405760.0,Bond,unknown,97.0,True,,False,True,71.0,True,True,False,326.0,,0,0,False,Bond,Bond,Bond,Bond,Bond
2026-09-14,JNK,94.4800033569336,94.625,94.34500122070312,94.48999786376952,2891318.0,251,273200631.6434784,231760379.78289565,251781063.53931412,-0.0099383539386449,-0.0023694243011829,0.0252817995034437,0.0,0.0,0.1000137546176216,-0.0,-0.0,0.0025285276918293,0.0008849846921402,-0.0,95.03789016723633,94.23167373657226,0.0006372464224944,95.71694862146688,95.71694862146688,0.987181468116482,0.2282605435589204,0.0024157111728165,94.34500122070312,94.34500122070312,94.34500122070312,-0.0015345184288759,State Street SPDR Bloomberg High Yield Bond ETF,P,True,False,False,False,False,False,False,False,False,,False,,,7345531392.0,Bond,unknown,300.0,True,,False,True,92.0,True,True,False,327.0,,0,0,False,Bond,Bond,Bond,Bond,Bond
2026-09-14,PAVE,53.0,53.29999923706055,52.65499877929688,53.02000045776367,1526728.0,251,80947119.25888062,85897501.95098877,105318973.2858688,-0.0950674121918089,-0.0804539564222952,0.0586601563699062,0.0,0.0,0.0376393022789808,-0.0,-0.0,0.0022079273573391,0.0007727745750687,-0.0,56.45199989318848,55.39543963114421,-0.0147897867464432,58.880001068115234,60.32421526966227,0.8789173671095898,0.8761495590209961,0.0165248878056677,52.65499877929688,52.65499877929688,52.65499877929688,-0.0068842262413324,Global X U.S. Infrastructure Development ETF,Z,True,False,False,False,False,False,False,False,False,,False,,,14567146496.0,REIT / Infra,unknown,174.0,True,,False,True,174.0,True,True,False,328.0,,0,0,False,REIT / Infra,REIT / Infra,REIT / Infra,REIT / Infra,REIT / Infra
2026-09-14,ANGL,28.5,28.520099639892575,28.43000030517578,28.46999931335449,747369.0,251,21277594.916822437,20343043.02030096,20939705.7246814,-0.0142252518776405,-0.005372588159236,0.0255046064812476,0.0,0.0,0.0859448361698699,-0.0,-0.0,0.0021919892256078,0.0007671962289627,-0.0,28.74686660766601,28.490682309468585,-0.0001889576910301,28.980285758774286,28.980285758774286,0.9823919456948316,0.0818363180462528,0.002874475589041,28.43000030517578,28.43000030517578,28.43000030517578,-0.0014049529028246,VanEck Fallen Angel High Yield Bond ETF,Q,True,False,False,False,False,False,False,False,False,,False,,,3117964800.0,Bond,unknown,495.0,True,,False,True,392.0,True,True,False,329.0,,0,0,False,Bond,Bond,Bond,Bond,Bond
2026-09-14,HYLB,35.849998474121094,35.88999938964844,35.779998779296875,35.83000183105469,889210.0,251,31860395.92819214,29616011.48422241,35048152.91687496,-0.0101461750660982,-0.0020594976372725,0.0234428340521586,0.0,0.0,0.0915664517095559,-0.0,-0.0,0.0021465771321721,0.0007513019962602,-0.0,36.03590179443359,35.74869570414225,0.0008010119967076,36.291761919743344,36.291761919743344,0.9872764488615956,0.087125986080002,0.0024316489429952,35.779998779296875,35.779998779296875,35.779998779296875,-0.0013955637511152,Xtrackers USD High Yield Corporate Bond ETF,P,True,False,False,False,False,False,False,False,False,,False,,,3468311296.0,Bond,unknown,467.0,True,,False,True,325.0,True,True,False,330.0,,0,0,False,Bond,Bond,Bond,Bond,Bond
2026-09-14,DFGR,28.3799991607666,28.5,28.184999465942383,28.290000915527344,589666.0,251,16681651.679855349,12722090.039999772,12589423.155573526,-0.0436105142496933,-0.0359023026180015,0.0417648289212937,0.0,0.0,0.0493748943376962,-0.0,-0.0,0.0020621340150208,0.0007217469052572,-0.0,29.394500160217284,28.58677173614502,-0.0028990853627476,29.729999542236328,30.424999237060547,0.9298274979434488,0.24920015335083,0.0088087714841342,28.184999465942383,28.184999465942383,28.184999465942383,-0.0037116099747924,Dimensional Global Real Estate ETF,P,True,False,False,False,False,False,False,False,False,,False,,,3711327744.0,REIT / Infra,unknown,446.0,True,,False,True,438.0,True,True,False,331.0,,0,0,False,REIT / Infra,REIT / Infra,REIT / Infra,REIT / Infra,REIT / Infra
2026-09-14,VNQ,94.6999969482422,95.2699966430664,93.95500183105467,94.33000183105467,4405812.0,251,415600254.0272827,290224606.6950089,311593601.163115,-0.0455327321322177,-0.0339922550755944,0.0436056561907887,0.0,0.0,0.0454059095692778,-0.0,-0.0,0.0019799544817079,0.0006929840685977,-0.0,97.96760009765624,94.99212280273436,-0.0029405003325557,99.43000030517578,101.8000030517578,0.9266208153559172,1.02974853515625,0.0109164477384462,93.91000366210938,93.91000366210938,93.91000366210938,-0.0044524346527368,Vanguard Real Estate ETF,P,True,False,False,False,False,False,False,False,False,,False,,,71348019200.0,REIT / Infra,unknown,42.0,True,,False,True,78.0,True,True,False,332.0,,0,0,False,REIT / Infra,REIT / Infra,REIT / Infra,REIT / Infra,REIT / Infra
2026-09-14,HYG,78.55000305175781,78.63999938964844,78.41000366210938,78.52999877929688,43795484.0,251,3439259305.058716,2653445195.2382874,2533779801.511075,-0.0094044695675137,-0.0028581979635339,0.0218434250426931,0.0,0.0,0.0841523040819011,-0.0,-0.0,0.0018381745463829,0.000643361091234,-0.0,78.9780696105957,78.39436279296875,0.0005715191160553,79.53413056375734,79.53413056375734,0.9873748316937278,0.1897210814343303,0.0024159058243147,78.41000366210938,78.41000366210938,78.41000366210938,-0.0015280162874411,iShares iBoxx $ High Yield Corporate Bond ETF,P,True,False,False,False,False,False,False,False,False,,False,,,17626118144.0,Bond,unknown,146.0,True,,False,True,12.0,True,True,False,333.0,,0,0,False,Bond,Bond,Bond,Bond,Bond
2026-09-14,IBDT,24.989999771118164,25.030000686645508,25.0,25.01000022888184,602172.0,251,15060321.857826233,13230605.530747984,15296018.056518191,-0.0034651065352681,0.0026499129669328,0.011816915476325,0.0,0.0627868255466557,0.1201023315564388,-0.0,0.0001663796231686,0.001419239100512,0.0006048804402388,0.1114053057130701,25.039941024780276,24.91811332702637,0.000837191954695,25.270000457763672,25.270000457763672,0.989711111033955,0.0648930789837804,0.0025946852614915,25.0,25.0,25.0,-0.0003998492119279,iShares iBonds Dec 2028 Term Corporate ETF,P,True,False,False,False,False,False,False,False,False,,False,,,3989931008.0,Bond,unknown,423.0,True,,False,True,423.0,True,True,False,334.0,,0,0,False,Bond,Bond,Bond,Bond,Bond
2026-09-14,VCR,378.0499877929688,381.010009765625,377.1549987792969,379.3800048828125,46876.0,251,17783817.10888672,17078312.891882323,21132947.988564145,-0.0476214407682814,-0.0323079234379293,0.0463628366710011,0.0,0.0,0.0333405665056907,-0.0,-0.0,0.0015457632394219,0.0005410171337976,-0.0,390.8530004882812,385.4606764729818,-0.0035931488449285,400.1700134277344,405.132061529269,0.9364354019544908,4.990252685546875,0.0131537050485523,373.6700134277344,373.6700134277344,373.6700134277344,-0.015050849759048,Vanguard Consumer Discretion ETF,P,True,False,False,False,False,False,False,False,False,,False,,,6827243008.0,Other,unknown,317.0,True,,False,True,391.0,True,True,False,335.0,,0,0,False,Other,Other,Other,Other,Other
2026-09-14,BSCS,20.229999542236328,20.25,20.229999542236328,20.23500061035156,651989.0,251,13192997.812942505,13828090.550952148,13233619.656858051,-0.0038888731356778,0.0020529443339916,0.0115226594058781,0.0,0.044797160682376,0.1152602991878913,-0.0,9.196607720179584e-05,0.0013281051705616,0.0005246147598777,0.0683467027682026,20.266668434143067,20.16908527374268,0.0007942743033764,20.34000015258789,20.34000015258789,0.9948377806564092,0.0239829778571394,0.0011852224924011,20.229999542236328,20.229999542236328,20.229999542236328,-0.0002471493928533,Invesco BulletShares 2028 Corporate Bond ETF,Q,True,False,False,False,False,False,False,False,False,,False,,,3521428736.0,Bond,unknown,457.0,True,,False,True,435.0,True,True,False,336.0,,0,0,False,Bond,Bond,Bond,Bond,Bond
2026-09-14,GRID,172.69000244140625,173.57000732421875,171.63360595703125,172.99000549316406,663119.0,251,114712959.45262146,95226758.9765831,114800743.22153412,-0.0792036515183904,-0.081064994799868,0.051750387295286,0.0,0.0,0.0265758594217407,-0.0,-0.0,0.0013753110177801,0.000481358856223,,181.06300018310543,180.78679575602212,-0.0124141406900313,189.8300018310547,199.1864313808516,0.8684828795511726,3.2183181762695314,0.0186040700275988,171.63360595703125,171.63360595703125,171.63360595703125,-0.0078409127294143,First Trust NASDAQ Clean Edge Smart Grid Infrastructure Index Fund,Q,True,False,False,False,False,False,False,False,False,,False,,,12076603392.0,REIT / Infra,unknown,204.0,True,,False,True,164.0,True,True,False,337.0,,0,0,False,REIT / Infra,REIT / Infra,REIT / Infra,REIT / Infra,REIT / Infra
2026-09-14,IYR,100.79000091552734,101.31999969482422,99.875,100.27999877929688,5465192.0,251,548049447.088623,504482231.11465454,547099605.1783729,-0.0454978002129782,-0.0344694955711166,0.0364642799156156,0.0,0.0,0.0376891657127301,-0.0,-0.0,0.001374308288335,0.0004810079009172,-0.0,104.0918000793457,101.2385250345866,-0.0024533330695731,105.66000366210938,108.16999816894533,0.9270592629822788,1.111248779296875,0.0110814598406865,99.8000030517578,99.8000030517578,99.8000030517578,-0.0047865549798765,iShares U.S. Real Estate ETF,P,True,False,False,False,False,False,False,False,False,,False,,,4672414720.0,REIT / Infra,unknown,391.0,True,,False,True,54.0,True,True,False,338.0,,0,0,False,REIT / Infra,REIT / Infra,REIT / Infra,REIT / Infra,REIT / Infra
2026-09-14,JPIE,45.33000183105469,45.400001525878906,45.33000183105469,45.34000015258789,1494662.0,251,67767975.30806732,76388295.81078681,68386045.43095289,-0.0072640161542484,-0.0002818581272037,0.013344772700552,0.0,0.0,0.101174231797985,-0.0,-0.0,0.001350147126497,0.0004725514942739,-0.0,45.52865005493164,45.22812121073405,0.0007012183208221,45.7513829445892,45.7513829445892,0.9910082982081756,0.0602622173459355,0.0013291181548991,45.33000183105469,45.33000183105469,45.33000183105469,-0.0002205187803165,JPMorgan Income ETF,P,True,False,False,False,False,False,False,False,False,,False,,,9740692480.0,Bond,unknown,251.0,True,,False,True,225.0,True,True,False,339.0,,0,0,False,Bond,Bond,Bond,Bond,Bond
2026-09-14,XLRE,43.38999938964844,43.59000015258789,42.96500015258789,43.119998931884766,6105329.0,251,263261779.95880508,227878899.89225787,232850315.14095253,-0.047492854078604,-0.0410526046995819,0.0364548366185069,0.0,0.0,0.0368248350320488,-0.0,-0.0,0.0013424433445968,0.0004698551706088,-0.0,44.7252001953125,43.587811126708985,-0.0032666404312279,45.46500015258789,46.45500183105469,0.9282100362131402,0.4972499847412109,0.0115317717314116,42.93999862670898,42.93999862670898,42.93999862670898,-0.0041744042123035,State Street Real Estate Select Sector SPDR ETF,P,True,False,False,False,False,False,False,False,False,,False,,,8102354432.0,REIT / Infra,unknown,282.0,True,,False,True,96.0,True,True,False,340.0,,0,0,False,REIT / Infra,REIT / Infra,REIT / Infra,REIT / Infra,REIT / Infra
2026-09-14,SPSB,29.670000076293945,29.71999931335449,29.670000076293945,29.68000030517578,13155616.0,251,390458686.8947754,208887592.5003422,140959069.87235624,-0.0049926631893654,0.0011461712187432,0.0107931223911901,0.0,0.0255275673367503,0.109218034447422,-0.0,2.9258962965914203e-05,0.0011788036131162,0.0004315995905185,0.0220293642649843,29.756983947753906,29.6139124806722,0.0006506474568515,29.878740018559675,29.878740018559675,0.9933484573559512,0.0389292748358073,0.0013116332356984,29.670000076293945,29.670000076293945,29.670000076293945,-0.0003369349319074,State Street SPDR Portfolio Short Term Corporate Bond ETF,P,True,False,False,False,False,False,False,False,False,,False,,,10633097216.0,Bond,unknown,234.0,True,,False,True,141.0,True,True,False,341.0,,0,0,False,Bond,Bond,Bond,Bond,Bond
2026-09-14,XLI,168.6699981689453,170.13499450683594,168.33999633789062,169.92999267578125,7309849.0,251,1242162587.031067,1223879590.2501435,1233869844.4608338,-0.0888960501816271,-0.0331020824732511,0.0375143774027939,0.0,0.0,0.0297820070744784,-0.0,-0.0,0.0011172534532046,0.0003910387086216,-0.0,180.04079956054687,174.75179667154947,-0.0100812484413639,187.38999938964844,188.19000244140625,0.9029703516194472,2.3635009765625,0.0139086746215069,168.33999633789062,168.33999633789062,168.33999633789062,-0.0093567728265855,State Street Industrial Select Sector SPDR ETF,P,True,False,False,False,False,False,False,False,False,,False,,,33963890688.0,Sector,unknown,87.0,True,,False,True,26.0,True,True,False,342.0,,0,0,False,Sector,Sector,Sector,Sector,Sector
2026-09-14,XLB,50.68000030517578,50.810001373291016,50.34000015258789,50.4900016784668,11380265.0,251,574589598.951397,577304546.8496542,583398091.7533461,-0.039017875929551,-0.0287698917184893,0.0348478324659464,0.0,0.0,0.0285146536000148,-0.0,-0.0,0.0009936738714778,0.0003477858550172,-0.0,51.81099983215332,51.2181740061442,0.0019621130102915,54.18999862670898,54.18999862670898,0.9317217744600838,0.799000358581543,0.0158249224008701,50.34000015258789,50.34000015258789,50.34000015258789,-0.0029709154464711,State Street Materials Select Sector SPDR ETF,P,True,False,False,False,False,False,False,False,False,,False,,,8166011392.0,Sector,unknown,279.0,True,,False,True,48.0,True,True,False,343.0,,0,0,False,Sector,Sector,Sector,Sector,Sector
2026-09-14,VIS,324.9700012207031,326.4898986816406,323.32000732421875,325.9200134277344,181274.0,251,59080824.51409912,34529559.888119504,32047616.8145936,-0.092068940804468,-0.0510930103703419,0.0343052708108748,0.0,0.0,0.0255794146876476,-0.0,-0.0,0.0008775087480434,0.0003071280618151,-0.0,345.9628015136719,338.32354715983075,-0.0128352028085325,360.6000061035156,362.2099914550781,0.8998095610737881,4.551504516601563,0.0139650967387148,323.32000732421875,323.32000732421875,323.32000732421875,-0.0079774361696021,Vanguard Industrials ETF,P,True,False,False,False,False,False,False,False,False,,False,,,9029749760.0,Sector,unknown,268.0,True,,False,True,338.0,True,True,False,344.0,,0,0,False,Sector,Sector,Sector,Sector,Sector
2026-09-14,CGMS,26.790000915527344,26.82999992370605,26.740100860595703,26.790000915527344,1104024.0,251,29576803.97076416,33669122.99607506,28690270.42477696,-0.0096100223064998,-0.0094710322126801,0.0149388630832798,0.0,0.0,0.0579473317173474,-0.0,-0.0,0.0008656672545668,0.0003029835390983,-0.0,26.97460556030273,26.87740872701009,-0.0008553605395972,27.14449615613444,27.14449615613444,0.9869404376280168,0.0716216121207303,0.0026734456764881,26.740100860595703,26.740100860595703,26.740100860595703,-0.0018626372984824,Capital Group U.S. Multi-Sector Income ETF,P,True,False,False,False,False,False,False,False,False,,False,,,5172525056.0,Bond,unknown,373.0,True,,False,True,358.0,True,True,False,345.0,,0,0,False,Bond,Bond,Bond,Bond,Bond
2026-09-14,NEAR,50.119998931884766,50.15999984741211,50.09999847412109,50.11000061035156,616048.0,251,30870165.65600586,38512313.92166672,29044541.5786639,-0.0049629005797348,0.0007876152567276,0.0081504473156495,0.0,0.0203755824129041,0.0868586243983429,-0.0,1.6048119573115057e-05,0.0007079366420684,0.0002582091024464,0.0125455486686544,50.239187240600586,50.04300496419271,0.0006504899868031,50.46953803321853,50.46953803321853,0.9928761499138288,0.0623863133397382,0.001244987279582,50.09999847412109,50.09999847412109,50.09999847412109,-0.0001996035942654,iShares Short Duration Bond Active ETF,Z,True,False,False,False,False,False,False,False,False,,False,,,4774438400.0,Bond,unknown,386.0,True,,False,True,356.0,True,True,False,346.0,,0,0,False,Bond,Bond,Bond,Bond,Bond
2026-09-14,XMMO,149.4600067138672,149.4600067138672,147.3699951171875,147.5500030517578,528089.0,251,77919533.56159973,47728099.78675308,61281567.21268742,-0.1065697335463311,-0.1291548994778353,0.0362539613002452,0.0,0.0,0.0199354238524911,-0.0,-0.0,0.0007227380848521,0.0002529583296982,-0.0,157.8153988647461,157.16479990641275,-0.0207338471962317,166.6699981689453,173.94000244140625,0.848281022080943,2.6010009765625,0.0176279289919778,147.3699951171875,147.3699951171875,147.3699951171875,-0.0012199791992357,Invesco S&P MidCap Momentum ETF,P,True,False,False,False,False,False,False,False,False,,False,,,7917685760.0,Factor / Style,unknown,289.0,True,,False,True,251.0,True,True,False,347.0,,0,0,False,Factor / Style,Factor / Style,Factor / Style,Factor / Style,Factor / Style
2026-09-14,JPLD,51.560001373291016,51.63999938964844,51.560001373291016,51.59999847412109,593566.0,251,30628004.69429016,21447959.58890533,22057198.975837342,-0.0052193765650279,0.0019177468729674,0.007469495414313,0.0,0.0413118437071679,0.0759492903988004,-0.0,7.922565908594005e-05,0.0005673028763541,0.0002500526851298,0.0542892084968044,51.71742042541504,51.470234883626304,0.0006623671587953,51.9305110193046,51.9305110193046,0.9936354844445756,0.0673290531301638,0.0013048266496351,51.54999923706055,51.54999923706055,51.54999923706055,-0.0009689774910676,JPMorgan Limited Duration Bond ETF,P,True,False,False,False,False,False,False,False,False,,False,,,3882614016.0,Bond,unknown,437.0,True,,False,True,386.0,True,True,False,348.0,,0,0,False,Bond,Bond,Bond,Bond,Bond
2026-09-14,IAUM,42.59000015258789,43.02000045776367,42.4900016784668,42.68999862670898,4506605.0,251,192386961.26111984,153345531.1845274,110627174.68675493,-0.0215448640475327,0.0173975109190711,-0.1460292619854479,0.0,0.0216681380823089,0.0,-0.0,0.0003769716688829,-0.0,0.0002450315847738,0.5374379398768439,42.53500022888184,45.12966674804687,0.0142788360328427,46.650001525878906,50.20000076293945,0.8503983660937554,0.8727499008178711,0.0204438962027006,42.4900016784668,42.4900016784668,42.4900016784668,-0.0046848665887999,iShares Gold Trust Micro Shares,P,True,False,False,False,False,False,False,False,False,,False,,,6306659840.0,Commodity,unknown,339.0,True,,False,True,169.0,True,True,False,349.0,,0,0,False,Commodity,Commodity,Commodity,Commodity,Commodity
2026-09-14,IAU,80.4000015258789,81.16999816894531,80.16000366210938,80.54000091552734,12885898.0,251,1037830236.717392,508200367.26883775,462376547.8279867,-0.021147276246768,0.0170475872269353,-0.1466412030160279,0.0,0.0212497617692591,0.0,-0.0,0.000362257167313,-0.0,0.0002354671587534,0.5412302686287772,80.24800033569336,85.18453338623047,0.014161969377703,88.0199966430664,94.8000030517578,0.8495780413799675,1.654499053955078,0.0205425755543554,80.16000366210938,80.16000366210938,80.16000366210938,-0.004718118315103,iShares Gold Trust Shares,P,True,False,False,False,False,False,False,False,False,,False,,,60138172416.0,Commodity,unknown,48.0,True,,False,True,64.0,True,True,False,350.0,,0,0,False,Commodity,Commodity,Commodity,Commodity,Commodity
2026-09-14,BINC,51.18999862670898,51.25,51.1349983215332,51.209999084472656,1591802.0,251,81516178.96266174,107708356.37954482,91693622.10450478,-0.0119911782468981,-0.006503128342796,0.0108875051676191,0.0,0.0,0.0606103288746694,-0.0,-0.0,0.000659895268834,0.0002309633440919,-0.0,51.65107238769532,51.38488639831543,-0.0005692156419736,51.92112538358902,51.92112538358902,0.9863037194617292,0.0972549801266563,0.0018991404386911,51.1349983215332,51.1349983215332,51.1349983215332,-0.0014645726280083,iShares Flexible Income Active ETF,P,True,False,False,False,False,False,False,False,False,,False,,,16206218240.0,Other,unknown,160.0,True,,False,True,189.0,True,True,False,351.0,,0,0,False,Other,Other,Other,Other,Other
2026-09-14,GLDM,84.54000091552734,85.41000366210938,84.3499984741211,84.7300033569336,4868753.0,251,412529458.0340805,507856413.5377666,376914551.8425403,-0.0213675032917074,0.0169227516475489,-0.1465551531150646,0.0,0.0209354787331776,0.0,-0.0,0.0003542859072241,-0.0,0.0002302858396956,0.5206650601264787,84.43819961547851,89.60486638387044,0.0142093249571324,92.6050033569336,99.69000244140624,0.8499348107322443,1.7438488006591797,0.0205812431437426,84.3499984741211,84.3499984741211,84.3499984741211,-0.0044848916293758,SPDR Gold MiniShares Trust,P,True,False,False,False,False,False,False,False,False,,False,,,27261255680.0,Commodity,unknown,101.0,True,,False,True,73.0,True,True,False,352.0,,0,0,False,Commodity,Commodity,Commodity,Commodity,Commodity
2026-09-14,SGOL,40.709999084472656,41.09999847412109,40.59000015258789,40.77000045776367,3633703.0,251,148146072.97337723,111798217.53037128,94044034.79966258,-0.021598218160047,0.0167082795296107,-0.1467140749398814,0.0,0.0207238388039153,0.0,-0.0,0.0003462596916624,-0.0,0.0002250687995805,0.511804522621099,40.63519996643066,43.12580006917317,0.0142116205806421,44.560001373291016,47.9900016784668,0.8495519698232735,0.834499740600586,0.0204684751344336,40.59000015258789,40.59000015258789,40.59000015258789,-0.0044150184732584,abrdn Physical Gold Shares ETF,P,True,False,False,False,False,False,False,False,False,,False,,,6743476736.0,Commodity,unknown,320.0,True,,False,True,187.0,True,True,False,353.0,,0,0,False,Commodity,Commodity,Commodity,Commodity,Commodity
2026-09-14,GLD,391.8900146484375,395.8900146484375,390.9599914550781,392.8399963378906,7347570.0,251,2886419371.892395,5000722009.488022,3574716445.709989,-0.0215204105111268,0.0162984106527139,-0.1475566368812788,0.0,0.0201896736701375,0.0,-0.0,0.0003290595924201,-0.0,0.0002138887350731,0.5064704186895409,391.51100036621096,415.7211330159505,0.0141038044683428,429.4200134277344,462.7999877929688,0.8488332037589111,8.124505615234375,0.0206814624044704,390.9599914550781,390.9599914550781,390.9599914550781,-0.0047856758485341,SPDR Gold Shares,P,True,False,False,False,False,False,False,False,False,,False,,,130053275648.0,Commodity,unknown,19.0,True,,False,True,8.0,True,True,False,354.0,,0,0,False,Commodity,Commodity,Commodity,Commodity,Commodity
2026-09-14,EMB,93.12999725341795,93.42990112304688,92.94000244140624,93.22000122070312,8798094.0,251,820158333.4198608,590026498.7287934,550652109.0299101,-0.0149498910429483,-0.0200085835746377,0.0140222431173893,0.0,0.0,0.0330597561323986,-0.0,-0.0,0.00046357193789,0.0001622501782615,-0.0,94.43664611816406,94.04022043863932,-0.0027319247523166,94.98325001439144,95.62673604319149,0.9748319881858007,0.3524709996388452,0.0037810662413997,92.94000244140624,92.94000244140624,92.94000244140624,-0.0030036341517949,iShares J.P. Morgan USD Emerging Markets Bond ETF,Q,True,False,False,False,False,False,False,False,False,,False,,,14615079936.0,Bond,unknown,173.0,True,,False,True,51.0,True,True,False,355.0,,0,0,False,Bond,Bond,Bond,Bond,Bond
2026-09-14,FLXR,38.27000045776367,38.36989974975586,38.220001220703125,38.34000015258789,566317.0,251,21712593.86641312,16855118.37004032,16115843.1257894,-0.011335516331367,-0.0048344331648154,0.0088324270946349,0.0,0.0,0.049816007880524,-0.0,-0.0,0.0004399962577504,0.0001539986902126,-0.0,38.62990852355957,38.4274760945638,-0.0001310100461242,38.84923007406035,38.84923007406035,0.9868921489434492,0.0950707703842233,0.0024796757956665,38.220001220703125,38.220001220703125,38.220001220703125,-0.003129862582347,TCW Flexible Income ETF,N,True,False,False,False,False,False,False,False,False,,False,,,3345479168.0,Bond,unknown,472.0,True,,False,True,417.0,True,True,False,356.0,,0,0,False,Bond,Bond,Bond,Bond,Bond
2026-09-14,PYLD,25.71999931335449,25.790000915527344,25.690000534057617,25.739999771118164,5883503.0,251,151441365.87337303,94448460.74181738,97249574.68674733,-0.0126501345178355,-0.0099996456731816,0.0109028538931132,0.0,0.0,0.0401728479363765,-0.0,-0.0,0.0004379986915205,0.0001532995420322,-0.0,25.99080127716065,25.874276110331216,-0.0011357659304074,26.179197311401367,26.179197311401367,0.9832234145661934,0.0803200942323805,0.0031204388091139,25.690000534057617,25.690000534057617,25.690000534057617,-0.0019424723195471,PIMCO Multisector Bond Active Exchange-Traded Fund,P,True,False,False,False,False,False,False,False,False,,False,,,14711611392.0,Bond,unknown,171.0,True,,False,True,184.0,True,True,False,357.0,,0,0,False,Bond,Bond,Bond,Bond,Bond
2026-09-14,XLY,112.30999755859376,113.27999877929688,112.11000061035156,112.8499984741211,5259891.0,251,593578691.3240433,637032966.2484455,818921243.2181374,-0.0452622556027964,-0.0302326776768974,0.0220279296041532,0.0,0.0,0.0160980859061119,-0.0,-0.0,0.0003546075031014,0.0001241126260855,-0.0,115.85339950561524,115.52285685221354,-0.0028226608607236,119.05999755859376,121.94699945092368,0.9254020105639124,1.5470005035400392,0.0137084672083074,111.0199966430664,111.0199966430664,111.0199966430664,-0.0162162326610428,State Street Consumer Discretionary Select Sector SPDR ETF,P,True,False,False,False,False,False,False,False,False,,False,,,22593435648.0,Sector,unknown,121.0,True,,False,True,39.0,True,True,False,358.0,,0,0,False,Sector,Sector,Sector,Sector,Sector
2026-09-14,EMLP,43.88999938964844,44.005001068115234,43.459999084472656,43.540000915527344,511574.0,251,22273932.428359985,10418144.67906952,10905462.8115215,-0.0222321556458205,0.0072025294450381,0.0078533754026115,0.0,0.0201133464202334,0.0105580156657219,-0.0,0.0001448669698299,8.291606052956822e-05,0.0001231841515748,0.0853510684415127,44.08300018310547,43.43419199625651,0.0030034745073543,44.93999862670898,45.22999954223633,0.962635448953944,0.4542501449584961,0.0104329383419121,43.459999084472656,43.459999084472656,43.459999084472656,-0.0018374329208191,First Trust North American Energy Infrastructure Fund,P,True,False,False,False,False,False,False,False,False,,False,,,4057605120.0,REIT / Infra,unknown,420.0,True,,False,True,447.0,True,True,False,359.0,,0,0,False,REIT / Infra,REIT / Infra,REIT / Infra,REIT / Infra,REIT / Infra
2026-09-14,VAW,226.6499938964844,226.72000122070312,224.88999938964844,225.50999450683597,50500.0,251,11388254.722595217,9353027.660675049,10372048.39068216,-0.0423390581008794,-0.0375527712204826,0.0214785241023354,0.0,0.0,0.0162744997713765,-0.0,-0.0,0.0003495522355929,0.0001223432824575,-0.0,231.18720001220703,230.8052138264974,0.0014361231876618,242.3800048828125,242.3800048828125,0.9303985063283872,3.4689987182617186,0.0153829045397655,224.88999938964844,224.88999938964844,224.88999938964844,-0.0027493021697035,Vanguard Materials ETF,P,True,False,False,False,False,False,False,False,False,,False,,,4486959616.0,Sector,unknown,400.0,True,,False,True,450.0,True,True,False,360.0,,0,0,False,Sector,Sector,Sector,Sector,Sector
2026-09-14,STIP,100.37999725341795,100.42970275878906,100.27999877929688,100.29000091552734,1131563.0,251,113484454.30597688,93261260.07480356,91169771.48070475,-0.0044669144112026,-0.0038096375569788,0.0050629280098246,0.0,0.0,0.0512558924383277,-0.0,-0.0,0.0002595048934945,9.082671272309938e-05,-0.0,100.67012008666993,100.34240844726564,0.0006062558730868,101.04000091552734,101.04000091552734,0.992577197216902,0.13448486328125,0.0013409598370083,100.27999877929688,100.27999877929688,100.27999877929688,-9.973213819081116e-05,iShares 0-5 Year TIPS Bond ETF,P,True,False,False,False,False,False,False,False,False,,False,,,15883689984.0,Bond,unknown,162.0,True,,False,True,191.0,True,True,False,361.0,,0,0,False,Bond,Bond,Bond,Bond,Bond
2026-09-14,VWOB,64.66999816894531,64.86000061035156,64.53500366210938,64.72000122070312,1582731.0,251,102434352.25204468,30679018.43146515,35100523.104165696,-0.0165339318620918,-0.0222098248376348,0.0100001321587634,0.0,0.0,0.024972891103257,-0.0,-0.0,0.0002497322114189,8.740627399664278e-05,-0.0,65.61530364990234,65.43677345275879,-0.0029133293964912,66.00710476685043,66.50535872228677,0.9731546820303768,0.2281171447715856,0.0035246776957509,64.53500366210938,64.53500366210938,64.53500366210938,-0.0028584294670033,Vanguard Emerging Markets Government Bond ETF,Q,True,False,False,False,False,False,False,False,False,,False,,,6760565248.0,Bond,unknown,319.0,True,,False,True,324.0,True,True,False,362.0,,0,0,False,Bond,Bond,Bond,Bond,Bond
2026-09-14,SCHO,23.920000076293945,23.93000030517578,23.899999618530277,23.920000076293945,4245598.0,251,101554704.48391342,199508057.34230632,113902016.4458006,-0.0049057371797287,0.0008560888129693,0.0043326316895477,0.0,0.0213946512374672,0.0478863565352161,-0.0,1.8315721581777467e-05,0.0002074739458214,8.452110006566678e-05,0.0179445749648556,23.977057876586915,23.905307858784997,0.0005987155425271,24.0578727722168,24.0578727722168,0.9942691235742972,0.0273658175201633,0.0011440559127457,23.899999618530277,23.899999618530277,23.899999618530277,-0.0008361395359481,Schwab Short-Term U.S. Treasury ETF,P,True,False,False,False,False,False,False,False,False,,False,,,12952873984.0,Bond,unknown,198.0,True,,False,True,165.0,True,True,False,363.0,,0,0,False,Bond,Bond,Bond,Bond,Bond
2026-09-14,VTIP,49.52000045776367,49.54999923706055,49.470001220703125,49.470001220703125,4827845.0,251,238833498.04336548,142702539.10682297,129987319.60329811,-0.0048279595290617,-0.0039940041168126,0.0048468461096915,0.0,0.0,0.0459775522054553,-0.0,-0.0,0.0002228461200401,7.799614201405304e-05,-0.0,49.67160003662109,49.50986595153809,0.000582206125423,49.84999847412109,49.84999847412109,0.992377186257784,0.0689996719360351,0.0013947780520199,49.470001220703125,49.470001220703125,49.470001220703125,0.0,Vanguard Short-Term Inflation-Protected Securities Index Fund ETF Shares,Q,True,False,False,False,False,False,False,False,False,,False,,,71082704896.0,Other,unknown,43.0,True,,False,True,152.0,True,True,False,364.0,,0,0,False,Other,Other,Other,Other,Other
2026-09-14,SPTS,28.729999542236328,28.75,28.709999084472656,28.729999542236328,1104335.0,251,31727544.044475555,102890013.69789982,59454120.92367475,-0.0050861316040102,0.0007770861634148,0.0037055586177927,0.0,0.0169756222169326,0.0405847828593698,-0.0,1.319152114013652e-05,0.0001503892918757,6.121074089761373e-05,0.0146070649301004,28.80025737762451,28.715016606648764,0.0005457985411827,28.906774520874023,28.906774520874023,0.9938846522461354,0.0298035567567053,0.0010373671156134,28.709999084472656,28.709999084472656,28.709999084472656,-0.0006961523871334,State Street SPDR Portfolio Short Term Treasury ETF,P,True,False,False,False,False,False,False,False,False,,False,,,5912571904.0,Bond,unknown,350.0,True,,False,True,254.0,True,True,False,365.0,,0,0,False,Bond,Bond,Bond,Bond,Bond
2026-09-14,VGSH,57.65999984741211,57.71739959716797,57.63999938964844,57.66999816894531,3235291.0,251,186579226.04600525,422087975.2636536,247770656.04773048,-0.0052054520673259,0.0006377327716342,0.0037269340599439,0.0,0.0148571569554161,0.0412451579151555,-0.0,9.47489588378277e-06,0.0001537179838417,5.99599766690748e-05,0.0095618825905463,57.82324890136719,57.650399653116864,0.0006075445834006,58.03159332275391,58.03159332275391,0.9937689949025263,0.0543948663191653,0.0009432090869816,57.63999938964844,57.63999938964844,57.63999938964844,-0.0005201799939197,Vanguard Short-Term Treasury ETF,Q,True,False,False,False,False,False,False,False,False,,False,,,33827600384.0,Bond,unknown,88.0,True,,False,True,94.0,True,True,False,366.0,,0,0,False,Bond,Bond,Bond,Bond,Bond
2026-09-14,IBDU,22.790000915527344,22.81999969482422,22.780000686645508,22.795000076293945,685374.0,251,15623100.382289886,19772417.15893078,15394975.576277535,-0.0084337284422409,-0.0030867982132355,0.0049337097395487,0.0,0.0,0.0338368628844088,-0.0,-0.0,0.0001669412599685,5.842944098900446e-05,-0.0,22.916754684448243,22.8519166692098,6.833936842953747e-05,23.04199981689453,23.05002996580292,0.988935810934418,0.0557423772286046,0.002445377365301,22.780000686645508,22.780000686645508,22.780000686645508,-0.0006580122657703,iShares iBonds Dec 2029 Term Corporate ETF,P,True,False,False,False,False,False,False,False,False,,False,,,3963476736.0,Bond,unknown,427.0,True,,False,True,421.0,True,True,False,367.0,,0,0,False,Bond,Bond,Bond,Bond,Bond
2026-09-14,VCSH,77.68000030517578,77.79000091552734,77.62999725341797,77.69000244140625,4556248.0,251,353974918.24365234,356264546.891568,331505739.9725332,-0.0082538188569784,-0.0042453849101722,0.0047939690558889,0.0,0.0,0.0330750001361559,-0.0,-0.0,0.0001585605271762,5.5496184511688594e-05,-0.0,78.12996871948242,77.92354619344076,-0.0001773869320526,78.47603562671004,78.47603562671004,0.9899837806659508,0.1201186522201865,0.0015461275382347,77.62999725341797,77.62999725341797,77.62999725341797,-0.0007723669211303,Vanguard Short-Term Corporate Bond ETF,Q,True,False,False,False,False,False,False,False,False,,False,,,51786543104.0,Bond,unknown,55.0,True,,False,True,75.0,True,True,False,368.0,,0,0,False,Bond,Bond,Bond,Bond,Bond
2026-09-14,IGSB,51.52999877929688,51.58570098876953,51.47999954223633,51.5099983215332,3034949.0,251,156330217.89593887,155265509.81579074,151425084.1604089,-0.0084271346112102,-0.0044438267650005,0.0047421347501128,0.0,0.0,0.0325253250057287,-0.0,-0.0,0.0001542394739683,5.398381588893342e-05,-0.0,51.81496376037597,51.66511957804362,-0.0001193777936057,52.02745819091797,52.03741964811191,0.9898645757198332,0.077045927140854,0.0014957470326425,51.47999954223633,51.47999954223633,51.47999954223633,-0.0005823875029002,iShares 1-5 Year Investment Grade Corporate Bond ETF,Q,True,False,False,False,False,False,False,False,False,,False,,,22337937408.0,Bond,unknown,122.0,True,,False,True,133.0,True,True,False,369.0,,0,0,False,Bond,Bond,Bond,Bond,Bond
2026-09-14,SHY,81.3499984741211,81.41829681396484,81.30000305175781,81.33999633789062,4592541.0,251,373557268.12161255,339595633.9019149,294484720.3195646,-0.0050843239271365,1.7821623557345845e-05,0.0030944139190951,0.0,0.0004025355502449,0.0321941535832135,-0.0,7.1738370449138794e-09,9.96220369613829e-05,3.487237593056321e-05,8.534361081578149e-06,81.5664143371582,81.3425742594401,0.0005532176384892,81.8553710204699,81.8553710204699,0.9937038379259144,0.0768041921308913,0.0009442364837569,81.30000305175781,81.30000305175781,81.30000305175781,-0.0004916804516031,iShares 1-3 Year Treasury Bond ETF,Q,True,False,False,False,False,False,False,False,False,,False,,,25358272512.0,Bond,unknown,110.0,True,include,False,True,79.0,True,True,False,370.0,,0,0,False,Bond,Bond,Bond,Bond,Bond
2026-09-14,XLP,84.37999725341797,84.88520050048828,84.25,84.41999816894531,10397422.0,251,877750346.2017517,834143709.760115,903355948.3223512,-0.0193982836564519,-0.0094877964874859,0.0087824837162615,0.0,0.0,0.0087711287434677,-0.0,-0.0,7.703229536273899e-05,2.6961303376958644e-05,-0.0,84.98259963989258,84.09972330729167,0.0014409539809314,87.47000122070312,88.77999877929688,0.9508898325039368,1.0497604370117188,0.0124349734634071,82.8499984741211,82.8499984741211,82.8499984741211,-0.0185974855351483,State Street Consumer Staples Select Sector SPDR ETF,P,True,False,False,False,False,False,False,False,False,,False,,,13649293312.0,Sector,unknown,187.0,True,,False,True,33.0,True,True,False,371.0,,0,0,False,Sector,Sector,Sector,Sector,Sector
2026-09-14,INDA,48.15499877929688,48.57500076293945,48.150001525878906,48.43000030517578,4563225.0,251,220996988.14258572,213737865.81889156,262175497.3868809,-0.0271192950427019,0.0020690765638837,0.0076986875012947,0.0,0.0049455245210402,0.0073194657430695,-0.0,1.023266888259696e-05,5.6350279432324895e-05,2.6373832575001732e-05,0.0040056617877474,49.35300003051758,49.29600003560384,-0.0010444378975029,50.27999877929688,51.650001525878906,0.9376572870169276,0.3937498092651367,0.0081302871522603,48.04999923706055,48.04999923706055,48.04999923706055,-0.0078463982184742,iShares MSCI India ETF,Z,True,False,False,False,False,False,False,False,False,,False,,,6871878656.0,Country / Region,unknown,315.0,True,,False,True,88.0,True,True,False,372.0,,0,0,False,Country / Region,Country / Region,Country / Region,Country / Region,Country / Region
2026-09-14,LMBS,49.119998931884766,49.18999862670898,49.040000915527344,49.130001068115234,577325.0,251,28363977.866649628,22468343.79527569,24605466.035163213,-0.0077771459550759,-0.0040821455429103,0.0029337002282139,0.0,0.0,0.0219134177730597,-0.0,-0.0,6.428739872177262e-05,2.250058955262041e-05,-0.0,49.411554107666014,49.271185353597005,-0.0001402696812683,49.65999984741211,51.72251304641129,0.9498765271523107,0.1330059382353301,0.0027072244116365,49.040000915527344,49.040000915527344,49.040000915527344,-0.001831877684332,First Trust Low Duration Opportunities ETF,Q,True,False,False,False,False,False,False,False,False,,False,,,6341681152.0,Bond,unknown,336.0,True,,False,True,376.0,True,True,False,373.0,,0,0,False,Bond,Bond,Bond,Bond,Bond
2026-09-14,XME,111.22000122070312,111.5500030517578,109.95999908447266,110.16999816894533,1772757.0,251,195304635.443985,222024895.6926781,224306651.82478333,-0.0595014619858284,-0.0846448855343523,0.0117736859282606,0.0,0.0,0.0045761467817952,-0.0,-0.0,5.387811497047845e-05,1.8857340239667457e-05,-0.0,110.44359924316406,113.93958165486652,0.014345856647268,123.80999755859376,132.8491221892372,0.8292866099033266,3.7030006408691407,0.0336116973986929,109.95999908447266,109.95999908447266,109.95999908447266,-0.0019061367701088,State Street SPDR S&P Metals & Mining ETF,P,True,False,False,False,False,False,False,False,False,,False,,,4383336448.0,Other,unknown,404.0,True,,False,True,103.0,True,True,False,374.0,,0,0,False,Other,Other,Other,Other,Other
2026-09-14,IFRA,57.77999877929688,57.900001525878906,57.34000015258789,57.40999984741211,248464.0,251,14264318.202087402,34015636.645139314,29461780.191365074,-0.0716364860000795,-0.0720416488701517,0.0058154719959109,0.0,0.0,0.0053602076149506,-0.0,-0.0,3.1172137277013866e-05,1.0910248046954852e-05,-0.0,60.64579986572266,60.16537178039551,-0.0136745257527167,62.29999923706055,64.25,0.8935408536562196,0.7743001937866211,0.0134872007637102,57.34000015258789,57.34000015258789,57.34000015258789,-0.0012192944610741,iShares U.S. Infrastructure ETF,Z,True,False,False,False,False,False,False,False,False,,False,,,4618109440.0,REIT / Infra,unknown,395.0,True,,False,True,351.0,True,True,False,375.0,,0,0,False,REIT / Infra,REIT / Infra,REIT / Infra,REIT / Infra,REIT / Infra
2026-09-14,PFF,30.020000457763672,30.09970092773437,29.920000076293945,29.940000534057617,2597405.0,251,77766307.08716393,75156969.10136366,84569500.31810987,-0.0244718788979575,-0.0226075942573059,0.003635153943063,0.0,0.0,0.0066804509595209,-0.0,-0.0,2.428446764694177e-05,8.499563676429618e-06,-0.0,30.276372108459476,30.391210276285808,-0.0002669970588264,30.64131144957812,31.205345811499576,0.9594510092890668,0.1815630223248057,0.006064229094394,29.920000076293945,29.920000076293945,29.920000076293945,-0.0006680179494626,iShares Preferred and Income Securities ETF,Q,True,False,False,False,False,False,False,False,False,,False,,,13096669184.0,Other,unknown,197.0,True,,False,True,203.0,True,True,False,376.0,,0,0,False,Other,Other,Other,Other,Other
2026-09-14,ISTB,47.4900016784668,47.54999923706055,47.45500183105469,47.5,366796.0,251,17422810.0,18535645.49227524,20383075.754252844,-0.0082004524964366,-0.0033347732817609,0.001601118409966,0.0,0.0,0.0119671233272029,-0.0,-0.0,1.9160781473518474e-05,6.706273515731466e-06,-0.0,47.75402465820312,47.64613207499186,-1.3972801808814772e-05,47.96248373067687,47.96248373067687,0.990357385716848,0.0667821256734175,0.0014059394878614,47.45500183105469,47.45500183105469,47.45500183105469,-0.0009473298725328,iShares Core 1-5 Year USD Bond ETF,Q,True,False,False,False,False,False,False,False,False,,False,,,5038184448.0,Bond,unknown,376.0,True,,False,True,396.0,True,True,False,377.0,,0,0,False,Bond,Bond,Bond,Bond,Bond
2026-09-14,IAGG,49.310001373291016,49.41999816894531,49.2599983215332,49.380001068115234,2252643.0,251,111235513.7460823,54256736.75805149,54276135.59574872,-0.0098255037951534,-0.0105654725734313,0.0003826203349068,0.0,0.0,0.0016821500806759,-0.0,-0.0,6.436248272318605e-07,2.2526868953115121e-07,-0.0,49.80880012512207,49.7385758972168,-0.002292726312002,49.98500061035156,50.27921961734516,0.9821155030632236,0.1135503768920898,0.0022995215560132,49.2599983215332,49.2599983215332,49.2599983215332,-0.0024301892261301,iShares International Aggregate Bond Fund,Z,True,False,False,False,False,False,False,False,False,,False,,,10738313216.0,Bond,unknown,230.0,True,,False,True,267.0,True,True,False,378.0,,0,0,False,Bond,Bond,Bond,Bond,Bond
2026-09-14,PGX,10.399999618530272,10.43000030517578,10.375,10.380000114440918,6569337.0,251,68189718.81180096,48340380.91817393,37253813.54122166,-0.0227425956328678,-0.0344277595901244,-0.0409315887991451,0.0,0.0,0.0,-0.0,-0.0,-0.0,-0.0,,10.628094024658203,10.782864507039388,-0.0048320912741881,10.65999984741211,10.975811004638672,0.9457160031321652,0.0576679109565896,0.0055556753680918,10.369999885559082,10.369999885559082,10.369999885559082,-0.0009634131764529,Invesco Preferred ETF,P,True,False,False,False,False,False,False,False,False,,False,,,3857212160.0,Other,unknown,440.0,True,,False,True,315.0,True,True,False,379.0,,0,0,False,Other,Other,Other,Other,Other
2026-09-14,SPTI,27.56999969482422,27.649999618530277,27.54199981689453,27.57999992370605,4046153.0,251,111592899.43130302,57353356.95463552,60924469.64501696,-0.0159009053184935,-0.0157207762619552,-0.0196538884413861,0.0,0.0,0.0,-0.0,-0.0,-0.0,-0.0,-0.0,27.953011016845704,28.073900718688964,-0.0021089183603956,28.115327835083008,28.322885128126817,0.9737708499307148,0.0757707202784123,0.0027473067617119,27.54199981689453,27.54199981689453,27.54199981689453,-0.0013778138838521,State Street SPDR Portfolio Intermediate Term Treasury ETF,P,True,False,False,False,False,False,False,False,False,,False,,,10175785984.0,Bond,unknown,245.0,True,,False,True,253.0,True,True,False,380.0,,0,0,False,Bond,Bond,Bond,Bond,Bond
2026-09-14,VMBS,45.22999954223633,45.38990020751953,45.13999938964844,45.27000045776367,2076633.0,251,94009176.86060716,70744154.13756314,62566317.67538446,-0.0159305973810245,-0.0196633868333596,-0.014925867463895,0.0,0.0,0.0,-0.0,-0.0,-0.0,-0.0,-0.0,45.95768119812012,46.08566390991211,-0.0027388137679,46.30176932966936,46.55393017763546,0.9724205944595288,0.1852939536797397,0.0040930848642826,45.13999938964844,45.13999938964844,45.13999938964844,-0.0028716825005673,Vanguard Mortgage-Backed Securities ETF,Q,True,False,False,False,False,False,False,False,False,,False,,,17337255936.0,Bond,unknown,150.0,True,,False,True,245.0,True,True,False,381.0,,0,0,False,Bond,Bond,Bond,Bond,Bond
2026-09-14,PPA,159.91000366210938,161.2899932861328,159.4499969482422,160.64999389648438,171091.0,251,27485768.10574341,33815628.755018614,32513282.895255435,-0.1320438863523982,-0.0766972105680547,-0.071647866000171,0.0,0.0,0.0,-0.0,-0.0,-0.0,-0.0,-0.0,173.6721994018555,173.16413309733073,-0.0121601671064822,185.08999633789065,185.67999267578125,0.8651981916920788,2.569499969482422,0.0159943981768097,159.4499969482422,159.4499969482422,159.4499969482422,-0.0074696358159553,Invesco Aerospace & Defense ETF,P,True,False,False,False,False,False,False,False,False,,False,,,8324131840.0,Industry / Theme,unknown,274.0,True,,False,True,335.0,True,True,False,382.0,,0,0,False,Industry / Theme,Industry / Theme,Industry / Theme,Industry / Theme,Industry / Theme
2026-09-14,VGLT,51.86830139160156,52.18999862670898,51.67010116577149,51.93999862670898,3314270.0,251,172143179.2485428,129618017.35245325,109500211.08562106,-0.0107808343821934,-0.0402936488390913,-0.0379945193826409,0.0,0.0,0.0,-0.0,-0.0,-0.0,-0.0,-0.0,52.90552604675293,53.85714777628581,-0.0083008571672514,53.37252362655961,55.28672764911373,0.939465959286914,0.4015651820090994,0.007731328313948,51.67010116577149,51.67010116577149,51.67010116577149,-0.0051963316918285,Vanguard Long-Term Treasury ETF,Q,True,False,False,False,False,False,False,False,False,,False,,,15153465344.0,Bond,unknown,170.0,True,,False,True,171.0,True,True,False,383.0,,0,0,False,Bond,Bond,Bond,Bond,Bond
2026-09-14,SMBS,24.46999931335449,24.54010009765625,24.40999984741211,24.479999542236328,1953515.0,251,47822046.3057518,29234053.049588203,18024482.892407317,-0.0170566112414045,-0.022106020668655,-0.0172179836067846,0.0,0.0,0.0,-0.0,-0.0,-0.0,-0.0,-0.0,24.88154384613037,24.971290067036943,-0.003067706108227,25.05913914535216,25.2653163893276,0.9689171971967468,0.106509006361936,0.0043508581843791,24.40999984741211,24.40999984741211,24.40999984741211,-0.0028594647113225,Schwab Mortgage-Backed Securities ETF,P,True,False,False,False,False,False,False,False,False,,False,,,6495026176.0,Bond,unknown,330.0,True,,False,True,409.0,True,True,False,384.0,,0,0,False,Bond,Bond,Bond,Bond,Bond
2026-09-14,SPAB,24.700000762939453,24.780000686645508,24.67009925842285,24.71999931335449,2416105.0,251,59726113.94099236,56753881.59501028,65460688.4954118,-0.0124218419960169,-0.0187992577323771,-0.0133269089899747,0.0,0.0,0.0,-0.0,-0.0,-0.0,-0.0,-0.0,25.023120727539062,25.133104006449383,-0.002846932502636,25.19036208044764,25.36184368138804,0.9746925193571568,0.0913643268940193,0.0036959680190873,24.67009925842285,24.67009925842285,24.67009925842285,-0.002018610692464,State Street SPDR Portfolio Aggregate Bond ETF,P,True,False,False,False,False,False,False,False,False,,False,,,9625304064.0,Bond,unknown,254.0,True,,False,True,239.0,True,True,False,385.0,,0,0,False,Bond,Bond,Bond,Bond,Bond
2026-09-14,SPIB,32.619998931884766,32.68000030517578,32.57500076293945,32.619998931884766,6167094.0,251,201170599.69283292,192039310.02606925,205408155.16146573,-0.0115392933711542,-0.0120364178500241,-0.0021944136617945,0.0,0.0,0.0,-0.0,-0.0,-0.0,-0.0,-0.0,32.94005432128906,32.95315661112468,-0.0015513384895872,33.100413432918,33.239096912593354,0.9813744042945394,0.0861242651721127,0.0026402289390613,32.57500076293945,32.57500076293945,32.57500076293945,-0.001379465678073,State Street SPDR Portfolio Intermediate Term Corporate Bond ETF,P,True,False,False,False,False,False,False,False,False,,False,,,11570174976.0,Bond,unknown,212.0,True,,False,True,108.0,True,True,False,386.0,,0,0,False,Bond,Bond,Bond,Bond,Bond
2026-09-14,NLR,110.11000061035156,110.45999908447266,108.46099853515624,109.47000122070312,431433.0,251,47228971.03665161,41341427.43099823,45417844.63564143,-0.073073644072138,-0.1023369908966524,-0.198785059587786,0.0,0.0,0.0,-0.0,-0.0,-0.0,-0.0,-0.0,114.35879974365234,128.61253331502277,-0.0021917817301649,128.6300048828125,150.5,0.7273754233933762,4.074950408935547,0.0372243570247159,108.46099853515624,108.46099853515624,108.46099853515624,-0.009217161544674,VanEck Uranium and Nuclear ETF,P,True,False,False,False,False,False,False,False,False,,False,,,4214125568.0,Commodity,unknown,411.0,True,,False,True,290.0,True,True,False,387.0,,0,0,False,Commodity,Commodity,Commodity,Commodity,Commodity
2026-09-14,MUNI,50.66999816894531,50.720001220703125,50.584999084472656,50.59000015258789,566912.0,251,28680078.166503903,22299207.09685898,18338899.74933685,-0.0231561922267279,-0.025584866272248,-0.0216514384939151,0.0,0.0,0.0,-0.0,-0.0,-0.0,-0.0,-0.0,51.570592727661136,51.7330507405599,-0.0043883948227093,51.75931997559777,52.26571829963166,0.9679384843151466,0.1595911900649749,0.0031545995173674,50.52999877929688,50.52999877929688,50.52999877929688,-0.0011860322812816,PIMCO Intermediate Municipal Bond Active Exchange-Traded Fund,P,True,False,False,False,False,False,False,False,False,,False,,,3086858752.0,Bond,unknown,498.0,True,,False,True,407.0,True,True,False,388.0,,0,0,False,Bond,Bond,Bond,Bond,Bond
2026-09-14,MUB,103.16000366210938,103.27999877929688,102.95999908447266,103.11000061035156,12509030.0,251,1289806090.934906,784132214.5087509,523693624.6724834,-0.0232826547033763,-0.0289105118728375,-0.0229579860267178,0.0,0.0,0.0,-0.0,-0.0,-0.0,-0.0,-0.0,105.22069183349608,105.5787052408854,-0.005419303624197,105.59782143403866,107.00265267731127,0.9636209760266522,0.3945265818825468,0.0038262688347122,102.6500015258789,102.6500015258789,102.6500015258789,-0.0044612460648795,iShares National Muni Bond ETF,P,True,False,False,False,False,False,False,False,False,,False,,,45820870656.0,Bond,unknown,67.0,True,,False,True,56.0,True,True,False,389.0,,0,0,False,Bond,Bond,Bond,Bond,Bond
2026-09-14,SPMB,21.530000686645508,21.604999542236328,21.483299255371094,21.530000686645508,1194680.0,251,25721461.22032165,24410970.153377533,24723361.030826267,-0.0181906504793399,-0.0237911071313734,-0.0180881639129216,0.0,0.0,0.0,-0.0,-0.0,-0.0,-0.0,-0.0,21.89650203704834,21.98978048960368,-0.003118666039432,22.058481329640383,22.2230624013782,0.9688134019418624,0.0888897728063923,0.0041286470028553,21.483299255371094,21.483299255371094,21.483299255371094,-0.0021691328279139,State Street SPDR Portfolio Mortgage Backed Bond ETF,P,True,False,False,False,False,False,False,False,False,,False,,,7072976896.0,Bond,unknown,310.0,True,,False,True,375.0,True,True,False,390.0,,0,0,False,Bond,Bond,Bond,Bond,Bond
2026-09-14,VCLT,70.58999633789062,71.0199966430664,70.41000366210938,70.68000030517578,3490663.0,251,246720061.9052658,296874656.5909756,286018019.3443355,-0.0105006354619037,-0.0464212680410068,-0.0144783090781763,0.0,0.0,0.0,-0.0,-0.0,-0.0,-0.0,-0.0,71.88174026489258,72.994609375,-0.0084880212741544,72.4847443902384,74.92900985627587,0.9432928640155492,0.4840301844133989,0.0068481916005022,70.41000366210938,70.41000366210938,70.41000366210938,-0.0038199864445478,Vanguard Long-Term Corporate Bond ETF,Q,True,False,False,False,False,False,False,False,False,,False,,,10055394304.0,Bond,unknown,247.0,True,,False,True,82.0,True,True,False,391.0,,0,0,False,Bond,Bond,Bond,Bond,Bond
2026-09-14,VCRB,74.72000122070312,74.94989776611328,74.63500213623047,74.7699966430664,522732.0,251,39084669.88522339,52506911.01455536,42426602.200135246,-0.0127868006958665,-0.017944693475884,-0.0093437698631555,0.0,0.0,0.0,-0.0,-0.0,-0.0,-0.0,-0.0,75.66035736083984,75.91499842325847,-0.0026991307450623,76.11693424106498,76.6402587890625,0.9755968706845886,0.2319568601303537,0.0031022719077768,74.63500213623047,74.63500213623047,74.63500213623047,-0.0018054635936439,Vanguard Core Bond ETF,Q,True,False,False,False,False,False,False,False,False,,False,,,7294146560.0,Bond,unknown,302.0,True,,False,True,298.0,True,True,False,392.0,,0,0,False,Bond,Bond,Bond,Bond,Bond
2026-09-14,VDC,227.5200042724609,228.9900054931641,227.5200042724609,227.7700042724609,118389.0,251,26965463.035812374,33390286.606227875,34531184.9854763,-0.0236196610753967,-0.0140125600466336,-0.0048607184271302,0.0,0.0,0.0,-0.0,-0.0,-0.0,-0.0,-0.0,229.92639984130855,228.8220687866211,0.0003659603304242,236.22000122070312,239.72999572753903,0.9501105757801328,2.700499725341797,0.0118562570781332,223.6300048828125,223.6300048828125,223.6300048828125,-0.0181762273872381,Vanguard Consumer Staples ETF,P,True,False,False,False,False,False,False,False,False,,False,,,9185586176.0,Sector,unknown,262.0,True,,False,True,327.0,True,True,False,393.0,,0,0,False,Sector,Sector,Sector,Sector,Sector
2026-09-14,VCIT,79.55999755859375,79.79000091552734,79.44100189208984,79.54000091552734,9594702.0,251,763162605.864212,767641517.4670922,725307010.3192204,-0.0166821711100109,-0.0232139552815993,-0.0113117934455895,0.0,0.0,0.0,-0.0,-0.0,-0.0,-0.0,-0.0,80.79177520751954,81.15397745768229,-0.003412963052068,81.23794555664062,82.0859712729654,0.9689840990128292,0.2723568025390627,0.0034241488484304,79.44100189208984,79.44100189208984,79.44100189208984,-0.0012446444845108,Vanguard Intermediate-Term Corporate Bond ETF,Q,True,False,False,False,False,False,False,False,False,,False,,,69441978368.0,Bond,unknown,45.0,True,,False,True,43.0,True,True,False,394.0,,0,0,False,Bond,Bond,Bond,Bond,Bond
2026-09-14,SLV,56.84000015258789,57.68000030517578,56.650001525878906,56.84000015258789,14091770.0,251,800976208.9502335,1036255665.2727222,973844194.8907005,-0.0280437654323846,-0.0726056566563385,-0.2180492744046154,0.0,0.0,0.0,-0.0,-0.0,-0.0,-0.0,-0.0,56.49619987487793,64.3422001139323,0.0157204540175168,64.30999755859375,80.86000061035156,0.7029433554729819,1.922500228881836,0.0338230158993816,56.650001525878906,56.650001525878906,56.650001525878906,-0.0033426922272858,iShares Silver Trust,P,True,False,False,False,False,False,False,False,False,,False,,,28194189312.0,Commodity,unknown,99.0,True,,False,True,30.0,True,True,False,395.0,,0,0,False,Commodity,Commodity,Commodity,Commodity,Commodity
2026-09-14,TIP,105.9499969482422,106.15499877929688,105.7750015258789,105.81999969482422,2093051.0,251,221486656.18125156,195961654.93991432,195334787.48312923,-0.0109355845621669,-0.0179988898533445,-0.0114823098236644,0.0,0.0,0.0,-0.0,-0.0,-0.0,-0.0,-0.0,107.0212026977539,107.36447306315104,-0.0016660095316368,107.6500015258789,108.34822769132404,0.9766657189474058,0.3405002593994141,0.0032177306783347,105.7750015258789,105.7750015258789,105.7750015258789,-0.0004252331229926,iShares TIPS Bond ETF,P,True,False,False,False,False,False,False,False,False,,False,,,14696782848.0,Bond,unknown,172.0,True,,False,True,114.0,True,True,False,396.0,,0,0,False,Bond,Bond,Bond,Bond,Bond
2026-09-14,TLH,94.91000366210938,95.46499633789062,94.61499786376952,95.02999877929688,1499352.0,251,142483418.72973633,115946325.51034698,100590879.03680274,-0.012465394825243,-0.0353318500592008,-0.0335679136191285,0.0,0.0,0.0,-0.0,-0.0,-0.0,-0.0,-0.0,96.74513687133788,98.1953714497884,-0.0069389605385761,97.6142042245735,100.39892028981,0.9465241110659828,0.6610818383505389,0.0069565594742968,94.61499786376952,94.61499786376952,94.61499786376952,-0.0043670516769254,iShares 10-20 Year Treasury Bond ETF,P,True,False,False,False,False,False,False,False,False,,False,,,11252374528.0,Bond,unknown,220.0,True,,False,True,178.0,True,True,False,397.0,,0,0,False,Bond,Bond,Bond,Bond,Bond
2026-09-14,TLT,80.81999969482422,81.3550033569336,80.45999908447266,80.93000030517578,33283071.0,251,2693598946.187187,2504561920.189418,2384020784.5395947,-0.0097499098916095,-0.0454864527670134,-0.0429425739758576,0.0,0.0,0.0,-0.0,-0.0,-0.0,-0.0,-0.0,82.50174102783203,84.23880116780599,-0.0095823203741095,83.28087429911845,86.78348379051238,0.9325507201408694,0.6977096392662346,0.0086211495939116,80.45999908447266,80.45999908447266,80.45999908447266,-0.0058075030140962,iShares 20+ Year Treasury Bond ETF,Q,True,False,False,False,False,False,False,False,False,,False,,,41099935744.0,Bond,unknown,75.0,True,,False,True,13.0,True,True,False,398.0,,0,0,False,Bond,Bond,Bond,Bond,Bond
2026-09-14,TOTL,38.04999923706055,38.15499877929688,37.99100112915039,38.06999969482422,832281.0,251,31684937.416008,19490526.81047096,20581388.470790923,-0.0155070273631779,-0.0208838985998291,-0.0192745469984696,0.0,0.0,0.0,-0.0,-0.0,-0.0,-0.0,-0.0,38.599948196411134,38.826440251668295,-0.0027853000613988,38.80605107094559,39.19545454034496,0.9712860876670718,0.1063195498044009,0.0027927383939237,37.99100112915039,37.99100112915039,37.99100112915039,-0.002075087110772,State Street DoubleLine Total Return Tactical ETF,P,True,False,False,False,False,False,False,False,False,,False,,,4176964608.0,Other,unknown,414.0,True,,False,True,395.0,True,True,False,399.0,,0,0,False,Other,Other,Other,Other,Other
2026-09-14,SHLD,61.93000030517578,62.505001068115234,61.810001373291016,62.33000183105469,797228.0,251,49691222.69976807,48208349.87110291,71657539.46266223,-0.1197570402473471,-0.0202089773303071,-0.1729895334518046,0.0,0.0,0.0,-0.0,-0.0,-0.0,-0.0,-0.0,64.5705997467041,67.5612351735433,0.0089091588629357,70.91999816894531,76.94777340510379,0.8100299602291087,0.9637493133544922,0.0154620453239634,61.36399841308594,61.36399841308594,61.36399841308594,-0.015498209362918,Global X Defense Tech ETF,P,True,False,False,False,False,False,False,False,False,,False,,,6854938112.0,Industry / Theme,unknown,316.0,True,,False,True,223.0,True,True,False,400.0,,0,0,False,Industry / Theme,Industry / Theme,Industry / Theme,Industry / Theme,Industry / Theme
2026-09-14,SCHR,23.96500015258789,24.02989959716797,23.93269920349121,23.96999931335449,2686283.0,251,64390201.665475845,70219333.14995661,67876635.27416922,-0.0161182951966963,-0.0161874613520426,-0.0196733337322084,0.0,0.0,0.0,-0.0,-0.0,-0.0,-0.0,-0.0,24.29200397491455,24.397406692504884,-0.002106802557841,24.432462692260746,24.61833484237215,0.9736645255185268,0.0668995276539671,0.0027909691101532,23.93269920349121,23.93269920349121,23.93269920349121,-0.0015561164343671,Schwab Intermediate-Term U.S. Treasury ETF,P,True,False,False,False,False,False,False,False,False,,False,,,13378999296.0,Bond,unknown,193.0,True,,False,True,229.0,True,True,False,401.0,,0,0,False,Bond,Bond,Bond,Bond,Bond
2026-09-14,SCHP,25.600000381469727,25.656200408935547,25.559999465942383,25.59000015258789,7439650.0,251,190380644.6352005,153819842.0484829,131195859.08747174,-0.0105522177843705,-0.0166469322186759,-0.0105522907545678,0.0,0.0,0.0,-0.0,-0.0,-0.0,-0.0,-0.0,25.86006980895996,25.93218611399333,-0.0015451003172716,26.022435032993176,26.166898836952928,0.977953112137601,0.0871657821601399,0.0034062439093547,25.549999237060547,25.549999237060547,25.549999237060547,-0.0015631463575156,Schwab U.S. TIPS ETF,P,True,False,False,False,False,False,False,False,False,,False,,,16518061056.0,Other,unknown,159.0,True,,False,True,150.0,True,True,False,402.0,,0,0,False,Other,Other,Other,Other,Other
2026-09-14,SCHZ,22.399999618530277,22.469900131225582,22.3700008392334,22.420000076293945,1849022.0,251,41455073.38106918,46165883.12465801,41635556.37437166,-0.0128971681335371,-0.0185459948085675,-0.0134894165611227,0.0,0.0,0.0,-0.0,-0.0,-0.0,-0.0,-0.0,22.69418643951416,22.791782391866047,-0.0028272051986085,22.89232228879017,23.128385056410696,0.9693716194023498,0.1222466009810299,0.0054525691599032,22.3700008392334,22.3700008392334,22.3700008392334,-0.0022301176133096,Schwab US Aggregate Bond ETF,P,True,False,False,False,False,False,False,False,False,,False,,,10601679872.0,Bond,unknown,235.0,True,,False,True,302.0,True,True,False,403.0,,0,0,False,Bond,Bond,Bond,Bond,Bond
2026-09-14,VNQI,43.900001525878906,44.135101318359375,43.790000915527344,43.9900016784668,365721.0,251,16088067.403850555,12569841.131308556,11979726.818049297,-0.0329742788448839,-0.0372072006858941,-0.0278452667742143,0.0,0.0,0.0,-0.0,-0.0,-0.0,-0.0,-0.0,45.435000076293946,46.23433326721192,-0.0011870988359103,45.90999984741211,48.43999862670898,0.9081338341370528,0.3317554473876953,0.0075416102461776,43.790000915527344,43.790000915527344,43.790000915527344,-0.0045465050081449,Vanguard Global ex-U.S. Real Estate ETF,Q,True,False,False,False,False,False,False,False,False,,False,,,3710765056.0,REIT / Infra,unknown,447.0,True,,False,True,440.0,True,True,False,404.0,,0,0,False,REIT / Infra,REIT / Infra,REIT / Infra,REIT / Infra,REIT / Infra
2026-09-14,AGG,95.87999725341795,96.15499877929688,95.7249984741211,95.88999938964844,15495358.0,251,1485849869.162384,794442355.4458053,823046556.3313622,-0.0128960905058912,-0.0190151230264972,-0.013568472790417,0.0,0.0,0.0,-0.0,-0.0,-0.0,-0.0,-0.0,97.0845915222168,97.50959091186525,-0.0028490429047107,97.6709213256836,98.41185311492596,0.974374492040786,0.3150663340650688,0.0032857058720461,95.7249984741211,95.7249984741211,95.7249984741211,-0.0017207312188716,iShares Core U.S. Aggregate Bond ETF,P,True,False,False,False,False,False,False,False,False,,False,,,138847469568.0,Bond,unknown,18.0,True,,False,True,38.0,True,True,False,405.0,,0,0,False,Bond,Bond,Bond,Bond,Bond
2026-09-14,TFI,43.79999923706055,43.84000015258789,43.72999954223633,43.7599983215332,1795456.0,251,78569151.54638672,38312863.95677109,27311176.92244854,-0.0265321563553805,-0.0305995966374169,-0.025834438864374,0.0,0.0,0.0,-0.0,-0.0,-0.0,-0.0,-0.0,44.74528305053711,44.91469500223796,-0.0054288557141576,44.92278380363332,45.46360518545496,0.9625281176674748,0.1524917300670978,0.003484728882909,43.66999816894531,43.66999816894531,43.66999816894531,-0.0020566763263243,State Street SPDR Nuveen ICE Municipal Bond ETF,P,True,False,False,False,False,False,False,False,False,,False,,,3122414592.0,Bond,unknown,494.0,True,,False,True,365.0,True,True,False,406.0,,0,0,False,Bond,Bond,Bond,Bond,Bond
2026-09-14,SCMB,24.63999938964844,24.690000534057617,24.61000061035156,24.6299991607666,1540265.0,251,37936725.65735817,88545482.15844584,47537341.14617681,-0.0273010319945115,-0.0315595533803023,-0.0253211545145801,0.0,0.0,0.0,-0.0,-0.0,-0.0,-0.0,-0.0,25.2158483505249,25.30581295013428,-0.0058149070285924,25.401079197100074,25.91529094271773,0.950404115284984,0.1088627213618908,0.0044199238762175,24.559999465942383,24.559999465942383,24.559999465942383,-0.0028420502318051,Schwab Municipal Bond ETF,P,True,False,False,False,False,False,False,False,False,,False,,,3980585728.0,Bond,unknown,424.0,True,,False,True,281.0,True,True,False,407.0,,0,0,False,Bond,Bond,Bond,Bond,Bond
2026-09-14,SCHI,21.790000915527344,21.849899291992188,21.75,21.790000915527344,2258120.0,251,49204436.867370605,55907938.42698288,45236225.25590019,-0.0166877314704035,-0.0225398141666168,-0.0107757751057653,0.0,0.0,0.0,-0.0,-0.0,-0.0,-0.0,-0.0,22.129423713684083,22.22784264882405,-0.0034134818883934,22.244452236893963,22.450953147022776,0.9705601705563632,0.0770899254182817,0.0035378578329176,21.75,21.75,21.75,-0.0018357463903931,Schwab 5-10 Year Corporate Bond ETF,P,True,False,False,False,False,False,False,False,False,,False,,,11602564096.0,Bond,unknown,211.0,True,,False,True,291.0,True,True,False,408.0,,0,0,False,Bond,Bond,Bond,Bond,Bond
2026-09-14,USIG,49.459999084472656,49.619998931884766,49.4099006652832,49.47999954223633,1970648.0,251,97507662.13790894,121488490.6456337,103637446.57509091,-0.0119019224547526,-0.0218156427024582,-0.0056222589877527,0.0,0.0,0.0,-0.0,-0.0,-0.0,-0.0,-0.0,50.07789367675781,50.2891801961263,-0.0034347834711405,50.3449034656307,50.8996560245501,0.9721087214886278,0.1694334623174192,0.003424281808507,49.4099006652832,49.4099006652832,49.4099006652832,-0.0014167113500735,iShares Broad USD Investment Grade Corporate Bond ETF,Q,True,False,False,False,False,False,False,False,False,,False,,,17618763776.0,Bond,unknown,147.0,True,,False,True,175.0,True,True,False,409.0,,0,0,False,Bond,Bond,Bond,Bond,Bond
2026-09-14,SUB,105.48999786376952,105.58000183105467,105.44000244140624,105.47000122070312,716050.0,251,75521794.37408447,56859206.4384079,51863270.293293305,-0.0054878091330444,-0.0026627089160203,-0.0011024305135308,0.0,0.0,0.0,-0.0,-0.0,-0.0,-0.0,-0.0,105.84834365844726,105.6429992167155,-4.685894895051224e-05,106.20167783377369,106.20167783377369,0.993110498553368,0.1259809716996031,0.0011944720796577,105.41000366210938,105.41000366210938,105.41000366210938,-0.0005688589921242,iShares Short-Term National Muni Bond ETF,P,True,False,False,False,False,False,False,False,False,,False,,,11377924096.0,Bond,unknown,216.0,True,,False,True,275.0,True,True,False,410.0,,0,0,False,Bond,Bond,Bond,Bond,Bond
2026-09-14,SIVR,59.810001373291016,60.65999984741211,59.5994987487793,59.77000045776367,804306.0,251,48073369.98818207,80278330.45121804,67690469.49128541,-0.0276557789032041,-0.072326553241344,-0.2167474463372906,0.0,0.0,0.0,-0.0,-0.0,-0.0,-0.0,-0.0,59.39159996032715,67.60733327229818,0.0158453232765543,67.5999984741211,84.9800033569336,0.7033419404176452,2.011524772644043,0.0336544212353734,59.5994987487793,59.5994987487793,59.5994987487793,-0.0028526302104491,abrdn Physical Silver Shares ETF,P,True,False,False,False,False,False,False,False,False,,False,,,3950569728.0,Commodity,unknown,430.0,True,,False,True,231.0,True,True,False,411.0,,0,0,False,Commodity,Commodity,Commodity,Commodity,Commodity
2026-09-14,SPTL,24.68000030517578,24.827600479125977,24.584199905395508,24.709999084472656,7166586.0,251,177086333.49879456,149118566.50693092,131137506.6933652,-0.0106679335259332,-0.039946916484465,-0.0378275886526666,0.0,0.0,0.0,-0.0,-0.0,-0.0,-0.0,-0.0,25.17184562683105,25.62358153025309,-0.0082935067836625,25.39487974024196,26.311878099418472,0.9391195486352903,0.1952578002685092,0.0079019752125853,24.584199905395508,24.584199905395508,24.584199905395508,-0.0050910232188635,State Street SPDR Portfolio Long Term Treasury ETF,P,True,False,False,False,False,False,False,False,False,,False,,,10471982080.0,Bond,unknown,239.0,True,,False,True,151.0,True,True,False,412.0,,0,0,False,Bond,Bond,Bond,Bond,Bond
2026-09-14,PZA,22.1299991607666,22.165000915527344,22.075000762939453,22.09000015258789,4049355.0,251,89450252.56788254,54015725.09525394,35990054.51196368,-0.0376111629081928,-0.0451794204341191,-0.0324787127342317,0.0,0.0,0.0,-0.0,-0.0,-0.0,-0.0,-0.0,22.833364295959477,22.91689645131429,-0.008659703101766,22.93336751936313,23.425918083167254,0.942972654226974,0.1114086022814172,0.0050433952698893,22.030000686645508,22.030000686645508,22.030000686645508,-0.0027161369636909,Invesco National AMT-Free Municipal Bond ETFo,P,True,False,False,False,False,False,False,False,False,,False,,,4290295296.0,Bond,unknown,407.0,True,,False,True,320.0,True,True,False,413.0,,0,0,False,Bond,Bond,Bond,Bond,Bond
2026-09-14,SHM,47.290000915527344,47.34000015258789,47.27000045776367,47.290000915527344,357303.0,251,16896859.197120667,13152701.824811935,12079435.41365548,-0.0069923437708641,-0.005655834305142,-0.0048819966080165,0.0,0.0,0.0,-0.0,-0.0,-0.0,-0.0,-0.0,47.54723625183105,47.48964762369792,-0.0007472006986973,47.71279761102427,47.74594307166813,0.9904506618403912,0.0895626539529885,0.0018939025633129,47.220001220703125,47.220001220703125,47.220001220703125,-0.0014802218961521,State Street SPDR Nuveen ICE Short Term Municipal Bond ETF,P,True,False,False,False,False,False,False,False,False,,False,,,3468243712.0,Bond,unknown,468.0,True,,False,True,439.0,True,True,False,414.0,,0,0,False,Bond,Bond,Bond,Bond,Bond
2026-09-14,UCON,24.299999237060547,24.350000381469727,24.270000457763672,24.299999237060547,579999.0,251,14093975.25749588,14206149.236517144,12847392.436263734,-0.0123850723625994,-0.0127853927983736,-0.0006066866374875,0.0,0.0,0.0,-0.0,-0.0,-0.0,-0.0,-0.0,24.548419494628902,24.537797470092773,-0.0017282368697113,24.700000762939453,24.73844610005593,0.9822767015671856,0.0736922689061698,0.0030326037539038,24.270000457763672,24.270000457763672,24.270000457763672,-0.0012345177052978,First Trust Smith Unconstrained Bond ETF,P,True,False,False,False,False,False,False,False,False,,False,,,3285839104.0,Bond,unknown,476.0,True,,False,True,437.0,True,True,False,415.0,,0,0,False,Bond,Bond,Bond,Bond,Bond
2026-09-14,URA,42.244998931884766,42.619998931884766,41.650001525878906,42.18999862670898,4205134.0,251,177414597.68512726,157991084.6886387,139708833.82269663,-0.0609837894470514,-0.073154696783109,-0.1440454890838055,0.0,0.0,0.0,-0.0,-0.0,-0.0,-0.0,-0.0,43.19119995117188,48.192933349609376,0.0019393315742037,50.09000015258789,58.970001220703125,0.7154484950544137,1.7359994888305663,0.0411471805010101,41.650001525878906,41.650001525878906,41.650001525878906,-0.0127991732260503,Global X Uranium ETF,P,True,False,False,False,False,False,False,False,False,,False,,,5997526528.0,Commodity,unknown,347.0,True,,False,True,144.0,True,True,False,416.0,,0,0,False,Commodity,Commodity,Commodity,Commodity,Commodity
2026-09-14,EVTR,49.27999877929688,49.39690017700195,49.160099029541016,49.25,1422231.0,251,70044876.75,37734793.83904495,29376762.814092,-0.0143273283349576,-0.0178144017561981,-0.0100170789144303,0.0,0.0,0.0,-0.0,-0.0,-0.0,-0.0,-0.0,49.90513809204101,50.03444114685058,-0.0025557361415965,50.2347793757408,50.90391864130067,0.9675090113797492,0.1766494542148301,0.0035867909485244,49.160099029541016,49.160099029541016,49.160099029541016,-0.0018254004154109,Eaton Vance Total Return Bond ETF,N,True,False,False,False,False,False,False,False,False,,False,,,5577608192.0,Bond,unknown,361.0,True,,False,True,352.0,True,True,False,417.0,,0,0,False,Bond,Bond,Bond,Bond,Bond
2026-09-14,EAGG,45.88999938964844,46.0369987487793,45.834999084472656,45.91999816894531,377822.0,251,17349585.548187256,17317927.645214844,17388654.63358222,-0.0126414744892744,-0.0189419441827191,-0.0140477279236914,0.0,0.0,0.0,-0.0,-0.0,-0.0,-0.0,-0.0,46.491873245239255,46.70193270365397,-0.0028689973715908,46.76702880859375,47.13323454906129,0.97425942879322,0.1472330936532319,0.0032062957213443,45.834999084472656,45.834999084472656,45.834999084472656,-0.0018510254325345,iShares ESG Aware U.S. Aggregate Bond ETF,P,True,False,False,False,False,False,False,False,False,,False,,,4899153408.0,Bond,unknown,380.0,True,,False,True,413.0,True,True,False,418.0,,0,0,False,Bond,Bond,Bond,Bond,Bond
2026-09-14,EDV,58.97999954223633,59.619998931884766,58.630001068115234,59.209999084472656,1081803.0,251,64053554.63957977,96663999.79895362,76334100.01801614,-0.0037018546117013,-0.0660008092248747,-0.0626159685824034,0.0,0.0,0.0,-0.0,-0.0,-0.0,-0.0,-0.0,60.571399993896485,62.702282740275066,-0.0154713803397938,61.459999084472656,65.82128558573568,0.8995570134732255,0.8005002975463867,0.0135196809647698,58.630001068115234,58.33000183105469,58.33000183105469,-0.014862308174714,Vanguard Extended Duration Treasury ETF,P,True,False,False,False,False,False,False,False,False,,False,,,4162188800.0,Bond,unknown,416.0,True,,False,True,213.0,True,True,False,419.0,,0,0,False,Bond,Bond,Bond,Bond,Bond
2026-09-14,FPE,17.43000030517578,17.459999084472656,17.40999984741211,17.420000076293945,998077.0,251,17386501.416147232,18482472.646786597,17671283.497040432,-0.0169659562555034,-0.0153887933180398,-0.0024834436181954,0.0,0.0,0.0,-0.0,-0.0,-0.0,-0.0,-0.0,17.686213874816893,17.66650894165039,-0.0017451855436289,17.75,17.838692452763127,0.97652897612435,0.054387404462874,0.0031221242379262,17.40999984741211,17.40999984741211,17.40999984741211,-0.0005740659493707,First Trust Preferred Securities and Income ETF ETF,P,True,False,False,False,False,False,False,False,False,,False,,,6320397824.0,Bond,unknown,337.0,True,,False,True,412.0,True,True,False,420.0,,0,0,False,Bond,Bond,Bond,Bond,Bond
2026-09-14,FSEC,42.619998931884766,42.71500015258789,42.4900016784668,42.63999938964844,743374.0,251,31697466.90628052,16982219.755950928,16406536.17049202,-0.0148862271332798,-0.0178979514697765,-0.0130713206515635,0.0,0.0,0.0,-0.0,-0.0,-0.0,-0.0,-0.0,43.2445703125,43.36254323323568,-0.0027007187431447,43.51362536643138,43.81330352749815,0.9732203681670952,0.1655413149042736,0.0038823010617692,42.4900016784668,42.4900016784668,42.4900016784668,-0.0035177700123995,Fidelity Investment Grade Securitized ETF,P,True,False,False,False,False,False,False,False,False,,False,,,4651778048.0,Bond,unknown,393.0,True,,False,True,415.0,True,True,False,421.0,,0,0,False,Bond,Bond,Bond,Bond,Bond
2026-09-14,FLCB,20.729999542236328,20.780000686645508,20.694499969482425,20.729999542236328,396759.0,251,8224813.888378143,10452786.76186657,9509612.995320575,-0.0125239714262688,-0.0183158752338259,-0.0133566674673477,0.0,0.0,0.0,-0.0,-0.0,-0.0,-0.0,-0.0,20.984456100463863,21.07256585439046,-0.0028459647730563,21.107521057128903,21.270078837908372,0.9746084958223334,0.065605406805081,0.0031647567898597,20.694499969482425,20.694499969482425,20.694499969482425,-0.0017124733978685,Franklin U.S. Core Bond ETF,P,True,False,False,False,False,False,False,False,False,,False,,,3058559488.0,Bond,unknown,500.0,True,,False,True,456.0,True,True,False,422.0,,0,0,False,Bond,Bond,Bond,Bond,Bond
2026-09-14,FIXD,42.25,42.34799957275391,42.18000030517578,42.22499847412109,518366.0,251,21888003.55903625,13300009.488025663,13423198.15624661,-0.0138940868638558,-0.0207550012442897,-0.013750784078921,0.0,0.0,0.0,-0.0,-0.0,-0.0,-0.0,-0.0,42.819346313476565,43.014894587198896,-0.003333964016905,43.3650016784668,44.12360271237978,0.9569707793211094,0.2852487879191706,0.0067554481522123,41.95000076293945,41.95000076293945,41.95000076293945,-0.0065126754557536,First Trust Smith Opportunistic Fixed Income ETF,Q,True,False,False,False,False,False,False,False,False,,False,,,3286956288.0,Bond,unknown,475.0,True,,False,True,434.0,True,True,False,423.0,,0,0,False,Bond,Bond,Bond,Bond,Bond
2026-09-14,FBND,44.14400100708008,44.31999969482422,44.11299896240234,44.209999084472656,4730426.0,251,209132129.12916565,137637298.20111006,141388104.28427052,-0.0128504045015043,-0.0179094005201373,-0.0113395719206245,0.0,0.0,0.0,-0.0,-0.0,-0.0,-0.0,-0.0,44.75352478027344,44.90682411193848,-0.0027321400568948,45.37335328148987,45.38203897681243,0.9741739261001776,0.193688269467875,0.00438109643698,44.11299896240234,44.11299896240234,44.11299896240234,-0.0021940765455564,Fidelity Total Bond ETF,P,True,False,False,False,False,False,False,False,False,,False,,,26618243072.0,Bond,unknown,102.0,True,,False,True,140.0,True,True,False,424.0,,0,0,False,Bond,Bond,Bond,Bond,Bond
2026-09-14,XAR,242.52999877929688,244.9600067138672,241.3500061035156,242.8300018310547,246991.0,251,59976824.98225403,53087503.78222428,57197572.28418671,-0.1816466388961138,-0.1324678458134141,-0.0837898329105039,0.0,0.0,0.0,-0.0,-0.0,-0.0,-0.0,-0.0,269.4001992797852,270.7177998860677,-0.0211536751118845,297.69000244140625,297.7900085449219,0.8154403937780994,5.464997863769531,0.0225054475252679,241.3500061035156,241.3500061035156,241.3500061035156,-0.0060947811900472,State Street SPDR S&P Aerospace & Defense ETF,P,True,False,False,False,False,False,False,False,False,,False,,,6468274688.0,Industry / Theme,unknown,332.0,True,,False,True,258.0,True,True,False,425.0,,0,0,False,Industry / Theme,Industry / Theme,Industry / Theme,Industry / Theme,Industry / Theme
2026-09-14,BSV,76.72000122070312,76.81999969482422,76.66500091552734,76.72000122070312,2156652.0,251,165458344.07263184,165587978.97861022,188685823.03575644,-0.0082928555839569,-0.0042296141914136,-0.0010048719650059,0.0,0.0,0.0,-0.0,-0.0,-0.0,-0.0,-0.0,77.1581559753418,77.05001937866211,-0.0001048314191937,77.73026857492607,77.73026857492607,0.9870029092560112,0.1505390431485182,0.0019621877053345,76.66500091552734,76.66500091552734,76.66500091552734,-0.0007168965628344,Vanguard Short-Term Bond ETF,P,True,False,False,False,False,False,False,False,False,,False,,,69833809920.0,Bond,unknown,44.0,True,,False,True,118.0,True,True,False,426.0,,0,0,False,Bond,Bond,Bond,Bond,Bond
2026-09-14,CGCB,25.440000534057617,25.516000747680664,25.405000686645508,25.450000762939453,1084441.0,251,27599024.277362823,30260792.28029537,37536242.27609574,-0.013029102006513,-0.0180308040801773,-0.0135358595036795,0.0,0.0,0.0,-0.0,-0.0,-0.0,-0.0,-0.0,25.765466651916505,25.872414792378745,-0.0028377184867025,25.925512313842773,26.112255492233142,0.9746381644630172,0.0891515712384324,0.003503008588049,25.405000686645508,25.405000686645508,25.405000686645508,-0.0017681758328068,Capital Group Core Bond ETF,P,True,False,False,False,False,False,False,False,False,,False,,,5556136960.0,Bond,unknown,362.0,True,,False,True,312.0,True,True,False,427.0,,0,0,False,Bond,Bond,Bond,Bond,Bond
2026-09-14,CGCP,21.6200008392334,21.690000534057617,21.5900993347168,21.63999938964844,5845186.0,251,126489821.4723816,40778128.33311196,34535502.45187281,-0.0142560075984775,-0.0191659412014395,-0.0088557979216148,0.0,0.0,0.0,-0.0,-0.0,-0.0,-0.0,-0.0,21.912134857177733,21.98039451599121,-0.0025604111499616,22.05256462097168,22.176428433888923,0.9758108459241012,0.0730028577079588,0.003373514776663,21.5900993347168,21.5900993347168,21.5900993347168,-0.0023059175757421,Capital Group Core Plus Income ETF,P,True,False,False,False,False,False,False,False,False,,False,,,8320875520.0,Bond,unknown,275.0,True,,False,True,326.0,True,True,False,428.0,,0,0,False,Bond,Bond,Bond,Bond,Bond
2026-09-14,CGHM,24.790000915527344,24.82999992370605,24.739999771118164,24.790000915527344,1140934.0,251,28283754.904556274,13060031.613817217,11540366.211461265,-0.0253043210176053,-0.0229357618847294,-0.0076632363092441,0.0,0.0,0.0,-0.0,-0.0,-0.0,-0.0,-0.0,25.34324577331543,25.21408475240072,-0.0047656047050778,25.45352105329462,29.39011762157427,0.8434808337524264,0.1047256754560981,0.0042245127708124,24.684999465942383,24.684999465942383,24.684999465942383,-0.0042356371806018,Capital Group Municipal High-Income ETF,P,True,False,False,False,False,False,False,False,False,,False,,,3181882880.0,Bond,unknown,487.0,True,,False,True,445.0,True,True,False,429.0,,0,0,False,Bond,Bond,Bond,Bond,Bond
2026-09-14,BOTZ,34.599998474121094,34.92499923706055,34.529998779296875,34.7599983215332,665072.0,251,23117901.60369873,24030420.30355453,28101913.282479186,-0.0789613996926207,-0.0631092931970144,-0.0015107531170582,0.0,0.0,0.0,-0.0,-0.0,-0.0,-0.0,,35.88620010375976,36.93261352539062,-0.0105319718319607,38.025001525878906,41.68914992307781,0.8337900481461041,0.5713003158569336,0.0164355679931958,34.529998779296875,34.529998779296875,34.529998779296875,-0.0066167880708396,Global X Robotics & Artificial Intelligence ETF,Q,True,False,False,False,False,False,False,False,False,,False,,,3517117696.0,Industry / Theme,unknown,458.0,True,,False,True,362.0,True,True,False,430.0,,0,0,False,Industry / Theme,Industry / Theme,Industry / Theme,Industry / Theme,Industry / Theme
2026-09-14,BOND,88.7699966430664,89.00499725341797,88.54499816894531,88.75,883505.0,251,78411068.75,55927929.09885407,53297237.22436088,-0.0162838683489496,-0.0212204756276944,-0.0137491840690255,0.0,0.0,0.0,-0.0,-0.0,-0.0,-0.0,-0.0,90.1345001220703,90.4275185139974,-0.0031137194424017,90.746769756433,91.44399162182,0.9705394354069604,0.3317434228504033,0.0037379540602862,88.54499816894531,88.54499816894531,88.54499816894531,-0.0023098797865317,PIMCO Active Bond Exchange-Traded Fund Exchange-Traded Fund,N,True,False,False,False,False,False,False,False,False,,False,,,8311250432.0,Bond,unknown,276.0,True,,False,True,271.0,True,True,False,431.0,,0,0,False,Bond,Bond,Bond,Bond,Bond
2026-09-14,BIV,73.97000122070312,74.20570373535156,73.87000274658203,73.98999786376953,1980810.0,251,146560127.66853333,115627499.12989426,116361912.65423124,-0.0175808949500221,-0.0216866806274631,-0.0196930364869045,0.0,0.0,0.0,-0.0,-0.0,-0.0,-0.0,-0.0,75.16852920532227,75.58607701619466,-0.0031701116341803,75.62292512530664,76.3706679643338,0.9688274285924005,0.245053398008055,0.0033119800659982,73.87000274658203,73.87000274658203,73.87000274658203,-0.0016217748432488,Vanguard Intermediate-Term Bond ETF,P,True,False,False,False,False,False,False,False,False,,False,,,52510502912.0,Bond,unknown,54.0,True,,False,True,160.0,True,True,False,432.0,,0,0,False,Bond,Bond,Bond,Bond,Bond
2026-09-14,BLV,64.79000091552734,65.18000030517578,64.58000183105469,64.87000274658203,1539958.0,251,99897079.68962096,43138684.746276096,46110950.55184476,-0.0112847143488727,-0.0429217569290077,-0.0275693387889953,0.0,0.0,0.0,-0.0,-0.0,-0.0,-0.0,-0.0,66.04272521972656,67.1316426595052,-0.008317908469532,66.82522326865896,68.90506964474632,0.9414402028911968,0.479812790901493,0.0073965279880734,64.58000183105469,64.58000183105469,64.58000183105469,-0.0044704933443621,Vanguard Long-Term Bond ETF,P,True,False,False,False,False,False,False,False,False,,False,,,8673027072.0,Bond,unknown,270.0,True,,False,True,287.0,True,True,False,433.0,,0,0,False,Bond,Bond,Bond,Bond,Bond
2026-09-14,BND,71.13999938964844,71.3499984741211,71.02999877929688,71.16999816894531,11354762.0,251,808118390.7488098,603324592.8703797,584308907.5106215,-0.0123063673372669,-0.0181705505075079,-0.0124172068869979,0.0,0.0,0.0,-0.0,-0.0,-0.0,-0.0,-0.0,72.01887664794921,72.31743408203126,-0.0027644792145921,72.42546393340598,72.97210570993978,0.9753041587129504,0.2320655524188083,0.0032607216297508,71.02999877929688,71.02999877929688,71.02999877929688,-0.0019671124525829,Vanguard Total Bond Market ETF,Q,True,False,False,False,False,False,False,False,False,,False,,,397862928384.0,Bond,unknown,7.0,True,,False,True,47.0,True,True,False,434.0,,0,0,False,Bond,Bond,Bond,Bond,Bond
2026-09-14,BNDX,46.900001525878906,47.0098991394043,46.85279846191406,46.93000030517578,5088871.0,251,238820717.58300015,205758940.78452644,202617332.35126543,-0.0140459615926968,-0.0203982277948219,-0.0081242042365895,0.0,0.0,0.0,-0.0,-0.0,-0.0,-0.0,-0.0,47.5795516204834,47.6513099416097,-0.0034906900593213,47.788082122802734,48.2149532398026,0.9733494932944152,0.1291424048455578,0.0027518091627055,46.85279846191406,46.85279846191406,46.85279846191406,-0.0016450424623841,Vanguard Total International Bond ETF,Q,True,False,False,False,False,False,False,False,False,,False,,,123285929984.0,Bond,unknown,24.0,True,,False,True,112.0,True,True,False,435.0,,0,0,False,Bond,Bond,Bond,Bond,Bond
2026-09-14,XLU,42.380001068115234,42.43999862670898,41.75,41.81999969482422,23470575.0,251,981539439.3373488,865046905.2017117,888395766.2314854,-0.0561950259827278,-0.0548609150368495,-0.0975023394189646,0.0,0.0,0.0,-0.0,-0.0,-0.0,-0.0,-0.0,44.14060012817383,44.88781023661296,-0.0121105452884101,44.650001525878906,47.40728211653791,0.8821429499379679,0.638499641418457,0.0152678059798618,41.75,41.75,41.75,-0.0016738329826645,State Street Utilities Select Sector SPDR ETF,P,True,False,False,False,False,False,False,False,False,,False,,,23111417856.0,Sector,unknown,117.0,True,,False,True,35.0,True,True,False,436.0,,0,0,False,Sector,Sector,Sector,Sector,Sector
2026-09-14,DFCF,40.869998931884766,41.0,40.81999969482422,40.880001068115234,1810205.0,251,74001182.33350754,75299735.67990017,61556813.31228438,-0.0159764020488801,-0.0218153641239916,-0.0125741356260756,0.0,0.0,0.0,-0.0,-0.0,-0.0,-0.0,-0.0,41.497194900512696,41.6575122833252,-0.0031251125560298,41.755001068115234,42.07391357421875,0.9716234501457192,0.1434828955689578,0.0035098554750496,40.81999969482422,40.81999969482422,40.81999969482422,-0.0014677439266951,Dimensional Core Fixed Income ETF,P,True,False,False,False,False,False,False,False,False,,False,,,10866136064.0,Bond,unknown,227.0,True,,False,True,249.0,True,True,False,437.0,,0,0,False,Bond,Bond,Bond,Bond,Bond
2026-09-14,CMF,55.310001373291016,55.41999816894531,55.22999954223633,55.29999923706055,1723396.0,251,95303797.4851532,61182396.49588547,36602200.6671874,-0.0240787896515707,-0.0277794395140802,-0.0228358096275514,0.0,0.0,0.0,-0.0,-0.0,-0.0,-0.0,-0.0,56.40009826660156,56.60885124206543,-0.0054878271707144,56.64446238366232,57.31009909493486,0.9649259050391004,0.1831065935256489,0.0033111500190209,55.06999969482422,55.06999969482422,55.06999969482422,-0.00415912378679,iShares California Muni Bond ETF,P,True,False,False,False,False,False,False,False,False,,False,,,4542874112.0,Bond,unknown,397.0,True,,False,True,317.0,True,True,False,438.0,,0,0,False,Bond,Bond,Bond,Bond,Bond
2026-09-14,CGMU,26.56999969482422,26.56999969482422,26.530000686645508,26.540000915527344,1898551.0,251,50387545.27817536,45378683.85092773,34106910.45657276,-0.0204717722412032,-0.0225828766538241,-0.0193570266425339,0.0,0.0,0.0,-0.0,-0.0,-0.0,-0.0,-0.0,27.00126033782959,27.062977549235026,-0.0041045371285008,27.109637922229133,27.339808227789785,0.9707456868168712,0.0774224430169017,0.0029171982044509,26.479999542236328,26.479999542236328,26.479999542236328,-0.002260790174122,Capital Group Municipal Income ETF,P,True,False,False,False,False,False,False,False,False,,False,,,6310218752.0,Bond,unknown,338.0,True,,False,True,328.0,True,True,False,439.0,,0,0,False,Bond,Bond,Bond,Bond,Bond
2026-09-14,CQQQ,45.970001220703125,46.43000030517578,45.79499816894531,46.15999984741211,3573947.0,251,164973392.97465897,42378589.02878742,55781370.498363495,-0.0927673176418423,-0.1001949213662981,-0.0629313556587349,0.0,0.0,0.0,-0.0,-0.0,-0.0,-0.0,,50.60259986877441,50.995533345540366,-0.0289719920095531,51.93999862670898,57.56999969482422,0.8018064980389792,0.7897499084472657,0.0171089668773372,45.79499816894531,45.79499816894531,45.79499816894531,-0.0079073154175337,Invesco China Technology ETF,P,True,False,False,False,False,False,False,False,False,,False,,,3417853440.0,Country / Region,unknown,469.0,True,,False,True,262.0,True,True,False,440.0,,0,0,False,Country / Region,Country / Region,Country / Region,Country / Region,Country / Region
2026-09-14,VPU,183.2100067138672,183.36199951171875,180.56500244140625,180.7700042724609,294224.0,251,53186873.73706055,46958437.472177126,47252035.21133471,-0.0571636765206681,-0.0565807413334534,-0.0958237572134294,0.0,0.0,0.0,-0.0,-0.0,-0.0,-0.0,-0.0,190.7820004272461,194.0987628173828,-0.0119296641944385,193.00999450683597,204.4856368333461,0.8840229909144514,2.588349151611328,0.0143184659536219,180.56500244140625,180.56500244140625,180.56500244140625,-0.0011340478298916,Vanguard Utilities ETF,P,True,False,False,False,False,False,False,False,False,,False,,,10763640832.0,Sector,unknown,229.0,True,,False,True,282.0,True,True,False,441.0,,0,0,False,Sector,Sector,Sector,Sector,Sector
2026-09-14,ITA,216.52999877929688,217.44500732421875,215.4199981689453,216.7700042724609,1068165.0,251,231546131.61369324,152646667.842968,157878140.89382958,-0.1439459630855655,-0.0721494531384249,-0.0535320362956296,0.0,0.0,0.0,-0.0,-0.0,-0.0,-0.0,-0.0,237.6544000244141,232.7303397623698,-0.0139844413466899,253.92999267578125,256.6000061035156,0.8447778609366565,3.9239990234375,0.0181021310425651,215.4199981689453,215.4199981689453,215.4199981689453,-0.0062278270835792,iShares U.S. Aerospace & Defense ETF,Z,True,False,False,False,False,False,False,False,False,,False,,,14444112896.0,Industry / Theme,unknown,176.0,True,,False,True,126.0,True,True,False,442.0,,0,0,False,Industry / Theme,Industry / Theme,Industry / Theme,Industry / Theme,Industry / Theme
2026-09-14,IUSB,44.75,44.859901428222656,44.67499923706055,44.75,4023920.0,251,180070420.0,160494784.30587387,155436225.85658604,-0.0124004903083284,-0.0174929963273275,-0.0098144560182821,0.0,0.0,0.0,-0.0,-0.0,-0.0,-0.0,-0.0,45.27899848937988,45.41949780782064,-0.002546925081719,45.551002502441406,45.91270260175445,0.9746757969828156,0.1465514456385619,0.0032748926399678,44.67499923706055,44.67499923706055,44.67499923706055,-0.0016759947025576,iShares Core Universal USD Bond ETF,Q,True,False,False,False,False,False,False,False,False,,False,,,42765500416.0,Bond,unknown,73.0,True,,False,True,130.0,True,True,False,443.0,,0,0,False,Bond,Bond,Bond,Bond,Bond
2026-09-14,KWEB,24.61000061035156,24.88999938964844,24.55500030517578,24.729999542236328,11550698.0,251,285648756.2525101,366068336.4717976,504888919.4392678,-0.0844132050101761,-0.0664401753147899,-0.1800397988278407,0.0,0.0,0.0,-0.0,-0.0,-0.0,-0.0,,26.72740009307861,28.0635333887736,0.0053942264553965,27.290000915527344,31.030000686645508,0.7969706411537227,0.438699722290039,0.01773957664418,24.440000534057617,24.440000534057617,24.440000534057617,-0.0117266079072675,KraneShares CSI China Internet ETF,P,True,False,False,False,False,False,False,False,False,,False,,,4907469312.0,Country / Region,unknown,379.0,True,,False,True,58.0,True,True,False,444.0,,0,0,False,Country / Region,Country / Region,Country / Region,Country / Region,Country / Region
2026-09-14,LQD,104.25,104.6449966430664,104.0500030517578,104.3000030517578,30844210.0,251,3217051197.129059,2875617376.870575,3039040187.184592,-0.0130244891874106,-0.0316393622146958,-0.0125395710168426,0.0,0.0,0.0,-0.0,-0.0,-0.0,-0.0,-0.0,105.83763900756836,106.8021504720052,-0.005202461555042,106.50290866727444,108.4290952268726,0.9619189649560828,0.4779680615284377,0.004582627493225,104.0500030517578,104.0500030517578,104.0500030517578,-0.0023969318570004,iShares iBoxx $ Investment Grade Corporate Bond ETF,P,True,False,False,False,False,False,False,False,False,,False,,,33113137152.0,Bond,unknown,91.0,True,,False,True,11.0,True,True,False,445.0,,0,0,False,Bond,Bond,Bond,Bond,Bond
2026-09-14,MBB,91.20999908447266,91.51499938964844,91.0199966430664,91.22000122070312,3067431.0,251,279811059.5644226,250279816.21182555,203796886.92312428,-0.0176676871713256,-0.0228927108739702,-0.0179176570884437,0.0,0.0,0.0,-0.0,-0.0,-0.0,-0.0,-0.0,92.73283630371094,93.10262583414712,-0.0029761494328989,93.45845549801132,94.07928711751856,0.9696077002237083,0.3576218869569167,0.0039204328236267,91.0199966430664,91.0199966430664,91.0199966430664,-0.0021925517974157,iShares MBS ETF,Q,True,False,False,False,False,False,False,False,False,,False,,,39630225408.0,Bond,unknown,79.0,True,,False,True,110.0,True,True,False,446.0,,0,0,False,Bond,Bond,Bond,Bond,Bond
2026-09-14,MCHI,53.060001373291016,53.55500030517578,53.060001373291016,53.31999969482422,1450433.0,251,77337087.11736298,92871327.9936779,140234187.48996636,-0.0239795231132733,-0.0210946049653463,-0.0710732550920272,0.0,0.0,0.0,-0.0,-0.0,-0.0,-0.0,-0.0,54.43239990234375,55.75819661458333,0.0092446667407588,56.040000915527344,59.53542086412286,0.8956012894662483,0.5582498550415039,0.01046980229251,52.77999877929688,52.77999877929688,52.77999877929688,-0.0101275491113658,iShares MSCI China ETF,Q,True,False,False,False,False,False,False,False,False,,False,,,5885857792.0,Country / Region,unknown,351.0,True,,False,True,143.0,True,True,False,447.0,,0,0,False,Country / Region,Country / Region,Country / Region,Country / Region,Country / Region
2026-09-14,AIRR,104.98999786376952,105.6050033569336,103.8499984741211,104.77999877929688,605739.0,251,63469331.68057251,88199392.12293091,86367217.20744978,-0.1600801701058366,-0.1905755021285098,-0.0342494623008671,0.0,0.0,0.0,-0.0,-0.0,-0.0,-0.0,,117.43279998779298,120.52960144042969,-0.0387707563078359,125.1999969482422,135.0500030517578,0.7758607657279357,2.4790496826171875,0.0236595696840856,103.8499984741211,103.8499984741211,103.8499984741211,-0.0088757426609126,First Trust RBA American Industrial Renaissance ETF,Q,True,False,False,False,False,False,False,False,False,,False,,,11489859584.0,Other,unknown,214.0,True,,False,True,200.0,True,True,False,448.0,,0,0,False,Other,Other,Other,Other,Other
2026-09-14,JBND,51.84000015258789,51.98550033569336,51.759498596191406,51.86000061035156,800027.0,251,41489400.70829773,54099093.18360825,46621386.29713367,-0.0116640725018775,-0.0168278023882019,-0.013128033662332,0.0,0.0,0.0,-0.0,-0.0,-0.0,-0.0,-0.0,52.46251289367676,52.67084676106771,-0.002625721983582,52.77085494995117,53.24683318416388,0.97395464686105,0.1755060938711405,0.0033842285346234,51.759498596191406,51.759498596191406,51.759498596191406,-0.0019379485726441,JPMorgan Active Bond ETF,N,True,False,False,False,False,False,False,False,False,,False,,,8293582336.0,Bond,unknown,277.0,True,,False,True,286.0,True,True,False,449.0,,0,0,False,Bond,Bond,Bond,Bond,Bond
2026-09-14,JCPB,45.41999816894531,45.58000183105469,45.3650016784668,45.43999862670898,2938161.0,251,133510031.8050499,83827389.66564235,86987328.25312556,-0.0126206070102823,-0.0169133525651002,-0.0103344815075109,0.0,0.0,0.0,-0.0,-0.0,-0.0,-0.0,-0.0,45.986294174194335,46.12026209513346,-0.0026066970130262,46.25980332095227,46.56652327721552,0.9758082723118447,0.1434310567447308,0.0031564934216442,45.3650016784668,45.3650016784668,45.3650016784668,-0.0016504610587313,JPMorgan Core Plus Bond ETF,P,True,False,False,False,False,False,False,False,False,,False,,,13578677248.0,Bond,unknown,191.0,True,,False,True,199.0,True,True,False,450.0,,0,0,False,Bond,Bond,Bond,Bond,Bond
2026-09-14,JMBS,43.369998931884766,43.53499984741211,43.28499984741211,43.38999938964844,1161184.0,251,50383773.05126953,28591474.417562865,30120159.66387261,-0.0192799005555853,-0.0269818041152142,-0.020002179797072,0.0,0.0,0.0,-0.0,-0.0,-0.0,-0.0,-0.0,44.18114379882813,44.38050198872884,-0.0032094378760206,44.52176047077485,44.88477499085423,0.9666974914876956,0.185259768264747,0.0042696421034968,43.28499984741211,43.28499984741211,43.28499984741211,-0.002419901906276,Janus Henderson Mortgage-Backed Securities ETF,P,True,False,False,False,False,False,False,False,False,,False,,,6783227392.0,Bond,unknown,318.0,True,,False,True,347.0,True,True,False,451.0,,0,0,False,Bond,Bond,Bond,Bond,Bond
2026-09-14,JMTG,49.08000183105469,49.28499984741211,49.02000045776367,49.16999816894531,547442.0,251,26917722.13760376,24695465.89243698,29057175.32380361,-0.0152467823061293,-0.016423240139295,-0.0132988878501897,0.0,0.0,0.0,-0.0,-0.0,-0.0,-0.0,-0.0,49.798947677612304,49.9342692565918,-0.002159768986692,50.13049547761692,50.34879444641576,0.976587398160546,0.1685090521103049,0.0034270705386507,49.02000045776367,49.02000045776367,49.02000045776367,-0.0030505941990531,JPMorgan Mortgage-Backed Securities ETF,P,True,False,False,False,False,False,False,False,False,,False,,,6718420992.0,Bond,unknown,322.0,True,,False,True,355.0,True,True,False,452.0,,0,0,False,Bond,Bond,Bond,Bond,Bond
2026-09-14,JMUB,48.68000030517578,48.77000045776367,48.60499954223633,48.65999984741211,2275606.0,251,110730987.61277008,73418880.5831646,63504752.949515566,-0.0223766362313614,-0.0241694625564963,-0.0192825560306088,0.0,0.0,0.0,-0.0,-0.0,-0.0,-0.0,-0.0,49.55507530212402,49.67348116556804,-0.0049011760904819,49.79869823958786,50.274716088841615,0.9678821410234102,0.1776412980527958,0.0036506637609914,48.40999984741211,48.40999984741211,48.40999984741211,-0.0051376901106442,JPMorgan Municipal ETF,P,True,False,False,False,False,False,False,False,False,,False,,,8048841216.0,Bond,unknown,284.0,True,,False,True,243.0,True,True,False,453.0,,0,0,False,Bond,Bond,Bond,Bond,Bond
2026-09-14,VTEB,48.435001373291016,48.4900016784668,48.369998931884766,48.40999984741211,21999765.0,251,1065008620.2931024,672655518.5488348,442913774.7137896,-0.0243023496212926,-0.0292805553598622,-0.022238119673134,0.0,0.0,0.0,-0.0,-0.0,-0.0,-0.0,-0.0,49.43929901123047,49.57894030253093,-0.0054872280885784,49.65566420310592,50.45518748477257,0.9594652653311871,0.171128322294642,0.0035349787819466,48.220001220703125,48.220001220703125,48.220001220703125,-0.0039247805682267,Vanguard Tax-Exempt Bond ETF,P,True,False,False,False,False,False,False,False,False,,False,,,48785248256.0,Bond,unknown,58.0,True,,False,True,66.0,True,True,False,454.0,,0,0,False,Bond,Bond,Bond,Bond,Bond
2026-09-14,HYD,49.095001220703125,49.209999084472656,48.93999862670898,48.95000076293945,2804298.0,251,137270389.23950958,71279257.40627328,51722298.74449848,-0.0263205598861142,-0.0360800603594161,-0.0125964476723284,0.0,0.0,0.0,-0.0,-0.0,-0.0,-0.0,-0.0,50.10662811279297,50.10453330993652,-0.0063133031152883,50.392779919356165,51.24121107923125,0.9552857891522308,0.254095020550011,0.0051909094298194,48.79999923706055,48.79999923706055,48.79999923706055,-0.0030643825033905,VanEck High Yield Muni ETF,Z,True,False,False,False,False,False,False,False,False,,False,,,4521939456.0,Bond,unknown,399.0,True,,False,True,277.0,True,True,False,455.0,,0,0,False,Bond,Bond,Bond,Bond,Bond
2026-09-14,HYMB,24.200000762939453,24.229999542236328,24.13999938964844,24.15999984741211,4670554.0,251,112840583.92733002,69006875.20001335,45701304.93853409,-0.0278517583446676,-0.0304550060648237,-0.0124451669112788,0.0,0.0,0.0,-0.0,-0.0,-0.0,-0.0,-0.0,24.74870948791504,24.68445723215739,-0.0056875056290689,24.87209657485502,25.19188951518021,0.959038814172859,0.1292841649748316,0.0053511658026223,24.059999465942383,24.059999465942383,24.059999465942383,-0.0041390886631332,State Street SPDR Nuveen ICE High Yield Municipal Bond ETF,P,True,False,False,False,False,False,False,False,False,,False,,,3091741440.0,Bond,unknown,497.0,True,,False,True,289.0,True,True,False,456.0,,0,0,False,Bond,Bond,Bond,Bond,Bond
2026-09-14,GVI,103.93000030517578,104.04959869384766,103.8249969482422,103.91000366210938,111230.0,251,11557909.707336426,12623472.028640747,11358556.044280035,-0.0112016255574004,-0.0099201412022472,-0.0071914641027814,0.0,0.0,0.0,-0.0,-0.0,-0.0,-0.0,-0.0,104.83589965820312,104.94455235799154,-0.0010984430583956,105.29648379914528,105.51918207741711,0.9847498968090264,0.1928261924922019,0.0018557038369397,103.8249969482422,103.8249969482422,103.8249969482422,-0.0008180801739129,iShares Intermediate Government/Credit Bond ETF,Z,True,False,False,False,False,False,False,False,False,,False,,,3754905600.0,Bond,unknown,444.0,True,,False,True,446.0,True,True,False,457.0,,0,0,False,Bond,Bond,Bond,Bond,Bond
2026-09-14,FXI,34.68000030517578,34.97999954223633,34.650001525878906,34.84000015258789,15089726.0,251,525726056.1425095,554791913.7037319,726528131.3000768,-0.0014330535378392,-0.0053387464635065,-0.0314129396045241,0.0,0.0,0.0,-0.0,-0.0,-0.0,-0.0,-0.0,35.045000076293945,35.55909175872803,0.0164334771101695,36.119998931884766,38.06419438446368,0.9152958762423782,0.4245002746582031,0.0121842787829801,34.33000183105469,34.33000183105469,34.33000183105469,-0.0146382984873586,iShares China Large-Cap ETF,P,True,False,False,False,False,False,False,False,False,,False,,,4523697152.0,Country / Region,unknown,398.0,True,,False,True,42.0,True,True,False,458.0,,0,0,False,Country / Region,Country / Region,Country / Region,Country / Region,Country / Region
2026-09-14,GOVT,22.1299991607666,22.200000762939453,22.100000381469727,22.13999938964844,11988839.0,251,265432888.14259335,362821799.00542295,228327677.91521296,-0.0108976708274726,-0.0156565723378281,-0.0157374509818386,0.0,0.0,0.0,-0.0,-0.0,-0.0,-0.0,-0.0,22.37963787078857,22.48171229044596,-0.0024575757758467,22.503525243447463,22.650615692138672,0.9774568466733796,0.0658829235130824,0.0029757418847936,22.100000381469727,22.100000381469727,22.100000381469727,-0.0018066399856095,iShares U.S. Treasury Bond ETF,Z,True,False,False,False,False,False,False,False,False,,False,,,43729891328.0,Bond,unknown,70.0,True,,False,True,102.0,True,True,False,459.0,,0,0,False,Bond,Bond,Bond,Bond,Bond
2026-09-14,VGIT,57.28419876098633,57.43989944458008,57.21419906616211,57.27999877929688,5437442.0,251,311456671.1224976,402256950.23050994,232448331.8255189,-0.0162001007936385,-0.0163105678229511,-0.0200071008265153,0.0,0.0,0.0,-0.0,-0.0,-0.0,-0.0,-0.0,58.06586372375488,58.31830574035644,-0.0021364662299332,58.39261903590168,58.839138387632254,0.973501658061956,0.1532023342892678,0.0026746218148426,57.21419906616211,57.21419906616211,57.21419906616211,-0.0011487380331186,Vanguard Intermediate-Term Treasury ETF,Q,True,False,False,False,False,False,False,False,False,,False,,,50384760832.0,Bond,unknown,57.0,True,,False,True,97.0,True,True,False,460.0,,0,0,False,Bond,Bond,Bond,Bond,Bond
2026-09-14,IGIB,51.20000076293945,51.34000015258789,51.125,51.18999862670898,2499972.0,251,127973563.24681091,131051951.68298188,135775827.6814459,-0.0162901514811084,-0.022525226199205,-0.0108376884659546,0.0,0.0,0.0,-0.0,-0.0,-0.0,-0.0,-0.0,51.98123321533203,52.19536415100097,-0.0033104424176423,52.26672686345583,52.71527862548828,0.971065694072955,0.1742692547479336,0.0034043613874411,51.125,51.125,51.125,-0.0012697524604946,iShares 5-10 Year Investment Grade Corporate Bond ETF,Q,True,False,False,False,False,False,False,False,False,,False,,,18526003200.0,Bond,unknown,141.0,True,,False,True,148.0,True,True,False,461.0,,0,0,False,Bond,Bond,Bond,Bond,Bond
2026-09-14,IBDV,21.290000915527344,21.34000015258789,21.28499984741211,21.299999237060547,1044086.0,251,22239031.0034256,14510090.94681015,14685285.048406811,-0.0114562132549249,-0.0094853992828807,-0.0023471433292235,0.0,0.0,0.0,-0.0,-0.0,-0.0,-0.0,-0.0,21.489905815124512,21.4918279393514,-0.0010831575039634,21.604622367508004,21.89180722961707,0.9729666908561174,0.0620392042158066,0.0029126387999048,21.28499984741211,21.28499984741211,21.28499984741211,-0.0007041967223332,iShares iBonds Dec 2030 Term Corporate ETF,P,True,False,False,False,False,False,False,False,False,,False,,,3198090240.0,Bond,unknown,483.0,True,,False,True,426.0,True,True,False,462.0,,0,0,False,Bond,Bond,Bond,Bond,Bond
2026-09-14,IDEF,31.40999984741211,31.81999969482422,31.31999969482422,31.61000061035156,317815.0,251,10046132.343978882,14021577.513957975,17797268.642082214,-0.1133240040002422,-0.0197233084450133,-0.0857053704729634,0.0,0.0,0.0,-0.0,-0.0,-0.0,-0.0,-0.0,32.927340049743655,33.42607064565023,0.0020102636572381,35.92499923706055,35.92499923706055,0.8798886925999544,0.493699836730957,0.0156184696994052,31.31999969482422,31.31999969482422,31.31999969482422,-0.0091743407126786,iShares Defense Industrials and Tech Active ETF,Q,True,False,False,False,False,False,False,False,False,,False,,,4074098176.0,Industry / Theme,unknown,418.0,True,,False,True,410.0,True,True,False,463.0,,0,0,False,Industry / Theme,Industry / Theme,Industry / Theme,Industry / Theme,Industry / Theme
2026-09-14,IEF,90.94000244140624,91.25,90.75440216064452,90.93000030517578,8882616.0,251,807696275.5907593,622308001.4742782,629038375.7901064,-0.0191671133959363,-0.0245051963630696,-0.0292621216426893,0.0,0.0,0.0,-0.0,-0.0,-0.0,-0.0,-0.0,92.5780613708496,93.31560063680011,-0.0037316034148883,93.205138579535,94.43543702059144,0.96288007101983,0.3564996311295146,0.0039205941925991,90.75440216064452,90.75440216064452,90.75440216064452,-0.0019311354222139,iShares 7-10 Year Treasury Bond ETF,Q,True,False,False,False,False,False,False,False,False,,False,,,47093366784.0,Bond,unknown,63.0,True,,False,True,45.0,True,True,False,464.0,,0,0,False,Bond,Bond,Bond,Bond,Bond
2026-09-14,IEI,114.47000122070312,114.73500061035156,114.32759857177734,114.4499969482422,2213415.0,251,253325339.99519348,157950984.0086937,149765301.5076713,-0.0152098618252096,-0.0141744553302348,-0.0179295472719756,0.0,0.0,0.0,-0.0,-0.0,-0.0,-0.0,-0.0,115.88653121948242,116.3025378926595,-0.0016994798744386,116.49676371121832,117.25953119785864,0.9760400351176932,0.26539557509834,0.002318877956968,114.32759857177734,114.32759857177734,114.32759857177734,-0.0010694484904197,iShares 3-7 Year Treasury Bond ETF,Q,True,False,False,False,False,False,False,False,False,,False,,,18260961280.0,Bond,unknown,143.0,True,,False,True,135.0,True,True,False,465.0,,0,0,False,Bond,Bond,Bond,Bond,Bond
2026-09-14,IGF,63.625,63.77999877929688,63.31499862670898,63.38999938964844,675185.0,251,42799976.73789978,44010046.269031525,53231872.09029304,-0.0383798369170579,-0.0448423188455779,-0.0333516301076329,0.0,0.0,0.0,-0.0,-0.0,-0.0,-0.0,-0.0,66.06059997558594,66.29255844116211,-0.0062428921311339,66.4000015258789,68.58477854848046,0.9242575500165828,0.5917501449584961,0.0093350709994663,63.31499862670898,63.31499862670898,63.31499862670898,-0.0011831639637418,iShares Global Infrastructure ETF,Q,True,False,False,False,False,False,False,False,False,,False,,,10779330560.0,REIT / Infra,unknown,228.0,True,,False,True,272.0,True,True,False,466.0,,0,0,False,REIT / Infra,REIT / Infra,REIT / Infra,REIT / Infra,REIT / Infra
2026-09-14,DRAM,54.630001068115234,55.720001220703125,54.28499984741211,54.79999923706055,41394137.0,113,2268398676.01878,1924846068.5665069,3431893826.8284063,-0.0439637207114503,-0.1570528005486685,,0.0,0.0,,-0.0,-0.0,,,-0.0,56.01020011901856,,-0.0471700999056641,62.59000015258789,,,2.721750450134277,0.0496669797085251,54.28499984741211,53.130001068115234,53.130001068115234,-0.0304744195656103,Roundhill Memory ETF,Z,True,False,False,False,False,False,False,False,False,,False,,,25910761472.0,Other,unknown,108.0,True,,False,True,10.0,False,False,False,,,0,0,False,Other,Other,Other,Other,Other
2026-09-14,FREI,24.530000686645508,24.57999992370605,24.479999542236328,24.540000915527344,12188.0,60,299093.53115844727,256923.479782486,,-0.0164328591132197,,,0.0,,,-0.0,,,,,24.88576736450195,,-0.0011055104404049,25.030000686645508,,,0.0795001983642578,0.0032396167643969,24.479999542236328,24.479999542236328,24.479999542236328,-0.0024450436451716,Fidelity Real Estate Income ETF,Q,True,False,False,False,False,False,False,False,False,,False,,,4103114240.0,Bond,unknown,417.0,True,,False,True,,False,False,False,,,0,0,False,Bond,Bond,Bond,Bond,Bond
2026-09-14,FIMU,19.440000534057617,19.530000686645508,19.39150047302246,19.39150047302246,27269.0,60,528786.8263988495,135505.37457838058,,-0.0204682934819,,,0.0,,,-0.0,,,,,19.72942684173584,,-0.0042811312483389,19.98619595251341,,,0.0918729437644875,0.0047377944730115,19.36000061035156,19.36000061035156,19.36000061035156,-0.001624415950417,Fidelity Intermediate Municipal Income ETF,Q,True,False,False,False,False,False,False,False,False,,False,,,13629500416.0,Bond,unknown,189.0,True,,False,True,,False,False,False,,,0,0,False,Bond,Bond,Bond,Bond,Bond
2026-09-14,DLCU,49.18999862670898,49.32310104370117,49.18999862670898,49.32310104370117,885.0,28,43650.94442367554,84199.84641551971,,-0.0196163844693071,,,0.0,,,-0.0,,,,,,,,50.27999877929688,,,0.2790002822875976,0.0056565843668344,49.119998931884766,49.119998931884766,49.119998931884766,-0.0041177887748066,U.S. Large Company Portfolio: ETF Class Shares,Q,True,False,False,False,False,False,False,False,False,,False,,,14329477120.0,Other,unknown,178.0,True,,False,True,,False,False,False,,,0,0,False,Other,Other,Other,Other,Other
