date,symbol,open,high,low,close,volume,history_days,dollar_volume,avg_dollar_vol_20,avg_dollar_vol_63,r20,r63,r126,er20,er63,er126,te20,te63,te126,score,surge_ratio,ma50,ma150,ma50_slope_10,hhv20,hhv126,hhv126_ratio,atr20,atr20_pct,low10,low20,suggested_stop,stop_distance_pct,name,exchange,is_etf,is_test_issue,exclude_leveraged,exclude_inverse,exclude_volatility,exclude_single_stock,exclude_option_income,exclude_buffer,exclude_by_name,exclude_reason,exclude_income_oriented,income_exclusion_reason_category,income_exclusion_matched_keyword,aum,asset_group,category,aum_rank,aum_eligible,manual_action,excluded_product_type,base_universe_eligible,dollar_vol_rank,liquidity_eligible,eligible_universe,signal_surge_v0,rank_score,signal_streak_start_date,signal_streak_trading_days,signal_streak_calendar_days,is_first_signal_today,group,Group,assetGroup,AssetGroup,Asset Group
2026-10-08,XLE,64.51000213623047,65.47000122070312,64.30999755859375,65.23999786376953,51304400.0,250,3347098946.401977,2250355706.147003,1866298968.6324408,0.0107467692613558,0.1914993436477912,0.1529927881463291,0.0516811434879315,0.2581964479788686,0.10185012850128,0.0005554053242278,0.0494444503201444,0.0155823351324727,0.0375927100044593,1.2698905709132915,62.2811417388916,58.57911669413249,0.0156653319104345,65.7293079023139,65.77900411302032,0.9918058010071924,1.319006774121433,0.0202177623744824,60.95000076293945,60.95000076293945,60.95000076293945,-0.0657571618838523,State Street Energy Select Sector SPDR ETF,P,True,False,False,False,False,False,False,False,False,,False,,,35721338880.0,Sector,unknown,84.0,True,,False,True,17.0,True,True,True,10.0,,0,0,False,Sector,Sector,Sector,Sector,Sector
2026-10-08,EWZ,42.34000015258789,43.119998931884766,42.18999862670898,42.59000015258789,44128600.0,250,1879437080.73349,1521338147.3394203,1030478006.871596,0.1045124127533951,0.185360417223618,0.0605686218836505,0.3268449457279728,0.2256097474300868,0.0435998462819795,0.0341593538742829,0.0418191169133559,0.0026407826036385,0.0281066999049548,1.9860614399810483,36.89739990234375,36.708774439493816,0.0195919139136024,43.900001525878906,43.900001525878906,0.9701594230579064,1.046500015258789,0.0245714959264962,35.970001220703125,35.970001220703125,35.970001220703125,-0.155435522614867,iShares MSCI Brazil ETF,P,True,False,False,False,False,False,False,False,False,,False,,,9067350016.0,Country / Region,unknown,266.0,True,,False,True,30.0,True,True,True,19.0,,0,0,False,Country / Region,Country / Region,Country / Region,Country / Region,Country / Region
2026-10-08,CIBR,106.44000244140624,107.70999908447266,105.5,106.1999969482422,1782000.0,250,189248394.5617676,199381053.10699463,161020342.49302697,0.1278999178698272,0.1558887703831448,0.6850727594503576,0.4296893204729228,0.1523609932716963,0.2390831736341476,0.0549572287980287,0.0237513678954793,0.1637893694996945,0.0727646684569546,0.8505610658669424,98.83091033935548,84.49100964864095,0.0299844172494818,109.06999969482422,109.06999969482422,0.9736865980140073,2.544859483967271,0.0239628960178552,99.1500015258789,93.7572969080859,93.7572969080859,-0.1171629039332305,First Trust NASDAQ Cybersecurity ETF,Q,True,False,False,False,False,False,False,False,False,,False,,,13836617728.0,Industry / Theme,unknown,181.0,True,,False,True,136.0,True,True,False,1.0,,0,0,False,Industry / Theme,Industry / Theme,Industry / Theme,Industry / Theme,Industry / Theme
2026-10-08,ETHA,57.27000045776367,57.39500045776367,54.38999938964844,55.70000076293945,28888500.0,250,1609089472.0401764,835857591.9041843,669386015.3536881,0.0003592036216604,0.3722591907748045,0.1071357432422954,0.0008077732343422,0.225219900930436,0.0395190264446178,2.9015507125607305e-07,0.0838401780667457,0.004233900270356,0.0559779808380093,0.4623556256533871,53.30160011291504,48.29690012613932,0.0685495013616781,62.8650016784668,62.8650016784668,0.8860255989147364,2.269149780273437,0.0407387746713145,54.38999938964844,53.25,53.25,-0.043985650437721,iShares Ethereum Trust ETF,Q,True,False,False,False,False,False,False,False,False,,False,,,4276033536.0,Crypto,unknown,410.0,True,,False,True,46.0,True,True,False,2.0,,0,0,False,Crypto,Crypto,Crypto,Crypto,Crypto
2026-10-08,HGER,35.880001068115234,36.20000076293945,35.82500076293945,36.20000076293945,1955000.0,250,70771001.49154663,54276856.93069458,46872274.17235602,-0.00713105672139,0.1841675212403892,0.1692507052138387,0.0,0.3226360797251845,0.1552133275766354,-0.0,0.0594190870657038,0.0262699651509321,0.0478168943955337,0.9390516513381194,34.785599899291995,32.407466634114584,0.019346293570611,36.47999954223633,36.47999954223633,0.992324594769452,0.4399503707885742,0.0121533249037658,34.854000091552734,34.854000091552734,34.854000091552734,-0.0371823382049405,Harbor Commodity All-Weather Strategy ETF,N,True,False,False,False,False,False,False,False,False,,False,,,3212702208.0,Commodity,unknown,484.0,True,,False,True,298.0,True,True,False,3.0,,0,0,False,Commodity,Commodity,Commodity,Commodity,Commodity
2026-10-08,VFLO,52.34000015258789,52.90999984741211,52.18999862670898,52.900001525878906,2323300.0,250,122902573.54507446,129678967.06127168,111197714.37652224,-0.0105056486957827,0.1212541561642377,0.3255667614045059,0.0,0.2289165160038418,0.2591126612941448,-0.0,0.027757078980103,0.0843584699764374,0.04756756582882,0.7411799839117973,52.9598208618164,46.57370819091797,0.0137999317596231,54.6195215024107,56.22594123497648,0.9408468824879608,0.6172311468262933,0.0116678852367204,50.56198456335876,50.56198456335876,50.56198456335876,-0.0441969167312098,VictoryShares Free Cash Flow ETF,Q,True,False,False,False,False,False,False,False,False,,False,,,7757980672.0,Factor / Style,unknown,292.0,True,,False,True,168.0,True,True,False,4.0,,0,0,False,Factor / Style,Factor / Style,Factor / Style,Factor / Style,Factor / Style
2026-10-08,IGV,109.6999969482422,110.83000183105467,108.83000183105467,109.58999633789062,8925100.0,250,978101676.3153076,814959854.5583344,1093774292.6284428,0.0829051348088421,0.1859105291089335,0.430200204610456,0.3456941867607552,0.1792195893148381,0.166291385414199,0.0286598231560334,0.0333188086762073,0.0715385880301446,0.0466957314500854,1.0885540794196842,104.5295999145508,93.87665893554689,0.0335486859792411,112.33999633789062,112.33999633789062,0.9755207398108802,2.3260005950927733,0.0212245704244864,103.56999969482422,101.12999725341795,101.12999725341795,-0.0771968187533155,iShares Expanded Tech-Software Sector ETF,Z,True,False,False,False,False,False,False,False,False,,False,,,13542322176.0,Industry / Theme,unknown,192.0,True,,False,True,28.0,True,True,False,5.0,,0,0,False,Industry / Theme,Industry / Theme,Industry / Theme,Industry / Theme,Industry / Theme
2026-10-08,BTC,36.380001068115234,36.57500076293945,35.5,36.119998931884766,2025100.0,250,73146609.83695984,69899747.52967834,58813666.917831175,0.0601702158914891,0.2776794604531136,0.1315789112015084,0.1796668943449202,0.2264204795207323,0.0588894915394572,0.0108105958212872,0.0628723165888522,0.0077486151779722,0.0435790210950442,0.734207962270779,33.46500011444092,31.75726673126221,0.0536706132475857,38.54999923706055,38.54999923706055,0.936964971380864,1.0968999862670898,0.0303682175720887,35.5,33.11000061035156,33.11000061035156,-0.0833332893284263,Grayscale Bitcoin Mini Trust (BTC),P,True,False,False,False,False,False,False,False,False,,False,,,3187986688.0,Crypto,unknown,489.0,True,,False,True,263.0,True,True,False,6.0,,0,0,False,Crypto,Crypto,Crypto,Crypto,Crypto
2026-10-08,FBTC,71.58999633789062,71.95500183105469,69.83000183105469,71.08000183105469,3502000.0,250,248922166.41235352,264814614.99645236,240447107.2707464,0.0599463826247301,0.2780724568165513,0.1313066967940515,0.1794644030988953,0.2257170130832182,0.0586771051555883,0.0107582417756851,0.0627656843733441,0.0077046968554175,0.0434943387420698,0.7381127209010684,65.84540023803712,62.49730016072591,0.0535264025225508,75.87000274658203,75.87000274658203,0.936865681532572,2.1676502227783203,0.0304959224386412,69.83000183105469,65.13999938964844,65.13999938964844,-0.0835678431118311,Fidelity Wise Origin Bitcoin Fund,Z,True,False,False,False,False,False,False,False,False,,False,,,10223253504.0,Crypto,unknown,244.0,True,,False,True,99.0,True,True,False,7.0,,0,0,False,Crypto,Crypto,Crypto,Crypto,Crypto
2026-10-08,IBIT,46.56999969482422,46.84000015258789,45.43999862670898,46.2599983215332,56422400.0,250,2610100129.296875,2154109350.685368,1973847568.326072,0.0590658882402002,0.2768423656093086,0.1307748348588548,0.1762293341296251,0.2247366722372808,0.0581584754282753,0.0104091421543453,0.0622166319813326,0.0076056650197754,0.0431027935447876,0.7313542674518996,42.87020004272461,40.68553332010905,0.0536325228803598,49.38999938964844,49.38999938964844,0.9366268251306914,1.4323505401611327,0.0309630478195326,45.43999862670898,42.369998931884766,42.369998931884766,-0.0840899163595021,iShares Bitcoin Trust ETF,Q,True,False,False,False,False,False,False,False,False,,False,,,43234205696.0,Crypto,unknown,71.0,True,,False,True,15.0,True,True,False,8.0,,0,0,False,Crypto,Crypto,Crypto,Crypto,Crypto
2026-10-08,GBTC,63.54999923706055,63.900001525878906,62.060001373291016,63.11000061035156,1511900.0,250,95416009.92279053,110124366.06937408,105322524.99511962,0.0580050125056836,0.273405949588269,0.1247549442854325,0.1733466554697524,0.223929922540398,0.0560179261466544,0.0100549749183414,0.061223773113385,0.0069885132554113,0.0422414321630942,0.7296086192142754,58.5357999420166,55.69679995218912,0.0530900560530622,67.38999938964844,67.38999938964844,0.9364891108760818,1.922999954223633,0.0304706058568507,62.060001373291016,57.900001525878906,57.900001525878906,-0.0825542550164084,Grayscale Bitcoin Trust (BTC),P,True,False,False,False,False,False,False,False,False,,False,,,8134695424.0,Crypto,unknown,281.0,True,,False,True,177.0,True,True,False,9.0,,0,0,False,Crypto,Crypto,Crypto,Crypto,Crypto
2026-10-08,PDBC,19.6200008392334,19.780000686645508,19.489999771118164,19.649999618530277,6100300.0,250,119870892.67292024,117470846.76158904,123544857.5690557,-0.019950106421496,0.1952554124206214,0.147780295284738,0.0,0.249805628361427,0.1020572674124487,-0.0,0.0487759009907029,0.0150820531141651,0.0369830542339146,0.9505066945975994,18.770399856567384,17.81646661758423,0.0206629568633061,20.15999984741211,20.15999984741211,0.9747023694076414,0.3213497161865234,0.0163536754414735,19.065000534057617,19.065000534057617,19.065000534057617,-0.0297709463526397,Invesco Optimum Yield Diversified Commodity Strategy No K-1 ETF,Q,True,False,False,False,False,False,False,False,False,,False,,,5328577024.0,Commodity,unknown,369.0,True,,False,True,157.0,True,True,False,11.0,,0,0,False,Commodity,Commodity,Commodity,Commodity,Commodity
2026-10-08,VDE,180.00999450683594,183.1999969482422,180.00999450683594,182.6000061035156,1023400.0,250,186872846.2463379,108947894.22065736,87785093.9796811,0.0041461848168677,0.1814054479683502,0.1364988742208153,0.0198815124305724,0.2452421538045953,0.0917950462999509,8.243242497600771e-05,0.0444882627716456,0.0125299204789909,0.0333028429692165,1.2484248580022448,175.21869232177735,165.44692576090495,0.0141074436151802,184.88757048227947,185.10624540646296,0.9864605362318054,3.58778159392014,0.0196483103723788,170.75999450683594,170.75999450683594,170.75999450683594,-0.0648412442547652,Vanguard Energy ETF,P,True,False,False,False,False,False,False,False,False,,False,,,11076583424.0,Other,unknown,226.0,True,,False,True,203.0,True,True,False,12.0,,0,0,False,Other,Other,Other,Other,Other
2026-10-08,RSPT,68.08000183105469,68.66999816894531,67.29000091552734,67.91999816894531,545100.0,250,37023191.00189209,43191392.85282135,37992299.59912376,0.0755721355557175,0.0819081077937728,0.4166746962950538,0.3679160744309758,0.1171700424252681,0.1846754562002513,0.0278042034500251,0.0095971764651698,0.0769495896253902,0.0331705210712469,1.577472745005683,64.87148300170898,58.91817019144694,0.024557227491023,69.44999694824219,69.44999694824219,0.9779697790276778,1.0884652667273262,0.0160256963496945,64.80999755859375,62.93789108595189,62.93789108595189,-0.0733525797601002,Invesco S&P 500 Equal Weight Technology ETF,P,True,False,False,False,False,False,False,False,False,,False,,,5687853056.0,Sector,unknown,361.0,True,,False,True,323.0,True,True,False,13.0,,0,0,False,Sector,Sector,Sector,Sector,Sector
2026-10-08,IYW,269.9100036621094,271.5599975585937,265.8900146484375,267.5799865722656,1890700.0,250,505913480.6121826,167390363.13323975,139073905.8241829,0.0692030389397306,0.0701863689499204,0.3825187335661482,0.4075020850693952,0.1085223296164879,0.1919330444174025,0.0282003826610788,0.0076167882657677,0.0734179850800401,0.030647207150763,0.9687146889520176,254.9365789794922,234.52091440836588,0.0240510379621983,274.44000244140625,274.44000244140625,0.975003586182356,3.9019029656566047,0.0145821928449899,261.57000732421875,247.8616301407104,247.8616301407104,-0.0736914471225966,iShares U.S. Technology ETF,P,True,False,False,False,False,False,False,False,False,,False,,,25393864704.0,Sector,unknown,109.0,True,,False,True,149.0,True,True,False,14.0,,0,0,False,Sector,Sector,Sector,Sector,Sector
2026-10-08,EWT,114.2699966430664,115.0,112.73999786376952,113.33999633789062,8471600.0,250,960171112.9760742,496712227.59788513,505179662.5772628,0.0405802262509173,0.0673320814775346,0.483313583376967,0.1359998798077487,0.0685850733475719,0.1633130805042869,0.005518905892696,0.0046179757467814,0.078931430150858,0.0306276847882082,0.7178039245498642,108.5016000366211,96.77399993896483,0.0334410865969942,118.47000122070312,118.47000122070312,0.9566978574326545,2.3015003204345703,0.0203061619445734,111.75,106.19000244140624,106.19000244140624,-0.0630844726266685,iShares MSCI Taiwan ETF,P,True,False,False,False,False,False,False,False,False,,False,,,11151458304.0,Country / Region,unknown,222.0,True,,False,True,56.0,True,True,False,15.0,,0,0,False,Country / Region,Country / Region,Country / Region,Country / Region,Country / Region
2026-10-08,VGT,128.4199981689453,129.3000030517578,126.45999908447266,127.25,5138300.0,250,653848675.0,544382610.664177,486055826.6838074,0.0649348045630964,0.0789138535883082,0.3786372505138198,0.3495128314133096,0.1159035739361181,0.183598334932592,0.0226955474001177,0.0091463976639564,0.069517168737792,0.0302761675397989,1.0449928525776302,121.52638870239258,111.60888763427734,0.0240452013243896,130.66000366210938,130.66000366210938,0.9739017023837856,1.943486182459845,0.015272975893594,124.08000183105467,117.74291704649464,117.74291704649464,-0.0747118503222423,Vanguard Information Tech ETF,P,True,False,False,False,False,False,False,False,False,,False,,,169247817728.0,Other,unknown,14.0,True,,False,True,58.0,True,True,False,16.0,,0,0,False,Other,Other,Other,Other,Other
2026-10-08,FTEC,306.6199951171875,308.57000732421875,301.8999938964844,303.760009765625,306200.0,250,93011314.99023438,77155551.72515869,75423734.56445119,0.0652519825768682,0.0781300282086057,0.3794781447907611,0.3466629368339178,0.1142906442428614,0.1832709962597755,0.0226204439143327,0.0089295312586744,0.0695473376546141,0.0301457634972533,1.0411967574715424,290.06599609375,266.4520551554362,0.0240203538416392,311.8299865722656,311.8299865722656,0.9741205876466584,4.605934106187459,0.0151630693906722,296.2099914550781,281.05788536255994,281.05788536255994,-0.0747370413260835,Fidelity MSCI Information Technology Index ETF,P,True,False,False,False,False,False,False,False,False,,False,,,20956467200.0,Country / Region,unknown,130.0,True,,False,True,227.0,True,True,False,17.0,,0,0,False,Country / Region,Country / Region,Country / Region,Country / Region,Country / Region
2026-10-08,ARTY,79.75,80.19999694824219,77.63999938964844,78.33999633789062,460100.0,250,36044232.31506348,34347225.07823944,34092199.52455551,0.0521084783927572,0.0805516736260776,0.5333724036781478,0.1733689780871353,0.0707878474912419,0.1389051218303511,0.0090339936486278,0.005702079587807,0.0740881587138603,0.0296372072819257,1.1301690822585688,75.28640029907227,67.43910532633464,0.0361521383726011,81.97000122070312,81.97000122070312,0.9557154467640088,1.7204498291015624,0.0219613212857585,76.69999694824219,71.81700134277344,71.81700134277344,-0.0832651940265948,iShares Future AI & Tech ETF,P,True,False,False,False,False,False,False,False,False,,False,,,3930527488.0,Other,unknown,436.0,True,,False,True,345.0,True,True,False,18.0,,0,0,False,Other,Other,Other,Other,Other
2026-10-08,XLK,199.75,201.25999450683597,196.47999572753903,197.77999877929688,9130400.0,250,1805810500.854492,1453809903.1274414,1384128297.8459437,0.069057355195861,0.065834909809864,0.3954171116932476,0.3576004308557278,0.0900858974676337,0.1720548169286201,0.0246949399717969,0.0059307969349223,0.0680334187628254,0.0276667145746884,1.0978651588668829,188.43196563720704,173.4570789082845,0.0246501860436629,203.25,203.25,0.9730873248673892,3.1398136874148563,0.0158752841884612,192.67999267578125,181.86776818827497,181.86776818827497,-0.0804541950107826,State Street Technology Select Sector SPDR ETF,P,True,False,False,False,False,False,False,False,False,,False,,,123912577024.0,Sector,unknown,23.0,True,,False,True,22.0,True,True,False,20.0,,0,0,False,Sector,Sector,Sector,Sector,Sector
2026-10-08,QTEC,332.989990234375,334.3800048828125,326.0799865722656,329.2099914550781,268700.0,250,88458724.70397949,93377119.74517822,68866302.39315942,0.075884839248884,0.0254484883276255,0.4490106244362235,0.3458446039463774,0.0323422801311116,0.165377486417987,0.0262443621755648,0.0008230621384053,0.0742562484442334,0.0265246773454452,0.4602979322790649,317.93940002441406,291.8520568847656,0.0216233392270963,342.510009765625,342.510009765625,0.9611689646102668,5.675498962402344,0.0172397530746778,321.6400146484375,301.2200012207031,301.2200012207031,-0.085021691202815,First Trust NASDAQ-100-Technology Sector Index Fund,Q,True,False,False,False,False,False,False,False,False,,False,,,4991772672.0,Sector,unknown,379.0,True,,False,True,241.0,True,True,False,21.0,,0,0,False,Sector,Sector,Sector,Sector,Sector
2026-10-08,IXN,150.9600067138672,151.85000610351562,148.1300048828125,149.10000610351562,286700.0,250,42746971.74987793,43128666.80786133,53448817.52525208,0.058497837977139,0.059475667093612,0.3922627640712119,0.2651224262455084,0.0758771484510624,0.159286348907764,0.0155090887346157,0.0045128440212879,0.062482103501371,0.024802084839317,0.9270439814338178,142.78080139160156,131.23967834472657,0.02478181510429,154.0399932861328,154.0399932861328,0.9679304894967046,2.479998779296875,0.0166331232580573,145.9499969482422,137.8000030517578,137.8000030517578,-0.0757880790689744,iShares Global Tech ETF,P,True,False,False,False,False,False,False,False,False,,False,,,9455798272.0,Global Equity,unknown,256.0,True,,False,True,278.0,True,True,False,22.0,,0,0,False,Global Equity,Global Equity,Global Equity,Global Equity,Global Equity
2026-10-08,IGM,172.44000244140625,173.60000610351562,169.77000427246094,170.86000061035156,329900.0,250,56366714.20135498,57883621.684417725,50504770.252191454,0.0664748040554588,0.0576314983643637,0.3445483888746732,0.3636177032017138,0.0857432097925751,0.1679397551493596,0.0241714155714299,0.004941509654916,0.0578633720647189,0.023464161498347,0.9271358711744236,163.4189779663086,151.73701573689775,0.0224802705601183,175.16000366210938,175.16000366210938,0.975450999304312,2.596396953939275,0.0151960490733017,166.27000427246094,158.47061192332515,158.47061192332515,-0.0725119316561432,iShares Expanded Tech Sector ETF,P,True,False,False,False,False,False,False,False,False,,False,,,10708001792.0,Sector,unknown,232.0,True,,False,True,291.0,True,True,False,23.0,,0,0,False,Sector,Sector,Sector,Sector,Sector
2026-10-08,VLUE,200.3000030517578,200.7899932861328,199.0800018310547,200.1199951171875,467900.0,250,93636145.71533205,123045995.25184631,122175683.82909866,0.0009111566897208,0.029191058990448,0.32030358277201,0.0067783272934551,0.0576975216917889,0.1866250084904362,6.176118258549185e-06,0.0016842517593076,0.0597766588543435,0.0220165942425702,1.2913662897265872,199.58409912109371,182.77400817871091,0.0082505047984426,203.2899932861328,205.59089580017687,0.9733893825322558,2.5855369336442093,0.0129199330238347,195.7899932861328,195.33999633789065,195.33999633789065,-0.0238856630817814,iShares MSCI USA Value Factor ETF,Z,True,False,False,False,False,False,False,False,False,,False,,,10583302144.0,Country / Region,unknown,236.0,True,,False,True,158.0,True,True,False,24.0,,0,0,False,Country / Region,Country / Region,Country / Region,Country / Region,Country / Region
2026-10-08,DRAM,58.84999847412109,59.11000061035156,56.459999084472656,56.93000030517578,34706300.0,131,1975829669.5915225,1601011818.2071877,2621960330.471814,-0.0278347170404724,-0.0969225971068571,0.7581840156649984,0.0,0.0,0.0811114425408095,-0.0,-0.0,0.0614973992219717,0.0215240897276901,-0.0,57.185,,0.0265353586734264,63.81999969482422,81.33999633789062,0.6999016826689488,2.2764991760253905,0.0399876895103129,56.459999084472656,54.290000915527344,54.290000915527344,-0.0463727274810574,Roundhill Memory ETF,Z,True,False,False,False,False,False,False,False,False,,False,,,25910761472.0,Other,unknown,108.0,True,,False,True,13.0,False,False,False,25.0,,0,0,False,Other,Other,Other,Other,Other
2026-10-08,JQUA,74.9800033569336,75.37000274658203,74.9800033569336,75.36000061035156,500200.0,250,37695072.30529785,44670847.809524536,38573069.18445163,0.0355465898078151,0.0422614750907743,0.1948588914479392,0.40650529319378,0.1384200658377902,0.2338278949410951,0.0144498769118649,0.0058498361644671,0.0455634443978269,0.019749599046143,1.01334816107775,74.14912628173828,69.64569552103679,0.0083410230835683,75.68900299072266,75.68900299072266,0.9956532340581706,0.5735065206711163,0.0076102244695621,73.54000091552734,72.65346543105643,72.65346543105643,-0.035914744657305,JPMorgan U.S. Quality Factor ETF,P,True,False,False,False,False,False,False,False,False,,False,,,8162030080.0,Factor / Style,unknown,280.0,True,,False,True,318.0,True,True,False,26.0,,0,0,False,Factor / Style,Factor / Style,Factor / Style,Factor / Style,Factor / Style
2026-10-08,SOXX,573.2999877929688,579.25,555.8099975585938,563.280029296875,10355100.0,250,5832821031.37207,3644057999.091797,4292649654.866052,0.0893228237752588,-0.0304326795995819,0.4893589552000346,0.2358347268977355,0.0,0.1040261057564996,0.0210654237507727,-0.0,0.0509061064265289,0.0178171372492851,-0.0,536.0494940185547,501.160737101237,0.0200823871039983,596.4400024414062,655.521419501022,0.8592854673240724,16.239016473727766,0.0288293843721007,551.9500122070312,494.8264822689738,494.8264822689738,-0.12152667140241,iShares PHLX SOX Semiconductor Sector Index Fund,Q,True,False,False,False,False,False,False,False,False,,False,,,47824830464.0,Industry / Theme,unknown,60.0,True,,False,True,7.0,True,True,False,27.0,,0,0,False,Industry / Theme,Industry / Theme,Industry / Theme,Industry / Theme,Industry / Theme
2026-10-08,SCHG,36.72999954223633,36.810001373291016,36.27000045776367,36.41999816894531,8571100.0,250,312159446.3058472,305822455.09853363,259447447.12335497,0.0458157059604682,0.0521539641066044,0.1985127184565593,0.3560687903793584,0.1151373275270826,0.1796842624960727,0.0163135430017202,0.0060048680471778,0.0356696114119574,0.0163875282248506,0.5834628130662414,35.56800971984863,33.63588335673014,0.0142435625209795,37.09999847412109,37.09999847412109,0.9816711500500436,0.4248205903234236,0.0116644868666045,35.7400016784668,34.70461302896836,34.70461302896836,-0.0471000885837394,Schwab U.S. Large-Cap Growth ETF,P,True,False,False,False,False,False,False,False,False,,False,,,59069509632.0,Factor / Style,unknown,49.0,True,,False,True,94.0,True,True,False,28.0,,0,0,False,Factor / Style,Factor / Style,Factor / Style,Factor / Style,Factor / Style
2026-10-08,AIQ,66.27999877929688,66.44999694824219,65.06999969482422,65.5999984741211,992400.0,250,65101438.48571777,72110811.84604645,83981017.50460428,0.0399492163905708,0.0340479176256274,0.3292806586107883,0.2107016733604486,0.0448877499063172,0.1316322104869449,0.0084173667429319,0.00152833441121,0.0433439409635351,0.0161637967045238,0.904746819109613,63.957600326538085,59.84666684468587,0.0229811530509036,67.41000366210938,70.26000213623047,0.933674871613669,1.0300508499145509,0.0157019950285654,64.2699966430664,62.47499847412109,62.47499847412109,-0.047637196230009,Global X Artificial Intelligence & Technology ETF,Q,True,False,False,False,False,False,False,False,False,,False,,,10413852672.0,Industry / Theme,unknown,240.0,True,,False,True,209.0,True,True,False,29.0,,0,0,False,Industry / Theme,Industry / Theme,Industry / Theme,Industry / Theme,Industry / Theme
2026-10-08,MGK,94.5,94.87999725341795,93.3000030517578,93.7300033569336,1362100.0,250,127669637.57247923,128969412.2323227,114748068.21597873,0.052082245030574,0.0524366261661684,0.2147944445312402,0.3682545699170515,0.1042179613456409,0.1671296194067613,0.0191795247440485,0.0054648382788815,0.0358985137651928,0.0161166246990905,0.6578306977820986,90.64400024414064,86.07513987223307,0.0172968762073875,95.52999877929688,95.52999877929688,0.9811577991692242,1.180500030517578,0.0125946867410439,92.0500030517578,88.52999877929688,88.52999877929688,-0.0554785489320273,Vanguard Morningstar Mega Cap Growth ETF,P,True,False,False,False,False,False,False,False,False,,False,,,33301635072.0,Factor / Style,unknown,89.0,True,,False,True,163.0,True,True,False,30.0,,0,0,False,Factor / Style,Factor / Style,Factor / Style,Factor / Style,Factor / Style
2026-10-08,CALF,53.709999084472656,54.775001525878906,53.709999084472656,54.75,405200.0,250,22184700.0,29532671.57924652,30480999.212658595,-0.014223998964798,0.061497693826312,0.2002134436197844,0.0,0.1092300002430243,0.167532121931543,-0.0,0.0067173931115935,0.0335421830488438,0.0161060695896311,0.4363737088336632,55.77110557556152,50.756991958618165,0.0036041141271452,56.959999084472656,58.34000015258789,0.9384641730682504,0.674250602722168,0.0123150795017747,53.11000061035156,53.11000061035156,53.11000061035156,-0.0299543267515696,Pacer US Small Cap Cash Cows ETF,Z,True,False,False,False,False,False,False,False,False,,False,,,3474337792.0,Factor / Style,unknown,469.0,True,,False,True,360.0,True,True,False,31.0,,0,0,False,Factor / Style,Factor / Style,Factor / Style,Factor / Style,Factor / Style
2026-10-08,SMH,615.7000122070312,623.1300048828125,600.3200073242188,607.27001953125,11203500.0,250,6803549663.818359,3817813153.9974976,4804305130.972872,0.0838687580803927,-0.0061535597030341,0.4112384629143093,0.2591978603864448,0.0,0.11117811072988,0.0217386026477061,-0.0,0.0457207153662727,0.0160022503781954,-0.0,576.9494030761718,541.6066007486979,0.0209003930616067,639.469970703125,671.8300170898438,0.9039042675731468,15.064004516601562,0.0248061060683177,591.9199829101562,537.72998046875,537.72998046875,-0.1145125509673238,VanEck Semiconductor ETF,Q,True,False,False,False,False,False,False,False,False,,False,,,77198270464.0,Industry / Theme,unknown,38.0,True,,False,True,6.0,True,True,False,32.0,,0,0,False,Industry / Theme,Industry / Theme,Industry / Theme,Industry / Theme,Industry / Theme
2026-10-08,MAGS,73.54000091552734,73.7300033569336,72.55000305175781,73.02999877929688,4413400.0,250,322310596.6125488,308675656.8489456,266532193.6192891,0.0556519002188129,0.0790484404550446,0.2027338160592218,0.3163514083654986,0.1249707726985638,0.1335864928528358,0.0176055570124376,0.0098787446842833,0.0270824994700233,0.0159000588592923,0.5432027763082466,69.60619979858399,66.40400009155273,0.021961401888656,74.125,74.125,0.9852276395183388,1.1248001098632812,0.015401891396199,71.0,69.1050033569336,69.1050033569336,-0.053744974503217,Roundhill Magnificent Seven ETF,Z,True,False,False,False,False,False,False,False,False,,False,,,3602203392.0,Other,unknown,459.0,True,,False,True,91.0,True,True,False,33.0,,0,0,False,Other,Other,Other,Other,Other
2026-10-08,FELV,41.7599983215332,42.06499862670898,41.720001220703125,42.060001373291016,316900.0,250,13328814.435195925,15736415.655403135,9938720.118295578,0.0001099363104122,0.0336673366983981,0.1631298933065721,0.0011193285506357,0.1109052266448264,0.2266669402819899,1.230548509959633e-07,0.0037338836070635,0.0369761537843281,0.0153686781691061,0.4897045023320475,42.31332977294922,39.43841171264648,0.0028414057741805,42.543694398051706,43.11174164223005,0.9756043196383232,0.3484054260349047,0.0082835333965573,41.13999938964844,41.13999938964844,41.13999938964844,-0.0218735604756018,Fidelity Enhanced Large Cap Value ETF,P,True,False,False,False,False,False,False,False,False,,False,,,3197805568.0,Factor / Style,unknown,488.0,True,,False,True,454.0,True,True,False,34.0,,0,0,False,Factor / Style,Factor / Style,Factor / Style,Factor / Style,Factor / Style
2026-10-08,USMC,78.06999969482422,78.22000122070312,77.5199966430664,77.62000274658203,57200.0,250,4439864.157104492,5651292.908973694,6199346.64332072,0.0267508226574069,0.0418708025228615,0.1581021202522783,0.2352727630993834,0.1255275265551633,0.2061471100078293,0.0062937399617897,0.0052559382755745,0.0325922951761174,0.0148236631907645,0.7333745421680439,76.26952209472657,72.41806048075358,0.0097505299746512,78.41000366210938,78.41000366210938,0.9899247432900056,0.7006734262401458,0.0090269698717705,76.125,74.85998012165217,74.85998012165217,-0.0355581361410271,Principal U.S. Mega-Cap ETF,Q,True,False,False,False,False,False,False,False,False,,False,,,3491833344.0,Other,unknown,466.0,True,,False,True,458.0,True,True,False,35.0,,0,0,False,Other,Other,Other,Other,Other
2026-10-08,FDN,294.54998779296875,296.6199951171875,293.3099975585937,294.9700012207031,107700.0,250,31768269.131469727,49036635.19821167,69375436.02076939,0.0331698816837238,0.0679193741935149,0.202584812005472,0.1732847731896185,0.1033267791247391,0.1387407484411027,0.0057478354242905,0.0070178901755838,0.0281067684404392,0.0143989975682832,0.5049077028496352,289.0917999267578,270.1901336669922,0.0176443559038441,299.0,299.0,0.986521743213054,4.313497924804688,0.0146235139402438,284.8699951171875,284.8699951171875,284.8699951171875,-0.0342407907981076,First Trust DJ Internet Index Fund,P,True,False,False,False,False,False,False,False,False,,False,,,4975951360.0,Industry / Theme,unknown,380.0,True,,False,True,239.0,True,True,False,36.0,,0,0,False,Industry / Theme,Industry / Theme,Industry / Theme,Industry / Theme,Industry / Theme
2026-10-08,DBMF,33.209999084472656,33.345001220703125,32.880001068115234,32.90999984741211,2836900.0,250,93362378.5671234,83304131.38925552,74558185.66200317,0.0310150303493703,0.0685065150200612,0.0927401629706987,0.278873085062886,0.2112110755183344,0.1465881800133117,0.0086492571968479,0.0144693347174,0.0135946117040126,0.0141631816627144,1.1148951027226517,31.722200088500976,30.957010434468582,0.0104027315145305,33.37699890136719,33.37699890136719,0.9860083569725632,0.3540998458862304,0.0107596428905506,32.400001525878906,31.729999542236328,31.729999542236328,-0.0358553725508015,iMGP DBi Managed Futures Strategy ETF,P,True,False,False,False,False,False,False,False,False,,False,,,3887484160.0,Other,unknown,440.0,True,,False,True,228.0,True,True,False,37.0,,0,0,False,Other,Other,Other,Other,Other
2026-10-08,COWZ,67.83999633789062,68.88500213623047,67.77999877929688,68.87000274658203,827100.0,250,56962379.271698,70220909.28146362,68323727.8228457,-0.0053436615916059,0.0813679801871032,0.116702032680894,0.0,0.1619882411945492,0.1349152639331836,-0.0,0.0131806560000617,0.0157448855406818,0.0140781363392788,0.7823139078494407,69.35364837646485,65.03561681111654,0.0075978549702866,70.81500244140625,72.47799682617188,0.9502194564200898,0.6916004180908203,0.0100421139902618,66.58499908447266,66.58499908447266,66.58499908447266,-0.0331785040072875,Pacer US Cash Cows 100 ETF,Z,True,False,False,False,False,False,False,False,False,,False,,,17594638336.0,Other,unknown,149.0,True,,False,True,242.0,True,True,False,38.0,,0,0,False,Other,Other,Other,Other,Other
2026-10-08,IWX,110.62000274658205,111.20999908447266,110.4499969482422,111.11000061035156,162000.0,250,17999820.098876953,58161599.061431885,46797621.34575012,-6.577697020559992e-05,0.0355964065254603,0.1576104724591769,0.0,0.1120100207691987,0.2069970766348029,-0.0,0.0039871542342256,0.0326249070460797,0.0140103677183745,0.5091381630619989,111.49502044677736,104.15384521484376,0.0042217211894468,112.49245381388184,113.54871482312345,0.9785227493189096,0.8433754710920567,0.0075904551026839,108.87000274658205,108.87000274658205,108.87000274658205,-0.0201601822650052,iShares Russell Top 200 Value ETF,P,True,False,False,False,False,False,False,False,False,,False,,,3556921344.0,Factor / Style,unknown,460.0,True,,False,True,299.0,True,True,False,39.0,,0,0,False,Factor / Style,Factor / Style,Factor / Style,Factor / Style,Factor / Style
2026-10-08,OEF,388.3599853515625,389.0,385.1499938964844,387.0,201500.0,250,77980500.0,84257783.12637329,84443337.33099075,0.0280516891790829,0.0415544481567937,0.1674797119216236,0.2535507569745638,0.1112537995374696,0.1861999477584014,0.0071125270257716,0.0046230902451261,0.0311847136103984,0.0139196584229714,0.6239332463647601,380.3332763671875,361.7756663004557,0.0108740272350897,390.6900024414063,390.6900024414063,0.9905551654295028,3.8410755945405297,0.0099252599342132,379.4299926757813,372.7799987792969,372.7799987792969,-0.0367441892007832,iShares S&P 100 Fund,P,True,False,False,False,False,False,False,False,False,,False,,,20043581440.0,Other,unknown,136.0,True,,False,True,206.0,True,True,False,40.0,,0,0,False,Other,Other,Other,Other,Other
2026-10-08,ARKK,88.1500015258789,88.41000366210938,86.59500122070312,87.5999984741211,4725300.0,250,413936272.7897644,412586025.7492447,393444492.3526582,0.0546592950755224,0.0916567446669112,0.2710388972934245,0.16042408656857,0.0750088739215325,0.098632441564279,0.0087686674849726,0.0068750692047784,0.0267332281989403,0.0138254248527351,0.5575966996894083,84.45559967041015,78.50966657002768,0.0379320910213774,94.81999969482422,94.81999969482422,0.9238557135209816,2.398649215698242,0.0273818408388083,86.59500122070312,82.04000091552734,82.04000091552734,-0.0634702928703394,ARK Innovation ETF,Z,True,False,False,False,False,False,False,False,False,,False,,,6534055424.0,Other,unknown,328.0,True,,False,True,70.0,True,True,False,41.0,,0,0,False,Other,Other,Other,Other,Other
2026-10-08,VUG,92.02999877929688,92.31999969482422,90.88999938964844,91.30999755859376,5663500.0,250,517134171.1730957,514954730.2000046,524265469.3256802,0.0480616630489771,0.0457832462297593,0.1947617371456773,0.3409364379378313,0.093178553251061,0.1586798995754698,0.0163859722012865,0.004266016646826,0.0309047728914201,0.0135895813324339,0.6358741500480324,88.74693252563476,84.59814432779947,0.0152387305988286,93.0,93.0,0.9818279307375672,1.132810111325351,0.0124062002148058,89.66999816894531,86.39347127366106,86.39347127366106,-0.0538443370538669,Vanguard Morningstar Growth ETF,P,True,False,False,False,False,False,False,False,False,,False,,,379207221248.0,Factor / Style,unknown,8.0,True,,False,True,54.0,True,True,False,42.0,,0,0,False,Factor / Style,Factor / Style,Factor / Style,Factor / Style,Factor / Style
2026-10-08,DSI,148.75,149.10000610351562,147.69000244140625,148.38999938964844,114700.0,250,17020332.929992676,13726878.12019348,15017662.934827048,0.031598576303168,0.0407667452485904,0.1803816470065598,0.2800713811577061,0.0953826229814422,0.1750284574557356,0.0088498569078454,0.0038884390922268,0.0315719214288831,0.0135776579100565,0.8563299486473532,146.2219091796875,138.5439885965983,0.0126956013221652,150.74000549316406,150.74000549316406,0.9844102028799367,1.4248165593008466,0.0096018368162365,145.80999755859375,142.5500030517578,142.5500030517578,-0.0393557272182185,iShares ESG MSCI KLD 400 ETF,P,True,False,False,False,False,False,False,False,False,,False,,,5360755200.0,Other,unknown,367.0,True,,False,True,429.0,True,True,False,43.0,,0,0,False,Other,Other,Other,Other,Other
2026-10-08,XSD,540.1699829101562,541.8900146484375,520.6900024414062,528.1799926757812,242500.0,250,128083648.22387695,69501835.61462402,52024418.86393229,0.0772766689962407,-0.062222607046209,0.4509468618878554,0.1807593851561933,0.0,0.0855200569225153,0.0139684831746791,-0.0,0.038565001297679,0.0134977504541876,-0.0,511.96124145507815,496.7432196044922,0.0162890566561468,562.1900024414062,657.6600657087755,0.803120061891776,16.21326267326596,0.0306964726004272,520.6099853515625,473.647934567014,473.647934567014,-0.1032452172838005,State Street SPDR S&P Semiconductor ETF,P,True,False,False,False,False,False,False,False,False,,False,,,3476073728.0,Industry / Theme,unknown,468.0,True,,False,True,287.0,True,True,False,44.0,,0,0,False,Industry / Theme,Industry / Theme,Industry / Theme,Industry / Theme,Industry / Theme
2026-10-08,IALT,30.09000015258789,30.1200008392334,29.82999992370605,29.90999984741211,3403100.0,207,101786720.48072816,113268738.21676254,58004749.56179725,0.0271290860374682,0.0516877385988137,0.0876174238743596,0.3891619413607941,0.2374795283706355,0.1767993278932018,0.0105576077896851,0.0122747797849909,0.0154907016527205,0.0134003524386963,0.8876616791961819,29.2861999130249,28.3435412979126,0.0087857398806878,30.31999969482422,30.31999969482422,0.9864775774558436,0.2582502365112304,0.0086342439929358,29.63999938964844,29.100000381469727,29.100000381469727,-0.0270812260138632,iShares Systematic Alternatives Active ETF,Q,True,False,False,False,False,False,False,False,False,,False,,,4825180672.0,Other,unknown,387.0,True,,False,True,266.0,True,True,False,45.0,,0,0,False,Other,Other,Other,Other,Other
2026-10-08,VOOG,87.31999969482422,87.56999969482422,86.2300033569336,86.58999633789062,1180700.0,250,102236808.67614746,107307812.43534088,101149343.1344895,0.0436426439786099,0.0406361148151261,0.2026374362297271,0.3179565991017546,0.0807156814339417,0.1588739469869364,0.0138764666552474,0.0032799716981308,0.0321938093011303,0.0133998148591806,0.6562700522131238,84.47158340454102,80.06087142944335,0.0147244100799699,88.25,88.25,0.9811897602027266,1.024968052680694,0.0118370261696405,85.08000183105469,81.99019659849027,81.99019659849027,-0.0531216068129979,Vanguard S&P 500 Growth ETF,P,True,False,False,False,False,False,False,False,False,,False,,,26322757632.0,Factor / Style,unknown,104.0,True,,False,True,183.0,True,True,False,46.0,,0,0,False,Factor / Style,Factor / Style,Factor / Style,Factor / Style,Factor / Style
2026-10-08,SPYG,125.77999877929688,126.1500015258789,124.22000122070312,124.7300033569336,1661400.0,250,207226427.57720947,274596483.3428955,273414111.79980326,0.0438160996039673,0.0406846134979541,0.2022785223999106,0.3167083629268328,0.0807875016210993,0.1584130566193518,0.0138769251754115,0.0032868082789197,0.0320435590218158,0.0133516710389334,0.65667714039097,121.66002685546874,115.30460556030272,0.0147263987368362,127.12999725341795,127.12999725341795,0.9811217340648544,1.4838498890255258,0.0118964952223986,122.52999877929688,118.10592478263278,118.10592478263278,-0.0531073390204681,State Street SPDR Portfolio S&P 500 Growth ETF,P,True,False,False,False,False,False,False,False,False,,False,,,52988604416.0,Factor / Style,unknown,53.0,True,,False,True,89.0,True,True,False,47.0,,0,0,False,Factor / Style,Factor / Style,Factor / Style,Factor / Style,Factor / Style
2026-10-08,QQQM,310.45001220703125,311.7699890136719,306.0450134277344,307.8500061035156,2884200.0,250,887900987.6037598,850958996.2028503,865098533.8965522,0.0561168563831357,0.031651322572866,0.2280838831132317,0.3514097180563887,0.0576032873728247,0.1523126561812459,0.0197200086798086,0.0018232202298947,0.0347400620691091,0.0133441148736198,0.8419186435925792,297.54376220703125,283.7105088297526,0.0160806127743387,314.114990234375,314.114990234375,0.9800551252705744,3.9972325664542807,0.0129843511034727,301.25,287.9261794183108,287.9261794183108,-0.0647192668188721,Invesco NASDAQ 100 ETF,Q,True,False,False,False,False,False,False,False,False,,False,,,101307228160.0,US Equity,unknown,26.0,True,,False,True,39.0,True,True,False,48.0,,0,0,False,US Equity,US Equity,US Equity,US Equity,US Equity
2026-10-08,IVW,145.27999877929688,145.69000244140625,143.47999572753906,144.08999633789062,2358700.0,250,339865074.3621826,240808627.2491455,199261012.04490057,0.0437361783251379,0.040648412113029,0.2019833125229395,0.3215049465049465,0.0808853923507184,0.1584530998669581,0.0140613976727542,0.003287862762196,0.0320048819906563,0.0133388194921571,0.6656677113078,140.55490631103515,133.24606465657553,0.014687740896468,146.8300018310547,146.8300018310547,0.9813389262480786,1.708324224263481,0.0118559529993842,141.55999755859375,136.4199981689453,136.4199981689453,-0.0532306083967077,iShares S&P 500 Growth ETF,P,True,False,False,False,False,False,False,False,False,,False,,,74972356608.0,Factor / Style,unknown,39.0,True,,False,True,116.0,True,True,False,49.0,,0,0,False,Factor / Style,Factor / Style,Factor / Style,Factor / Style,Factor / Style
2026-10-08,TCAF,43.36000061035156,43.36000061035156,43.025001525878906,43.20000076293945,697000.0,250,30110400.5317688,22947603.62411499,23229890.22067842,0.0261283213464849,0.0305344143584047,0.1581769878433878,0.2380953953696907,0.0909350583112304,0.207337577186043,0.0062210330013376,0.0027766487501808,0.0327960334260342,0.0132834333867295,0.412896603728264,42.57064002990722,40.36701327006022,0.0082181461831991,43.5,43.5,0.9931034658147,0.4218507766723632,0.0097650641023659,42.095001220703125,41.70000076293945,41.70000076293945,-0.0347222216090057,T. Rowe Price Capital Appreciation Equity ETF,P,True,False,False,False,False,False,False,False,False,,False,,,7400264704.0,Other,unknown,298.0,True,,False,True,389.0,True,True,False,50.0,,0,0,False,Other,Other,Other,Other,Other
2026-10-08,QQQ,753.969970703125,757.1799926757812,743.22998046875,747.5800170898438,49694800.0,250,37150839433.27637,25193941016.21948,25244466773.98885,0.0559750759779364,0.0314936784504928,0.2277838685170172,0.3503582043804759,0.0572133724294234,0.1506254251396871,0.0196113271096905,0.0018018595543605,0.0343100420353383,0.0131797234227027,0.8370960783524494,722.6336352539063,689.0900866699219,0.0160719201919048,762.8599853515625,762.8599853515625,0.9799701536912084,9.770473279992084,0.0130694682263261,731.6300048828125,699.2713317325664,699.2713317325664,-0.0646200864829585,"Invesco QQQ Trust, Series 1",Q,True,False,False,False,False,False,False,False,False,,False,,,490103177216.0,Other,unknown,6.0,True,,False,True,2.0,True,True,False,51.0,,0,0,False,Other,Other,Other,Other,Other
2026-10-08,LRGF,79.0999984741211,79.41999816894531,78.87999725341797,79.1500015258789,139200.0,250,11017680.212402344,16403117.738380432,12529171.624368334,0.0248888259263058,0.0380267828715934,0.1569117183609116,0.243481563593594,0.1081327999877086,0.1894860608185896,0.0060599702525457,0.00411194250643,0.0297325834084851,0.0130791668221493,0.7536236256603078,78.11533843994141,74.15840680440267,0.0086517182110363,79.8949966430664,79.8949966430664,0.9906753220040074,0.706955735643809,0.008931847403852,77.47000122070312,76.55999755859375,76.55999755859375,-0.0327227279514117,iShares U.S. Equity Factor ETF,P,True,False,False,False,False,False,False,False,False,,False,,,3509724672.0,Factor / Style,unknown,463.0,True,,False,True,443.0,True,True,False,52.0,,0,0,False,Factor / Style,Factor / Style,Factor / Style,Factor / Style,Factor / Style
2026-10-08,FELC,44.02999877929688,44.07500076293945,43.709999084472656,43.91999816894531,917900.0,250,40314166.3192749,34258258.242111206,30744953.80540878,0.0182129031522035,0.0330320231597147,0.1608156203558257,0.1784121791667497,0.0961700873774817,0.1947697002008234,0.0032494037403376,0.0031766925535247,0.0313220101643136,0.0130275537173008,0.5098017232234431,43.54860466003418,41.218725560506186,0.0080942903980767,44.334999084472656,44.334999084472656,0.990639428801236,0.4004737560312129,0.0091182552988897,43.06499862670898,42.64536738109323,42.64536738109323,-0.0290216493850707,Fidelity Enhanced Large Cap Core ETF,P,True,False,False,False,False,False,False,False,False,,False,,,7879930368.0,Factor / Style,unknown,290.0,True,,False,True,359.0,True,True,False,53.0,,0,0,False,Factor / Style,Factor / Style,Factor / Style,Factor / Style,Factor / Style
2026-10-08,QLTY,43.54999923706055,43.68999862670898,43.45000076293945,43.630001068115234,373600.0,250,16300168.399047852,16560722.30890274,16194950.922575451,0.0338823372868331,0.0415224147806694,0.1434478663094895,0.3449785276581802,0.1251283945487989,0.1879066641452463,0.0116886788308295,0.0051956330992944,0.0269548100369694,0.0128113450274807,0.8784344402232156,42.87401206970215,40.72344757080078,0.0097983067335334,43.810001373291016,43.810001373291016,0.9958913421699748,0.3775006456747995,0.0086523180479744,42.7400016784668,42.060359820382,42.060359820382,-0.0359761909077818,GMO U.S. Quality ETF,P,True,False,False,False,False,False,False,False,False,,False,,,4698446848.0,Factor / Style,unknown,392.0,True,,False,True,421.0,True,True,False,54.0,,0,0,False,Factor / Style,Factor / Style,Factor / Style,Factor / Style,Factor / Style
2026-10-08,IUSG,197.97000122070312,198.3500061035156,195.3999938964844,196.2700042724609,414400.0,250,81334289.77050781,82095044.07821655,89219351.58141606,0.0421315117162464,0.0376744509488253,0.1950467822071249,0.3113995848947685,0.0760967599120281,0.1564849102846204,0.0131197352594282,0.0028669036486702,0.0305218782149858,0.0125461447468807,0.6603537600929732,191.81206268310547,182.06927276611327,0.0138950453232853,200.0200042724609,200.0200042724609,0.981251875212982,2.251169631950164,0.0114697589185615,192.91000366210935,186.13999938964844,186.13999938964844,-0.0516125982692193,iShares Core S&P U.S. Growth ETF,Q,True,False,False,False,False,False,False,False,False,,False,,,32221673472.0,Factor / Style,unknown,92.0,True,,False,True,201.0,True,True,False,55.0,,0,0,False,Factor / Style,Factor / Style,Factor / Style,Factor / Style,Factor / Style
2026-10-08,SGOV,100.47000122070312,100.4800033569336,100.47000122070312,100.47000122070312,19199900.0,250,1929013976.437378,2231555911.3365173,2096363794.287388,0.002699234331154,0.0088410695820353,0.0182485632073923,1.0,1.0,1.0,0.002699234331154,0.0088410695820353,0.0182485632073923,0.0121336923509102,0.9721609303838376,100.1323908996582,99.41527145385744,0.001428431255424,100.4800033569336,100.4800033569336,0.9999004564500764,0.0155188488482608,0.0001544625127869,100.34908996180698,100.20951016594488,100.20951016594488,-0.0025927247097969,iShares 0-3 Month Treasury Bond ETF,N,True,False,False,False,False,False,False,False,False,,False,,,95892447232.0,Bond,unknown,30.0,True,,False,True,14.0,True,True,False,56.0,,0,0,False,Bond,Bond,Bond,Bond,Bond
2026-10-08,MGC,287.1199951171875,287.5299987792969,285.0799865722656,286.1199951171875,130900.0,250,37453107.36083984,28623111.182861328,23720077.30359274,0.0256667761737523,0.0337078156155747,0.1588544008373393,0.235217157230838,0.091875884837872,0.1789085866741801,0.0060372661268702,0.0030969353856327,0.028420416340782,0.011960153719935,0.5797617037153443,282.04020141601563,268.64668518066406,0.0100192530995173,289.1000061035156,289.1000061035156,0.9896921102614537,2.6924972534179688,0.0094103778112927,280.94000244140625,276.260009765625,276.260009765625,-0.0344610146785585,Vanguard Morningstar Mega Cap ETF,P,True,False,False,False,False,False,False,False,False,,False,,,10574559232.0,Other,unknown,237.0,True,,False,True,385.0,True,True,False,57.0,,0,0,False,Other,Other,Other,Other,Other
2026-10-08,PAAA,51.34999847412109,51.34999847412109,51.34000015258789,51.34000015258789,1902600.0,250,97679484.29031372,170035144.68702316,132039366.75802565,0.00249512550339,0.0110358899868143,0.0246498113204673,0.4446996349153667,0.7064812276677295,0.7934906747052913,0.0011095814004255,0.0077966491062906,0.0195593954160358,0.0119136103147014,0.80237151337275,51.14870971679687,50.65254524230957,0.001830146867239,51.34999847412109,51.34999847412109,0.9998052907141128,0.0249467414282282,0.0004859123754204,51.2599983215332,51.23214340209961,51.23214340209961,-0.0021008326873338,PGIM AAA CLO ETF,P,True,False,False,False,False,False,False,False,False,,False,,,10160844800.0,Other,unknown,246.0,True,,False,True,153.0,True,True,False,58.0,,0,0,False,Other,Other,Other,Other,Other
2026-10-08,ONEQ,108.0,108.3000030517578,106.66999816894533,107.12999725341795,251500.0,250,26943194.30923462,24567528.86657715,25869621.35761806,0.0425321090100789,0.0358860451379265,0.1958032006758345,0.2935681085596273,0.0699100280935855,0.1500387654997558,0.0124860707951407,0.0025087944237601,0.0293780705103031,0.0119130410540501,0.6878281356849553,104.41207824707033,99.68888956705727,0.0145578251170455,109.23999786376952,109.23999786376952,0.9806847249028428,1.3296146000579523,0.0124112259324783,105.25,101.64062078864426,101.64062078864426,-0.0512403304910807,Fidelity Nasdaq Composite Index ETF,Q,True,False,False,False,False,False,False,False,False,,False,,,10687616000.0,Other,unknown,233.0,True,,False,True,374.0,True,True,False,59.0,,0,0,False,Other,Other,Other,Other,Other
2026-10-08,TFLO,50.54999923706055,50.560001373291016,50.540000915527344,50.560001373291016,2418900.0,250,122299587.32185364,112700741.02519988,83944111.20663598,0.0035646456029159,0.0097949493190245,0.019771752416918,0.8183208760646619,0.891418151057737,0.8759442065937662,0.0029170239126381,0.0087313956116691,0.0173189519838056,0.0117370403419169,1.0377759673039872,50.36021453857422,49.97802335103353,0.0015355470046027,50.560001373291016,50.560001373291016,1.0,0.0169625599149917,0.0003354936600921,50.47012815954916,50.40034971712356,50.40034971712356,-0.0031576671643801,iShares Treasury Floating Rate Bond ETF,P,True,False,False,False,False,False,False,False,False,,False,,,6588089856.0,Bond,unknown,327.0,True,,False,True,210.0,True,True,False,60.0,,0,0,False,Bond,Bond,Bond,Bond,Bond
2026-10-08,THRO,44.650001525878906,44.76499938964844,44.334999084472656,44.52999877929688,581900.0,250,25912006.28967285,59245469.853076935,34965193.79744151,0.024711177404596,0.0313481720435617,0.1635914895228867,0.232177821765846,0.0854957693433717,0.1722406543765192,0.0057373873430685,0.0026801360863726,0.0281771052058514,0.0116040752781902,0.7173316665783102,43.92550491333008,41.77533327738444,0.0102171836201809,45.03499984741211,45.03499984741211,0.9887864756339227,0.4088909184328599,0.0091823698549698,43.77999877929688,43.0099983215332,43.0099983215332,-0.0341343027045031,iShares U.S. Thematic Rotation Active ETF,P,True,False,False,False,False,False,False,False,False,,False,,,6481671680.0,Other,unknown,332.0,True,,False,True,340.0,True,True,False,61.0,,0,0,False,Other,Other,Other,Other,Other
2026-10-08,ESGV,137.55999755859375,137.77999877929688,136.6199951171875,137.19000244140625,92900.0,250,12744951.22680664,29899452.21748352,25050686.15228562,0.0247878532976346,0.0278518168609884,0.1684771191072516,0.2228573419521972,0.0706465209139533,0.173727625332812,0.0055241550986118,0.0019676339623614,0.0292691298254161,0.0115231575144305,0.5017619037115468,135.70400512695312,128.86956954956054,0.0089682077738939,138.8800048828125,138.8800048828125,0.9878312040467432,1.3735694212573777,0.0100121685021765,134.82000732421875,132.4050930035819,132.4050930035819,-0.0348779747260955,Vanguard ESG U.S. Stock ETF,Z,True,False,False,False,False,False,False,False,False,,False,,,13178104832.0,Other,unknown,195.0,True,,False,True,378.0,True,True,False,62.0,,0,0,False,Other,Other,Other,Other,Other
2026-10-08,JAAA,50.52000045776367,50.52999877929688,50.5099983215332,50.52000045776367,7679300.0,250,387958239.51530457,411567186.832695,335075269.8542277,0.0028107594843256,0.0115120612184262,0.024571507792181,0.6512052208694432,0.7283195376638689,0.6962437660985368,0.0018303812508011,0.0083844591041623,0.0171077591239477,0.0114376141110872,0.9444851451788232,50.3275789642334,49.83480761210124,0.0018920048490544,50.52999877929688,50.52999877929688,0.999802130976158,0.0249364422022207,0.0004935954468778,50.45000076293945,50.398315039644416,50.398315039644416,-0.0024086582940747,Janus Henderson AAA CLO ETF,P,True,False,False,False,False,False,False,False,False,,False,,,28412567552.0,Other,unknown,98.0,True,,False,True,79.0,True,True,False,63.0,,0,0,False,Other,Other,Other,Other,Other
2026-10-08,USFR,50.43999862670898,50.43999862670898,50.41999816894531,50.43000030517578,6184800.0,250,311899465.8874512,382051737.26255417,301375663.3690304,0.0033375210146184,0.0099259808505598,0.0200387879367742,0.7371553096974268,0.8058685984705175,0.8769352328019638,0.0024602713371527,0.0079990362764858,0.0175727191644043,0.0113498252872573,0.960328240155397,50.23943237304688,49.85125770568848,0.0015641780996669,50.43999862670898,50.43999862670898,0.9998017779182112,0.0178718181462326,0.0003543886186413,50.34999847412109,50.27221910183382,50.27221910183382,-0.0031287170808477,WisdomTree Floating Rate Treasury Fund,P,True,False,False,False,False,False,False,False,False,,False,,,17754787840.0,Bond,unknown,144.0,True,,False,True,84.0,True,True,False,64.0,,0,0,False,Bond,Bond,Bond,Bond,Bond
2026-10-08,VBIL,75.56500244140625,75.56999969482422,75.55999755859375,75.55999755859375,2861900.0,250,216245157.01293945,292442427.495842,224556007.05264863,0.0028873084903759,0.0087138791097594,0.018196308593734,0.8451050712824921,0.916133937271783,0.9576245509241224,0.0024400790475737,0.0079830803777342,0.0174252318455512,0.0112878333914701,0.9359152143187388,75.30393905639649,74.76275136311848,0.0014420844571181,75.56999969482422,75.56999969482422,0.9998676440879865,0.0199566164482646,0.0002641161605754,75.46211659159377,75.36240212688114,75.36240212688114,-0.0026150799112901,Vanguard 0-3 Month Treasury Bill ETF,Q,True,False,False,False,False,False,False,False,False,,False,,,9348372480.0,Bond,unknown,257.0,True,,False,True,105.0,True,True,False,65.0,,0,0,False,Bond,Bond,Bond,Bond,Bond
2026-10-08,BIL,91.47000122070312,91.47000122070312,91.45999908447266,91.47000122070312,9325100.0,250,852966908.3831787,1122232507.7180862,912614392.3464578,0.0028781869764213,0.0086247270779784,0.0180036299181676,0.8680997073367646,0.9514789274875404,0.9422050596124192,0.0024985532718918,0.0082062460700276,0.016963111200287,0.0112711488656184,0.9585623426994284,91.15688537597656,90.51515965779622,0.0014099477994704,91.47000122070312,91.47000122070312,1.0,0.0186112020364497,0.0002034678231996,91.3470898622708,91.22743043855984,91.22743043855984,-0.0026519162447368,State Street SPDR Bloomberg 1-3 Month T-Bill ETF,P,True,False,False,False,False,False,False,False,False,,False,,,47077847040.0,Bond,unknown,64.0,True,,False,True,35.0,True,True,False,66.0,,0,0,False,Bond,Bond,Bond,Bond,Bond
2026-10-08,QTUM,152.9499969482422,153.63999938964844,149.5500030517578,150.88999938964844,316200.0,250,47711417.80700684,43054833.57841492,49348022.106424965,0.0393909457079031,-0.0201624797579044,0.3052893198408795,0.1576184375770188,0.0,0.105177482038425,0.0062087393171608,-0.0,0.0321095619540871,0.0112383466839304,-0.0,149.84470397949218,141.72640482584634,0.0180091271095874,158.3300018310547,169.20796276695265,0.89174289981534,2.9695944435287145,0.019680525253766,149.4499969482422,141.392983153962,141.392983153962,-0.0629399978401614,Defiance Quantum ETF,Q,True,False,False,False,False,False,False,False,False,,False,,,6260666368.0,Industry / Theme,unknown,341.0,True,,False,True,295.0,True,True,False,67.0,,0,0,False,Industry / Theme,Industry / Theme,Industry / Theme,Industry / Theme,Industry / Theme
2026-10-08,VV,357.5400085449219,358.54998779296875,355.45001220703125,357.1099853515625,320700.0,250,114525172.3022461,79310868.99795532,79176820.4253666,0.024387391341724,0.0297795093433435,0.1493531010330031,0.2337921079575018,0.0861856344371711,0.1800260273116287,0.0057015796293661,0.0025665659059837,0.0268874454456438,0.0110788737448647,0.6148964624453982,352.81384826660155,336.5521508789063,0.0085051242666811,360.6799926757813,360.6799926757813,0.9901020089921432,3.216898895039171,0.0090081460250187,350.20001220703125,344.7979759225192,344.7979759225192,-0.0344767996809793,Vanguard Morningstar Large-Cap ETF,P,True,False,False,False,False,False,False,False,False,,False,,,73819176960.0,Other,unknown,40.0,True,,False,True,218.0,True,True,False,68.0,,0,0,False,Other,Other,Other,Other,Other
2026-10-08,QUAL,225.1499938964844,226.55999755859372,225.00999450683597,226.1300048828125,1300600.0,250,294104684.35058594,242857961.9255066,214632629.4852121,0.0375281668832083,0.0315302689119838,0.1336873294265856,0.4235097621560807,0.1048499450387552,0.188832592621407,0.0158935450308612,0.0033059469624786,0.0252445250162542,0.0109844492813001,1.0157125854676532,222.64206512451173,212.8340846761068,0.0066422184386105,227.0,227.0,0.9961674223912445,1.8515985157965489,0.0081882035811926,222.08999633789065,216.30999755859372,216.30999755859372,-0.0434263791278286,iShares MSCI USA Quality Factor ETF,Z,True,False,False,False,False,False,False,False,False,,False,,,45917487104.0,Country / Region,unknown,66.0,True,,False,True,109.0,True,True,False,69.0,,0,0,False,Country / Region,Country / Region,Country / Region,Country / Region,Country / Region
2026-10-08,BBUS,139.97000122070312,140.30999755859375,139.1820068359375,139.86000061035156,324600.0,250,45398556.19812012,38177430.024642944,29101518.204025995,0.0252366742156784,0.0301326672175175,0.1482570657966877,0.2327156380799531,0.086342813621601,0.1784023676444041,0.0058729687431175,0.0026017392694838,0.0264494115581412,0.0109484245705139,0.6402792046783088,138.13779846191406,131.85003433227538,0.0083816677885215,141.25,141.25,0.9901592963564712,1.2646275421799202,0.0090420959292225,137.0399932861328,134.97092147128006,134.97092147128006,-0.0349569506487592,JPMorgan BetaBuilders U.S. Equity ETF,Z,True,False,False,False,False,False,False,False,False,,False,,,8542320128.0,US Equity,unknown,272.0,True,,False,True,364.0,True,True,False,70.0,,0,0,False,US Equity,US Equity,US Equity,US Equity,US Equity
2026-10-08,GNR,74.5199966430664,75.19999694824219,74.5199966430664,75.08000183105469,106800.0,250,8018544.195556641,32893569.708862305,23453033.67556617,-0.0442972993340983,0.0970192745877407,0.0129243271607466,0.0,0.1716649598490215,0.0128366549863234,-0.0,0.0166548098766857,0.0001659051286928,0.0108836932148882,0.8062873755809495,76.28559997558594,73.27671300252278,0.0102714868969133,79.27999877929688,80.58000183105469,0.9317448513896612,1.051999282836914,0.0140117109374094,73.2300033569336,73.2300033569336,73.2300033569336,-0.0246403626665322,State Street SPDR S&P Global Natural Resources ETF,P,True,False,False,False,False,False,False,False,False,,False,,,4480049664.0,Global Equity,unknown,403.0,True,,False,True,388.0,True,True,False,71.0,,0,0,False,Global Equity,Global Equity,Global Equity,Global Equity,Global Equity
2026-10-08,SPYI,53.86000061035156,54.0,53.65999984741211,53.86000061035156,3071900.0,250,165452535.87493896,152982718.07174683,143940813.9160338,0.0230557661297976,0.0336670251305144,0.1188755484097099,0.2804340430482429,0.1262410599895189,0.1949385012015946,0.0064656217113538,0.0042501609391699,0.0231734212365064,0.0108733020432377,0.6729855646139703,53.11095275878906,50.98769114176432,0.008283490266479,54.18000030517578,54.18000030517578,0.9940937672015177,0.3872678363176945,0.0071902679526383,52.959999084472656,52.17499923706055,52.17499923706055,-0.0312848376196855,NEOS S&P 500 High Income ETF,Z,True,False,False,False,False,False,False,False,False,,False,,,10406321152.0,Bond,unknown,241.0,True,,False,True,144.0,True,True,False,72.0,,0,0,False,Bond,Bond,Bond,Bond,Bond
2026-10-08,GBIL,99.91999816894533,99.91999816894533,99.91000366210938,99.91000366210938,487300.0,250,48686144.7845459,71989566.27319336,63361729.61981637,0.0026945963817432,0.0084250757508319,0.017265243476614,0.9307098275679678,0.9127982646420824,0.9550857290189506,0.0025078873338175,0.0076903945248374,0.0164897876525516,0.0107701821195374,0.9563192918566036,99.5904559326172,98.90523813883463,0.0013554343325956,99.91999816894533,99.91999816894533,0.9998999749097368,0.021904891756062,0.0002192462311396,99.75118124546204,99.65147335511952,99.65147335511952,-0.002587631843796,Goldman Sachs Access Treasury 0-1 Year ETF,P,True,False,False,False,False,False,False,False,False,,False,,,7703504896.0,Bond,unknown,293.0,True,,False,True,256.0,True,True,False,73.0,,0,0,False,Bond,Bond,Bond,Bond,Bond
2026-10-08,ESGU,169.77000427246094,169.97999572753906,168.5800018310547,169.38999938964844,323300.0,250,54763786.80267334,65459083.95576477,63379968.30446758,0.023812345481353,0.0247393691467789,0.1522329064386685,0.2244347321170903,0.0702762091936873,0.1805628874264542,0.005344317379187,0.0017385890814788,0.0274876131478872,0.0107507475047218,0.5166230206602107,167.6610137939453,159.841442972819,0.007499466327965,171.08999633789062,171.08999633789062,0.9900637267833894,1.5296860987999463,0.0090305573192736,166.125,163.50999450683594,163.50999450683594,-0.0347128219139236,iShares ESG Aware MSCI USA ETF,Q,True,False,False,False,False,False,False,False,False,,False,,,17746929664.0,Country / Region,unknown,145.0,True,,False,True,255.0,True,True,False,74.0,,0,0,False,Country / Region,Country / Region,Country / Region,Country / Region,Country / Region
2026-10-08,GSUS,107.13999938964844,107.49500274658205,106.6500015258789,107.05999755859376,111400.0,250,11926483.728027344,15327119.84085083,11627614.659385076,0.0236180530262584,0.0284246925972322,0.148883437262467,0.2170866703990398,0.0804520784219364,0.1771908128103681,0.0051271644927784,0.0022868255979519,0.0263807772625379,0.010719708680557,0.5555055620141871,105.84066619873047,100.96709584554036,0.0083794797992826,108.19499969482422,108.19499969482422,0.9895096618195678,0.9453076026127776,0.0088296994598324,105.0749969482422,103.54230239182564,103.54230239182564,-0.03285723189787,Goldman Sachs MarketBeta U.S. Equity ETF,Z,True,False,False,False,False,False,False,False,False,,False,,,3177762560.0,US Equity,unknown,492.0,True,,False,True,448.0,True,True,False,75.0,,0,0,False,US Equity,US Equity,US Equity,US Equity,US Equity
2026-10-08,TBIL,49.88999938964844,49.900001525878906,49.880001068115234,49.900001525878906,3197000.0,250,159530304.87823486,119241934.45991516,93431876.2316386,0.0029501994555034,0.0086725420240836,0.0182345206547469,0.8804228445908842,0.8777529773518348,0.8947480997670066,0.0025974229967248,0.0076123495828483,0.016315302705997,0.0106583831759503,0.9616828081869414,49.72517417907715,49.37157956441244,0.0013985917651162,49.900001525878906,49.900001525878906,1.0,0.0119816947042775,0.0002401141149878,49.81303113293376,49.75321668012148,49.75321668012148,-0.0029415799853493,F/m US Treasury 3 Month Bill Fund,Q,True,False,False,False,False,False,False,False,False,,False,,,7079277056.0,Bond,unknown,309.0,True,,False,True,195.0,True,True,False,76.0,,0,0,False,Bond,Bond,Bond,Bond,Bond
2026-10-08,IOO,145.8000030517578,146.1199951171875,144.67999267578125,145.1300048828125,104700.0,250,15195111.511230469,23048704.688949585,35298238.02625868,0.0179560736976891,0.0409554352952146,0.1480228307264282,0.146957266664214,0.1012231629225746,0.1534283026755722,0.0026387755106335,0.0041456386994524,0.0227108916755894,0.0106434772411004,0.5448377524404777,144.31420074462892,137.0954248046875,0.0097494510208451,146.91000366210938,146.91000366210938,0.9878837469544224,1.5020027160644531,0.0103493603357711,142.89999389648438,141.1199951171875,141.1199951171875,-0.0276304666899374,iShares Global 100 ETF,P,True,False,False,False,False,False,False,False,False,,False,,,8474621952.0,Global Equity,unknown,273.0,True,,False,True,335.0,True,True,False,77.0,,0,0,False,Global Equity,Global Equity,Global Equity,Global Equity,Global Equity
2026-10-08,IQMM,100.08999633789062,100.08999633789062,100.08000183105467,100.08999633789062,347200.0,161,34751246.728515625,124360421.65435793,191208528.3893161,0.0028015619523868,0.0087505814023673,0.0179012249889045,0.8589608380791676,0.9082949566216788,0.8732031882763476,0.0024064320025529,0.0079481089552777,0.0156314067343636,0.0106372631779578,1.0194591632835115,99.74211120605467,99.04546559651692,0.0013851800075121,100.08999633789062,100.08999633789062,1.0,0.0276083331737972,0.0002758350902581,99.9450912475586,99.82034746907786,99.82034746907786,-0.002694064129071,ProShares GENIUS Money Market ETF,P,True,False,False,False,False,False,False,False,False,,False,,,20518305792.0,Other,unknown,132.0,True,,False,True,120.0,False,False,False,78.0,,0,0,False,Other,Other,Other,Other,Other
2026-10-08,BILS,99.12000274658205,99.13999938964844,99.12000274658205,99.13999938964844,459500.0,250,45554829.71954346,38046123.43399048,32052250.913783483,0.002725795217805,0.0084992857954988,0.0174278812745896,0.8711220715166461,0.9129811339630348,0.9155249357326478,0.0023745003766644,0.0077596875834504,0.0159556598838748,0.010628277888599,0.9994814952651006,98.81841415405272,98.13374048868816,0.001339556240681,99.13999938964844,99.13999938964844,1.0,0.0241509219511939,0.0002436042172672,98.97018502131988,98.8804702758789,98.8804702758789,-0.0026178042703985,State Street SPDR Bloomberg 3-12 Month T-Bill ETF,P,True,False,False,False,False,False,False,False,False,,False,,,3866119680.0,Bond,unknown,443.0,True,,False,True,355.0,True,True,False,79.0,,0,0,False,Bond,Bond,Bond,Bond,Bond
2026-10-08,USCA,46.09099960327149,46.09099960327149,46.09099960327149,46.09099960327149,100.0,250,4609.099960327148,618054.7009277344,669408.0460260785,0.0278788974925836,0.035413295801018,0.1435426003366322,0.2537983398671956,0.0945023673272253,0.1681939056162669,0.0070756179009454,0.0033466402880554,0.024142990572933,0.0106253628877626,0.5538034151110667,45.45474151611328,43.406181004842125,0.0092526174863973,46.446998596191406,46.60905431358378,0.9888851057387508,0.3279506808055231,0.0071152867941324,45.16999816894531,44.68422317504883,44.68422317504883,-0.0305217166113013,Xtrackers MSCI USA Climate Action Equity ETF,P,True,False,False,False,False,False,False,False,False,,False,,,3158330624.0,Country / Region,unknown,495.0,True,,False,True,467.0,False,False,False,80.0,,0,0,False,Country / Region,Country / Region,Country / Region,Country / Region,Country / Region
2026-10-08,DYNF,70.19999694824219,70.38999938964844,69.79000091552734,70.11000061035156,4025400.0,250,282220796.4569092,189052134.3716812,157953542.62177,0.0156754828224667,0.0310282639579055,0.1498976918602963,0.1439755550366979,0.0882379404765931,0.1684813466648495,0.0022568863398328,0.0027378701082096,0.0252549649865753,0.0106188533156376,0.6386166086823922,69.42178726196289,65.94148974100749,0.0086177952308854,70.90499877929688,70.90499877929688,0.9887878403126432,0.6597333280770286,0.0094099746446104,68.95999908447266,68.0,68.0,-0.0300955725571627,iShares U.S. Equity Factor Rotation Active ETF,P,True,False,False,False,False,False,False,False,False,,False,,,38004244480.0,Factor / Style,unknown,80.0,True,,False,True,140.0,True,True,False,81.0,,0,0,False,Factor / Style,Factor / Style,Factor / Style,Factor / Style,Factor / Style
2026-10-08,SBIL,100.16000366210938,100.16999816894533,100.1500015258789,100.16999816894533,1333500.0,250,133576692.55828856,71481534.22203064,46453131.00160872,0.0030999532657691,0.0090258735046633,0.0179809036925708,0.8855883187463168,0.8909295039560623,0.8506275812994711,0.0027452824008246,0.0080414170042798,0.0152950526175902,0.0105801894689385,0.9644537508269776,99.81284866333009,99.10632466634117,0.0014251413419479,100.16999816894533,100.16999816894533,1.0,0.0245180582319122,0.0002447644871727,100.0,99.8704071044922,99.8704071044922,-0.0029908262945941,Simplify Government Money Market ETF,P,True,False,False,False,False,False,False,False,False,,False,,,4108737280.0,Other,unknown,419.0,True,,False,True,301.0,True,True,False,82.0,,0,0,False,Other,Other,Other,Other,Other
2026-10-08,OMFL,70.79000091552734,71.11000061035156,70.75,71.02999877929688,190000.0,250,13495699.768066406,14699899.585647585,10018490.203590998,0.0283029381601858,0.0288976303638079,0.1304930729698259,0.3295472228545267,0.1011866939818602,0.1861348272240028,0.0093271546693126,0.0029240556804235,0.0242893055911677,0.010401893149184,0.9142442494386088,70.29879699707031,67.17098864237468,0.005624275125361,71.30999755859375,71.37049091219504,0.9952292308971636,0.5641784566033679,0.0079428194607798,69.52999877929688,68.67575367564504,68.67575367564504,-0.033144377644816,Invesco Russell 1000 Dynamic Multifactor ETF,Z,True,False,False,False,False,False,False,False,False,,False,,,4719748608.0,Factor / Style,unknown,390.0,True,,False,True,453.0,True,True,False,83.0,,0,0,False,Factor / Style,Factor / Style,Factor / Style,Factor / Style,Factor / Style
2026-10-08,VOO,712.25,714.27001953125,708.1599731445312,711.280029296875,4763300.0,250,3388040163.5498047,6175699788.10791,4981300526.640101,0.0236258678359615,0.0277418400101736,0.1442602401887514,0.2260846468341492,0.0808271468787482,0.1757329127176634,0.0053414459858436,0.002242293777189,0.025351272197719,0.0103304362243745,0.5857595491654164,703.6100305175781,672.0100435384114,0.0079750377640885,718.469970703125,718.469970703125,0.9899927043586616,6.438496849190801,0.0090519859745752,697.469970703125,687.272795706168,687.272795706168,-0.0337521547096422,Vanguard S&P 500 ETF,P,True,False,False,False,False,False,False,False,False,,False,,,1670882131968.0,US Equity,unknown,2.0,True,,False,True,4.0,True,True,False,84.0,,0,0,False,US Equity,US Equity,US Equity,US Equity,US Equity
2026-10-08,SPYM,91.20999908447266,91.45999908447266,90.66999816894533,91.06999969482422,29136100.0,250,2653424618.108368,1249769222.3002243,1038229276.9336034,0.0235919457755693,0.027739351349648,0.1442970819229807,0.2247561846346895,0.0810096307370926,0.1754035110207363,0.0053024357206254,0.0022471546097214,0.0253102147993376,0.0103192256760871,0.5822595223536434,90.09295928955078,86.04399164835613,0.0079815646993015,92.0,92.0,0.989891301030698,0.8229503631591797,0.0090364594917853,89.30999755859375,88.0,88.0,-0.0337103294730624,State Street SPDR Portfolio S&P 500 ETF,P,True,False,False,False,False,False,False,False,False,,False,,,153918701568.0,US Equity,unknown,17.0,True,,False,True,29.0,True,True,False,85.0,,0,0,False,US Equity,US Equity,US Equity,US Equity,US Equity
2026-10-08,IVV,778.260009765625,780.5,773.8400268554688,777.27001953125,4725500.0,250,3672989477.294922,6232519156.281738,4938178476.562597,0.0236186890184377,0.028236472575351,0.1443610564381852,0.2268219575888428,0.0819611272265269,0.1744116525947931,0.0053572372788441,0.0023142931211766,0.025178250423714,0.0103166781770647,0.5944353297617275,768.8354357910156,734.2737455240886,0.0079837393237591,785.030029296875,785.030029296875,0.990115015380271,7.042705160152553,0.0090608218292014,762.1099853515625,751.02001953125,751.02001953125,-0.0337720474743521,iShares Core S&P 500 ETF,P,True,False,False,False,False,False,False,False,False,,False,,,888128929792.0,US Equity,unknown,3.0,True,,False,True,5.0,True,True,False,86.0,,0,0,False,US Equity,US Equity,US Equity,US Equity,US Equity
2026-10-08,PBUS,77.73999786376953,77.86000061035156,77.27999877929688,77.61000061035156,190800.0,250,14807988.116455078,73213017.35466003,32480321.221136667,0.0232793713678478,0.0276043524975058,0.145583699362741,0.2217935005539518,0.0779239074022322,0.1746801261996745,0.0051632132663704,0.0021510390079142,0.025430578977299,0.0102988779971989,0.5705855554499346,76.78204116821288,73.29679275512696,0.0079516702031861,78.4000015258789,78.4000015258789,0.9899234579062276,0.6842598170015414,0.0088166449119995,76.12000274658203,75.00644826921706,75.00644826921706,-0.0335466089506414,Invesco MSCI USA ETF,Z,True,False,False,False,False,False,False,False,False,,False,,,11176468480.0,Country / Region,unknown,221.0,True,,False,True,351.0,True,True,False,87.0,,0,0,False,Country / Region,Country / Region,Country / Region,Country / Region,Country / Region
2026-10-08,SHV,110.12999725341795,110.12999725341795,110.12000274658205,110.12999725341795,3267900.0,250,359893818.0244446,460251222.1275711,346728033.32428706,0.0028086363361639,0.0085386823368009,0.0175281081042977,0.8854940096808813,0.8700840096824719,0.8884835405135975,0.0024870306510451,0.0074293709650087,0.0155734355470115,0.0102797935687096,1.0048426531367842,109.77052032470704,109.00811365763346,0.0013661281500978,110.12999725341795,110.12999725341795,1.0,0.0319544277150868,0.0002901518978662,109.86000061035156,109.84148829030866,109.84148829030866,-0.0026197127967362,iShares 0-1 Year Treasury Bond ETF,N,True,False,False,False,False,False,False,False,False,,False,,,20945842176.0,Bond,unknown,131.0,True,,False,True,78.0,True,True,False,88.0,,0,0,False,Bond,Bond,Bond,Bond,Bond
2026-10-08,PVAL,53.369998931884766,53.65499877929688,53.29100036621094,53.619998931884766,1583300.0,250,84896544.30885315,87933255.57767868,90296319.0393357,0.0036809305163849,0.0366075503782474,0.1187933884652736,0.0374736848226851,0.1200854452734151,0.177662934648535,0.0001379380300252,0.0043960339875408,0.0211051820115839,0.0102442357959559,0.8239278364119199,53.71263313293457,50.78612653096517,0.0031058067765346,53.96237763488525,54.60122088992957,0.982029303703248,0.4464925014426445,0.0083269770670797,52.19557374711008,52.19557374711008,52.19557374711008,-0.0265651848778323,Putnam Focused Large Cap Value ETF,P,True,False,False,False,False,False,False,False,False,,False,,,11873768448.0,Factor / Style,unknown,207.0,True,,False,True,200.0,True,True,False,89.0,,0,0,False,Factor / Style,Factor / Style,Factor / Style,Factor / Style,Factor / Style
2026-10-08,IWD,250.42999267578125,252.1499938964844,250.0500030517578,252.0,1563200.0,250,393926400.0,414901300.07621765,410289129.5861623,-0.0016141558707158,0.0246357595514528,0.1368844957235362,0.0,0.0799204979445196,0.186358255582804,-0.0,0.0019689021705935,0.02550955583937,0.0102081309546653,0.4174860176559674,254.0158853149414,238.7698499552409,0.001996789410938,255.4263720647945,259.24244825546793,0.972063030941866,2.0177542518856653,0.0080069613170066,246.67999267578125,246.67999267578125,246.67999267578125,-0.0211111401754712,iShares Russell 1000 Value ETF,P,True,False,False,False,False,False,False,False,False,,False,,,79741509632.0,Factor / Style,unknown,36.0,True,,False,True,67.0,True,True,False,90.0,,0,0,False,Factor / Style,Factor / Style,Factor / Style,Factor / Style,Factor / Style
2026-10-08,SPY,774.8599853515625,777.0900268554688,770.4400024414062,773.9299926757812,40431100.0,250,31290840926.87378,35193189687.59949,33271970387.66896,0.0237808132731651,0.0276863518321812,0.1440493786347956,0.2281181941256106,0.0802613515443297,0.1738029385487789,0.0054248361787127,0.0022221440173826,0.0250362053028531,0.0102070654672973,0.5941062242697912,765.5093090820312,731.2285965983073,0.0079676664540853,781.6199951171875,781.6199951171875,0.9901614563477829,7.02739843329037,0.0090801474290896,758.7899780273438,747.7432005092232,747.7432005092232,-0.033836125249546,State Street SPDR S&P 500 ETF Trust,P,True,False,False,False,False,False,False,False,False,,False,,,781188857856.0,US Equity,unknown,4.0,True,,False,True,1.0,True,True,False,91.0,,0,0,False,US Equity,US Equity,US Equity,US Equity,US Equity
2026-10-08,SCHX,30.489999771118164,30.57999992370605,30.31999969482422,30.46999931335449,11578100.0,250,352784699.04994965,348415199.9062824,268544747.63663155,0.0231758294869099,0.0273044030404503,0.1434242773010843,0.2209159137433461,0.0792030818981758,0.1746683457528704,0.0051199095478607,0.0021625928701935,0.0250516812569813,0.0101737738055693,0.5813666356382154,30.171358642578124,28.80810349782308,0.0077324517062611,30.790000915527344,30.790000915527344,0.9896069635382352,0.2780807332613181,0.009126378061303,29.8799991607666,29.46068661036646,29.46068661036646,-0.0331248022885799,Schwab U.S. Large-Cap ETF,P,True,False,False,False,False,False,False,False,False,,False,,,71641505792.0,Other,unknown,41.0,True,,False,True,90.0,True,True,False,92.0,,0,0,False,Other,Other,Other,Other,Other
2026-10-08,VONV,109.95999908447266,110.56999969482422,109.66000366210938,110.47000122070312,2098300.0,250,231799203.56140137,94293170.27374268,80826717.59958419,-0.0020550897483841,0.0242139059009323,0.1371113109149075,0.0,0.0788248836625062,0.1860578201370347,-0.0,0.0019086583156558,0.0255106316249589,0.0101693489739119,0.4029359063369378,111.3861994934082,104.67792490641276,0.0020318547804756,111.98259455577464,113.6462395478876,0.9720515316668608,0.8800958920844437,0.0079668315593311,108.16000366210938,108.16000366210938,108.16000366210938,-0.0209106321450898,Vanguard Russell 1000 Value ETF,Q,True,False,False,False,False,False,False,False,False,,False,,,21457317888.0,Factor / Style,unknown,127.0,True,,False,True,216.0,True,True,False,93.0,,0,0,False,Factor / Style,Factor / Style,Factor / Style,Factor / Style,Factor / Style
2026-10-08,FNDX,31.850000381469727,32.099998474121094,31.84000015258789,32.09000015258789,4124700.0,250,132361623.62937929,112931016.7437458,92241971.7801866,0.0006225788682172,0.0254707962050442,0.1226803232153053,0.0064513027712006,0.0878535669468579,0.200552193282921,4.0164447778209565e-06,0.0022377002995896,0.0246038078934871,0.0100658379574537,0.5861336843518418,32.14291961669922,30.586738777160644,0.0022362054508391,32.398808987159505,32.72757662032962,0.9805186777151816,0.250108905495586,0.0077939826832757,31.32999992370605,31.32999992370605,31.32999992370605,-0.0236833974842017,Schwab Fundamental U.S. Large Company ETF,P,True,False,False,False,False,False,False,False,False,,False,,,25939793920.0,Other,unknown,107.0,True,,False,True,197.0,True,True,False,94.0,,0,0,False,Other,Other,Other,Other,Other
2026-10-08,GSLC,147.3300018310547,147.8699951171875,146.91000366210938,147.5,209800.0,250,30945500.0,32027371.591796875,40220621.96434869,0.0235332298141579,0.0294439482351533,0.1351354080784408,0.2378562278402712,0.0889022153124894,0.1767902388470181,0.0055975252724938,0.0026176322256514,0.0238906210708768,0.0100631783214802,0.6110394774352133,145.96339996337892,139.46860005696615,0.0073665116690586,148.63999938964844,148.63999938964844,0.9923304669380412,1.2559192720270589,0.008514706928997,144.53599548339844,142.60337780999734,142.60337780999734,-0.0331974385762892,Goldman Sachs ActiveBeta U.S. Large Cap Equity ETF,P,True,False,False,False,False,False,False,False,False,,False,,,15385732096.0,Factor / Style,unknown,166.0,True,,False,True,312.0,True,True,False,95.0,,0,0,False,Factor / Style,Factor / Style,Factor / Style,Factor / Style,Factor / Style
2026-10-08,BKLC,49.540000915527344,49.68999862670898,49.27999877929688,49.5,16416000.0,250,812592000.0,61679352.269039154,32858520.35845802,0.0218827705066562,0.0259776301763483,0.1451027484842275,0.2086617691341309,0.074249692880523,0.1724652170884976,0.004566097607475,0.0019288310623576,0.0250251770174699,0.0100125521466469,0.519020831247725,49.03860000610352,46.805852864583336,0.0080733129766823,50.0099983215332,50.0099983215332,0.9898020728124358,0.4511501312255859,0.0091141440651633,48.52999877929688,47.91999816894531,47.91999816894531,-0.0319192289101957,BNY Mellon US Large Cap Core Equity ETF,P,True,False,False,False,False,False,False,False,False,,False,,,5445539328.0,Factor / Style,unknown,365.0,True,,False,True,349.0,True,True,False,96.0,,0,0,False,Factor / Style,Factor / Style,Factor / Style,Factor / Style,Factor / Style
2026-10-08,SUSA,157.92999267578125,158.35000610351562,157.36000061035156,158.0800018310547,36900.0,250,5833152.067565918,6530915.960998535,6171942.008584643,0.0232171088570993,0.0171731587815913,0.1534282431478557,0.2226859868967007,0.0491292161105201,0.1754970813333576,0.0051701247987313,0.000843703829081,0.0269262088665534,0.0099725805921963,0.4023303797288124,157.0076318359375,149.56431274414064,0.0063958471413425,159.72999572753906,160.0010991827497,0.9879932240371624,1.3207851253848104,0.0083551689656252,155.1199951171875,153.11000061035156,153.11000061035156,-0.0314397846858246,iShares ESG Optimized MSCI USA ETF,P,True,False,False,False,False,False,False,False,False,,False,,,4045895936.0,Country / Region,unknown,424.0,True,,False,True,459.0,True,True,False,97.0,,0,0,False,Country / Region,Country / Region,Country / Region,Country / Region,Country / Region
2026-10-08,XT,84.30000305175781,84.30000305175781,83.43000030517578,83.90499877929688,59500.0,250,4992347.427368164,5642962.184295654,5770819.15274726,0.0421039485232148,0.0182645294362682,0.1835050059753162,0.3520252380326123,0.0390492756515058,0.1465019165432716,0.0148216525009975,0.0007132166446018,0.0268838350706683,0.0098729330937251,0.4752528692650277,82.6245196533203,78.67998372395833,0.0116008158790106,85.8499984741211,85.8499984741211,0.9773442081608128,0.906399154663086,0.0108026836046714,82.9800033569336,80.58000183105469,80.58000183105469,-0.0396281150898796,iShares Future Exponential Technologies ETF,Q,True,False,False,False,False,False,False,False,False,,False,,,3962071552.0,Other,unknown,433.0,True,,False,True,461.0,True,True,False,98.0,,0,0,False,Other,Other,Other,Other,Other
2026-10-08,RECS,45.59999847412109,45.76599884033203,45.52000045776367,45.75,751900.0,250,34399425.0,25286992.369766235,21568512.74573311,0.0187040782774863,0.0294779796078501,0.1307464418000317,0.218750465662194,0.092842124671756,0.1755727433059142,0.0040915258329822,0.0027367982578235,0.0229555114643186,0.0098133478800967,0.3846492991968657,45.23059997558594,43.180913314819335,0.005678687055824,46.025001525878906,46.025001525878906,0.9940249534652534,0.3856990814208984,0.0084305810146644,44.880001068115234,44.560001373291016,44.560001373291016,-0.0260108989444586,Columbia Research Enhanced Core ETF,P,True,False,False,False,False,False,False,False,False,,False,,,5762415616.0,Other,unknown,359.0,True,,False,True,391.0,True,True,False,99.0,,0,0,False,Other,Other,Other,Other,Other
2026-10-08,JTEK,106.7300033569336,107.38400268554688,105.1500015258789,106.0,172400.0,250,18274400.0,23135882.541275024,26271619.861857098,0.0700585767458883,0.0135781042654719,0.2631077491994682,0.3580273153068052,0.015997091469169,0.1049699189023618,0.0250828841465461,0.0002172101759126,0.0276183990960511,0.0098076262979611,0.3941946731020627,101.76071975708008,98.03893981933594,0.0204129282967104,110.37999725341795,111.81999969482422,0.9479520684071904,1.8076004028320312,0.0170528339889814,102.58999633789062,98.12999725341795,98.12999725341795,-0.0742453089300191,JPMorgan U.S. Tech Leaders ETF,Q,True,False,False,False,False,False,False,False,False,,False,,,4632256512.0,Other,unknown,396.0,True,,False,True,372.0,True,True,False,100.0,,0,0,False,Other,Other,Other,Other,Other
2026-10-08,XLG,64.9000015258789,65.0199966430664,64.22000122070312,64.48999786376953,2742100.0,250,176838023.14224243,66162242.79621124,64886877.057453945,0.0351171629318605,0.0419644592251085,0.1383450549188607,0.283204866751927,0.099858864554118,0.1444134354066044,0.0099453514488232,0.0041905232498469,0.019978884652348,0.0097164497407223,0.6930798134226052,62.92440948486328,60.85698318481445,0.0127112421880917,65.26000213623047,65.26000213623047,0.9882009769038383,0.7021453321232656,0.0108876625117354,63.209999084472656,61.58313838083811,61.58313838083811,-0.0450745786822935,Invesco S&P 500 Top 50 ETF,P,True,False,False,False,False,False,False,False,False,,False,,,10253615104.0,US Equity,unknown,243.0,True,,False,True,252.0,True,True,False,101.0,,0,0,False,US Equity,US Equity,US Equity,US Equity,US Equity
2026-10-08,PSI,152.97000122070312,155.13999938964844,148.02000427246094,150.16000366210938,262300.0,250,39386968.96057129,55637032.22923279,56540626.72983805,0.1039552929385643,-0.0580855263655357,0.3788768223898224,0.2213525624044683,0.0,0.0729528366068956,0.0230107704674583,-0.0,0.0276401389179445,0.0096740486212805,-0.0,142.77419998168946,138.40476455688477,0.0166336469838763,163.0,189.2400054931641,0.7934897447861976,5.162998962402344,0.0343833167054267,144.77000427246094,127.22000122070312,127.22000122070312,-0.1527703907961133,Invesco Semiconductors ETF,P,True,False,False,False,False,False,False,False,False,,False,,,3097870848.0,Other,unknown,500.0,True,,False,True,270.0,True,True,False,102.0,,0,0,False,Other,Other,Other,Other,Other
2026-10-08,VONE,349.6499938964844,350.6600036621094,347.9100036621094,349.4800109863281,104500.0,250,36520661.14807129,45368762.36907959,32470159.427994017,0.0223275935564879,0.0257695492359952,0.1401433930487434,0.2111622000867931,0.0736282030775136,0.170850104346226,0.0047147437780317,0.0018973656043638,0.0239435133258119,0.0096135173068706,0.569597677898645,346.2893878173828,330.8241115315755,0.0075343327443222,353.1600036621094,353.1600036621094,0.9895798147082868,3.1145542936814024,0.0089119669101854,342.8500061035156,338.4061539771929,338.4061539771929,-0.0316866677950529,Vanguard Russell 1000 ETF,Q,True,False,False,False,False,False,False,False,False,,False,,,11460844544.0,US Equity,unknown,215.0,True,,False,True,352.0,True,True,False,103.0,,0,0,False,US Equity,US Equity,US Equity,US Equity,US Equity
2026-10-08,PRF,55.0,55.38999938964844,54.959999084472656,55.36000061035156,449400.0,250,24878784.274291992,21269934.272327423,16686890.149646334,0.0013048025164039,0.0196841024315028,0.1270672904347058,0.0137527244008136,0.0689918851474137,0.195458996018038,1.794458940559189e-05,0.0013580433341841,0.0248364450151,0.0095754839225047,0.4472234905930708,55.52343704223633,52.78741762797038,0.002421741541261,55.88578435506289,56.46377366686215,0.9804516598018604,0.4345839870038112,0.0078501441873638,54.16999816894531,54.16999816894531,54.16999816894531,-0.0214957086034377,Invesco RAFI US 1000 ETF,P,True,False,False,False,False,False,False,False,False,,False,,,9686064128.0,Other,unknown,253.0,True,,False,True,419.0,True,True,False,104.0,,0,0,False,Other,Other,Other,Other,Other
2026-10-08,SCHK,37.25,37.33000183105469,37.02999877929688,37.18999862670898,1674800.0,250,62285809.70001221,60066175.84011078,49735931.27098084,0.0216964705376854,0.0245032478583617,0.1416755334908321,0.2033897306016909,0.0699345080062432,0.1692805904076389,0.0044128392976673,0.0017136225835295,0.0239829179556452,0.00950787596377,0.5393288989214546,36.87907958984375,35.21889167785645,0.0074620073057258,37.61800003051758,37.61800003051758,0.9886224306592224,0.3430418028528546,0.0092240337596164,36.5,36.00133308648239,36.00133308648239,-0.0319619678440353,Schwab 1000 Index ETF,P,True,False,False,False,False,False,False,False,False,,False,,,5700246528.0,Other,unknown,360.0,True,,False,True,292.0,True,True,False,105.0,,0,0,False,Other,Other,Other,Other,Other
2026-10-08,IWB,422.8900146484375,424.1499938964844,420.6900024414063,422.5199890136719,704100.0,250,297496324.2645264,219698912.2982788,205819012.3002794,0.0222632665884501,0.0252575226287568,0.1390629712626552,0.2111432370791403,0.0719315387232093,0.1683638124317508,0.0047007381754412,0.0018168124670227,0.0234131720098676,0.0093755383070184,0.5607935708400335,418.7180517578125,400.12270284016927,0.0074944165177401,427.0400085449219,427.0400085449219,0.989415465902946,3.834247595235334,0.0090747129010061,414.260009765625,408.8299865722656,408.8299865722656,-0.0324008397173447,iShares Russell 1000 ETF,P,True,False,False,False,False,False,False,False,False,,False,,,48330235904.0,US Equity,unknown,59.0,True,,False,True,111.0,True,True,False,106.0,,0,0,False,US Equity,US Equity,US Equity,US Equity,US Equity
2026-10-08,FELG,46.02999877929688,46.17499923706055,45.45000076293945,45.68999862670898,871900.0,250,39837109.80262756,17430787.762298584,16243199.116049873,0.0468926000101215,0.0348103857739048,0.164809756683913,0.3341013939677763,0.0657362578017866,0.1366784511574058,0.0156668830301549,0.002288304493413,0.0225259422791861,0.0093714777184336,0.5479699975022975,44.4207113647461,42.71433181762696,0.0144031088987039,46.619998931884766,46.619998931884766,0.9800514730484104,0.5630162287339147,0.0123225267160501,44.83000183105469,43.1688435793313,43.1688435793313,-0.0551795824722106,Fidelity Enhanced Large Cap Growth ETF,P,True,False,False,False,False,False,False,False,False,,False,,,5650164224.0,Factor / Style,unknown,362.0,True,,False,True,420.0,True,True,False,107.0,,0,0,False,Factor / Style,Factor / Style,Factor / Style,Factor / Style,Factor / Style
2026-10-08,DFUS,84.33000183105469,84.63999938964844,83.93000030517578,84.29000091552734,552600.0,250,46578654.50592041,68464027.53746033,55256313.423544265,0.021844586111682,0.0233298129543155,0.1426379571794369,0.2048430812196169,0.0656545553740456,0.1670604891749181,0.0044747123270842,0.0015317084964752,0.0238291669013077,0.0093358189381666,0.5502311031488966,83.55416885375976,79.80056299845377,0.0073620427447502,85.20999908447266,85.20999908447266,0.9892031665434796,0.769258594927092,0.0091263327390163,82.66999816894531,81.5352981717263,81.5352981717263,-0.0326812517959481,Dimensional U.S. Equity Market ETF,P,True,False,False,False,False,False,False,False,False,,False,,,21026164736.0,US Equity,unknown,129.0,True,,False,True,273.0,True,True,False,108.0,,0,0,False,US Equity,US Equity,US Equity,US Equity,US Equity
2026-10-08,QQQI,56.400001525878906,56.59600067138672,55.77000045776367,56.060001373291016,5010000.0,250,280860606.880188,236499709.61349487,252647083.64110675,0.0489530200757846,0.0304251040220941,0.1589213835520746,0.4062179787126924,0.0666050020484093,0.1422640241655022,0.019885596867067,0.0020264641157146,0.0226087955500674,0.0092302801177381,0.8356538181874492,54.26894142150879,52.343887430826825,0.0149291338301353,56.84000015258789,56.84000015258789,0.986277291041468,0.5696731193546366,0.0101618463324913,55.10100173950195,52.95000076293945,52.95000076293945,-0.0554762849476717,NEOS Nasdaq 100 High Income ETF,Q,True,False,False,False,False,False,False,False,False,,False,,,13110758400.0,Bond,unknown,196.0,True,,False,True,96.0,True,True,False,109.0,,0,0,False,Bond,Bond,Bond,Bond,Bond
2026-10-08,TSPA,49.150001525878906,49.22999954223633,48.790000915527344,49.0099983215332,233700.0,250,11453636.60774231,18078761.696224213,17311967.027748957,0.0253137887821244,0.0268174898716309,0.1402181414261036,0.2270163108435977,0.0728099659541411,0.1585509786021443,0.0057466429427919,0.0019525805245289,0.0222317235408826,0.0090502805802527,0.6943513693941874,48.40529998779297,46.34299997965495,0.0079187904402888,49.540000915527344,49.540000915527344,0.9893015223213688,0.466400146484375,0.0095164285341233,48.0099983215332,47.23500061035156,47.23500061035156,-0.0362170530906093,T. Rowe Price U.S. Equity Research ETF,P,True,False,False,False,False,False,False,False,False,,False,,,4062119424.0,US Equity,unknown,422.0,True,,False,True,416.0,True,True,False,110.0,,0,0,False,US Equity,US Equity,US Equity,US Equity,US Equity
2026-10-08,SPTM,93.4800033569336,93.8000030517578,93.05999755859376,93.45999908447266,406700.0,250,38010181.62765503,45173838.31279755,42938377.946823366,0.0207348514271177,0.0229632491145723,0.1364384136567178,0.1987584486038936,0.0667452442632974,0.1679565304780003,0.0041212269016861,0.001532687671231,0.0229157225817045,0.0090167498898967,0.5380033072520071,92.7288410949707,88.68593185424805,0.0068164349543278,94.44000244140624,94.44000244140624,0.9896230058068708,0.8372848058913952,0.0089587504182899,91.69000244140624,90.52430063657334,90.52430063657334,-0.0314112826520136,State Street SPDR Portfolio S&P 1500 Composite Stock Market ETF,P,True,False,False,False,False,False,False,False,False,,False,,,13582209024.0,Other,unknown,190.0,True,,False,True,310.0,True,True,False,111.0,,0,0,False,Other,Other,Other,Other,Other
2026-10-08,BOXX,118.51000213623048,118.52999877929688,118.4800033569336,118.4800033569336,3518300.0,250,416848195.81069946,481117268.71608734,394392012.94566566,0.0029203979723577,0.0091993340461467,0.0190951417504861,0.6106189910338122,0.701295999048808,0.720775617779363,0.0017832504632982,0.0064514561604761,0.0137633125917911,0.0090106059114364,0.84697675331281,118.0754997253418,117.1757996114095,0.0014919483742912,118.52999877929688,118.52999877929688,0.9995782044809064,0.0409999847412109,0.0003460498276463,118.31999969482422,118.1500015258789,118.1500015258789,-0.0027852955917001,Alpha Architect 1-3 Month Box ETF,Z,True,False,False,False,False,False,False,False,False,,False,,,12697272320.0,Other,unknown,199.0,True,,False,True,69.0,True,True,False,112.0,,0,0,False,Other,Other,Other,Other,Other
2026-10-08,IWV,438.1099853515625,439.510009765625,436.2099914550781,438.2200012207031,133100.0,250,58327082.16247559,76597483.68179321,70881588.55096726,0.0205702619286793,0.022494665751902,0.1367637603374416,0.2006027223699686,0.0649386582643912,0.1667269680254819,0.0041264505427564,0.0014607734120344,0.0228022070968253,0.0089302752017112,0.538604037036798,435.03386291503904,415.8638458251953,0.0067846495134955,442.760009765625,442.8861831216825,0.9894641511096828,3.919713156174353,0.0089446240364557,429.7300109863281,424.9299926757813,424.9299926757813,-0.0303272523113991,iShares Russell 3000 Fund,P,True,False,False,False,False,False,False,False,False,,False,,,19473276928.0,US Equity,unknown,138.0,True,,False,True,236.0,True,True,False,113.0,,0,0,False,US Equity,US Equity,US Equity,US Equity,US Equity
2026-10-08,SCHB,29.76000022888184,29.82999992370605,29.59000015258789,29.729999542236328,14705400.0,250,437191535.2684021,303180717.9009342,220208184.89147672,0.0198722572061509,0.021619791385379,0.1386506414381914,0.187162414072538,0.0615266444851565,0.1654361517563775,0.0037193396317735,0.0013301932184114,0.0229378285580877,0.0088928655872981,0.501370400058597,29.524815330505373,28.21975673675537,0.0068601154230216,30.06999969482422,30.06999969482422,0.9886930443618724,0.2761301039422017,0.0092879282944459,29.18000030517578,28.80165714833185,28.80165714833185,-0.0312257789505047,Schwab U.S. Broad Market ETF,P,True,False,False,False,False,False,False,False,False,,False,,,43229065216.0,Other,unknown,72.0,True,,False,True,106.0,True,True,False,114.0,,0,0,False,Other,Other,Other,Other,Other
2026-10-08,SPMO,151.88499450683594,152.5850067138672,149.94000244140625,150.83999633789062,1876700.0,250,283081421.12731934,307413947.62283325,294524619.0591721,0.0241039368969353,-0.0173264743159621,0.2326319496749946,0.1487013319017307,0.0,0.1090778674261493,0.0035842875206495,-0.0,0.0253749969657357,0.0088812489380075,-0.0,149.17962371826172,141.35586751302085,0.0099375294679386,154.10899353027344,162.0356856194313,0.9309060270350836,2.305844843499611,0.015286693844346,149.72999572753906,142.3677693905275,142.3677693905275,-0.0561669792697741,Invesco S&P 500 Momentum ETF,P,True,False,False,False,False,False,False,False,False,,False,,,22210627584.0,Factor / Style,unknown,125.0,True,,False,True,85.0,True,True,False,115.0,,0,0,False,Factor / Style,Factor / Style,Factor / Style,Factor / Style,Factor / Style
2026-10-08,XLV,168.22999572753906,168.50999450683594,165.19000244140625,168.16000366210938,11123100.0,250,1870460536.7340088,1377667912.8312683,1414220688.7582204,0.0189760766735871,0.0495123955978611,0.1353917957597128,0.1652958592272576,0.0970482391782489,0.1204135922936796,0.0031366668985229,0.0048050908102693,0.0163030124945192,0.0088293633997567,0.3947963550121883,168.30769317626954,156.20684590657552,0.0081917627724046,171.8699951171875,175.92671398247143,0.9558525811996016,2.450814641768507,0.014574301786369,165.19000244140625,164.48050636638112,164.48050636638112,-0.0218809301593595,State Street Health Care Select Sector SPDR ETF,P,True,False,False,False,False,False,False,False,False,,False,,,40598945792.0,Sector,unknown,77.0,True,,False,True,21.0,True,True,False,116.0,,0,0,False,Sector,Sector,Sector,Sector,Sector
2026-10-08,FV,73.94999694824219,74.26000213623047,73.4800033569336,74.2300033569336,61700.0,250,4579991.207122803,5909594.189491272,5156637.647525848,0.0360517546957079,0.0168632830361226,0.1789293955855375,0.2944931121497034,0.0330887886939905,0.1351503825030684,0.0106169934387967,0.0005579856090692,0.0241823762544282,0.0088265223349448,1.1561739648944989,73.03397994995117,69.64062708536784,0.0114167701791667,75.0,76.08000183105469,0.975683511703519,0.8496006011962891,0.0114455147888246,73.31999969482422,71.08599853515625,71.08599853515625,-0.0423549060971943,First Trust Dorsey Wright Focus 5 ETF,Q,True,False,False,False,False,False,False,False,False,,False,,,3943691776.0,Other,unknown,435.0,True,,False,True,462.0,True,True,False,117.0,,0,0,False,Other,Other,Other,Other,Other
2026-10-08,FBCG,64.27999877929688,64.30999755859375,63.18000030517578,63.54999923706055,1230500.0,250,78198274.061203,45393311.68903351,37579235.25795709,0.0383986673991052,0.0205556250182632,0.1854131414575972,0.2308446369030355,0.0355653879574322,0.1284071397360147,0.0088641264333068,0.000731068778482,0.0238083711640391,0.008808124613427,0.3198830182243528,62.3182999420166,59.52420010884603,0.0137293122749106,65.16500091552734,65.16500091552734,0.9752167320528344,0.871249008178711,0.013709661977,62.86000061035156,60.25,60.25,-0.0519276046684211,Fidelity Blue Chip Growth ETF,Z,True,False,False,False,False,False,False,False,False,,False,,,6965341696.0,Factor / Style,unknown,313.0,True,,False,True,324.0,True,True,False,118.0,,0,0,False,Factor / Style,Factor / Style,Factor / Style,Factor / Style,Factor / Style
2026-10-08,ITOT,168.7899932861328,169.19000244140625,167.83999633789062,168.5800018310547,1247700.0,250,210337268.28460693,246449777.75146484,253238824.0114,0.020035446227117,0.0210829206771236,0.1382674339284513,0.1907258401191789,0.0597459469369581,0.1644843730849368,0.0038212773138295,0.0012596190600515,0.0227428321877842,0.0087787436547579,0.4854640103318143,167.45619354248046,160.04888590494792,0.0068737499333386,170.52999877929688,170.56430224570445,0.988366261940372,1.541918501180794,0.009146508983468,165.5,163.38999938964844,163.38999938964844,-0.0307865843221872,iShares Core S&P Total U.S. Stock Market ETF,P,True,False,False,False,False,False,False,False,False,,False,,,94139031552.0,Other,unknown,33.0,True,,False,True,95.0,True,True,False,119.0,,0,0,False,Other,Other,Other,Other,Other
2026-10-08,VTI,379.9500122070313,380.9700012207031,377.8699951171875,379.55999755859375,3104900.0,250,1178495836.4196775,1162593198.1021118,1141674830.655198,0.0194992598081567,0.021003790728661,0.1376135494076322,0.1870732731570826,0.0602081667969934,0.1647346185818235,0.0036477903564522,0.0012645997355603,0.0226697155733572,0.0087563902787892,0.4825502431280567,377.1225805664063,360.4519582112631,0.0067827940455496,383.8500061035156,384.15052366726695,0.988050189116365,3.5127291906683693,0.0092547402604672,372.5899963378906,368.0012573734976,368.0012573734976,-0.0304529988919914,Vanguard Morningstar Total Stock Market ETF,P,True,False,False,False,False,False,False,False,False,,False,,,2297940410368.0,US Equity,unknown,1.0,True,,False,True,27.0,True,True,False,120.0,,0,0,False,US Equity,US Equity,US Equity,US Equity,US Equity
2026-10-08,VTHR,340.0599975585937,341.1199951171875,339.0799865722656,340.0899963378906,66000.0,250,22445939.75830078,15215800.82748413,9794907.0619129,0.0202198933774278,0.0223611681303079,0.1362551549968254,0.1930329631144532,0.0627180712772724,0.163303372939449,0.0039031059325031,0.0014024493366397,0.022250926391369,0.0086994163057949,0.5224893520741276,337.7106994628906,322.7493520100912,0.0069011129544624,343.739990234375,343.739990234375,0.9893815267347984,3.0441540698393283,0.0089510250304888,333.9700012207031,330.0582070844903,330.0582070844903,-0.0294974546779477,Vanguard Russell 3000 ETF,Q,True,False,False,False,False,False,False,False,False,,False,,,6104798208.0,US Equity,unknown,348.0,True,,False,True,455.0,True,True,False,121.0,,0,0,False,US Equity,US Equity,US Equity,US Equity,US Equity
2026-10-08,IYH,70.95999908447266,71.04000091552734,69.70999908447266,70.91999816894531,3244000.0,250,230064474.0600586,54277687.48153687,51343645.28966026,0.0158807699671879,0.0474539624560088,0.1386658258623756,0.1288201283999298,0.0915773935855595,0.1207496411955986,0.0020457628262628,0.0043457101970282,0.0167438487189732,0.008685058679709,0.3259628093283145,71.20701965332032,65.93282198588054,0.0092982277052753,72.9000015258789,74.38897062069944,0.9533671131243096,1.013213411983901,0.0142867095056915,69.70999908447266,69.65177353189816,69.65177353189816,-0.0178824685531716,iShares U.S. Healthcare ETF,P,True,False,False,False,False,False,False,False,False,,False,,,3161404928.0,Sector,unknown,494.0,True,,False,True,289.0,True,True,False,122.0,,0,0,False,Sector,Sector,Sector,Sector,Sector
2026-10-08,DFAU,53.119998931884766,53.31999969482422,52.9379997253418,53.16999816894531,477700.0,250,25399308.125305176,33156514.433116917,29394466.596246146,0.0176055402286565,0.0213108631494196,0.1336201150732674,0.1744737439965502,0.0637452216344098,0.1665515872794614,0.0030717045187755,0.0013584656946803,0.0222546422579169,0.0086721274918131,0.5149626504395964,52.85907005310059,50.52395955403646,0.0060762872205637,53.66999816894531,53.82648843295512,0.9878035836421408,0.4697987687346391,0.0088357868142457,52.119998931884766,51.5816423157183,51.5816423157183,-0.0298731598255859,Dimensional US Core Equity Market ETF,P,True,False,False,False,False,False,False,False,False,,False,,,12301299712.0,Other,unknown,202.0,True,,False,True,363.0,True,True,False,123.0,,0,0,False,Other,Other,Other,Other,Other
2026-10-08,PTLC,60.380001068115234,60.650001525878906,60.209999084472656,60.43999862670898,108800.0,250,6575871.8505859375,5977271.713809967,5935372.2281259205,0.023539363380314,0.0263202454257964,0.1263510771259135,0.2252833198345523,0.0764299328797706,0.1594543296809614,0.005303025929109,0.0020116545912727,0.02014722630758,0.0083591046919802,0.5706283196536113,59.79609985351563,57.52201316833496,0.0077371616555197,61.03799819946289,61.03799819946289,0.9902028311806732,0.5307001113891602,0.0087806109107791,59.29999923706055,58.45000076293945,58.45000076293945,-0.0329251804928091,Pacer Trendpilot US Large Cap ETF,Z,True,False,False,False,False,False,False,False,False,,False,,,3292433408.0,Factor / Style,unknown,478.0,True,,False,True,460.0,True,True,False,124.0,,0,0,False,Factor / Style,Factor / Style,Factor / Style,Factor / Style,Factor / Style
2026-10-08,GDX,85.41000366210938,87.12000274658203,85.02999877929688,86.72000122070312,16652200.0,250,1444078804.3273926,1836992802.3685076,1953554665.660035,-0.0969488459537593,0.1481530864855975,-0.1182511177819507,0.0,0.0864292964941324,0.0,-0.0,0.0128047670383845,-0.0,0.0083230985749499,0.7022432080775753,92.41999984741211,88.20819976806641,0.0316758643233683,99.08000183105467,105.66999816894533,0.8206681434975999,2.935500717163086,0.0338503306716084,84.36000061035156,84.36000061035156,84.36000061035156,-0.0272140287953334,VanEck Gold Miners ETF,P,True,False,False,False,False,False,False,False,False,,False,,,22753128448.0,Commodity,unknown,120.0,True,,False,True,16.0,True,True,False,125.0,,0,0,False,Commodity,Commodity,Commodity,Commodity,Commodity
2026-10-08,DFLV,40.470001220703125,40.79499816894531,40.40999984741211,40.77000045776367,730800.0,250,29794716.33453369,27773654.78395462,25915766.984770037,-0.0110048225448767,0.0231155173732544,0.1115893018948461,0.0,0.0840372750356379,0.1744412517443735,-0.0,0.0019425650910872,0.0194657775038177,0.0080756894355429,0.4273165478529117,41.26685752868652,39.02714953104655,0.0018784251910093,41.64705623566225,42.18999507361452,0.9663428589320006,0.3377602411212524,0.0082845287546945,39.93000030517578,39.93000030517578,39.93000030517578,-0.0206033883531128,Dimensional US Large Cap Value ETF,P,True,False,False,False,False,False,False,False,False,,False,,,6419725824.0,Factor / Style,unknown,335.0,True,,False,True,373.0,True,True,False,126.0,,0,0,False,Factor / Style,Factor / Style,Factor / Style,Factor / Style,Factor / Style
2026-10-08,FHLC,81.29000091552734,81.29000091552734,79.70999908447266,81.13999938964844,339800.0,250,27571371.79260254,22807971.822929382,20145762.891036745,0.0115867743974669,0.0380342515183735,0.139289984350162,0.095228267667292,0.0764294232096905,0.1260745088468602,0.0011033884537225,0.0029069359057615,0.0175609163642335,0.0080358290662267,0.2380296656146034,81.69422012329102,75.62984095255534,0.007466440130412,83.1500015258789,85.19512417032995,0.9524019147789006,1.0982904675345104,0.0135357465589853,79.70999908447266,79.70999908447266,79.70999908447266,-0.0176238638887421,Fidelity MSCI Health Care Index ETF,P,True,False,False,False,False,False,False,False,False,,False,,,3215685120.0,Country / Region,unknown,483.0,True,,False,True,400.0,True,True,False,127.0,,0,0,False,Country / Region,Country / Region,Country / Region,Country / Region,Country / Region
2026-10-08,ILCG,119.33999633789062,119.80999755859376,117.91999816894533,118.45999908447266,257300.0,250,30479757.76443481,8443290.916023254,7300343.805852012,0.0439630254428684,0.0178908532410499,0.1721365606341869,0.2839429507687003,0.0333008303334866,0.1261948829679779,0.0124829911689675,0.0005957802683015,0.0217227531237414,0.0079902207677054,0.411699789753002,115.93915481567385,111.60145111083985,0.0113410688996895,121.11000061035156,121.11000061035156,0.9781190528236824,1.456772453730921,0.0122975896082196,116.48999786376952,111.81999969482422,111.81999969482422,-0.0560526712896014,iShares Morningstar Large-Cap Growth ETF,P,True,False,False,False,False,False,False,False,False,,False,,,3202697216.0,Factor / Style,unknown,486.0,True,,False,True,457.0,True,True,False,128.0,,0,0,False,Factor / Style,Factor / Style,Factor / Style,Factor / Style,Factor / Style
2026-10-08,VHT,313.8699951171875,314.42999267578125,308.5299987792969,313.8500061035156,354900.0,250,111385367.1661377,65542118.981170654,65823775.08462573,0.0113492921701499,0.0373778267112583,0.1377282069334329,0.0922695499851692,0.0751485013983163,0.124647784452445,0.0010471940811899,0.002808887662877,0.0171675158508602,0.0078344075286711,0.2315616143798494,316.08249755859373,292.69511779785154,0.0074843326541171,322.0,329.7490558196199,0.9517843965418314,4.423436937279567,0.0140941113629311,308.5299987792969,308.5299987792969,308.5299987792969,-0.016950795669139,Vanguard Health Care ETF,P,True,False,False,False,False,False,False,False,False,,False,,,20388290560.0,Sector,unknown,133.0,True,,False,True,249.0,True,True,False,129.0,,0,0,False,Sector,Sector,Sector,Sector,Sector
2026-10-08,EAGL,34.81999969482422,34.869998931884766,34.619998931884766,34.84000015258789,330500.0,250,11514620.050430298,11547654.58070755,8543149.721297007,0.0008617862141164,0.0493975708422012,0.1113237552998891,0.0069764553503309,0.1030798113510649,0.1134590857086377,6.0122130443143145e-06,0.0050918922836149,0.0126306914939775,0.0077304720072418,0.5133351288803661,34.946100006103514,33.104866625467935,0.00760909036346,35.40999984741211,36.43000030517578,0.9563546489358116,0.3625,0.0104047071874962,33.68000030517578,33.68000030517578,33.68000030517578,-0.0332950586203124,Eagle Capital Select Equity ETF,P,True,False,False,False,False,False,False,False,False,,False,,,4262146816.0,Other,unknown,411.0,True,,False,True,456.0,True,True,False,130.0,,0,0,False,Other,Other,Other,Other,Other
2026-10-08,MSLC,60.84999847412109,61.0099983215332,60.630001068115234,60.79999923706055,67200.0,250,4085759.9487304688,4750341.329441071,4093055.73789203,0.0170625707358984,0.0223641834379921,0.124052487808167,0.1585330062912323,0.0640530618341297,0.1563009048286079,0.0027049806338187,0.0014324944246235,0.0193895160906563,0.007717452007735,0.4627113088565082,60.53087989807129,57.94857330322266,0.0066387606107742,61.45000076293945,61.67599868774414,0.9857967528808308,0.5065998077392578,0.0083322337844777,59.73899841308594,59.060001373291016,59.060001373291016,-0.0286183862763754,Morgan Stanley Pathway Large Cap Equity ETF,P,True,False,False,False,False,False,False,False,False,,False,,,3979997184.0,Factor / Style,unknown,428.0,True,,False,True,463.0,False,False,False,131.0,,0,0,False,Factor / Style,Factor / Style,Factor / Style,Factor / Style,Factor / Style
2026-10-08,IBB,200.8999938964844,201.72000122070312,196.8699951171875,200.47999572753903,3615000.0,250,724735184.5550537,353277566.38534546,316727972.8632609,-0.0106061214197732,0.0438966048996489,0.1647244777152754,0.0,0.0587792212489932,0.1038710579746973,-0.0,0.0025802082514761,0.0171101057746151,0.0076656723845747,0.1128047792319602,204.94817962646485,184.6983905029297,0.0180484999417298,212.6199951171875,217.10832923417112,0.923409969735906,4.324935596014603,0.0215729034725857,196.8699951171875,196.8699951171875,196.8699951171875,-0.0180067871472708,iShares Biotechnology ETF,Q,True,False,False,False,False,False,False,False,False,,False,,,9087528960.0,Industry / Theme,unknown,264.0,True,,False,True,83.0,True,True,False,132.0,,0,0,False,Industry / Theme,Industry / Theme,Industry / Theme,Industry / Theme,Industry / Theme
2026-10-08,RWL,130.9199981689453,132.02999877929688,130.91000366210938,131.91000366210938,325200.0,250,42897133.19091797,39191149.64027405,35074659.23662943,-0.0016603090967315,0.015581599159796,0.1132244346652739,0.0,0.0497583624016248,0.1785740869650871,-0.0,0.0007753148577899,0.0202189500424894,0.0075805871724348,0.2829016653017012,132.59796844482423,126.29994262695313,0.0002182447425218,133.7544477741259,135.469257846147,0.9737264805268226,1.06586902588176,0.0080802744014169,128.14999389648438,128.14999389648438,128.14999389648438,-0.028504356464551,Invesco S&P 500 Revenue ETF,P,True,False,False,False,False,False,False,False,False,,False,,,9220293632.0,US Equity,unknown,260.0,True,,False,True,337.0,True,True,False,133.0,,0,0,False,US Equity,US Equity,US Equity,US Equity,US Equity
2026-10-08,DCOR,83.95999908447266,84.19000244140625,83.69000244140625,84.06999969482422,183300.0,250,15410030.94406128,11295819.01687622,10959105.794549366,0.0115970985496327,0.0178295296122914,0.1224663526663103,0.0998149497235307,0.0532612168741918,0.1612356569213505,0.0011575638086704,0.000949622443445,0.0197459428229143,0.0075283345762593,0.3962567404045337,84.0004655456543,80.23686131795247,0.0044249764180044,84.75800323486328,85.69049108936518,0.9810890173000528,0.816567906284466,0.0097129524116643,82.3499984741211,82.02858853278683,82.02858853278683,-0.0242822786897556,US Core Equity 1 Portfolio ETF Class Shares,P,True,False,False,False,False,False,False,False,False,,False,,,3237994240.0,Other,unknown,482.0,True,,False,True,449.0,True,True,False,134.0,,0,0,False,Other,Other,Other,Other,Other
2026-10-08,DFUV,55.33000183105469,55.72999954223633,55.255001068115234,55.66999816894531,373300.0,250,20781610.316467285,17036505.164089203,20936552.926805284,-0.0129686233645158,0.0155552247744559,0.1164103156881228,0.0,0.0558191603939647,0.1676546697150155,-0.0,0.0008682795866495,0.0195167330281129,0.0073952382911617,0.3726343921723716,56.44036033630371,53.4290864054362,0.0018578439279979,56.949421451928366,57.67673006882188,0.9652072526046108,0.4608006798338867,0.0082773611458628,54.630001068115234,54.630001068115234,54.630001068115234,-0.0186814646135595,Dimensional US Marketwide Value ETF,P,True,False,False,False,False,False,False,False,False,,False,,,15314369536.0,Factor / Style,unknown,168.0,True,,False,True,398.0,True,True,False,135.0,,0,0,False,Factor / Style,Factor / Style,Factor / Style,Factor / Style,Factor / Style
2026-10-08,FLOT,50.91999816894531,50.93000030517578,50.90999984741211,50.93000030517578,1965100.0,250,100082543.59970091,128218144.10354614,108502695.52327111,0.0034397759617328,0.0095219947879272,0.0228260149260191,0.4793209262381785,0.4873922584790206,0.5463495585363394,0.0016487566000296,0.0046409465449133,0.0124709831779744,0.0073814593664847,0.8654085255156375,50.720140838623045,50.285239639282224,0.0015904791876186,50.93000030517578,50.93000030517578,1.0,0.0314263405621566,0.0006170496833663,50.82517226315088,50.75541299724682,50.75541299724682,-0.003427985605396,iShares Floating Rate Bond ETF,Z,True,False,False,False,False,False,False,False,False,,False,,,9968492544.0,Bond,unknown,249.0,True,,False,True,174.0,True,True,False,136.0,,0,0,False,Bond,Bond,Bond,Bond,Bond
2026-10-08,IWY,301.5799865722656,302.5799865722656,297.4200134277344,298.9100036621094,365900.0,250,109371170.33996582,100356974.78668211,98969573.64448668,0.0514679912908364,0.0298580169392155,0.1517767510424827,0.3340072411417233,0.0539070771084707,0.1191032316717339,0.0171906817781585,0.0016095584214483,0.0180771015417959,0.0073731985135699,0.52672950850595,289.62682373046874,281.07768025716143,0.0149568852079438,305.25,305.25,0.9792301512272216,3.848644996773558,0.0128755978375487,293.2099914550781,280.8699951171875,280.8699951171875,-0.0603526423468733,iShares Russell Top 200 Growth ETF,P,True,False,False,False,False,False,False,False,False,,False,,,16964288512.0,Factor / Style,unknown,153.0,True,,False,True,186.0,True,True,False,137.0,,0,0,False,Factor / Style,Factor / Style,Factor / Style,Factor / Style,Factor / Style
2026-10-08,ILF,37.33000183105469,37.90999984741211,37.25,37.5099983215332,2277100.0,250,85414017.17796326,98728297.97166824,93917056.1229827,0.0356156007000001,0.0869313284819284,0.0179136055824569,0.1331266546596199,0.1285347245376272,0.0145946414147756,0.0047413857748838,0.0111736943601146,0.0002614426499216,0.0073544062615471,1.9734032506694357,35.13800003051758,34.82123672485351,0.0067444812765435,38.27000045776367,38.27000045776367,0.9801410471089688,0.7549997329711914,0.020127959657566,33.72999954223633,33.72999954223633,33.72999954223633,-0.1007730991319961,iShares Latin America 40 ETF,P,True,False,False,False,False,False,False,False,False,,False,,,3739343872.0,Country / Region,unknown,449.0,True,,False,True,194.0,True,True,False,138.0,,0,0,False,Country / Region,Country / Region,Country / Region,Country / Region,Country / Region
2026-10-08,IBDR,24.190000534057617,24.190000534057617,24.18000030517578,24.18000030517578,1274800.0,250,30824664.38903809,17814117.050457,15259926.473102871,0.002813462759845,0.0094225256305324,0.0194803476786775,0.9442984202840834,0.5780460045232734,0.5540830167273193,0.0026567484396497,0.0054466532932474,0.0107937298086986,0.0073181300736553,1.0825689501340905,24.093816223144533,23.91022878011068,0.001523899625522,24.190000534057617,24.190000534057617,0.999586596582842,0.0140674848067277,0.0005817818291638,24.142062895217432,24.11216139039376,24.11216139039376,-0.0028055795668248,iShares iBonds Dec 2026 Term Corporate ETF,P,True,False,False,False,False,False,False,False,False,,False,,,3504570624.0,Bond,unknown,464.0,True,,False,True,426.0,True,True,False,139.0,,0,0,False,Bond,Bond,Bond,Bond,Bond
2026-10-08,MTUM,320.010009765625,322.04998779296875,315.67999267578125,317.32000732421875,1039300.0,250,329790683.61206055,539556608.6975098,476262356.6174219,0.0488529330118365,-0.0118415269309848,0.2130293471210516,0.2874898493187765,0.0,0.0978988489394848,0.0140447223503531,-0.0,0.0208553278734809,0.0072993647557183,-0.0,309.10018127441407,296.52509165445963,0.0111594863813491,325.9599914550781,344.89467183233825,0.9200490272533864,4.760594263602329,0.0150025026904094,311.9599914550781,297.1109985533259,297.1109985533259,-0.0636865256032989,iShares MSCI USA Momentum Factor ETF,Z,True,False,False,False,False,False,False,False,False,,False,,,29047369728.0,Country / Region,unknown,96.0,True,,False,True,60.0,True,True,False,140.0,,0,0,False,Country / Region,Country / Region,Country / Region,Country / Region,Country / Region
2026-10-08,DUHP,42.31999969482422,42.584999084472656,42.275001525878906,42.43999862670898,1267200.0,250,53779966.259765625,37578624.47122574,31548477.00836545,0.0229100819623295,0.0155808822636698,0.1189321186599636,0.2324938021868926,0.0500425416136728,0.162965423149539,0.0053264520638353,0.0007797069490574,0.0193818230434921,0.0072904475821095,0.4399264835031317,42.13576919555664,40.434742813110354,0.0051482214646008,42.810001373291016,42.81689888412259,0.9911973947848576,0.3620482416066874,0.0085308259500941,41.7599983215332,41.01040131343814,41.01040131343814,-0.0336851404224869,US High Relative Profitability Portfolio ETF Class Shares,P,True,False,False,False,False,False,False,False,False,,False,,,12324184064.0,Other,unknown,201.0,True,,False,True,356.0,True,True,False,141.0,,0,0,False,Other,Other,Other,Other,Other
2026-10-08,AVUS,129.8800048828125,130.39500427246094,129.5500030517578,130.05999755859375,553200.0,250,71949190.64941406,46120069.067840576,39993705.95987713,0.0111171003770389,0.0143328036523355,0.1229601121535663,0.1148590183865614,0.0453792929871413,0.1588088498237508,0.0012768992366115,0.0006504124962665,0.0195271539853072,0.0072572720174307,0.4827937855356786,129.82949768066408,124.26113169352212,0.0042177861030785,131.24000549316406,132.51259007111668,0.9814916264846482,1.1077472686767578,0.0085172019796302,127.50499725341795,126.66000366210938,126.66000366210938,-0.026141734278848,Avantis U.S. Equity ETF,P,True,False,False,False,False,False,False,False,False,,False,,,13827512320.0,US Equity,unknown,182.0,True,,False,True,314.0,True,True,False,142.0,,0,0,False,US Equity,US Equity,US Equity,US Equity,US Equity
2026-10-08,IMCG,95.5500030517578,96.11000061035156,95.30999755859376,95.83999633789062,122300.0,250,11721231.552124023,13754301.902923584,13431500.304122198,0.0193086146432714,-0.0124530407857584,0.1550496516490798,0.1392195923907479,0.0,0.131769341665516,0.0026881374602662,-0.0,0.0204307905232668,0.0071507766831433,-0.0,96.40925247192382,91.65853907267253,0.0006302950372827,97.5199966430664,100.59155642235018,0.9527638277659276,1.0934675779448595,0.0114093032108407,93.52999877929688,92.4499969482422,92.4499969482422,-0.0353714474038245,iShares Morningstar Mid-Cap Growth ETF,P,True,False,False,False,False,False,False,False,False,,False,,,4006894848.0,Factor / Style,unknown,425.0,True,,False,True,436.0,True,True,False,143.0,,0,0,False,Factor / Style,Factor / Style,Factor / Style,Factor / Style,Factor / Style
2026-10-08,GUNR,53.25,53.65999984741211,53.25,53.59999847412109,321300.0,250,17221679.509735107,19898655.765132904,26965289.174143475,-0.0472908178870616,0.0764549483239618,-0.0216544893237797,0.0,0.1422594518018369,0.0,-0.0,0.0108764390361045,-0.0,0.0070696853734679,0.7609371627552873,54.45578773498535,53.22100095113119,0.0068983102126762,56.638126842776366,57.6912164050696,0.9290842144457022,0.7107683728268803,0.0132606043481521,52.2599983215332,52.2599983215332,52.2599983215332,-0.0250000035584863,Northern Trust Morningstar Global Upstream Natural Resources ETF,P,True,False,False,False,False,False,False,False,False,,False,,,6723008512.0,Global Equity,unknown,322.0,True,,False,True,370.0,True,True,False,144.0,,0,0,False,Global Equity,Global Equity,Global Equity,Global Equity,Global Equity
2026-10-08,BAI,48.66999816894531,49.040000915527344,47.23500061035156,47.59999847412109,7882700.0,250,375216507.9719544,242787053.18439484,167900696.3889652,0.0813266237875749,-0.0023056091482375,0.2744310687750624,0.245541607002086,0.0,0.0718945042675803,0.0199690698968552,-0.0,0.0197300856452053,0.0069055299758218,-0.0,45.261599655151365,43.88626656850179,0.0249317209994925,50.209999084472656,54.459999084472656,0.874035976392305,1.123450469970703,0.0236019013862257,45.95000076293945,42.31999969482422,42.31999969482422,-0.1109243476586974,iShares A.I. Innovation and Tech Active ETF,P,True,False,False,False,False,False,False,False,False,,False,,,15693548544.0,Industry / Theme,unknown,163.0,True,,False,True,130.0,True,True,False,145.0,,0,0,False,Industry / Theme,Industry / Theme,Industry / Theme,Industry / Theme,Industry / Theme
2026-10-08,BSCQ,19.540000915527344,19.549999237060547,19.540000915527344,19.545000076293945,1059100.0,250,20700109.58080292,17484828.212327957,18413228.255181085,0.0033856107430865,0.0093615462863156,0.0195360494206711,0.4855770581130804,0.5172076013844445,0.5430053704861092,0.0016439749045439,0.0048418628999947,0.0106081797535064,0.0068600737987238,0.9903783558025798,19.467437629699702,19.31957787831624,0.0014889087648777,19.549999237060547,19.549999237060547,0.999744288441857,0.0163819916976287,0.0008381679014418,19.5,19.46709235805763,19.46709235805763,-0.0039860689655769,Invesco BulletShares 2026 Corporate Bond ETF,Q,True,False,False,False,False,False,False,False,False,,False,,,3705947392.0,Bond,unknown,452.0,True,,False,True,409.0,True,True,False,146.0,,0,0,False,Bond,Bond,Bond,Bond,Bond
2026-10-08,AIA,140.5500030517578,140.77999877929688,138.02000427246094,138.97000122070312,447200.0,250,62147384.54589844,37966351.47277832,52312603.39544387,-0.0031561755243382,0.0010804919217015,0.2235052274319811,0.0,0.0012391070764989,0.0869142068757996,-0.0,1.3388451862803224e-06,0.0194257795748458,0.0067998931005671,0.0009188158721115,139.6774005126953,131.48064214070638,0.0174028075806353,147.41000366210938,150.82000732421875,0.9214294819781994,2.736499786376953,0.0196912985704808,138.02000427246094,136.3000030517578,136.3000030517578,-0.0192127663919711,iShares Asia 50 ETF,Q,True,False,False,False,False,False,False,False,False,,False,,,5221864448.0,Country / Region,unknown,370.0,True,,False,True,286.0,True,True,False,147.0,,0,0,False,Country / Region,Country / Region,Country / Region,Country / Region,Country / Region
2026-10-08,VONG,131.86000061035156,132.4199981689453,130.17999267578125,130.8699951171875,909600.0,250,119039347.55859376,104199929.98146056,125777414.20635648,0.0494671137878888,0.0270084537514587,0.1443938823927819,0.3240723631867218,0.0500606638881018,0.1168747727592925,0.0160309244652675,0.0013520611253891,0.0168760021924884,0.0067854404988738,0.5268397830388388,127.24991821289062,123.53827667236328,0.0136673445124244,133.6300048828125,133.6300048828125,0.9793458829246814,1.6622043948831249,0.012701187872703,128.27999877929688,123.2529926394514,123.2529926394514,-0.0582028177728245,Vanguard Russell 1000 Growth ETF,Q,True,False,False,False,False,False,False,False,False,,False,,,53361160192.0,Factor / Style,unknown,52.0,True,,False,True,154.0,True,True,False,148.0,,0,0,False,Factor / Style,Factor / Style,Factor / Style,Factor / Style,Factor / Style
2026-10-08,IWF,128.1199951171875,128.60000610351562,126.44000244140624,127.11000061035156,4738400.0,250,602298026.8920898,502087498.93066406,480317174.1560073,0.0486676799249417,0.0264168356254432,0.1440569789825418,0.3227187980117676,0.0488232444880967,0.1158531376082627,0.0157059751673986,0.0012897556243428,0.016689453009495,0.0066796497091461,0.5203459297728952,123.61323211669922,120.05632568359376,0.013626117988561,129.8000030517578,129.8000030517578,0.9792757906150926,1.634832446635123,0.0128615564376134,124.61000061035156,119.7300033569336,119.7300033569336,-0.0580599261897647,iShares Russell 1000 Growth Fund,P,True,False,False,False,False,False,False,False,False,,False,,,128899137536.0,Factor / Style,unknown,21.0,True,,False,True,59.0,True,True,False,149.0,,0,0,False,Factor / Style,Factor / Style,Factor / Style,Factor / Style,Factor / Style
2026-10-08,BKLN,20.489999771118164,20.5,20.46999931335449,20.489999771118164,8253500.0,250,169114213.11092377,238753148.6050701,165891333.82897452,0.0007135537295246,0.0190410069046167,0.0283569547956661,0.0308125502815768,0.3418776197037488,0.2437370563362551,2.1986410169584667e-05,0.006509694117313,0.0069116406885559,0.006650375417248,0.60488173359377,20.414999732971197,20.133441314697265,0.0031982441837423,20.59000015258789,20.59000015258789,0.9951432549427564,0.0456749704957982,0.002229134748951,20.399999618530277,20.399999618530277,20.399999618530277,-0.0043923940260238,Invesco Senior Loan ETF,P,True,False,False,False,False,False,False,False,False,,False,,,7145859584.0,Bond,unknown,307.0,True,,False,True,132.0,True,True,False,150.0,,0,0,False,Bond,Bond,Bond,Bond,Bond
2026-10-08,DFAC,45.08000183105469,45.209999084472656,44.93999862670898,45.11000061035156,2373200.0,250,107055053.44848631,88466804.91973877,91419658.28611584,0.0081797211155276,0.0133776848113698,0.1159205187622511,0.081897776946932,0.0420607722615044,0.1541336269785543,0.0006699009754075,0.0005626757542372,0.0178672499980613,0.0066192767395756,0.3411485824143773,45.23083938598633,43.244481557210285,0.0036598400574814,45.58000183105469,46.24578418385755,0.9754402786426868,0.3967604728241781,0.0087953994115693,44.2599983215332,44.09739541416794,44.09739541416794,-0.0224474658054262,U.S. Core Equity 2 Portfolio ETF Class Shares,P,True,False,False,False,False,False,False,False,False,,False,,,47398703104.0,Other,unknown,62.0,True,,False,True,199.0,True,True,False,151.0,,0,0,False,Other,Other,Other,Other,Other
2026-10-08,AVLV,91.9000015258789,92.6050033569336,91.80999755859376,92.52999877929688,2083000.0,250,192739987.4572754,125434059.65454102,159319458.49970257,-0.0038755583240071,0.011971512149991,0.1070721823296079,0.0,0.0427882602331681,0.1615808540682804,-0.0,0.0005122401772583,0.0173008146677726,0.0063882412489383,0.6893799495551823,93.0575260925293,88.92237869262695,-0.0001564978503574,93.87000274658205,95.08142113780632,0.9731659210813484,0.7929512023925781,0.0085696661931654,89.98500061035156,89.98500061035156,89.98500061035156,-0.0275045736790254,Avantis U.S. Large Cap Value ETF,P,True,False,False,False,False,False,False,False,False,,False,,,16735772672.0,Factor / Style,unknown,157.0,True,,False,True,138.0,True,True,False,152.0,,0,0,False,Factor / Style,Factor / Style,Factor / Style,Factor / Style,Factor / Style
2026-10-08,CGUS,45.220001220703125,45.33000183105469,44.90999984741211,45.09999847412109,751600.0,250,33897158.853149414,41860457.56757736,49640136.32744683,0.0194208008614298,0.0088386382143426,0.1170919971699224,0.1680389389087675,0.025204857448416,0.1427329151912369,0.0032634507695131,0.0002227766162306,0.016712882101627,0.0059943135361193,0.1978951066030808,45.03791427612305,43.17081064860026,0.0046732428669467,45.69499969482422,46.70184632234249,0.965700545602304,0.4465102143805151,0.0099004485473924,44.310001373291016,43.476343461767584,43.476343461767584,-0.0360012210041466,Capital Group Core Equity ETF,P,True,False,False,False,False,False,False,False,False,,False,,,11122103296.0,Other,unknown,225.0,True,,False,True,293.0,True,True,False,153.0,,0,0,False,Other,Other,Other,Other,Other
2026-10-08,GRNY,28.3700008392334,28.520000457763672,28.06800079345703,28.239999771118164,1303200.0,250,36802367.70172119,32797814.717054367,33396308.247647967,0.0263408120794934,0.0152772002448862,0.1333150493170896,0.1653410030371331,0.0323421034409022,0.1213184534260122,0.004355216290036,0.0004940967906074,0.0161735756015618,0.0059819143744415,0.2435189765603052,27.87685985565185,26.83246192932129,0.0078129785589311,28.8799991607666,28.8799991607666,0.9778393556701388,0.3738770044599991,0.0132392708034783,27.69099998474121,26.945529755943717,26.945529755943717,-0.0458381737133843,Fundstrat Granny Shots US Large Cap ETF,P,True,False,False,False,False,False,False,False,False,,False,,,4392313856.0,Factor / Style,unknown,405.0,True,,False,True,348.0,True,True,False,154.0,,0,0,False,Factor / Style,Factor / Style,Factor / Style,Factor / Style,Factor / Style
2026-10-08,CGGR,48.09000015258789,48.220001220703125,47.59999847412109,47.86000061035156,2409900.0,250,115337815.47088625,125688049.84649658,119158241.34071591,0.0323554784351118,0.0169995583024906,0.1393676661710965,0.2212389778860046,0.0338123312829725,0.1149627073773583,0.0071582929779968,0.000574794696988,0.0160220842238931,0.0059813460314048,0.3279897679150924,47.02680023193359,45.41501607259114,0.0124220135170425,48.685001373291016,48.685001373291016,0.9830543136557852,0.5976499557495117,0.0124874623511861,47.17499923706055,45.72999954223633,45.72999954223633,-0.0445048274331726,Capital Group Growth ETF,P,True,False,False,False,False,False,False,False,False,,False,,,24842137600.0,Factor / Style,unknown,111.0,True,,False,True,161.0,True,True,False,155.0,,0,0,False,Factor / Style,Factor / Style,Factor / Style,Factor / Style,Factor / Style
2026-10-08,HELO,69.6500015258789,69.87999725341797,69.55000305175781,69.76000213623047,325400.0,250,22699904.695129395,23661537.55432129,26286314.979395792,0.0132159571504462,0.0222611314321732,0.068118060464267,0.2083125920259061,0.1032392337501672,0.1800270447164009,0.0027530502901127,0.0022982221514693,0.0122630931171951,0.0057859269894733,0.6441986304826596,69.36121627807617,67.59220886230469,0.0054048106963191,70.02999877929688,70.13840731696924,0.9946048791922424,0.456291852431223,0.0065408807118462,68.9000015258789,68.14101086804358,68.14101086804358,-0.0232080163218064,JPMorgan Hedged Equity Laddered Overlay ETF,P,True,False,False,False,False,False,False,False,False,,False,,,3913838592.0,Other,unknown,438.0,True,,False,True,371.0,True,True,False,156.0,,0,0,False,Other,Other,Other,Other,Other
2026-10-08,URTH,207.9199981689453,208.38999938964844,207.0800018310547,207.8699951171875,237300.0,250,49327549.841308594,99240785.1737976,92719686.88424732,0.0097148688368187,0.0158334074039165,0.1109582675697447,0.086655048486948,0.0444442956009491,0.1315686159230313,0.0008418424300988,0.0007037046390299,0.0145986256893686,0.0055669270066484,0.2680034565799991,208.2206002807617,199.385539449056,0.0058451083395718,210.3699951171875,211.94000244140625,0.9807964174892186,1.9750015258789064,0.0095011380779871,204.63999938964844,203.5500030517578,203.5500030517578,-0.0207821819738547,iShares MSCI World ETF,P,True,False,False,False,False,False,False,False,False,,False,,,8064359424.0,Country / Region,unknown,283.0,True,,False,True,196.0,True,True,False,157.0,,0,0,False,Country / Region,Country / Region,Country / Region,Country / Region,Country / Region
2026-10-08,BLCR,50.130001068115234,50.16999816894531,49.630001068115234,49.86000061035156,1233900.0,250,61522254.75311279,167273526.49547577,65753988.42088608,0.023110212777649,-0.0034375134620376,0.1350279946941424,0.1750868647045532,0.0,0.1167487413615842,0.0040462946978936,-0.0,0.0157643484291198,0.0055175219501919,-0.0,49.47692405700683,47.84617830912272,0.0053671879579886,50.5620002746582,50.95074132497224,0.97859225035287,0.5671547395468494,0.0113749444966733,48.762001037597656,48.02000045776367,48.02000045776367,-0.0369033319306836,iShares Large Cap Core Active ETF,Q,True,False,False,False,False,False,False,False,False,,False,,,6449013248.0,Factor / Style,unknown,334.0,True,,False,True,250.0,True,True,False,158.0,,0,0,False,Factor / Style,Factor / Style,Factor / Style,Factor / Style,Factor / Style
2026-10-08,FMDE,40.81999969482422,41.1349983215332,40.71500015258789,41.130001068115234,1526000.0,250,62764381.62994385,38948987.51493454,37126594.40873767,0.0052690464846762,0.0164166345677601,0.1048372519491975,0.048225414323152,0.0474057051266869,0.1310093015650124,0.0002541019498114,0.0007782421374918,0.0137346551558596,0.0053129866939205,0.5498472985337898,41.54898132324219,39.51595959981282,0.0017574223103726,41.595001220703125,42.84895940441665,0.9598833119825022,0.4006415621410052,0.0097408595121965,40.22999954223633,40.22999954223633,40.22999954223633,-0.0218818746050702,Fidelity Enhanced Mid Cap Core ETF,P,True,False,False,False,False,False,False,False,False,,False,,,7389860352.0,Factor / Style,unknown,299.0,True,,False,True,328.0,True,True,False,159.0,,0,0,False,Factor / Style,Factor / Style,Factor / Style,Factor / Style,Factor / Style
2026-10-08,FNDE,42.310001373291016,42.459999084472656,42.18000030517578,42.290000915527344,1720500.0,250,72759946.5751648,84448383.07050705,60522719.50829521,-0.0051751920652139,0.0434246777507798,0.0759050802663212,0.0,0.1142858416781892,0.0770099362768333,-0.0,0.004962825846352,0.0058454453943973,0.0052717426881678,0.6244866783805734,42.0231999206543,40.53433596293132,0.0083357759894437,43.04999923706055,43.18000030517578,0.9793886201167592,0.4345001220703125,0.0102742991880801,41.43000030517578,41.43000030517578,41.43000030517578,-0.0203357907716621,Schwab Fundamental Emerging Markets Equity ETF,P,True,False,False,False,False,False,False,False,False,,False,,,9189189632.0,Country / Region,unknown,261.0,True,,False,True,260.0,True,True,False,160.0,,0,0,False,Country / Region,Country / Region,Country / Region,Country / Region,Country / Region
2026-10-08,FESM,45.02000045776367,45.26499938964844,44.72499847412109,45.25,1527600.0,250,69123900.0,53356386.9247818,45436320.77661545,-0.0140762820668929,-0.045813288226581,0.1332356394198475,0.0,0.0,0.112812840626662,-0.0,-0.0,0.0150306909556626,0.0052607418344819,-0.0,46.77134498596192,44.49392405192057,-0.0067179926571275,46.56452693372808,48.81942130634514,0.9268852188159548,0.589342808041253,0.0130241504539503,44.665000915527344,44.665000915527344,44.665000915527344,-0.0129281565629316,Fidelity Enhanced Small Cap Core ETF,P,True,False,False,False,False,False,False,False,False,,False,,,5784907776.0,Factor / Style,unknown,358.0,True,,False,True,304.0,True,True,False,161.0,,0,0,False,Factor / Style,Factor / Style,Factor / Style,Factor / Style,Factor / Style
2026-10-08,SRLN,40.220001220703125,40.29999923706055,40.150001525878906,40.18999862670898,1187700.0,250,47733661.36894226,112820970.72624208,76359967.09115164,-0.0015733258252402,0.0144677364143503,0.0347026585664005,0.0,0.2216406946075278,0.2513912426062445,-0.0,0.0032066391482752,0.0087239444587476,0.0051376960069405,0.3828119756855832,40.1619913482666,39.48015177408854,0.0029656454266049,40.48192737587122,40.48192737587122,0.9927886647675712,0.1070738041160311,0.0026641902904886,40.060001373291016,40.060001373291016,40.060001373291016,-0.003234567252052,State Street Blackstone Senior Loan ETF,P,True,False,False,False,False,False,False,False,False,,False,,,5200829440.0,Bond,unknown,371.0,True,,False,True,223.0,True,True,False,162.0,,0,0,False,Bond,Bond,Bond,Bond,Bond
2026-10-08,GDXJ,109.26000213623048,111.58000183105467,108.9000015258789,110.9000015258789,3252900.0,250,360746614.9635315,437338369.24503326,515573101.47592455,-0.1063658107215433,0.1215615352582895,-0.1327129182466271,0.0,0.0639157899246399,0.0,-0.0,0.0077697015504855,-0.0,0.0050503060078156,0.5124630627889275,119.8963996887207,115.30833338419596,0.0304503352796343,128.8800048828125,136.5500030517578,0.8121567121740997,4.234000778198242,0.0381785457163426,107.81999969482422,107.81999969482422,107.81999969482422,-0.027772784388429,VanEck Junior Gold Miners ETF,P,True,False,False,False,False,False,False,False,False,,False,,,7078291968.0,Commodity,unknown,310.0,True,,False,True,55.0,True,True,False,163.0,,0,0,False,Commodity,Commodity,Commodity,Commodity,Commodity
2026-10-08,VTV,217.9499969482422,219.77999877929688,217.5200042724609,219.6300048828125,3294400.0,250,723549088.0859375,641335024.291153,605777017.3908778,-0.0077070941597399,0.0065978629623617,0.0925565403682806,0.0,0.0242358868890903,0.1473318983984938,-0.0,0.0001599050604655,0.0136365308016556,0.004876724069882,0.12099401183258,222.12707916259765,211.9743688964844,-0.0005505275274447,223.49586438140176,227.51727314942332,0.9653333210378676,1.784319595116743,0.0081242068726848,214.8000030517578,214.8000030517578,214.8000030517578,-0.0219915390596645,Vanguard Morningstar Value ETF,P,True,False,False,False,False,False,False,False,False,,False,,,254461837312.0,Factor / Style,unknown,10.0,True,,False,True,50.0,True,True,False,164.0,,0,0,False,Factor / Style,Factor / Style,Factor / Style,Factor / Style,Factor / Style
2026-10-08,ACWI,160.05999755859375,160.39999389648438,159.16000366210938,159.7899932861328,2213500.0,250,353695150.138855,365235603.9456177,362532010.97671264,0.0062976260613478,0.0133815367095437,0.1086242458266986,0.0505050037992808,0.0356118154760908,0.1188866351399295,0.0003180616281548,0.0004765408160868,0.0129139710809487,0.0048296414087884,0.2465911694160178,160.25859985351562,153.6302202351888,0.0066153558980435,162.4600067138672,162.8000030517578,0.9815109968722296,1.602001953125,0.0100256713213344,157.63999938964844,156.67999267578125,156.67999267578125,-0.0194630498843725,iShares MSCI ACWI ETF,Q,True,False,False,False,False,False,False,False,False,,False,,,33203742720.0,Country / Region,unknown,90.0,True,,False,True,76.0,True,True,False,165.0,,0,0,False,Country / Region,Country / Region,Country / Region,Country / Region,Country / Region
2026-10-08,EWY,179.35000610351562,179.97000122070312,174.2100067138672,176.2899932861328,19077500.0,250,3363172346.9161987,2367043354.8766327,3043600224.68206,-0.0355071973766704,-0.0393963100371018,0.2656328651261668,0.0,0.0,0.0513048021913682,-0.0,-0.0,0.0136282416008243,0.0047698845602885,-0.0,179.01079956054687,170.8423331705729,0.0264569089698112,193.0,220.88999938964844,0.7980895186438861,6.154499816894531,0.0349112261119965,174.2100067138672,173.89999389648438,173.89999389648438,-0.0135572039291491,iShares MSCI South Korea ETF,P,True,False,False,False,False,False,False,False,False,,False,,,24467890176.0,Country / Region,unknown,113.0,True,,False,True,11.0,True,True,False,166.0,,0,0,False,Country / Region,Country / Region,Country / Region,Country / Region,Country / Region
2026-10-08,USMV,99.3000030517578,100.11000061035156,99.3000030517578,100.0199966430664,2299700.0,250,230015986.2800598,170217980.99666595,186634541.52546236,0.0136209788233052,0.026477852713685,0.0724790589673562,0.1488762596919696,0.0908310506894667,0.1256741538687187,0.0020278403805572,0.0024050111819849,0.0091087444089234,0.0047513178114134,0.6179854134081849,99.61867004394531,96.30711380004882,0.0037456128067541,100.11000061035156,101.87542224029028,0.9817873088874416,0.7013543254609601,0.0070121410617901,97.33000183105467,97.33000183105467,97.33000183105467,-0.0268945701089282,iShares MSCI USA Min Vol Factor ETF,Z,True,False,False,False,False,False,False,False,False,,False,,,23007752192.0,Country / Region,unknown,118.0,True,,False,True,121.0,True,True,False,167.0,,0,0,False,Country / Region,Country / Region,Country / Region,Country / Region,Country / Region
2026-10-08,JAVA,80.56999969482422,81.08000183105469,80.43000030517578,81.05000305175781,2013900.0,250,163226601.14593506,49586426.78607941,38301768.1932964,-0.0034062885095409,0.0108465806071615,0.0953273402349954,0.0,0.033468303454642,0.1335261929633242,-0.0,0.0003630166512057,0.0127286968268984,0.0046910047126981,0.1983499109793919,81.90534484863281,77.95737197875977,0.0009589217732548,82.20451837153412,83.81988831620298,0.96695431931386,0.6677210562987916,0.0082383840981769,79.11000061035156,79.11000061035156,79.11000061035156,-0.0239358712937663,JPMorgan Active Value ETF,P,True,False,False,False,False,False,False,False,False,,False,,,6685886976.0,Factor / Style,unknown,325.0,True,,False,True,320.0,True,True,False,168.0,,0,0,False,Factor / Style,Factor / Style,Factor / Style,Factor / Style,Factor / Style
2026-10-08,MGV,162.0,163.3000030517578,161.7100067138672,163.22000122070312,189200.0,250,30881224.23095703,36614197.993392944,39819045.631142266,-0.0113870673126066,-0.0023227681456934,0.0916716350949498,0.0,0.0,0.1427334716416999,-0.0,-0.0,0.0130846107281732,0.0045796137548606,-0.0,165.69899993896485,158.19551961263022,-0.0009068436523075,166.6699981689453,169.83999633789062,0.9610221663923189,1.2964996337890624,0.0079432644534535,159.97000122070312,159.97000122070312,159.97000122070312,-0.0199117753687882,Vanguard Morningstar Mega Cap Value ETF,P,True,False,False,False,False,False,False,False,False,,False,,,13311754240.0,Factor / Style,unknown,194.0,True,,False,True,316.0,True,True,False,169.0,,0,0,False,Factor / Style,Factor / Style,Factor / Style,Factor / Style,Factor / Style
2026-10-08,SIL,83.19999694824219,84.91999816894531,82.83999633789062,84.68000030517578,847300.0,250,71749364.25857544,80605794.13703918,97870520.02785093,-0.1197504886540113,0.1091028421418782,-0.113560731182933,0.0,0.0643293108291807,0.0,-0.0,0.0070185106444919,-0.0,0.0045620319189197,0.5743066092502087,91.53559997558594,88.52367401123047,0.0277231331705609,99.02999877929688,104.48999786376952,0.8104124991521069,3.290999984741211,0.0388639581114888,82.47000122070312,82.47000122070312,82.47000122070312,-0.026098241338074,Global X Silver Miners ETF,P,True,False,False,False,False,False,False,False,False,,False,,,4207305472.0,Commodity,unknown,414.0,True,,False,True,190.0,True,True,False,170.0,,0,0,False,Commodity,Commodity,Commodity,Commodity,Commodity
2026-10-08,DISV,42.34999847412109,42.459999084472656,42.09999847412109,42.45000076293945,353600.0,250,15010320.26977539,13400485.776519775,13899663.497452509,-0.0312282275806599,0.0443311877395211,0.0559989075624351,0.0,0.1089196484795354,0.0629778815258826,-0.0,0.0048285373852689,0.0035266925660458,0.0043728916985408,0.3829136500934743,43.63049957275391,41.40508344014486,0.0089127775990971,44.30535390875925,44.851963172523305,0.9464468834876928,0.5092940071007099,0.011997502896286,42.09999847412109,42.09999847412109,42.09999847412109,-0.0082450478805156,Dimensional International Small Cap Value ETF,Z,True,False,False,False,False,False,False,False,False,,False,,,4663429632.0,Factor / Style,unknown,394.0,True,,False,True,434.0,True,True,False,171.0,,0,0,False,Factor / Style,Factor / Style,Factor / Style,Factor / Style,Factor / Style
2026-10-08,EMXC,99.0,99.2750015258789,97.66999816894533,98.22000122070312,2118400.0,250,208069250.5859375,191634353.4254456,195272924.0414332,-0.0100786130588289,-0.0009154342399102,0.1671873450227119,0.0,0.0,0.0741093654175853,-0.0,-0.0,0.012390148045484,0.0043365518159194,-0.0,98.13340026855468,93.5765239461263,0.0175042430839711,102.99500274658205,107.12000274658205,0.91691559654891,1.854750061035156,0.0188836289756042,97.66999816894533,96.4800033569336,96.4800033569336,-0.017715310956469,iShares MSCI Emerging Markets ex China ETF,Q,True,False,False,False,False,False,False,False,False,,False,,,26057398272.0,Country / Region,unknown,106.0,True,,False,True,118.0,True,True,False,172.0,,0,0,False,Country / Region,Country / Region,Country / Region,Country / Region,Country / Region
2026-10-08,BSCR,19.57999992370605,19.57999992370605,19.56999969482422,19.575000762939453,1023400.0,250,20033055.78079224,17081995.350179672,13310855.601619538,0.0017903095651297,0.0073174502141408,0.0169529851362253,0.304440202506432,0.3913358424011464,0.3974912700938857,0.0005450422065572,0.0028635805437792,0.0067386635936809,0.0042198596112448,0.9007167333269783,19.530939407348637,19.393700942993163,0.0011189011262631,19.57999992370605,19.57999992370605,0.9997446802458588,0.0139890139338334,0.0007146366992903,19.530000686645508,19.530000686645508,19.530000686645508,-0.0022988543826338,Invesco BulletShares 2027 Corporate Bond ETF,Q,True,False,False,False,False,False,False,False,False,,False,,,4586565632.0,Bond,unknown,398.0,True,,False,True,439.0,True,True,False,173.0,,0,0,False,Bond,Bond,Bond,Bond,Bond
2026-10-08,EWJ,97.5,97.73999786376952,96.9000015258789,97.31999969482422,5413000.0,250,526793158.3480835,398842884.9136734,377214975.2851214,0.0091248157521837,0.0292966319794836,0.1091449770165864,0.0465114684846018,0.0486049483285685,0.085309086935152,0.0004244085802854,0.0014239612835638,0.0093110583328431,0.0041844452508116,0.3983853285427512,96.6236001586914,91.8936252339681,0.0143890478300023,99.9800033569336,99.9800033569336,0.9733946432006706,1.5220008850097655,0.0156391377906129,95.97000122070312,95.11000061035156,95.11000061035156,-0.022708580881656,iShares MSCI Japan Index Fund,P,True,False,False,False,False,False,False,False,False,,False,,,22312462336.0,Country / Region,unknown,123.0,True,,False,True,75.0,True,True,False,174.0,,0,0,False,Country / Region,Country / Region,Country / Region,Country / Region,Country / Region
2026-10-08,VT,158.8300018310547,159.22999572753906,158.11000061035156,158.72999572753906,1786800.0,250,283618756.3659668,452290503.3401489,391596599.6895927,0.0038339062641281,0.0095652461687336,0.1018465636464627,0.0319788406804981,0.0257009211756711,0.1122303281810311,0.0001226038776045,0.0002458356378085,0.0114302732621527,0.004160388806329,0.1580127333399829,159.57266662597655,153.2082494099935,0.0060935625925724,161.5500030517578,162.29307174772592,0.9780454212751274,1.5734000937437205,0.0099124307698241,156.77000427246094,156.07902797009712,156.07902797009712,-0.0167011140225339,Vanguard Total World Stock Index ETF,P,True,False,False,False,False,False,False,False,False,,False,,,96774266880.0,Global Equity,unknown,28.0,True,,False,True,71.0,True,True,False,175.0,,0,0,False,Global Equity,Global Equity,Global Equity,Global Equity,Global Equity
2026-10-08,VOOV,222.4900054931641,224.22999572753903,222.22000122070312,224.22999572753903,54700.0,250,12265380.766296389,15575184.54673767,15203539.955817329,-0.0004566771898314,0.012077459877994,0.0787837335171346,0.0,0.0427757266131455,0.1373196220315751,-0.0,0.0005166221219223,0.0108185525088092,0.0041222977573327,0.2523463448213383,225.6130868530273,217.51370249430337,-6.677186613601727e-05,226.7522268343318,230.68561625362125,0.9720155047769224,1.67998206628654,0.0074922271698558,219.32000732421875,219.32000732421875,219.32000732421875,-0.0218971078663642,Vanguard S&P 500 Value ETF,P,True,False,False,False,False,False,False,False,False,,False,,,6683939328.0,Factor / Style,unknown,326.0,True,,False,True,427.0,True,True,False,176.0,,0,0,False,Factor / Style,Factor / Style,Factor / Style,Factor / Style,Factor / Style
2026-10-08,SPYV,61.65999984741211,62.220001220703125,61.63999938964844,62.18999862670898,1764200.0,250,109715595.57724,102808460.98251344,110190028.5446833,-0.0005053651595876,0.0118001410572741,0.0786559607842669,0.0,0.0411442512501939,0.1365056713304916,-0.0,0.0004855079684482,0.0107369847310011,0.0040735248353417,0.2351800704922584,62.57704856872559,60.328720830281576,-6.922139105169922e-05,62.898517163297775,63.983835685838606,0.9719642150255358,0.4842049023971757,0.0077858966568496,60.81999969482422,60.81999969482422,60.81999969482422,-0.0220292484665916,State Street SPDR Portfolio S&P 500 Value ETF,P,True,False,False,False,False,False,False,False,False,,False,,,35300089856.0,Factor / Style,unknown,85.0,True,,False,True,171.0,True,True,False,177.0,,0,0,False,Factor / Style,Factor / Style,Factor / Style,Factor / Style,Factor / Style
2026-10-08,IBDS,24.06999969482422,24.107999801635746,24.059999465942383,24.07999992370605,707700.0,250,17041415.946006775,20624105.46656609,14670633.956694225,0.0018305340345778,0.0076521785770127,0.0167261220033818,0.3063072633116452,0.35119195885654,0.3864644137748808,0.0005607058705303,0.0026873835839811,0.0064640509347641,0.0040092171567551,0.9825551744015556,24.025638122558597,23.855644467671716,0.0011002685806014,24.107999801635746,24.121700244530597,0.9982712528386554,0.0248456490551815,0.0010317960603779,24.026035803077203,24.02603530883789,24.02603530883789,-0.0022410554418248,iShares iBonds Dec 2027 Term Corporate ETF,P,True,False,False,False,False,False,False,False,False,,False,,,3791735808.0,Bond,unknown,446.0,True,,False,True,432.0,True,True,False,178.0,,0,0,False,Bond,Bond,Bond,Bond,Bond
2026-10-08,IVE,230.3000030517578,232.3000030517578,230.1699981689453,232.17999267578125,712300.0,250,165381808.78295898,154207284.82673645,139483409.33949304,-0.0006274915928342,0.0113395073450011,0.0780516389930943,0.0,0.0399782357405788,0.1355449751815628,-0.0,0.0004533334978204,0.0105795074701992,0.003997494388153,0.2237477873856534,233.71841247558595,225.36121368408203,-0.0001454214545212,234.9453597488198,238.9792888308366,0.9715485965820734,1.8151769922648284,0.007817973337606,227.07000732421875,227.07000732421875,227.07000732421875,-0.0220087238899096,iShares S&P 500 Value ETF,P,True,False,False,False,False,False,False,False,False,,False,,,47735062528.0,Factor / Style,unknown,61.0,True,,False,True,148.0,True,True,False,179.0,,0,0,False,Factor / Style,Factor / Style,Factor / Style,Factor / Style,Factor / Style
2026-10-08,FRDM,69.36000061035156,69.62999725341797,68.34600067138672,68.76499938964844,233500.0,250,16056627.35748291,22626631.260261536,19448967.386433437,-0.0143419193984283,-0.0102443804702949,0.1675277559617884,0.0,0.0,0.068098937291718,-0.0,-0.0,0.011408462147864,0.0039929617517524,-0.0,68.94558792114258,65.79088656107585,0.018099292418185,73.31110976778571,76.23721253902983,0.9019873248178378,1.4797537416110984,0.0215189959244565,68.34600067138672,67.52470181780353,67.52470181780353,-0.0180367568218376,Freedom 100 Emerging Markets ETF,Z,True,False,False,False,False,False,False,False,False,,False,,,3602242816.0,Country / Region,unknown,458.0,True,,False,True,404.0,True,True,False,180.0,,0,0,False,Country / Region,Country / Region,Country / Region,Country / Region,Country / Region
2026-10-08,MOAT,107.3000030517578,108.4499969482422,107.27999877929688,108.38999938964844,335500.0,250,36364844.79522705,42080080.17555237,56951084.56962222,0.0015708572077968,0.0200451459683503,0.0963989350643297,0.0126769810556451,0.0432486818960248,0.0998637533995693,1.9913727064363848e-05,0.0008669261415445,0.0096267594792453,0.0039328678097398,0.1956603761745101,110.47499954223632,104.5376665242513,0.0019808334758475,110.22000122070312,115.58000183105467,0.9377919853997234,1.108999252319336,0.0102315643377081,105.37000274658205,105.37000274658205,105.37000274658205,-0.0278623181111931,VanEck Morningstar Wide Moat ETF,Z,True,False,False,False,False,False,False,False,False,,False,,,11624555520.0,Other,unknown,209.0,True,,False,True,269.0,True,True,False,181.0,,0,0,False,Other,Other,Other,Other,Other
2026-10-08,DXJ,180.7700042724609,181.0,180.0399932861328,180.66000366210935,341700.0,250,61731523.25134277,36743055.192718506,49318562.27443635,0.0419136793843419,0.0224050771842503,0.1002027522227335,0.2433556514772485,0.0437329706013479,0.0936523507471922,0.010199930752385,0.0009798405818197,0.0093842232969974,0.0039213745321319,0.4043994279813506,178.63573791503907,170.6177158610026,0.0070004761301671,184.63999938964844,184.63999938964844,0.9784445637960602,2.2230251043650155,0.0123050208087162,177.57000732421875,175.73143365739935,175.73143365739935,-0.0272809138979538,WisdomTree Japan Hedged Equity Fund,P,True,False,False,False,False,False,False,False,False,,False,,,7079662592.0,Country / Region,unknown,308.0,True,,False,True,296.0,True,True,False,182.0,,0,0,False,Country / Region,Country / Region,Country / Region,Country / Region,Country / Region
2026-10-08,FLJP,41.459999084472656,41.52000045776367,41.19499969482422,41.400001525878906,1579500.0,250,65391302.41012573,38162613.29713821,33926314.45916191,0.0100024354872738,0.0257681095094086,0.0990163218591473,0.0526315789473684,0.0448663176936181,0.0827738515003662,0.0005264439730144,0.001156120187613,0.0081959623216815,0.003620064934537,0.3656551076278597,41.12200035095215,39.24658752441406,0.0132964059140161,42.42499923706055,42.42499923706055,0.9758397706631836,0.620998764038086,0.0149999695929939,40.810001373291016,40.5,40.5,-0.0217391664905209,Franklin FTSE Japan ETF,P,True,False,False,False,False,False,False,False,False,,False,,,3791726592.0,Country / Region,unknown,447.0,True,,False,True,347.0,True,True,False,183.0,,0,0,False,Country / Region,Country / Region,Country / Region,Country / Region,Country / Region
2026-10-08,IUSV,111.36000061035156,112.26000213623048,111.19000244140624,112.22000122070312,631500.0,250,70866930.77087402,67050001.21482849,62395456.21574038,-0.0014459410901372,0.0089230864627378,0.0757231927248467,0.0,0.0307457707075677,0.1285592622985117,-0.0,0.0002743471703871,0.0097349177955943,0.0035855468892096,0.1654703203514584,113.08539596557615,109.08931564331054,-0.0006741746538706,113.6370563491293,115.68816407243824,0.9700214548347096,0.8910547056983539,0.0079402485831907,109.70999908447266,109.70999908447266,109.70999908447266,-0.022366798332982,iShares Core S&P U.S. Value ETF,Q,True,False,False,False,False,False,False,False,False,,False,,,26456442880.0,Factor / Style,unknown,103.0,True,,False,True,257.0,True,True,False,184.0,,0,0,False,Factor / Style,Factor / Style,Factor / Style,Factor / Style,Factor / Style
2026-10-08,VNLA,48.650001525878906,48.66999816894531,48.630001068115234,48.63999938964844,397800.0,250,19348991.75720215,26997639.47118759,21495899.77344331,0.0014832939162801,0.0064909262014134,0.0167986865739055,0.2052873588207798,0.3030157864481229,0.383620516966962,0.000304501490428,0.001966853107698,0.0064443208278476,0.0035339668097503,0.99706218886955,48.55738822937012,48.21031944274903,0.0009301671012795,48.66999816894531,48.66999816894531,0.9993836289207833,0.0396974460187426,0.0008161481602976,48.52812061012406,48.51815662137757,48.51815662137757,-0.0025049911554233,Janus Henderson Short Duration Income ETF,P,True,False,False,False,False,False,False,False,False,,False,,,3309779456.0,Bond,unknown,477.0,True,,False,True,393.0,True,True,False,185.0,,0,0,False,Bond,Bond,Bond,Bond,Bond
2026-10-08,VOT,297.9700012207031,299.6099853515625,296.0400085449219,297.8599853515625,178200.0,250,53078649.38964844,61984945.15563965,57360160.43192545,0.0187881773810367,-0.0132660405194481,0.1082234782994746,0.1198460077741837,0.0,0.087683078428665,0.0022516880524704,-0.0,0.0094893677355557,0.0033212787074445,-0.0,299.89497131347656,290.0272159830729,0.00232946351265,304.94000244140625,314.7376266365521,0.9463755208890888,3.856934548976256,0.0129488173593506,291.6400146484375,286.87415540923354,286.87415540923354,-0.0368825303249862,Vanguard Morningstar Mid-Cap Growth ETF,P,True,False,False,False,False,False,False,False,False,,False,,,34797047808.0,Factor / Style,unknown,86.0,True,,False,True,267.0,True,True,False,186.0,,0,0,False,Factor / Style,Factor / Style,Factor / Style,Factor / Style,Factor / Style
2026-10-08,VIG,236.1999969482422,237.47000122070312,235.88999938964844,237.38999938964844,1287300.0,250,305592146.21429443,273665471.2992859,242875779.1181292,0.0024940578853405,-0.0021649830617574,0.0741387901405026,0.0279344527322788,0.0,0.1271604523071035,6.967014210961211e-05,-0.0,0.0094275220877677,0.0032996327307187,-0.0,239.73975219726563,231.41756927490235,-0.0013588857387371,239.1900241081406,246.4813615182801,0.9631154174391502,1.868422740471176,0.0078706885095204,232.30999755859372,232.30999755859372,232.30999755859372,-0.0213993927466019,Vanguard Div Appreciation ETF,P,True,False,False,False,False,False,False,False,False,,False,,,129462992896.0,Other,unknown,20.0,True,,False,True,98.0,True,True,False,187.0,,0,0,False,Other,Other,Other,Other,Other
2026-10-08,BBJP,78.5199966430664,78.69000244140625,78.08999633789062,78.44000244140625,1402000.0,250,109972883.42285156,76572424.92710114,104929926.40517704,0.0083558493151933,0.0276431358539954,0.0908079327874884,0.0424837725721688,0.0461504779049676,0.0741287212029102,0.0003549880019539,0.0012757439304538,0.0067314759326163,0.0031852501312107,0.408773034094509,77.95370010375977,74.63140014648438,0.0138591013929276,80.5199966430664,80.5199966430664,0.974167979528359,1.211600112915039,0.015446201876652,77.38999938964844,76.73999786376953,76.73999786376953,-0.0216726736961361,JPMorgan BetaBuilders Japan ETF,Z,True,False,False,False,False,False,False,False,False,,False,,,17599494144.0,Country / Region,unknown,148.0,True,,False,True,178.0,True,True,False,188.0,,0,0,False,Country / Region,Country / Region,Country / Region,Country / Region,Country / Region
2026-10-08,IWS,162.3000030517578,163.9600067138672,162.00999450683594,163.88999938964844,462300.0,250,75766346.71783447,63133876.58226013,68926716.51771182,-0.0075628244154054,-0.0057630538612913,0.0840688425972326,0.0,0.0,0.1040806080088689,-0.0,-0.0,0.0087499362521218,0.0030624776882426,-0.0,167.3946517944336,160.00063140869142,-0.0037816026357775,166.90260922271824,172.9011428950736,0.9478826839745434,1.565799068665615,0.0095539634785337,159.9600067138672,159.9600067138672,159.9600067138672,-0.0239794538435361,iShares Russell Mid-Cap Value ETF,P,True,False,False,False,False,False,False,False,False,,False,,,15646174208.0,Factor / Style,unknown,164.0,True,,False,True,240.0,True,True,False,189.0,,0,0,False,Factor / Style,Factor / Style,Factor / Style,Factor / Style,Factor / Style
2026-10-08,VO,79.83999633789062,80.45999908447266,79.80000305175781,80.4000015258789,2833500.0,250,227813404.32357788,205489588.3095169,229734984.35532105,0.0,-0.0066716197089103,0.0817482331060963,0.0,0.0,0.1067993428772588,0.0,-0.0,0.008730657577108,0.0030557301519878,-0.0,81.48399978637696,78.50123245239257,-0.0021112865037729,81.29000091552734,84.58999633789062,0.9504670174558822,0.8099994659423828,0.0100746200319618,78.2300033569336,78.2300033569336,78.2300033569336,-0.026990026464699,Vanguard Morningstar Mid-Cap ETF,P,True,False,False,False,False,False,False,False,False,,False,,,223974162432.0,Other,unknown,11.0,True,,False,True,103.0,True,True,False,190.0,,0,0,False,Other,Other,Other,Other,Other
2026-10-08,XBI,149.0,149.69000244140625,146.00999450683594,149.2899932861328,12923400.0,250,1929334299.2340088,1510340884.076691,1356353909.4077702,-0.0480169218620042,-0.0612463407402859,0.1336408247787726,0.0,0.0,0.0652144142579312,-0.0,-0.0,0.0087153081088944,0.003050357838113,-0.0,158.2093991088867,144.05848256429036,0.0034096109043908,162.67999267578125,169.88999938964844,0.8787450339777281,4.287000274658203,0.0287159251621214,146.00999450683594,146.00999450683594,146.00999450683594,-0.0219706539406854,State Street SPDR S&P Biotech ETF,P,True,False,False,False,False,False,False,False,False,,False,,,10734887936.0,Industry / Theme,unknown,231.0,True,,False,True,23.0,True,True,False,191.0,,0,0,False,Industry / Theme,Industry / Theme,Industry / Theme,Industry / Theme,Industry / Theme
2026-10-08,IWR,108.02999877929688,108.91999816894533,107.87999725341795,108.87000274658205,1296900.0,250,141193506.56204224,152679732.23457336,174258310.37512887,0.0021651129505062,-0.0074903142068987,0.0825286265137492,0.0189998120294959,0.0,0.1004634176027766,4.113673908224622e-05,-0.0,0.0082911078696343,0.002901887754372,-0.0,110.5543682861328,106.3122563680013,-0.0018294566856246,110.06999969482422,114.62685637557568,0.9497774447365872,1.087883312214204,0.0099924982526773,106.3499984741211,106.3499984741211,106.3499984741211,-0.0231469110763851,iShares Russell Mid-Cap ETF,P,True,False,False,False,False,False,False,False,False,,False,,,56977440768.0,Other,unknown,51.0,True,,False,True,125.0,True,True,False,192.0,,0,0,False,Other,Other,Other,Other,Other
2026-10-08,JGRO,98.04000091552734,98.33999633789062,96.98999786376952,97.41000366210938,1017200.0,250,99085455.72509766,54024694.93782044,54758564.06196716,0.0443873396381293,0.0059898979664034,0.1005536245743214,0.3484855198810636,0.0109724112170251,0.0811451519232185,0.0154683451299308,6.572362363540184e-05,0.0081594391425136,0.0028985240552427,0.1211694123523683,95.22560028076173,93.64806645711263,0.0109454280063634,99.5,99.7300033569336,0.9767371942571692,1.1329010009765623,0.0116302326084116,96.08999633789062,92.43000030517578,92.43000030517578,-0.0511241471071899,JPMorgan Active Growth ETF,P,True,False,False,False,False,False,False,False,False,,False,,,9992348672.0,Factor / Style,unknown,248.0,True,,False,True,276.0,True,True,False,193.0,,0,0,False,Factor / Style,Factor / Style,Factor / Style,Factor / Style,Factor / Style
2026-10-08,RSP,209.97999572753903,211.9900054931641,209.80999755859372,211.8699951171875,12414100.0,250,2630175306.3842773,1614739291.5830994,1548480056.565905,-0.0023624097499121,-0.0076229097533764,0.0777969867569818,0.0,0.0,0.1058166379033472,-0.0,-0.0,0.008232215577635,0.0028812754521722,-0.0,215.75337188720704,207.29719045003256,-0.0027146427262201,214.97192414985815,222.60323739713112,0.9517830809405742,1.932962339380296,0.0091233415959213,207.16000366210935,207.16000366210935,207.16000366210935,-0.022230573293179,Invesco S&P 500 Equal Weight ETF,P,True,False,False,False,False,False,False,False,False,,False,,,93655826432.0,Factor / Style,unknown,34.0,True,,False,True,20.0,True,True,False,194.0,,0,0,False,Factor / Style,Factor / Style,Factor / Style,Factor / Style,Factor / Style
2026-10-08,SCHV,33.47999954223633,33.81999969482422,33.47999954223633,33.810001373291016,3282700.0,250,110988091.50810242,106624449.27230836,109877521.10117352,-0.0072455894950769,-0.0121529710847828,0.077258324268151,0.0,0.0,0.1048154258525006,-0.0,-0.0,0.0080978641588168,0.0028342524555858,-0.0,34.264636001586915,33.08111250559489,-0.0017396816228993,34.39513956019723,35.320703166508224,0.9572290000542888,0.2928838213173815,0.0086626385513474,33.119998931884766,33.119998931884766,33.119998931884766,-0.0204082346459569,Schwab U.S. Large-Cap Value ETF,P,True,False,False,False,False,False,False,False,False,,False,,,15930595328.0,Factor / Style,unknown,161.0,True,,False,True,173.0,True,True,False,195.0,,0,0,False,Factor / Style,Factor / Style,Factor / Style,Factor / Style,Factor / Style
2026-10-09,DFMC,57.79999923706055,57.94990158081055,57.720401763916016,57.8129997253418,11397.0,141,658894.7578697205,1164041.6480268475,1412571.6419103108,-0.0198114703030705,-0.0314413907980569,0.0893451220111769,0.0,0.0,0.0905210675027722,-0.0,-0.0,0.0080876158206171,0.002830665537216,-0.0,59.55630218505859,,-0.0070606025732609,58.93163618882413,62.21337127685547,0.9292696817227344,0.5922346894422266,0.0102439709452167,56.84999847412109,56.84999847412109,56.84999847412109,-0.0166571749571157,U.S. Micro Cap Portfolio: ETF Class Shares,P,True,False,False,False,False,False,False,False,False,,False,,,7477905920.0,Other,unknown,297.0,True,,False,True,465.0,False,False,False,196.0,,0,0,False,Other,Other,Other,Other,Other
2026-10-08,AVDV,107.0,107.7300033569336,106.87999725341795,107.72000122070312,700200.0,250,75425544.85473633,66781183.92169952,77999564.84161861,-0.0278855374602522,0.0386756166344635,0.0447909434080662,0.0,0.0834364258114257,0.0437071477048792,-0.0,0.0032269552180325,0.0019576843793772,0.0027827104245031,0.5018272962205758,110.02347763061525,105.51097442626951,0.0112251042639475,112.80999755859376,113.46282336330457,0.9493858695529452,1.2979503631591798,0.0120492977019176,106.87999725341795,106.87999725341795,106.87999725341795,-0.007798031542574,Avantis International Small Cap Value ETF,P,True,False,False,False,False,False,False,False,False,,False,,,19221213184.0,Factor / Style,unknown,139.0,True,,False,True,220.0,True,True,False,197.0,,0,0,False,Factor / Style,Factor / Style,Factor / Style,Factor / Style,Factor / Style
2026-10-08,ESGE,54.0099983215332,54.06999969482422,53.34000015258789,53.619998931884766,568800.0,250,30499055.39245605,35299574.78158951,36935363.7164343,-0.0108836038102219,0.0009333439862866,0.1195183673059778,0.0,0.0013037604741243,0.0649873179675349,-0.0,1.2168569980822054e-06,0.0077671781390742,0.0027193033057247,0.0015064748078456,53.92560005187988,51.83093147277832,0.0135266955670401,56.185001373291016,57.11000061035156,0.9388898329334948,0.8785005569458008,0.0163838227237152,53.34000015258789,52.9900016784668,52.9900016784668,-0.0117492962694436,iShares ESG Aware MSCI EM ETF,Q,True,False,False,False,False,False,False,False,False,,False,,,6917690880.0,Country / Region,unknown,314.0,True,,False,True,330.0,True,True,False,198.0,,0,0,False,Country / Region,Country / Region,Country / Region,Country / Region,Country / Region
2026-10-08,IXJ,102.0199966430664,102.0199966430664,100.27999877929688,101.77999877929688,130300.0,250,13261933.840942385,18528634.45266724,17668677.521975078,0.0088214827538175,0.0259046438719949,0.0746471078674222,0.0747270458429741,0.0518458686836054,0.0699665093865228,0.0006592033461475,0.001343048764483,0.0052227975732827,0.0027009608475629,0.1960170228549157,103.11500030517578,97.43905583699544,0.004596507431539,104.43000030517578,107.69000244140624,0.9451202198149732,1.3169990539550782,0.0129396646664429,100.27999877929688,100.27999877929688,100.27999877929688,-0.0147376696599559,iShares Global Healthcare ETF,P,True,False,False,False,False,False,False,False,False,,False,,,3844812544.0,Sector,unknown,445.0,True,,False,True,414.0,True,True,False,199.0,,0,0,False,Sector,Sector,Sector,Sector,Sector
2026-10-08,AOA,97.4000015258789,97.6500015258789,97.16999816894533,97.4800033569336,215200.0,250,20977696.72241211,15954501.310310364,12178534.157974,-0.0016465890064456,0.0023447851692279,0.0748181829347101,0.0,0.0075058216638469,0.1012310819364184,-0.0,1.7599539320258465e-05,0.0075739256069975,0.0026623136630073,0.0227299097778121,98.19985458374023,95.1250881958008,0.003713151466713,99.02652688088276,99.72438764323957,0.9774941281731888,0.8204399507539201,0.0084164948963921,96.3746509154355,96.3148365219327,96.3148365219327,-0.0119528805383244,iShares Core 80/20 Aggressive Allocation ETF,P,True,False,False,False,False,False,False,False,False,,False,,,3205894144.0,Other,unknown,485.0,True,,False,True,447.0,True,True,False,200.0,,0,0,False,Other,Other,Other,Other,Other
2026-10-08,AAXJ,115.36000061035156,115.41000366210938,113.63999938964844,114.47000122070312,571700.0,250,65442499.69787598,58549237.77259827,52946531.02196588,-0.0148880875471075,-0.0150576491276809,0.1217723687196241,0.0,0.0,0.0621022207822815,-0.0,-0.0,0.0075623345274074,0.0026468170845926,-0.0,116.040400390625,111.8226557413737,0.0123533925711842,120.51000213623048,124.88999938964844,0.9165665928427494,1.972001266479492,0.0172272319861112,113.63999938964844,113.13999938964844,113.13999938964844,-0.0116187806138866,iShares MSCI All Country Asia ex Japan ETF,Q,True,False,False,False,False,False,False,False,False,,False,,,3970623744.0,Country / Region,unknown,430.0,True,,False,True,281.0,True,True,False,201.0,,0,0,False,Country / Region,Country / Region,Country / Region,Country / Region,Country / Region
2026-10-08,COPX,82.70999908447266,83.5,81.45999908447266,82.22000122070312,2872100.0,250,236144065.50598145,192141849.57946777,238848676.4841352,-0.0721137495275217,0.0742095667263509,0.0115179922108326,0.0,0.054023206448398,0.0039016617060613,-0.0,0.0040090387437038,4.4939309139718826e-05,0.0026216039416063,0.5172000985526851,87.85539978027344,82.84816980997721,0.0192869533638537,90.38999938964844,97.58999633789062,0.8425043990782497,2.4460002899169924,0.0297494557723393,81.45999908447266,81.45999908447266,81.45999908447266,-0.0092435189120272,Global X Copper Miners ETF,P,True,False,False,False,False,False,False,False,False,,False,,,7154050560.0,Commodity,unknown,306.0,True,,False,True,101.0,True,True,False,202.0,,0,0,False,Commodity,Commodity,Commodity,Commodity,Commodity
2026-10-08,VOE,199.1499938964844,201.55999755859372,198.94000244140625,201.42999267578125,328400.0,250,66149609.59472656,86196462.7104187,65614813.16118997,-0.0068836244667636,0.0055950626270855,0.0696891391139538,0.0,0.0169478619444596,0.1035586991493993,-0.0,9.482434897445126e-05,0.0072169165914825,0.0025875566338522,0.0606089623384181,203.94576477050785,195.80716674804688,-0.0041987355333189,204.95512366195788,209.97901414243915,0.9592863053406914,1.8909015681648167,0.0093873883578419,194.8999938964844,194.8999938964844,194.8999938964844,-0.0324182049185072,Vanguard Morningstar Mid-Cap Value ETF,P,True,False,False,False,False,False,False,False,False,,False,,,37230292992.0,Factor / Style,unknown,82.0,True,,False,True,251.0,True,True,False,203.0,,0,0,False,Factor / Style,Factor / Style,Factor / Style,Factor / Style,Factor / Style
2026-10-08,VXF,232.17999267578125,233.25999450683597,231.1199951171875,233.1300048828125,421200.0,250,98194358.05664062,99764815.82450868,88329057.3912121,-0.0105090612942763,-0.0321480070845532,0.0900665751904676,0.0,0.0,0.0815963612915636,-0.0,-0.0,0.0073491048095351,0.0025721866833373,-0.0,239.7931787109375,230.68510091145836,-0.0021798711023564,239.1499938964844,250.16177276740967,0.9319169843730176,2.952230168903497,0.0126634500367616,230.2899932861328,230.2899932861328,230.2899932861328,-0.0121820938411907,Vanguard Extended Market ETF,P,True,False,False,False,False,False,False,False,False,,False,,,97684774912.0,Other,unknown,27.0,True,,False,True,202.0,True,True,False,204.0,,0,0,False,Other,Other,Other,Other,Other
2026-10-08,SPHQ,84.66000366210938,85.70999908447266,84.6500015258789,85.5,1258700.0,250,107618850.0,95171096.09779358,113316493.54434544,0.0227721874087922,-0.0279486145739149,0.0842784092904622,0.1979337053213751,0.0,0.0839586292181508,0.004507383432095,-0.0,0.0070758997167134,0.0024765649008497,,85.18749130249023,83.16333343505859,0.0006617202084517,85.72000122070312,90.19420219138688,0.9479545017602564,0.8721341606691467,0.01020039953999,83.91000366210938,82.36858682720086,82.36858682720086,-0.0366247154713349,Invesco S&P 500 Quality ETF,P,True,False,False,False,False,False,False,False,False,,False,,,20360812544.0,Factor / Style,unknown,135.0,True,,False,True,165.0,True,True,False,205.0,,0,0,False,Factor / Style,Factor / Style,Factor / Style,Factor / Style,Factor / Style
2026-10-08,EEMV,73.55999755859375,73.86000061035156,73.18000030517578,73.41000366210938,210600.0,250,15460146.771240234,16814403.104896545,15720705.979810445,-0.0210693992088177,-0.0117123738756708,0.0931338622609863,0.0,0.0,0.0726305568156044,-0.0,-0.0,0.0067643642744032,0.0023675274960411,-0.0,74.77940048217773,71.80836962381998,0.0087494059649562,76.80000305175781,77.38999938964844,0.948572221747925,0.88800048828125,0.0120964506740597,73.18000030517578,73.18000030517578,73.18000030517578,-0.0031331337073929,iShares MSCI Emerging Markets Min Vol Factor ETF,Z,True,False,False,False,False,False,False,False,False,,False,,,3654402304.0,Country / Region,unknown,456.0,True,,False,True,424.0,True,True,False,206.0,,0,0,False,Country / Region,Country / Region,Country / Region,Country / Region,Country / Region
2026-10-08,JGLO,72.93000030517578,72.99400329589844,72.59200286865234,72.76000213623047,41500.0,250,3019540.0886535645,14061965.997200012,17693799.145616803,0.0090140274632808,0.0099944643469311,0.0706298280815385,0.0762018992113899,0.0265096589520521,0.0873649836863966,0.0006868860122456,0.0002649498412455,0.0061705737781166,0.0023319182191504,0.1313249075141951,73.205400390625,70.69646680196126,0.0051296317113169,73.83999633789062,74.88999938964844,0.9715583219284633,0.6869491577148438,0.0094413020553332,71.93000030517578,71.16000366210938,71.16000366210938,-0.0219900828359704,JPMorgan Global Select Equity ETF,Q,True,False,False,False,False,False,False,False,False,,False,,,6879447552.0,Global Equity,unknown,315.0,True,,False,True,413.0,True,True,False,207.0,,0,0,False,Global Equity,Global Equity,Global Equity,Global Equity,Global Equity
2026-10-08,CGGO,39.52000045776367,39.59199905395508,39.02000045776367,39.27000045776367,1290200.0,250,50666154.59060669,43474687.16365814,46601707.29757642,-0.0100831290558205,-0.0421951107862519,0.0966210262994657,0.0,0.0,0.0652583893138954,-0.0,-0.0,0.0063053325501586,0.0022068663925555,,40.20840003967285,38.93046669006348,0.0034038728723464,40.64599990844727,42.880001068115234,0.915811555027318,0.5111495971679687,0.013016287018324,39.02000045776367,38.68999862670898,38.68999862670898,-0.0147695906364579,Capital Group Global Growth Equity ETF,P,True,False,False,False,False,False,False,False,False,,False,,,11956222976.0,Factor / Style,unknown,205.0,True,,False,True,300.0,True,True,False,208.0,,0,0,False,Factor / Style,Factor / Style,Factor / Style,Factor / Style,Factor / Style
2026-10-08,FWD,132.77000427246094,133.32000732421875,130.72000122070312,132.0500030517578,119600.0,250,15793180.364990234,21557146.57234192,28350273.726823594,0.0454437938730964,-0.0442240912593956,0.1169852959588086,0.2274168293906766,0.0,0.0537672068462733,0.010334683518103,-0.0,0.0062899726057897,0.0022014904120264,-0.0,130.43619964599608,129.13556671142578,0.0094024843553046,136.64500427246094,149.56900024414062,0.8828701324219146,2.0531005859375,0.0155479026012045,130.0800018310547,123.95999908447266,123.95999908447266,-0.0612647011004932,AB Disruptors ETF,P,True,False,False,False,False,False,False,False,False,,False,,,3163472384.0,Other,unknown,493.0,True,,False,True,367.0,True,True,False,209.0,,0,0,False,Other,Other,Other,Other,Other
2026-10-08,SMLF,84.30999755859375,84.80000305175781,83.93000030517578,84.80000305175781,403300.0,250,34199841.230773926,16095607.110404968,14754631.106579494,-0.0036756298970115,-0.0290532608318694,0.0818743965810337,0.0,0.0,0.076804867405761,-0.0,-0.0,0.0062883521733329,0.0022009232606665,,86.96003173828124,83.84025802612305,-0.0034182729882373,86.26000213623047,90.51469866818498,0.9368644463218456,1.0246321580858713,0.0120829259576852,83.0,83.0,83.0,-0.0212264503181582,iShares U.S. Small-Cap Equity Factor ETF,P,True,False,False,False,False,False,False,False,False,,False,,,4182715648.0,Factor / Style,unknown,415.0,True,,False,True,431.0,True,True,False,210.0,,0,0,False,Factor / Style,Factor / Style,Factor / Style,Factor / Style,Factor / Style
2026-10-08,DIA,509.010009765625,511.7699890136719,508.6600036621094,511.6499938964844,3999300.0,250,2046241820.59021,1769224989.8292542,1813766882.8521729,-0.0152101981732889,-0.0235453979033922,0.0693165614480113,0.0,0.0,0.0889336844604954,-0.0,-0.0,0.0061645772037039,0.0021576020212963,-0.0,525.0481414794922,505.0597580973308,-0.0025350177118794,526.1472685179691,545.0407835912906,0.9387370804166372,5.047322559863696,0.0098647955048834,504.7000122070313,504.7000122070313,504.7000122070313,-0.0135834687234633,State Street SPDR Dow Jones Industrial Average ETF Trust,P,True,False,False,False,False,False,False,False,False,,False,,,44062826496.0,US Equity,unknown,69.0,True,,False,True,19.0,True,True,False,211.0,,0,0,False,US Equity,US Equity,US Equity,US Equity,US Equity
2026-10-09,SMMD,86.1050033569336,86.54000091552734,85.8949966430664,86.29000091552734,304710.0,251,26293426.178970337,41792888.41530991,30261418.2694971,-0.0229310764108608,-0.032432105499451,0.0787149235575856,0.0,0.0,0.0771185557738444,-0.0,-0.0,0.0060703812226095,0.0021246334279133,,89.21137664794922,86.16089233398438,-0.0064849132371521,88.474655314035,93.1196643669406,0.9266571298571183,1.061240946547935,0.0122985390576925,84.83999633789062,84.83999633789062,84.83999633789062,-0.0168038540068644,iShares Russell 2500 ETF,Z,True,False,False,False,False,False,False,False,False,,False,,,3622894592.0,Other,unknown,457.0,True,,False,True,361.0,True,True,False,212.0,,0,0,False,Other,Other,Other,Other,Other
2026-10-08,VPL,115.13999938964844,115.23999786376952,113.91999816894533,114.55999755859376,451700.0,250,51746750.8972168,40241221.168785095,43128831.40634204,-0.0107935413725189,0.0068553242016626,0.1012207911454139,0.0,0.0093256635627946,0.0582057150057763,-0.0,6.39304471185898e-05,0.0058916285220691,0.0021036247733512,0.0717217341902503,115.37719970703124,110.67946650187174,0.0142765195837104,119.38999938964844,121.2300033569336,0.9449805690535076,1.976499938964844,0.0172529677119967,113.91999816894533,113.91999816894533,113.91999816894533,-0.0055865869700381,Vanguard FTSE Pacific ETF,P,True,False,False,False,False,False,False,False,False,,False,,,13825753088.0,Country / Region,unknown,183.0,True,,False,True,308.0,True,True,False,213.0,,0,0,False,Country / Region,Country / Region,Country / Region,Country / Region,Country / Region
2026-10-08,AVEM,93.80999755859376,94.05999755859376,92.73999786376952,93.23999786376952,1518500.0,250,141584936.75613403,156304209.92416382,157987207.01865545,-0.0095602457161038,-0.0028860543354617,0.1022300375164788,0.0,0.0,0.0582441038669013,-0.0,-0.0,0.005954296923427,0.0020840039231994,-0.0,93.61406936645508,90.60257191975911,0.0128370631770817,96.9000015258789,100.15508825036424,0.9309561749942388,1.445600509643555,0.0155040813252235,92.73999786376952,91.87000274658205,91.87000274658205,-0.0146932126616858,Avantis Emerging Markets Equity ETF,P,True,False,False,False,False,False,False,False,False,,False,,,26237122560.0,Country / Region,unknown,105.0,True,,False,True,139.0,True,True,False,214.0,,0,0,False,Country / Region,Country / Region,Country / Region,Country / Region,Country / Region
2026-10-08,DFAE,39.22999954223633,39.310001373291016,38.81499862670898,39.02000045776367,836000.0,250,32620720.38269043,33759514.67355728,38217220.92862205,-0.0091128197130078,-0.0033299119928863,0.1005931707623593,0.0,0.0,0.0591333374825618,-0.0,-0.0,0.0059484099151315,0.002081943470296,-0.0,39.2508358001709,37.99535580952962,0.0127091287772966,40.59000015258789,41.6715771317499,0.936369658733987,0.6081092354461397,0.0155845522376242,38.81499862670898,38.5145836577645,38.5145836577645,-0.0129527625338254,Dimensional Emerging Core Equity Market ETF,P,True,False,False,False,False,False,False,False,False,,False,,,9686572032.0,Other,unknown,252.0,True,,False,True,321.0,True,True,False,215.0,,0,0,False,Other,Other,Other,Other,Other
2026-10-08,EEM,66.45999908447266,66.62000274658203,65.69000244140625,66.0999984741211,35612500.0,250,2353986195.659637,1337397781.8891144,1322817836.344498,-0.0134328585952075,-0.0119581918312564,0.1022489985897243,0.0,0.0,0.0553933939042137,-0.0,-0.0,0.0056639190551919,0.0019823716693171,-0.0,66.80799980163575,64.62242492675782,0.0114975946042077,69.2300033569336,71.56999969482422,0.9235713113870712,1.1100006103515625,0.0167927478967513,65.69000244140625,65.29000091552734,65.29000091552734,-0.0122541237109237,iShares MSCI Emerging Index Fund,P,True,False,False,False,False,False,False,False,False,,False,,,30315917312.0,Other,unknown,94.0,True,,False,True,24.0,True,True,False,216.0,,0,0,False,Other,Other,Other,Other,Other
2026-10-08,ACWV,124.0500030517578,124.83000183105467,123.9499969482422,124.75,37900.0,250,4728025.0,9736016.398658752,10150807.033999003,-0.002797749627419,0.0191993336995526,0.0373321345595643,0.0,0.0775833862908033,0.0751623034081288,-0.0,0.0014895493229384,0.002805969224639,0.0019502962885336,0.3125383398047329,125.7222003173828,122.06282923380536,0.0021202611555284,126.97000122070312,128.4499969482422,0.971195040590518,0.7810001373291016,0.0062605221429186,122.72000122070312,122.72000122070312,122.72000122070312,-0.0162725353049849,iShares MSCI Global Min Vol Factor ETF,Z,True,False,False,False,False,False,False,False,False,,False,,,3240488448.0,Country / Region,unknown,481.0,True,,False,True,451.0,True,True,False,217.0,,0,0,False,Country / Region,Country / Region,Country / Region,Country / Region,Country / Region
2026-10-08,DFEM,39.70000076293945,39.88999938964844,39.400001525878906,39.58000183105469,930800.0,250,36841065.7043457,30751871.591472626,34175948.63255819,-0.005297329592147,-0.0015605457993776,0.0944374574844686,0.0,0.0,0.0577828015779017,-0.0,-0.0,0.0054568608673465,0.0019099013035713,-0.0,39.64798820495606,38.48837237040202,0.0129694619558788,40.8849983215332,42.02924390212235,0.9417252883070784,0.5741338961291291,0.0145056561285618,39.400001525878906,38.88734815038516,38.88734815038516,-0.0175000921835751,Dimensional Emerging Markets Core Equity 2 ETF,P,True,False,False,False,False,False,False,False,False,,False,,,9250564096.0,Country / Region,unknown,259.0,True,,False,True,344.0,True,True,False,218.0,,0,0,False,Country / Region,Country / Region,Country / Region,Country / Region,Country / Region
2026-10-08,CGXU,33.91999816894531,34.0099983215332,33.55500030517578,33.68000030517578,1303500.0,250,43901880.39779663,35760177.74845123,34189716.89312647,-0.0341267181864138,-0.0217833282995136,0.0942269092388203,0.0,0.0,0.0576731706375339,-0.0,-0.0,0.0054343646151779,0.0019020276153122,-0.0,34.7797998046875,33.13790334065755,0.0070243084573859,35.86000061035156,36.0,0.9355555640326606,0.5962501525878906,0.0177033891682079,33.55500030517578,33.55500030517578,33.55500030517578,-0.003711401391549,Capital Group International Focus Equity ETF,P,True,False,False,False,False,False,False,False,False,,False,,,6228755968.0,Global Equity,unknown,343.0,True,,False,True,343.0,True,True,False,219.0,,0,0,False,Global Equity,Global Equity,Global Equity,Global Equity,Global Equity
2026-10-08,IEMG,80.97000122070312,81.16999816894531,80.08999633789062,80.5,13446700.0,250,1082459350.0,1071853027.9331208,887816208.6134775,-0.0132385610053218,-0.0100836165506824,0.0974662253348759,0.0,0.0,0.0553088858523184,-0.0,-0.0,0.005390748331503,0.001886761916026,-0.0,81.31880020141601,78.70057815551758,0.0115939447913138,84.06999969482422,86.48999786376953,0.930743461536392,1.2955005645751954,0.0160931747152198,80.08999633789062,79.58999633789062,79.58999633789062,-0.0113043933181289,iShares Core MSCI Emerging Markets ETF,P,True,False,False,False,False,False,False,False,False,,False,,,160718422016.0,Country / Region,unknown,16.0,True,,False,True,37.0,True,True,False,220.0,,0,0,False,Country / Region,Country / Region,Country / Region,Country / Region,Country / Region
2026-10-08,XMHQ,112.4000015258789,113.7300033569336,112.12999725341795,113.66000366210938,195400.0,250,22209164.71557617,20355150.93547821,18981910.675363693,-0.0019005077779991,0.0042643493478158,0.0694509331537711,0.0,0.0107327882022295,0.0759308527128375,-0.0,4.576835837042307e-05,0.0052734685760681,0.0018754634345646,0.0353374915610821,116.0881802368164,110.93404881795249,-0.0001283163111421,115.25457157937488,119.82840271928788,0.9485230636710672,1.324503413452031,0.0116532057960295,111.0999984741211,111.0999984741211,111.0999984741211,-0.0225233600695519,Invesco S&P MidCap Quality ETF,P,True,False,False,False,False,False,False,False,False,,False,,,5417101824.0,Factor / Style,unknown,366.0,True,,False,True,407.0,True,True,False,221.0,,0,0,False,Factor / Style,Factor / Style,Factor / Style,Factor / Style,Factor / Style
2026-10-08,VBK,340.0,341.07000732421875,337.7099914550781,340.5899963378906,245100.0,250,83478608.10241699,71040956.4151001,67904506.29897344,0.0086205540933963,-0.0375403531048671,0.0799499179039138,0.0681306028808744,0.0,0.0622796532599464,0.0005873235475502,-0.0,0.0049792531652169,0.0017427386078259,,348.2344415283203,339.55200724283856,-0.0007229454615358,350.7799987792969,366.7131547610454,0.9287640541824116,4.556197778652489,0.0133773681776971,336.04998779296875,331.6843720446187,331.6843720446187,-0.0261476390646449,Vanguard Morningstar Small-Cap Growth ETF,P,True,False,False,False,False,False,False,False,False,,False,,,47006371840.0,Factor / Style,unknown,65.0,True,,False,True,244.0,True,True,False,222.0,,0,0,False,Factor / Style,Factor / Style,Factor / Style,Factor / Style,Factor / Style
2026-10-08,XLF,53.47999954223633,54.34000015258789,53.470001220703125,54.22999954223633,47700100.0,250,2586776401.164627,2131081419.5687103,1865298268.149464,-0.0430467987290678,-0.0231209841197459,0.063950238863752,0.0,0.0,0.0741714770920283,-0.0,-0.0,0.0047432836769125,0.0016601492869193,-0.0,56.43300094604492,53.457674001057946,-0.0081757096039726,57.41678975511131,58.39333352085078,0.9287018957887062,0.730485663158035,0.0134701395781703,52.810001373291016,52.810001373291016,52.810001373291016,-0.026184735034699,State Street Financial Select Sector SPDR ETF,P,True,False,False,False,False,False,False,False,False,,False,,,51353821184.0,Sector,unknown,56.0,True,,False,True,18.0,True,True,False,223.0,,0,0,False,Sector,Sector,Sector,Sector,Sector
2026-10-08,IWP,140.35000610351562,141.4600067138672,139.8000030517578,140.89999389648438,790000.0,250,111310995.17822266,105635090.5115509,107296811.3442315,0.0320429920770715,-0.0104551370426353,0.0746679465511668,0.2096925546815287,0.0,0.0633380384221939,0.0067191768682811,-0.0,0.0047293212675641,0.0016552624436474,-0.0,140.59664916992188,137.94783381144205,0.0040385460562959,144.11000061035156,148.12218084109145,0.9512416918006684,1.8625390145851652,0.0132188722162296,136.9499969482422,134.35000610351562,134.35000610351562,-0.0464867854982368,iShares Russell Midcap Growth ETF,P,True,False,False,False,False,False,False,False,False,,False,,,21568610304.0,Factor / Style,unknown,126.0,True,,False,True,176.0,True,True,False,224.0,,0,0,False,Factor / Style,Factor / Style,Factor / Style,Factor / Style,Factor / Style
2026-10-08,VSGX,80.4800033569336,80.62000274658203,79.87999725341797,80.2699966430664,113300.0,250,9094590.619659424,16604137.77545929,13547000.56429666,-0.0160939905431896,-0.0122417017179297,0.0770245389415478,0.0,0.0,0.0612446593218971,-0.0,-0.0,0.0047173416469012,0.0016510695764154,-0.0,82.06335144042968,78.85558588663737,0.0060508243475223,83.52999877929688,84.05881800547688,0.9549265448609614,1.0648701979602833,0.0132661049270426,79.87999725341797,79.87999725341797,79.87999725341797,-0.0048585948169729,Vanguard ESG International Stock ETF,Z,True,False,False,False,False,False,False,False,False,,False,,,6694336000.0,Global Equity,unknown,324.0,True,,False,True,435.0,True,True,False,225.0,,0,0,False,Global Equity,Global Equity,Global Equity,Global Equity,Global Equity
2026-10-08,AMLP,52.790000915527344,53.04999923706055,52.630001068115234,52.880001068115234,1265200.0,250,66903777.3513794,70571907.27464676,66516741.48930746,-0.051479801468785,0.0224420316172671,0.0490653998729966,0.0,0.0500165781103518,0.0497615468782811,-0.0,0.00112247362734,0.0024415701958817,0.0015841574263296,0.1167862470028258,54.374180450439454,52.34882675170898,-0.003160595459336,56.220001220703125,56.43000030517578,0.9370902141084174,0.8104997634887695,0.0153271510423147,51.47999954223633,51.47999954223633,51.47999954223633,-0.0264750661422179,Alerian MLP ETF,P,True,False,False,False,False,False,False,False,False,,False,,,12160584704.0,REIT / Infra,unknown,203.0,True,,False,True,247.0,True,True,False,226.0,,0,0,False,REIT / Infra,REIT / Infra,REIT / Infra,REIT / Infra,REIT / Infra
2026-10-08,IWN,209.32000732421875,211.17999267578125,208.17999267578125,210.9499969482422,2388100.0,250,503769687.7120972,157489106.69792175,125518554.58579896,-0.0327252401356623,-0.037122495710873,0.0643855027641664,0.0,0.0,0.0701782446887607,-0.0,-0.0,0.0045184615673925,0.0015814615485873,-0.0,219.4020004272461,210.82293731689447,-0.0088541259411373,220.43741693315664,226.94108459891964,0.9295363918836512,2.6088747085610464,0.0123672659222704,207.17999267578125,207.17999267578125,207.17999267578125,-0.0178715540507257,iShares Russell 2000 Value ETF,P,True,False,False,False,False,False,False,False,False,,False,,,14527014912.0,Factor / Style,unknown,175.0,True,,False,True,155.0,True,True,False,227.0,,0,0,False,Factor / Style,Factor / Style,Factor / Style,Factor / Style,Factor / Style
2026-10-08,HEFA,46.150001525878906,46.16999816894531,45.900001525878906,46.13999938964844,473100.0,250,21828833.71124268,23475390.6578064,29622253.92057025,0.0002167422783805,-0.0043159422158155,0.0581466404109856,0.0019566170009936,0.0,0.0745798051772234,4.240816267134408e-07,-0.0,0.0043365651135613,0.0015177977897464,-0.0,46.94819984436035,45.1193174235026,0.0014889610195443,47.220001220703125,48.0,0.9612499872843424,0.4415004730224609,0.0095687143229896,45.900001525878906,45.900001525878906,45.900001525878906,-0.0052015142380642,iShares Currency Hedged MSCI EAFE ETF,Z,True,False,False,False,False,False,False,False,False,,False,,,7331655168.0,Country / Region,unknown,302.0,True,,False,True,362.0,True,True,False,228.0,,0,0,False,Country / Region,Country / Region,Country / Region,Country / Region,Country / Region
2026-10-08,DBEF,54.540000915527344,54.560001373291016,54.25,54.5,765100.0,250,41697950.0,29246358.725967407,23934142.431961544,0.001102156039761,-0.0049297143601794,0.0586635680772673,0.0098362993151674,0.0,0.0737665424389049,1.0841136699109257e-05,-0.0,0.0043274085841893,0.0015145930044662,-0.0,55.47740005493164,53.30173342386882,0.0015453574046522,55.86000061035156,56.84000015258789,0.958831806011504,0.5270000457763672,0.0096697256105755,54.25,54.25,54.25,-0.0045871559633027,Xtrackers MSCI EAFE Hedged Equity ETF,P,True,False,False,False,False,False,False,False,False,,False,,,9039409152.0,Country / Region,unknown,267.0,True,,False,True,381.0,True,True,False,229.0,,0,0,False,Country / Region,Country / Region,Country / Region,Country / Region,Country / Region
2026-10-08,SCHM,34.20000076293945,34.5,34.099998474121094,34.470001220703125,2987400.0,250,102975681.64672852,89531102.46871948,58900755.56931874,-0.0083913749478604,-0.0338669777587746,0.0683849542010301,0.0,0.0,0.0625004254901619,-0.0,-0.0,0.0042740887346896,0.0014959310571413,,35.227302627563475,34.26779862721761,-0.0022963411840352,35.160227819859415,36.7842305056741,0.9370863749721772,0.4124525155995286,0.0119655497822206,33.849998474121094,33.849998474121094,33.849998474121094,-0.0179867341057605,Schwab U.S. Mid Cap ETF,P,True,False,False,False,False,False,False,False,False,,False,,,15320031232.0,Factor / Style,unknown,167.0,True,,False,True,262.0,True,True,False,230.0,,0,0,False,Factor / Style,Factor / Style,Factor / Style,Factor / Style,Factor / Style
2026-10-08,AOR,68.33999633789062,68.6500015258789,68.33999633789062,68.55000305175781,464800.0,250,31862041.41845703,38496997.8553772,27262927.287316702,-0.0019340404561141,-0.0033784248451879,0.0505640725235265,0.0,0.0,0.0841385117683716,-0.0,-0.0,0.0042543858110775,0.0014890350338771,-0.0,69.14763031005859,67.58009600321452,0.0018422129395103,69.59860824003364,70.16599105655143,0.976969070336494,0.497475920007146,0.0072571246952612,67.84670192648598,67.84670192648598,67.84670192648598,-0.0102596804370791,iShares Core 60/40 Balanced Allocation ETF,P,True,False,False,False,False,False,False,False,False,,False,,,3667536128.0,Other,unknown,455.0,True,,False,True,369.0,True,True,False,231.0,,0,0,False,Other,Other,Other,Other,Other
2026-10-08,VFH,130.2100067138672,132.3699951171875,130.2100067138672,132.1199951171875,641100.0,250,84702128.8696289,107298318.93089294,80169251.12946525,-0.0457072390046744,-0.0285026338967646,0.0598788974371435,0.0,0.0,0.0688119989461084,-0.0,-0.0,0.0041203866273388,0.0014421353195686,-0.0,137.87223175048828,130.73277938842773,-0.0090950664603964,140.0327804354468,142.72380107516045,0.9257040109771962,1.741292456795557,0.0131796285282259,128.64999389648438,128.64999389648438,128.64999389648438,-0.0262640126320419,Vanguard Financials ETF,P,True,False,False,False,False,False,False,False,False,,False,,,13808313344.0,Sector,unknown,185.0,True,,False,True,217.0,True,True,False,232.0,,0,0,False,Sector,Sector,Sector,Sector,Sector
2026-10-08,CORO,35.970001220703125,36.04999923706055,35.77000045776367,35.95000076293945,2728600.0,250,98093172.0817566,333904801.64813995,125138104.02173844,-0.0190996107447684,-0.0066316074295843,0.0692963987335566,0.0,0.0,0.0587934148387253,-0.0,-0.0,0.0040741719175717,0.0014259601711501,-0.0,36.7561001586914,35.31543827056885,0.0061811643251281,37.52000045776367,37.65999984741211,0.9545937575305072,0.4804498672485351,0.0133643910167542,35.77000045776367,35.77000045776367,35.77000045776367,-0.0050069624855569,iShares International Country Rotation Active ETF,Q,True,False,False,False,False,False,False,False,False,,False,,,7762802688.0,Global Equity,unknown,291.0,True,,False,True,156.0,True,True,False,233.0,,0,0,False,Global Equity,Global Equity,Global Equity,Global Equity,Global Equity
2026-10-08,SLYV,102.45999908447266,103.3499984741211,101.9800033569336,103.30999755859376,211400.0,250,21839733.48388672,25000671.06189728,20073103.327118404,-0.028618876836039,-0.0357454399772356,0.0604529663249229,0.0,0.0,0.0646636781893623,-0.0,-0.0,0.0039091111600271,0.0013681889060095,-0.0,107.309022064209,103.4316569519043,-0.0093758829251384,107.45815290382944,111.83607964779124,0.923762688069459,1.2557014840991314,0.0121546947417837,101.27999877929688,101.27999877929688,101.27999877929688,-0.0196495869448214,State Street SPDR S&P 600 Small Cap Value ETF,P,True,False,False,False,False,False,False,False,False,,False,,,4830834688.0,Factor / Style,unknown,386.0,True,,False,True,401.0,True,True,False,234.0,,0,0,False,Factor / Style,Factor / Style,Factor / Style,Factor / Style,Factor / Style
2026-10-08,IJS,128.47999572753906,129.64999389648438,127.91999816894533,129.58999633789062,297900.0,250,38604859.90905762,46352097.34237671,32285674.74597749,-0.028108802523838,-0.0359565708754069,0.0600980309920533,0.0,0.0,0.0635846807018025,-0.0,-0.0,0.0038213141114367,0.0013374599390028,-0.0,134.62196502685546,129.76244888305663,-0.0093858341238896,134.81176287040586,140.58739406345907,0.9217753640087788,1.576479991215571,0.0121651364747714,127.05999755859376,127.05999755859376,127.05999755859376,-0.0195231024831592,iShares S&P SmallCap 600 Value ETF,P,True,False,False,False,False,False,False,False,False,,False,,,8017806848.0,Factor / Style,unknown,287.0,True,,False,True,354.0,True,True,False,235.0,,0,0,False,Factor / Style,Factor / Style,Factor / Style,Factor / Style,Factor / Style
2026-10-08,VTWO,111.58999633789062,112.19000244140624,110.87000274658205,112.0999984741211,1775500.0,250,199033547.290802,173849917.5075531,165913218.68502906,-0.0331970209418024,-0.0597855045862518,0.065750444813077,0.0,0.0,0.0578339681805065,-0.0,-0.0,0.0038026091331736,0.0013309131966107,,117.60775390625,113.64480651855467,-0.0084145287769827,117.39429831586354,122.95555556065815,0.9117115364406478,1.4905486676333362,0.0132965984649628,110.87000274658205,110.87000274658205,110.87000274658205,-0.0109723081559454,Vanguard Russell 2000 ETF,Q,True,False,False,False,False,False,False,False,False,,False,,,18552160256.0,US Equity,unknown,140.0,True,,False,True,131.0,True,True,False,236.0,,0,0,False,US Equity,US Equity,US Equity,US Equity,US Equity
2026-10-08,VB,285.69000244140625,287.82000732421875,284.5599975585937,287.6300048828125,1098300.0,250,315904034.36279297,167116788.6805725,142130335.3131491,-0.0092883487585542,-0.0324486428548916,0.0599195410920598,0.0,0.0,0.0634362027547807,-0.0,-0.0,0.0038010681576893,0.0013303738551912,-0.0,296.2089782714844,287.2315933227539,-0.004881769279884,293.3876702021783,308.60293190479985,0.9320391193546494,3.3900593544584323,0.0117861811942729,282.8299865722656,282.8299865722656,282.8299865722656,-0.0166881696243843,Vanguard Morningstar Small-Cap ETF,P,True,False,False,False,False,False,False,False,False,,False,,,188574482432.0,Other,unknown,12.0,True,,False,True,146.0,True,True,False,237.0,,0,0,False,Other,Other,Other,Other,Other
2026-10-08,DFSV,37.709999084472656,38.150001525878906,37.619998931884766,38.09999847412109,1462300.0,250,55713627.76870728,50411734.54116821,37284771.55111404,-0.0326762886182574,-0.0142273339429629,0.0559428360462936,0.0,0.0,0.0666773524225289,-0.0,-0.0,0.0037301201945744,0.001305542068101,-0.0,39.38372009277344,37.770118128458655,-0.006998778092316,39.81535669778175,40.79156386531172,0.9340166167671872,0.466902289288279,0.01225465375295,37.15999984741211,37.15999984741211,37.15999984741211,-0.024671880954207,US Small Cap Value Portfolio ETF Class Shares,P,True,False,False,False,False,False,False,False,False,,False,,,7919026176.0,Factor / Style,unknown,288.0,True,,False,True,327.0,True,True,False,238.0,,0,0,False,Factor / Style,Factor / Style,Factor / Style,Factor / Style,Factor / Style
2026-10-08,IWM,276.32000732421875,277.8299865722656,274.5199890136719,277.57000732421875,35710100.0,250,9912052718.548584,7256955994.596252,6203114495.622859,-0.0326904890843107,-0.0597824997048709,0.0648831456632954,0.0,0.0,0.056930934636603,-0.0,-0.0,0.0036938581247742,0.0012928503436709,,291.16062133789063,281.4657635498047,-0.0084002114206983,290.6808269895633,304.38501947188735,0.9119042974118994,3.7556519135712505,0.0135304673216527,274.5199890136719,274.5199890136719,274.5199890136719,-0.0109882848653178,iShares Russell 2000 Index Fund,P,True,False,False,False,False,False,False,False,False,,False,,,82970353664.0,US Equity,unknown,35.0,True,,False,True,3.0,True,True,False,239.0,,0,0,False,US Equity,US Equity,US Equity,US Equity,US Equity
2026-10-08,SPSM,53.02000045776367,53.43000030517578,52.77999877929688,53.36000061035156,5501100.0,250,293538699.357605,102820415.0650978,95966252.7177296,-0.0260433754536263,-0.0534036382367976,0.0572322396485105,0.0,0.0,0.0602481687302307,-0.0,-0.0,0.0034481376311524,0.0012068481709033,-0.0,55.64509368896484,53.68620635986328,-0.0103236382163347,55.49395744846339,58.36226940927846,0.9142893371084088,0.6537197431726376,0.0122511194845417,52.45000076293945,52.45000076293945,52.45000076293945,-0.0170539699588304,State Street SPDR Portfolio S&P 600 Small Cap ETF,P,True,False,False,False,False,False,False,False,False,,False,,,16915987456.0,Factor / Style,unknown,154.0,True,,False,True,192.0,True,True,False,240.0,,0,0,False,Factor / Style,Factor / Style,Factor / Style,Factor / Style,Factor / Style
2026-10-08,VIOO,126.93000030517578,127.81999969482422,126.36000061035156,127.79000091552734,77000.0,250,9839830.070495604,11645267.27142334,10925490.34983317,-0.0253222460481179,-0.0533373159837475,0.0573390722338142,0.0,0.0,0.0600052069353842,-0.0,-0.0,0.0034406428948729,0.0012042250132055,-0.0,133.18799987792968,128.51913299560547,-0.010375644162486,132.82000732421875,139.6999969482422,0.9147459105734456,1.5360008239746097,0.0120197262146507,125.47000122070312,125.47000122070312,125.47000122070312,-0.0181547826762893,Vanguard S&P Small-Cap 600 ETF,P,True,False,False,False,False,False,False,False,False,,False,,,6406161408.0,Other,unknown,336.0,True,,False,True,450.0,True,True,False,241.0,,0,0,False,Other,Other,Other,Other,Other
2026-10-08,IJR,136.3699951171875,137.44000244140625,135.77000427246094,137.30999755859375,3557500.0,250,488480316.31469727,490496863.9318085,440237198.4284901,-0.0256890094989049,-0.0532663331385946,0.0571559207088534,0.0,0.0,0.0599228443681586,-0.0,-0.0,0.0034249453413554,0.0011987308694744,-0.0,143.1656982421875,138.14110595703124,-0.0103552987878247,142.69398703578892,150.1470318717948,0.9145035759071004,1.6924745040452565,0.01232593790793,134.88999938964844,134.88999938964844,134.88999938964844,-0.0176243406304965,iShares Core S&P Small-Cap ETF,P,True,False,False,False,False,False,False,False,False,,False,,,111317172224.0,Other,unknown,25.0,True,,False,True,64.0,True,True,False,242.0,,0,0,False,Other,Other,Other,Other,Other
2026-10-08,SCHA,32.45000076293945,32.66999816894531,32.2599983215332,32.65999984741211,4720100.0,250,154158465.2797699,139643000.31578064,102143065.83968268,-0.0265080721407248,-0.0616441043622209,0.0659399811516281,0.0,0.0,0.0518042165950983,-0.0,-0.0,0.0034159690658556,0.0011955891730494,,33.911351699829105,32.912296778361004,-0.0057895119178478,33.958104135927414,36.091698077054936,0.9049172410143675,0.4439232022740711,0.0135922597779572,32.2599983215332,32.2599983215332,32.2599983215332,-0.0122474442053802,Schwab U.S. Small-Cap ETF,P,True,False,False,False,False,False,False,False,False,,False,,,24157184000.0,Other,unknown,114.0,True,,False,True,182.0,True,True,False,243.0,,0,0,False,Other,Other,Other,Other,Other
2026-10-08,SPEM,51.619998931884766,51.81999969482422,51.380001068115234,51.52999877929688,2142600.0,250,110408175.38452148,87748898.70178223,83721639.59503174,-0.0120782413718985,-0.0084664697146662,0.0619818837885079,0.0,0.0,0.0528089550471273,-0.0,-0.0,0.0032731985147235,0.0011456194801532,-0.0,52.26999984741211,50.744137573242185,0.0065162630100858,53.459999084472656,53.470001220703125,0.9637179278639124,0.5989997863769532,0.0116242926560598,51.220001220703125,51.220001220703125,51.220001220703125,-0.0060158658245165,State Street SPDR Portfolio Emerging Markets ETF,P,True,False,False,False,False,False,False,False,False,,False,,,17305092096.0,Country / Region,unknown,151.0,True,,False,True,211.0,True,True,False,244.0,,0,0,False,Country / Region,Country / Region,Country / Region,Country / Region,Country / Region
2026-10-08,CGBL,36.93999862670898,37.11000061035156,36.935001373291016,37.04999923706055,832200.0,250,30833009.365081787,48393534.82149124,53127467.87510221,-0.0056985499430339,-0.010977434758187,0.0451764608651568,0.0,0.0,0.0669301946359293,-0.0,-0.0,0.0030236693186673,0.0010582842615335,-0.0,37.57486633300781,36.739665807088215,-4.049165547537204e-05,37.63028651455247,38.46563029030857,0.9631975079424426,0.2913685424506503,0.0078641983387464,36.56999969482422,36.56999969482422,36.56999969482422,-0.0129554534985304,Capital Group Core Balanced ETF,P,True,False,False,False,False,False,False,False,False,,False,,,6991702016.0,Other,unknown,312.0,True,,False,True,280.0,True,True,False,245.0,,0,0,False,Other,Other,Other,Other,Other
2026-10-08,DFAS,77.52999877929688,78.22000122070312,77.30500030517578,78.0999984741211,687000.0,250,53654698.95172119,41195572.63130188,39435938.37925745,-0.0214073531512071,-0.0347979055198381,0.0521365929585828,0.0,0.0,0.056969533612419,-0.0,-0.0,0.0029701973849909,0.0010395690847468,-0.0,80.90139053344727,78.04147903442383,-0.0062569996402083,80.6872675015149,84.30712736260536,0.926374802668968,0.9127901559868584,0.0116874542102496,76.8499984741211,76.8499984741211,76.8499984741211,-0.0160051219516245,U.S. Small Cap Portfolio: ETF Class Shares,P,True,False,False,False,False,False,False,False,False,,False,,,15242885120.0,Factor / Style,unknown,169.0,True,,False,True,317.0,True,True,False,246.0,,0,0,False,Factor / Style,Factor / Style,Factor / Style,Factor / Style,Factor / Style
2026-10-08,IWO,352.5799865722656,353.739990234375,350.0599975585937,353.4700012207031,1056800.0,250,373547097.2900391,194173270.75637817,164590533.46581838,-0.0322781570172607,-0.0801007349819212,0.064822739841738,0.0,0.0,0.044523204977687,-0.0,-0.0,0.0028861161331889,0.0010101406466161,,373.81056213378906,363.5802868652344,-0.007971408784071,370.6738235200161,396.2451390323128,0.892048801113188,5.439980678777229,0.0153902188587159,350.0599975585937,350.0599975585937,350.0599975585937,-0.0096472222545986,iShares Russell 2000 Growth Fund,P,True,False,False,False,False,False,False,False,False,,False,,,15425412096.0,Factor / Style,unknown,165.0,True,,False,True,133.0,True,True,False,247.0,,0,0,False,Factor / Style,Factor / Style,Factor / Style,Factor / Style,Factor / Style
2026-10-08,SLYG,107.33000183105467,107.9499969482422,106.75,107.81999969482422,143100.0,250,15429041.956329346,14191117.032814026,13423130.0709679,-0.0225516383736886,-0.0708736330868844,0.0533450651735776,0.0,0.0,0.0517074550827232,-0.0,-0.0,0.0027583375613477,0.0009654181464716,,112.81596252441406,109.02704889933268,-0.0113771945787787,111.7443365560289,119.56643120871436,0.9017581155919452,1.364509596729738,0.0126554405545527,106.22000122070312,106.22000122070312,106.22000122070312,-0.0148395332837113,State Street SPDR S&P 600 Small Cap Growth ETF,P,True,False,False,False,False,False,False,False,False,,False,,,5195253248.0,Factor / Style,unknown,372.0,True,,False,True,437.0,True,True,False,248.0,,0,0,False,Factor / Style,Factor / Style,Factor / Style,Factor / Style,Factor / Style
2026-10-08,AVUV,118.91999816894533,120.30999755859376,118.6999969482422,120.12999725341795,2498900.0,250,300192850.13656616,175766533.5648346,160656444.68353513,-0.0294878135552978,-0.0276474021736284,0.0476901706879511,0.0,0.0,0.0571922780972757,-0.0,-0.0,0.0027275095044918,0.0009546283265721,-0.0,123.945390625,119.7778764851888,-0.0087535100085547,125.24299621582033,128.62908532773028,0.9339256121377392,1.3829010009765623,0.0115117042586731,116.9800033569336,116.9800033569336,116.9800033569336,-0.0262215430658785,Avantis U.S. Small Cap Value ETF,P,True,False,False,False,False,False,False,False,False,,False,,,29055420416.0,Factor / Style,unknown,95.0,True,,False,True,137.0,True,True,False,249.0,,0,0,False,Factor / Style,Factor / Style,Factor / Style,Factor / Style,Factor / Style
2026-10-08,SCHE,36.400001525878906,36.5099983215332,36.18999862670898,36.310001373291016,3060100.0,250,111112235.20240784,111816867.45426178,110009569.9158078,-0.0119727517471832,-0.0057502486812814,0.0565043321516018,0.0,0.0,0.0481963881466588,-0.0,-0.0,0.0027233047243463,0.0009531566535212,-0.0,36.82840019226074,35.745049018859866,0.0063504222882158,37.58000183105469,37.63999938964844,0.9646653018617426,0.4295005798339844,0.0118287128501712,36.08000183105469,36.08000183105469,36.08000183105469,-0.0063343303094863,Schwab Emerging Markets Equity ETF,P,True,False,False,False,False,False,False,False,False,,False,,,12488486912.0,Country / Region,unknown,200.0,True,,False,True,172.0,True,True,False,250.0,,0,0,False,Country / Region,Country / Region,Country / Region,Country / Region,Country / Region
2026-10-08,DFAT,66.68000030517578,67.66500091552734,66.68000030517578,67.55999755859375,369400.0,250,24956663.09814453,20098401.28856659,21206009.58763001,-0.0316528333033887,-0.0265087441049202,0.0469972217144687,0.0,0.0,0.0563895108047858,-0.0,-0.0,0.0026501503416629,0.000927552619582,-0.0,70.0176316833496,67.4277651977539,-0.0084095688859799,70.45090294190649,72.54833685425838,0.931241162623953,0.8026163129080374,0.0118800524261703,65.87000274658203,65.87000274658203,65.87000274658203,-0.0250147257709121,U.S. Targeted Value Portfolio ETF Class Shares,P,True,False,False,False,False,False,False,False,False,,False,,,14320157696.0,Factor / Style,unknown,179.0,True,,False,True,397.0,True,True,False,251.0,,0,0,False,Factor / Style,Factor / Style,Factor / Style,Factor / Style,Factor / Style
2026-10-08,FNDA,35.27000045776367,35.58000183105469,35.18000030517578,35.560001373291016,2755600.0,250,97989139.78424072,81427717.47386932,46354732.71799239,-0.0137674988634645,-0.0464399442297994,0.0500601806715566,0.0,0.0,0.0528184515037129,-0.0,-0.0,0.0026441012250677,0.0009254354287737,,36.70474220275879,35.72069021860759,-0.0102604644688838,36.46489264232396,38.44754891493674,0.924896446636058,0.4207475838934524,0.0118320463342128,34.77000045776367,34.77000045776367,34.77000045776367,-0.0222159978914036,Schwab Fundamental U.S. Small Company ETF,P,True,False,False,False,False,False,False,False,False,,False,,,9333672960.0,Other,unknown,258.0,True,,False,True,302.0,True,True,False,252.0,,0,0,False,Other,Other,Other,Other,Other
2026-10-08,IJK,110.30999755859376,111.13999938964844,110.16999816894533,110.9000015258789,328500.0,250,36430650.50125122,54988803.76083374,32292937.52585517,0.0049280301713086,-0.0264236055296576,0.0532620332480122,0.0403059730102311,0.0,0.0496154274509539,0.0001986290510783,-0.0,0.002642618546507,0.0009249164912774,-0.0,113.05256942749024,110.64581741333008,-0.002694757311895,113.55999755859376,119.18065374756988,0.9305201644620128,1.3682554875502937,0.0123377409262794,109.11000061035156,108.1999969482422,108.1999969482422,-0.0243462988321661,iShares S&P Mid-Cap 400 Growth ETF,P,True,False,False,False,False,False,False,False,False,,False,,,11298716672.0,Factor / Style,unknown,219.0,True,,False,True,353.0,True,True,False,253.0,,0,0,False,Factor / Style,Factor / Style,Factor / Style,Factor / Style,Factor / Style
2026-10-08,JIVE,93.875,94.08000183105467,93.4499969482422,93.95500183105467,590700.0,250,55499219.581604,44847759.52659607,34412858.93146575,-0.0407860667856733,0.0058883684914701,0.0481954548097018,0.0,0.0150867851147068,0.0513796849750234,-0.0,8.883655010702031e-05,0.0024762672853504,0.0009244373074422,0.0183224379762509,97.21218017578126,92.674807027181,0.003571317454895,99.2699966430664,100.20999908447266,0.9375811065705602,1.086099624633789,0.0115597850403617,93.4499969482422,93.4499969482422,93.4499969482422,-0.0053749653873731,JPMorgan International Value ETF,Q,True,False,False,False,False,False,False,False,False,,False,,,3125305856.0,Factor / Style,unknown,497.0,True,,False,True,341.0,True,True,False,254.0,,0,0,False,Factor / Style,Factor / Style,Factor / Style,Factor / Style,Factor / Style
2026-10-08,IJT,160.74000549316406,161.63999938964844,159.9600067138672,161.4499969482422,249600.0,250,40297919.23828125,43703390.60287476,36140134.730626665,-0.0233405177387122,-0.0716439287528305,0.0522016278078791,0.0,0.0,0.0504128434375679,-0.0,-0.0,0.0026316324898648,0.0009210713714526,,169.04649658203124,163.39011138916015,-0.0114971217690729,167.62332358749637,179.2878029089768,0.9005074206314484,2.026062094053142,0.0125491615506357,159.16000366210938,159.16000366210938,159.16000366210938,-0.0141839165649965,iShares S&P SmallCap 600 Growth ETF,Q,True,False,False,False,False,False,False,False,False,,False,,,8216008192.0,Factor / Style,unknown,278.0,True,,False,True,332.0,True,True,False,255.0,,0,0,False,Factor / Style,Factor / Style,Factor / Style,Factor / Style,Factor / Style
2026-10-08,SILJ,26.18000030517578,26.71999931335449,26.06999969482422,26.68000030517578,2950200.0,250,78711336.90032959,97853104.26351549,107918388.11898004,-0.1295268960119113,0.0491545412897846,-0.1503184512960647,0.0,0.0285062748515377,0.0,-0.0,0.0014012128642078,-0.0,0.0009107883617351,0.2645434495800949,29.423800048828124,29.020333353678385,0.0200446540800522,31.51000022888184,34.72999954223633,0.7682119394424215,1.1274998664855955,0.042260114452355,25.940000534057617,25.940000534057617,25.940000534057617,-0.0277361230379974,Amplify Junior Silver Miners ETF,P,True,False,False,False,False,False,False,False,False,,False,,,3404911360.0,Commodity,unknown,474.0,True,,False,True,175.0,True,True,False,256.0,,0,0,False,Commodity,Commodity,Commodity,Commodity,Commodity
2026-10-08,FNDF,53.22999954223633,53.380001068115234,53.0099983215332,53.369998931884766,2435700.0,250,129993306.39839172,110496479.52466965,95817009.46803015,-0.0350750749093828,0.0050847545296119,0.0493020165798812,0.0,0.012924864353659,0.0497328330874647,-0.0,6.571976256688858e-05,0.0024519289614426,0.0009008929821734,0.0305392341119165,54.99500015258789,52.77444737752278,0.0035693802922638,55.9900016784668,56.47999954223633,0.9449362493704364,0.6124996185302735,0.0114764779986598,52.9900016784668,52.9900016784668,52.9900016784668,-0.0071200536073263,Schwab Fundamental International Equity ETF,P,True,False,False,False,False,False,False,False,False,,False,,,23990886400.0,Global Equity,unknown,115.0,True,,False,True,193.0,True,True,False,257.0,,0,0,False,Global Equity,Global Equity,Global Equity,Global Equity,Global Equity
2026-10-08,EUFN,38.119998931884766,38.27999877929688,37.77999877929688,38.25,4909000.0,250,187769250.0,95363420.23750304,72730352.32075888,-0.0851471240459037,-0.0463724902031423,0.0586562899358156,0.0,0.0,0.0428607093294639,-0.0,-0.0,0.0025140501932837,0.0008799175676493,-0.0,41.53459976196289,38.45398061116536,-0.0040524119771704,42.52000045776367,43.06999969482422,0.8880891634786,0.7185003280639648,0.0187843223023258,37.77999877929688,37.77999877929688,37.77999877929688,-0.0122876136131535,iShares MSCI Europe Financials ETF,Q,True,False,False,False,False,False,False,False,False,,False,,,3689534976.0,Country / Region,unknown,453.0,True,,False,True,232.0,True,True,False,258.0,,0,0,False,Country / Region,Country / Region,Country / Region,Country / Region,Country / Region
2026-10-08,BBCA,99.41000366210938,100.51000213623048,99.3000030517578,100.3000030517578,316300.0,250,31724890.965271,43142652.02190399,28668967.11419726,-0.0310418399951414,-0.005492570652726,0.0454490656063617,0.0,0.0,0.0537189872908494,-0.0,-0.0,0.0024414777776891,0.0008545172221911,-0.0,104.15204467773438,100.17943466186524,-0.0016183863493937,104.62999725341795,107.62668444591708,0.9319250478459088,1.1388115014676743,0.0113540525106466,99.26000213623048,99.26000213623048,99.26000213623048,-0.0103689021324423,JPMorgan BetaBuilders Canada ETF,Z,True,False,False,False,False,False,False,False,False,,False,,,10509565952.0,Country / Region,unknown,238.0,True,,False,True,365.0,True,True,False,259.0,,0,0,False,Country / Region,Country / Region,Country / Region,Country / Region,Country / Region
2026-10-08,VBR,231.4199981689453,234.08999633789065,230.82000732421875,233.91000366210935,215900.0,250,50501169.79064941,63553593.70574951,63750939.29111541,-0.0221305149748788,-0.0294024182113289,0.043898408996517,0.0,0.0,0.0528736416559418,-0.0,-0.0,0.0023210687465478,0.0008123740612917,-0.0,242.23798736572263,234.03277435302732,-0.0080071666842178,241.72268558691425,250.7532008608374,0.9328295824703126,2.6119081708845684,0.0111662952844785,229.22999572753903,229.22999572753903,229.22999572753903,-0.0200077288756351,Vanguard Morningstar Small-Cap Value ETF,P,True,False,False,False,False,False,False,False,False,,False,,,67781795840.0,Factor / Style,unknown,46.0,True,,False,True,254.0,True,True,False,260.0,,0,0,False,Factor / Style,Factor / Style,Factor / Style,Factor / Style,Factor / Style
2026-10-08,JHMM,72.16000366210938,72.69000244140625,71.94400024414062,72.66999816894531,261900.0,250,19032272.520446777,17688377.072525024,15268092.225622753,-0.0056103400634446,-0.0203559197899478,0.0439401724314802,0.0,0.0,0.0527292240433708,-0.0,-0.0,0.0023169311966438,0.0008109259188253,-0.0,74.36419998168945,72.37482828776042,-0.0038338682636178,73.93199920654297,77.44999694824219,0.9382827764022867,0.7645984649658203,0.0105215148511254,71.17900085449219,71.17900085449219,71.17900085449219,-0.0205173710199746,John Hancock Multifactor Mid Cap ETF,P,True,False,False,False,False,False,False,False,False,,False,,,5809617408.0,Factor / Style,unknown,356.0,True,,False,True,425.0,True,True,False,261.0,,0,0,False,Factor / Style,Factor / Style,Factor / Style,Factor / Style,Factor / Style
2026-10-08,VWO,59.2599983215332,59.45000076293945,58.93999862670898,59.09999847412109,9651300.0,250,570391815.2732849,417433072.83144,405106809.1119857,-0.0121342132579005,-0.0113094960417498,0.0503728747737923,0.0,0.0,0.0440083488313164,-0.0,-0.0,0.0022168270446812,0.0007758894656384,-0.0,60.03804565429687,58.51557436625163,0.0058927049694648,61.209999084472656,61.42289778154242,0.9621818671648644,0.6906444005668189,0.0116860307681605,58.720001220703125,58.720001220703125,58.720001220703125,-0.0064297337263784,Vanguard FTSE Emerging Markets ETF,P,True,False,False,False,False,False,False,False,False,,False,,,163324018688.0,Country / Region,unknown,15.0,True,,False,True,68.0,True,True,False,262.0,,0,0,False,Country / Region,Country / Region,Country / Region,Country / Region,Country / Region
2026-10-08,ACWX,74.80000305175781,75.08999633789062,74.5,74.8499984741211,2524800.0,250,188981276.1474609,546620859.9901581,265902891.2338136,-0.0232284854899623,-0.0117507184413874,0.0496943062492658,0.0,0.0,0.0432894126476252,-0.0,-0.0,0.0021512373294619,0.0007529330653116,-0.0,76.88960006713867,74.19313593546549,0.00440220348247,78.08000183105469,78.77999877929688,0.9501142375466934,0.92550048828125,0.0123647362344467,74.5,74.5,74.5,-0.0046759984135751,iShares MSCI ACWI ex U.S. ETF,Q,True,False,False,False,False,False,False,False,False,,False,,,11616678912.0,Global Equity,unknown,210.0,True,,False,True,92.0,True,True,False,263.0,,0,0,False,Global Equity,Global Equity,Global Equity,Global Equity,Global Equity
2026-10-08,IYF,125.51000213623048,127.58000183105467,125.51000213623048,127.31999969482422,820700.0,250,104491523.74954224,56455407.136650085,56420228.93227472,-0.0533281287830088,-0.0393719040081491,0.0429542675562479,0.0,0.0,0.0492071887964012,-0.0,-0.0,0.0021136587532514,0.0007397805636379,-0.0,133.5367630004883,127.21227406819662,-0.0100184449176173,135.79815752833903,138.65926450503753,0.9182220903111644,1.6936201263919386,0.0133020745401461,124.31999969482422,124.31999969482422,124.31999969482422,-0.0235626767765532,iShares U.S. Financial ETF,P,True,False,False,False,False,False,False,False,False,,False,,,3903197184.0,Other,unknown,439.0,True,,False,True,271.0,True,True,False,264.0,,0,0,False,Other,Other,Other,Other,Other
2026-10-08,VEU,82.16999816894531,82.44000244140625,81.80000305175781,82.18000030517578,2618900.0,250,215221202.79922485,214051802.2761917,219799295.6732977,-0.022870541627323,-0.0135087474593595,0.0474342011988293,0.0,0.0,0.042626034773583,-0.0,-0.0,0.0020219319097584,0.0007076761684154,-0.0,84.42519668579102,81.61593444824219,0.0041119886269465,85.63999938964844,86.31830940749511,0.9520575746822956,1.015476324067398,0.0123567330286739,81.80000305175781,81.80000305175781,81.80000305175781,-0.0046239626673989,Vanguard FTSE All World Ex US ETF,P,True,False,False,False,False,False,False,False,False,,False,,,94563958784.0,Country / Region,unknown,32.0,True,,False,True,107.0,True,True,False,265.0,,0,0,False,Country / Region,Country / Region,Country / Region,Country / Region,Country / Region
2026-10-08,SPDW,49.61000061035156,49.72999954223633,49.34999847412109,49.65999984741211,9602600.0,250,476865114.5347595,149538161.7370224,135958294.56742302,-0.026083580844759,-0.012527362430823,0.04723521516351,0.0,0.0,0.0418356393512189,-0.0,-0.0,0.0019761154262578,0.0006916403991902,-0.0,51.225400085449216,49.34661415100098,0.0035852537058045,51.81999969482422,52.43000030517578,0.9471676436841404,0.6359994888305665,0.0128070779457263,49.34999847412109,49.34999847412109,49.34999847412109,-0.0062424763238732,State Street SPDR Portfolio Developed World ex-US ETF,P,True,False,False,False,False,False,False,False,False,,False,,,40294080512.0,Country / Region,unknown,78.0,True,,False,True,151.0,True,True,False,266.0,,0,0,False,Country / Region,Country / Region,Country / Region,Country / Region,Country / Region
2026-10-08,EFAV,90.87999725341795,91.31999969482422,90.61000061035156,91.29000091552734,596800.0,250,54481872.54638672,51298951.63505554,48604585.752517454,-0.0211237526868746,0.0186342124276379,-0.0045599242952071,0.0,0.0565908760688511,0.0,-0.0,0.0010545264061331,-0.0,0.0006854421639865,0.1321238046112753,93.2318002319336,90.67185694376629,0.0004163391681828,94.7300033569336,95.33999633789062,0.9575204994972952,0.8360000610351562,0.0091576301090053,90.25,90.25,90.25,-0.0113922763182977,iShares MSCI EAFE Min Vol Factor ETF,Z,True,False,False,False,False,False,False,False,False,,False,,,5082040320.0,Country / Region,unknown,377.0,True,,False,True,297.0,True,True,False,267.0,,0,0,False,Country / Region,Country / Region,Country / Region,Country / Region,Country / Region
2026-10-08,IXUS,94.1999969482422,94.44000244140624,93.75,94.13999938964844,922100.0,250,86806493.43719482,207459081.69166565,178778122.55250233,-0.0222268323305027,-0.0119647292637889,0.0466477775933336,0.0,0.0,0.0416047852928473,-0.0,-0.0,0.0019407707711591,0.0006792697699056,-0.0,96.68999938964843,93.44490310668944,0.0043397781539091,98.12000274658205,98.83000183105467,0.9525447500302228,1.1619998931884763,0.0123433174072895,93.75,93.75,93.75,-0.0041427596364667,iShares Core MSCI Total International Stock ETF,Q,True,False,False,False,False,False,False,False,False,,False,,,58515161088.0,Country / Region,unknown,50.0,True,,False,True,124.0,True,True,False,268.0,,0,0,False,Country / Region,Country / Region,Country / Region,Country / Region,Country / Region
2026-10-08,DFAX,36.84000015258789,36.970001220703125,36.630001068115234,36.79999923706055,428400.0,250,15765119.673156738,25382236.268672943,25638654.767469376,-0.0181578078237775,0.0028570341484348,0.0445256031638185,0.0,0.006324742855236,0.0414540991195147,-0.0,1.8070006317478744e-05,0.0018457687669091,0.0006577645725245,0.0148862996427441,37.55124099731445,36.30834762573242,0.0069419023405834,38.18000030517578,38.51450972787473,0.9554840369790994,0.5086781545896688,0.0138227762265111,36.630001068115234,36.630001068115234,36.630001068115234,-0.0046195155562425,Dimensional World ex U.S. Core Equity 2 ETF,P,True,False,False,False,False,False,False,False,False,,False,,,11913159680.0,Global Equity,unknown,206.0,True,,False,True,375.0,True,True,False,269.0,,0,0,False,Global Equity,Global Equity,Global Equity,Global Equity,Global Equity
2026-10-08,FDL,49.33000183105469,50.20000076293945,49.33000183105469,50.150001525878906,854300.0,250,42843146.30355835,33955883.11525345,37055102.41935972,-0.0265759536044802,0.0174040695939901,0.0162204639319059,0.0,0.0447619311110239,0.0207611967189158,-0.0,0.0007790397642176,0.0003367562425623,0.0006242405316383,0.34404821471031,51.274194412231445,49.84963991800944,-0.0055314663681457,52.43968740085771,53.21173185910541,0.9424613665773296,0.4842303805594515,0.0096556403953362,48.58000183105469,48.58000183105469,48.58000183105469,-0.0313060747169479,First Trust Morningstar ETF,P,True,False,False,False,False,False,False,False,False,,False,,,7288230400.0,Other,unknown,304.0,True,,False,True,329.0,True,True,False,270.0,,0,0,False,Other,Other,Other,Other,Other
2026-10-08,VXUS,84.1500015258789,84.37000274658203,83.76000213623047,84.0999984741211,4871100.0,250,409659502.56729126,494630398.53027344,442476868.127732,-0.0235055207083813,-0.012749617997779,0.0439266964091149,0.0,0.0,0.0398046411458453,-0.0,-0.0,0.0017484863872873,0.0006119702355505,-0.0,86.43726638793946,83.61592427571614,0.0043357052966503,87.68000030517578,88.4601840996856,0.9507101904665828,1.0351666724152837,0.0123087597050768,83.76000213623047,83.76000213623047,83.76000213623047,-0.0040427627117645,Vanguard Total International Stock ETF,Q,True,False,False,False,False,False,False,False,False,,False,,,650318381056.0,Global Equity,unknown,5.0,True,,False,True,63.0,True,True,False,271.0,,0,0,False,Global Equity,Global Equity,Global Equity,Global Equity,Global Equity
2026-10-08,EWC,57.83000183105469,58.459999084472656,57.79999923706055,58.31999969482422,1625800.0,250,94816655.5038452,106006467.0578766,104309932.7585735,-0.0326754219735923,-0.0056266295391156,0.0381683919858559,0.0,0.0,0.0448285438240221,-0.0,-0.0,0.0017110334328304,0.0005988617014906,-0.0,60.62660011291504,58.44407844543457,-0.0016500122894625,60.93000030517578,62.709999084472656,0.9299952247848872,0.6615001678466796,0.0113425955299753,57.75,57.75,57.75,-0.0097736573698028,iShares MSCI Canada Index Fund,P,True,False,False,False,False,False,False,False,False,,False,,,5956639232.0,Country / Region,unknown,350.0,True,,False,True,180.0,True,True,False,272.0,,0,0,False,Country / Region,Country / Region,Country / Region,Country / Region,Country / Region
2026-10-08,SPMD,63.45000076293945,64.05000305175781,63.380001068115234,63.970001220703125,2357300.0,250,150796483.87756348,113123471.46940231,98098185.68084352,-0.0081088607397273,-0.0316006071873603,0.0392171201183104,0.0,0.0,0.0435235874614147,-0.0,-0.0,0.001706869757454,0.0005974044151089,,65.67383163452149,64.15679428100586,-0.0063716403613826,65.1805483417406,68.72805486745641,0.9307698485585064,0.7539323187735661,0.0117857168107973,62.68000030517578,62.68000030517578,62.68000030517578,-0.0201657166001405,State Street SPDR Portfolio S&P 400 Mid Cap ETF,P,True,False,False,False,False,False,False,False,False,,False,,,18386264064.0,Factor / Style,unknown,142.0,True,,False,True,189.0,True,True,False,273.0,,0,0,False,Factor / Style,Factor / Style,Factor / Style,Factor / Style,Factor / Style
2026-10-08,IJH,72.41000366210938,73.12000274658203,72.36000061035156,73.02999877929688,7739000.0,250,565179160.5529785,595474699.0665817,491298552.698202,-0.0081999078261562,-0.0319233490910705,0.0391522108799227,0.0,0.0,0.0434343709271094,-0.0,-0.0,0.0017005516499749,0.0005951930774912,,74.97360778808594,73.25348012288411,-0.0064207928548639,74.4512760611336,78.46893266431357,0.9306867864727536,0.8682615433614835,0.0118891080086889,71.55000305175781,71.55000305175781,71.55000305175781,-0.0202655860917064,iShares Core S&P Mid-Cap ETF,P,True,False,False,False,False,False,False,False,False,,False,,,124330491904.0,Other,unknown,22.0,True,,False,True,57.0,True,True,False,274.0,,0,0,False,Other,Other,Other,Other,Other
2026-10-08,IVOO,122.69000244140624,123.68000030517578,122.47000122070312,123.56999969482422,141500.0,250,17485154.956817627,11892154.464378355,10107780.657317149,-0.0085457596798075,-0.0320836079332421,0.0388468023996033,0.0,0.0,0.0436199038709525,-0.0,-0.0,0.0016944937863645,0.0005930728252276,,126.89820388793946,123.96750030517578,-0.0063960791879271,126.00098793632112,132.7407258350356,0.9309124906277192,1.3914325106625838,0.0112602776895601,121.11000061035156,121.11000061035156,121.11000061035156,-0.0199077372383913,Vanguard S&P Mid-Cap 400 ETF,P,True,False,False,False,False,False,False,False,False,,False,,,5857669632.0,Other,unknown,354.0,True,,False,True,452.0,True,True,False,275.0,,0,0,False,Other,Other,Other,Other,Other
2026-10-08,CWB,101.27999877929688,101.7300033569336,99.6999969482422,100.0999984741211,510900.0,250,51141089.22042847,62872653.475990295,60749322.04643128,-0.0175514225290405,-0.0445589927324099,0.0455380952654169,0.0,0.0,0.036855311312197,-0.0,-0.0,0.0016783206775714,0.00058741223715,,102.6574411010742,101.45569478352864,0.000370998130482,103.79000091552734,111.42386904219472,0.8983712317170981,1.387627190908691,0.0138624097108995,99.6999969482422,99.6999969482422,99.6999969482422,-0.003996019300463,State Street SPDR Bloomberg Convertible Securities ETF,P,True,False,False,False,False,False,False,False,False,,False,,,6197490688.0,Other,unknown,344.0,True,,False,True,259.0,True,True,False,276.0,,0,0,False,Other,Other,Other,Other,Other
2026-10-08,SCHF,27.06999969482422,27.149999618530277,26.93000030517578,27.09000015258789,9540800.0,250,258460273.45581052,250251919.62202072,217360089.6867843,-0.0283356898120146,-0.016696881931447,0.0438192878888932,0.0,0.0,0.0381611682557953,-0.0,-0.0,0.0016721952179771,0.000585268326292,-0.0,27.996399879455566,26.99860534667969,0.0031891174893845,28.31999969482422,28.690000534057617,0.9442314272678252,0.359000015258789,0.0132521230430666,26.93000030517578,26.93000030517578,26.93000030517578,-0.0059062327984824,Schwab International Equity ETF,P,True,False,False,False,False,False,False,False,False,,False,,,66217533440.0,Global Equity,unknown,47.0,True,,False,True,108.0,True,True,False,277.0,,0,0,False,Global Equity,Global Equity,Global Equity,Global Equity,Global Equity
2026-10-08,MDY,661.2000122070312,667.0499877929688,660.1300048828125,666.260009765625,892300.0,250,594503806.7138672,498872814.0847778,417570157.64373296,-0.0080055630184319,-0.0318340750821446,0.0377606509939767,0.0,0.0,0.0424518909670735,-0.0,-0.0,0.001603011038842,0.0005610538635947,,684.0056298828125,668.6899678548177,-0.0064016302677881,679.1587627026358,715.6311478675171,0.9310103560346537,7.803269222987462,0.0117120480122054,653.0,653.0,653.0,-0.0199021546712514,State Street SPDR S&P MIDCAP 400 ETF Trust,P,True,False,False,False,False,False,False,False,False,,False,,,28052918272.0,Other,unknown,100.0,True,,False,True,65.0,True,True,False,278.0,,0,0,False,Other,Other,Other,Other,Other
2026-10-08,DFIS,35.5099983215332,35.880001068115234,35.439998626708984,35.70000076293945,387600.0,250,13837320.295715332,20434392.33373642,22381123.43568348,-0.0268238147549022,0.0135876578630003,0.027300711011702,0.0,0.0316353043702795,0.0291924648567702,-0.0,0.0004298496921752,0.0007969750467739,0.0005583435662847,0.1372188926994376,36.77640029907226,35.48961537679036,0.0052702632185674,37.31999969482422,37.85805654695205,0.9429961286751172,0.4264923297517459,0.011946563603284,35.439998626708984,35.439998626708984,35.439998626708984,-0.0072829728480112,Dimensional International Small Cap ETF,Z,True,False,False,False,False,False,False,False,False,,False,,,5815646208.0,Factor / Style,unknown,355.0,True,,False,True,390.0,True,True,False,279.0,,0,0,False,Factor / Style,Factor / Style,Factor / Style,Factor / Style,Factor / Style
2026-10-08,VEA,69.69999694824219,69.98999786376953,69.43000030517578,69.86000061035156,17001600.0,250,1187731786.3769531,712581604.9207306,692987265.5653818,-0.0262405006848025,-0.0134838493855478,0.0422117444861467,0.0,0.0,0.0370309350819096,-0.0,-0.0,0.0015631403697606,0.0005470991294162,-0.0,72.06956024169922,69.58287722269694,0.0034535440466985,72.87999725341797,73.85733659087978,0.9458776045138104,0.9064644314708652,0.0129754426503189,69.43000030517578,69.43000030517578,69.43000030517578,-0.0061551717924271,Vanguard FTSE Developed Markets ETF,P,True,False,False,False,False,False,False,False,False,,False,,,316309798912.0,Country / Region,unknown,9.0,True,,False,True,45.0,True,True,False,280.0,,0,0,False,Country / Region,Country / Region,Country / Region,Country / Region,Country / Region
2026-10-08,IQLT,49.209999084472656,49.41999816894531,49.08000183105469,49.380001068115234,1503400.0,250,74237893.60580444,83923675.58683395,73714992.01482137,-0.0161386248407408,-0.0036319673161426,0.03701438334249,0.0,0.0,0.0399247677139223,-0.0,-0.0,0.0014777906570229,0.000517226729958,-0.0,50.80800018310547,48.91861587524414,0.0006617524250571,50.8650016784668,52.36000061035156,0.9430863348453212,0.5017492294311523,0.0101609805301347,48.9900016784668,48.9900016784668,48.9900016784668,-0.007897921855256,iShares MSCI Intl Quality Factor ETF,P,True,False,False,False,False,False,False,False,False,,False,,,13642241024.0,Country / Region,unknown,188.0,True,,False,True,230.0,True,True,False,281.0,,0,0,False,Country / Region,Country / Region,Country / Region,Country / Region,Country / Region
2026-10-08,BSCS,20.18000030517578,20.209999084472656,20.170000076293945,20.200000762939453,465800.0,250,9409160.355377195,14196801.448993685,13963371.08487326,0.0011914333643883,0.0032470531219104,0.0088686669678808,0.0871534573015137,0.0741542794961048,0.0980593312724151,0.0001038375368508,0.0002407828847408,0.0008696555521481,0.0004608883183334,2.109192853659329,20.19637996673584,20.10714330037435,7.694628947629845e-05,20.23574381189429,20.265634536743164,0.9967613264867324,0.0334651276369745,0.0016566894244069,20.09000015258789,20.09000015258789,20.09000015258789,-0.0054455745642039,Invesco BulletShares 2028 Corporate Bond ETF,Q,True,False,False,False,False,False,False,False,False,,False,,,3521428736.0,Bond,unknown,461.0,True,,False,True,433.0,True,True,False,282.0,,0,0,False,Bond,Bond,Bond,Bond,Bond
2026-10-08,ICVT,112.37999725341795,112.37999725341795,110.81999969482422,111.11000061035156,620900.0,250,68988199.37896729,72600993.40976715,66811899.34929742,-0.023653298943942,-0.0543339124831226,0.0400188530692475,0.0,0.0,0.0308679258627758,-0.0,-0.0,0.0012352989896548,0.0004323546463791,,114.44189376831056,113.389752146403,-0.0007609446956234,115.58961716061803,125.97838301503772,0.881976716569609,1.1990389230891387,0.0107914581631046,110.81999969482422,110.81999969482422,110.81999969482422,-0.002610034325752,iShares Convertible Bond ETF,Z,True,False,False,False,False,False,False,False,False,,False,,,7533008896.0,Bond,unknown,296.0,True,,False,True,246.0,True,True,False,283.0,,0,0,False,Bond,Bond,Bond,Bond,Bond
2026-10-08,EFV,77.80000305175781,77.98999786376953,77.30999755859375,77.97000122070312,2135000.0,250,166465952.60620117,202285373.31497192,209002100.57984608,-0.0423728448271822,-0.0053578029367962,0.0321376393050165,0.0,0.0,0.0378083176160074,-0.0,-0.0,0.0012150700742727,0.0004252745259954,-0.0,81.1566000366211,77.41110585530599,0.0001478818906255,82.6500015258789,83.2300033569336,0.9368016109085946,0.9925014495849608,0.0127292732338886,77.30999755859375,77.30999755859375,77.30999755859375,-0.0084648409872555,iShares MSCI EAFE Value ETF,Z,True,False,False,False,False,False,False,False,False,,False,,,23718227968.0,Country / Region,unknown,116.0,True,,False,True,110.0,True,True,False,284.0,,0,0,False,Country / Region,Country / Region,Country / Region,Country / Region,Country / Region
2026-10-08,IVLU,42.08000183105469,42.220001220703125,41.82500076293945,42.18999862670898,1992600.0,250,84067791.26358032,57488447.57801056,40167751.75591121,-0.0422247591956072,-0.0086936732763883,0.03223451182274,0.0,0.0,0.0339374167841719,-0.0,-0.0,0.0010939560625626,0.0003828846218969,-0.0,43.90459976196289,42.00955151875814,0.0017980270277506,44.68999862670898,45.09000015258789,0.935684153558104,0.5463493347167969,0.0129497357786336,41.82500076293945,41.82500076293945,41.82500076293945,-0.0086512888279276,iShares MSCI Intl Value Factor ETF,P,True,False,False,False,False,False,False,False,False,,False,,,4248612352.0,Country / Region,unknown,412.0,True,,False,True,313.0,True,True,False,285.0,,0,0,False,Country / Region,Country / Region,Country / Region,Country / Region,Country / Region
2026-10-08,IBDT,24.93000030517578,24.950000762939453,24.899999618530277,24.940000534057617,2756400.0,250,68744617.47207642,24605807.19560623,17649795.394906543,0.0001307171145492,0.0027493325864969,0.007843622388812,0.0081101730708085,0.0635319219066487,0.0875691751133951,1.0601384223112222e-06,0.0001746703831807,0.0006868595424892,0.0003539365889387,1.5500198224744015,24.950183067321777,24.83921516418457,5.1125297662935054e-05,25.07999992370605,25.17584655365312,0.990632052070508,0.0857675446890448,0.0034389552065936,24.827148834087467,24.827148699738377,24.827148699738377,-0.0045249331155839,iShares iBonds Dec 2028 Term Corporate ETF,P,True,False,False,False,False,False,False,False,False,,False,,,3989931008.0,Bond,unknown,426.0,True,,False,True,415.0,True,True,False,286.0,,0,0,False,Bond,Bond,Bond,Bond,Bond
2026-10-08,SCHC,48.880001068115234,49.09999847412109,48.68999862670898,49.060001373291016,352900.0,250,17313274.4846344,18570048.888950348,15932159.85575479,-0.0265873038098984,0.0157350341249553,0.0024566483450185,0.0,0.0335690451044763,0.002407048496639,-0.0,0.0005282100702611,5.913271705647871e-06,0.0003454061907666,0.2131915555717552,50.46380012512207,49.2930406443278,0.0071368402270246,51.27999877929688,52.119998931884766,0.9412893779488976,0.6019994735717773,0.0122706778785276,48.68999862670898,48.68999862670898,48.68999862670898,-0.007541841341722,Schwab International Small-Cap Equity ETF,P,True,False,False,False,False,False,False,False,False,,False,,,5338413056.0,Global Equity,unknown,368.0,True,,False,True,422.0,True,True,False,287.0,,0,0,False,Global Equity,Global Equity,Global Equity,Global Equity,Global Equity
2026-10-08,DFIV,55.060001373291016,55.31499862670898,54.85499954223633,55.27999877929688,1903600.0,250,105231005.67626952,85248488.84317398,72726027.59088184,-0.0425399912918057,0.0021979262271085,0.0263301592472848,0.0,0.0065026593976124,0.0340873811315246,-0.0,1.4292365635966369e-05,0.0008975261735159,0.0003234241983939,0.001998761163821,57.30415916442871,54.90731575012207,0.0008545046810464,58.41774237560752,58.92026613518638,0.93821705849839,0.6334221832219452,0.0114584333793287,54.83000183105469,54.83000183105469,54.83000183105469,-0.008140321240577,Dimensional International Value ETF,P,True,False,False,False,False,False,False,False,False,,False,,,19862159360.0,Factor / Style,unknown,137.0,True,,False,True,234.0,True,True,False,288.0,,0,0,False,Factor / Style,Factor / Style,Factor / Style,Factor / Style,Factor / Style
2026-10-08,ESGD,101.6999969482422,101.95999908447266,101.15499877929688,101.8000030517578,369500.0,250,37615101.12762451,51430844.92549896,35691600.71540711,-0.0282550498674433,-0.0153786279841087,0.0287831332714152,0.0,0.0,0.0297047113993198,-0.0,-0.0,0.0008549946669955,0.0002992481334484,-0.0,105.52802062988282,101.60356348673504,0.0009213638106384,106.0250015258789,108.0,0.9425926208496094,1.2452999114990235,0.0122328081941793,101.15499877929688,101.15499877929688,101.15499877929688,-0.006335994627947,iShares ESG Aware MSCI EAFE ETF,Q,True,False,False,False,False,False,False,False,False,,False,,,11761851392.0,Country / Region,unknown,208.0,True,,False,True,333.0,True,True,False,289.0,,0,0,False,Country / Region,Country / Region,Country / Region,Country / Region,Country / Region
2026-10-08,KBWB,86.12999725341797,87.2699966430664,85.63999938964844,87.23999786376953,2573500.0,250,224512134.5024109,228840039.348526,171805166.03678143,-0.0893440218097672,-0.0871633757977037,0.0315804848176697,0.0,0.0,0.0260282570156078,-0.0,-0.0,0.0008219849755118,0.0002876947414291,-0.0,93.9295768737793,89.06899790445964,-0.0175087130946723,97.32142231553506,100.1074422707153,0.8714636582947648,1.6528304332638364,0.0189457871817561,85.0999984741211,85.0999984741211,85.0999984741211,-0.0245300256997962,Invesco KBW Bank ETF,Q,True,False,False,False,False,False,False,False,False,,False,,,6505184256.0,Other,unknown,329.0,True,,False,True,126.0,True,True,False,290.0,,0,0,False,Other,Other,Other,Other,Other
2026-10-08,IDMO,59.959999084472656,60.2400016784668,59.70000076293945,59.95000076293945,489200.0,250,29327540.37322998,22774876.257267,20781070.04289173,-0.0316740595418615,0.0024604258440139,0.0318935224432677,0.0,0.0044043627992801,0.0242279949031288,-0.0,1.0836608057762605e-05,0.0007727160991983,0.0002774944299569,0.0060562689912692,61.86600105285645,59.24621777852376,0.0069853339857794,62.72637855105143,63.52189537977111,0.943769080008133,0.8561462387584783,0.0142810046349113,59.70000076293945,59.70000076293945,59.70000076293945,-0.0041701417317503,Invesco S&P International Developed Momentum ETF,P,True,False,False,False,False,False,False,False,False,,False,,,3922271744.0,Factor / Style,unknown,437.0,True,,False,True,399.0,True,True,False,291.0,,0,0,False,Factor / Style,Factor / Style,Factor / Style,Factor / Style,Factor / Style
2026-10-08,GSIE,45.27000045776367,45.46500015258789,45.130001068115234,45.43999862670898,728900.0,250,33121214.99900818,21235828.487091064,18976752.90176755,-0.0302500220623026,-0.0081480945494046,0.0257125997042853,0.0,0.0,0.0293474135187628,-0.0,-0.0,0.000754598296164,0.0002641094036574,-0.0,47.1203401184082,45.30366264343262,0.0005594193322169,47.38945600895267,48.21980446668582,0.9423513663997256,0.5250568555374386,0.0115549487545278,45.130001068115234,45.130001068115234,45.130001068115234,-0.0068221295766399,Goldman Sachs ActiveBeta International Equity ETF,P,True,False,False,False,False,False,False,False,False,,False,,,5800200704.0,Global Equity,unknown,357.0,True,,False,True,408.0,True,True,False,292.0,,0,0,False,Global Equity,Global Equity,Global Equity,Global Equity,Global Equity
2026-10-08,IDEV,88.33999633789062,88.6050033569336,87.93499755859375,88.55999755859375,2356100.0,250,208656210.24780276,218886369.0508652,167971259.7447471,-0.0271339256709391,-0.0118277745536969,0.0259832998151721,0.0,0.0,0.0278053154046435,-0.0,-0.0,0.0007224738466142,0.0002528658463149,-0.0,91.70059921264648,88.49593571980795,0.0010676544971479,92.18000030517578,93.86000061035156,0.9435328892255164,1.0347496032714845,0.0116841647673585,87.93499755859375,87.93499755859375,87.93499755859375,-0.0070573624348452,iShares Core MSCI International Developed Markets ETF,P,True,False,False,False,False,False,False,False,False,,False,,,30637815808.0,Country / Region,unknown,93.0,True,,False,True,129.0,True,True,False,293.0,,0,0,False,Country / Region,Country / Region,Country / Region,Country / Region,Country / Region
2026-10-08,VOX,192.55999755859372,192.82000732421875,191.50999450683597,192.6699981689453,277600.0,250,53485191.49169922,65114378.53424072,52538187.214660645,0.0221963114275671,0.0078389382381605,0.0247668900241624,0.1005595668995475,0.0119312791559237,0.0202944955963054,0.0022320514639236,9.352856040553809e-05,0.0005026315405295,0.0002367146034489,0.0323083762129464,188.955915222168,188.8492694091797,0.0071960482006032,198.66773465693825,198.80718101994177,0.9691299739802616,3.132594077459101,0.0162588576697459,188.4900054931641,188.4900054931641,188.4900054931641,-0.021695088573759,Vanguard Communication Services  ETF,P,True,False,False,False,False,False,False,False,False,,False,,,5931463168.0,Sector,unknown,351.0,True,,False,True,283.0,True,True,False,294.0,,0,0,False,Sector,Sector,Sector,Sector,Sector
2026-10-08,IEFA,95.70999908447266,95.91999816894533,95.16999816894533,95.87000274658205,8446400.0,250,809756391.1987305,1037673505.069809,863681881.0518416,-0.0267993029377621,-0.0138860158112568,0.0241692030039448,0.0,0.0,0.0251704826139139,-0.0,-0.0,0.0006083505040029,0.000212922676401,-0.0,99.26259948730468,95.80271469116212,0.0011356525021504,99.80999755859376,101.44000244140624,0.9450906983362746,1.1604995727539062,0.0121049289611633,95.16999816894533,95.16999816894533,95.16999816894533,-0.0073016017271542,iShares Core MSCI EAFE ETF,Z,True,False,False,False,False,False,False,False,False,,False,,,186543423488.0,Country / Region,unknown,13.0,True,,False,True,40.0,True,True,False,295.0,,0,0,False,Country / Region,Country / Region,Country / Region,Country / Region,Country / Region
2026-10-08,INTF,40.95000076293945,41.11000061035156,40.810001373291016,41.09999847412109,733300.0,250,30138628.881073,19139039.342460632,12378821.044491963,-0.0292867660367971,-0.005083584899266,0.0232779410513264,0.0,0.0,0.0258095727110634,-0.0,-0.0,0.000600793712128,0.0002102777992448,-0.0,42.50309997558594,40.92303011576335,0.0016827022604555,42.82500076293945,43.4900016784668,0.9450447663346708,0.4755998611450195,0.0115717732068648,40.810001373291016,40.810001373291016,40.810001373291016,-0.0070558907931025,iShares International Equity Factor ETF,P,True,False,False,False,False,False,False,False,False,,False,,,3470813184.0,Factor / Style,unknown,470.0,True,,False,True,444.0,True,True,False,296.0,,0,0,False,Factor / Style,Factor / Style,Factor / Style,Factor / Style,Factor / Style
2026-10-08,IJJ,138.75,140.44000244140625,138.64999389648438,140.1999969482422,206100.0,250,28895219.371032715,32613866.983032227,25095634.104047503,-0.0229301481734414,-0.0389400854417546,0.0222309421730049,0.0,0.0,0.0266338293978861,-0.0,-0.0,0.00059209512119,0.0002072332924165,-0.0,145.1539990234375,141.6432034301758,-0.0104727932073301,145.0738575154457,151.1990978823567,0.9272541894219992,1.6134920629052758,0.0115085028389902,136.72999572753906,136.72999572753906,136.72999572753906,-0.024750365878996,iShares S&P Mid-Cap 400 Value ETF,P,True,False,False,False,False,False,False,False,False,,False,,,8733020160.0,Factor / Style,unknown,269.0,True,,False,True,377.0,True,True,False,297.0,,0,0,False,Factor / Style,Factor / Style,Factor / Style,Factor / Style,Factor / Style
2026-10-08,SPSB,29.57999992370605,29.6200008392334,29.559999465942383,29.61000061035156,3846600.0,250,113897828.34777832,213834914.4939804,168767117.82633767,-1.7520760813294345e-05,0.0015769311018787,0.0066574587426644,0.0,0.0329071727458277,0.0709068406716356,-0.0,5.189234417779184e-05,0.000472059366344,0.0001989508019359,1.3483463949324237,29.633613815307616,29.517732264200845,-0.0003157696494896,29.650373805442378,29.768677059682908,0.9946696842115887,0.0588543079394385,0.001987649669918,29.450000762939453,29.450000762939453,29.450000762939453,-0.0054035746070256,State Street SPDR Portfolio Short Term Corporate Bond ETF,P,True,False,False,False,False,False,False,False,False,,False,,,10633097216.0,Bond,unknown,234.0,True,,False,True,128.0,True,True,False,298.0,,0,0,False,Bond,Bond,Bond,Bond,Bond
2026-10-08,EFA,102.48999786376952,102.83000183105467,102.0,102.6999969482422,21851600.0,250,2244159253.314209,1578161834.6998978,1217069245.7882352,-0.0280144483368844,-0.0156235488757301,0.0232974334122029,0.0,0.0,0.0240490276265352,-0.0,-0.0,0.0005602806197574,0.0001960982169151,-0.0,106.4711993408203,102.71798233032229,0.0008196693800892,107.02999877929688,108.88999938964844,0.9431536185498895,1.2629993438720704,0.0122979491860022,102.0,102.0,102.0,-0.0068159393285568,iShares MSCI EAFE ETF,P,True,False,False,False,False,False,False,False,False,,False,,,77217693696.0,Country / Region,unknown,37.0,True,,False,True,25.0,True,True,False,299.0,,0,0,False,Country / Region,Country / Region,Country / Region,Country / Region,Country / Region
2026-10-08,SCZ,82.83999633789062,83.30999755859375,82.6500015258789,83.25,1911000.0,250,159090750.0,90805133.75270844,98819949.41007826,-0.0246045519820112,-0.0016788510693503,0.0226704132971267,0.0,0.0,0.0245788500565164,-0.0,-0.0,0.0005572126891493,0.0001950244412022,-0.0,85.71740020751953,83.13725189208985,0.0035450648164561,86.68000030517578,87.8499984741211,0.947638035810824,0.964999771118164,0.0115915888422602,82.6500015258789,82.6500015258789,82.6500015258789,-0.0072071888783314,iShares MSCI EAFE Small-Cap ETF,Q,True,False,False,False,False,False,False,False,False,,False,,,14441042944.0,Country / Region,unknown,177.0,True,,False,True,187.0,True,True,False,300.0,,0,0,False,Country / Region,Country / Region,Country / Region,Country / Region,Country / Region
2026-10-08,DFAI,40.970001220703125,41.095001220703125,40.790000915527344,41.06999969482422,1971800.0,250,80981825.3982544,79213625.57096481,78083833.77341619,-0.0267019634825673,-0.0079757202118934,0.0219900180339107,0.0,0.0,0.0248768432173403,-0.0,-0.0,0.000547042230976,0.0001914647808416,-0.0,42.4444613647461,41.00013590494792,0.0012178013684771,42.6995492500939,43.40150431744898,0.9462805573380226,0.4633180543373917,0.0112811798826426,40.790000915527344,40.790000915527344,40.790000915527344,-0.0068175987674078,Dimensional International Core Equity Market ETF,P,True,False,False,False,False,False,False,False,False,,False,,,16829969408.0,Global Equity,unknown,156.0,True,,False,True,219.0,True,True,False,301.0,,0,0,False,Global Equity,Global Equity,Global Equity,Global Equity,Global Equity
2026-10-08,FENI,39.45000076293945,39.54499816894531,39.244998931884766,39.52000045776367,1419900.0,250,56114448.64997864,58476815.110263824,53213574.92882259,-0.0208426744556189,-0.0147714887044605,0.0227560794418242,0.0,0.0,0.022835195599906,-0.0,-0.0,0.000519639525141,0.0001818738337993,-0.0,40.810583877563474,39.44241310119629,0.0015520211391035,40.90499877929688,41.86843840083517,0.9439091107103568,0.4655716165401614,0.0117806581768067,39.244998931884766,39.244998931884766,39.244998931884766,-0.0069585405539863,Fidelity Enhanced International ETF,P,True,False,False,False,False,False,False,False,False,,False,,,10288922624.0,Global Equity,unknown,242.0,True,,False,True,279.0,True,True,False,302.0,,0,0,False,Global Equity,Global Equity,Global Equity,Global Equity,Global Equity
2026-10-08,IMTM,52.02999877929688,52.22999954223633,51.83000183105469,52.040000915527344,346400.0,250,18026656.317138672,18640543.710632324,17291188.053688172,-0.0232732337120727,-0.0123362635817597,0.0243720209091833,0.0,0.0,0.0202619245095173,-0.0,-0.0,0.0004938240478062,0.0001728384167321,-0.0,53.323840103149415,51.79574493408203,0.0040161523111952,53.970001220703125,54.79199981689453,0.9497737094728448,0.6528005599975586,0.012544207311933,51.83000183105469,51.83000183105469,51.83000183105469,-0.0040353397536162,iShares MSCI Intl Momentum Factor ETF,P,True,False,False,False,False,False,False,False,False,,False,,,4170761216.0,Country / Region,unknown,417.0,True,,False,True,417.0,True,True,False,303.0,,0,0,False,Country / Region,Country / Region,Country / Region,Country / Region,Country / Region
2026-10-08,JPLD,51.27999877929688,51.375,51.26399993896485,51.34999847412109,342600.0,250,17592509.477233887,28048031.67131424,21262727.569374207,-0.0005906133387739,-0.0002672916493529,0.0067456197223536,0.0,0.0,0.0727125124855594,-0.0,-0.0,0.0004904909582844,0.0001716718353995,-0.0,51.48210411071777,51.28833717346191,-0.0005310919976443,51.48991370894442,51.72949769102828,0.9926637753342616,0.1073068195056674,0.0020897141712622,50.91999816894531,50.91999816894531,50.91999816894531,-0.0083739107683223,JPMorgan Limited Duration Bond ETF,P,True,False,False,False,False,False,False,False,False,,False,,,3882614016.0,Bond,unknown,441.0,True,,False,True,396.0,True,True,False,304.0,,0,0,False,Bond,Bond,Bond,Bond,Bond
2026-10-08,JIRE,81.19000244140625,81.43499755859375,80.77999877929688,81.30999755859375,615000.0,250,50005648.49853516,42785575.74642181,35173609.82989357,-0.0218934169969479,-0.0156174447864124,0.0210975808504585,0.0,0.0,0.0214723929371555,-0.0,-0.0,0.0004530155460444,0.0001585554411155,-0.0,83.98759979248047,81.18000010172526,0.000555150451913,84.27999877929688,86.06999969482422,0.9446961525141412,0.9824012756347656,0.0120821707678299,80.77999877929688,80.77999877929688,80.77999877929688,-0.006518248618996,JPMorgan International Research Enhanced Equity ETF,P,True,False,False,False,False,False,False,False,False,,False,,,11130201088.0,Global Equity,unknown,223.0,True,,False,True,336.0,True,True,False,305.0,,0,0,False,Global Equity,Global Equity,Global Equity,Global Equity,Global Equity
2026-10-08,AKRE,53.29999923706055,54.084999084472656,53.290000915527344,54.02000045776367,450300.0,239,24325206.20613098,23339374.162807465,23797577.740345303,-0.0418588252153514,-0.0203119141146567,0.0256313335058047,0.0,0.0,0.0172833534731118,-0.0,-0.0,0.000442995396968,0.0001550483889388,-0.0,57.56559997558594,55.39819989522298,-0.0079754036368323,58.345001220703125,62.31999969482422,0.8668164429123084,0.8577499389648438,0.0158783771139633,52.59999847412109,52.59999847412109,52.59999847412109,-0.0262865970309057,Akre Focus ETF,P,True,False,False,False,False,False,False,False,False,,False,,,5185632256.0,Other,unknown,374.0,True,,False,True,382.0,True,True,False,306.0,,0,0,False,Other,Other,Other,Other,Other
2026-10-08,FTCS,94.25,95.58000183105467,94.2300033569336,95.47000122070312,246200.0,250,23504714.30053711,33148982.31735229,38496845.25037493,-0.0101914313446609,-0.0083472438214292,0.0175144012656964,0.0,0.0,0.025106844518423,-0.0,-0.0,0.0004397313494111,0.0001539059722938,-0.0,98.08516052246094,95.12643641153971,-0.0055664669200531,97.93780683670003,102.57161667255592,0.9307643217272904,0.8336279776551401,0.008731831643408,93.29000091552734,93.29000091552734,93.29000091552734,-0.0228344011448806,First Trust Capital Strength ETF,Q,True,False,False,False,False,False,False,False,False,,False,,,7646184448.0,Other,unknown,294.0,True,,False,True,319.0,True,True,False,307.0,,0,0,False,Other,Other,Other,Other,Other
2026-10-08,DFIC,37.08000183105469,37.31999969482422,37.040000915527344,37.290000915527344,1751800.0,250,65324623.6038208,75169562.23453522,72419296.38209873,-0.0295464962621256,-0.0032133619078802,0.0187051538278286,0.0,0.0,0.0218626598359557,-0.0,-0.0,0.000408944415317,0.0001431305453609,-0.0,38.5341527557373,37.25207232157389,0.0020165043927815,38.88313369383674,39.44045646629076,0.945475895985094,0.4160243743475526,0.0111564592151651,37.040000915527344,37.040000915527344,37.040000915527344,-0.0067042100794344,Dimensional International Core Equity 2 ETF,Z,True,False,False,False,False,False,False,False,False,,False,,,14218919936.0,Global Equity,unknown,180.0,True,,False,True,235.0,True,True,False,308.0,,0,0,False,Global Equity,Global Equity,Global Equity,Global Equity,Global Equity
2026-10-08,BBIN,76.88999938964844,77.12000274658203,76.5,77.0199966430664,69600.0,250,5360591.766357422,10031561.239509584,13383971.434674945,-0.0260631656452797,-0.0147701065348415,0.0193749773433855,0.0,0.0,0.0200097902765909,-0.0,-0.0,0.0003876892332548,0.0001356912316391,-0.0,79.73638259887696,77.08132654825846,0.0012161618181254,80.14693795581576,81.47873370945655,0.9452772906082528,0.941303028456207,0.0122215407619203,76.5,76.5,76.5,-0.0067514498277145,JPMorgan BetaBuilders International Equity ETF,Z,True,False,False,False,False,False,False,False,False,,False,,,6496628224.0,Global Equity,unknown,330.0,True,,False,True,438.0,True,True,False,309.0,,0,0,False,Global Equity,Global Equity,Global Equity,Global Equity,Global Equity
2026-10-08,AVDE,88.87999725341797,89.33000183105469,88.62000274658203,89.27999877929688,1398500.0,250,124858078.29284668,129292371.57718658,100584950.06314231,-0.0309345333668221,-0.0050192413320477,0.0181950879283654,0.0,0.0,0.019568983765256,-0.0,-0.0,0.0003560593802775,0.0001246207830971,-0.0,92.37891494750976,89.24612391153971,0.0020900344676477,93.1999969482422,94.49393206819651,0.944822559768846,1.0277496337890626,0.0115115327939205,88.62000274658203,88.62000274658203,88.62000274658203,-0.0073924287829166,Avantis International Equity ETF,P,True,False,False,False,False,False,False,False,False,,False,,,17163864064.0,Global Equity,unknown,152.0,True,,False,True,185.0,True,True,False,310.0,,0,0,False,Global Equity,Global Equity,Global Equity,Global Equity,Global Equity
2026-10-08,DIHP,33.540000915527344,33.73500061035156,33.512001037597656,33.689998626708984,666600.0,250,22457753.08456421,25002215.31106949,21443129.639277384,-0.0150431895732968,-0.0072420848922168,0.0135857380508201,0.0,0.0,0.0160338773495611,-0.0,-0.0,0.0002178320576101,7.624122016354105e-05,-0.0,34.66867301940918,33.711806526184084,0.0002912166322648,34.599998474121094,35.71268870761307,0.9433621451057844,0.3475254984452931,0.0103153906978725,33.38999938964844,33.38999938964844,33.38999938964844,-0.0089046972184413,Dimensional International High Profitability ETF,Z,True,False,False,False,False,False,False,False,False,,False,,,6191810560.0,Global Equity,unknown,345.0,True,,False,True,394.0,True,True,False,311.0,,0,0,False,Global Equity,Global Equity,Global Equity,Global Equity,Global Equity
2026-10-08,EFG,119.12999725341795,119.38999938964844,118.43000030517578,119.0500030517578,640800.0,250,76287241.9555664,221421505.23731232,121049677.01090252,-0.0142418948341284,-0.0293518012990933,0.0160267128810656,0.0,0.0,0.0135305799418379,-0.0,-0.0,0.0002168507198421,7.589775194474967e-05,-0.0,122.95879974365236,120.0206131998698,0.0008774881234241,122.70999908447266,127.44000244140624,0.9341651033512344,1.4794998168945312,0.0124275495923448,118.43000030517578,118.43000030517578,118.43000030517578,-0.0052079187794097,iShares MSCI EAFE Growth ETF,Z,True,False,False,False,False,False,False,False,False,,False,,,16891213824.0,Country / Region,unknown,155.0,True,,False,True,159.0,True,True,False,312.0,,0,0,False,Country / Region,Country / Region,Country / Region,Country / Region,Country / Region
2026-10-08,VGSH,57.52000045776367,57.58000183105469,57.4900016784668,57.56999969482422,4327600.0,250,249139930.6793213,337933752.4814987,294505451.12554765,0.0004090694224152,0.0010893382034928,0.0035316642549707,0.0261289298189901,0.0253154800260215,0.0408903787389432,1.0688546229383e-05,2.7577119532106276e-05,0.0001444110889645,6.846900883345877e-05,1.7561279541220276,57.60848114013672,57.46858164469401,-0.0002649632035351,57.58000183105469,57.84709548950195,0.9952098581210872,0.0859659678441612,0.0014932424578749,57.29725394453718,57.28728741056938,57.28728741056938,-0.0049107570914274,Vanguard Short-Term Treasury ETF,Q,True,False,False,False,False,False,False,False,False,,False,,,33827600384.0,Bond,unknown,88.0,True,,False,True,86.0,True,True,False,313.0,,0,0,False,Bond,Bond,Bond,Bond,Bond
2026-10-08,SCHO,23.84000015258789,23.8700008392334,23.82999992370605,23.8700008392334,4903700.0,250,117051323.11534882,98635285.65358162,117426926.86885652,0.0008063386228762,0.0009189599676564,0.0036964663017251,0.0508546383485229,0.0220672966121226,0.042259435709544,4.100605905281867e-05,2.0278962180941524e-05,0.0001562105800302,6.785502842819961e-05,1.5405301240890783,23.884194450378416,23.82642050425212,-0.0002567675882065,23.870702593740603,23.97821807861328,0.995486852316336,0.0373643253755824,0.0015653256833644,23.75110000345951,23.741132884827937,23.741132884827937,-0.005398741092361,Schwab Short-Term U.S. Treasury ETF,P,True,False,False,False,False,False,False,False,False,,False,,,12952873984.0,Bond,unknown,198.0,True,,False,True,162.0,True,True,False,314.0,,0,0,False,Bond,Bond,Bond,Bond,Bond
2026-10-08,FEZ,65.37999725341797,65.69999694824219,65.08000183105469,65.56999969482422,1158900.0,250,75989072.64633179,72097882.95154572,56979054.00567433,-0.0487120508000517,-0.0352978059804325,0.0146902614119421,0.0,0.0,0.0128876305014229,-0.0,-0.0,0.0001893226610464,6.626293136624786e-05,-0.0,69.70873886108399,66.763482615153,-0.0019487053542674,69.88603960849055,72.2421990940395,0.9076412473195906,0.9475809420981164,0.0144514403920748,65.08000183105469,65.08000183105469,65.08000183105469,-0.0074728971488498,State Street SPDR EURO STOXX 50 ETF,P,True,False,False,False,False,False,False,False,False,,False,,,4349350400.0,Other,unknown,408.0,True,,False,True,268.0,True,True,False,315.0,,0,0,False,Other,Other,Other,Other,Other
2026-10-08,SPTS,28.649999618530277,28.68000030517578,28.6299991607666,28.670000076293945,1622500.0,250,46517075.123786926,83996671.84394836,69686978.20261395,0.0001847815093396,0.0010402433663341,0.0035945251210147,0.010950099564283,0.0226265318538691,0.0399860961843978,2.02337592490765e-06,2.353709966413513e-05,0.0001437310272261,6.560497431083366e-05,1.9520776175685144,28.68817687988281,28.620647633870444,-0.0003002010546288,28.68000030517578,28.810991287231445,0.995106339468438,0.0446490717788622,0.0015573446689935,28.53513216582081,28.51520059200517,28.51520059200517,-0.005399354163824,State Street SPDR Portfolio Short Term Treasury ETF,P,True,False,False,False,False,False,False,False,False,,False,,,5912571904.0,Bond,unknown,352.0,True,,False,True,237.0,True,True,False,316.0,,0,0,False,Bond,Bond,Bond,Bond,Bond
2026-10-08,XLP,82.08999633789062,83.63999938964844,82.0199966430664,83.41999816894531,14642100.0,250,1221443955.1895142,904463414.9656296,867118055.0066267,0.0105744992381429,-0.001799477201251,0.0131966370550908,0.0776068134891456,0.0,0.0132374523613728,0.0008206531901156,-0.0,0.000174689854347,6.114144902148283e-05,-0.0,83.66627365112305,82.9934932454427,-0.0071784842300857,84.3353461650793,88.1999282420996,0.9458057373920544,0.9458146909445057,0.0113379850360222,80.0999984741211,80.0999984741211,80.0999984741211,-0.0397986066614438,State Street Consumer Staples Select Sector SPDR ETF,P,True,False,False,False,False,False,False,False,False,,False,,,13649293312.0,Sector,unknown,187.0,True,,False,True,38.0,True,True,False,317.0,,0,0,False,Sector,Sector,Sector,Sector,Sector
2026-10-08,MLPX,72.0,72.68000030517578,71.97000122070312,72.44999694824219,446400.0,250,32341678.637695312,23173157.362709045,28547406.10029433,-0.0373372988071645,-0.0190270914651373,0.0141547729480011,0.0,0.0,0.0117129339635847,-0.0,-0.0,0.0001657939208094,5.802787228331565e-05,-0.0,73.78738647460938,73.09425064086913,-0.0109342209929086,75.58000183105469,77.54653107216272,0.9342777290814228,1.2240001678466796,0.0168944129662434,69.08999633789062,69.08999633789062,69.08999633789062,-0.0463768219721517,Global X MLP & Energy Infrastructure ETF,P,True,False,False,False,False,False,False,False,False,,False,,,3484022272.0,REIT / Infra,unknown,467.0,True,,False,True,366.0,True,True,False,318.0,,0,0,False,REIT / Infra,REIT / Infra,REIT / Infra,REIT / Infra,REIT / Infra
2026-10-08,XLC,111.45999908447266,112.08000183105467,111.29000091552734,112.06999969482422,6003400.0,250,672801036.1679077,688856853.686676,597329032.7051678,0.0084247301345825,0.007160120700921,-0.0134604810680377,0.0402380992195935,0.0113215238398796,0.0,0.0003389951270536,8.106347721189369e-05,-0.0,5.26912601877309e-05,0.034863014033436,111.49032653808594,112.10977254231771,0.0045350641045982,115.61000061035156,118.77851538490977,0.9435207986196312,1.7369085074807755,0.015498425200415,109.66000366210938,109.66000366210938,109.66000366210938,-0.0215043815408,State Street Communication Services Select Sector SPDR ETF,P,True,False,False,False,False,False,False,False,False,,False,,,22262224896.0,Sector,unknown,124.0,True,,False,True,51.0,True,True,False,319.0,,0,0,False,Sector,Sector,Sector,Sector,Sector
2026-10-08,GRID,178.75999450683594,180.1699981689453,176.97999572753906,178.25999450683594,624500.0,250,111323366.56951904,97287599.40544128,104314635.64378044,0.0077355972731278,-0.0336467808897356,0.0158706100625256,0.029787095524844,0.0,0.0091242237940715,0.0002304209749163,-0.0,0.0001448069979589,5.068244928562469e-05,-0.0,180.51754791259765,181.0605355834961,0.0039199625626316,184.91000366210935,198.79490034538264,0.8967030552450304,3.3345486513661684,0.0187060964553002,176.1300048828125,171.29265122646677,171.29265122646677,-0.0390852883152197,First Trust NASDAQ Clean Edge Smart Grid Infrastructure Index Fund,Q,True,False,False,False,False,False,False,False,False,,False,,,12076603392.0,REIT / Infra,unknown,204.0,True,,False,True,179.0,True,True,False,320.0,,0,0,False,REIT / Infra,REIT / Infra,REIT / Infra,REIT / Infra,REIT / Infra
2026-10-08,XME,104.2300033569336,105.55999755859376,103.9499969482422,104.61000061035156,1224500.0,250,128094945.74737547,163975631.73065186,202280577.4651906,-0.0879122231454485,0.0095506999956633,-0.0706066090882945,0.0,0.007633817798133,0.0,-0.0,7.290830361152442e-05,-0.0,4.7390397347490873e-05,0.2383882303018824,112.36877151489256,112.51496826171876,0.0090057319438296,116.34179968223626,132.7598912510043,0.7879638919903094,2.99096262798257,0.028591555401316,101.88999938964844,101.88999938964844,101.88999938964844,-0.0260013498215577,State Street SPDR S&P Metals & Mining ETF,P,True,False,False,False,False,False,False,False,False,,False,,,4383336448.0,Other,unknown,406.0,True,,False,True,113.0,True,True,False,321.0,,0,0,False,Other,Other,Other,Other,Other
2026-10-08,NEAR,49.869998931884766,49.880001068115234,49.810001373291016,49.869998931884766,784300.0,250,39113040.16227722,56001879.37164307,38173726.15161472,-0.0022977542405768,-0.0014416443024917,0.0030380115893435,0.0,0.0,0.0342145329676501,-0.0,-0.0,0.0001039441476796,3.6380451687894736e-05,-0.0,50.01216590881348,49.8600397237142,-0.000594675014883,50.01474346763872,50.28328805167595,0.9917807857082368,0.0959631195834884,0.0019242655231366,49.62618271849127,49.62618271849127,49.62618271849127,-0.0048890358655615,iShares Short Duration Bond Active ETF,Z,True,False,False,False,False,False,False,False,False,,False,,,4774438400.0,Bond,unknown,388.0,True,,False,True,322.0,True,True,False,322.0,,0,0,False,Bond,Bond,Bond,Bond,Bond
2026-10-08,VSS,153.36000061035156,154.0800018310547,152.82000732421875,153.61000061035156,149100.0,250,22903251.091003414,37144091.31774902,34219091.08550057,-0.0223734733120767,-0.0048628049051726,0.0102513519545537,0.0,0.0,0.0096585347312694,-0.0,-0.0,9.901303889552417e-05,3.465456361343345e-05,-0.0,157.44971557617188,154.57399576822917,0.00661022521961,160.19000244140625,162.1560252971581,0.9472975199586596,1.7695369532495904,0.0115196728482425,152.82000732421875,152.82000732421875,152.82000732421875,-0.0051428506151544,Vanguard FTSE All-Wld ex-US SmCp Idx ETF,P,True,False,False,False,False,False,False,False,False,,False,,,13810126848.0,Country / Region,unknown,184.0,True,,False,True,342.0,True,True,False,323.0,,0,0,False,Country / Region,Country / Region,Country / Region,Country / Region,Country / Region
2026-10-08,SHY,81.13999938964844,81.2300033569336,81.0999984741211,81.19999694824219,4077700.0,250,331109227.5558472,418284923.17352295,333172422.5036379,0.0002667241091527,0.0006828834322776,0.0026804605056021,0.0157137636623368,0.0152631169709973,0.0289501746045958,4.191239614273454e-06,1.0422929704409544e-05,7.75997996579045e-05,3.393483418813278e-05,0.8945708097150491,81.27310119628906,81.09592234293619,-0.0003190532228868,81.2300033569336,81.6124300737833,0.9949464422862028,0.1212514177972316,0.0014932441176631,80.82938812982756,80.80945000472575,80.80945000472575,-0.0048096916033799,iShares 1-3 Year Treasury Bond ETF,Q,True,False,False,False,False,False,False,False,False,,False,,,25358272512.0,Bond,unknown,110.0,True,include,False,True,80.0,True,True,False,324.0,,0,0,False,Bond,Bond,Bond,Bond,Bond
2026-10-08,IAUM,41.060001373291016,41.290000915527344,40.89500045776367,41.18000030517578,2183400.0,250,89912412.6663208,112065443.8535118,113709528.28667656,-0.0441040261170385,0.0061079892043975,-0.1335998030129769,0.0,0.0078198326592084,0.0,-0.0,4.776345346264096e-05,-0.0,3.104624475071663e-05,0.030438320093355,43.13120040893555,44.09246671040853,0.0052814875643081,43.86000061035156,48.68000030517578,0.8459326221655225,0.6843006134033203,0.0166173047190898,40.67399978637695,40.67399978637695,40.67399978637695,-0.0122875307199847,iShares Gold Trust Micro Shares,P,True,False,False,False,False,False,False,False,False,,False,,,6306659840.0,Commodity,unknown,340.0,True,,False,True,164.0,True,True,False,325.0,,0,0,False,Commodity,Commodity,Commodity,Commodity,Commodity
2026-10-08,GLDM,81.52999877929688,81.95999908447266,81.16000366210938,81.72000122070312,7058700.0,250,576836972.6165771,361217397.22709656,390292821.2576003,-0.0443223110846061,0.0052897072251556,-0.1341385505524197,0.0,0.0067303282003748,0.0,-0.0,3.560146570919187e-05,-0.0,2.314095271097472e-05,0.0230796698396219,85.6179995727539,87.5434662882487,0.0052482667216924,87.06999969482422,96.68000030517578,0.8452627323412227,1.3622997283935547,0.0166703341659817,80.74500274658203,80.74500274658203,80.74500274658203,-0.0119309649970255,SPDR Gold MiniShares Trust,P,True,False,False,False,False,False,False,False,False,,False,,,27261255680.0,Commodity,unknown,101.0,True,,False,True,72.0,True,True,False,326.0,,0,0,False,Commodity,Commodity,Commodity,Commodity,Commodity
2026-10-08,IAU,77.47000122070312,77.87999725341797,77.12999725341797,77.66000366210938,3226200.0,250,250546703.81469727,375274626.20357513,416861796.771761,-0.0444197505853474,0.0051773429306096,-0.134418160883962,0.0,0.0066203423273466,0.0,-0.0,3.427578254670405e-05,-0.0,2.2279258655357635e-05,0.0224249977591676,81.3602001953125,83.2146001180013,0.0052014340017587,82.75,91.93000030517578,0.8447732340292075,1.297999954223633,0.0167138796422299,76.7300033569336,76.7300033569336,76.7300033569336,-0.0119752802127349,iShares Gold Trust Shares,P,True,False,False,False,False,False,False,False,False,,False,,,60138172416.0,Commodity,unknown,48.0,True,,False,True,66.0,True,True,False,327.0,,0,0,False,Commodity,Commodity,Commodity,Commodity,Commodity
2026-10-08,SGOL,39.22999954223633,39.43000030517578,39.060001373291016,39.310001373291016,2377600.0,250,93463459.26513672,112768393.73155594,98459602.4999225,-0.0449465131433282,0.0048569132564926,-0.1347127204660732,0.0,0.0061869864104423,0.0,-0.0,3.0049656314617172e-05,-0.0,1.9532276604501164e-05,0.0196204251866342,41.1983999633789,42.13086667378744,0.00518716291162,41.90999984741211,46.52000045776367,0.8450129188838091,0.6529996871948243,0.016611540686399,38.86000061035156,38.86000061035156,38.86000061035156,-0.0114474878458081,abrdn Physical Gold Shares ETF,P,True,False,False,False,False,False,False,False,False,,False,,,6743476736.0,Commodity,unknown,321.0,True,,False,True,188.0,True,True,False,328.0,,0,0,False,Commodity,Commodity,Commodity,Commodity,Commodity
2026-10-08,KRE,68.66000366210938,69.80000305175781,68.44000244140625,69.58999633789062,18920300.0,250,1316663607.711792,1151090973.254433,983492488.7816172,-0.0518040391549119,-0.0670974316720692,0.0078116367975604,0.0,0.0,0.0064805439770447,-0.0,-0.0,5.062365579929173e-05,1.7718279529752103e-05,-0.0,73.5312663269043,70.70074671427409,-0.0150288887307638,74.4261080150558,77.90628379468754,0.8932526742167105,1.3076086600061745,0.0187901814746066,67.97000122070312,67.97000122070312,67.97000122070312,-0.0232791378421935,State Street SPDR S&P Regional Banking ETF,P,True,False,False,False,False,False,False,False,False,,False,,,4740203520.0,Other,unknown,389.0,True,,False,True,32.0,True,True,False,329.0,,0,0,False,Other,Other,Other,Other,Other
2026-10-08,SHYG,41.119998931884766,41.18999862670898,41.11000061035156,41.18999862670898,1313800.0,250,54115420.19577026,75441397.1099472,61980256.29342094,-0.0086135771975387,-0.0074147131036439,0.0027780984355481,0.0,0.0,0.0159028878674692,-0.0,-0.0,4.417978790531312e-05,1.546292576685959e-05,-0.0,41.54500366210937,41.27655423482259,-0.0013887248138643,41.64729354513256,41.88860272342727,0.9833223346853828,0.1434383667655659,0.0034823591053133,40.81999969482422,40.81999969482422,40.81999969482422,-0.0089827371745734,iShares 0-5 Year High Yield Corporate Bond ETF,P,True,False,False,False,False,False,False,False,False,,False,,,7603881984.0,Bond,unknown,295.0,True,,False,True,258.0,True,True,False,330.0,,0,0,False,Bond,Bond,Bond,Bond,Bond
2026-10-08,GLD,377.8500061035156,379.8800048828125,376.1300048828125,378.6199951171875,9706600.0,250,3675112844.604492,3248007219.3013,3686001547.282385,-0.0447572683671385,0.0042704047899506,-0.1353931356879207,0.0,0.0054173559532281,0.0,-0.0,2.313430281153312e-05,-0.0,1.5037296827496529e-05,0.0155685553409795,396.8794012451172,406.0569329833984,0.0051091295754548,403.6499938964844,448.7000122070313,0.8438154330659821,6.364505004882813,0.0168097435079014,374.2300109863281,374.2300109863281,374.2300109863281,-0.0115946970246529,SPDR Gold Shares,P,True,False,False,False,False,False,False,False,False,,False,,,130053275648.0,Commodity,unknown,19.0,True,,False,True,8.0,True,True,False,331.0,,0,0,False,Commodity,Commodity,Commodity,Commodity,Commodity
2026-10-08,EZU,65.16999816894531,65.80000305175781,65.16000366210938,65.62999725341797,2184000.0,250,143335914.00146484,90175835.91453552,66416785.5249193,-0.0485648875106773,-0.0427362953546155,0.006872797531046,0.0,0.0,0.0061796198415071,-0.0,-0.0,4.247127598951363e-05,1.486494659632977e-05,-0.0,69.6499998474121,67.15190907796224,-0.0027005124171891,69.88999938964844,72.19999694824219,0.9090027704636326,0.9700004577636718,0.0147798338923921,65.16000366210938,65.16000366210938,65.16000366210938,-0.0071612617854271,iShares MSCI Eurozone ETF,Z,True,False,False,False,False,False,False,False,False,,False,,,9595190272.0,Country / Region,unknown,255.0,True,,False,True,248.0,True,True,False,332.0,,0,0,False,Country / Region,Country / Region,Country / Region,Country / Region,Country / Region
2026-10-08,BBAX,60.45000076293945,60.86000061035156,60.41999816894531,60.83000183105469,172200.0,250,10474926.315307615,12722437.343463898,12324674.445887974,-0.0286524685141792,0.0029823626984772,-0.0088281820583344,0.0,0.0064080126646634,0.0,-0.0,1.9111017942462397e-05,-0.0,1.2422161662600557e-05,0.004796108557835,63.1325122833252,61.05396166483561,-0.0008570318498294,63.28604720195042,64.98473358154297,0.9360660339512678,0.7056783105592185,0.0116008267190115,60.41999816894531,60.41999816894531,60.41999816894531,-0.0067401553471606,JPMorgan BetaBuilders Developed Asia Pacific-ex Japan ETF,Z,True,False,False,False,False,False,False,False,False,,False,,,6249870336.0,Country / Region,unknown,342.0,True,,False,True,445.0,True,True,False,333.0,,0,0,False,Country / Region,Country / Region,Country / Region,Country / Region,Country / Region
2026-10-08,VCR,371.7799987792969,374.510009765625,371.3900146484375,374.2300109863281,50600.0,250,18936038.555908203,20746480.432128903,19499133.09176006,-0.0033484319855188,-0.0523311177108376,0.005734426323624,0.0,0.0,0.0047201148559706,-0.0,-0.0,2.7067150880607165e-05,9.473502808212508e-06,,384.0412481689453,383.2343292236328,-0.0067799925791982,380.2869051673402,404.2571181521381,0.9257227496622348,4.858965750724417,0.0129839019001122,362.1000061035156,362.1000061035156,362.1000061035156,-0.0324132339115251,Vanguard Consumer Discretion ETF,P,True,False,False,False,False,False,False,False,False,,False,,,6827243008.0,Other,unknown,318.0,True,,False,True,403.0,True,True,False,334.0,,0,0,False,Other,Other,Other,Other,Other
2026-10-08,VTIP,48.470001220703125,48.540000915527344,48.43000030517578,48.4900016784668,2511800.0,250,121797186.2159729,173233417.0865631,136485407.5871301,-0.0042924415570193,-0.0042924415570193,0.0015037490908842,0.0,0.0,0.0144229025354564,-0.0,-0.0,2.1688426575604744e-05,7.59094930146166e-06,,48.61906356811524,48.598066889444986,-0.0012841008871207,48.66960675248199,48.90505599975586,0.9915130590732556,0.094211389958065,0.0019429034171368,48.18889555692688,48.18889555692688,48.18889555692688,-0.0062096537660799,Vanguard Short-Term Inflation-Protected Securities Index Fund ETF Shares,Q,True,False,False,False,False,False,False,False,False,,False,,,71082704896.0,Other,unknown,43.0,True,,False,True,150.0,True,True,False,335.0,,0,0,False,Other,Other,Other,Other,Other
2026-10-08,STIP,100.0999984741211,100.25,100.0500030517578,100.16999816894533,1004600.0,250,100630780.16052246,133163074.4052887,102343741.41385518,-0.004571192457794,-0.0042856840588342,0.0012504303907128,0.0,0.0,0.0125866932775528,-0.0,-0.0,1.5738783792832802e-05,5.5085743274914805e-06,,100.43903289794922,100.39677286783854,-0.0013015208828628,100.54000091552734,101.04000091552734,0.9913895215884908,0.1889991760253906,0.0018867842615573,99.55999755859376,99.55999755859376,99.55999755859376,-0.0060896538035545,iShares 0-5 Year TIPS Bond ETF,P,True,False,False,False,False,False,False,False,False,,False,,,15883689984.0,Bond,unknown,162.0,True,,False,True,181.0,True,True,False,336.0,,0,0,False,Bond,Bond,Bond,Bond,Bond
2026-10-08,JPIE,44.77999877929688,44.869998931884766,44.75,44.86000061035156,2220600.0,250,99616117.35534668,97272048.31842422,75903892.81140888,-0.0077724259861162,-0.0079413419160385,0.0010005937168162,0.0,0.0,0.0077040895575014,-0.0,-0.0,7.708663605025792e-06,2.698032261759027e-06,-0.0,45.1908139038086,45.01967226664225,-0.0019362124577737,45.24125497259942,45.5312384574966,0.98525764134943,0.128817004359097,0.0028715337183783,44.58000183105469,44.58000183105469,44.58000183105469,-0.0062416133635152,JPMorgan Income ETF,P,True,False,False,False,False,False,False,False,False,,False,,,9740692480.0,Bond,unknown,251.0,True,,False,True,225.0,True,True,False,337.0,,0,0,False,Bond,Bond,Bond,Bond,Bond
2026-10-08,IEUR,72.25,72.62999725341797,72.0199966430664,72.58000183105469,1357200.0,250,98505578.48510742,117257119.97745514,85179214.02138604,-0.0400740478089884,-0.0339411089522869,0.0020951583198114,0.0,0.0,0.002190890565622,-0.0,-0.0,4.590262596359482e-06,1.6065919087258186e-06,-0.0,76.40580017089843,74.00918162027995,-0.0036226779548441,76.4000015258789,78.90399932861328,0.9198520030496692,0.8806003570556641,0.0121328235717801,72.0199966430664,72.0199966430664,72.0199966430664,-0.007715695423814,iShares Core MSCI Europe ETF,P,True,False,False,False,False,False,False,False,False,,False,,,8644286464.0,Country / Region,unknown,271.0,True,,False,True,205.0,True,True,False,338.0,,0,0,False,Country / Region,Country / Region,Country / Region,Country / Region,Country / Region
2026-10-08,VGK,85.08000183105469,85.47000122070312,84.76000213623047,85.43000030517578,3021300.0,250,258109659.9220276,250233687.25597385,194452702.4258326,-0.0422416825851401,-0.0330501807005383,0.0005673241991963,0.0,0.0,0.0005835152395449,-0.0,-0.0,3.310423159937402e-07,1.1586481059780905e-07,-0.0,90.03604766845703,87.14817576090495,-0.0036537756815623,90.1953869764204,93.05825725910712,0.9180270813293704,1.0627586771633326,0.0124401108904004,84.76000213623047,84.76000213623047,84.76000213623047,-0.0078426567546754,Vanguard FTSEEuropean ETF,P,True,False,False,False,False,False,False,False,False,,False,,,37858430976.0,Other,unknown,81.0,True,,False,True,119.0,True,True,False,339.0,,0,0,False,Other,Other,Other,Other,Other
2026-10-08,XSMO,81.36000061035156,81.61000061035156,80.88999938964844,81.29000091552734,341800.0,250,27784922.31292725,24732022.52986908,23574276.320151675,-0.0252920987851511,-0.0861020360883081,-0.0062044350144659,0.0,0.0,0.0,-0.0,-0.0,-0.0,-0.0,,84.81570236206055,84.59573532104493,-0.0111708457069468,84.34752257890068,93.49988860399182,0.8694128103170468,1.1901833195556946,0.0146412019455194,80.8499984741211,80.77440429161227,80.77440429161227,-0.0063426819794337,Invesco S&P SmallCap Momentum ETF,P,True,False,False,False,False,False,False,False,False,,False,,,3182153728.0,Factor / Style,unknown,490.0,True,,False,True,387.0,True,True,False,340.0,,0,0,False,Factor / Style,Factor / Style,Factor / Style,Factor / Style,Factor / Style
2026-10-08,GOVT,21.809999465942383,21.88999938964844,21.790000915527344,21.8799991607666,14755700.0,250,322854703.61652374,283374118.50764275,259974826.26638865,-0.009866361463628,-0.0217921464329639,-0.0257491396528138,0.0,0.0,0.0,-0.0,-0.0,-0.0,-0.0,,22.158429527282717,22.32137699127197,-0.0043085741374586,22.147863111772384,22.577083587646484,0.9691242483036512,0.09479011518373,0.0043322723409285,21.729999542236328,21.729999542236328,21.729999542236328,-0.006855558696695,iShares U.S. Treasury Bond ETF,Z,True,False,False,False,False,False,False,False,False,,False,,,43729891328.0,Bond,unknown,70.0,True,,False,True,93.0,True,True,False,341.0,,0,0,False,Bond,Bond,Bond,Bond,Bond
2026-10-08,VGLT,49.72999954223633,50.15999984741211,49.66999816894531,50.13999938964844,5489500.0,250,275243526.6494751,228923609.35245517,150604547.78180805,-0.0295712789896005,-0.0609105321857073,-0.0731713646132385,0.0,0.0,0.0,-0.0,-0.0,-0.0,-0.0,,51.846840896606444,53.096402435302736,-0.0110523237788506,52.30526772089095,55.06068412285703,0.910631609258086,0.4881364797722544,0.0097354703971741,49.29999923706055,49.29999923706055,49.29999923706055,-0.0167530945914073,Vanguard Long-Term Treasury ETF,Q,True,False,False,False,False,False,False,False,False,,False,,,15153465344.0,Bond,unknown,170.0,True,,False,True,141.0,True,True,False,342.0,,0,0,False,Bond,Bond,Bond,Bond,Bond
2026-10-08,EDV,54.27999877929688,55.04999923706055,54.18999862670898,55.02000045776367,2149800.0,250,118281996.98410034,141102199.45127487,100791359.36078872,-0.0522445674211979,-0.1040095105740653,-0.1238610641465802,0.0,0.0,0.0,-0.0,-0.0,-0.0,-0.0,,58.21539047241211,60.82150960286458,-0.0184833672028309,59.601686201414296,64.92981889010922,0.8473764658250862,0.9307228961833722,0.0169160830323483,53.400001525878906,53.400001525878906,53.400001525878906,-0.0294438189459551,Vanguard Extended Duration Treasury ETF,P,True,False,False,False,False,False,False,False,False,,False,,,4162188800.0,Bond,unknown,418.0,True,,False,True,184.0,True,True,False,343.0,,0,0,False,Bond,Bond,Bond,Bond,Bond
2026-10-08,VGIT,56.56999969482422,56.77000045776367,56.5,56.7400016784668,6416200.0,250,364055198.76937866,334363410.0964546,285601456.57211787,-0.0088804645572031,-0.021112414988472,-0.0272446429478846,0.0,0.0,0.0,-0.0,-0.0,-0.0,-0.0,,57.45082145690918,57.88163055419922,-0.0044379097121594,57.32813111021646,58.64286608077675,0.9675516472934852,0.2344734173725982,0.0041324182311679,56.34999847412109,56.34999847412109,56.34999847412109,-0.0068735141489026,Vanguard Intermediate-Term Treasury ETF,Q,True,False,False,False,False,False,False,False,False,,False,,,50384760832.0,Bond,unknown,57.0,True,,False,True,88.0,True,True,False,344.0,,0,0,False,Bond,Bond,Bond,Bond,Bond
2026-10-08,VDC,222.6199951171875,226.69000244140625,222.6199951171875,226.0399932861328,91800.0,250,20750471.383666992,44373752.93045044,35656530.38875035,0.0141113298096939,-0.0038469594945587,-0.0049854312002031,0.1088677924924409,0.0,0.0,0.0015362693255141,-0.0,-0.0,-0.0,,226.5308807373047,225.95860076904296,-0.0069836146643502,227.8577988916977,238.4405711137604,0.9479930040021952,2.416389841255371,0.0106900987127378,217.05999755859372,217.05999755859372,217.05999755859372,-0.0397274641402582,Vanguard Consumer Staples ETF,P,True,False,False,False,False,False,False,False,False,,False,,,9185586176.0,Sector,unknown,262.0,True,,False,True,334.0,True,True,False,345.0,,0,0,False,Sector,Sector,Sector,Sector,Sector
2026-10-08,BINC,50.61000061035156,50.66999816894531,50.5620002746582,50.650001525878906,3659700.0,250,185363810.58425903,145856166.27218246,111215999.88395448,-0.0085264256919431,-0.0162166215276731,-0.0037628273772365,0.0,0.0,0.0,-0.0,-0.0,-0.0,-0.0,,51.21311164855957,51.08959859212239,-0.0025494733965583,51.1950801051682,51.68395836579662,0.9799946274896396,0.1388204271632194,0.002740778341187,50.43000030517578,50.43000030517578,50.43000030517578,-0.0043435580271545,iShares Flexible Income Active ETF,P,True,False,False,False,False,False,False,False,False,,False,,,16206218240.0,Other,unknown,160.0,True,,False,True,167.0,True,True,False,346.0,,0,0,False,Other,Other,Other,Other,Other
2026-10-08,MUB,100.33000183105467,100.83999633789062,100.16999816894533,100.73999786376952,24445600.0,250,2462649691.7785645,1787945056.5611649,943588748.3973306,-0.0165617986616229,-0.0508058040608297,-0.0430862178021046,0.0,0.0,0.0,-0.0,-0.0,-0.0,-0.0,,103.44757385253908,104.74172805786132,-0.0083563506191912,103.14456904350088,106.70736311470976,0.9440772869204412,0.6383008666952079,0.0063361215031826,99.79384581135504,99.79384581135504,99.79384581135504,-0.0093920197784199,iShares National Muni Bond ETF,P,True,False,False,False,False,False,False,False,False,,False,,,45820870656.0,Bond,unknown,67.0,True,,False,True,33.0,True,True,False,347.0,,0,0,False,Bond,Bond,Bond,Bond,Bond
2026-10-08,BIV,72.72000122070312,73.01000213623047,72.63999938964844,72.97000122070312,3374400.0,250,246229972.11914065,166331359.63497162,133927150.46980116,-0.0122505084971565,-0.0290839599728957,-0.0348872796821896,0.0,0.0,0.0,-0.0,-0.0,-0.0,-0.0,,74.19434692382812,74.91881795247396,-0.0057728857265348,74.06427197478794,76.07717100512093,0.9591576586856962,0.3790008356207785,0.0051939266723384,72.30999755859375,72.30999755859375,72.30999755859375,-0.0090448629720197,Vanguard Intermediate-Term Bond ETF,P,True,False,False,False,False,False,False,False,False,,False,,,52510502912.0,Bond,unknown,54.0,True,,False,True,152.0,True,True,False,348.0,,0,0,False,Bond,Bond,Bond,Bond,Bond
2026-10-08,REET,25.36000061035156,25.545000076293945,25.22800064086914,25.51000022888184,3930800.0,250,100274708.89968872,76370355.82196236,80859197.00351897,-0.0431861518613125,-0.0748391432808178,-0.017045508413358,0.0,0.0,0.0,-0.0,-0.0,-0.0,-0.0,,27.013829002380373,26.806834538777668,-0.0191553499349124,26.83987401105935,28.81295725513659,0.8853655667133604,0.2787749192571024,0.0109280641613432,25.22800064086914,25.22800064086914,25.22800064086914,-0.0110544721866925,iShares Global REIT ETF,P,True,False,False,False,False,False,False,False,False,,False,,,4886244352.0,REIT / Infra,unknown,383.0,True,,False,True,215.0,True,True,False,349.0,,0,0,False,REIT / Infra,REIT / Infra,REIT / Infra,REIT / Infra,REIT / Infra
2026-10-08,PZA,21.11000061035156,21.26000022888184,21.06999969482422,21.26000022888184,7791700.0,250,165651543.7833786,103683928.69717598,58784559.0570904,-0.0329710056912826,-0.0843082607968789,-0.0701385203220589,0.0,0.0,0.0,-0.0,-0.0,-0.0,-0.0,,22.23135860443115,22.679042536417644,-0.013683499013271,22.16425078621138,23.346130369631613,0.9106434296510486,0.2148602209399056,0.0101063131997532,21.06999969482422,21.06999969482422,21.06999969482422,-0.0089369958613405,Invesco National AMT-Free Municipal Bond ETFo,P,True,False,False,False,False,False,False,False,False,,False,,,4290295296.0,Bond,unknown,409.0,True,,False,True,264.0,True,True,False,350.0,,0,0,False,Bond,Bond,Bond,Bond,Bond
2026-10-08,SIVR,56.08000183105469,56.380001068115234,55.560001373291016,56.18000030517578,3173700.0,250,178298466.96853638,107978494.76428986,81701757.32604738,-0.0710978715212726,-0.0093457730180424,-0.2179843656876035,0.0,0.0,0.0,-0.0,-0.0,-0.0,-0.0,-0.0,60.89439994812012,65.24973332722982,0.0107222774753499,64.1500015258789,84.9800033569336,0.6610967061181223,1.6110006332397462,0.0286756964131117,55.560001373291016,55.560001373291016,55.560001373291016,-0.011035936783853,abrdn Physical Silver Shares ETF,P,True,False,False,False,False,False,False,False,False,,False,,,3950569728.0,Commodity,unknown,434.0,True,,False,True,214.0,True,True,False,351.0,,0,0,False,Commodity,Commodity,Commodity,Commodity,Commodity
2026-10-08,SJNK,24.15999984741211,24.200000762939453,24.149999618530277,24.18000030517578,3211100.0,250,77644398.97994995,100471128.4701538,69493528.40327005,-0.0109963631506919,-0.0120615873103451,-0.0032415741715697,0.0,0.0,0.0,-0.0,-0.0,-0.0,-0.0,-0.0,24.453129997253416,24.33701431274414,-0.0019592515022253,24.50848116066748,24.655400559286324,0.9807182100746084,0.0876405664952292,0.0036245064263489,23.989999771118164,23.989999771118164,23.989999771118164,-0.0078577556517626,State Street SPDR Bloomberg Short Term High Yield Bond ETF,P,True,False,False,False,False,False,False,False,False,,False,,,4880412160.0,Bond,unknown,384.0,True,,False,True,238.0,True,True,False,352.0,,0,0,False,Bond,Bond,Bond,Bond,Bond
2026-10-08,SLV,53.34000015258789,53.63999938964844,52.84000015258789,53.45000076293945,16711400.0,250,893224342.7497864,864217077.9535866,899530654.8822191,-0.0704347693401834,-0.0092678404620797,-0.2184529720725558,0.0,0.0,0.0,-0.0,-0.0,-0.0,-0.0,-0.0,57.917799911499024,62.08733345031738,0.0106407488460293,61.0,80.86000061035156,0.6610190497091942,1.538499641418457,0.0287839030768584,52.84000015258789,52.84000015258789,52.84000015258789,-0.0114125463357246,iShares Silver Trust,P,True,False,False,False,False,False,False,False,False,,False,,,28194189312.0,Commodity,unknown,99.0,True,,False,True,36.0,True,True,False,353.0,,0,0,False,Commodity,Commodity,Commodity,Commodity,Commodity
2026-10-08,PYLD,25.280000686645508,25.38999938964844,25.26000022888184,25.38999938964844,9948400.0,250,252589869.9279785,182858636.0941696,120985927.79113528,-0.0100514381379941,-0.0187737126007906,-0.0098309723755969,0.0,0.0,0.0,-0.0,-0.0,-0.0,-0.0,,25.703194885253907,25.68533950805664,-0.0037136993135498,25.71840255171953,26.03484535217285,0.975231427196836,0.1191099452542534,0.0046912149711517,25.145000457763672,25.145000457763672,25.145000457763672,-0.0096494264582239,PIMCO Multisector Bond Active Exchange-Traded Fund,P,True,False,False,False,False,False,False,False,False,,False,,,14711611392.0,Bond,unknown,171.0,True,,False,True,160.0,True,True,False,354.0,,0,0,False,Bond,Bond,Bond,Bond,Bond
2026-10-08,SHLD,58.540000915527344,59.209999084472656,58.45500183105469,59.18999862670898,1133800.0,250,67109620.44296265,109190461.67272568,73572120.01822941,-0.041922955709993,-0.0326850799948704,-0.2002670775414475,0.0,0.0,0.0,-0.0,-0.0,-0.0,-0.0,-0.0,64.37900001525878,66.01400688171387,-0.0046167429546157,63.59999847412109,74.59035069773381,0.7935342584266369,0.852199935913086,0.0143977015658949,58.45500183105469,58.45500183105469,58.45500183105469,-0.0124175842660458,Global X Defense Tech ETF,P,True,False,False,False,False,False,False,False,False,,False,,,6854938112.0,Industry / Theme,unknown,317.0,True,,False,True,231.0,True,True,False,355.0,,0,0,False,Industry / Theme,Industry / Theme,Industry / Theme,Industry / Theme,Industry / Theme
2026-10-08,AIRR,103.83999633789062,104.9499969482422,102.66999816894533,104.13999938964844,860200.0,250,89581227.47497559,83503448.5862732,84132857.34657408,-0.0096995458058209,-0.1575797033176509,-0.1366989823362721,0.0,0.0,0.0,-0.0,-0.0,-0.0,-0.0,,111.52219985961914,118.9068214416504,-0.0266343630734816,108.86000061035156,135.0500030517578,0.7711217847935691,2.261199188232422,0.0217130708804016,101.74500274658205,101.74500274658205,101.74500274658205,-0.0229978553591625,First Trust RBA American Industrial Renaissance ETF,Q,True,False,False,False,False,False,False,False,False,,False,,,11489859584.0,Other,unknown,214.0,True,,False,True,208.0,True,True,False,356.0,,0,0,False,Other,Other,Other,Other,Other
2026-10-08,SHM,46.560001373291016,46.65999984741211,46.54999923706055,46.61000061035156,945100.0,250,44051111.57684326,29313025.29634476,18383153.353984773,-0.0122798390582581,-0.0196653720736664,-0.0145297701804111,0.0,0.0,0.0,-0.0,-0.0,-0.0,-0.0,,47.189571685791016,47.28697708129883,-0.0032770716898946,47.23936272143578,47.63438038476984,0.9784949491072672,0.1817143624737198,0.0038986131751597,46.22174930729327,46.22174930729327,46.22174930729327,-0.0083297854103023,State Street SPDR Nuveen ICE Short Term Municipal Bond ETF,P,True,False,False,False,False,False,False,False,False,,False,,,3468243712.0,Bond,unknown,472.0,True,,False,True,410.0,True,True,False,357.0,,0,0,False,Bond,Bond,Bond,Bond,Bond
2026-10-08,JNK,92.5999984741211,92.7699966430664,92.52999877929688,92.7300033569336,7822600.0,250,725389724.2599487,496199272.4042511,325041841.3499378,-0.0144357113937808,-0.0169628267015722,-0.0073288706458209,0.0,0.0,0.0,-0.0,-0.0,-0.0,-0.0,-0.0,94.1079605102539,93.68721059163413,-0.0031931469714217,94.37657454651396,95.16896315707896,0.974372319302042,0.3959595427194088,0.0042700261876977,91.70999908447266,91.70999908447266,91.70999908447266,-0.0109997221561047,State Street SPDR Bloomberg High Yield Bond ETF,P,True,False,False,False,False,False,False,False,False,,False,,,7345531392.0,Bond,unknown,301.0,True,,False,True,82.0,True,True,False,358.0,,0,0,False,Bond,Bond,Bond,Bond,Bond
2026-10-08,FBND,43.290000915527344,43.47999954223633,43.244998931884766,43.45000076293945,5586500.0,250,242733429.26216125,222547139.13103104,168793739.97109428,-0.0145463584226314,-0.0287009373887423,-0.0309823593578334,0.0,0.0,0.0,-0.0,-0.0,-0.0,-0.0,,44.2218896484375,44.55826581319173,-0.0054335546457079,44.24079928258547,45.20913304390282,0.9610890065231938,0.235390640721933,0.0054175060204534,43.11000061035156,43.11000061035156,43.11000061035156,-0.0078250896805022,Fidelity Total Bond ETF,P,True,False,False,False,False,False,False,False,False,,False,,,26618243072.0,Bond,unknown,102.0,True,,False,True,127.0,True,True,False,359.0,,0,0,False,Bond,Bond,Bond,Bond,Bond
2026-10-08,CQQQ,43.18999862670898,43.29999923706055,42.90999984741211,43.06999969482422,1519500.0,250,65444864.5362854,43884735.28697968,43006029.03625852,-0.0643058692802743,-0.2259166037511282,-0.0915418723171498,0.0,0.0,0.0,-0.0,-0.0,-0.0,-0.0,,48.15619995117188,50.19340003967285,-0.024581831029744,48.22999954223633,57.56999969482422,0.7481327066725065,0.7209995269775391,0.016740179523711,42.90999984741211,42.90999984741211,42.90999984741211,-0.0037148792325469,Invesco China Technology ETF,P,True,False,False,False,False,False,False,False,False,,False,,,3417853440.0,Country / Region,unknown,473.0,True,,False,True,309.0,True,True,False,360.0,,0,0,False,Country / Region,Country / Region,Country / Region,Country / Region,Country / Region
2026-10-08,EMLC,24.76000022888184,24.81999969482422,24.729999542236328,24.780000686645508,2844100.0,250,70476799.95288849,60046713.652648926,52652444.661748976,-0.0212689517284865,-0.0147115379292075,-0.0061349960763625,0.0,0.0,0.0,-0.0,-0.0,-0.0,-0.0,-0.0,25.17678821563721,24.912736167907717,-0.0017981594241995,25.36822133939456,25.64509848392712,0.9662665441575976,0.1530194310231376,0.0061751181106949,24.459999084472656,24.459999084472656,24.459999084472656,-0.0129137043303355,VanEck J. P. Morgan EM Local Currency Bond ET,P,True,False,False,False,False,False,False,False,False,,False,,,4872451072.0,Bond,unknown,385.0,True,,False,True,282.0,True,True,False,361.0,,0,0,False,Bond,Bond,Bond,Bond,Bond
2026-10-08,INDA,45.540000915527344,45.59999847412109,45.34999847412109,45.560001373291016,6799600.0,250,309789785.3378296,241812867.51800537,245751873.3089265,-0.0530035170382408,-0.075862026808269,-0.0715304329195548,0.0,0.0,0.0,-0.0,-0.0,-0.0,-0.0,-0.0,48.77779998779297,48.67066670735677,-0.0080611360909819,48.59000015258789,51.650001525878906,0.8820909976249172,0.4939998626708984,0.0108428412594495,45.34999847412109,45.34999847412109,45.34999847412109,-0.0046093699043001,iShares MSCI India ETF,Z,True,False,False,False,False,False,False,False,False,,False,,,6871878656.0,Country / Region,unknown,316.0,True,,False,True,97.0,True,True,False,362.0,,0,0,False,Country / Region,Country / Region,Country / Region,Country / Region,Country / Region
2026-10-08,CMF,53.810001373291016,54.02000045776367,53.68999862670898,54.0,5717800.0,250,308761200.0,160345280.82206726,76802569.69252087,-0.0172253491557279,-0.0511782674291946,-0.0433384151997251,0.0,0.0,0.0,-0.0,-0.0,-0.0,-0.0,,55.43243919372559,56.14271120707194,-0.008641663832289,55.27561326814328,57.16078580959073,0.9447035976706184,0.325008130482777,0.0060186690830143,53.48030082446346,53.48030082446346,53.48030082446346,-0.0096240588062321,iShares California Muni Bond ETF,P,True,False,False,False,False,False,False,False,False,,False,,,4542874112.0,Bond,unknown,399.0,True,,False,True,221.0,True,True,False,363.0,,0,0,False,Bond,Bond,Bond,Bond,Bond
2026-10-08,XLI,166.9199981689453,168.66000366210938,166.5800018310547,168.39999389648438,9140100.0,250,1539192784.2132568,1284402865.137024,1211283274.2278569,-0.0099525396725008,-0.0718305059429695,-0.0169695215233225,0.0,0.0,0.0,-0.0,-0.0,-0.0,-0.0,,175.55482177734376,173.70888692220052,-0.0118740181424368,172.45650306565992,187.6855740167176,0.8972452719327518,2.493790154884427,0.0148087306726231,166.17999267578125,166.17999267578125,166.17999267578125,-0.0131829055888669,State Street Industrial Select Sector SPDR ETF,P,True,False,False,False,False,False,False,False,False,,False,,,33963890688.0,Sector,unknown,87.0,True,,False,True,26.0,True,True,False,364.0,,0,0,False,Sector,Sector,Sector,Sector,Sector
2026-10-08,SPHY,22.5,22.549999237060547,22.489999771118164,22.540000915527344,5861600.0,250,132120469.36645508,170925682.590971,147975770.04982176,-0.0143610698439885,-0.0162673046713487,-0.0055987102644928,0.0,0.0,0.0,-0.0,-0.0,-0.0,-0.0,-0.0,22.865118408203124,22.751388346354165,-0.0028234041128516,22.93798430780004,23.11658096536225,0.975057728013548,0.0975845672046341,0.0043293949973804,22.31999969482422,22.31999969482422,22.31999969482422,-0.0097604796702368,State Street SPDR Portfolio High Yield Bond ETF,P,True,False,False,False,False,False,False,False,False,,False,,,11327878144.0,Bond,unknown,218.0,True,,False,True,142.0,True,True,False,365.0,,0,0,False,Bond,Bond,Bond,Bond,Bond
2026-10-08,VTEB,46.95000076293945,47.150001525878906,46.869998931884766,47.130001068115234,45509000.0,250,2144839218.608856,1612028197.201519,824651465.0089142,-0.0205815970274778,-0.0556172284762717,-0.0461523602675036,0.0,0.0,0.0,-0.0,-0.0,-0.0,-0.0,,48.55356201171875,49.17561444600423,-0.0089994307472804,48.38961475395638,50.30922925466617,0.9368062633109,0.2922976714277627,0.0062019449353569,46.75435987413983,46.75435987413983,46.75435987413983,-0.0079703200819474,Vanguard Tax-Exempt Bond ETF,P,True,False,False,False,False,False,False,False,False,,False,,,48785248256.0,Bond,unknown,58.0,True,,False,True,41.0,True,True,False,366.0,,0,0,False,Bond,Bond,Bond,Bond,Bond
2026-10-08,SPIB,32.25,32.34000015258789,32.22999954223633,32.33000183105469,4898300.0,250,158362047.96905518,205140775.84846497,196397319.78925675,-0.0061323433647899,-0.0152861516038881,-0.0154491627889253,0.0,0.0,0.0,-0.0,-0.0,-0.0,-0.0,,32.63648452758789,32.74174690246582,-0.0033421812776261,32.61912100711757,33.10626210986762,0.9765524638137398,0.1231600689736005,0.0038094668109575,32.07132246749084,32.07132246749084,32.07132246749084,-0.0080012171021708,State Street SPDR Portfolio Intermediate Term Corporate Bond ETF,P,True,False,False,False,False,False,False,False,False,,False,,,11570174976.0,Bond,unknown,212.0,True,,False,True,117.0,True,True,False,367.0,,0,0,False,Bond,Bond,Bond,Bond,Bond
2026-10-08,IUSB,43.959999084472656,44.150001525878906,43.93000030517578,44.13999938964844,6389500.0,250,282032526.1001587,584469088.781414,288747290.0188628,-0.0121606900767321,-0.0243773373956748,-0.026762476700534,0.0,0.0,0.0,-0.0,-0.0,-0.0,-0.0,,44.79478523254394,45.094250005086266,-0.0047732318846762,44.79299807393988,45.75234224112177,0.9647593375006674,0.2139993304174911,0.0048481951376663,43.75,43.75,43.75,-0.0088355096293883,iShares Core Universal USD Bond ETF,Q,True,False,False,False,False,False,False,False,False,,False,,,42765500416.0,Bond,unknown,73.0,True,,False,True,87.0,True,True,False,368.0,,0,0,False,Bond,Bond,Bond,Bond,Bond
2026-10-08,EMLP,42.2599983215332,42.43000030517578,42.08000183105469,42.369998931884766,168100.0,250,7122396.820449829,16033220.623397827,12295777.77713594,-0.0285106196508476,-0.0249610626700078,-0.0274879213517579,0.0,0.0,0.0,-0.0,-0.0,-0.0,-0.0,-0.0,43.09633499145508,43.10482879638672,-0.010826385906846,43.72260666418474,44.88364453745854,0.943996401551662,0.4570407621944142,0.0107868957686113,40.70000076293945,40.70000076293945,40.70000076293945,-0.0394146379760369,First Trust North American Energy Infrastructure Fund,P,True,False,False,False,False,False,False,False,False,,False,,,4057605120.0,REIT / Infra,unknown,423.0,True,,False,True,446.0,True,True,False,369.0,,0,0,False,REIT / Infra,REIT / Infra,REIT / Infra,REIT / Infra,REIT / Infra
2026-10-08,SMBS,23.88999938964844,24.125,23.88999938964844,24.09000015258789,781100.0,250,18816699.1191864,35978659.3562603,23789335.591870263,-0.0136935445454865,-0.0311674020046471,-0.0341064831600487,0.0,0.0,0.0,-0.0,-0.0,-0.0,-0.0,,24.52213611602783,24.744118817647298,-0.0064514350620605,24.50408090635304,25.14635784321234,0.9579916225955726,0.174516991311849,0.0072443748529034,23.799999237060547,23.799999237060547,23.799999237060547,-0.0120382280485867,Schwab Mortgage-Backed Securities ETF,P,True,False,False,False,False,False,False,False,False,,False,,,6495026176.0,Bond,unknown,331.0,True,,False,True,383.0,True,True,False,370.0,,0,0,False,Bond,Bond,Bond,Bond,Bond
2026-10-08,ITA,202.3800048828125,205.16000366210935,201.0,204.8800048828125,1062400.0,250,217664517.1875,188533550.2747345,162687348.70806497,-0.0604731439573562,-0.1419831240480558,-0.1143359466779029,0.0,0.0,0.0,-0.0,-0.0,-0.0,-0.0,,227.81245056152343,228.9743497721354,-0.0234423531870205,221.29347622836403,256.30289326631515,0.7993667268903165,3.7330886347592567,0.0182208538939391,201.0,201.0,201.0,-0.0189379382582102,iShares U.S. Aerospace & Defense ETF,Z,True,False,False,False,False,False,False,False,False,,False,,,14444112896.0,Industry / Theme,unknown,176.0,True,,False,True,135.0,True,True,False,371.0,,0,0,False,Industry / Theme,Industry / Theme,Industry / Theme,Industry / Theme,Industry / Theme
2026-10-08,ISTB,47.20000076293945,47.25,47.13999938964844,47.25,399200.0,250,18862200.0,35473439.07455444,23755331.508436657,-0.0026362737743742,-0.0053458337934011,-0.0033934962280182,0.0,0.0,0.0,-0.0,-0.0,-0.0,-0.0,,47.46248420715333,47.42956052144368,-0.0015051616928061,47.444637027060026,47.78586089629851,0.9887862039890544,0.1092201931121135,0.0023115384785632,46.976368969998106,46.976368969998106,46.976368969998106,-0.005791132910093,iShares Core 1-5 Year USD Bond ETF,Q,True,False,False,False,False,False,False,False,False,,False,,,5038184448.0,Bond,unknown,378.0,True,,False,True,384.0,True,True,False,372.0,,0,0,False,Bond,Bond,Bond,Bond,Bond
2026-10-08,SPAB,24.280000686645508,24.40999984741211,24.26000022888184,24.3799991607666,16526800.0,250,402923370.1301575,92614205.78886986,75838021.43558018,-0.011736714782182,-0.0251653585631361,-0.0293403733603877,0.0,0.0,0.0,-0.0,-0.0,-0.0,-0.0,,24.742216682434083,24.939566879272466,-0.0049855060850927,24.769173091714837,25.269184112548828,0.964811489448104,0.1321693437607029,0.0054212201932063,24.170000076293945,24.170000076293945,24.170000076293945,-0.0086135804635545,State Street SPDR Portfolio Aggregate Bond ETF,P,True,False,False,False,False,False,False,False,False,,False,,,9625304064.0,Bond,unknown,254.0,True,,False,True,226.0,True,True,False,373.0,,0,0,False,Bond,Bond,Bond,Bond,Bond
2026-10-08,EVTR,48.220001220703125,48.400001525878906,48.16999816894531,48.400001525878906,646000.0,250,31266400.985717773,54453932.75995255,36639290.24289449,-0.0148587584044832,-0.0285872924082583,-0.0288962189027613,0.0,0.0,0.0,-0.0,-0.0,-0.0,-0.0,,49.26277618408203,49.59936375935872,-0.0054799628151624,49.28430539390802,50.67186874720126,0.955165118684362,0.2582431604512724,0.0053356023204501,47.97200012207031,47.97200012207031,47.97200012207031,-0.0088430039321331,Eaton Vance Total Return Bond ETF,N,True,False,False,False,False,False,False,False,False,,False,,,5577608192.0,Bond,unknown,363.0,True,,False,True,331.0,True,True,False,374.0,,0,0,False,Bond,Bond,Bond,Bond,Bond
2026-10-08,IYR,93.83000183105467,94.87999725341795,93.29000091552734,94.66999816894533,7450400.0,250,705329354.3579102,603109180.8773041,549521264.8289514,-0.0459950444520097,-0.0769272770878698,-0.0309383772139451,0.0,0.0,0.0,-0.0,-0.0,-0.0,-0.0,,100.57860931396483,100.22830373128257,-0.0198415782932789,100.59419644700888,107.37393348179909,0.8816851082855487,1.2390505635316358,0.0130881016953276,93.29000091552734,93.29000091552734,93.29000091552734,-0.0145769227855615,iShares U.S. Real Estate ETF,P,True,False,False,False,False,False,False,False,False,,False,,,4672414720.0,REIT / Infra,unknown,393.0,True,,False,True,53.0,True,True,False,375.0,,0,0,False,REIT / Infra,REIT / Infra,REIT / Infra,REIT / Infra,REIT / Infra
2026-10-08,DFGR,26.71999931335449,26.864999771118164,26.530000686645508,26.84000015258789,807800.0,250,21681352.123260494,21479333.95152092,14782816.695721945,-0.0442614590190957,-0.0736889126568445,-0.0239675681696911,0.0,0.0,0.0,-0.0,-0.0,-0.0,-0.0,,28.39710601806641,28.2628333791097,-0.0185242626152138,28.287197987011155,30.159727727838977,0.8899284633731356,0.3010277334799822,0.0112156382924221,26.530000686645508,26.530000686645508,26.530000686645508,-0.0115499055208646,Dimensional Global Real Estate ETF,P,True,False,False,False,False,False,False,False,False,,False,,,3711327744.0,REIT / Infra,unknown,450.0,True,,False,True,430.0,True,True,False,376.0,,0,0,False,REIT / Infra,REIT / Infra,REIT / Infra,REIT / Infra,REIT / Infra
2026-10-08,XAR,225.07000732421875,227.47999572753903,223.6699981689453,226.8600006103516,325700.0,250,73888302.1987915,81796406.51519775,63906854.76098439,-0.0722551022859626,-0.1638162830747495,-0.1564555067423998,0.0,0.0,0.0,-0.0,-0.0,-0.0,-0.0,,257.6161264038086,265.4688445027669,-0.0247008884778583,247.78666563398772,297.62986208002303,0.7622219055067675,4.979615495385597,0.0219501696287943,223.6699981689453,223.6699981689453,223.6699981689453,-0.0140615464728192,State Street SPDR S&P Aerospace & Defense ETF,P,True,False,False,False,False,False,False,False,False,,False,,,6468274688.0,Industry / Theme,unknown,333.0,True,,False,True,253.0,True,True,False,377.0,,0,0,False,Industry / Theme,Industry / Theme,Industry / Theme,Industry / Theme,Industry / Theme
2026-10-08,SCHH,21.729999542236328,21.940000534057617,21.61000061035156,21.88999938964844,13530700.0,250,296187014.7415161,232980111.69130325,164573908.5099962,-0.0435144891753623,-0.0767452535497316,-0.0149813560216681,0.0,0.0,0.0,-0.0,-0.0,-0.0,-0.0,,23.16169155120849,23.016127141316733,-0.0203951183729059,23.143902616470736,24.840991196358495,0.8812047480962574,0.2780873390052806,0.0127038532096435,21.61000061035156,21.61000061035156,21.61000061035156,-0.0127911734629505,Schwab U.S. REIT ETF,P,True,False,False,False,False,False,False,False,False,,False,,,11128644608.0,REIT / Infra,unknown,224.0,True,,False,True,134.0,True,True,False,378.0,,0,0,False,REIT / Infra,REIT / Infra,REIT / Infra,REIT / Infra,REIT / Infra
2026-10-08,JCPB,44.56999969482422,44.77999877929688,44.540000915527344,44.77000045776367,4401700.0,250,197064111.01493835,186910279.505558,112546153.8883088,-0.0126794968615469,-0.0255831815812915,-0.0264711676726553,0.0,0.0,0.0,-0.0,-0.0,-0.0,-0.0,,45.45674446105957,45.76062555948893,-0.0049832199045038,45.46446504523061,46.377262711939615,0.9653437447535652,0.2148051226308069,0.0047979700789472,44.400001525878906,44.400001525878906,44.400001525878906,-0.0082644388675811,JPMorgan Core Plus Bond ETF,P,True,False,False,False,False,False,False,False,False,,False,,,13578677248.0,Bond,unknown,191.0,True,,False,True,166.0,True,True,False,379.0,,0,0,False,Bond,Bond,Bond,Bond,Bond
2026-10-08,JBND,50.90999984741211,51.150001525878906,50.86000061035156,51.150001525878906,3184100.0,250,162866719.85855103,81862106.139431,58682841.682773165,-0.0115127099970409,-0.0238799746489294,-0.0275888381619934,0.0,0.0,0.0,-0.0,-0.0,-0.0,-0.0,,51.86918128967285,52.25366706848145,-0.0048864811944284,51.84534337793952,53.03747081935131,0.9644125320398246,0.273971322469448,0.0053562329285725,50.70000076293945,50.70000076293945,50.70000076293945,-0.0087976686122243,JPMorgan Active Bond ETF,N,True,False,False,False,False,False,False,False,False,,False,,,8293582336.0,Bond,unknown,277.0,True,,False,True,265.0,True,True,False,380.0,,0,0,False,Bond,Bond,Bond,Bond,Bond
2026-10-08,VPU,178.02999877929688,178.94000244140625,176.0,177.72000122070312,379200.0,250,67391424.46289062,84737988.27087402,59724565.980626665,-0.0272638698352412,-0.0875608932755523,-0.1151232785085278,0.0,0.0,0.0,-0.0,-0.0,-0.0,-0.0,,182.094508972168,190.13410532633463,-0.0229036109573533,184.2798395369797,202.08426080425036,0.8794351450895637,2.4684233499499757,0.0138893953015707,169.3699951171875,169.3699951171875,169.3699951171875,-0.0469840538271553,Vanguard Utilities ETF,P,True,False,False,False,False,False,False,False,False,,False,,,10763640832.0,Sector,unknown,229.0,True,,False,True,261.0,True,True,False,381.0,,0,0,False,Sector,Sector,Sector,Sector,Sector
2026-10-08,SCHI,21.399999618530277,21.489999771118164,21.3799991607666,21.479999542236328,2802200.0,250,60191254.71725464,76299680.151968,55048153.12848772,-0.0110616980308444,-0.0282942693750428,-0.0321007665958614,0.0,0.0,0.0,-0.0,-0.0,-0.0,-0.0,,21.830575828552245,22.02512621561686,-0.0057275417434264,21.799896987590223,22.348331451516188,0.9611455597406154,0.1146448963647083,0.0053372857918027,21.239999771118164,21.239999771118164,21.239999771118164,-0.0111731739400762,Schwab 5-10 Year Corporate Bond ETF,P,True,False,False,False,False,False,False,False,False,,False,,,11602564096.0,Bond,unknown,211.0,True,,False,True,275.0,True,True,False,382.0,,0,0,False,Bond,Bond,Bond,Bond,Bond
2026-10-08,DFCF,40.13999938964844,40.34000015258789,40.119998931884766,40.310001373291016,2479700.0,250,99956710.40534972,99995822.39814758,72726633.59821865,-0.0121618693327045,-0.0279908894253256,-0.0308570461120923,0.0,0.0,0.0,-0.0,-0.0,-0.0,-0.0,,40.97380714416504,41.312467676798505,-0.0055417710070286,40.93000030517578,41.90578079223633,0.9619198261247776,0.2140085592470058,0.0053090685178891,39.93999862670898,39.93999862670898,39.93999862670898,-0.0091789316292901,Dimensional Core Fixed Income ETF,P,True,False,False,False,False,False,False,False,False,,False,,,10866136064.0,Bond,unknown,227.0,True,,False,True,233.0,True,True,False,383.0,,0,0,False,Bond,Bond,Bond,Bond,Bond
2026-10-08,SCHZ,22.01000022888184,22.1200008392334,22.0,22.100000381469727,2996800.0,250,66229281.14318848,76847070.9889698,52439425.92507317,-0.0119240932192246,-0.0255576182385808,-0.0297772403079588,0.0,0.0,0.0,-0.0,-0.0,-0.0,-0.0,,22.43890380859375,22.6152246983846,-0.0049075475050668,22.466329785279918,23.042569526714583,0.959094442824526,0.12368840519237,0.0055967603193382,21.920000076293945,21.920000076293945,21.920000076293945,-0.0081448100483612,Schwab US Aggregate Bond ETF,P,True,False,False,False,False,False,False,False,False,,False,,,10601679872.0,Bond,unknown,235.0,True,,False,True,285.0,True,True,False,384.0,,0,0,False,Bond,Bond,Bond,Bond,Bond
2026-10-08,XLB,48.810001373291016,49.27999877929688,48.70000076293945,49.27000045776367,13687600.0,250,674388058.265686,588753422.0334816,577898838.2109809,-0.0248868424706313,-0.0273778265216279,-0.0384785463182176,0.0,0.0,0.0,-0.0,-0.0,-0.0,-0.0,,51.19968460083008,50.68336474100749,-0.0058664050535293,50.97540961260387,53.9417590338521,0.9133925429988928,0.72753083050406,0.0147662030392658,47.810001373291016,47.810001373291016,47.810001373291016,-0.0296326176356387,State Street Materials Select Sector SPDR ETF,P,True,False,False,False,False,False,False,False,False,,False,,,8166011392.0,Sector,unknown,279.0,True,,False,True,52.0,True,True,False,385.0,,0,0,False,Sector,Sector,Sector,Sector,Sector
2026-10-08,JMTG,48.08000183105469,48.33000183105469,48.03499984741211,48.31999969482422,951000.0,250,45952319.70977783,45758765.51340103,30794848.797492374,-0.0154320104814984,-0.028949525421889,-0.031809616201591,0.0,0.0,0.0,-0.0,-0.0,-0.0,-0.0,,49.18791015625,49.53664105733235,-0.0055576660052288,49.13214922891552,50.15193946017145,0.9634722049622412,0.2514544877749998,0.0052039422467532,47.93999862670898,47.93999862670898,47.93999862670898,-0.0078642605652983,JPMorgan Mortgage-Backed Securities ETF,P,True,False,False,False,False,False,False,False,False,,False,,,6718420992.0,Bond,unknown,323.0,True,,False,True,358.0,True,True,False,386.0,,0,0,False,Bond,Bond,Bond,Bond,Bond
2026-10-08,SCMB,23.86000061035156,24.0,23.809999465942383,23.979999542236328,3249700.0,250,77927804.5124054,119375719.6572113,76761185.15625,-0.0202416270981447,-0.0569948963790866,-0.0483680162877058,0.0,0.0,0.0,-0.0,-0.0,-0.0,-0.0,,24.71356636047363,25.05809476216634,-0.0094261568054526,24.609901775984223,25.815533534101935,0.928898080318933,0.188605125928659,0.0078651013148047,23.748233094342016,23.748233094342016,23.748233094342016,-0.0096649896713342,Schwab Municipal Bond ETF,P,True,False,False,False,False,False,False,False,False,,False,,,3980585728.0,Bond,unknown,427.0,True,,False,True,222.0,True,True,False,387.0,,0,0,False,Bond,Bond,Bond,Bond,Bond
2026-10-08,JMUB,47.33000183105469,47.45000076293945,47.220001220703125,47.400001525878906,6625300.0,250,314039230.1094055,166462760.32522202,97862618.07604592,-0.0185319478414517,-0.0502034487840464,-0.0412540151493523,0.0,0.0,0.0,-0.0,-0.0,-0.0,-0.0,,48.719716796875,49.26287256876628,-0.0082405733244431,48.63882963509333,50.103543476229845,0.946040903242032,0.2865031682028277,0.0060443704426128,47.0392926415465,47.0392926415465,47.0392926415465,-0.0076098918295491,JPMorgan Municipal ETF,P,True,False,False,False,False,False,False,False,False,,False,,,8048841216.0,Bond,unknown,284.0,True,,False,True,191.0,True,True,False,388.0,,0,0,False,Bond,Bond,Bond,Bond,Bond
2026-10-08,JMBS,42.130001068115234,42.4900016784668,42.09000015258789,42.459999084472656,2204100.0,250,93586083.98208618,46881312.447013855,34002567.755690075,-0.0197172683921126,-0.03783687622014,-0.042179232220873,0.0,0.0,0.0,-0.0,-0.0,-0.0,-0.0,,43.47432411193848,43.93915349324544,-0.0074806660427428,43.44341884934128,44.67235113090646,0.9504760329280454,0.3040842620181266,0.007161664356449,41.93000030517578,41.93000030517578,41.93000030517578,-0.0124823078361933,Janus Henderson Mortgage-Backed Securities ETF,P,True,False,False,False,False,False,False,False,False,,False,,,6783227392.0,Bond,unknown,319.0,True,,False,True,346.0,True,True,False,389.0,,0,0,False,Bond,Bond,Bond,Bond,Bond
2026-10-08,VWOB,63.0099983215332,63.27999877929688,62.970001220703125,63.2599983215332,523000.0,250,33084979.122161865,47533675.80129624,35042126.94112989,-0.0205119090947429,-0.0383534690819513,-0.0228471941023046,0.0,0.0,0.0,-0.0,-0.0,-0.0,-0.0,,64.66448684692382,64.88031186421712,-0.0063232782339708,64.86330654854858,66.16192710534628,0.9561389924572106,0.3592206032893877,0.0056784794944756,62.41999816894531,62.41999816894531,62.41999816894531,-0.0132785358026473,Vanguard Emerging Markets Government Bond ETF,Q,True,False,False,False,False,False,False,False,False,,False,,,6760565248.0,Bond,unknown,320.0,True,,False,True,338.0,True,True,False,390.0,,0,0,False,Bond,Bond,Bond,Bond,Bond
2026-10-08,SCHP,25.1299991607666,25.229999542236328,25.11000061035156,25.200000762939453,5450400.0,250,137350084.1583252,171560663.8106346,142690968.25026256,-0.0172653199422559,-0.0261900079809024,-0.0248116153490671,0.0,0.0,0.0,-0.0,-0.0,-0.0,-0.0,,25.5928507232666,25.79274810791016,-0.0051725181173412,25.642729723198897,26.108587171268027,0.965199709874441,0.1143208970502025,0.0045365433963926,25.01000022888184,25.01000022888184,25.01000022888184,-0.0075397035041777,Schwab U.S. TIPS ETF,P,True,False,False,False,False,False,False,False,False,,False,,,16518061056.0,Other,unknown,159.0,True,,False,True,145.0,True,True,False,391.0,,0,0,False,Other,Other,Other,Other,Other
2026-10-08,EWU,45.91999816894531,46.2400016784668,45.75,46.22999954223633,923900.0,250,42711896.57707214,50465445.32518387,51999952.07513476,-0.0273511312949328,-0.0079398915021475,-0.0156964955420143,0.0,0.0,0.0,-0.0,-0.0,-0.0,-0.0,-0.0,47.88019958496093,46.65716448465983,-0.0027368416636681,48.20000076293945,49.38999938964844,0.9360194394318132,0.5180009841918946,0.0112048667385047,45.630001068115234,45.630001068115234,45.630001068115234,-0.0129785524564612,iShares MSCI United Kingdom ETF,P,True,False,False,False,False,False,False,False,False,,False,,,3667788800.0,Country / Region,unknown,454.0,True,,False,True,288.0,True,True,False,392.0,,0,0,False,Country / Region,Country / Region,Country / Region,Country / Region,Country / Region
2026-10-08,SCHR,23.65999984741211,23.75,23.63999938964844,23.739999771118164,3368500.0,250,79968189.22901154,101293053.74236108,75918132.52789633,-0.0086382763399368,-0.0210008295845242,-0.027277819918888,0.0,0.0,0.0,-0.0,-0.0,-0.0,-0.0,,24.032936096191406,24.212052040100097,-0.0044207590571704,23.97675300445846,24.53315706957729,0.9676699865325245,0.1007697068670397,0.00424472231839,23.56999969482422,23.56999969482422,23.56999969482422,-0.0071609131395513,Schwab Intermediate-Term U.S. Treasury ETF,P,True,False,False,False,False,False,False,False,False,,False,,,13378999296.0,Bond,unknown,193.0,True,,False,True,224.0,True,True,False,393.0,,0,0,False,Bond,Bond,Bond,Bond,Bond
2026-10-08,ANGL,27.56999969482422,27.649999618530277,27.56999969482422,27.63999938964844,1148700.0,250,31750067.29888916,28541159.48739052,24195976.75293211,-0.0263421346495218,-0.0315381709287023,-0.0208289694707553,0.0,0.0,0.0,-0.0,-0.0,-0.0,-0.0,,28.38613571166992,28.281849988301595,-0.0052234206423293,28.47728495571801,28.81563676450841,0.9592014091353352,0.1404488708910971,0.0050813630243312,27.450000762939453,27.450000762939453,27.450000762939453,-0.0068740459806283,VanEck Fallen Angel High Yield Bond ETF,Q,True,False,False,False,False,False,False,False,False,,False,,,3117964800.0,Bond,unknown,499.0,True,,False,True,380.0,True,True,False,394.0,,0,0,False,Bond,Bond,Bond,Bond,Bond
2026-10-08,SPMB,21.030000686645508,21.18000030517578,21.0,21.15999984741211,2298600.0,250,48638375.64926148,49302322.12637901,31272296.09012604,-0.0174307441319169,-0.033799032661079,-0.0380893396098074,0.0,0.0,0.0,-0.0,-0.0,-0.0,-0.0,,21.600129432678223,21.808514455159504,-0.0067342933294695,21.59516897498186,22.146320627663204,0.9554634470965316,0.1461584661201531,0.0069072999609699,20.920000076293945,20.920000076293945,20.920000076293945,-0.0113421442745197,State Street SPDR Portfolio Mortgage Backed Bond ETF,P,True,False,False,False,False,False,False,False,False,,False,,,7072976896.0,Bond,unknown,311.0,True,,False,True,357.0,True,True,False,395.0,,0,0,False,Bond,Bond,Bond,Bond,Bond
2026-10-08,VIS,320.1300048828125,323.4700012207031,319.29998779296875,322.6400146484375,77200.0,250,24907809.13085937,55595157.82455444,37448506.53381348,-0.0117917401081898,-0.0771965887165441,-0.0265885047730665,0.0,0.0,0.0,-0.0,-0.0,-0.0,-0.0,,337.19493408203124,336.1567858886719,-0.0122012240679862,331.3694089474224,361.4349437661123,0.8926641438887012,4.8178043241191375,0.0149324451567758,318.8299865722656,318.8299865722656,318.8299865722656,-0.0118089136597747,Vanguard Industrials ETF,P,True,False,False,False,False,False,False,False,False,,False,,,9029749760.0,Sector,unknown,268.0,True,,False,True,325.0,True,True,False,396.0,,0,0,False,Sector,Sector,Sector,Sector,Sector
2026-10-08,FSEC,41.54999923706055,41.86000061035156,41.470001220703125,41.7599983215332,389500.0,250,16265519.346237184,23454352.83958435,16698039.194706509,-0.0195174296639709,-0.0345047255511379,-0.0348124555026791,0.0,0.0,0.0,-0.0,-0.0,-0.0,-0.0,,42.69457344055176,43.04595845540364,-0.0063177819333998,42.70590103853074,43.67106046538879,0.9562396213077952,0.3011552023284434,0.0072115712268397,41.45000076293945,41.45000076293945,41.45000076293945,-0.0074233134830827,Fidelity Investment Grade Securitized ETF,P,True,False,False,False,False,False,False,False,False,,False,,,4651778048.0,Bond,unknown,395.0,True,,False,True,418.0,True,True,False,397.0,,0,0,False,Bond,Bond,Bond,Bond,Bond
2026-10-08,USHY,35.599998474121094,35.65999984741211,35.56999969482422,35.65999984741211,7760600.0,250,276742994.8158264,661770639.3767357,462653030.6253645,-0.0129025173055185,-0.0154755215774204,-0.0056788084894192,0.0,0.0,0.0,-0.0,-0.0,-0.0,-0.0,-0.0,36.153699493408205,35.97537213643392,-0.0028657150854377,36.24538192227364,36.55009121198642,0.9756473558598834,0.1508252711800828,0.0042295365066028,35.29999923706055,35.29999923706055,35.29999923706055,-0.0100953620833424,iShares Broad USD High Yield Corporate Bond ETF,Z,True,False,False,False,False,False,False,False,False,,False,,,28476405760.0,Bond,unknown,97.0,True,,False,True,61.0,True,True,False,398.0,,0,0,False,Bond,Bond,Bond,Bond,Bond
2026-10-08,USIG,48.63999938964844,48.81999969482422,48.61000061035156,48.790000915527344,4697100.0,250,229171513.3003235,119790690.4948616,110568030.25414602,-0.010756758349646,-0.0258517794952939,-0.0273550373745685,0.0,0.0,0.0,-0.0,-0.0,-0.0,-0.0,,49.4930517578125,49.88064725240071,-0.0048909901785306,49.58938847856273,50.68439282814276,0.9626237623278078,0.2442983088517589,0.0050071388454106,48.29999923706055,48.29999923706055,48.29999923706055,-0.0100430758202928,iShares Broad USD Investment Grade Corporate Bond ETF,Q,True,False,False,False,False,False,False,False,False,,False,,,17618763776.0,Bond,unknown,147.0,True,,False,True,170.0,True,True,False,399.0,,0,0,False,Bond,Bond,Bond,Bond,Bond
2026-10-08,BOTZ,35.15999984741211,35.22999954223633,34.709999084472656,34.83000183105469,627700.0,250,21862792.149353027,20310854.988975525,23676053.27379741,0.0020139100374501,-0.0563532382811228,-0.0020783667552253,0.0111826722509949,0.0,0.0,2.2520895891793525e-05,-0.0,-0.0,-0.0,-0.0,35.90610015869141,36.58234662373861,0.0062945781367993,36.34999847412109,41.68914992307781,0.8354692262931915,0.5305496215820312,0.0152325464740282,34.709999084472656,34.43000030517578,34.43000030517578,-0.0114843957752038,Global X Robotics & Artificial Intelligence ETF,Q,True,False,False,False,False,False,False,False,False,,False,,,3517117696.0,Industry / Theme,unknown,462.0,True,,False,True,386.0,True,True,False,400.0,,0,0,False,Industry / Theme,Industry / Theme,Industry / Theme,Industry / Theme,Industry / Theme
2026-10-08,IBDU,22.670000076293945,22.71999931335449,22.65999984741211,22.700000762939453,1774800.0,250,40287961.35406494,23820958.458280563,18218106.7720716,-0.001385484798013,-0.004062882927197,-0.000923831692892,0.0,0.0,0.0,-0.0,-0.0,-0.0,-0.0,-0.0,22.779152603149413,22.745097681681315,-0.0013015486150959,22.80122438649464,22.96063287410927,0.9886487401022944,0.0648673994752549,0.002857594594497,22.547213236574905,22.547213236574905,22.547213236574905,-0.0067307278074629,iShares iBonds Dec 2029 Term Corporate ETF,P,True,False,False,False,False,False,False,False,False,,False,,,3963476736.0,Bond,unknown,431.0,True,,False,True,411.0,True,True,False,401.0,,0,0,False,Bond,Bond,Bond,Bond,Bond
2026-10-08,IDEF,30.690000534057617,30.920000076293945,30.56999969482422,30.700000762939453,714900.0,250,21947430.54542541,77216949.07363892,35022637.73582701,-0.0235368879945327,-0.0397246974567352,-0.1102022643246746,0.0,0.0,0.0,-0.0,-0.0,-0.0,-0.0,-0.0,32.82868003845215,32.966151008605955,-0.0015468593357056,32.290000915527344,35.92499923706055,0.8545581465529737,0.4597497940063476,0.0149755629505179,30.56999969482422,30.56999969482422,30.56999969482422,-0.0042345623740885,iShares Defense Industrials and Tech Active ETF,Q,True,False,False,False,False,False,False,False,False,,False,,,4074098176.0,Industry / Theme,unknown,421.0,True,,False,True,339.0,True,True,False,402.0,,0,0,False,Industry / Theme,Industry / Theme,Industry / Theme,Industry / Theme,Industry / Theme
2026-10-08,TLH,91.4000015258789,92.16000366210938,91.30999755859376,92.11000061035156,6612200.0,250,609049746.0357666,334276418.2588196,180227758.27550736,-0.0270500579512854,-0.0538984490900318,-0.0654905186281235,0.0,0.0,0.0,-0.0,-0.0,-0.0,-0.0,,94.9839193725586,96.91947514851888,-0.009843639973219,95.59724076780788,100.00895547849169,0.9210175245771974,0.8158324585552087,0.0088571539805583,90.72000122070312,90.72000122070312,90.72000122070312,-0.0150906457544005,iShares 10-20 Year Treasury Bond ETF,P,True,False,False,False,False,False,False,False,False,,False,,,11252374528.0,Bond,unknown,220.0,True,,False,True,122.0,True,True,False,403.0,,0,0,False,Bond,Bond,Bond,Bond,Bond
2026-10-08,BSV,76.31999969482422,76.44000244140625,76.25,76.41000366210938,3625100.0,250,276993904.2755127,295769781.24111176,225017319.6660965,-0.0018357262689847,-0.0050283995542541,-0.0041767017479386,0.0,0.0,0.0,-0.0,-0.0,-0.0,-0.0,,76.70858963012695,76.7004059346517,-0.0013507916463247,76.61031059416234,77.45760141638715,0.986475210500694,0.1750938223129388,0.0022915039120691,76.00245044573396,76.00245044573396,76.00245044573396,-0.0053337677901135,Vanguard Short-Term Bond ETF,P,True,False,False,False,False,False,False,False,False,,False,,,69833809920.0,Bond,unknown,44.0,True,,False,True,104.0,True,True,False,404.0,,0,0,False,Bond,Bond,Bond,Bond,Bond
2026-10-08,MBB,89.08000183105469,89.7300033569336,88.98999786376953,89.7300033569336,5388500.0,250,483510123.0888367,772316839.8232651,388437211.9948735,-0.015107651057878,-0.0315803159620776,-0.0360405431932211,0.0,0.0,0.0,-0.0,-0.0,-0.0,-0.0,,91.45298233032229,92.29649475097656,-0.0064067922564371,91.45497354055207,93.69507609273576,0.9576810980773665,0.6102889141904881,0.0068013918573349,88.58000183105469,88.58000183105469,88.58000183105469,-0.0128162429829001,iShares MBS ETF,Q,True,False,False,False,False,False,False,False,False,,False,,,39630225408.0,Bond,unknown,79.0,True,,False,True,73.0,True,True,False,405.0,,0,0,False,Bond,Bond,Bond,Bond,Bond
2026-10-08,TLT,77.19000244140625,77.91000366210938,77.06999969482422,77.87000274658203,49484200.0,250,3853334789.912415,3916813886.002617,2925325103.758942,-0.0321413141727239,-0.0671319044422703,-0.080799513317792,0.0,0.0,0.0,-0.0,-0.0,-0.0,-0.0,,80.73061416625977,82.97268442789714,-0.012191301796112,81.61131364222194,86.43537217691733,0.9009043495201992,0.8272491075114232,0.0106234631865058,76.43000030517578,76.43000030517578,76.43000030517578,-0.0184923897600537,iShares 20+ Year Treasury Bond ETF,Q,True,False,False,False,False,False,False,False,False,,False,,,41099935744.0,Bond,unknown,75.0,True,,False,True,12.0,True,True,False,406.0,,0,0,False,Bond,Bond,Bond,Bond,Bond
2026-10-08,FPE,17.010000228881836,17.079999923706055,16.989999771118164,17.079999923706055,2045100.0,250,34930307.84397125,30404594.289712902,21565631.58746749,-0.0161093969779347,-0.0326995556171029,-0.0245552877951318,0.0,0.0,0.0,-0.0,-0.0,-0.0,-0.0,,17.43301429748535,17.508626759847004,-0.0058916811597831,17.45907924837693,17.736171440391452,0.9630037678147908,0.0827992986790366,0.0048477341363518,16.959999084472656,16.959999084472656,16.959999084472656,-0.0070258102909499,First Trust Preferred Securities and Income ETF ETF,P,True,False,False,False,False,False,False,False,False,,False,,,6320397824.0,Bond,unknown,338.0,True,,False,True,392.0,True,True,False,407.0,,0,0,False,Bond,Bond,Bond,Bond,Bond
2026-10-08,TOTL,37.290000915527344,37.4370002746582,37.26499938964844,37.40999984741211,816400.0,250,30541523.87542725,32598731.84244156,24653062.890098207,-0.0152264827851031,-0.0316468232809047,-0.0352077875916051,0.0,0.0,0.0,-0.0,-0.0,-0.0,-0.0,,38.0647403717041,38.44357696533203,-0.0055580992635072,38.02326967254167,39.009006470590336,0.959009296368936,0.1702023028109394,0.0045496472468634,37.09000015258789,37.09000015258789,37.09000015258789,-0.0085538544808723,State Street DoubleLine Total Return Tactical ETF,P,True,False,False,False,False,False,False,False,False,,False,,,4176964608.0,Other,unknown,416.0,True,,False,True,379.0,True,True,False,408.0,,0,0,False,Other,Other,Other,Other,Other
2026-10-08,XLY,110.81999969482422,111.76000213623048,110.72000122070312,111.70999908447266,5696500.0,250,636356009.7846985,738639361.2345123,746964825.5628434,-3.537630106076328e-05,-0.0450695912310027,-0.0049749036034701,0.0,0.0,0.0,-0.0,-0.0,-0.0,-0.0,,114.2201840209961,114.63203837076824,-0.0044084296690101,113.29000091552734,121.6790064932896,0.9180712622816598,1.4581248978493904,0.0130527697591939,107.98999786376952,107.98999786376952,107.98999786376952,-0.0333005214500998,State Street Consumer Discretionary Select Sector SPDR ETF,P,True,False,False,False,False,False,False,False,False,,False,,,22593435648.0,Sector,unknown,121.0,True,,False,True,44.0,True,True,False,409.0,,0,0,False,Sector,Sector,Sector,Sector,Sector
2026-10-08,MCHI,51.36000061035156,51.5,51.09999847412109,51.36000061035156,1575500.0,250,80917680.96160889,87511234.9967575,111111822.63127282,-0.0272727016575076,-0.0333145195215495,-0.0963048937223008,0.0,0.0,0.0,-0.0,-0.0,-0.0,-0.0,-0.0,54.101599884033206,54.91568984985352,-0.0069237944471141,54.59999847412109,59.53542086412286,0.8626797268733518,0.6365001678466797,0.0123929158933536,51.04999923706055,51.04999923706055,51.04999923706055,-0.0060358522119747,iShares MSCI China ETF,Q,True,False,False,False,False,False,False,False,False,,False,,,5885857792.0,Country / Region,unknown,353.0,True,,False,True,169.0,True,True,False,410.0,,0,0,False,Country / Region,Country / Region,Country / Region,Country / Region,Country / Region
2026-10-08,UCON,23.799999237060547,24.170000076293945,23.770000457763672,23.854999542236328,1004500.0,250,23962347.04017639,20135651.58203125,15178679.142682515,-0.0164611888412699,-0.0268300649983947,-0.0223371389848272,0.0,0.0,0.0,-0.0,-0.0,-0.0,-0.0,,24.27981033325195,24.37115612030029,-0.0047951770042603,24.35485666040305,24.641171971369165,0.9680951689292092,0.1625422052284157,0.0068137584719139,23.559999465942383,23.559999465942383,23.559999465942383,-0.0123663836493325,First Trust Smith Unconstrained Bond ETF,P,True,False,False,False,False,False,False,False,False,,False,,,3285839104.0,Bond,unknown,480.0,True,,False,True,428.0,True,True,False,411.0,,0,0,False,Bond,Bond,Bond,Bond,Bond
2026-10-08,IBDV,21.11000061035156,21.176000595092773,21.11000061035156,21.170000076293945,1612000.0,250,34126040.12298584,21682128.69853973,15814169.793834385,-0.0035890510914829,-0.0107744454645413,-0.0118761705350428,0.0,0.0,0.0,-0.0,-0.0,-0.0,-0.0,,21.31319564819336,21.360673650105795,-0.0026490110651384,21.33590043452404,21.805855893554707,0.9708401348534682,0.0782898734635406,0.003698151779943,21.017157243070915,21.017157243070915,21.017157243070915,-0.0072197842547097,iShares iBonds Dec 2030 Term Corporate ETF,P,True,False,False,False,False,False,False,False,False,,False,,,3198090240.0,Bond,unknown,487.0,True,,False,True,423.0,True,True,False,412.0,,0,0,False,Bond,Bond,Bond,Bond,Bond
2026-10-08,URA,39.310001373291016,39.54999923706055,38.09000015258789,38.560001373291016,5290600.0,250,204005543.26553345,136947965.93040466,140310674.8981173,-0.1431110805935329,-0.1026297352136763,-0.242882365163223,0.0,0.0,0.0,-0.0,-0.0,-0.0,-0.0,-0.0,43.321399993896485,46.695600051879886,0.0024296331951487,45.27000045776367,58.970001220703125,0.6538918191467396,1.4055002212524417,0.0364496932364213,38.09000015258789,38.09000015258789,38.09000015258789,-0.0121888279036389,Global X Uranium ETF,P,True,False,False,False,False,False,False,False,False,,False,,,5997526528.0,Commodity,unknown,349.0,True,,False,True,147.0,True,True,False,413.0,,0,0,False,Commodity,Commodity,Commodity,Commodity,Commodity
2026-10-08,HYD,47.52000045776367,47.880001068115234,47.4900016784668,47.81999969482422,3276300.0,250,156672665.0001526,120261551.0879898,73948494.56604247,-0.0189680752274477,-0.0566392308943256,-0.0425750284423143,0.0,0.0,0.0,-0.0,-0.0,-0.0,-0.0,,49.12428535461426,49.71828488667806,-0.008989361907862,49.09325992239154,51.04703750878136,0.9367830539940344,0.389633970094103,0.0081479291631253,47.35985717988214,47.35985717988214,47.35985717988214,-0.0096223864048221,VanEck High Yield Muni ETF,Z,True,False,False,False,False,False,False,False,False,,False,,,4521939456.0,Bond,unknown,401.0,True,,False,True,229.0,True,True,False,414.0,,0,0,False,Bond,Bond,Bond,Bond,Bond
2026-10-08,BLV,62.369998931884766,62.880001068115234,62.34000015258789,62.84999847412109,1614000.0,250,101439897.53723145,57396436.87395096,49361814.44649469,-0.0263040194940722,-0.0565372720388587,-0.0671884738165637,0.0,0.0,0.0,-0.0,-0.0,-0.0,-0.0,,64.78383308410645,66.23659472147624,-0.0101134946397781,65.39415933617467,68.60520316369868,0.9161112506897604,0.5857532469147987,0.0093198609568142,61.77999877929688,61.77999877929688,61.77999877929688,-0.0170246574511023,Vanguard Long-Term Bond ETF,P,True,False,False,False,False,False,False,False,False,,False,,,8673027072.0,Bond,unknown,270.0,True,,False,True,294.0,True,True,False,415.0,,0,0,False,Bond,Bond,Bond,Bond,Bond
2026-10-08,VCIT,78.19999694824219,78.5,78.12000274658203,78.4800033569336,7532800.0,250,591174169.2871094,1048774896.0686874,806681340.5144827,-0.0110133734163426,-0.0283748817174075,-0.0315882140785646,0.0,0.0,0.0,-0.0,-0.0,-0.0,-0.0,,79.7244873046875,80.43300231933594,-0.0056979536979939,79.66261941685323,81.72958643522296,0.9602398198739828,0.4162790095530987,0.0053042684983055,77.61000061035156,77.61000061035156,77.61000061035156,-0.0110856614343552,Vanguard Intermediate-Term Corporate Bond ETF,Q,True,False,False,False,False,False,False,False,False,,False,,,69441978368.0,Bond,unknown,45.0,True,,False,True,42.0,True,True,False,416.0,,0,0,False,Bond,Bond,Bond,Bond,Bond
2026-10-08,FXI,33.439998626708984,33.529998779296875,33.25,33.45000076293945,16681500.0,250,557996187.7269745,584823234.5987511,622622291.7535994,-0.0262008078940582,-0.0008960208992545,-0.0713375373902228,0.0,0.0,0.0,-0.0,-0.0,-0.0,-0.0,-0.0,34.990999908447264,35.113188641866046,-0.0063835035851327,35.290000915527344,38.06419438446368,0.878778634458436,0.4545000076293945,0.0135874438643646,33.08000183105469,33.08000183105469,33.08000183105469,-0.0110612533167623,iShares China Large-Cap ETF,P,True,False,False,False,False,False,False,False,False,,False,,,4523697152.0,Country / Region,unknown,400.0,True,,False,True,49.0,True,True,False,417.0,,0,0,False,Country / Region,Country / Region,Country / Region,Country / Region,Country / Region
2026-10-08,VCLT,68.30000305175781,68.7699966430664,68.2699966430664,68.70999908447266,5132800.0,250,352674683.30078125,550630704.0900421,357368907.867141,-0.0220493842443433,-0.0512786046502318,-0.0608356371091619,0.0,0.0,0.0,-0.0,-0.0,-0.0,-0.0,,70.56864135742188,72.04980504353841,-0.008947338642422,71.36350108353726,74.54616519013476,0.9217107132100412,0.6611422733824199,0.0096222133924002,67.55999755859375,67.55999755859375,67.55999755859375,-0.0167370330548991,Vanguard Long-Term Corporate Bond ETF,Q,True,False,False,False,False,False,False,False,False,,False,,,10055394304.0,Bond,unknown,247.0,True,,False,True,77.0,True,True,False,418.0,,0,0,False,Bond,Bond,Bond,Bond,Bond
2026-10-08,GVI,103.01000213623048,103.2300033569336,102.9000015258789,103.22000122070312,268800.0,250,27745536.328125,16631281.038513184,13310105.267309764,-0.0051065197878561,-0.0123402967070422,-0.0145376480178182,0.0,0.0,0.0,-0.0,-0.0,-0.0,-0.0,,104.01966674804687,104.36002970377604,-0.0028729713757249,103.81958122410434,105.18441155288362,0.981324130608528,0.3068461325261424,0.0029727390902665,102.56999969482422,102.56999969482422,102.56999969482422,-0.0062972439274543,iShares Intermediate Government/Credit Bond ETF,Z,True,False,False,False,False,False,False,False,False,,False,,,3754905600.0,Bond,unknown,448.0,True,,False,True,440.0,True,True,False,419.0,,0,0,False,Bond,Bond,Bond,Bond,Bond
2026-10-08,VCRB,73.3499984741211,73.6500015258789,73.28500366210938,73.61000061035156,1309000.0,250,96355490.7989502,72461338.04092407,53929526.88641018,-0.0133093974711899,-0.0262252384449777,-0.0280726560318423,0.0,0.0,0.0,-0.0,-0.0,-0.0,-0.0,,74.78849029541016,75.31952707926432,-0.005004340417,74.76228205981995,76.3362808227539,0.9642859177442438,0.3230272691512347,0.0043883611801764,73.08999633789062,73.08999633789062,73.08999633789062,-0.0070643155569789,Vanguard Core Bond ETF,Q,True,False,False,False,False,False,False,False,False,,False,,,7294146560.0,Bond,unknown,303.0,True,,False,True,277.0,True,True,False,420.0,,0,0,False,Bond,Bond,Bond,Bond,Bond
2026-10-08,VCSH,77.19999694824219,77.3499984741211,77.16999816894531,77.33999633789062,2896200.0,250,223992097.39379883,530490264.4979477,380846956.2817044,-0.0018453405520306,-0.0047740295619315,-0.0021840096006652,0.0,0.0,0.0,-0.0,-0.0,-0.0,-0.0,,77.64622512817382,77.56436559041342,-0.0015055445045986,77.56267491494549,78.17635310793686,0.9893016655702588,0.1835248055827158,0.0023729611361877,76.84542105167047,76.84542105167047,76.84542105167047,-0.0063948191057496,Vanguard Short-Term Corporate Bond ETF,Q,True,False,False,False,False,False,False,False,False,,False,,,51786543104.0,Bond,unknown,55.0,True,,False,True,74.0,True,True,False,421.0,,0,0,False,Bond,Bond,Bond,Bond,Bond
2026-10-08,XMMO,147.47000122070312,148.5800018310547,146.5,147.3800048828125,438300.0,250,64596656.14013672,49142518.73146057,52522256.561981685,-0.0212309085125596,-0.085952851511826,-0.0417237807612478,0.0,0.0,0.0,-0.0,-0.0,-0.0,-0.0,,153.5309619140625,156.9829389444987,-0.0115827592528802,152.94000244140625,173.648098796795,0.8487280074127288,2.325456223767905,0.0157786412452419,145.5800018310547,144.39726368020266,144.39726368020266,-0.0202384387555254,Invesco S&P MidCap Momentum ETF,P,True,False,False,False,False,False,False,False,False,,False,,,7917685760.0,Factor / Style,unknown,289.0,True,,False,True,284.0,True,True,False,422.0,,0,0,False,Factor / Style,Factor / Style,Factor / Style,Factor / Style,Factor / Style
2026-10-08,BOND,86.54000091552734,86.95999908447266,86.41000366210938,86.91999816894531,1051600.0,250,91405070.07446288,96938843.19854736,66892401.9766308,-0.0183077581134872,-0.0349549139904701,-0.0365407069694737,0.0,0.0,0.0,-0.0,-0.0,-0.0,-0.0,,88.81251373291016,89.58513671875,-0.0066897130572232,88.77989238534856,91.02351356738096,0.95491807295048,0.5094319042150509,0.0058609286119044,86.11000061035156,86.11000061035156,86.11000061035156,-0.0093188860521989,PIMCO Active Bond Exchange-Traded Fund Exchange-Traded Fund,N,True,False,False,False,False,False,False,False,False,,False,,,8311250432.0,Bond,unknown,276.0,True,,False,True,245.0,True,True,False,423.0,,0,0,False,Bond,Bond,Bond,Bond,Bond
2026-10-08,USRT,60.70000076293945,61.2400016784668,60.34999847412109,61.11000061035156,1709800.0,250,104485879.0435791,77362335.00577927,45699559.61180793,-0.0413655204389669,-0.0777002433961886,-0.0001644587481599,0.0,0.0,0.0,-0.0,-0.0,-0.0,-0.0,,64.64911773681641,63.9745787302653,-0.0208343834751731,64.45169302391963,69.57367908229212,0.8783494191541937,0.7454516907328639,0.0121985220632871,60.34999847412109,60.34999847412109,60.34999847412109,-0.0124366245890976,iShares Core U.S. REIT ETF,P,True,False,False,False,False,False,False,False,False,,False,,,4356137472.0,REIT / Infra,unknown,407.0,True,,False,True,303.0,True,True,False,424.0,,0,0,False,REIT / Infra,REIT / Infra,REIT / Infra,REIT / Infra,REIT / Infra
2026-10-08,VAW,218.72999572753903,220.6999969482422,218.5500030517578,220.50999450683597,42900.0,250,9459878.764343262,21541367.00157165,13231304.490298316,-0.0283071200112746,-0.0241501407726743,-0.0546278795272165,0.0,0.0,0.0,-0.0,-0.0,-0.0,-0.0,-0.0,229.3372695922852,228.15403361002603,-0.0036772914631931,228.9569065475913,241.5538289611882,0.9128813873708724,3.3081471073502344,0.0150022547265887,214.5500030517578,214.5500030517578,214.5500030517578,-0.0270282146095348,Vanguard Materials ETF,P,True,False,False,False,False,False,False,False,False,,False,,,4486959616.0,Sector,unknown,402.0,True,,False,True,441.0,True,True,False,425.0,,0,0,False,Sector,Sector,Sector,Sector,Sector
2026-10-08,BNDX,46.84999847412109,46.95000076293945,46.77999877929688,46.93000030517578,4365000.0,250,204849451.3320923,241924507.136364,203166575.87452844,0.0015845535540919,-0.0165925778843486,-0.010702815396518,0.0484903295887428,0.0,0.0,7.683552408893137e-05,-0.0,-0.0,-0.0,,47.20991920471192,47.39990325927735,-0.0029149939108416,47.18495367200867,48.09768321450051,0.975722678697075,0.1642294379691421,0.0034994552930149,46.630001068115234,46.630001068115234,46.630001068115234,-0.0063924831687559,Vanguard Total International Bond ETF,Q,True,False,False,False,False,False,False,False,False,,False,,,123285929984.0,Bond,unknown,24.0,True,,False,True,112.0,True,True,False,426.0,,0,0,False,Bond,Bond,Bond,Bond,Bond
2026-10-08,IAGG,49.040000915527344,49.150001525878906,49.005001068115234,49.13999938964844,1707800.0,250,83921290.9576416,147016421.42263412,85513228.08882092,-0.0042553007287888,-0.0170034458947517,-0.009667038247165,0.0,0.0,0.0,-0.0,-0.0,-0.0,-0.0,,49.59020011901856,49.65299146016439,-0.0027630526783489,49.63999938964844,50.27921961734516,0.9773421259047602,0.1539505004882812,0.0031328958567449,48.810001373291016,48.810001373291016,48.810001373291016,-0.0067154664317504,iShares International Aggregate Bond Fund,Z,True,False,False,False,False,False,False,False,False,,False,,,10738313216.0,Bond,unknown,230.0,True,,False,True,204.0,True,True,False,427.0,,0,0,False,Bond,Bond,Bond,Bond,Bond
2026-10-08,HYLB,35.099998474121094,35.150001525878906,35.064998626708984,35.130001068115234,3934500.0,250,138218989.2024994,70475058.13756943,43142704.40880306,-0.0154450923955796,-0.0172581076492379,-0.0094398335785769,0.0,0.0,0.0,-0.0,-0.0,-0.0,-0.0,-0.0,35.681895065307614,35.535157979329426,-0.0031258860054355,35.775546218531034,36.08052123802904,0.9736555865242892,0.1467227732576354,0.0041765661484936,34.79999923706055,34.79999923706055,34.79999923706055,-0.0093937324514972,Xtrackers USD High Yield Corporate Bond ETF,P,True,False,False,False,False,False,False,False,False,,False,,,3468311296.0,Bond,unknown,471.0,True,,False,True,307.0,True,True,False,428.0,,0,0,False,Bond,Bond,Bond,Bond,Bond
2026-10-08,EAGG,45.09999847412109,45.29999923706055,45.06999969482422,45.29999923706055,1392800.0,250,63093838.93737793,24488562.075271606,19398110.554528616,-0.0116791268710384,-0.0255392240812325,-0.029558801548996,0.0,0.0,0.0,-0.0,-0.0,-0.0,-0.0,,45.96923942565918,46.34284861246745,-0.0049908001433307,45.95488445093037,46.96449631195474,0.964558396116121,0.2164740194787128,0.0047786760071645,44.93000030517578,44.93000030517578,44.93000030517578,-0.0081677469782839,iShares ESG Aware U.S. Aggregate Bond ETF,P,True,False,False,False,False,False,False,False,False,,False,,,4899153408.0,Bond,unknown,382.0,True,,False,True,405.0,True,True,False,429.0,,0,0,False,Bond,Bond,Bond,Bond,Bond
2026-10-08,HYG,77.06999969482422,77.18000030517578,76.9800033569336,77.13999938964844,44872800.0,250,3461487764.6118164,4857471497.400513,3255291886.760627,-0.0144593613013678,-0.0178638747585067,-0.0101419659857678,0.0,0.0,0.0,-0.0,-0.0,-0.0,-0.0,-0.0,78.31040771484375,78.02923828125,-0.0030754432083704,78.51069679185387,79.18183762211754,0.9742133007544804,0.3260231112559921,0.00422638208239,76.38999938964844,76.38999938964844,76.38999938964844,-0.0097225823947911,iShares iBoxx $ High Yield Corporate Bond ETF,P,True,False,False,False,False,False,False,False,False,,False,,,17626118144.0,Bond,unknown,146.0,True,,False,True,9.0,True,True,False,430.0,,0,0,False,Bond,Bond,Bond,Bond,Bond
2026-10-08,BND,69.91999816894531,70.2300033569336,69.87000274658203,70.22000122070312,23714700.0,250,1665246262.9486084,853725180.8601761,652589333.3563305,-0.0112229426870067,-0.0247987772736062,-0.0280913268548405,0.0,0.0,0.0,-0.0,-0.0,-0.0,-0.0,,71.23397506713867,71.77698786417643,-0.0048198828980566,71.22628285648061,72.71308881614142,0.9657133586809632,0.344164812195153,0.0049012362035345,69.6500015258789,69.6500015258789,69.6500015258789,-0.0081173409985098,Vanguard Total Bond Market ETF,Q,True,False,False,False,False,False,False,False,False,,False,,,397862928384.0,Bond,unknown,7.0,True,,False,True,47.0,True,True,False,431.0,,0,0,False,Bond,Bond,Bond,Bond,Bond
2026-10-08,NLR,104.69000244140624,105.1500015258789,101.12000274658205,102.37999725341795,414700.0,250,42456984.86099243,42845710.67375183,43205884.48682512,-0.1311211434910186,-0.1055390697857644,-0.2501830797745042,0.0,0.0,0.0,-0.0,-0.0,-0.0,-0.0,,113.28219985961914,123.79246643066406,-0.0050711582981581,118.27999877929688,150.5,0.6802657624811825,3.40949935913086,0.0333023974467535,101.12000274658205,101.12000274658205,101.12000274658205,-0.0123070379042609,VanEck Uranium and Nuclear ETF,P,True,False,False,False,False,False,False,False,False,,False,,,4214125568.0,Commodity,unknown,413.0,True,,False,True,306.0,True,True,False,432.0,,0,0,False,Commodity,Commodity,Commodity,Commodity,Commodity
2026-10-08,TIP,104.26000213623048,104.63999938964844,104.16000366210938,104.5199966430664,1780700.0,250,186118758.02230835,227400131.85264587,200706982.78079563,-0.0170225256918941,-0.0262930434937738,-0.0258261599333391,0.0,0.0,0.0,-0.0,-0.0,-0.0,-0.0,,106.1408236694336,107.01512924194336,-0.0052258383365305,106.37999725341795,108.34822005233714,0.9646674084039264,0.4515007019042968,0.0043197542710048,103.76000213623048,103.76000213623048,103.76000213623048,-0.0072712833069762,iShares TIPS Bond ETF,P,True,False,False,False,False,False,False,False,False,,False,,,14696782848.0,Bond,unknown,172.0,True,,False,True,115.0,True,True,False,433.0,,0,0,False,Bond,Bond,Bond,Bond,Bond
2026-10-08,PAVE,53.0,53.43000030517578,52.650001525878906,53.25,1470700.0,250,78314775.0,77200038.8127327,92122042.70609295,-0.0020614806801599,-0.0606808733470008,-0.0227465106085579,0.0,0.0,0.0,-0.0,-0.0,-0.0,-0.0,,55.24000022888183,55.20548123677572,-0.0115132532186427,54.91999816894531,60.32421526966227,0.8827300904282136,0.8909000396728516,0.0167305171769549,51.95100021362305,51.95100021362305,51.95100021362305,-0.0243943621854827,Global X U.S. Infrastructure Development ETF,Z,True,False,False,False,False,False,False,False,False,,False,,,14567146496.0,REIT / Infra,unknown,174.0,True,,False,True,198.0,True,True,False,434.0,,0,0,False,REIT / Infra,REIT / Infra,REIT / Infra,REIT / Infra,REIT / Infra
2026-10-08,CGMS,26.290000915527344,26.36000061035156,26.274999618530277,26.350000381469727,1115600.0,250,29396060.425567627,36818072.95043945,32670497.471615624,-0.0119259170572119,-0.0185050487884725,-0.012467791698947,0.0,0.0,0.0,-0.0,-0.0,-0.0,-0.0,,26.70237979888916,26.7054046758016,-0.0034804071382248,26.757564298220707,27.00076581034662,0.9758982603142492,0.1097142970779904,0.0041637303791139,26.09499931335449,26.09499931335449,26.09499931335449,-0.0096774597504203,Capital Group U.S. Multi-Sector Income ETF,P,True,False,False,False,False,False,False,False,False,,False,,,5172525056.0,Bond,unknown,375.0,True,,False,True,350.0,True,True,False,435.0,,0,0,False,Bond,Bond,Bond,Bond,Bond
2026-10-08,AGG,94.23999786376952,94.62999725341795,94.13999938964844,94.62999725341795,11231000.0,250,1062789499.1531372,1209152227.0833588,926091896.466779,-0.0112910421842538,-0.025008857057894,-0.0291352349117792,0.0,0.0,0.0,-0.0,-0.0,-0.0,-0.0,,96.01223281860352,96.77120295206706,-0.004911641646604,95.98967742919922,98.06416252581812,0.964980425224189,0.4579007144114726,0.0048388537218829,93.83999633789062,93.83999633789062,93.83999633789062,-0.0083483138376484,iShares Core U.S. Aggregate Bond ETF,P,True,False,False,False,False,False,False,False,False,,False,,,138847469568.0,Bond,unknown,18.0,True,,False,True,34.0,True,True,False,436.0,,0,0,False,Bond,Bond,Bond,Bond,Bond
2026-10-08,PPA,152.13999938964844,153.52999877929688,151.19000244140625,153.38999938964844,360900.0,250,55358450.77972412,49138833.62739563,37314925.97830636,-0.0424991344211765,-0.117319390833705,-0.1235232413232866,0.0,0.0,0.0,-0.0,-0.0,-0.0,-0.0,,167.57570037841796,170.113864847819,-0.0186305811023825,162.1300048828125,185.12335431383465,0.8285826494349844,2.391795176602632,0.01559290166321,151.19000244140625,151.19000244140625,151.19000244140625,-0.0143425057500238,Invesco Aerospace & Defense ETF,P,True,False,False,False,False,False,False,False,False,,False,,,8324131840.0,Industry / Theme,unknown,274.0,True,,False,True,326.0,True,True,False,437.0,,0,0,False,Industry / Theme,Industry / Theme,Industry / Theme,Industry / Theme,Industry / Theme
2026-10-08,PGX,9.970000267028809,10.039999961853027,9.949999809265137,10.029999732971191,5986000.0,250,60039578.40156555,79457551.5297699,50561904.32457243,-0.0312191188467056,-0.0600258150177551,-0.0704282155497878,0.0,0.0,0.0,-0.0,-0.0,-0.0,-0.0,,10.409642124176026,10.631191546122231,-0.0101449968196376,10.43278180423208,10.915942192077637,0.9188395794410282,0.0853965739361162,0.0085141152751376,9.949999809265137,9.949999809265137,9.949999809265137,-0.007976064390418,Invesco Preferred ETF,P,True,False,False,False,False,False,False,False,False,,False,,,3857212160.0,Other,unknown,444.0,True,,False,True,290.0,True,True,False,438.0,,0,0,False,Other,Other,Other,Other,Other
2026-10-08,SPTL,23.65999984741211,23.8700008392334,23.63999938964844,23.850000381469727,20387000.0,250,486229957.7770233,346703749.1116333,201371320.9610621,-0.0307146163215495,-0.0610951551780194,-0.0735611036803148,0.0,0.0,0.0,-0.0,-0.0,-0.0,-0.0,,24.67343975067139,25.26839138031006,-0.0110852716219571,24.89464946646772,26.21148283131752,0.9099065678563484,0.2323951023023484,0.0097440292907881,23.459999084472656,23.459999084472656,23.459999084472656,-0.0163522553777434,State Street SPDR Portfolio Long Term Treasury ETF,P,True,False,False,False,False,False,False,False,False,,False,,,10471982080.0,Bond,unknown,239.0,True,,False,True,114.0,True,True,False,439.0,,0,0,False,Bond,Bond,Bond,Bond,Bond
2026-10-08,VNQI,41.68000030517578,41.86000061035156,41.52999877929688,41.81999969482422,277100.0,250,11588321.915435793,16311807.545757294,12922342.683077617,-0.0501930307913569,-0.081686454675383,-0.1014181591717238,0.0,0.0,0.0,-0.0,-0.0,-0.0,-0.0,,44.45780006408691,45.36893330891928,-0.014807428002581,44.220001220703125,48.43999862670898,0.8633361040552422,0.3930002212524414,0.0093974228627524,41.52999877929688,41.52999877929688,41.52999877929688,-0.0069345030522138,Vanguard Global ex-U.S. Real Estate ETF,Q,True,False,False,False,False,False,False,False,False,,False,,,3710765056.0,REIT / Infra,unknown,451.0,True,,False,True,442.0,True,True,False,440.0,,0,0,False,REIT / Infra,REIT / Infra,REIT / Infra,REIT / Infra,REIT / Infra
2026-10-08,LMBS,47.60499954223633,49.02000045776367,47.60499954223633,48.650001525878906,1233500.0,250,60009776.88217163,39032213.989601135,27610532.0672232,-0.0083374479900906,-0.0107671989970926,-0.006397453297204,0.0,0.0,0.0,-0.0,-0.0,-0.0,-0.0,,49.07214462280273,49.0564087677002,-0.0025140662108323,49.09888783949718,51.54288658404607,0.9438742133029352,0.2770177947095004,0.0056940963210893,47.60499954223633,47.60499954223633,47.60499954223633,-0.0214799989900658,First Trust Low Duration Opportunities ETF,Q,True,False,False,False,False,False,False,False,False,,False,,,6341681152.0,Bond,unknown,337.0,True,,False,True,368.0,True,True,False,441.0,,0,0,False,Bond,Bond,Bond,Bond,Bond
2026-10-08,IGSB,51.18000030517578,51.27000045776367,51.150001525878906,51.2599983215332,4068500.0,250,208551303.17115784,271072504.60733414,180181002.61978272,-0.0022308445971407,-0.0051380405570485,-0.0021254818480419,0.0,0.0,0.0,-0.0,-0.0,-0.0,-0.0,,51.48263671875,51.420742975870766,-0.0015495668537022,51.47420802389375,51.83020302650382,0.9889986017481152,0.1246555893986389,0.0024318297596641,50.936355862248064,50.936355862248064,50.936355862248064,-0.0063137430722307,iShares 1-5 Year Investment Grade Corporate Bond ETF,Q,True,False,False,False,False,False,False,False,False,,False,,,22337937408.0,Bond,unknown,122.0,True,,False,True,123.0,True,True,False,442.0,,0,0,False,Bond,Bond,Bond,Bond,Bond
2026-10-08,EMB,90.44000244140624,91.04000091552734,90.44000244140624,90.95999908447266,14946000.0,250,1359488146.3165283,900148006.255455,644220613.6713301,-0.0214456423941901,-0.0393674299369569,-0.0222247427317062,0.0,0.0,0.0,-0.0,-0.0,-0.0,-0.0,,93.07133224487303,93.29504364013673,-0.0065445528082381,93.46094869250656,95.15933271615997,0.9558705014860388,0.5790972097150864,0.0063665041286696,89.69000244140625,89.69000244140625,89.69000244140625,-0.0139621444134688,iShares J.P. Morgan USD Emerging Markets Bond ETF,Q,True,False,False,False,False,False,False,False,False,,False,,,14615079936.0,Bond,unknown,173.0,True,,False,True,48.0,True,True,False,443.0,,0,0,False,Bond,Bond,Bond,Bond,Bond
2026-10-08,FIXD,41.209999084472656,41.4900016784668,41.209999084472656,41.46200180053711,1048000.0,250,43452177.88696289,30130424.61833954,18129868.14713251,-0.0160599542657259,-0.0323864758280344,-0.0336203453533286,0.0,0.0,0.0,-0.0,-0.0,-0.0,-0.0,,42.256025314331055,42.63845858256022,-0.0061311231216846,42.352904225693045,43.8504079961979,0.9455328626390916,0.518752704445389,0.0125115209569709,38.560001373291016,38.560001373291016,38.560001373291016,-0.0699918069852696,First Trust Smith Opportunistic Fixed Income ETF,Q,True,False,False,False,False,False,False,False,False,,False,,,3286956288.0,Bond,unknown,479.0,True,,False,True,412.0,True,True,False,444.0,,0,0,False,Bond,Bond,Bond,Bond,Bond
2026-10-08,CGMU,25.8799991607666,25.96999931335449,25.850000381469727,25.959999084472656,4666200.0,250,121134547.72796632,96073671.36556624,55149950.88244544,-0.0167198251171384,-0.0441672111640407,-0.0361073527490259,0.0,0.0,0.0,-0.0,-0.0,-0.0,-0.0,,26.59089469909668,26.853655281066896,-0.0074273534332477,26.54101306294872,27.258684158325195,0.9523570152429424,0.1380974685312709,0.0053196253236337,25.729999542236328,25.729999542236328,25.729999542236328,-0.0088597669625457,Capital Group Municipal Income ETF,P,True,False,False,False,False,False,False,False,False,,False,,,6310218752.0,Bond,unknown,339.0,True,,False,True,274.0,True,True,False,445.0,,0,0,False,Bond,Bond,Bond,Bond,Bond
2026-10-08,SPTI,27.239999771118164,27.32999992370605,27.200000762939453,27.309999465942383,5215300.0,250,142429840.2147293,100185185.51542282,67905221.10861823,-0.0089908048099536,-0.0214254598102023,-0.0274677785094519,0.0,0.0,0.0,-0.0,-0.0,-0.0,-0.0,,27.65823612213135,27.864124120076497,-0.0044197971221759,27.597633530636408,28.22840725219016,0.9674651219942098,0.1157363537424682,0.0042378746248896,27.1299991607666,27.1299991607666,27.1299991607666,-0.0065910036139054,State Street SPDR Portfolio Intermediate Term Treasury ETF,P,True,False,False,False,False,False,False,False,False,,False,,,10175785984.0,Bond,unknown,245.0,True,,False,True,243.0,True,True,False,446.0,,0,0,False,Bond,Bond,Bond,Bond,Bond
2026-10-08,KWEB,24.03499984741211,24.149999618530277,23.88500022888184,24.020000457763672,13597700.0,250,326616760.2245331,373277368.65763664,451402692.11479366,-0.0171849454630194,-0.089461667099399,-0.1656825392871406,0.0,0.0,0.0,-0.0,-0.0,-0.0,-0.0,-0.0,25.9706001663208,27.15200007120768,-0.0197036140962612,25.6299991607666,30.739999771118164,0.7813923434160763,0.4077496528625488,0.0169754223601922,23.780000686645508,23.780000686645508,23.780000686645508,-0.0099916638861091,KraneShares CSI China Internet ETF,P,True,False,False,False,False,False,False,False,False,,False,,,4907469312.0,Country / Region,unknown,381.0,True,,False,True,62.0,True,True,False,447.0,,0,0,False,Country / Region,Country / Region,Country / Region,Country / Region,Country / Region
2026-10-08,XLRE,40.459999084472656,40.91999816894531,40.28499984741211,40.84999847412109,7898600.0,250,322657797.9476929,274690690.1119232,240143174.81383672,-0.0431162262869602,-0.0732543611492786,-0.027502439966206,0.0,0.0,0.0,-0.0,-0.0,-0.0,-0.0,,43.2400106048584,43.12690836588542,-0.0187501778741617,43.22615271762269,46.06723889577369,0.8867472731878611,0.5328351997438304,0.0130437018273424,40.28499984741211,40.28499984741211,40.28499984741211,-0.0138310562500245,State Street Real Estate Select Sector SPDR ETF,P,True,False,False,False,False,False,False,False,False,,False,,,8102354432.0,REIT / Infra,unknown,282.0,True,,False,True,100.0,True,True,False,448.0,,0,0,False,REIT / Infra,REIT / Infra,REIT / Infra,REIT / Infra,REIT / Infra
2026-10-08,LQD,102.06999969482422,102.54000091552734,101.98999786376952,102.47000122070312,37320300.0,250,3824211186.557007,3726244155.738373,3218682452.186245,-0.0138735916293102,-0.0341376248826555,-0.0413643840829756,0.0,0.0,0.0,-0.0,-0.0,-0.0,-0.0,,104.35826614379884,105.7478971862793,-0.0063369817576575,104.73806520786282,107.9632348050424,0.9491194053766652,0.6635482117333147,0.0064755362918767,101.1999969482422,101.1999969482422,101.1999969482422,-0.0123939129240914,iShares iBoxx $ Investment Grade Corporate Bond ETF,P,True,False,False,False,False,False,False,False,False,,False,,,33113137152.0,Bond,unknown,91.0,True,,False,True,10.0,True,True,False,449.0,,0,0,False,Bond,Bond,Bond,Bond,Bond
2026-10-08,IEI,113.29000091552734,113.62999725341795,113.16999816894533,113.56999969482422,3963400.0,250,450123336.7904663,410306654.8095703,234963430.23934743,-0.0070621645106655,-0.0179172242041624,-0.0233109325475299,0.0,0.0,0.0,-0.0,-0.0,-0.0,-0.0,,114.77624237060547,115.49812662760417,-0.0037863313419219,114.51729916015572,116.87913829512992,0.9716875171345818,0.4140847686382266,0.0036460752817726,112.87999725341795,112.87999725341795,112.87999725341795,-0.006075569633357,iShares 3-7 Year Treasury Bond ETF,Q,True,False,False,False,False,False,False,False,False,,False,,,18260961280.0,Bond,unknown,143.0,True,,False,True,102.0,True,True,False,450.0,,0,0,False,Bond,Bond,Bond,Bond,Bond
2026-10-08,TFI,42.36000061035156,42.61000061035156,42.34999847412109,42.54999923706055,2042600.0,250,86912628.44161987,73857529.87911224,43770420.16399323,-0.0227396341892934,-0.0569556265816427,-0.04877037695523,0.0,0.0,0.0,-0.0,-0.0,-0.0,-0.0,,43.89768699645996,44.50623158772787,-0.0094334350162158,43.77931534836988,45.31797647429791,0.9389209878157904,0.2747921955735144,0.0064581010693455,42.20437918711294,42.20437918711294,42.20437918711294,-0.0081226805204399,State Street SPDR Nuveen ICE Municipal Bond ETF,P,True,False,False,False,False,False,False,False,False,,False,,,3122414592.0,Bond,unknown,498.0,True,,False,True,305.0,True,True,False,451.0,,0,0,False,Bond,Bond,Bond,Bond,Bond
2026-10-08,IEF,89.06999969482422,89.48999786376953,88.93000030517578,89.44999694824219,10340900.0,250,924993473.4420776,1019040660.501976,763482253.8659959,-0.0155895900802539,-0.0346014376252973,-0.0433495750700818,0.0,0.0,0.0,-0.0,-0.0,-0.0,-0.0,,91.26118759155274,92.41877115885416,-0.0068931348863043,91.10574550086474,94.11082033108345,0.9504751593233975,0.5242728005968857,0.005861071196014,88.63999938964844,88.63999938964844,88.63999938964844,-0.0090553111931622,iShares 7-10 Year Treasury Bond ETF,Q,True,False,False,False,False,False,False,False,False,,False,,,47093366784.0,Bond,unknown,63.0,True,,False,True,43.0,True,True,False,452.0,,0,0,False,Bond,Bond,Bond,Bond,Bond
2026-10-08,BBEU,74.19999694824219,74.54000091552734,73.91000366210938,74.51000213623047,380600.0,250,28358506.81304932,24583227.58808136,21428931.422242664,-0.041071659314949,-0.036127401816738,-0.0015248811737751,0.0,0.0,0.0,-0.0,-0.0,-0.0,-0.0,-0.0,78.49475036621094,76.10529927571615,-0.0038810637739024,78.52835448187142,81.0194216414227,0.9196560605677768,0.904415426209772,0.012138174745401,73.91000366210938,73.91000366210938,73.91000366210938,-0.0080525896781493,JPMorgan BetaBuilders Europe ETF,Z,True,False,False,False,False,False,False,False,False,,False,,,9113485312.0,Country / Region,unknown,263.0,True,,False,True,395.0,True,True,False,453.0,,0,0,False,Country / Region,Country / Region,Country / Region,Country / Region,Country / Region
2026-10-08,VMBS,44.13999938964844,44.459999084472656,44.09999847412109,44.43000030517578,2587200.0,250,114949296.78955078,124998134.69619752,82169085.95272851,-0.0173275830648089,-0.0327403350503692,-0.0346363012241334,0.0,0.0,0.0,-0.0,-0.0,-0.0,-0.0,,45.35245185852051,45.724276835123696,-0.0063666991367329,45.34296180754273,46.38306169891384,0.9578927883972826,0.2927696002953045,0.006589457535097,43.95000076293945,43.95000076293945,43.95000076293945,-0.0108035007638839,Vanguard Mortgage-Backed Securities ETF,Q,True,False,False,False,False,False,False,False,False,,False,,,17337255936.0,Bond,unknown,150.0,True,,False,True,213.0,True,True,False,454.0,,0,0,False,Bond,Bond,Bond,Bond,Bond
2026-10-08,XLU,41.150001525878906,41.369998931884766,40.63999938964844,41.06999969482422,28810500.0,250,1183247226.2077332,1371514085.3518867,1026209867.622975,-0.0269994504294305,-0.0889234885571033,-0.1169424850797886,0.0,0.0,0.0,-0.0,-0.0,-0.0,-0.0,,42.07275260925293,43.95428688049317,-0.0236375605319111,42.64642462167629,46.81464269972483,0.8772896112494654,0.6051996339252437,0.0147358080940407,39.02999877929688,39.02999877929688,39.02999877929688,-0.0496713155755009,State Street Utilities Select Sector SPDR ETF,P,True,False,False,False,False,False,False,False,False,,False,,,23111417856.0,Sector,unknown,117.0,True,,False,True,31.0,True,True,False,455.0,,0,0,False,Sector,Sector,Sector,Sector,Sector
2026-10-08,VNQ,88.66000366210938,89.51000213623047,88.11000061035156,89.3499984741211,6074200.0,250,542729760.7315063,419650636.893158,328378020.80291265,-0.0424464538056376,-0.0739319121155657,-0.0200549596061705,0.0,0.0,0.0,-0.0,-0.0,-0.0,-0.0,,94.57490356445312,94.04185450236002,-0.0194164535654736,94.45081020412977,100.92466747196306,0.8853137762276262,1.1420902701269615,0.0127822080540689,88.11000061035156,88.11000061035156,88.11000061035156,-0.013877984162794,Vanguard Real Estate ETF,P,True,False,False,False,False,False,False,False,False,,False,,,71348019200.0,REIT / Infra,unknown,42.0,True,,False,True,81.0,True,True,False,456.0,,0,0,False,REIT / Infra,REIT / Infra,REIT / Infra,REIT / Infra,REIT / Infra
2026-10-08,FLXR,37.79999923706055,37.869998931884766,37.72499847412109,37.84999847412109,713600.0,250,27009758.91113281,26815877.199726105,19768924.81121487,-0.0098715965973308,-0.0139808485420165,-0.0059102461331825,0.0,0.0,0.0,-0.0,-0.0,-0.0,-0.0,,38.260888214111326,38.19940770467122,-0.0028518609643519,38.28704815276482,38.64438368219376,0.9794437087001936,0.2278536473648845,0.0060199116658002,36.02999877929688,36.02999877929688,36.02999877929688,-0.0480845381293368,TCW Flexible Income ETF,N,True,False,False,False,False,False,False,False,False,,False,,,3345479168.0,Bond,unknown,476.0,True,,False,True,402.0,True,True,False,457.0,,0,0,False,Bond,Bond,Bond,Bond,Bond
2026-10-08,IGIB,50.27999877929688,50.4900016784668,50.25,50.470001220703125,3793400.0,250,191452902.63061523,208045515.69957733,147165739.22693768,-0.0116493293541555,-0.0287965067702468,-0.0312383416278398,0.0,0.0,0.0,-0.0,-0.0,-0.0,-0.0,,51.28980598449707,51.7322671508789,-0.005745036673084,51.25403966545862,52.4838981628418,0.961628289577688,0.2607192411281225,0.0051658259326764,49.93999862670898,49.93999862670898,49.93999862670898,-0.0105013390365588,iShares 5-10 Year Investment Grade Corporate Bond ETF,Q,True,False,False,False,False,False,False,False,False,,False,,,18526003200.0,Bond,unknown,141.0,True,,False,True,143.0,True,True,False,458.0,,0,0,False,Bond,Bond,Bond,Bond,Bond
2026-10-08,PFF,29.299999237060547,29.38999938964844,29.229999542236328,29.3700008392334,4563700.0,250,134035872.83000946,101568266.25517844,84227219.87206595,-0.0147094157422011,-0.0238579014864951,-0.0202036083812424,0.0,0.0,0.0,-0.0,-0.0,-0.0,-0.0,,29.99358776092529,30.11936543782552,-0.002556783907297,30.136687488796525,31.03715366006736,0.9462852541475498,0.2291187575307708,0.0078011151169157,29.149999618530277,29.149999618530277,29.149999618530277,-0.0074906780530029,iShares Preferred and Income Securities ETF,Q,True,False,False,False,False,False,False,False,False,,False,,,13096669184.0,Other,unknown,197.0,True,,False,True,207.0,True,True,False,459.0,,0,0,False,Other,Other,Other,Other,Other
2026-10-08,IGF,62.11000061035156,62.400001525878906,61.86000061035156,62.290000915527344,460000.0,250,28653400.421142574,63016830.40687561,55967268.166932605,-0.0276302952001745,-0.0690480121614206,-0.0849393409704996,0.0,0.0,0.0,-0.0,-0.0,-0.0,-0.0,,64.44079978942871,65.72246793111165,-0.0150070477375556,64.5,68.12130013487128,0.9143982982151144,0.630000114440918,0.0101139846713965,60.90999984741211,60.90999984741211,60.90999984741211,-0.0221544557365905,iShares Global Infrastructure ETF,Q,True,False,False,False,False,False,False,False,False,,False,,,10779330560.0,REIT / Infra,unknown,228.0,True,,False,True,272.0,True,True,False,460.0,,0,0,False,REIT / Infra,REIT / Infra,REIT / Infra,REIT / Infra,REIT / Infra
2026-10-08,CGCP,21.190000534057617,21.280000686645508,21.16399955749512,21.270000457763672,2437900.0,250,51854134.115982056,57262363.55181694,39856245.47994099,-0.0141583601210846,-0.02785614831227,-0.0299599183230796,0.0,0.0,0.0,-0.0,-0.0,-0.0,-0.0,,21.64033737182617,21.796657371521,-0.0053156989326572,21.635210110680475,22.079692215003064,0.963328666479816,0.1101631673237744,0.0051792743278274,21.07999992370605,21.07999992370605,21.07999992370605,-0.008932794074683,Capital Group Core Plus Income ETF,P,True,False,False,False,False,False,False,False,False,,False,,,8320875520.0,Bond,unknown,275.0,True,,False,True,315.0,True,True,False,461.0,,0,0,False,Bond,Bond,Bond,Bond,Bond
2026-10-08,IFRA,56.61000061035156,56.86000061035156,56.2599983215332,56.70000076293945,349300.0,250,19805310.26649475,24185964.89315033,25408319.499230765,-0.019167249680052,-0.0774707659097349,-0.0442457589736401,0.0,0.0,0.0,-0.0,-0.0,-0.0,-0.0,,58.51574256896973,59.53296880086263,-0.0175818520684232,58.36549506364294,63.96014070023005,0.8864896190376191,0.7671850015165329,0.0135305994919489,54.54800033569336,54.54800033569336,54.54800033569336,-0.0379541516453152,iShares U.S. Infrastructure ETF,Z,True,False,False,False,False,False,False,False,False,,False,,,4618109440.0,REIT / Infra,unknown,397.0,True,,False,True,376.0,True,True,False,462.0,,0,0,False,REIT / Infra,REIT / Infra,REIT / Infra,REIT / Infra,REIT / Infra
2026-10-08,SUB,104.36000061035156,104.62000274658205,104.3499984741211,104.61000061035156,2225300.0,250,232788634.35821533,157400794.9559784,82821770.45793079,-0.0055421955710738,-0.0096194051999553,-0.0056358779319053,0.0,0.0,0.0,-0.0,-0.0,-0.0,-0.0,,105.3042544555664,105.30027196248372,-0.0019362817842933,105.34266349096396,105.96294201930834,0.9872319380419784,0.2561472440888032,0.0024485923199914,103.81610461261182,103.81610461261182,103.81610461261182,-0.007589102314384,iShares Short-Term National Muni Bond ETF,P,True,False,False,False,False,False,False,False,False,,False,,,11377924096.0,Bond,unknown,216.0,True,,False,True,212.0,True,True,False,463.0,,0,0,False,Bond,Bond,Bond,Bond,Bond
2026-10-08,CGCB,24.950000762939453,25.06999969482422,24.934999465942383,25.06999969482422,1256300.0,250,31495440.616607662,37097525.7513237,40481915.07882315,-0.0119256163164616,-0.026385350336164,-0.0296586814685693,0.0,0.0,0.0,-0.0,-0.0,-0.0,-0.0,,25.46615161895752,25.66367057800293,-0.0051612940760039,25.45227813720703,26.01238532477137,0.9637716565327932,0.1288082646972524,0.0051379444062715,24.850000381469727,24.850000381469727,24.850000381469727,-0.0087754015170535,Capital Group Core Bond ETF,P,True,False,False,False,False,False,False,False,False,,False,,,5556136960.0,Bond,unknown,364.0,True,,False,True,311.0,True,True,False,464.0,,0,0,False,Bond,Bond,Bond,Bond,Bond
2026-10-09,CGHM,24.049999237060547,24.125,24.040000915527344,24.06999969482422,1148370.0,251,27641265.549545288,36409682.44543457,19058181.8012946,-0.0262652575113754,-0.0562359333137644,-0.0356013141902714,0.0,0.0,0.0,-0.0,-0.0,-0.0,-0.0,,24.816176300048827,25.023602142333985,-0.0101806466363127,24.739183995047107,25.65259725565108,0.9383065369539444,0.174342004609668,0.0072431245043661,23.809999465942383,23.809999465942383,23.809999465942383,-0.0108018376476234,Capital Group Municipal High-Income ETF,P,True,False,False,False,False,False,False,False,False,,False,,,3181882880.0,Bond,unknown,491.0,True,,False,True,406.0,True,True,False,465.0,,0,0,False,Bond,Bond,Bond,Bond,Bond
2026-10-09,NXUS,24.243000030517575,24.270000457763672,24.239999771118164,24.26499938964844,8422.0,251,204359.82485961917,1582998.1652599336,3998965.883998447,0.0003857059043199,-0.0117817038385771,-0.0073884203711109,0.0148591786100533,0.0,0.0,5.731272923242525e-06,-0.0,-0.0,-0.0,,24.38703845977783,24.473464266459143,-0.0027186438105323,24.385273174355618,24.82682667492981,0.9773701531557912,0.082031864371004,0.0033806662449783,24.1110568880646,24.1110568880646,24.1110568880646,-0.0063442202949123,Nuveen International Aggregate Bond ETF,P,True,False,False,False,False,False,False,False,False,,False,,,3977026560.0,Bond,unknown,429.0,True,,False,True,464.0,False,False,False,466.0,,0,0,False,Bond,Bond,Bond,Bond,Bond
2026-10-08,FREI,23.68000030517578,23.799999237060547,23.649999618530277,23.76000022888184,14100.0,78,335016.0032272339,565324.603176117,727675.2419274951,-0.0193183627063515,-0.0335082632669638,,0.0,0.0,,-0.0,-0.0,,,,24.32646572113037,,-0.0076901265647558,24.39602372289637,,,0.1124403951966599,0.0047323398195923,23.635191454233404,23.635191454233404,23.635191454233404,-0.0052528945053089,Fidelity Real Estate Income ETF,Q,True,False,False,False,False,False,False,False,False,,False,,,4103114240.0,Bond,unknown,420.0,True,,False,True,466.0,False,False,False,,,0,0,False,Bond,Bond,Bond,Bond,Bond
2026-10-09,FIMU,19.0,19.209999084472656,19.0,19.072599411010746,8022.0,79,153000.39247512817,572261.3073987961,231969.4104745653,-0.0149274977551616,-0.0390255458108214,,0.0,0.0,,-0.0,-0.0,,,,19.473892707824707,,-0.0066843085572632,19.55144024111704,,,0.1663064275737239,0.0087196518937903,18.882076103873253,18.882076103873253,18.882076103873253,-0.0099893728710884,Fidelity Intermediate Municipal Income ETF,Q,True,False,False,False,False,False,False,False,False,,False,,,13629500416.0,Bond,unknown,189.0,True,,False,True,468.0,False,False,False,,,0,0,False,Bond,Bond,Bond,Bond,Bond
2026-10-09,DLCU,50.334999084472656,50.52000045776367,50.334999084472656,50.50310134887695,3202.0,47,161710.930519104,96930.03543281557,,0.0209589441259339,,,0.2140387076450552,,,0.0044860253143198,,,,,,,,50.54999923706055,,,0.2964777419345736,0.0058704858516806,49.52999877929688,48.79747009277344,48.79747009277344,-0.0337728022744774,U.S. Large Company Portfolio: ETF Class Shares,Q,True,False,False,False,False,False,False,False,False,,False,,,14329477120.0,Other,unknown,178.0,True,,False,True,,False,False,False,,,0,0,False,Other,Other,Other,Other,Other
