date,symbol,open,high,low,close,volume,history_days,dollar_volume,avg_dollar_vol_20,avg_dollar_vol_63,r20,r63,r126,er20,er63,er126,te20,te63,te126,score,surge_ratio,ma50,ma150,ma50_slope_10,hhv20,hhv126,hhv126_ratio,atr20,atr20_pct,low10,low20,suggested_stop,stop_distance_pct,name,exchange,is_etf,is_test_issue,exclude_leveraged,exclude_inverse,exclude_volatility,exclude_single_stock,exclude_option_income,exclude_buffer,exclude_by_name,exclude_reason,exclude_income_oriented,income_exclusion_reason_category,income_exclusion_matched_keyword,aum,asset_group,category,aum_rank,aum_eligible,manual_action,excluded_product_type,base_universe_eligible,dollar_vol_rank,liquidity_eligible,eligible_universe,signal_surge_v0,rank_score,signal_streak_start_date,signal_streak_trading_days,signal_streak_calendar_days,is_first_signal_today,group,Group,assetGroup,AssetGroup,Asset Group
2026-08-10,CALF,56.2400016784668,56.64500045776367,56.130001068115234,56.59999847412109,411959.0,251,23316878.77140045,24127615.7033062,25896262.471289866,0.0861846747108467,0.1692625411226012,0.2097760185601698,0.3634962439676545,0.2642863875264212,0.1907431973226631,0.0313278055449669,0.0447337855368345,0.0400133485017851,0.0430816325745672,1.3981306236394189,51.8364949798584,48.04971931457519,0.0294375076127555,56.64500045776367,56.64500045776367,0.9992055435911572,0.9478500366210938,0.016746467529579,53.5099983215332,51.43000030517578,51.43000030517578,-0.0913427262954638,Pacer US Small Cap Cash Cows ETF,Z,True,False,False,False,False,False,False,False,False,,False,,,3474337792.0,Factor / Style,unknown,464.0,True,,False,True,375.0,True,True,True,4.0,2026-08-10,1,0,True,Factor / Style,Factor / Style,Factor / Style,Factor / Style,Factor / Style
2026-08-10,FHLC,80.5999984741211,81.9000015258789,80.85220336914062,81.9000015258789,146649.0,251,12010553.323768616,15252288.34562416,15816171.963313632,0.0439771155110799,0.1830261466396077,0.0967653443795919,0.2462532340549044,0.2942616235309793,0.094662953214197,0.0108295069190095,0.05385757105879,0.0091600932677609,0.0382134538319298,1.9088636747797216,76.65363739013672,73.66365427652995,0.0238096982535673,81.9000015258789,81.9000015258789,1.0,1.2920001983642575,0.0157753379034554,77.97000122070312,76.56999969482422,76.56999969482422,-0.0650793862240711,Fidelity MSCI Health Care Index ETF,P,True,False,False,False,False,False,False,False,False,,False,,,3215685120.0,Country / Region,unknown,478.0,True,,False,True,421.0,True,True,True,5.0,2026-08-07,2,3,False,Country / Region,Country / Region,Country / Region,Country / Region,Country / Region
2026-08-10,VHT,312.0,316.8500061035156,311.4493103027344,316.7200012207031,204698.0,251,64831950.80987549,67590028.03182678,74225063.25593397,0.0432491354827087,0.1815530387166162,0.0954357516567252,0.2426534617727344,0.2905659290982458,0.0935621701165924,0.0104945524435572,0.0527531273753033,0.0089291760317114,0.0374147444050461,1.9034477290606109,296.5975036621094,285.16835489908857,0.0237609899645034,316.8500061035156,316.8500061035156,0.9995896958172378,5.117033386230469,0.0161563316699557,301.510009765625,296.3900146484375,296.3900146484375,-0.0641891465455599,Vanguard Health Care ETF,P,True,False,False,False,False,False,False,False,False,,False,,,20388290560.0,Sector,unknown,133.0,True,,False,True,230.0,True,True,True,6.0,2026-08-07,2,3,False,Sector,Sector,Sector,Sector,Sector
2026-08-10,IYH,69.91000366210938,71.1500015258789,69.88999938964844,71.13999938964844,585300.0,251,41638241.64276123,62425939.17617798,57187712.09401327,0.0461764616124771,0.1804086930944513,0.0862681838097443,0.2488111575269175,0.276353076359301,0.0821183835169069,0.0114892188642977,0.0498564973386126,0.0070842038033956,0.0348861946012866,2.045996738000481,66.57723503112793,64.29528622945149,0.0225783551754805,71.1500015258789,71.1500015258789,0.9998594218409562,1.203000259399414,0.0169103214748475,67.55999755859375,66.18000030517578,66.18000030517578,-0.0697216632981077,iShares U.S. Healthcare ETF,P,True,False,False,False,False,False,False,False,False,,False,,,3161404928.0,Sector,unknown,489.0,True,,False,True,271.0,True,True,True,7.0,2026-08-07,2,3,False,Sector,Sector,Sector,Sector,Sector
2026-08-10,XLV,165.67999267578125,168.5,165.5500030517578,168.44000244140625,6981902.0,251,1176031589.9256592,1599963558.4642549,1655503071.069958,0.0435536746161857,0.179056808726757,0.0771566045450065,0.2317835416469622,0.2734985034712354,0.0739567577153294,0.0100950249542789,0.0489717692231032,0.0057062523084725,0.0338288383029825,1.956472549861479,158.00203063964844,152.77590799967447,0.0226547833819652,168.52999877929688,168.52999877929688,0.999465992176215,2.9810020446777346,0.0176977083915366,160.72999572753906,157.22999572753906,157.22999572753906,-0.0665519268070938,State Street Health Care Select Sector SPDR ETF,P,True,False,False,False,False,False,False,False,False,,False,,,40598945792.0,Sector,unknown,77.0,True,,False,True,22.0,True,True,True,9.0,2026-08-05,4,5,False,Sector,Sector,Sector,Sector,Sector
2026-08-10,IBB,198.22999572753903,200.1999969482422,197.9499969482422,200.0200042724609,1899970.0,251,380032007.5175476,268789207.662941,283969160.4813034,0.0552360910162803,0.1771691783359743,0.1440979137871865,0.2766182174995908,0.2336952279308161,0.1021209764578485,0.0152793090385686,0.0414035915135409,0.0147154196614863,0.0320627313653218,2.463548933343569,183.7873779296875,175.09589182535808,0.0257329012552847,200.1999969482422,200.1999969482422,0.9991009356717034,3.5560012817382813,0.0177782282060868,184.25,184.25,184.25,-0.0788421354645084,iShares Biotechnology ETF,Q,True,False,False,False,False,False,False,False,False,,False,,,9087528960.0,Industry / Theme,unknown,263.0,True,,False,True,91.0,True,True,True,10.0,2026-08-07,2,3,False,Industry / Theme,Industry / Theme,Industry / Theme,Industry / Theme,Industry / Theme
2026-08-10,DFLV,41.52000045776367,41.84999847412109,41.4900016784668,41.84000015258789,705397.0,251,29513810.58763504,27068426.345269203,30188876.39331424,0.0441727095394088,0.1056326748020479,0.1394225090512477,0.4849329499813445,0.3241235748618938,0.1998894867987364,0.0214208023456146,0.0342380401790636,0.027869093782446,0.0320089089402475,1.48212115913936,39.97166603088379,37.64108019510905,0.0134993776316922,41.84999847412109,41.84999847412109,0.9997610914719772,0.3703502655029297,0.0088515837512496,40.119998931884766,39.7400016784668,39.7400016784668,-0.0501911679364849,Dimensional US Large Cap Value ETF,P,True,False,False,False,False,False,False,False,False,,False,,,6419725824.0,Factor / Style,unknown,333.0,True,,False,True,349.0,True,True,True,11.0,2026-08-07,2,3,False,Factor / Style,Factor / Style,Factor / Style,Factor / Style,Factor / Style
2026-08-10,PVAL,54.33000183105469,54.630001068115234,54.18659973144531,54.52000045776367,1560005.0,251,85051473.31411362,107068985.61459637,92198846.58598857,0.0510892920849848,0.1078953084358729,0.1196122431153725,0.4514480895979038,0.3027437129814733,0.1645851653498425,0.0230641633106756,0.0326646262891574,0.0196864008110091,0.0281222473718055,1.567771545937107,51.82666229248047,49.09879005432129,0.0146141934058907,54.630001068115234,54.630001068115234,0.9979864431960306,0.5167203903198242,0.0094776299703101,52.45500183105469,51.6150016784668,51.6150016784668,-0.0532831759887338,Putnam Focused Large Cap Value ETF,P,True,False,False,False,False,False,False,False,False,,False,,,11873768448.0,Factor / Style,unknown,206.0,True,,False,True,206.0,True,True,True,16.0,2026-08-04,5,6,False,Factor / Style,Factor / Style,Factor / Style,Factor / Style,Factor / Style
2026-08-10,XLF,57.540000915527344,58.02000045776367,57.45500183105469,57.810001373291016,26027208.0,251,1504632930.222931,1874976334.7355769,1896383546.2467651,0.0310326678783166,0.132172289596776,0.0746537692050932,0.2685187965100227,0.2891627645540804,0.0831221365258068,0.0083328546311808,0.0382193046572462,0.0062053807960318,0.0270144313058212,1.6141239271907744,54.86858726501465,52.624033762613934,0.0228923813003798,58.40999984741211,58.40999984741211,0.9897278124347114,0.6807498931884766,0.0117756422248243,56.18000030517578,55.45000076293945,55.45000076293945,-0.0408233965453928,State Street Financial Select Sector SPDR ETF,P,True,False,False,False,False,False,False,False,False,,False,,,51353821184.0,Sector,unknown,56.0,True,,False,True,19.0,True,True,True,17.0,2026-08-04,5,6,False,Sector,Sector,Sector,Sector,Sector
2026-08-10,KBWB,97.4250030517578,98.18000030517578,97.20999908447266,97.87000274658205,782857.0,251,76618216.74018097,177215077.28583106,159558037.26542264,0.0199041650722402,0.1540623516715169,0.0927332144969081,0.1168196432154472,0.2352636755335861,0.0715028994105809,0.0023251974622404,0.036245275115589,0.0066306937081922,0.0258801716230001,1.4289085692265278,94.12177780151367,87.0782282002767,0.0262003840893427,99.43000030517578,99.43000030517578,0.9843105948526026,1.6100006103515625,0.0164503991536649,94.1999969482422,94.1999969482422,94.1999969482422,-0.0374987809885191,Invesco KBW Bank ETF,Q,True,False,False,False,False,False,False,False,False,,False,,,6505184256.0,Other,unknown,327.0,True,,False,True,136.0,True,True,True,18.0,2026-08-10,1,0,True,Other,Other,Other,Other,Other
2026-08-10,VFH,140.63999938964844,141.625,140.55999755859375,141.1999969482422,397148.0,251,56077296.38800049,62997435.93443604,71881017.40120395,0.0288544979348268,0.1267150376864023,0.0716372465877306,0.2411685881078187,0.2782959968263735,0.0791262008630288,0.0069587985275021,0.0352642877258288,0.0056683831627751,0.02490572112876,1.551710467734915,134.2965756225586,128.74829528808593,0.0229028791550189,143.00999450683594,143.00999450683594,0.9873435589950516,1.599749755859375,0.0113296727367903,137.52999877929688,135.6999969482422,135.6999969482422,-0.0389518422016401,Vanguard Financials ETF,P,True,False,False,False,False,False,False,False,False,,False,,,13808313344.0,Sector,unknown,184.0,True,,False,True,238.0,True,True,True,23.0,2026-08-04,5,6,False,Sector,Sector,Sector,Sector,Sector
2026-08-10,EUFN,42.400001525878906,42.43000030517578,42.22999954223633,42.290000915527344,868611.0,251,36733559.98523712,56316385.214571,47881068.35418399,0.0644349711247673,0.1449406614443409,0.1401464141973762,0.3342038412906625,0.2162376999786291,0.0920349889324004,0.0215344148633501,0.0313416352641054,0.0128983736795711,0.0248864937095184,1.468633840835725,39.40704406738281,37.05753374735514,0.0252162776568505,42.7400016784668,42.7400016784668,0.9894712039010946,0.604000473022461,0.0142823471257172,40.18000030517578,39.65999984741211,39.65999984741211,-0.0621896668521847,iShares MSCI Europe Financials ETF,Q,True,False,False,False,False,False,False,False,False,,False,,,3689534976.0,Country / Region,unknown,448.0,True,,False,True,289.0,True,True,True,24.0,2026-08-07,2,3,False,Country / Region,Country / Region,Country / Region,Country / Region,Country / Region
2026-08-10,IYF,136.57000732421875,137.80999755859375,136.89999389648438,137.35000610351562,183492.0,251,25202627.31994629,67956390.42781067,46477730.33644419,0.0303826178472423,0.1234612016184864,0.0678809076412927,0.2734632816500462,0.2757146416882819,0.0748215442989111,0.0083085303816261,0.0340400609666457,0.0050789543381332,0.0239036736466663,1.7403689202926622,130.6899464416504,125.50244186401368,0.0215731072768681,138.44000244140625,138.44000244140625,0.99212657961089,1.525000762939453,0.0111030265392934,132.9499969482422,132.00999450683594,132.00999450683594,-0.0388788595513793,iShares U.S. Financial ETF,P,True,False,False,False,False,False,False,False,False,,False,,,3903197184.0,Other,unknown,434.0,True,,False,True,291.0,True,True,True,27.0,2026-08-04,5,6,False,Other,Other,Other,Other,Other
2026-08-10,IXJ,102.25,103.55999755859376,102.306396484375,103.51000213623048,68959.0,251,7137946.237312317,14898148.208777238,23734304.549155705,0.0433424361600545,0.1400424262005526,0.0405329063398953,0.2471269155723149,0.23564742036038,0.0406719996724685,0.0107110825616242,0.0330006364751691,0.0016485543533804,0.022027407732543,2.278942175746702,97.81826889038086,96.13930643717448,0.0180611698867059,103.55999755859376,103.55999755859376,0.999517232294883,1.5754997253417968,0.0152207486506305,99.29000091552734,97.12000274658205,97.12000274658205,-0.0617331587071025,iShares Global Healthcare ETF,P,True,False,False,False,False,False,False,False,False,,False,,,3844812544.0,Sector,unknown,440.0,True,,False,True,385.0,True,True,True,30.0,2026-08-07,2,3,False,Sector,Sector,Sector,Sector,Sector
2026-08-10,FMDE,42.2599983215332,42.45000076293945,42.22499847412109,42.369998931884766,646445.0,251,27389873.959522247,41100680.989007,36561009.46068809,0.046172813132957,0.0940202905688254,0.1364942224416006,0.4221219894652272,0.233358033099969,0.1509727792039175,0.01949055973889,0.0219403900786286,0.0206069121072861,0.0214736727886587,1.5354987826844462,40.472318725585936,38.39675821940104,0.0142668932895326,42.49700164794922,42.49700164794922,0.997011489960714,0.4276002883911133,0.0100920533200516,40.54999923706055,40.25,40.25,-0.0500353784594834,Fidelity Enhanced Mid Cap Core ETF,P,True,False,False,False,False,False,False,False,False,,False,,,7389860352.0,Factor / Style,unknown,297.0,True,,False,True,323.0,True,True,True,32.0,2026-08-10,1,0,True,Factor / Style,Factor / Style,Factor / Style,Factor / Style,Factor / Style
2026-08-10,JAVA,83.48999786376953,83.75499725341797,83.41000366210938,83.66999816894531,278538.0,251,23305273.94998169,39145495.98120575,35663206.92654225,0.0391207359315028,0.1001596450210595,0.0949006244455257,0.3264254931244431,0.2636474110518613,0.1271998916614076,0.0127700055178319,0.0264068311016758,0.0120713491480708,0.021389412417914,1.5223218282253417,79.79057632446289,76.17497650146484,0.0155195839508102,83.76000213623047,83.76000213623047,0.9989254540951568,0.7550491333007813,0.0090241323033878,80.11000061035156,79.30000305175781,79.30000305175781,-0.0522289376457696,JPMorgan Active Value ETF,P,True,False,False,False,False,False,False,False,False,,False,,,6685886976.0,Factor / Style,unknown,323.0,True,,False,True,329.0,True,True,True,33.0,2026-08-07,2,3,False,Factor / Style,Factor / Style,Factor / Style,Factor / Style,Factor / Style
2026-08-10,COWZ,69.19999694824219,70.04000091552734,69.11750030517578,70.0199966430664,837842.0,251,58665694.02742005,67905785.06338577,62298502.42010595,0.0850766770125972,0.1077235795663194,0.0990253244402958,0.4423851425332425,0.2346938332770817,0.1308058979380437,0.0376366578864724,0.0252820598227482,0.012953096482019,0.0209669226534929,2.8584175430295367,64.61430885314941,63.35762288411458,0.0138198699382294,70.04000091552734,70.04000091552734,0.9997143878897852,1.032374382019043,0.0147439935948821,65.91000366210938,63.52999877929688,63.52999877929688,-0.0926877774195408,Pacer US Cash Cows 100 ETF,Z,True,False,False,False,False,False,False,False,False,,False,,,17594638336.0,Other,unknown,149.0,True,,False,True,257.0,True,True,True,35.0,2026-08-07,2,3,False,Other,Other,Other,Other,Other
2026-08-10,VOE,207.1499938964844,207.9403076171875,206.8954925537109,207.6999969482422,156150.0,251,32432354.523468018,55177091.16474152,54850607.7635871,0.0267945333283246,0.0882994489354644,0.0978358196797073,0.2849625791317588,0.2751018866815344,0.142315789720676,0.0076354393238712,0.024291344995086,0.0139235819406872,0.0206626279260464,1.61100372293491,200.1811474609375,191.6363144938151,0.0144724440453842,208.2400054931641,208.2400054931641,0.99740679729794,2.079241943359375,0.0100107942894072,203.25,200.7899932861328,200.7899932861328,-0.0332691563006199,Vanguard Morningstar Mid-Cap Value ETF,P,True,False,False,False,False,False,False,False,False,,False,,,37230292992.0,Factor / Style,unknown,82.0,True,,False,True,276.0,True,True,True,36.0,2026-08-07,2,3,False,Factor / Style,Factor / Style,Factor / Style,Factor / Style,Factor / Style
2026-08-10,VIG,245.22999572753903,246.05499267578125,245.16000366210935,245.7899932861328,925133.0,251,227388433.8587799,252754011.92365187,260957482.04010716,0.0306524559273531,0.0823404489348635,0.0796067299833904,0.2977593526051799,0.2847378642220457,0.1292672704498945,0.0091270554326874,0.0234454435687974,0.0102905446943946,0.0188412289627564,1.6275940861469729,237.1477130126953,227.72141326904296,0.0100477682794271,246.05499267578125,246.05499267578125,0.998923007467694,1.986249542236328,0.008081083837795,237.1999969482422,235.3600006103516,235.3600006103516,-0.0424345700015513,Vanguard Div Appreciation ETF,P,True,False,False,False,False,False,False,False,False,,False,,,129462992896.0,Other,unknown,20.0,True,,False,True,97.0,True,True,True,41.0,2026-08-07,2,3,False,Other,Other,Other,Other,Other
2026-08-10,MOAT,112.04000091552734,113.04000091552734,112.04000091552734,113.02999877929688,676210.0,251,76432015.47454834,70769331.99305725,80066664.75201319,0.0624118754369924,0.1132670160372835,0.0710698387828596,0.388303919276573,0.2283558351990202,0.0798042043333137,0.0242347758415854,0.0258651840476947,0.0056716719361629,0.0187974548086586,2.1607902503013383,105.2517999267578,103.26786661783854,0.0172617416395677,113.04000091552734,113.04000091552734,0.999911516842273,1.4580001831054688,0.0128992320521242,106.61000061035156,103.41000366210938,103.41000366210938,-0.0851101054682975,VanEck Morningstar Wide Moat ETF,Z,True,False,False,False,False,False,False,False,False,,False,,,11624555520.0,Other,unknown,208.0,True,,False,True,222.0,True,True,True,42.0,2026-08-07,2,3,False,Other,Other,Other,Other,Other
2026-08-10,RSP,220.27999877929688,220.4149932861328,219.41000366210935,220.22000122070312,6167420.0,251,1358189239.9285889,1800048131.6732483,2029855634.2472768,0.0279606292891974,0.0831595155196192,0.0976926632920303,0.2482390413960438,0.2227868533394242,0.1284934621443814,0.0069409198115805,0.0185268467878469,0.0125528685324982,0.0164359543984749,1.3051716584540407,212.69596221923828,203.16730550130208,0.0132946951746601,221.08999633789065,221.08999633789065,0.9960649729449635,2.129749298095703,0.0096710075664802,213.05999755859372,211.2700042724609,211.2700042724609,-0.0406411629217663,Invesco S&P 500 Equal Weight ETF,P,True,False,False,False,False,False,False,False,False,,False,,,93655826432.0,Factor / Style,unknown,34.0,True,,False,True,17.0,True,True,True,51.0,2026-08-07,2,3,False,Factor / Style,Factor / Style,Factor / Style,Factor / Style,Factor / Style
2026-08-10,DIA,538.7000122070312,540.02001953125,537.9199829101562,538.989990234375,3092319.0,251,1666728987.6115725,2096178722.6776977,2406930130.825542,0.0279770294451668,0.0902632089199775,0.0837362045734002,0.1972946038198657,0.2224042875549295,0.1035381341577657,0.0055197169404409,0.0200749246722693,0.0086698903829828,0.016083162671019,1.325087182582658,520.6292962646485,496.5618212890625,0.012403476952095,546.75,546.75,0.9858070237482852,6.015314638800987,0.0111603457351504,514.8200073242188,514.719970703125,514.719970703125,-0.0450287017773677,State Street SPDR Dow Jones Industrial Average ETF Trust,P,True,False,False,False,False,False,False,False,False,,False,,,44062826496.0,US Equity,unknown,69.0,True,,False,True,13.0,True,True,True,55.0,2026-08-07,2,3,False,US Equity,US Equity,US Equity,US Equity,US Equity
2026-08-10,FTCS,100.0500030517578,100.7699966430664,100.0500030517578,100.65470123291016,406444.0,251,40910499.387908936,50911722.520779416,61891221.60888817,0.0383195656896047,0.0934733554713189,0.0217000101836897,0.2832474387233728,0.2413008676987305,0.0323977338420626,0.0108539188345725,0.0225552017819411,0.0007030311543012,0.0149069420622671,2.391954313265077,95.81530639648436,94.95487314860026,0.0136915579334075,101.12000274658205,101.12000274658205,0.9953985215483234,1.2994987487792968,0.0129104625304318,97.81999969482422,95.72000122070312,95.72000122070312,-0.0490260261245858,First Trust Capital Strength ETF,Q,True,False,False,False,False,False,False,False,False,,False,,,7646184448.0,Other,unknown,293.0,True,,False,True,258.0,True,True,True,63.0,2026-08-07,2,3,False,Other,Other,Other,Other,Other
2026-08-10,VO,82.59500122070312,82.87000274658203,82.52870178222656,82.7300033569336,2116014.0,251,175057845.32331848,308604805.4060814,241262617.41007465,0.0233796029770116,0.0757296272222738,0.1064893726443858,0.2543750930570459,0.203579551985296,0.1310864387063078,0.0059471886829141,0.0154170035819239,0.0139593126200214,0.0149068117452581,1.4379060954327438,80.34312759399414,76.59921712239583,0.0115840660565627,83.33999633789062,83.33999633789062,0.9926806694533092,0.8330642700195312,0.0100696752836492,80.0999984741211,79.87000274658203,79.87000274658203,-0.0345702948664495,Vanguard Morningstar Mid-Cap ETF,P,True,False,False,False,False,False,False,False,False,,False,,,223974162432.0,Other,unknown,11.0,True,,False,True,103.0,True,True,True,64.0,2026-08-10,1,0,True,Other,Other,Other,Other,Other
2026-08-10,DBEF,56.27000045776367,56.70869827270508,56.15010070800781,56.220001220703125,569148.0,251,31997501.254760742,21077740.585408784,23125109.40798369,0.0330761321632124,0.0824028245505814,0.1034347473768246,0.2960537873502351,0.2005626595082324,0.1094496686045438,0.0097923141978159,0.0165269296428548,0.0113208988225881,0.0147048188557615,1.48631934309227,54.35099998474121,51.948933334350585,0.0109519308226035,56.70869827270508,56.70869827270508,0.9913823263998784,0.6349296569824219,0.0112936613873392,54.38999938964844,53.52999877929688,53.52999877929688,-0.0478477834044523,Xtrackers MSCI EAFE Hedged Equity ETF,P,True,False,False,False,False,False,False,False,False,,False,,,9039409152.0,Country / Region,unknown,266.0,True,,False,True,389.0,True,True,True,67.0,2026-08-07,2,3,False,Country / Region,Country / Region,Country / Region,Country / Region,Country / Region
2026-08-10,USMV,100.69000244140624,101.06999969482422,100.54000091552734,100.83000183105467,1480490.0,251,149277809.41085815,234645534.39102173,218906987.8097413,0.0307708254510425,0.0756771517323697,0.0576090894271741,0.298907867671292,0.2514826708658657,0.1019392832478445,0.0091976418220566,0.0190314922411777,0.0058726292847671,0.014425890206434,2.586491312697799,96.84058624267578,95.14713500976562,0.007372466971701,101.06999969482422,101.06999969482422,0.9976254292619552,0.8900005340576171,0.0088267432103081,96.91000366210938,95.79000091552734,95.79000091552734,-0.0499851316473454,iShares MSCI USA Min Vol Factor ETF,Z,True,False,False,False,False,False,False,False,False,,False,,,23007752192.0,Country / Region,unknown,118.0,True,,False,True,112.0,True,True,True,68.0,2026-08-06,3,4,False,Country / Region,Country / Region,Country / Region,Country / Region,Country / Region
2026-08-10,HEFA,47.68000030517578,47.6349983215332,47.52000045776367,47.56999969482422,473122.0,251,22506413.395614624,30069432.523456573,25252629.96193901,0.0321110769654278,0.080928311707584,0.1011418234047969,0.2761198756804729,0.2003234754428154,0.1095452949594353,0.00886650657966,0.0162118406629827,0.0110796108776136,0.0144155602381035,1.4843202879538522,45.98332939147949,43.9809986114502,0.0109043351646311,47.70000076293945,47.70000076293945,0.9972746107749282,0.5254995346069335,0.0110468685721709,46.08000183105469,45.560001373291016,45.560001373291016,-0.0422534861136839,iShares Currency Hedged MSCI EAFE ETF,Z,True,False,False,False,False,False,False,False,False,,False,,,7331655168.0,Country / Region,unknown,300.0,True,,False,True,380.0,True,True,True,69.0,2026-08-07,2,3,False,Country / Region,Country / Region,Country / Region,Country / Region,Country / Region
2026-08-10,ACWV,126.3499984741211,126.79000091552734,126.38999938964844,126.5,76022.0,251,9616783.0,11544611.349935912,12394460.971611386,0.0350188081864613,0.0546657484159762,0.0385299264787861,0.4045378434859361,0.2156263634855954,0.0729560959781094,0.0141664331451987,0.0117873765381554,0.0028109930142158,0.0086456423047765,2.1848627744106075,121.81599868774414,120.62807612101236,0.0074495328196741,126.79000091552734,126.79000091552734,0.9977127461674162,0.9679996490478516,0.0076521711387181,123.5,120.6500015258789,120.6500015258789,-0.0462450472262536,iShares MSCI Global Min Vol Factor ETF,Z,True,False,False,False,False,False,False,False,False,,False,,,3240488448.0,Country / Region,unknown,476.0,True,,False,True,438.0,True,True,True,172.0,2026-08-07,2,3,False,Country / Region,Country / Region,Country / Region,Country / Region,Country / Region
2026-08-10,CIBR,97.88999938964844,101.17870330810548,97.56999969482422,100.5999984741211,2151704.0,251,216461419.11676025,132733838.29718477,142061055.70576647,0.0953833023250714,0.3367831318790888,0.5024817565822952,0.3151078694429968,0.2846137422746056,0.2217392624830507,0.0300560291760904,0.0958531074990695,0.1114199341157459,0.1013014968149062,0.8954890575703852,89.97094497680663,75.69521942138672,0.0292544442821651,101.17870330810548,101.17870330810548,0.9942803691383342,2.620785140991211,0.0260515425521144,86.83999633789062,86.83999633789062,86.83999633789062,-0.1367793473652007,First Trust NASDAQ Cybersecurity ETF,Q,True,False,False,False,False,False,False,False,False,,False,,,13836617728.0,Industry / Theme,unknown,180.0,True,,False,True,148.0,True,True,False,1.0,,0,0,False,Industry / Theme,Industry / Theme,Industry / Theme,Industry / Theme,Industry / Theme
2026-08-10,VFLO,51.54999923706055,52.7400016784668,51.459999084472656,52.7400016784668,2015597.0,251,106302589.16311264,84271169.51386929,56938338.23355266,0.1031479289298724,0.2117487295481153,0.3104550435525315,0.5768344688767112,0.3388134506002699,0.2703253535568956,0.0594992807999957,0.0717433177184202,0.0839238694118595,0.076006510811124,1.4050486039730212,47.4606583404541,42.88008382161458,0.0305598015280703,52.7400016784668,52.7400016784668,1.0,0.785266281222551,0.0148893867317256,48.78799620321546,47.2739897234942,47.2739897234942,-0.1036407239479537,VictoryShares Free Cash Flow ETF,Q,True,False,False,False,False,False,False,False,False,,False,,,7757980672.0,Factor / Style,unknown,291.0,True,,False,True,272.0,True,True,False,2.0,,0,0,False,Factor / Style,Factor / Style,Factor / Style,Factor / Style,Factor / Style
2026-08-10,FELV,42.84000015258789,43.119998931884766,42.84000015258789,43.060001373291016,147053.0,251,6332102.381946564,7587379.931643104,6405643.528512198,0.0507565118176958,0.1285921134774919,0.1851724108242864,0.5,0.3497278502576836,0.2443321970827846,0.0253782559088479,0.0449722434065753,0.0452435819758139,0.0450672119058088,1.1523699921837829,40.63840049743652,37.7186528523763,0.0188167930834393,43.119998931884766,43.119998931884766,0.9986085909072372,0.3906499862670898,0.0090722241943401,41.33000183105469,40.79999923706055,40.79999923706055,-0.0524849527207003,Fidelity Enhanced Large Cap Value ETF,P,True,False,False,False,False,False,False,False,False,,False,,,3197805568.0,Factor / Style,unknown,483.0,True,,False,True,462.0,True,True,False,3.0,,0,0,False,Factor / Style,Factor / Style,Factor / Style,Factor / Style,Factor / Style
2026-08-10,IWX,112.4499969482422,113.24829864501952,112.66000366210938,113.16999816894533,572104.0,251,64745008.63244629,51639314.31177978,36000534.300192215,0.0473854231613017,0.1159320941391932,0.1677568073469695,0.411575594253171,0.2946850535992317,0.214582251029722,0.0195026836965507,0.0341634553752793,0.0359976333460721,0.0348054176650568,1.103064550644946,106.99996627807616,99.86810424804688,0.0168514182074941,113.24829864501952,113.24829864501952,0.9993085946807938,0.990414810180664,0.0087515669011687,108.5199966430664,107.08999633789062,107.08999633789062,-0.0537245023365484,iShares Russell Top 200 Value ETF,P,True,False,False,False,False,False,False,False,False,,False,,,3556921344.0,Factor / Style,unknown,455.0,True,,False,True,327.0,True,True,False,8.0,,0,0,False,Factor / Style,Factor / Style,Factor / Style,Factor / Style,Factor / Style
2026-08-10,VONV,112.91999816894533,113.33999633789062,112.81999969482422,113.29000091552734,557077.0,251,63111253.840019226,87311779.65241203,95320012.83068204,0.0434742676058803,0.1083802916722866,0.1591316956971027,0.3993235523827351,0.2846114492370115,0.2033729740083471,0.0173602989776178,0.0308462718815795,0.032363086212911,0.0313771568975455,1.136538075742909,107.6533071899414,100.714979095459,0.0165971335743746,113.33999633789062,113.33999633789062,0.9995588898537262,1.0170005798339845,0.0089769668250977,108.87000274658205,107.66999816894533,107.66999816894533,-0.0496072265969217,Vanguard Russell 1000 Value ETF,Q,True,False,False,False,False,False,False,False,False,,False,,,21457317888.0,Factor / Style,unknown,127.0,True,,False,True,202.0,True,True,False,12.0,,0,0,False,Factor / Style,Factor / Style,Factor / Style,Factor / Style,Factor / Style
2026-08-10,IWD,257.2099914550781,258.44000244140625,257.1050109863281,258.3099975585937,1147968.0,251,296531611.2773437,431270198.5286499,515619745.56155056,0.0431709985146682,0.1078427600006597,0.1582592439001811,0.396954817478296,0.2856611918948322,0.2031992201806371,0.0171369358357459,0.0308064913590167,0.032158154946894,0.0312795736147738,1.1326228562650993,245.49945434570316,229.7404565429688,0.0165335983500498,258.44000244140625,258.44000244140625,0.9994969630026916,2.301248931884765,0.0089088651373734,248.3000030517578,245.5399932861328,245.5399932861328,-0.0494367403242465,iShares Russell 1000 Value ETF,P,True,False,False,False,False,False,False,False,False,,False,,,79741509632.0,Factor / Style,unknown,36.0,True,,False,True,61.0,True,True,False,13.0,,0,0,False,Factor / Style,Factor / Style,Factor / Style,Factor / Style,Factor / Style
2026-08-10,XBI,155.97999572753906,158.5500030517578,155.0,158.02999877929688,6959140.0,251,1099752885.704956,1224838942.4300842,1290942340.9468296,0.017316869478708,0.1742641498908637,0.2603388169699818,0.0667328852475399,0.1679977150797088,0.1306927931251083,0.0011556046637692,0.0292759790019729,0.0340244071486932,0.030937928853325,1.5975936468057377,147.8310304260254,134.60558166503907,0.027755304236001,158.5500030517578,165.7100067138672,0.953653927805148,4.194502258300782,0.0265424431481441,143.77999877929688,143.77999877929688,143.77999877929688,-0.0901727527056518,State Street SPDR S&P Biotech ETF,P,True,False,False,False,False,False,False,False,False,,False,,,10734887936.0,Industry / Theme,unknown,230.0,True,,False,True,27.0,True,True,False,14.0,,0,0,False,Industry / Theme,Industry / Theme,Industry / Theme,Industry / Theme,Industry / Theme
2026-08-10,RSPT,64.81999969482422,65.24800109863281,64.44999694824219,64.56999969482422,743747.0,251,48023743.56302643,43005383.43229027,45175315.427416,0.0468547239842658,0.1111514609883097,0.3821026978075237,0.181875274578859,0.0978058879916635,0.1679042058655938,0.008521715789955,0.0108712673435323,0.0641566500344732,0.0295211512853616,0.5187107050569452,62.33294120788574,53.81156639099121,0.0077381147169972,65.24800109863281,67.4446029663086,0.9573783053787068,1.58490047454834,0.0245454620108257,57.93999862670898,57.93999862670898,57.93999862670898,-0.1026792798428134,Invesco S&P 500 Equal Weight Technology ETF,P,True,False,False,False,False,False,False,False,False,,False,,,5687853056.0,Sector,unknown,358.0,True,,False,True,297.0,True,True,False,15.0,,0,0,False,Sector,Sector,Sector,Sector,Sector
2026-08-10,JQUA,74.48999786376953,74.90499877929688,74.48999786376953,74.68000030517578,308767.0,251,23058719.65422821,33000726.423957445,37320131.26504311,0.0350658174052762,0.0978991377497371,0.1719936527557386,0.3166454367849238,0.2208627705014271,0.1949941731942501,0.011103431068514,0.0216222747931077,0.0335377601137642,0.0257926946553375,0.9136067571706726,71.73847595214843,66.80841735839844,0.0120299006339819,74.90499877929688,74.90499877929688,0.9969962155024656,0.7119499206542969,0.0095333411588772,71.3499984741211,70.94000244140625,70.94000244140625,-0.0500803139861574,JPMorgan U.S. Quality Factor ETF,P,True,False,False,False,False,False,False,False,False,,False,,,8162030080.0,Factor / Style,unknown,279.0,True,,False,True,318.0,True,True,False,19.0,,0,0,False,Factor / Style,Factor / Style,Factor / Style,Factor / Style,Factor / Style
2026-08-10,DFUV,56.91999816894531,57.27370071411133,56.935001373291016,57.25,281051.0,251,16090169.75,22931014.193047334,22429691.07457382,0.0405307074460712,0.096696394212957,0.141687527847556,0.3975051423714407,0.2633284922653691,0.1848946873160685,0.0161111646337657,0.0254629156955957,0.0261972711579606,0.0257199401074234,1.1965748890614212,54.94821304321289,51.486405817667645,0.0128344816281862,57.27370071411133,57.27370071411133,0.9995861850410256,0.4956846237182617,0.0086582467025023,54.80500030517578,54.54499816894531,54.54499816894531,-0.0472489402804312,Dimensional US Marketwide Value ETF,P,True,False,False,False,False,False,False,False,False,,False,,,15314369536.0,Factor / Style,unknown,168.0,True,,False,True,392.0,True,True,False,20.0,,0,0,False,Factor / Style,Factor / Style,Factor / Style,Factor / Style,Factor / Style
2026-08-10,EWT,102.5199966430664,102.70999908447266,101.91999816894533,102.18000030517578,3677350.0,251,375751624.12223816,605337574.6971703,662663603.3877963,0.0029446707876481,0.0631567959242156,0.4586723176825287,0.0073566251346556,0.0432428457390273,0.1469471109902566,2.166283912969875e-05,0.002731079583522,0.0674005719746528,0.0253654019204178,0.1658791854393399,102.31400024414064,85.59340006510416,0.0047175007531954,103.25,112.77999877929688,0.9060117167152608,3.015498352050781,0.0295116298986547,89.26000213623047,89.26000213623047,89.26000213623047,-0.126443512726148,iShares MSCI Taiwan ETF,P,True,False,False,False,False,False,False,False,False,,False,,,11151458304.0,Country / Region,unknown,221.0,True,,False,True,46.0,True,True,False,21.0,,0,0,False,Country / Region,Country / Region,Country / Region,Country / Region,Country / Region
2026-08-10,IGV,102.20999908447266,105.47840118408205,102.1500015258789,105.01000213623048,9092663.0,251,954820561.0540236,1285614950.3532689,1631749649.9837084,0.1327940193445898,0.1522730942966552,0.2737047192756805,0.3906695776668787,0.1372491967943913,0.1190901747404815,0.0518785834540382,0.0208993598856125,0.0325955428458352,0.0249930239216904,1.7170448210850984,93.7883805847168,89.65791147867839,0.0108282583927867,105.47840118408205,108.03974270184716,0.9719571660404844,2.8594200134277346,0.0272299776712525,89.62999725341797,86.77999877929688,86.77999877929688,-0.1736025424824164,iShares Expanded Tech-Software Sector ETF,Z,True,False,False,False,False,False,False,False,False,,False,,,13542322176.0,Industry / Theme,unknown,191.0,True,,False,True,23.0,True,True,False,22.0,,0,0,False,Industry / Theme,Industry / Theme,Industry / Theme,Industry / Theme,Industry / Theme
2026-08-10,RWL,134.10000610351562,134.7895050048828,134.05499267578125,134.75999450683594,350344.0,251,47212355.51550293,36196533.30136414,33613035.433248855,0.0308268867972427,0.0867129031138727,0.1232108333327504,0.3000738510481168,0.2876216519565328,0.1902766362985453,0.0092503426370729,0.0249405084395588,0.0234441429220964,0.024416780508447,1.1051975636224898,129.4418438720703,122.56630518595378,0.0121160799825219,134.7895050048828,134.7895050048828,0.9997810623457234,1.2037254333496097,0.0089323648146078,129.99000549316406,128.83999633789062,128.83999633789062,-0.0439299377430963,Invesco S&P 500 Revenue ETF,P,True,False,False,False,False,False,False,False,False,,False,,,9220293632.0,US Equity,unknown,259.0,True,,False,True,335.0,True,True,False,25.0,,0,0,False,US Equity,US Equity,US Equity,US Equity,US Equity
2026-08-10,VLUE,197.22999572753903,198.67999267578125,196.2400054931641,197.4900054931641,369031.0,251,72879934.21714783,155558738.9374199,271057214.9915314,0.0191454574116942,0.0854172301228386,0.3105443150870246,0.0906426393467619,0.0947075255535415,0.1743519917290163,0.0017353947912969,0.0080896545045714,0.0541440198555459,0.0242086823774125,0.2244239048163048,195.9007464599609,168.29995045979817,0.009378557561674,199.3999938964844,206.57000732421875,0.9560439487383892,3.824498748779297,0.0193655306213036,188.1300048828125,187.88999938964844,187.88999938964844,-0.0486100857587343,iShares MSCI USA Value Factor ETF,Z,True,False,False,False,False,False,False,False,False,,False,,,10583302144.0,Country / Region,unknown,235.0,True,,False,True,94.0,True,True,False,26.0,,0,0,False,Country / Region,Country / Region,Country / Region,Country / Region,Country / Region
2026-08-10,VTV,223.9149932861328,225.30999755859372,223.91000366210935,225.0200042724609,2839594.0,251,638965454.0120544,649857539.0384934,624495854.1805289,0.0258023506854525,0.0922028598897539,0.1016991684948742,0.257038993724638,0.279710861954378,0.1517855221473029,0.0066322102559189,0.0257901414144218,0.015436461391941,0.0221663534065535,1.1764188601676495,217.8042086791992,206.3428438313802,0.0131206509243628,225.30999755859372,225.30999755859372,0.998712914254693,2.0504997253417967,0.0091125219376451,218.1499938964844,216.6100006103516,216.6100006103516,-0.0373744711689112,Vanguard Morningstar Value ETF,P,True,False,False,False,False,False,False,False,False,,False,,,254461837312.0,Factor / Style,unknown,10.0,True,,False,True,50.0,True,True,False,28.0,,0,0,False,Factor / Style,Factor / Style,Factor / Style,Factor / Style,Factor / Style
2026-08-10,QTEC,317.1300048828125,319.0899963378906,315.7300109863281,315.8500061035156,111798.0,251,35311398.98236084,77769028.83186951,91712733.11450486,0.0116912035674872,0.0711160042005227,0.3843581486646001,0.0347917073311211,0.0534840196132303,0.1460004274004106,0.0004067569328685,0.0038035697634753,0.0561164539798622,0.0221130792392107,0.160286101050575,314.67796508789064,267.40463572184245,0.0036693138011407,323.4100036621094,340.1946629053564,0.928439039595946,9.074502563476562,0.0287304175656799,285.2099914550781,285.2099914550781,285.2099914550781,-0.0970081179558237,First Trust NASDAQ-100-Technology Sector Index Fund,Q,True,False,False,False,False,False,False,False,False,,False,,,4991772672.0,Sector,unknown,376.0,True,,False,True,208.0,True,True,False,29.0,,0,0,False,Sector,Sector,Sector,Sector,Sector
2026-08-10,MGV,166.66000366210938,167.4499969482422,166.91000366210938,167.3000030517578,178774.0,251,29908890.74557495,34999276.041871645,39048037.15474011,0.0239304956038644,0.0926230571716657,0.1030982143351206,0.2230460426444577,0.2677829391076716,0.1498609373660961,0.0053376023429625,0.0248028744785665,0.0154503950410318,0.0215295066754294,1.0426637612404306,162.35912261962892,153.17091512044271,0.0122763417225761,167.4499969482422,167.4499969482422,0.9991042466454584,1.4750022888183594,0.0088165108303198,161.8800048828125,160.8300018310547,160.8300018310547,-0.0386730490297808,Vanguard Morningstar Mega Cap Value ETF,P,True,False,False,False,False,False,False,False,False,,False,,,13311754240.0,Factor / Style,unknown,193.0,True,,False,True,313.0,True,True,False,31.0,,0,0,False,Factor / Style,Factor / Style,Factor / Style,Factor / Style,Factor / Style
2026-08-10,IMCG,99.16000366210938,99.34400177001952,98.91999816894533,98.94000244140624,100302.0,251,9923880.12487793,11643989.987994384,9460765.353457496,0.0253912802557607,0.099688348832224,0.198766685724401,0.1736363179218599,0.1605435027236317,0.1544967694305683,0.0044088484109323,0.0160043167022604,0.030708810814841,0.0211508896416636,0.9515300155968692,95.99187850952148,87.98639195760092,0.0135481516704791,99.44000244140624,99.44000244140624,0.994971842440424,1.3017002105712892,0.0131564602633012,93.93000030517578,93.93000030517578,93.93000030517578,-0.050636769886856,iShares Morningstar Mid-Cap Growth ETF,P,True,False,False,False,False,False,False,False,False,,False,,,4006894848.0,Factor / Style,unknown,421.0,True,,False,True,456.0,True,True,False,34.0,,0,0,False,Factor / Style,Factor / Style,Factor / Style,Factor / Style,Factor / Style
2026-08-10,AVLV,93.88999938964844,94.2697982788086,93.75499725341795,94.18000030517578,949979.0,251,89469022.50991058,104952378.97587548,153976644.8618715,0.0264850169501447,0.0759205152971655,0.1349391615376467,0.2996303832668701,0.2337837906748862,0.1754509764636674,0.0079357157796014,0.017748985856162,0.0236752076549686,0.0198231634857443,0.952739304055104,91.4895930480957,85.7051058959961,0.0095453463936823,94.45999908447266,94.45999908447266,0.9970357952359656,0.821240234375,0.0087199005278604,90.9499969482422,90.9499969482422,90.9499969482422,-0.0342960644135407,Avantis U.S. Large Cap Value ETF,P,True,False,False,False,False,False,False,False,False,,False,,,16735772672.0,Factor / Style,unknown,157.0,True,,False,True,140.0,True,True,False,37.0,,0,0,False,Factor / Style,Factor / Style,Factor / Style,Factor / Style,Factor / Style
2026-08-10,SOXX,546.243408203125,547.219970703125,529.3900146484375,529.3900146484375,8600439.0,251,4552986528.192993,5580783720.747724,5837304505.802519,-0.0437491579703794,0.0179538900603706,0.5206670542469849,0.0,0.0079366203456331,0.1080605395651346,-0.0,0.0001424932091363,0.0562635628157184,0.0197848675714401,0.0075522655837245,565.6072082519531,447.2428790283203,-0.0057263645545784,580.6699829101562,655.9500122070312,0.807058472134537,28.202999877929688,0.0532745218034741,464.0799865722656,464.0799865722656,464.0799865722656,-0.1233684547668387,iShares PHLX SOX Semiconductor Sector Index Fund,Q,True,False,False,False,False,False,False,False,False,,False,,,47824830464.0,Industry / Theme,unknown,60.0,True,,False,True,5.0,True,True,False,38.0,,0,0,False,Industry / Theme,Industry / Theme,Industry / Theme,Industry / Theme,Industry / Theme
2026-08-10,FNDX,32.279998779296875,32.448299407958984,32.25,32.439998626708984,2327151.0,251,75492775.24414444,78054865.96470852,108433393.38504858,0.0304955240925157,0.071890499149787,0.1220118379264088,0.2999996423722166,0.2471036775242429,0.1896535812302117,0.009148646321708,0.0177644067189658,0.0231399820152236,0.019645858072656,0.8779320357625254,31.326220626831056,29.592310841878252,0.0097844406437122,32.470001220703125,32.470001220703125,0.9990759903644534,0.2769149780273437,0.0085362203992003,31.40999984741211,31.280000686645508,31.280000686645508,-0.0357582610718241,Schwab Fundamental U.S. Large Company ETF,P,True,False,False,False,False,False,False,False,False,,False,,,25939793920.0,Other,unknown,107.0,True,,False,True,178.0,True,True,False,39.0,,0,0,False,Other,Other,Other,Other,Other
2026-08-10,IWS,171.0,171.2279052734375,170.69500732421875,171.0399932861328,395996.0,251,67731153.18133545,89709829.98122558,78340617.95683168,0.0322268946061514,0.0865617089567734,0.1317117815665476,0.2813479800237323,0.2142923477525934,0.1503071142596853,0.0090669716998784,0.0185495118378236,0.0197972178012697,0.0189862089250298,1.171969431759592,164.86841064453125,155.30739369710287,0.0151797101041641,171.6699981689453,171.6699981689453,0.9963301398640868,1.705145263671875,0.0099692781256097,165.69000244140625,164.4199981689453,164.4199981689453,-0.0387043696038558,iShares Russell Mid-Cap Value ETF,P,True,False,False,False,False,False,False,False,False,,False,,,15646174208.0,Factor / Style,unknown,164.0,True,,False,True,224.0,True,True,False,40.0,,0,0,False,Factor / Style,Factor / Style,Factor / Style,Factor / Style,Factor / Style
2026-08-10,VGT,121.38500213623048,121.7499008178711,120.18000030517578,120.25,4263453.0,251,512680223.25,490412068.4414383,573555125.3314698,0.040404897862621,0.070732259734811,0.3037109679528331,0.1429444826912999,0.0668222095405619,0.146796403971679,0.0057756572231671,0.0047264858812769,0.0445836779422337,0.0186765031026118,0.314576991697593,116.7549072265625,103.52560943603515,0.0022108668225078,121.8499984741211,125.850191476801,0.9555011286746168,3.0104949951171878,0.0250353014146959,108.0999984741211,108.0999984741211,108.0999984741211,-0.1010395137287226,Vanguard Information Tech ETF,P,True,False,False,False,False,False,False,False,False,,False,,,169247817728.0,Other,unknown,14.0,True,,False,True,56.0,True,True,False,43.0,,0,0,False,Other,Other,Other,Other,Other
2026-08-10,FTEC,289.0299987792969,290.56500244140625,286.82000732421875,286.989990234375,247387.0,251,70997592.71411133,87703683.29613647,94504371.31335837,0.039517546337078,0.070489795723226,0.3033432298161782,0.1397823143402197,0.0664539397688263,0.1464056458412557,0.0055238540840436,0.0046843246393081,0.04441116147281,0.0185887175310337,0.3104573594481121,278.86562255859377,247.14173777262369,0.0020808467149915,290.7900085449219,300.4786748358019,0.95510934475201,7.148751831054687,0.024909411736683,257.9200134277344,257.9200134277344,257.9200134277344,-0.1012926506004622,Fidelity MSCI Information Technology Index ETF,P,True,False,False,False,False,False,False,False,False,,False,,,20956467200.0,Country / Region,unknown,130.0,True,,False,True,204.0,True,True,False,44.0,,0,0,False,Country / Region,Country / Region,Country / Region,Country / Region,Country / Region
2026-08-10,PRF,55.81999969482422,56.07500076293945,55.89390182495117,56.060001373291016,303785.0,251,17030187.51718521,14258699.771061895,21126354.75286484,0.0293794035203085,0.0698638350499492,0.1292952978204815,0.2877705196295897,0.2221715213345399,0.1845335621004887,0.0084545262174465,0.0155217545193125,0.023859321869657,0.0184399030919331,0.7876025457935293,54.20632736206055,50.99462239583333,0.0097606304680208,56.15999984741211,56.15999984741211,0.9982194003847438,0.4520551681518555,0.0080637737616472,54.16999816894531,54.0099983215332,54.0099983215332,-0.0365680164384459,Invesco RAFI US 1000 ETF,P,True,False,False,False,False,False,False,False,False,,False,,,9686064128.0,Other,unknown,252.0,True,,False,True,399.0,True,True,False,45.0,,0,0,False,Other,Other,Other,Other,Other
2026-08-10,XLK,188.0800018310547,188.83999633789065,186.26499938964844,186.32000732421875,6201469.0,251,1155457749.5009155,1591614646.8531735,2183006217.313371,0.0278023421163959,0.0627971709034065,0.3234188205005761,0.0888577901957334,0.0530425070533371,0.1409189053235408,0.0024704546827287,0.0033309193805735,0.0455758261459719,0.018116636748463,0.214892905936817,183.2614367675781,160.40194412231446,0.0005939169337481,188.83999633789065,198.49331469466887,0.9386714490149168,5.249748229980469,0.0281759769408192,166.4600067138672,166.4600067138672,166.4600067138672,-0.1065908105928357,State Street Technology Select Sector SPDR ETF,P,True,False,False,False,False,False,False,False,False,,False,,,123912577024.0,Sector,unknown,23.0,True,,False,True,15.0,True,True,False,46.0,,0,0,False,Sector,Sector,Sector,Sector,Sector
2026-08-10,IYW,253.7700042724609,254.8372039794922,252.25,252.3800048828125,339346.0,251,85644145.13696289,132256183.7606018,176443720.68616983,0.0310904133575151,0.0578873741022654,0.3052217309790488,0.1094806676988466,0.0574070103908855,0.1491935378106152,0.0034037992134139,0.0033231410865898,0.0455371098614441,0.0180980301577888,0.1974155358142722,245.72230926513672,217.64432688395183,0.0019164673363776,255.72000122070312,260.9332505385792,0.9672205606678628,5.933360290527344,0.0235096290345282,227.13999938964844,227.13999938964844,227.13999938964844,-0.1000079443887947,iShares U.S. Technology ETF,P,True,False,False,False,False,False,False,False,False,,False,,,25393864704.0,Sector,unknown,109.0,True,,False,True,127.0,True,True,False,47.0,,0,0,False,Sector,Sector,Sector,Sector,Sector
2026-08-10,ARTY,72.73999786376953,73.47000122070312,72.0999984741211,72.0999984741211,206703.0,251,14903285.984596252,34207935.86798592,55466730.95126355,0.0351758348107411,0.0550210590232056,0.4234873145202307,0.0755006834715558,0.0308225414913054,0.114231514717555,0.0026557995698935,0.0016958888746383,0.0483755974013155,0.0180337868589753,0.1853988029468837,71.84334335327148,60.36826115926107,0.0022264130328655,73.72000122070312,81.80196563276948,0.8813968945171432,2.784948539733887,0.0386261941563492,61.33000183105469,61.33000183105469,61.33000183105469,-0.1493758234534788,iShares Future AI & Tech ETF,P,True,False,False,False,False,False,False,False,False,,False,,,3930527488.0,Other,unknown,431.0,True,,False,True,275.0,True,True,False,48.0,,0,0,False,Other,Other,Other,Other,Other
2026-08-10,FESM,48.2400016784668,48.400001525878906,48.11000061035156,48.130001068115234,535805.0,251,25788295.222301483,43966903.854094505,37318283.10011334,0.0212179074334146,0.0835356143562,0.1977658333373679,0.1322753084812539,0.1387552437337667,0.1481022589643235,0.0028066052510816,0.0115910045304444,0.0292895666632261,0.017785501276918,0.5850385673054789,46.84695457458496,42.66067334493001,0.0137911260848855,48.70000076293945,48.70000076293945,0.9882956943348143,0.6464992523193359,0.0134323548300858,46.14500045776367,46.14500045776367,46.14500045776367,-0.0412424800810272,Fidelity Enhanced Small Cap Core ETF,P,True,False,False,False,False,False,False,False,False,,False,,,5784907776.0,Factor / Style,unknown,355.0,True,,False,True,319.0,True,True,False,49.0,,0,0,False,Factor / Style,Factor / Style,Factor / Style,Factor / Style,Factor / Style
2026-08-10,FDN,289.010009765625,293.25,289.6300048828125,293.1199951171875,563869.0,251,165281278.5267334,115087428.50748292,112671972.1953929,0.0666278436783938,0.0953661750059899,0.1934852924785479,0.2670263322565915,0.1304703077657572,0.1287316116594108,0.017791388723607,0.0124424542034745,0.0249076735331559,0.016805280968863,2.7342278207314368,271.47160186767576,259.7789338175456,0.0064508547521424,293.6600036621094,293.6600036621094,0.998161109656788,5.828996276855468,0.0198860411229369,262.2300109863281,256.1199951171875,256.1199951171875,-0.1262281680415818,First Trust DJ Internet Index Fund,P,True,False,False,False,False,False,False,False,False,,False,,,4975951360.0,Industry / Theme,unknown,377.0,True,,False,True,173.0,True,True,False,50.0,,0,0,False,Industry / Theme,Industry / Theme,Industry / Theme,Industry / Theme,Industry / Theme
2026-08-10,IGM,163.8000030517578,164.625,162.75,162.8800048828125,301145.0,251,49050499.07043457,52055225.13769531,81536766.87376961,0.0301688966798261,0.0555093175397412,0.2962505470613636,0.1030461215013806,0.0521796266402539,0.1399353208204321,0.0031087877928319,0.0028964554642789,0.0414559153462604,0.0163922664229725,0.2508356380362569,159.0629559326172,141.4892812093099,0.0008026851702396,165.0800018310547,171.40683033840085,0.95025387588841,4.081249237060547,0.0250567848398389,146.05999755859375,146.05999755859375,146.05999755859375,-0.1032662501227222,iShares Expanded Tech Sector ETF,P,True,False,False,False,False,False,False,False,False,,False,,,10708001792.0,Sector,unknown,231.0,True,,False,True,220.0,True,True,False,52.0,,0,0,False,Sector,Sector,Sector,Sector,Sector
2026-08-10,FELC,43.91999816894531,44.10499954223633,43.91999816894531,43.9900016784668,582135.0,251,25608119.62709427,30756095.257935524,36216570.80815179,0.0401986456877865,0.0712561820311006,0.1460873051494104,0.3090908334275447,0.1696212866202121,0.1620893259340738,0.0124250328982965,0.0120865652757593,0.0236791928191932,0.0161439849159612,0.8999274605205504,42.13790580749512,39.76528106689453,0.0071280183256139,44.18000030517578,44.18000030517578,0.9956994426121196,0.4690006256103515,0.0106615277953019,41.5099983215332,41.5099983215332,41.5099983215332,-0.0563765233532046,Fidelity Enhanced Large Cap Core ETF,P,True,False,False,False,False,False,False,False,False,,False,,,7879930368.0,Factor / Style,unknown,289.0,True,,False,True,325.0,True,True,False,53.0,,0,0,False,Factor / Style,Factor / Style,Factor / Style,Factor / Style,Factor / Style
2026-08-10,SMH,585.7908935546875,586.1799926757812,569.2000122070312,569.4099731445312,6440441.0,251,3667251336.848938,6863637692.561899,6907146340.952733,-0.0276801033226545,0.0050658298240147,0.4176770367169058,0.0,0.0027709872881208,0.1102320474897287,-0.0,1.4037350046128303e-05,0.0460413949467471,0.0161236125088914,0.000926494288898,594.3320001220703,491.5751338704427,-0.0067987926911461,608.9000244140625,671.8300170898438,0.847550658142719,24.963499450683592,0.0438409944118544,503.6300048828125,503.6300048828125,503.6300048828125,-0.1155230350084192,VanEck Semiconductor ETF,Q,True,False,False,False,False,False,False,False,False,,False,,,77198270464.0,Industry / Theme,unknown,38.0,True,,False,True,4.0,True,True,False,54.0,,0,0,False,Industry / Theme,Industry / Theme,Industry / Theme,Industry / Theme,Industry / Theme
2026-08-10,TCAF,42.79999923706055,42.97499847412109,42.790000915527344,42.86000061035156,449856.0,251,19280828.434570312,22335235.307035822,27548469.50866772,0.0302885140011315,0.067231094950152,0.1401968724759597,0.2520004272460937,0.1778656146347629,0.1685320693642634,0.0076327184689344,0.0119581000258768,0.0236276690367712,0.0160424491796899,1.022474673271461,41.05839988708496,39.06973335266113,0.0081074076659153,43.040000915527344,43.040000915527344,0.9958178368646168,0.417449951171875,0.0097398493986734,40.43999862670898,40.43999862670898,40.43999862670898,-0.0564629479510109,T. Rowe Price Capital Appreciation Equity ETF,P,True,False,False,False,False,False,False,False,False,,False,,,7400264704.0,Other,unknown,296.0,True,,False,True,368.0,True,True,False,56.0,,0,0,False,Other,Other,Other,Other,Other
2026-08-10,HGER,32.970001220703125,33.470001220703125,32.994998931884766,33.459999084472656,693043.0,251,23189218.145500183,57477150.3390377,45793131.82096233,0.0748474136370223,0.0295384333683894,0.2429420129882507,0.3431515397690451,0.0504731468931471,0.1727416595938758,0.0256840052372748,0.0014908976863961,0.0419662065086673,0.015657255774191,2.019352665131521,31.040400009155277,30.080853335062663,-0.0007275531410644,33.470001220703125,33.540000915527344,0.9976147337844092,0.4299003601074219,0.0128481880415507,31.315000534057617,31.315000534057617,31.315000534057617,-0.0641063541275003,Harbor Commodity All-Weather Strategy ETF,N,True,False,False,False,False,False,False,False,False,,False,,,3212702208.0,Commodity,unknown,479.0,True,,False,True,294.0,True,True,False,57.0,,0,0,False,Commodity,Commodity,Commodity,Commodity,Commodity
2026-08-10,CGUS,46.38999938964844,46.459999084472656,46.20500183105469,46.25,910137.0,251,42093836.25,48972792.052921295,47925428.37879968,0.0407291050680451,0.074102909111398,0.1378622418387101,0.3226385752471565,0.1717097980995674,0.1527128645595469,0.0131407804302458,0.0127241955621087,0.0210533378657904,0.0156393953683973,1.4026693288723928,44.250204162597655,42.02063412984212,0.0074574616637437,46.79600143432617,46.79600143432617,0.9883323058041096,0.5366004943847656,0.0116021728515625,43.27999877929688,43.27999877929688,43.27999877929688,-0.0642162426097973,Capital Group Core Equity ETF,P,True,False,False,False,False,False,False,False,False,,False,,,11122103296.0,Other,unknown,224.0,True,,False,True,288.0,True,True,False,58.0,,0,0,False,Other,Other,Other,Other,Other
2026-08-10,QUAL,226.0800018310547,226.3800048828125,225.43499755859372,225.7400054931641,834865.0,251,188462429.6860504,212455815.87936783,377815148.4846581,0.0324263059437188,0.0746682508367051,0.1128739733026338,0.2985262286835127,0.2057619874256541,0.1392777850642148,0.0096801028235161,0.0153638876897577,0.0157208369929881,0.0154888199458883,1.186873987288573,217.65997619628905,207.44121195475265,0.0087789376035698,227.16000366210935,227.16000366210935,0.9937489076155436,2.1182518005371094,0.0093835906307765,215.91000366210935,215.1999969482422,215.1999969482422,-0.0466909200338486,iShares MSCI USA Quality Factor ETF,Z,True,False,False,False,False,False,False,False,False,,False,,,45917487104.0,Country / Region,unknown,66.0,True,,False,True,73.0,True,True,False,59.0,,0,0,False,Country / Region,Country / Region,Country / Region,Country / Region,Country / Region
2026-08-10,XSD,545.8499755859375,546.0150146484375,524.6400146484375,525.4000244140625,53260.0,251,27982805.30029297,49680916.71643066,76745779.57864429,-0.0222933126649594,-0.0515681843397625,0.4656798590534292,0.0,0.0,0.0934659669778859,-0.0,-0.0,0.0435252183285544,0.015233826414994,-0.0,559.7262713623047,452.2510032145182,-0.0277373410560635,560.719970703125,657.8990200629934,0.7986028378089935,27.012249755859376,0.0514127303019904,448.3999938964844,448.3999938964844,448.3999938964844,-0.146555056984343,State Street SPDR S&P Semiconductor ETF,P,True,False,False,False,False,False,False,False,False,,False,,,3476073728.0,Industry / Theme,unknown,463.0,True,,False,True,227.0,True,True,False,60.0,,0,0,False,Industry / Theme,Industry / Theme,Industry / Theme,Industry / Theme,Industry / Theme
2026-08-10,IXN,140.55999755859375,141.1199951171875,139.32009887695312,139.4199981689453,198552.0,251,27682119.47644043,56006770.15030517,66147895.12772527,0.0201214607217641,0.0494461337904617,0.3125230780744772,0.0622312491173282,0.0396819683400749,0.1267523773366087,0.0012521836347806,0.0019621199156122,0.0396130431184945,0.015139943036621,0.1318521924512905,138.61656173706055,120.8803670756022,0.0007356546538335,141.77000427246094,149.65093919782692,0.9316346353472792,3.910494995117188,0.0280483076063346,125.44000244140624,125.44000244140624,125.44000244140624,-0.1002725284115876,iShares Global Tech ETF,P,True,False,False,False,False,False,False,False,False,,False,,,9455798272.0,Global Equity,unknown,255.0,True,,False,True,251.0,True,True,False,61.0,,0,0,False,Global Equity,Global Equity,Global Equity,Global Equity,Global Equity
2026-08-10,IWR,113.02999877929688,113.23500061035156,112.88999938964844,113.08000183105467,1487803.0,251,168240765.96424866,247780797.1292748,219813458.3212917,0.0300601483735865,0.0777698945493572,0.1169705707449189,0.2619048772394684,0.1890497268370994,0.1308945444548313,0.0078728994695843,0.014702377320706,0.0153108095722777,0.0149153286087561,1.3236206271711013,109.320224609375,103.74709884643556,0.0121051667815805,113.38999938964844,113.38999938964844,0.9972660943622684,1.1372501373291015,0.0100570403158304,108.66999816894533,108.5500030517578,108.5500030517578,-0.040060122974395,iShares Russell Mid-Cap ETF,P,True,False,False,False,False,False,False,False,False,,False,,,56977440768.0,Other,unknown,51.0,True,,False,True,111.0,True,True,False,62.0,,0,0,False,Other,Other,Other,Other,Other
2026-08-10,AVSC,74.2699966430664,74.37999725341797,73.87000274658203,73.95999908447266,96536.0,251,7139802.471618652,8431617.901290894,9297003.72825017,0.0228184425610287,0.0825833916367984,0.138344117211544,0.1455797131204096,0.1612920111706986,0.1289382077605319,0.0033219023218891,0.0133200413263966,0.0178378425274694,0.0149012717467721,0.9003559332647193,71.79569488525391,66.81127047220866,0.0170573687645265,75.1500015258789,75.1500015258789,0.9841649711610924,0.9070507049560548,0.012264071338347,71.57099914550781,71.57099914550781,71.57099914550781,-0.0323012434902314,Avantis U.S Small Cap Equity ETF,P,True,False,False,False,False,False,False,False,False,,False,,,3031877632.0,Factor / Style,unknown,500.0,True,,False,True,458.0,True,True,False,65.0,,0,0,False,Factor / Style,Factor / Style,Factor / Style,Factor / Style,Factor / Style
2026-08-10,LRGF,78.70999908447266,78.95999908447266,78.68499755859375,78.77999877929688,84038.0,251,6620513.537414551,10598123.45934906,11866434.442172095,0.0386288775757253,0.0710902519017155,0.1357931317739107,0.2881016950424042,0.1671538917438397,0.1508746119635423,0.0111290451071519,0.0118830122704216,0.0204877360637029,0.0148946655980701,1.0449237763129664,75.85398193359374,71.74851437886556,0.0069272633910655,79.05999755859375,79.05999755859375,0.9964584013667676,0.819949722290039,0.0104080951382994,74.4000015258789,74.4000015258789,74.4000015258789,-0.0555978334765983,iShares U.S. Equity Factor ETF,P,True,False,False,False,False,False,False,False,False,,False,,,3509724672.0,Factor / Style,unknown,458.0,True,,False,True,443.0,True,True,False,66.0,,0,0,False,Factor / Style,Factor / Style,Factor / Style,Factor / Style,Factor / Style
2026-08-10,BBCA,105.5999984741211,106.3000030517578,105.44000244140624,106.0999984741211,197630.0,251,20968542.69844055,23618841.741321564,27698022.37240867,0.0473839612809368,0.069846839092154,0.1288746587925091,0.3603608505763586,0.1812158820324179,0.1354135232530865,0.0170753245908756,0.012657356553261,0.017451371605133,0.0143352618214162,2.4583493716518787,101.31028900146484,97.99665191650392,0.0089232741730032,106.3000030517578,106.3000030517578,0.9981184894459568,1.0554988861083985,0.0099481517557782,102.08000183105467,101.02999877929688,101.02999877929688,-0.0477851061992319,JPMorgan BetaBuilders Canada ETF,Z,True,False,False,False,False,False,False,False,False,,False,,,10509565952.0,Country / Region,unknown,237.0,True,,False,True,367.0,True,True,False,70.0,,0,0,False,Country / Region,Country / Region,Country / Region,Country / Region,Country / Region
2026-08-10,QLTY,43.18000030517578,43.290000915527344,43.125,43.220001220703125,201173.0,251,8694697.30557251,16268559.3533844,19004133.547209,0.0359539778550064,0.0712137858265273,0.1115703302325741,0.3191486253305391,0.1915651747959353,0.1354223144779942,0.0114746626075899,0.013642081329739,0.0151091123471693,0.0141555421858396,1.491121828296734,41.44584869384766,39.63270449320476,0.0075064539533422,43.290000915527344,43.290000915527344,0.9983830054667632,0.3952507019042969,0.0091450877080254,41.084999084472656,40.68000030517578,40.68000030517578,-0.0587691079080914,GMO U.S. Quality ETF,P,True,False,False,False,False,False,False,False,False,,False,,,4698446848.0,Factor / Style,unknown,389.0,True,,False,True,407.0,True,True,False,71.0,,0,0,False,Factor / Style,Factor / Style,Factor / Style,Factor / Style,Factor / Style
2026-08-10,OMFL,71.08999633789062,71.3499984741211,71.11000061035156,71.2300033569336,89224.0,251,6355425.819519043,7592993.862921143,8933209.65519448,0.033667095799327,0.0608425646952843,0.1327831026840125,0.3191191054628264,0.1700223124060724,0.156776213173315,0.0107438134950125,0.0103445935422083,0.0208172320122029,0.0140100170067064,0.8745983680696906,68.6507453918457,65.10174992879232,0.0069006505335698,71.4800033569336,71.4800033569336,0.9965025183511586,0.6053005218505859,0.0084978308763713,68.23999786376953,67.75,67.75,-0.0488558640029159,Invesco Russell 1000 Dynamic Multifactor ETF,Z,True,False,False,False,False,False,False,False,False,,False,,,4719748608.0,Factor / Style,unknown,387.0,True,,False,True,459.0,True,True,False,72.0,,0,0,False,Factor / Style,Factor / Style,Factor / Style,Factor / Style,Factor / Style
2026-08-10,ITA,251.55999755859372,253.3800048828125,250.5500030517578,251.1300048828125,485110.0,251,121825676.66870116,163921171.00941467,177748634.12237257,0.0684109832898571,0.1244631949991414,0.0749771475057878,0.3068703890556,0.1552117933388118,0.0484115009846473,0.0209933050578346,0.0193181557004949,0.0036297562503024,0.0138272158929276,1.5231236772327263,237.98367645263676,232.58616251627603,0.0183021719840346,256.6000061035156,256.6000061035156,0.9786827704965196,5.429000854492188,0.0216182883324737,232.1100006103516,226.6000061035156,226.6000061035156,-0.0976784864506475,iShares U.S. Aerospace & Defense ETF,Z,True,False,False,False,False,False,False,False,False,,False,,,14444112896.0,Industry / Theme,unknown,176.0,True,,False,True,125.0,True,True,False,73.0,,0,0,False,Industry / Theme,Industry / Theme,Industry / Theme,Industry / Theme,Industry / Theme
2026-08-10,IJT,176.9199981689453,176.97000122070312,175.77999877929688,176.02000427246094,131100.0,251,23076222.56011963,36333774.76219177,33515067.303709,0.0201101197295388,0.0773576956616066,0.154497996180112,0.125952773663846,0.1363532803303969,0.1281964278284881,0.0025329253586474,0.0105479755622605,0.0198060912169497,0.0137883160414018,0.7259654646364361,171.55933868408204,158.63520721435546,0.0165726956062506,179.67999267578125,179.67999267578125,0.9796305178511194,2.2415000915527346,0.0127343485805347,170.00999450683594,170.00999450683594,170.00999450683594,-0.0341439019415209,iShares S&P SmallCap 600 Growth ETF,Q,True,False,False,False,False,False,False,False,False,,False,,,8216008192.0,Factor / Style,unknown,277.0,True,,False,True,336.0,True,True,False,74.0,,0,0,False,Factor / Style,Factor / Style,Factor / Style,Factor / Style,Factor / Style
2026-08-10,SLYG,117.83000183105467,118.0998992919922,117.31999969482422,117.44000244140624,120148.0,251,14110181.413330078,14153009.879611203,14005931.6987668,0.0197100313323876,0.0768304989962096,0.153748963689851,0.1237060166225256,0.1355621281471027,0.1282053141022039,0.0024382494636348,0.01041530595053,0.0197114341827456,0.0136689508318055,0.7173611897654751,114.4797019958496,105.85404591878256,0.0166023553796854,119.83999633789062,119.83999633789062,0.9799733480488638,1.5059947967529297,0.0128235249101285,113.4499969482422,113.4499969482422,113.4499969482422,-0.0339748417082567,State Street SPDR S&P 600 Small Cap Growth ETF,P,True,False,False,False,False,False,False,False,False,,False,,,5195253248.0,Factor / Style,unknown,369.0,True,,False,True,433.0,True,True,False,75.0,,0,0,False,Factor / Style,Factor / Style,Factor / Style,Factor / Style,Factor / Style
2026-08-10,USMC,76.33000183105469,76.5199966430664,76.23999786376953,76.45999908447266,69047.0,251,5279333.556785584,6010125.325223923,6401401.259595477,0.0304443713046902,0.0615804169729736,0.131083483073924,0.2477790497613357,0.1638719265116811,0.1548907582211225,0.0075434773924574,0.0100913015647538,0.0203036200835857,0.013665613046345,0.7724922836655007,73.9143244934082,69.93819124857585,0.0056229676174794,76.95999908447266,76.95999908447266,0.9935031184258306,0.7873504638671875,0.0102975473881097,72.5250015258789,72.5250015258789,72.5250015258789,-0.051464786891331,Principal U.S. Mega-Cap ETF,Q,True,False,False,False,False,False,False,False,False,,False,,,3491833344.0,Other,unknown,461.0,True,,False,True,463.0,True,True,False,76.0,,0,0,False,Other,Other,Other,Other,Other
2026-08-10,DCOR,85.1500015258789,85.30999755859375,85.06999969482422,85.12999725341797,201997.0,251,17196004.05519867,10373676.340188216,9616998.931536356,0.0333818899209286,0.0653082509230136,0.118654373607592,0.2833880011698812,0.1745979157882055,0.1447131293515895,0.0094600270599649,0.0114026844949313,0.0171708457160072,0.0134215409223079,1.0138504147982226,82.10608413696289,77.90046356201172,0.0078801029985993,85.56999969482422,85.56999969482422,0.9948579824357195,0.7780509948730469,0.0091395632559098,81.16999816894531,81.16999816894531,81.16999816894531,-0.0465170822534434,Dimensional US Core Equity 1 ETF,P,True,False,False,False,False,False,False,False,False,,False,,,3237994240.0,Other,unknown,477.0,True,,False,True,455.0,True,True,False,77.0,,0,0,False,Other,Other,Other,Other,Other
2026-08-10,PSI,149.39999389648438,149.91000366210938,142.55999755859375,142.55999755859375,211050.0,251,30087287.48474121,63520415.65124512,73258917.63722253,-0.0601265529902922,-0.0606614954252198,0.4519074909786214,0.0,0.0,0.0841380608970058,-0.0,-0.0,0.0380226199957723,0.0133079169985203,-0.0,155.69866760253908,125.0558578491211,-0.0170410660648645,161.3800048828125,189.2400054931641,0.7533290711289028,9.37100067138672,0.0657337319856163,120.5999984741211,120.5999984741211,120.5999984741211,-0.1540404002563682,Invesco Semiconductors ETF,P,True,False,False,False,False,False,False,False,False,,False,,,3097870848.0,Other,unknown,495.0,True,,False,True,233.0,True,True,False,78.0,,0,0,False,Other,Other,Other,Other,Other
2026-08-10,DFAC,45.880001068115234,46.019901275634766,45.84999847412109,45.90999984741211,2638213.0,251,121120358.42744064,106578509.4682127,93057457.99934164,0.0347081575974679,0.0663224260097299,0.1174220457377723,0.3055561442441893,0.1745248431065383,0.1403068523509508,0.0106052908093019,0.0115749109937931,0.0164751176340762,0.0132899833178922,1.06661978547364,44.29179328918457,42.01396270751953,0.0081216984979219,46.150001525878906,46.150001525878906,0.9947995304326868,0.4372949600219726,0.0095250481697969,43.70000076293945,43.70000076293945,43.70000076293945,-0.0481376408585901,Dimensional U.S. Core Equity 2 ETF,P,True,False,False,False,False,False,False,False,False,,False,,,47398703104.0,Other,unknown,62.0,True,,False,True,205.0,True,True,False,79.0,,0,0,False,Other,Other,Other,Other,Other
2026-08-10,QTUM,153.91000366210938,154.1999969482422,151.5800018310547,151.69000244140625,298887.0,251,45338169.75970459,57759288.43763123,107699388.61095417,0.0179170453120081,0.0485208293868955,0.3147609456660851,0.0449873160558139,0.0323176326929407,0.1106945486225337,0.0008060397802376,0.0015680783420825,0.0348423208045091,0.0132140632039318,0.1840121942742562,153.5917120361328,132.48905604044597,-0.005121973210634,154.1999969482422,169.71898395889733,0.8937715681714348,4.88799819946289,0.0322236015610256,132.10000610351562,132.10000610351562,132.10000610351562,-0.1291449404878064,Defiance Quantum ETF,Q,True,False,False,False,False,False,False,False,False,,False,,,6260666368.0,Industry / Theme,unknown,339.0,True,,False,True,181.0,True,True,False,80.0,,0,0,False,Industry / Theme,Industry / Theme,Industry / Theme,Industry / Theme,Industry / Theme
2026-08-10,XMHQ,118.37999725341795,119.24500274658205,118.5199966430664,118.79000091552734,118325.0,251,14055826.858329771,19105372.8901577,20421544.48189811,0.0539437661293733,0.0825933720298555,0.0935382043758965,0.4097033072679694,0.1860544377511927,0.0953226267291396,0.0221009393896941,0.0153668633949898,0.0089163073406375,0.0131091687759665,1.68710378671707,112.83811706542969,108.63021865844726,0.0152895521969043,119.33000183105467,119.33000183105467,0.995474726328322,1.321249771118164,0.0111225672273352,113.04000091552734,111.79000091552734,111.79000091552734,-0.0589275186972829,Invesco S&P MidCap Quality ETF,P,True,False,False,False,False,False,False,False,False,,False,,,5417101824.0,Factor / Style,unknown,363.0,True,,False,True,400.0,True,True,False,81.0,,0,0,False,Factor / Style,Factor / Style,Factor / Style,Factor / Style,Factor / Style
2026-08-10,DYNF,69.95999908447266,70.1500015258789,69.84500122070312,69.94999694824219,1839871.0,251,128698970.8351593,176222065.13965836,177215293.38266355,0.0347632918219773,0.0655375449586985,0.1412731093064594,0.2524164516205693,0.1356276822640834,0.1419959069982522,0.0087748267683538,0.0088887053240264,0.0200602032904339,0.012798729612269,0.9310553468583712,67.42386505126953,63.62290471394856,0.0055988768146011,70.19999694824219,70.19999694824219,0.9964387462839304,0.8349502563476563,0.0119363873162919,65.59500122070312,65.59500122070312,65.59500122070312,-0.0622586978918875,iShares U.S. Equity Factor Rotation Active ETF,P,True,False,False,False,False,False,False,False,False,,False,,,38004244480.0,Factor / Style,unknown,80.0,True,,False,True,126.0,True,True,False,82.0,,0,0,False,Factor / Style,Factor / Style,Factor / Style,Factor / Style,Factor / Style
2026-08-10,SCHV,34.86000061035156,34.935001373291016,34.800201416015625,34.86000061035156,3791238.0,251,132162558.99398804,129733599.21606444,121892381.2313092,0.0187024946469387,0.0719177499714083,0.0963351579912188,0.1787706877959585,0.1805175376844326,0.1226365653102184,0.0033434578315334,0.0129824151406433,0.0118142128946603,0.0125735443545492,1.0359701740247402,34.21154968261719,32.319994633992515,0.0092785447556849,35.06999969482422,35.06999969482422,0.99401200210151,0.3517402648925781,0.0100900820061411,33.75,33.599998474121094,33.599998474121094,-0.0361446389606865,Schwab U.S. Large-Cap Value ETF,P,True,False,False,False,False,False,False,False,False,,False,,,15930595328.0,Factor / Style,unknown,161.0,True,,False,True,164.0,True,True,False,83.0,,0,0,False,Factor / Style,Factor / Style,Factor / Style,Factor / Style,Factor / Style
2026-08-10,SUSA,158.64999389648438,158.97000122070312,158.42999267578125,158.7100067138672,64217.0,251,10191880.50114441,6336621.162737275,5813131.395618015,0.0264520225445605,0.0629661045529474,0.1307257071126595,0.219068666192094,0.1464923962350777,0.1422046697692503,0.00579480929692,0.0092240555375497,0.0185898060103074,0.0125020682030149,0.7725658411353191,153.5986114501953,145.01757944742835,0.0063791407970905,159.47999572753906,159.47999572753906,0.995171877136319,1.5840003967285157,0.0099804695968809,150.52999877929688,150.52999877929688,150.52999877929688,-0.0515405934631315,iShares ESG Optimized MSCI USA ETF,P,True,False,False,False,False,False,False,False,False,,False,,,4045895936.0,Country / Region,unknown,420.0,True,,False,True,465.0,True,True,False,84.0,,0,0,False,Country / Region,Country / Region,Country / Region,Country / Region,Country / Region
2026-08-10,SGOV,100.4980010986328,100.5,100.48999786376952,100.5,18281260.0,251,1837266630.0,1958945423.4605253,2057300214.20284,0.0028581229938438,0.0092133456027778,0.0184225059107649,1.0,1.0,1.0,0.0028581229938438,0.0092133456027778,0.0184225059107649,0.0124365517105733,1.004638317801066,100.1324575805664,99.41726414998372,0.0014616624843466,100.5,100.5,1.0,0.017315312628299,0.0001722916679432,100.34318539720836,100.2135772705078,100.2135772705078,-0.0028499774078825,iShares 0-3 Month Treasury Bond ETF,N,True,False,False,False,False,False,False,False,False,,False,,,95892447232.0,Bond,unknown,30.0,True,,False,True,16.0,True,True,False,85.0,,0,0,False,Bond,Bond,Bond,Bond,Bond
2026-08-10,EWC,61.20000076293945,61.61000061035156,61.095001220703125,61.5,732685.0,251,45060127.5,96227035.51352692,100842645.28374204,0.0471650004998143,0.0636800491506119,0.123235392723443,0.3639945922562191,0.1632048812425768,0.1275100051298006,0.0171678051256942,0.010392894859147,0.0157137455583392,0.0122551926038643,2.7694193683752197,58.76350975036621,57.02301470438639,0.0080252174832597,61.61000061035156,61.61000061035156,0.9982145656669076,0.6367502212524414,0.010353662134186,59.119998931884766,58.52000045776367,58.52000045776367,-0.0484552771095337,iShares MSCI Canada Index Fund,P,True,False,False,False,False,False,False,False,False,,False,,,5956639232.0,Country / Region,unknown,347.0,True,,False,True,190.0,True,True,False,86.0,,0,0,False,Country / Region,Country / Region,Country / Region,Country / Region,Country / Region
2026-08-10,ESGU,169.2899932861328,169.94000244140625,169.2899932861328,169.49000549316406,286301.0,251,48525158.06269837,63810894.23293839,70979548.17691307,0.030146518875993,0.0585809196543944,0.134010450373081,0.2256600399449906,0.1369895068832385,0.1467315607442996,0.006802864653759,0.0080249712962221,0.0196635625392886,0.0120984782312954,0.771663328051922,163.71007690429687,154.89189453125,0.0049752068262522,170.39999389648438,170.39999389648438,0.9946596922774944,1.8230010986328125,0.010755802935568,159.8300018310547,159.8300018310547,159.8300018310547,-0.0569945327100658,iShares ESG Aware MSCI USA ETF,Q,True,False,False,False,False,False,False,False,False,,False,,,17746929664.0,Country / Region,unknown,145.0,True,,False,True,240.0,True,True,False,87.0,,0,0,False,Country / Region,Country / Region,Country / Region,Country / Region,Country / Region
2026-08-10,SPSM,57.77999877929688,57.8650016784668,57.46500015258789,57.56999969482422,923558.0,251,53169233.77815247,93295750.9501152,96375931.0376994,0.0212879330437718,0.0733401154843278,0.1273866041792914,0.1438848493081636,0.1423651023441506,0.1189741982540037,0.0030630110380853,0.0104410730468581,0.0151557191005313,0.0120911991656437,0.7474648171978449,56.132582397460936,52.30268943786621,0.0157218116538218,58.59999847412109,58.59999847412109,0.982423228564558,0.6892494201660156,0.0119723714403281,55.95000076293945,55.95000076293945,55.95000076293945,-0.0281396376667066,State Street SPDR Portfolio S&P 600 Small Cap ETF,P,True,False,False,False,False,False,False,False,False,,False,,,16915987456.0,Factor / Style,unknown,154.0,True,,False,True,200.0,True,True,False,88.0,,0,0,False,Factor / Style,Factor / Style,Factor / Style,Factor / Style,Factor / Style
2026-08-10,IJR,148.61000061035156,148.82000732421875,147.80999755859375,148.05999755859375,2348396.0,251,347703506.0266113,479264949.3729096,540735647.6941935,0.0211738185331293,0.0734193402790837,0.1270914606205166,0.1421954189603786,0.142011084773137,0.1185120284599139,0.0030108199973093,0.0104263601563607,0.0150618667980707,0.0120487874809592,0.7477960210282322,144.3709829711914,134.5325609842936,0.0157082580943368,150.69000244140625,150.69000244140625,0.9825469185732136,1.805498504638672,0.012194370757869,143.8699951171875,143.8699951171875,143.8699951171875,-0.0282993550621131,iShares Core S&P Small-Cap ETF,P,True,False,False,False,False,False,False,False,False,,False,,,111317172224.0,Other,unknown,25.0,True,,False,True,58.0,True,True,False,89.0,,0,0,False,Other,Other,Other,Other,Other
2026-08-10,VXF,246.8300018310547,247.3300018310547,245.9499969482422,246.4499969482422,591728.0,251,145831363.79418945,95278634.01368408,107937433.55698746,0.0303524162077568,0.0763579989354608,0.1369550532627819,0.1892598003864027,0.1323854250024205,0.1138205213154273,0.005744492232725,0.0101086861414053,0.0155882955591519,0.0120265494376166,1.2513994188583168,239.35265075683597,224.5770857747396,0.0105811548503405,247.4199981689453,247.6699981689453,0.9950740855585144,3.3525016784667967,0.0136031719212026,233.44000244140625,233.44000244140625,233.44000244140625,-0.0527895908619882,Vanguard Extended Market ETF,P,True,False,False,False,False,False,False,False,False,,False,,,97684774912.0,Other,unknown,27.0,True,,False,True,179.0,True,True,False,90.0,,0,0,False,Other,Other,Other,Other,Other
2026-08-10,DFSV,40.209999084472656,40.380001068115234,40.15499877929688,40.31999969482422,671865.0,251,27089596.594963077,28095591.85397911,34435614.954581484,0.0370370006982818,0.076713243629352,0.0922646266572337,0.2737640848313519,0.1752280918929358,0.1016999349131716,0.0101394006010632,0.0134423153040892,0.0093833065258287,0.012021662231698,1.0915882975845144,38.86175216674805,36.81935343424479,0.0157734626259475,40.7400016784668,40.7400016784668,0.9896906733839296,0.4773504257202148,0.0118390483465576,39.244998931884766,38.78499984741211,38.78499984741211,-0.0380704330116637,Dimensional US Small Cap Value ETF,P,True,False,False,False,False,False,False,False,False,,False,,,7919026176.0,Factor / Style,unknown,287.0,True,,False,True,333.0,True,True,False,91.0,,0,0,False,Factor / Style,Factor / Style,Factor / Style,Factor / Style,Factor / Style
2026-08-10,PDBC,17.56999969482422,17.878999710083008,17.56999969482422,17.829999923706055,9377444.0,251,167199825.8045578,168104035.01695824,124015280.72651818,0.0550296050986929,-0.0132816699043391,0.2503506057169364,0.1933472015912279,0.0,0.1368340435387295,0.0106398201505026,-0.0,0.0342564856826185,0.0119897699889165,-0.0,17.008199939727785,16.49999999364217,-0.0113925704785146,18.229999542236328,18.950000762939453,0.9408970557181304,0.316700267791748,0.0177622136369544,16.84000015258789,16.84000015258789,16.84000015258789,-0.055524384484259,Invesco Optimum Yield Diversified Commodity Strategy No K-1 ETF,Q,True,False,False,False,False,False,False,False,False,,False,,,5328577024.0,Commodity,unknown,366.0,True,,False,True,163.0,True,True,False,92.0,,0,0,False,Commodity,Commodity,Commodity,Commodity,Commodity
2026-08-10,USFR,50.41999816894531,50.43000030517578,50.41999816894531,50.43000030517578,4944352.0,251,249343672.86889648,291655743.2003868,253745355.556963,0.003178394475596,0.0098697397851301,0.0193341534318223,0.8890327510453591,0.9611098713084876,0.8508123074417405,0.0028256967845465,0.0094859043347347,0.0164497356937613,0.011923245310394,0.9959009608149066,50.22490768432617,49.84811747233073,0.00160782522158,50.43000030517578,50.43000030517578,1.0,0.0139763946358129,0.0002771444487653,50.34999847412109,50.27021905638082,50.27021905638082,-0.0031683769150913,WisdomTree Floating Rate Treasury Fund,P,True,False,False,False,False,False,False,False,False,,False,,,17754787840.0,Bond,unknown,144.0,True,,False,True,99.0,True,True,False,93.0,,0,0,False,Bond,Bond,Bond,Bond,Bond
2026-08-10,VIOO,137.75,137.86000061035156,137.0,137.19000244140625,66844.0,251,9170328.52319336,10638272.595822144,9887063.685158866,0.0206829752514958,0.0727187668788946,0.1259849521083904,0.1408310259585461,0.1403139979952676,0.1174356535437041,0.0029128046245433,0.0102034609100635,0.0147951251875211,0.0118105434071737,0.7327797517197245,133.83459915161131,124.7158664449056,0.0157160011469885,139.6999969482422,139.6999969482422,0.9820329666308736,1.5435028076171875,0.0112508402955704,133.52000427246094,133.52000427246094,133.52000427246094,-0.0267512071115587,Vanguard S&P Small-Cap 600 ETF,P,True,False,False,False,False,False,False,False,False,,False,,,6406161408.0,Other,unknown,334.0,True,,False,True,453.0,True,True,False,94.0,,0,0,False,Other,Other,Other,Other,Other
2026-08-10,VBIL,75.55999755859375,75.55999755859375,75.55000305175781,75.55000305175781,2408120.0,251,181933473.34899905,174754428.52760315,189794656.71132407,0.0025951572858493,0.0089973821573419,0.0182024238846005,0.9072632026051252,0.971184091858956,0.944632689978282,0.0023544907104237,0.008738114419586,0.0171946046382351,0.0116978859961132,0.9497348431253748,75.28663864135743,74.74560750325521,0.0014711724813032,75.55999755859375,75.55999755859375,0.9998677275389244,0.0144698334261953,0.0001915265763296,75.44417505216272,75.34447412454489,75.34447412454489,-0.0027204357235051,Vanguard 0-3 Month Treasury Bill ETF,Q,True,False,False,False,False,False,False,False,False,,False,,,9348372480.0,Bond,unknown,256.0,True,,False,True,120.0,True,True,False,95.0,,0,0,False,Bond,Bond,Bond,Bond,Bond
2026-08-10,BIL,91.48999786376952,91.48999786376952,91.4800033569336,91.4800033569336,7399499.0,251,676906193.3596268,894331010.1793416,916653434.4357244,0.0027674131849664,0.0091099979633435,0.0179378452173302,1.0,0.95399543479602,0.9530796815444642,0.0027674131849664,0.0086908964680307,0.0170961958073269,0.0116327512367844,1.0261353657703876,91.157587890625,90.51655949910482,0.0014384019978426,91.48999786376952,91.48999786376952,0.9998907584755788,0.0176144280123367,0.0001925494902269,91.34718247097412,91.22753832851484,91.22753832851484,-0.0027597837686309,State Street SPDR Bloomberg 1-3 Month T-Bill ETF,P,True,False,False,False,False,False,False,False,False,,False,,,47077847040.0,Bond,unknown,64.0,True,,False,True,38.0,True,True,False,96.0,,0,0,False,Bond,Bond,Bond,Bond,Bond
2026-08-10,DUHP,42.4900016784668,42.57989883422852,42.400001525878906,42.45000076293945,997544.0,251,42345743.56106568,31397675.464910887,34998762.68685792,0.0209234943139178,0.0706488896312182,0.0840382951082341,0.1990844724324768,0.1824001573854149,0.1061668326623971,0.0041655428269302,0.012886368587839,0.008922079613989,0.0114988674469915,1.0942261851601862,41.37958595275879,39.495000762939455,0.0075611132928856,42.7599983215332,42.7599983215332,0.992750290674412,0.3939449310302734,0.0092802102226156,40.720001220703125,40.720001220703125,40.720001220703125,-0.040753816516929,Dimensional US High Profitability ETF,P,True,False,False,False,False,False,False,False,False,,False,,,12324184064.0,Other,unknown,200.0,True,,False,True,331.0,True,True,False,97.0,,0,0,False,Other,Other,Other,Other,Other
2026-08-10,EAGL,34.79999923706055,35.2400016784668,34.99169921875,35.20000076293945,74987.0,251,2639542.457210541,7022921.938973045,10969523.805182502,0.0507462914310283,0.0787618636438085,0.1041405799739996,0.3125002191347787,0.1473624438923143,0.1067181530243003,0.0158582271924737,0.0116065407120648,0.0111136903497046,0.0114340430852387,3.67812036800631,33.005099830627444,32.405833333333334,0.0094321434466182,35.2400016784668,35.2400016784668,0.9988649002944916,0.4452497482299805,0.0126491403005526,32.900001525878906,32.11000061035156,32.11000061035156,-0.0877840933413052,Eagle Capital Select Equity ETF,P,True,False,False,False,False,False,False,False,False,,False,,,4262146816.0,Other,unknown,408.0,True,,False,True,448.0,True,True,False,98.0,,0,0,False,Other,Other,Other,Other,Other
2026-08-10,GBIL,99.97000122070312,99.9800033569336,99.95999908447266,99.95999908447266,595127.0,251,59488894.37514496,54435242.98108635,67590795.2549694,0.0028531119241936,0.0086755466127883,0.0172920020414233,0.9342807729904504,0.9772614928324272,0.9662203788384948,0.0026656076139639,0.0084782776339508,0.01670788476334,0.011358640129237,0.9791582930366336,99.60861755371094,98.93588912963868,0.0014067724501427,99.9800033569336,99.9800033569336,0.9997999172655604,0.0207069982258971,0.0002071528452936,99.79524217779148,99.68557732660264,99.68557732660264,-0.0027453157301261,Goldman Sachs Access Treasury 0-1 Year ETF,P,True,False,False,False,False,False,False,False,False,,False,,,7703504896.0,Bond,unknown,292.0,True,,False,True,249.0,True,True,False,99.0,,0,0,False,Bond,Bond,Bond,Bond,Bond
2026-08-10,SMMD,92.4499969482422,92.33000183105467,91.87000274658205,92.11000061035156,179453.0,251,16529415.93952942,24600994.33026352,24766334.9895206,0.0295070901266238,0.0648027171645813,0.1428470546918521,0.2181819328234455,0.1236399640969704,0.1215459818761584,0.0064379139558224,0.0080122056236149,0.0173624855206384,0.0112848035875731,0.8177382245831454,89.71694198608398,83.67039896647135,0.0103876184756004,92.72000122070312,92.72000122070312,0.993421046135455,1.0707015991210938,0.0116241623279369,88.3499984741211,88.3499984741211,88.3499984741211,-0.0408207807112739,iShares Russell 2500 ETF,Z,True,False,False,False,False,False,False,False,False,,False,,,3622894592.0,Other,unknown,452.0,True,,False,True,382.0,True,True,False,100.0,,0,0,False,Other,Other,Other,Other,Other
2026-08-10,GSLC,147.7100067138672,148.13450622558594,147.6199951171875,147.74000549316406,130143.0,251,19227327.53489685,62136086.47127304,44065845.11581348,0.0345214482098676,0.0589563630473539,0.1145057771391091,0.280432244765108,0.1527614278046588,0.1354331161048801,0.0096809272140356,0.0090062581972836,0.0155078742099604,0.0112818238017205,1.0827134199540016,142.2745504760742,135.90380783081054,0.0055532834520242,148.22999572753906,148.22999572753906,0.9966943921709636,1.4379264831542968,0.0097328173121046,140.1199951171875,140.1199951171875,140.1199951171875,-0.0515771632100632,Goldman Sachs ActiveBeta U.S. Large Cap Equity ETF,P,True,False,False,False,False,False,False,False,False,,False,,,15385732096.0,Factor / Style,unknown,166.0,True,,False,True,298.0,True,True,False,101.0,,0,0,False,Factor / Style,Factor / Style,Factor / Style,Factor / Style,Factor / Style
2026-08-10,SMLF,89.7300033569336,89.94989776611328,89.51000213623047,89.5999984741211,81542.0,251,7306163.075576782,11360419.406258391,14378577.223997813,0.03344869236397,0.0702211085069541,0.1326418757023526,0.2170660965176021,0.1316310933424803,0.1134645067171104,0.0072605770850651,0.0092432812884913,0.0150501449965997,0.0112756835863292,1.151437638003548,86.93638412475586,81.65890024820963,0.0110124703127716,90.1500015258789,90.1500015258789,0.9938990233782756,1.1294437408447269,0.0126053991080249,85.22000122070312,85.22000122070312,85.22000122070312,-0.0488838987500991,iShares U.S. Small-Cap Equity Factor ETF,P,True,False,False,False,False,False,False,False,False,,False,,,4182715648.0,Factor / Style,unknown,412.0,True,,False,True,429.0,True,True,False,102.0,,0,0,False,Factor / Style,Factor / Style,Factor / Style,Factor / Style,Factor / Style
2026-08-10,AVUS,131.11000061035156,131.51499938964844,131.0417022705078,131.25999450683594,179987.0,251,23625092.63130188,37791237.1409874,43154533.410386585,0.0271538740625125,0.0559359406395503,0.1252790058490012,0.2281387454999907,0.1378342628937373,0.1426257134993906,0.0061948507640863,0.0077098891473202,0.0178680075957081,0.011265230604256,0.7689553116882358,127.48040466308592,120.3474100748698,0.0060968653380173,132.19000244140625,132.19000244140625,0.9929646121688928,1.3142642974853516,0.0100126798147695,124.7699966430664,124.7699966430664,124.7699966430664,-0.049443837691396,Avantis U.S. Equity ETF,P,True,False,False,False,False,False,False,False,False,,False,,,13827512320.0,US Equity,unknown,181.0,True,,False,True,300.0,True,True,False,103.0,,0,0,False,US Equity,US Equity,US Equity,US Equity,US Equity
2026-08-10,TBIL,49.90999984741211,49.91999816894531,49.90999984741211,49.91999816894531,1445129.0,251,72140837.03388977,83364463.7237381,90700265.38097514,0.0028087504765481,0.0091361240455458,0.0181525358255305,1.0,0.9459610517154652,0.886033502580481,0.0028087504765481,0.0086424175107275,0.0160837548982125,0.0112468855963472,1.031304631605072,49.73782318115234,49.384215342203774,0.0014646354866261,49.91999816894531,49.91999816894531,1.0,0.0124803678700295,0.0002500073783615,49.84000015258789,49.78017807006836,49.78017807006836,-0.0028008834937004,F/m US Treasury 3 Month Bill Fund,Q,True,False,False,False,False,False,False,False,False,,False,,,7079277056.0,Bond,unknown,307.0,True,,False,True,210.0,True,True,False,104.0,,0,0,False,Bond,Bond,Bond,Bond,Bond
2026-08-10,BILS,99.22000122070312,99.2300033569336,99.20999908447266,99.2249984741211,171232.0,251,16990494.938720703,30740521.551211547,32267960.838888016,0.0030361125173257,0.0089548725778962,0.0175466611544681,0.9377337366904076,0.9170864252458965,0.9359480506472804,0.0028470651358843,0.0082123920809954,0.0164227633028927,0.0110860220086594,1.0251400626352676,98.8601089477539,98.188728129069,0.0014277584049293,99.2300033569336,99.2300033569336,0.9999495628071836,0.0232504006079203,0.0002343199895738,99.04428152727276,98.9346160888672,98.9346160888672,-0.002926504305562,State Street SPDR Bloomberg 3-12 Month T-Bill ETF,P,True,False,False,False,False,False,False,False,False,,False,,,3866119680.0,Bond,unknown,438.0,True,,False,True,339.0,True,True,False,105.0,,0,0,False,Bond,Bond,Bond,Bond,Bond
2026-08-10,DXJ,179.8699951171875,179.92930603027344,179.2100067138672,179.60000610351562,107834.0,251,19366987.058166504,64897277.33180542,58201856.58858623,0.0260512625244946,0.0853832427438421,0.1049509791174616,0.1358763729381205,0.141032493258908,0.0873061805665266,0.0035397510622871,0.0120418116066946,0.0091628691334628,0.0110341817410635,1.001379320331054,173.85771881103517,164.61206481933593,0.0072769524994786,179.92930603027344,179.92930603027344,0.998169837176483,2.8564666748046874,0.0159046023258947,169.1199951171875,169.1199951171875,169.1199951171875,-0.0583519522838311,WisdomTree Japan Hedged Equity Fund,P,True,False,False,False,False,False,False,False,False,,False,,,7079662592.0,Country / Region,unknown,306.0,True,,False,True,266.0,True,True,False,106.0,,0,0,False,Country / Region,Country / Region,Country / Region,Country / Region,Country / Region
2026-08-10,DFAU,53.4900016784668,53.64500045776367,53.435001373291016,53.5099983215332,506764.0,251,27116940.78941345,29912493.45293045,31848782.866014756,0.0326128644666467,0.0568410128893643,0.1219707611291849,0.2608022756319123,0.1385268317654494,0.1385596790567968,0.0085055092677766,0.0078740054299027,0.016900229516373,0.0110331838601673,0.8714212766846163,51.680871200561526,49.0698952738444,0.0056465056650882,53.7599983215332,53.7599983215332,0.9953497022357632,0.5479501724243164,0.0102401455730155,50.650001525878906,50.650001525878906,50.650001525878906,-0.0534478954469223,Dimensional US Core Equity Market ETF,P,True,False,False,False,False,False,False,False,False,,False,,,12301299712.0,Other,unknown,201.0,True,,False,True,342.0,True,True,False,107.0,,0,0,False,Other,Other,Other,Other,Other
2026-08-10,SCHX,30.5,30.59000015258789,30.46500015258789,30.520000457763672,7502022.0,251,228961714.87415317,267309311.30854037,360298030.4790993,0.0335252200507356,0.0551800877998418,0.126541232501627,0.2584855850754697,0.1313917782510741,0.1419374005284931,0.0086657861195982,0.0072502098600716,0.0179609336009526,0.0109989631693799,0.8504797468395188,29.44381072998047,27.97280014038086,0.0046180797994392,30.6299991607666,30.6299991607666,0.9964087918375192,0.3197503089904785,0.0104767465332439,28.790000915527344,28.790000915527344,28.790000915527344,-0.0566841256975227,Schwab U.S. Large-Cap ETF,P,True,False,False,False,False,False,False,False,False,,False,,,71641505792.0,Other,unknown,41.0,True,,False,True,75.0,True,True,False,108.0,,0,0,False,Other,Other,Other,Other,Other
2026-08-10,TFLO,50.54999923706055,50.560001373291016,50.540000915527344,50.560001373291016,1309677.0,251,66217270.91856766,74986220.07251301,74666331.36623788,0.0031683739348811,0.0097983344347605,0.0189888331779171,0.8887119716366261,0.8312939944540325,0.8559744373514102,0.0028157718465502,0.0081452965712685,0.0162539557954273,0.0109833272997241,0.9664994879196336,50.35779922485352,49.98184951782227,0.0015755781543951,50.560001373291016,50.560001373291016,1.0,0.0134753199229372,0.0002665213519961,50.4700938340523,50.40031539163608,50.40031539163608,-0.003158346070364,iShares Treasury Floating Rate Bond ETF,P,True,False,False,False,False,False,False,False,False,,False,,,6588089856.0,Bond,unknown,325.0,True,,False,True,229.0,True,True,False,109.0,,0,0,False,Bond,Bond,Bond,Bond,Bond
2026-08-10,IWN,224.6199951171875,225.1999053955078,223.5200042724609,224.2899932861328,569730.0,251,127784737.87490845,138635007.75296783,144681741.30352443,0.020520495640574,0.0636456397137468,0.1268573721416928,0.1452496917522282,0.1353141518081178,0.1205168493271004,0.0029805956663963,0.0086121557541507,0.0152884508044322,0.0109488590217492,0.6107055352632696,219.1736456298828,204.77041015625,0.0134617605120461,227.30999755859372,227.30999755859372,0.9867141599362234,2.617497253417969,0.0116701472725925,219.0200042724609,219.0200042724609,219.0200042724609,-0.0234963180321148,iShares Russell 2000 Value ETF,P,True,False,False,False,False,False,False,False,False,,False,,,14527014912.0,Factor / Style,unknown,175.0,True,,False,True,144.0,True,True,False,110.0,,0,0,False,Factor / Style,Factor / Style,Factor / Style,Factor / Style,Factor / Style
2026-08-10,VBR,249.22999572753903,249.7899932861328,248.80999755859372,249.2100067138672,215484.0,251,53700769.08673096,60430682.58092346,68290150.46109833,0.0307304490532014,0.0717791325692036,0.0847713948457205,0.2306741206293201,0.1731183995505066,0.0959420464819159,0.0070887193118913,0.0124262885515041,0.0081331411046249,0.0109236869450964,1.079794330544057,241.49595245361328,230.00167643229167,0.0149223001345928,251.66000366210935,251.66000366210935,0.990264655040172,2.8174980163574217,0.0113057178301526,242.42999267578125,241.07000732421875,241.07000732421875,-0.0326632124326952,Vanguard Morningstar Small-Cap Value ETF,P,True,False,False,False,False,False,False,False,False,,False,,,67781795840.0,Factor / Style,unknown,46.0,True,,False,True,245.0,True,True,False,111.0,,0,0,False,Factor / Style,Factor / Style,Factor / Style,Factor / Style,Factor / Style
2026-08-10,SPYV,62.9900016784668,63.30500030517578,62.95000076293945,63.290000915527344,2028292.0,251,128370602.5369568,139525695.8749672,150167224.32067192,0.0234476190064947,0.0577352773468062,0.0732979903674784,0.2327449228702445,0.2080517516113795,0.121458257179212,0.0054573142771574,0.0120119255817718,0.0089026461647726,0.0109236777858221,1.039671256801657,61.44771560668946,59.25820050557454,0.0077467980839005,63.31999969482422,63.31999969482422,0.9995262353215184,0.5577497482299805,0.0088126045214378,61.560001373291016,61.2400016784668,61.2400016784668,-0.0323905705072854,State Street SPDR Portfolio S&P 500 Value ETF,P,True,False,False,False,False,False,False,False,False,,False,,,35300089856.0,Factor / Style,unknown,85.0,True,,False,True,142.0,True,True,False,112.0,,0,0,False,Factor / Style,Factor / Style,Factor / Style,Factor / Style,Factor / Style
2026-08-10,IVE,235.1699981689453,236.3300018310547,235.2350006103516,236.3300018310547,552943.0,251,130677020.20246889,155693965.04744643,229126763.288247,0.0236053223881749,0.0579797392477718,0.0723545549331206,0.2374726654880719,0.2082408708390651,0.1202238850957558,0.0056056188272251,0.0120737513919779,0.008698745698434,0.0108924993992375,1.0533728297259572,229.47080688476564,221.32377136230468,0.0077389163000278,236.38999938964844,236.38999938964844,0.9997461924838248,2.0537506103515626,0.0086901815023034,229.88999938964844,228.6999969482422,228.6999969482422,-0.0322853840972208,iShares S&P 500 Value ETF,P,True,False,False,False,False,False,False,False,False,,False,,,47735062528.0,Factor / Style,unknown,61.0,True,,False,True,105.0,True,True,False,113.0,,0,0,False,Factor / Style,Factor / Style,Factor / Style,Factor / Style,Factor / Style
2026-08-10,VOOV,227.1499938964844,228.1999969482422,227.1100006103516,228.1999969482422,64527.0,251,14725061.203079224,16103068.251117706,15345150.564382644,0.0234560510333505,0.0578868739199418,0.0728627399497907,0.2344240195826981,0.2070182486303471,0.1196918049153679,0.0054986617667749,0.011983639257592,0.0087210728556695,0.0108417410169191,1.0515051802524946,221.5275228881836,213.64876780192057,0.0077109228914122,228.25999450683597,228.25999450683597,0.9997371525451784,1.9135025024414063,0.0083851995093383,221.9600067138672,220.8600006103516,220.8600006103516,-0.0321647521299284,Vanguard S&P 500 Value ETF,P,True,False,False,False,False,False,False,False,False,,False,,,6683939328.0,Factor / Style,unknown,324.0,True,,False,True,426.0,True,True,False,114.0,,0,0,False,Factor / Style,Factor / Style,Factor / Style,Factor / Style,Factor / Style
2026-08-10,BKLC,49.400001525878906,49.52999877929688,49.334999084472656,49.40999984741211,199306.0,251,9847709.429588318,18897581.89329338,19476862.42462097,0.0320267244998457,0.0533451068033346,0.129907768719736,0.244161325279542,0.1245820277735256,0.1423580006238526,0.0078196874982451,0.0066458415773547,0.0184934102204475,0.0107924906024371,0.8057759981901725,47.72076080322265,45.28459912618001,0.0039688438882521,49.59000015258789,49.59000015258789,0.9963702297918547,0.5308668136596679,0.0107441168852274,46.52000045776367,46.52000045776367,46.52000045776367,-0.0584901720010793,BNY Mellon US Large Cap Core Equity ETF,P,True,False,False,False,False,False,False,False,False,,False,,,5445539328.0,Factor / Style,unknown,362.0,True,,False,True,405.0,True,True,False,115.0,,0,0,False,Factor / Style,Factor / Style,Factor / Style,Factor / Style,Factor / Style
2026-08-10,IUSV,113.94000244140624,114.5199966430664,113.8635025024414,114.5,617679.0,251,70724245.5,59116023.40395965,69649813.05873519,0.0234179729254684,0.0581369745297544,0.0721501184364601,0.2306341870962412,0.2050943842532148,0.1179841193758264,0.0054009851491071,0.0119235669935248,0.0085125681865873,0.0107297174110966,1.0528177294929877,111.2077784729004,107.20159662882487,0.0080625789020121,114.69000244140624,114.69000244140624,0.9983433391109804,1.0208251953125,0.0089155038891921,111.44000244140624,110.86000061035156,110.86000061035156,-0.031790387682519,iShares Core S&P U.S. Value ETF,Q,True,False,False,False,False,False,False,False,False,,False,,,26456442880.0,Factor / Style,unknown,103.0,True,,False,True,243.0,True,True,False,116.0,,0,0,False,Factor / Style,Factor / Style,Factor / Style,Factor / Style,Factor / Style
2026-08-10,SCHK,37.29999923706055,37.39690017700195,37.24300003051758,37.29999923706055,1038323.0,251,38729447.10782242,30960122.57900868,28836299.38139737,0.0326688909210941,0.0543549744880491,0.1269170785723308,0.25,0.1285707654174376,0.1392131715793139,0.0081672227302735,0.0069884606741737,0.0176685290356351,0.0107264846006852,0.8240691441512771,36.0267733001709,34.19100646972656,0.0046611170279839,37.45000076293945,37.45000076293945,0.9959946188832298,0.3923948287963867,0.0105199688156162,35.18000030517578,35.18000030517578,35.18000030517578,-0.0568364336527486,Schwab 1000 Index ETF,P,True,False,False,False,False,False,False,False,False,,False,,,5700246528.0,Other,unknown,357.0,True,,False,True,358.0,True,True,False,117.0,,0,0,False,Other,Other,Other,Other,Other
2026-08-10,IALT,28.940000534057617,29.049999237060547,28.82999992370605,28.940000534057617,1150598.0,165,33298306.734485622,35398446.61534405,112517840.30347884,0.0204513367850334,0.0353380736901327,0.1072311899106919,0.2521733361528861,0.1337665826342108,0.2037074518345673,0.0051572818258681,0.0047270533544049,0.0218437924538956,0.0107179120392266,1.100667187986063,28.41513626098633,27.395218912760416,0.0039424870899273,29.049999237060547,29.049999237060547,0.9962134696767014,0.2924000740051269,0.0101036651212573,28.26000022888184,28.209999084472656,28.209999084472656,-0.0252246522499496,iShares Systematic Alternatives Active ETF,Q,True,False,False,False,False,False,False,False,False,,False,,,4825180672.0,Other,unknown,384.0,True,,False,True,174.0,False,False,False,118.0,,0,0,False,Other,Other,Other,Other,Other
2026-08-10,IWV,439.7099914550781,440.9100036621094,439.59478759765625,440.1600036621094,79834.0,251,35139733.73236084,85577088.95209046,98491267.0454925,0.0321249647834183,0.0546078596535561,0.1242618388157399,0.2450803446351926,0.1312661119931494,0.1391984942187633,0.0078731974405135,0.0071681614209898,0.0172970608520056,0.0107132762218454,0.8458561588165066,425.23880981445313,403.9038423665365,0.004918276396775,442.05999755859375,442.05999755859375,0.9957019546962456,4.591267395019531,0.0104309054816894,415.3599853515625,415.3599853515625,415.3599853515625,-0.0563431890771809,iShares Russell 3000 Fund,P,True,False,False,False,False,False,False,False,False,,False,,,19473276928.0,US Equity,unknown,138.0,True,,False,True,196.0,True,True,False,119.0,,0,0,False,US Equity,US Equity,US Equity,US Equity,US Equity
2026-08-10,DFUS,84.4800033569336,84.75499725341797,84.41000366210938,84.52999877929688,386351.0,251,32658249.558380127,56745493.57891693,60732270.93627155,0.03223836133014,0.0556412004651121,0.1272302813325461,0.2369841248099497,0.1266517774459102,0.1375355251229336,0.0076399798451301,0.0070470569381306,0.0174986835546103,0.0107051262538985,0.8144916655149893,81.67866943359375,77.43689025878906,0.0048648461280118,84.92500305175781,84.92500305175781,0.9953487870678062,0.9159488677978516,0.0108357847039527,79.62000274658203,79.62000274658203,79.62000274658203,-0.0580858405728192,Dimensional U.S. Equity Market ETF,P,True,False,False,False,False,False,False,False,False,,False,,,21026164736.0,US Equity,unknown,129.0,True,,False,True,261.0,True,True,False,120.0,,0,0,False,US Equity,US Equity,US Equity,US Equity,US Equity
2026-08-10,EFV,81.66000366210938,81.7750015258789,81.52010345458984,81.6500015258789,4086077.0,251,333628193.2848587,255433758.42694587,394634706.6013921,0.0463924490992366,0.0742033406609554,0.0768254844116802,0.340866460486284,0.1778538974270885,0.0790335001925298,0.0158136299177469,0.0131973533386608,0.0060717869370417,0.0107034050980941,1.43699659164294,77.96730865478516,75.43552047729492,0.012017546292653,82.45999908447266,82.45999908447266,0.9901770850401784,0.8649940490722656,0.0105939256939034,79.01000213623047,77.87000274658203,77.87000274658203,-0.0462951464624138,iShares MSCI EAFE Value ETF,Z,True,False,False,False,False,False,False,False,False,,False,,,23718227968.0,Country / Region,unknown,116.0,True,,False,True,72.0,True,True,False,121.0,,0,0,False,Country / Region,Country / Region,Country / Region,Country / Region,Country / Region
2026-08-10,VTI,381.6300048828125,382.6499938964844,381.1099853515625,381.6300048828125,5149789.0,251,1965314001.215454,1146887563.258557,1244339616.4503446,0.0320460980654291,0.0547242851930489,0.126017300787872,0.2435767233338121,0.128509819751051,0.1385568010958492,0.0078056835624112,0.0070326080261638,0.0174605540799009,0.0106823891449718,0.8338615552491269,368.8651373291016,350.00229207356773,0.0048525951502689,383.2900085449219,383.2900085449219,0.9956690661767804,4.084999084472656,0.0107040825726662,360.20001220703125,360.20001220703125,360.20001220703125,-0.0561538463998966,Vanguard Morningstar Total Stock Market ETF,P,True,False,False,False,False,False,False,False,False,,False,,,2297940410368.0,US Equity,unknown,1.0,True,,False,True,28.0,True,True,False,122.0,,0,0,False,US Equity,US Equity,US Equity,US Equity,US Equity
2026-08-10,VV,355.69000244140625,357.05499267578125,355.6199951171875,356.0799865722656,160998.0,251,57328165.67816162,88339391.99911804,91749805.01454283,0.0321458495951039,0.0532597124557581,0.1276327714705365,0.2410345868252352,0.1254071931252749,0.1415127122308148,0.007748261575302,0.0066791510457358,0.0180616596603313,0.0106630290608443,0.7791423500664894,343.9184832763672,326.44342447916665,0.0041690702331182,357.6000061035156,357.6000061035156,0.9957493861708436,3.824751281738281,0.0107412700122702,335.4100036621094,335.4100036621094,335.4100036621094,-0.0580487072838095,Vanguard Morningstar Large-Cap ETF,P,True,False,False,False,False,False,False,False,False,,False,,,73819176960.0,Other,unknown,40.0,True,,False,True,207.0,True,True,False,123.0,,0,0,False,Other,Other,Other,Other,Other
2026-08-10,PBUS,77.44999694824219,77.76000213623047,77.45999908447266,77.55000305175781,121990.0,251,9460324.872283936,12775965.60938263,25584855.62488132,0.0322109129084222,0.0534102911890481,0.127134105400869,0.2372557188729727,0.1267335273710188,0.1401193294379759,0.0076422232976424,0.0067688746003013,0.0178139455974667,0.0106346494493092,0.7885077732755528,74.90073089599609,71.12117383321126,0.004298320784333,77.83000183105469,77.83000183105469,0.9964024312898686,0.7893001556396484,0.0101779513162992,73.18000030517578,73.18000030517578,73.18000030517578,-0.0563507746565198,Invesco MSCI USA ETF,Z,True,False,False,False,False,False,False,False,False,,False,,,11176468480.0,Country / Region,unknown,220.0,True,,False,True,378.0,True,True,False,124.0,,0,0,False,Country / Region,Country / Region,Country / Region,Country / Region,Country / Region
2026-08-10,DFAT,71.79000091552734,72.05000305175781,71.7300033569336,71.87000274658203,245980.0,251,17678583.275604248,24163815.836982727,22848902.103012327,0.0312813922916515,0.072327489693805,0.0846702186958572,0.2256730021205934,0.1663720892477933,0.0947457826283249,0.0070593657089689,0.0120332755704065,0.0080221461356504,0.0106293802682419,0.9700958069232968,69.54449554443359,65.96980809529623,0.0154722497520354,72.80000305175781,72.80000305175781,0.9872252710688132,0.837100601196289,0.0116474268708178,70.09500122070312,69.48999786376953,69.48999786376953,-0.0331154138285557,Dimensional U.S. Targeted Value ETF,P,True,False,False,False,False,False,False,False,False,,False,,,14320157696.0,Factor / Style,unknown,178.0,True,,False,True,390.0,True,True,False,125.0,,0,0,False,Factor / Style,Factor / Style,Factor / Style,Factor / Style,Factor / Style
2026-08-10,VONE,350.1700134277344,351.0994873046875,349.3901062011719,350.1000061035156,63106.0,251,22093410.985168457,27353791.601046752,29815732.327155218,0.0325911184438509,0.0546719437909226,0.1227115925750821,0.2493799713350813,0.1319755723754262,0.1382594627828889,0.0081275721833057,0.0072153610746841,0.0169660388666635,0.0106280983018769,0.860148891465886,338.0368585205078,321.32889790852863,0.0046750402891151,351.4200134277344,351.4200134277344,0.9962437901263976,3.6534683227539055,0.0104354991689822,330.1099853515625,330.1099853515625,330.1099853515625,-0.0570980302869306,Vanguard Russell 1000 ETF,Q,True,False,False,False,False,False,False,False,False,,False,,,11460844544.0,US Equity,unknown,214.0,True,,False,True,353.0,True,True,False,126.0,,0,0,False,US Equity,US Equity,US Equity,US Equity,US Equity
2026-08-10,SHV,110.16999816894533,110.16999816894533,110.1500015258789,110.16000366210938,1824580.0,251,200995739.48181152,297864449.6951904,284807325.6811305,0.0030892517824958,0.008840045359364,0.0176274492944426,0.8948363987604138,0.8583698557646644,0.9229633784521823,0.0027643749399127,0.0075880284600703,0.0162694901542932,0.0106265400530483,0.993813198933236,109.75876724243165,109.00855743408204,0.0014256157027154,110.16999816894533,110.16999816894533,0.9999092810474536,0.0249422180186819,0.0002264180935867,109.9702764508006,109.84067564030592,109.84067564030592,-0.0028987655336587,iShares 0-1 Year Treasury Bond ETF,N,True,False,False,False,False,False,False,False,False,,False,,,20945842176.0,Bond,unknown,131.0,True,,False,True,90.0,True,True,False,127.0,,0,0,False,Bond,Bond,Bond,Bond,Bond
2026-08-10,ITOT,169.47999572753906,169.92990112304688,169.25,169.47000122070312,6931785.0,251,1174729612.4116516,273732812.7282028,313845176.3638475,0.0320950327064994,0.0541474695929933,0.1266958181215409,0.2405297609222971,0.1264136143056571,0.1387977636803209,0.0077198105436876,0.0068449773367559,0.0175850962229185,0.0106040189469128,0.8138474006999137,163.8368814086914,155.41276041666666,0.004775526126838,170.2100067138672,170.2100067138672,0.9956523972506032,1.8114952087402345,0.0106891791803382,159.92999267578125,159.92999267578125,159.92999267578125,-0.0562931992459113,iShares Core S&P Total U.S. Stock Market ETF,P,True,False,False,False,False,False,False,False,False,,False,,,94139031552.0,Other,unknown,33.0,True,,False,True,83.0,True,True,False,128.0,,0,0,False,Other,Other,Other,Other,Other
2026-08-10,VTHR,341.760009765625,342.5299987792969,341.29998779296875,341.6700134277344,57250.0,251,19560608.268737797,9360424.343032837,11017041.590009416,0.0320174158607335,0.0548006586284253,0.1244347742858367,0.2370305414618001,0.1307341026976899,0.1363900461620058,0.0075891054176773,0.0071643149330296,0.016971664609004,0.0105968873196206,0.8427198611506558,330.13771484375,313.4877461751302,0.0049535994319054,342.9700012207031,342.9700012207031,0.9962096166185328,3.5920013427734374,0.0105130716820519,322.5299987792969,322.5299987792969,322.5299987792969,-0.056019006340121,Vanguard Russell 3000 ETF,Q,True,False,False,False,False,False,False,False,False,,False,,,6104798208.0,US Equity,unknown,345.0,True,,False,True,447.0,True,True,False,129.0,,0,0,False,US Equity,US Equity,US Equity,US Equity,US Equity
2026-08-10,XLE,58.18999862670898,60.209999084472656,58.09999847412109,60.18000030517578,33578202.0,251,2020736206.607254,1723259576.6244607,1915045728.1260445,0.0606273973378199,0.0882226808498631,0.1457283636623767,0.2415730382228003,0.1056871965461576,0.0884977815914985,0.014645944574438,0.0093240078108084,0.0128966368990794,0.0105744279917032,4.524048999912211,56.5528092956543,55.40025952657064,-6.310976294332526e-05,60.45000076293945,63.00561722652753,0.9551529364248168,1.300499725341797,0.0216101648179943,57.11000061035156,55.7599983215332,55.7599983215332,-0.0734463602729897,State Street Energy Select Sector SPDR ETF,P,True,False,False,False,False,False,False,False,False,,False,,,35721338880.0,Sector,unknown,84.0,True,,False,True,18.0,True,True,False,130.0,,0,0,False,Sector,Sector,Sector,Sector,Sector
2026-08-10,SPMO,149.91000366210938,150.58839416503906,148.58999633789062,148.6999969482422,1953909.0,251,290546262.33714294,339531922.5558678,350000173.99089193,-0.0068790409983791,0.0355899727224162,0.2462411171203107,0.0,0.0294429529599525,0.1144578560332801,-0.0,0.001047873892712,0.0281842303328305,0.0105455986467535,0.0825142657593165,150.6311505126953,132.93622314453123,0.0007387884062342,153.60000610351562,162.3000030517578,0.9162045234270356,4.696771240234375,0.031585550347181,136.2899932861328,136.2899932861328,136.2899932861328,-0.0834566504155942,Invesco S&P 500 Momentum ETF,P,True,False,False,False,False,False,False,False,False,,False,,,22210627584.0,Factor / Style,unknown,125.0,True,,False,True,76.0,True,True,False,131.0,,0,0,False,Factor / Style,Factor / Style,Factor / Style,Factor / Style,Factor / Style
2026-08-10,GSUS,106.7699966430664,107.0998992919922,106.68000030517578,106.7699966430664,41384.0,251,4418569.54107666,6850952.235636902,8886394.246647911,0.0313949005543914,0.052504370344053,0.1280179263399918,0.2360202608288057,0.1233318852887206,0.1412208161086295,0.0074098326175418,0.0064754629804292,0.018078796034268,0.0105366295492728,0.7493883256145182,103.16953491210936,97.91429865519206,0.0041271080121223,107.19200134277344,107.19200134277344,0.9960630952457212,1.118943023681641,0.0104799387361815,100.6500015258789,100.6500015258789,100.6500015258789,-0.0573194278318348,Goldman Sachs MarketBeta U.S. Equity ETF,Z,True,False,False,False,False,False,False,False,False,,False,,,3177762560.0,US Equity,unknown,487.0,True,,False,True,460.0,True,True,False,132.0,,0,0,False,US Equity,US Equity,US Equity,US Equity,US Equity
2026-08-10,BBUS,139.32000732421875,139.7790069580078,139.30999755859375,139.47500610351562,150991.0,251,21059470.646575928,27616264.697032165,30427876.454960413,0.0327656642115137,0.0528679273405652,0.1260625168966958,0.2514927114056593,0.125820781574031,0.1405752389731324,0.0082403257335609,0.006651883938189,0.0177212684383075,0.0105261685132304,0.8072168610861944,134.684482421875,127.97136795043946,0.0040761110675608,140.02000427246094,140.02000427246094,0.9961077120960172,1.4818023681640624,0.0106241427016988,131.375,131.375,131.375,-0.0580749650407181,JPMorgan BetaBuilders U.S. Equity ETF,Z,True,False,False,False,False,False,False,False,False,,False,,,8542320128.0,US Equity,unknown,271.0,True,,False,True,347.0,True,True,False,133.0,,0,0,False,US Equity,US Equity,US Equity,US Equity,US Equity
2026-08-10,IWB,422.8900146484375,424.4599914550781,422.7300109863281,423.30999755859375,227275.0,251,96207779.6951294,213905114.5601654,244984130.28964087,0.0324382026686895,0.0543375572897508,0.1232517190882362,0.24484537820036,0.1294164417769662,0.1379116189302574,0.0079423440005552,0.0070321733192916,0.0169978441153959,0.0105201580979281,0.8606600483897076,408.7932452392578,388.669858194987,0.004627287599896,424.9400024414063,424.9400024414063,0.9961641528840598,4.470498657226562,0.0105608152016484,399.1499938964844,399.1499938964844,399.1499938964844,-0.0570740209337135,iShares Russell 1000 ETF,P,True,False,False,False,False,False,False,False,False,,False,,,48330235904.0,US Equity,unknown,59.0,True,,False,True,102.0,True,True,False,134.0,,0,0,False,US Equity,US Equity,US Equity,US Equity,US Equity
2026-08-10,AVUV,126.83000183105467,127.26000213623048,126.5999984741211,127.0,1144843.0,251,145395061.0,153481919.2295807,155910247.95130074,0.0244413870247737,0.0636434219629156,0.1094308134644785,0.1958628662059768,0.147006050551885,0.115367816931889,0.0047871601167217,0.0093559681063753,0.0126247940544776,0.0105000571882111,0.8715841071434701,123.80820175170898,116.3829610188802,0.0124152941803605,129.0500030517578,129.0500030517578,0.9841146609587011,1.4959999084472655,0.0117795268381674,123.9000015258789,123.66000366210938,123.66000366210938,-0.0262991837629182,Avantis U.S. Small Cap Value ETF,P,True,False,False,False,False,False,False,False,False,,False,,,29055420416.0,Factor / Style,unknown,95.0,True,,False,True,139.0,True,True,False,135.0,,0,0,False,Factor / Style,Factor / Style,Factor / Style,Factor / Style,Factor / Style
2026-08-10,SCHB,29.8799991607666,29.959999084472656,29.834999084472656,29.8700008392334,5470081.0,251,163391324.06067467,204676605.44846755,255522478.56129307,0.0314227135196512,0.0537955454757967,0.1260168081945611,0.2363640687259754,0.1254196371435918,0.1379635858579736,0.0074272004179154,0.006747017793516,0.0173857307368981,0.0104705673236997,0.8007777078542443,28.886990432739257,27.40327003479004,0.0047266359917506,30.01000022888184,30.01000022888184,0.9953349087443958,0.3247500419616699,0.0108721135867903,28.190000534057617,28.190000534057617,28.190000534057617,-0.0562437314353586,Schwab U.S. Broad Market ETF,P,True,False,False,False,False,False,False,False,False,,False,,,43229065216.0,Other,unknown,72.0,True,,False,True,98.0,True,True,False,136.0,,0,0,False,Other,Other,Other,Other,Other
2026-08-10,XT,82.83999633789062,83.39610290527344,82.83999633789062,83.22000122070312,80662.0,251,6712691.738464356,6740442.942254638,7739801.730836414,0.0265203100280284,0.0571564366507373,0.1654307702104436,0.1522665319454162,0.0855799601401566,0.1258035255511294,0.0040381556340851,0.0048914455703234,0.0208117741271125,0.0104635605651996,0.5969600281470209,81.1674722290039,75.56015523274739,0.0008770134466857,83.39610290527344,83.85781860351562,0.9923940618366413,1.1185546875,0.0134409357256982,77.16999816894531,77.16999816894531,77.16999816894531,-0.0726989060684214,iShares Future Exponential Technologies ETF,Q,True,False,False,False,False,False,False,False,False,,False,,,3962071552.0,Other,unknown,428.0,True,,False,True,461.0,True,True,False,137.0,,0,0,False,Other,Other,Other,Other,Other
2026-08-10,ESGV,136.94000244140625,137.25990295410156,136.6999969482422,136.83999633789062,110942.0,251,15181302.873718262,23012630.787606813,25742101.94739254,0.0325987920778194,0.0532447308965822,0.1395485185271781,0.2144981229567503,0.1091158921166519,0.1342285406488647,0.0069923797113496,0.0058098463122916,0.0187313939916141,0.0103323880000545,0.6202303751662426,132.17676055908203,124.680699412028,0.0045979086266194,137.60000610351562,137.60000610351562,0.9944766734599324,1.599994659423828,0.0116924488617571,128.7100067138672,128.7100067138672,128.7100067138672,-0.0594123782636514,Vanguard ESG U.S. Stock ETF,Z,True,False,False,False,False,False,False,False,False,,False,,,13178104832.0,Other,unknown,194.0,True,,False,True,377.0,True,True,False,138.0,,0,0,False,Other,Other,Other,Other,Other
2026-08-10,MSLC,61.13999938964844,61.400001525878906,61.17010116577149,61.18999862670898,86343.0,251,5283328.051425934,3777447.8807092663,4741329.665230221,0.0355389823776997,0.0544545909682061,0.1157913649973145,0.2730819103858055,0.1375827718051773,0.1345452705544744,0.0097050532008697,0.0074920135629229,0.0155791805314355,0.0103225220019023,1.0365317961864624,58.92810005187988,56.35205998738607,0.00520992633749,61.43000030517578,61.43000030517578,0.9960930868097916,0.5826944351196289,0.0095227071122254,57.77000045776367,57.77000045776367,57.77000045776367,-0.0558914568671441,Morgan Stanley Pathway Large Cap Equity ETF,P,True,False,False,False,False,False,False,False,False,,False,,,3979997184.0,Factor / Style,unknown,424.0,True,,False,True,468.0,False,False,False,139.0,,0,0,False,Factor / Style,Factor / Style,Factor / Style,Factor / Style,Factor / Style
2026-08-10,SCHG,35.76499938964844,35.915000915527344,35.709999084472656,35.83000183105469,6749517.0,251,241835206.46873477,255264649.81314468,332855415.8320315,0.0424789916945702,0.0511997401720374,0.1543222841389602,0.2474578945088452,0.0954323071393421,0.1323090685523001,0.010511761845597,0.0048861093295523,0.0204182376712892,0.0103223542491602,0.7599694408605878,34.13550178527832,32.50766245524088,0.0023575610311648,35.915000915527344,35.915000915527344,0.9976333264010608,0.478250503540039,0.0133477666508386,33.220001220703125,33.20000076293945,33.20000076293945,-0.0734022030061899,Schwab U.S. Large-Cap Growth ETF,P,True,False,False,False,False,False,False,False,False,,False,,,59069509632.0,Factor / Style,unknown,49.0,True,,False,True,79.0,True,True,False,140.0,,0,0,False,Factor / Style,Factor / Style,Factor / Style,Factor / Style,Factor / Style
2026-08-10,SPYM,90.94000244140624,91.2249984741211,90.86000061035156,91.0,10499385.0,251,955444035.0,872805650.8293991,1109833217.3737202,0.031980037254079,0.0510382476680315,0.125600628351838,0.2495575962131181,0.1219219034636177,0.1410431061039825,0.0079808612239339,0.0062226803051339,0.0177151027513551,0.0102450281613113,0.751800264370194,87.92004470825195,83.52036692301432,0.0040017811722807,91.44000244140624,91.44000244140624,0.9951880749162468,0.9652503967285156,0.0106071472167968,85.80999755859375,85.80999755859375,85.80999755859375,-0.057032993861607,State Street SPDR Portfolio S&P 500 ETF,P,True,False,False,False,False,False,False,False,False,,False,,,153918701568.0,US Equity,unknown,17.0,True,,False,True,31.0,True,True,False,141.0,,0,0,False,US Equity,US Equity,US Equity,US Equity,US Equity
2026-08-10,VOO,710.3099975585938,712.4378051757812,709.5,710.6500244140625,6627590.0,251,4709896995.3063965,3812559184.648743,5436850860.191224,0.0321714225331335,0.0511467713905251,0.1255104811580047,0.2466872133982454,0.1221513154972663,0.140641083730748,0.0079362785757562,0.0062476454087905,0.0176519300896294,0.0102391450470841,0.7530893653621907,686.5956701660157,652.2446834309895,0.0039812683516109,714.1599731445312,714.1599731445312,0.9950852065889186,7.587884521484375,0.0106773858591514,670.1599731445312,670.1599731445312,670.1599731445312,-0.0569760780672816,Vanguard S&P 500 ETF,P,True,False,False,False,False,False,False,False,False,,False,,,1670882131968.0,US Equity,unknown,2.0,True,,False,True,7.0,True,True,False,142.0,,0,0,False,US Equity,US Equity,US Equity,US Equity,US Equity
2026-08-10,SPTM,93.76000213623048,94.06999969482422,93.70500183105467,93.83999633789062,325928.0,251,30585082.326416016,41704043.65630646,45722430.36144051,0.0318890897144288,0.0518529338118687,0.1230338706241698,0.2436970910834771,0.1258393405565289,0.1388777895693375,0.0077712784007063,0.0065251389968069,0.0170866719944445,0.01022167554598,0.7723868168976801,90.71207077026368,86.1629046122233,0.0045935608491702,94.3000030517578,94.3000030517578,0.995121880180484,0.9697505950927734,0.0103340860287438,88.66999816894531,88.66999816894531,88.66999816894531,-0.0550937592786091,State Street SPDR Portfolio S&P 1500 Composite Stock Market ETF,P,True,False,False,False,False,False,False,False,False,,False,,,13582209024.0,Other,unknown,189.0,True,,False,True,296.0,True,True,False,143.0,,0,0,False,Other,Other,Other,Other,Other
2026-08-10,IVV,776.4199829101562,778.7235107421875,775.52001953125,776.739990234375,4113908.0,251,3195436859.745117,3321542040.679212,5750092697.117749,0.0321028629459969,0.0510900940761425,0.1255722339978127,0.2455282737402965,0.1206916971253494,0.1400392076600424,0.0078821605212519,0.0061661501603434,0.0175850361531551,0.0101627602578275,0.7561431451661048,750.3698046875,712.8892569986979,0.0039704317016249,780.6400146484375,780.6400146484375,0.9950040680199838,8.335183715820312,0.0107309831096828,732.5,732.5,732.5,-0.0569559837147382,iShares Core S&P 500 ETF,P,True,False,False,False,False,False,False,False,False,,False,,,888128929792.0,US Equity,unknown,3.0,True,,False,True,6.0,True,True,False,144.0,,0,0,False,US Equity,US Equity,US Equity,US Equity,US Equity
2026-08-10,AIQ,63.26499938964844,63.752201080322266,63.09000015258789,63.5099983215332,838544.0,251,53255928.03253174,112279497.54264069,160530711.42440432,0.036052187797362,0.0192584965783126,0.2681708466342458,0.1015158210957522,0.0149700239751092,0.1054242511055778,0.0036598674465474,0.0002883001555019,0.0282717106747641,0.0100824938372436,0.0427894620828693,62.841200256347655,56.10700014750163,-0.0072197940518368,63.752201080322266,70.26000213623047,0.903928215065958,1.7693605422973633,0.0278595589522706,55.91999816894531,55.91999816894531,55.91999816894531,-0.119508744342298,Global X Artificial Intelligence & Technology ETF,Q,True,False,False,False,False,False,False,False,False,,False,,,10413852672.0,Industry / Theme,unknown,239.0,True,,False,True,135.0,True,True,False,145.0,,0,0,False,Industry / Theme,Industry / Theme,Industry / Theme,Industry / Theme,Industry / Theme
2026-08-10,DFAS,83.4000015258789,83.45999908447266,83.08000183105469,83.22000122070312,370045.0,251,30795145.351715088,36911633.1288681,37766706.38156951,0.0310990232276355,0.0713515959956609,0.0970905678557383,0.2161932518260286,0.1468055283864115,0.0954167778667378,0.0067233989601957,0.0104748087513567,0.0092640691460464,0.0100510498894981,1.1016539584494165,80.66720474243164,76.37760854085286,0.0136795699351228,84.11000061035156,84.11000061035156,0.9894186258091776,0.946000289916992,0.0113674630622529,80.23999786376953,80.1500015258789,80.1500015258789,-0.0368901664238437,Dimensional U.S. Small Cap ETF,P,True,False,False,False,False,False,False,False,False,,False,,,15242885120.0,Factor / Style,unknown,169.0,True,,False,True,315.0,True,True,False,146.0,,0,0,False,Factor / Style,Factor / Style,Factor / Style,Factor / Style,Factor / Style
2026-08-10,SPY,772.5999755859375,775.030029296875,771.8900146484375,773.030029296875,31958749.0,251,24705072675.761475,36855870777.623215,39346812020.78971,0.0318486417381997,0.0507056845000277,0.1252760476305214,0.2427268499460121,0.1192800559543622,0.1392952157217612,0.0077305204841723,0.0060481768843675,0.0174503540794631,0.010038938902651,0.7454210268911684,747.0205139160156,709.7142765299479,0.0039466181091594,776.8499755859375,776.8499755859375,0.9950827747839196,8.255496215820312,0.01067939912157,729.0999755859375,729.0999755859375,729.0999755859375,-0.056828392230629,State Street SPDR S&P 500 ETF Trust,P,True,False,False,False,False,False,False,False,False,,False,,,781188857856.0,US Equity,unknown,4.0,True,,False,True,1.0,True,True,False,147.0,,0,0,False,US Equity,US Equity,US Equity,US Equity,US Equity
2026-08-10,FEZ,71.83999633789062,71.88500213623047,71.6500015258789,71.69999694824219,1266217.0,251,90787755.03581238,51485571.39890824,88805599.19260468,0.0626944664444602,0.0861118600695709,0.0810113620586587,0.3986800644867165,0.1461718189058864,0.0605192730802452,0.0249950339250376,0.0125871272157383,0.0049027487430305,0.0098975947502906,1.7937567922303566,68.24065063476563,65.83091634114584,0.0134111948467903,72.02999877929688,72.02999877929688,0.995418550095137,0.8627494812011719,0.0120327687297387,67.37000274658203,66.91000366210938,66.91000366210938,-0.0668060458857556,State Street SPDR EURO STOXX 50 ETF,P,True,False,False,False,False,False,False,False,False,,False,,,4349350400.0,Other,unknown,405.0,True,,False,True,212.0,True,True,False,148.0,,0,0,False,Other,Other,Other,Other,Other
2026-08-10,AMLP,54.58000183105469,55.05500030517578,54.58000183105469,55.04999923706055,1072393.0,251,59035233.83182907,64652781.59960003,73535421.78377491,0.0253306136177662,0.0556627521166432,0.1295998761364076,0.1808512257256805,0.1053879257809816,0.1330915736823401,0.0045810725211566,0.0058661819888339,0.0172486514640308,0.0098500463051528,0.8052128848283924,53.04039993286133,51.42780225118001,0.0037583883663838,55.619998931884766,55.619998931884766,0.989751893100137,0.7187496185302734,0.0130563056946674,54.209999084472656,53.15999984741211,53.15999984741211,-0.0343324144567118,Alerian MLP ETF,P,True,False,False,False,False,False,False,False,False,,False,,,12160584704.0,REIT / Infra,unknown,202.0,True,,False,True,231.0,True,True,False,149.0,,0,0,False,REIT / Infra,REIT / Infra,REIT / Infra,REIT / Infra,REIT / Infra
2026-08-10,VDE,164.39999389648438,170.13999938964844,164.0399932861328,170.07000732421875,590164.0,251,100369195.80249023,73353797.8408905,105358672.9941261,0.0619420156465715,0.0810222474697974,0.148823430097736,0.2383472991720218,0.09773720196376,0.0901123678813319,0.0147637121346314,0.0079188877645133,0.0134108316823288,0.0098410681357487,5.026493981958604,159.63075958251954,156.651240234375,-0.0007378459110952,170.85000610351562,178.14346855470643,0.9546800042909888,3.599501037597656,0.0211648196776732,161.32000732421875,157.5,157.5,-0.0739107825182572,Vanguard Energy ETF,P,True,False,False,False,False,False,False,False,False,,False,,,11076583424.0,Other,unknown,225.0,True,,False,True,182.0,True,True,False,150.0,,0,0,False,Other,Other,Other,Other,Other
2026-08-10,THRO,44.209999084472656,44.38999938964844,44.18999862670898,44.25,622751.0,251,27556731.75,24320813.741068263,78898369.63321577,0.0326721487918937,0.0470292833853935,0.144596610594957,0.2114807490180892,0.0939346584148348,0.1371455904650427,0.0069095304985401,0.0044176796703014,0.0198307875392892,0.0098122674244471,0.5155999787945267,42.82420120239258,40.298126017252606,0.0028332349504323,44.43000030517578,44.43000030517578,0.9959486764812197,0.5490499496459961,0.0124079084665761,41.220001220703125,41.220001220703125,41.220001220703125,-0.0684745486846751,iShares U.S. Thematic Rotation Active ETF,P,True,False,False,False,False,False,False,False,False,,False,,,6481671680.0,Other,unknown,330.0,True,,False,True,223.0,True,True,False,151.0,,0,0,False,Other,Other,Other,Other,Other
2026-08-10,MGC,283.29998779296875,284.5400085449219,283.20001220703125,283.6300048828125,74158.0,251,21033433.90209961,23248923.10913696,28071185.60670108,0.0341270144167105,0.0489205719841012,0.1314782738907765,0.2334171743423681,0.1070217879415005,0.1367435867583156,0.0079658312738898,0.0052355670808593,0.0179788107526169,0.0096957023659745,0.6653139755352628,273.6684893798828,259.5649104817708,0.0027138085087723,284.8800048828125,284.8800048828125,0.9956121876629628,3.1809982299804687,0.0112153092945676,265.4100036621094,265.4100036621094,265.4100036621094,-0.0642386239362478,Vanguard Morningstar Mega Cap ETF,P,True,False,False,False,False,False,False,False,False,,False,,,10574559232.0,Other,unknown,236.0,True,,False,True,365.0,True,True,False,152.0,,0,0,False,Other,Other,Other,Other,Other
2026-08-10,USCA,45.880001068115234,45.87009811401367,45.86130142211914,45.86439895629883,1227.0,251,56275.61751937866,1470645.3160245896,5520554.896307991,0.0347297950786833,0.0548164128487975,0.1147372832404778,0.2388662577674862,0.1266516801092978,0.1284453119283242,0.0082957761834767,0.0069425907848651,0.0147374661356316,0.0096707971576334,1.0686261504189958,44.10697463989258,42.28236457824707,0.0047807417166645,46.709999084472656,46.709999084472656,0.9818968070060416,0.4085849761962891,0.0089085431291839,43.1619987487793,43.1619987487793,43.1619987487793,-0.0589215223357547,Xtrackers MSCI USA Climate Action Equity ETF,P,True,False,False,False,False,False,False,False,False,,False,,,3158330624.0,Country / Region,unknown,490.0,True,,False,True,466.0,False,False,False,153.0,,0,0,False,Country / Region,Country / Region,Country / Region,Country / Region,Country / Region
2026-08-10,SPYG,123.05999755859376,123.5,122.59980010986328,122.7300033569336,1677384.0,251,205865343.9508667,322869148.3230697,311759038.70986795,0.0392041062034989,0.0452717673183169,0.1722810297117902,0.1807889407445407,0.0683419269056714,0.1254181550360808,0.007087668833367,0.0030939598129589,0.0216071688941689,0.0095735829913824,0.4988717186092821,118.1304524230957,110.80177439371744,0.0008540668270715,124.04000091552734,124.04000091552734,0.989438910440787,2.0770099639892576,0.0169234083531206,111.77999877929688,111.77999877929688,111.77999877929688,-0.0892202744082961,State Street SPDR Portfolio S&P 500 Growth ETF,P,True,False,False,False,False,False,False,False,False,,False,,,52988604416.0,Factor / Style,unknown,53.0,True,,False,True,85.0,True,True,False,154.0,,0,0,False,Factor / Style,Factor / Style,Factor / Style,Factor / Style,Factor / Style
2026-08-10,VOOG,85.48500061035156,85.73930358886719,85.11000061035156,85.19999694824219,1067597.0,251,90959261.14195251,112510247.29114456,128422060.66919938,0.0387710367633209,0.0448769997516771,0.172415147062467,0.1778520898236067,0.0677486900345444,0.1254819997643582,0.0068955099129845,0.0030403579458567,0.0216349974430642,0.0095484817698793,0.4886498825330298,82.02075759887695,76.93424362182617,0.0008009163057625,86.13999938964844,86.13999938964844,0.9890875035051462,1.4469661712646484,0.016983171632549,77.61000061035156,77.61000061035156,77.61000061035156,-0.0890844672506436,Vanguard S&P 500 Growth ETF,P,True,False,False,False,False,False,False,False,False,,False,,,26322757632.0,Factor / Style,unknown,104.0,True,,False,True,154.0,True,True,False,155.0,,0,0,False,Factor / Style,Factor / Style,Factor / Style,Factor / Style,Factor / Style
2026-08-10,BOXX,117.7699966430664,117.7699966430664,117.75,117.7699966430664,1808229.0,251,212955123.25989527,280163146.1356815,285044971.4771841,0.0031515767664274,0.0096013296402659,0.0189478696774281,0.902452640589527,0.7567556421597434,0.7275688225707109,0.002844148774883,0.0072658603775068,0.0137858792314296,0.0095478669763798,0.9905407708105204,117.28839935302734,116.44189977010092,0.001526774039614,117.77999877929688,117.77999877929688,0.9999150778032422,0.0365005493164062,0.0003099308003466,117.58999633789062,117.4000015258789,117.4000015258789,-0.0031416755348042,Alpha Architect 1-3 Month Box ETF,Z,True,False,False,False,False,False,False,False,False,,False,,,12697272320.0,Other,unknown,198.0,True,,False,True,89.0,True,True,False,156.0,,0,0,False,Other,Other,Other,Other,Other
2026-08-10,IUSG,194.00999450683597,194.92999267578125,193.5749969482422,193.7400054931641,559375.0,251,108373315.57273863,96062724.32264328,98937967.84248352,0.0398239473876449,0.0446857051457474,0.1702886598565287,0.18861214381435,0.0692822937453525,0.126299581383101,0.0075112800919335,0.0030959281501258,0.0215073864541688,0.0095399385565409,0.5064549654582964,186.60711486816408,175.1060482788086,0.0010559105332115,195.63999938964844,195.63999938964844,0.9902883157717648,3.200247955322266,0.0165182608887413,176.8000030517578,176.8000030517578,176.8000030517578,-0.08743678105245,iShares Core S&P U.S. Growth ETF,Q,True,False,False,False,False,False,False,False,False,,False,,,32221673472.0,Factor / Style,unknown,92.0,True,,False,True,195.0,True,True,False,157.0,,0,0,False,Factor / Style,Factor / Style,Factor / Style,Factor / Style,Factor / Style
2026-08-10,IVW,142.1199951171875,142.66000366210938,141.59979248046875,141.75,1107144.0,251,156937662.0,180961504.69935,291927335.5208217,0.0387658876290766,0.0449434448575971,0.1714546601616453,0.1790183668295131,0.0680079841787034,0.1252242299599869,0.0069398058920537,0.0030565130868118,0.0214702777917932,0.0095013307335553,0.4960927669975039,136.46363159179688,128.03269424438477,0.0007627334121922,143.25999450683594,143.25999450683594,0.989459761519369,2.3875091552734373,0.0168430980971671,129.1199951171875,129.1199951171875,129.1199951171875,-0.0891005635471781,iShares S&P 500 Growth ETF,P,True,False,False,False,False,False,False,False,False,,False,,,74972356608.0,Factor / Style,unknown,39.0,True,,False,True,88.0,True,True,False,158.0,,0,0,False,Factor / Style,Factor / Style,Factor / Style,Factor / Style,Factor / Style
2026-08-10,KRE,75.83999633789062,76.33000183105469,75.50499725341797,76.02999877929688,7149911.0,251,543607724.6020813,972730811.5225006,1046578957.6459664,0.0121138977561638,0.0948410303634954,0.0446662958504999,0.0717096383405328,0.1432109280374447,0.0357367874382197,0.0008686832269887,0.0135822719743836,0.0015962299204619,0.009387157255511,0.8985544676360251,73.9928955078125,69.69757901509603,0.0228155480551963,78.3499984741211,78.3499984741211,0.9703892821951936,1.2317501068115235,0.0162008434379579,75.29000091552734,73.94999694824219,73.94999694824219,-0.0273576465138793,State Street SPDR S&P Regional Banking ETF,P,True,False,False,False,False,False,False,False,False,,False,,,4740203520.0,Other,unknown,386.0,True,,False,True,33.0,True,True,False,159.0,,0,0,False,Other,Other,Other,Other,Other
2026-08-10,SLYV,110.75,110.75,110.08999633789062,110.25,135391.0,251,14926857.75,19016444.133609008,22560923.34728035,0.022442716571005,0.0688700466056928,0.0989948744406801,0.1508726234258436,0.1320756643997646,0.0987639670749345,0.0033859915258701,0.0090960571626896,0.0097771265198466,0.0093344314376945,0.759166859533447,107.60385925292968,101.07635416666666,0.0148298157061508,111.9800033569336,111.9800033569336,0.9845507831302768,1.3535003662109375,0.0122766473125708,107.27999877929688,107.27999877929688,107.27999877929688,-0.0269387865823412,State Street SPDR S&P 600 Small Cap Value ETF,P,True,False,False,False,False,False,False,False,False,,False,,,4830834688.0,Factor / Style,unknown,383.0,True,,False,True,391.0,True,True,False,160.0,,0,0,False,Factor / Style,Factor / Style,Factor / Style,Factor / Style,Factor / Style
2026-08-10,AKRE,58.72999954223633,59.70000076293945,58.619998931884766,59.68999862670898,281813.0,197,16821417.58298874,24730153.52546215,42919405.9874686,0.0683730046152579,0.0990608933415306,0.0397143143242779,0.2423858519219206,0.1367564513880013,0.0296334785206265,0.0165726489721307,0.013547216244713,0.0011768732804899,0.0092175962072349,2.812628600747651,55.398399658203125,56.03999984741211,0.0157947815097765,59.70000076293945,59.70000076293945,0.9998324600317816,1.3173006057739258,0.022069033943393,56.36000061035156,53.15999984741211,53.15999984741211,-0.1093985412888743,Akre Focus ETF,P,True,False,False,False,False,False,False,False,False,,False,,,5185632256.0,Other,unknown,371.0,True,,False,True,301.0,True,True,False,161.0,,0,0,False,Other,Other,Other,Other,Other
2026-08-10,DSI,147.32000732421875,147.5800018310547,146.89999389648438,147.00999450683594,99940.0,251,14692178.851013184,16296322.750457764,16235439.544793991,0.0393071592686438,0.048204622156847,0.1373221496728669,0.241949299410764,0.0933956101426207,0.1307030531000148,0.0095103396468756,0.0045021000980332,0.0179484242205009,0.0092083135408969,0.6019889871732806,141.4497393798828,133.94118591308597,0.0032958425746896,148.1999969482422,148.1999969482422,0.9919702937522876,1.88599853515625,0.0128290497627938,136.10000610351562,136.10000610351562,136.10000610351562,-0.0742125624854234,iShares ESG MSCI KLD 400 ETF,P,True,False,False,False,False,False,False,False,False,,False,,,5360755200.0,Other,unknown,364.0,True,,False,True,420.0,True,True,False,162.0,,0,0,False,Other,Other,Other,Other,Other
2026-08-10,IOO,145.69000244140625,146.23129272460938,145.48770141601562,145.83999633789062,238806.0,251,34827466.16546631,48728914.09089661,39199698.60382564,0.0556641533199657,0.0465766276667514,0.1369094066707903,0.355524265173758,0.0997055645970552,0.1290463851438736,0.0197899572056002,0.0046439489585402,0.017667664023058,0.0092022492311214,0.7112167958640607,139.12738037109375,132.2968145243327,0.0026062974721527,146.67999267578125,146.67999267578125,0.9942732725672592,1.7926773071289062,0.0122920827766309,136.27000427246094,136.27000427246094,136.27000427246094,-0.0656198046196968,iShares Global 100 ETF,P,True,False,False,False,False,False,False,False,False,,False,,,8474621952.0,Global Equity,unknown,272.0,True,,False,True,311.0,True,True,False,163.0,,0,0,False,Global Equity,Global Equity,Global Equity,Global Equity,Global Equity
2026-08-10,IJS,138.83999633789062,138.80990600585938,137.97500610351562,138.14999389648438,165703.0,251,22891868.43862915,28409369.818263244,49985279.14351061,0.0220462807420804,0.0687542820771551,0.0981406574423946,0.146221431913898,0.1311347334739147,0.0972094014827279,0.0032236387384828,0.009016074455378,0.0095401945710966,0.0091995164958795,0.7568035253289126,134.8922442626953,126.7185686747233,0.0148341082405714,140.38999938964844,140.38999938964844,0.984044408412974,1.7227485656738282,0.0124701313194749,134.49000549316406,134.49000549316406,134.49000549316406,-0.0264928596816496,iShares S&P SmallCap 600 Value ETF,P,True,False,False,False,False,False,False,False,False,,False,,,8017806848.0,Factor / Style,unknown,286.0,True,,False,True,286.0,True,True,False,164.0,,0,0,False,Factor / Style,Factor / Style,Factor / Style,Factor / Style,Factor / Style
2026-08-10,URTH,210.08999633789065,210.75,209.9600067138672,210.1100006103516,857660.0,251,180202943.1234741,101361825.95103456,138969141.5811787,0.0349736776298299,0.0542019725621152,0.1118327962749019,0.266716726757883,0.1267276878450788,0.120147533729499,0.0093280648201136,0.0068688906594392,0.0134364346625029,0.0091675310605115,1.0329578449211765,202.7579376220703,193.7712003580729,0.0053065504623042,210.75,210.75,0.9969632294678604,2.1910003662109374,0.0104278728277867,199.1100006103516,199.1100006103516,199.1100006103516,-0.0523535289517202,iShares MSCI World ETF,P,True,False,False,False,False,False,False,False,False,,False,,,8064359424.0,Country / Region,unknown,282.0,True,,False,True,150.0,True,True,False,165.0,,0,0,False,Country / Region,Country / Region,Country / Region,Country / Region,Country / Region
2026-08-10,RECS,45.18999862670898,45.25,45.09000015258789,45.13999938964844,265855.0,251,12000694.537734983,19721873.81875992,19547712.22882952,0.0217292683984022,0.0578861337402343,0.0908651093397485,0.1784380765461896,0.1503348250045391,0.1085888629050196,0.0038773288577668,0.0087023017860274,0.0098669389009435,0.0091099247762481,0.9018638942396398,43.80759986877442,41.99471318562826,0.0068953470406285,45.31999969482422,45.31999969482422,0.9960282368405148,0.4502004623413086,0.0099734264162296,43.2400016784668,43.2400016784668,43.2400016784668,-0.0420912214637146,Columbia Research Enhanced Core ETF,P,True,False,False,False,False,False,False,False,False,,False,,,5762415616.0,Other,unknown,356.0,True,,False,True,404.0,True,True,False,166.0,,0,0,False,Other,Other,Other,Other,Other
2026-08-10,VB,305.4100036621094,306.19610595703125,304.6864929199219,305.17999267578125,355059.0,251,108356903.0194702,125694827.65219422,161360619.90387544,0.0303869276202326,0.062189937758653,0.1077802096910376,0.2186593590405181,0.1278562026077165,0.1019763531058781,0.0066443861166506,0.0079513692822316,0.0109910327212788,0.0090152514858981,1.174204622254832,296.6872814941406,281.42792368570963,0.0097336975305464,306.5400085449219,306.5400085449219,0.9955633332314554,3.6229782104492183,0.0118716111717658,291.94000244140625,291.94000244140625,291.94000244140625,-0.0433842012980221,Vanguard Morningstar Small-Cap ETF,P,True,False,False,False,False,False,False,False,False,,False,,,188574482432.0,Other,unknown,12.0,True,,False,True,134.0,True,True,False,167.0,,0,0,False,Other,Other,Other,Other,Other
2026-08-10,PPA,184.0500030517578,185.3600006103516,183.72999572753903,184.0200042724609,142852.0,251,26287625.65032959,30984898.63916016,34602461.98224749,0.0736916093575488,0.0987582143096628,0.0510838205516581,0.3379718098224639,0.1305389991713411,0.0354637332403326,0.0249056865833007,0.0128917984559322,0.001811622984941,0.0090137370410852,2.4760495164614453,174.62621215820312,173.52755106608072,0.0109166903366892,185.67999267578125,186.1048776969368,0.988797319821617,3.596501159667969,0.0195440771446943,169.08999633789062,166.27000427246094,166.27000427246094,-0.0964569046184743,Invesco Aerospace & Defense ETF,P,True,False,False,False,False,False,False,False,False,,False,,,8324131840.0,Industry / Theme,unknown,273.0,True,,False,True,332.0,True,True,False,168.0,,0,0,False,Industry / Theme,Industry / Theme,Industry / Theme,Industry / Theme,Industry / Theme
2026-08-10,VTWO,121.52999877929688,121.81999969482422,120.88999938964844,121.23999786376952,895607.0,251,108583390.76677704,187727476.0704357,216160438.5960392,0.0223459111873858,0.0584441309827168,0.1379124315843782,0.1420911067521103,0.0990421235165488,0.1076530622511397,0.003175155252,0.0057884308396076,0.0148466955825591,0.0089588234996406,0.6495654808292987,118.74315536499024,110.6496746826172,0.0096101657661928,122.4800033569336,122.4800033569336,0.989875853533818,1.5964996337890625,0.0131680935493166,116.3499984741211,116.3499984741211,116.3499984741211,-0.0403332190350502,Vanguard Russell 2000 ETF,Q,True,False,False,False,False,False,False,False,False,,False,,,18552160256.0,US Equity,unknown,140.0,True,,False,True,113.0,True,True,False,169.0,,0,0,False,US Equity,US Equity,US Equity,US Equity,US Equity
2026-08-10,IWM,300.510009765625,301.3900146484375,299.0899963378906,299.9800109863281,16032363.0,251,4809388428.876801,6359358474.843193,7295397256.999733,0.0221480160715368,0.0581460412900802,0.1366246736744536,0.1394255191013589,0.0987434795206448,0.1069158083569542,0.0030879986378392,0.0057415424373336,0.0146073374274093,0.0088445706838601,0.6511747363492775,293.8817315673828,273.93481089274087,0.0095171412316819,303.0599975585937,303.0599975585937,0.9898370401997044,4.01199951171875,0.0133742228308058,287.8299865722656,287.8299865722656,287.8299865722656,-0.040502780082291,iShares Russell 2000 Index Fund,P,True,False,False,False,False,False,False,False,False,,False,,,82970353664.0,US Equity,unknown,35.0,True,,False,True,3.0,True,True,False,170.0,,0,0,False,US Equity,US Equity,US Equity,US Equity,US Equity
2026-08-10,OEF,382.9200134277344,384.1000061035156,382.2300109863281,383.0,157874.0,251,60465742.0,93084996.26412351,111286862.43957326,0.0368164762539944,0.0446127773071756,0.1265805047435677,0.2483566701497736,0.099222029387944,0.1310778744858038,0.0091436174490902,0.0044265703010503,0.016591903513127,0.0086844369252772,0.5750949828748464,368.5203369140625,350.39299275716144,0.0019237936758269,384.8200073242188,384.8200073242188,0.9952704971426152,4.509996032714843,0.0117754465606131,358.1700134277344,358.1700134277344,358.1700134277344,-0.0648302521469076,iShares S&P 100 Fund,P,True,False,False,False,False,False,False,False,False,,False,,,20043581440.0,Other,unknown,136.0,True,,False,True,176.0,True,True,False,171.0,,0,0,False,Other,Other,Other,Other,Other
2026-08-10,DFIV,57.709999084472656,57.81999969482422,57.6349983215332,57.75,1082330.0,251,62504557.5,71694195.26502228,67665414.57790677,0.0439262530473789,0.0617220866055667,0.0768709856032285,0.3802813201822934,0.1587564640099834,0.084196361149989,0.0167043334995187,0.0097987802208177,0.006472257265805,0.0086344971865632,1.6098056049819385,55.38561347961426,53.76777491251627,0.0093162961372137,58.06999969482422,58.06999969482422,0.994489414559912,0.5686004638671875,0.0098458954782196,55.82799911499024,55.2400016784668,55.2400016784668,-0.0434631743988433,Dimensional International Value ETF,P,True,False,False,False,False,False,False,False,False,,False,,,19862159360.0,Factor / Style,unknown,137.0,True,,False,True,247.0,True,True,False,173.0,,0,0,False,Factor / Style,Factor / Style,Factor / Style,Factor / Style,Factor / Style
2026-08-10,FDL,51.75,51.95000076293945,51.560001373291016,51.93000030517578,665913.0,251,34580862.29322052,47629967.0797718,42253937.27519892,0.0344621417518684,0.069386729071148,0.0509453587294166,0.2392809788851257,0.1600680732800777,0.0701767501650183,0.008246135012865,0.0111066000336254,0.0035751797116215,0.008470602920924,2.3198966006589066,50.253263320922855,49.18348378499349,0.0083801777729417,53.15999984741211,53.15999984741211,0.9768623110277116,0.7439994812011719,0.0143269685505281,50.9900016784668,49.709999084472656,49.709999084472656,-0.0427498788302888,First Trust Morningstar ETF,P,True,False,False,False,False,False,False,False,False,,False,,,7288230400.0,Other,unknown,302.0,True,,False,True,303.0,True,True,False,174.0,,0,0,False,Other,Other,Other,Other,Other
2026-08-10,JHMM,76.37000274658203,76.4999008178711,76.20999908447266,76.2699966430664,153251.0,251,11688453.25554657,14571451.49490776,16408743.069858976,0.0330488250236693,0.0604493155567436,0.0837145050650292,0.2760173887977408,0.1429841764338664,0.0912524834215034,0.0091220503858666,0.0086432956008718,0.0076391564855859,0.0082918469105218,1.6987890871746163,74.02913330078125,71.00741790771484,0.0093136030340954,76.80000305175781,76.80000305175781,0.9930988751610568,0.8230461120605469,0.0107912173631302,73.17500305175781,73.16999816894531,73.16999816894531,-0.0406450584838581,John Hancock Multifactor Mid Cap ETF,P,True,False,False,False,False,False,False,False,False,,False,,,5809617408.0,Factor / Style,unknown,353.0,True,,False,True,419.0,True,True,False,175.0,,0,0,False,Factor / Style,Factor / Style,Factor / Style,Factor / Style,Factor / Style
2026-08-10,TSPA,48.720001220703125,48.88999938964844,48.69499969482422,48.77000045776367,263932.0,251,12871963.76081848,18551749.46932144,25531552.86590431,0.0308602629907532,0.0441019356383545,0.1221813503256186,0.2295598578243965,0.0980020372893272,0.1275829758848162,0.0070842775845808,0.0043220795409615,0.0155882602721676,0.0082652427968836,0.6487312463395358,47.26359977722168,44.889486668904624,0.003060315112193,49.02000045776367,49.02000045776367,0.9949000408472986,0.5284500122070312,0.010835554792842,46.02999877929688,46.02999877929688,46.02999877929688,-0.0561821130356503,T. Rowe Price U.S. Equity Research ETF,P,True,False,False,False,False,False,False,False,False,,False,,,4062119424.0,US Equity,unknown,418.0,True,,False,True,379.0,True,True,False,176.0,,0,0,False,US Equity,US Equity,US Equity,US Equity,US Equity
2026-08-10,JAAA,50.560001373291016,50.56999969482422,50.54999923706055,50.56999969482422,3403528.0,251,172116409.92132568,257725704.40397567,252943620.03982884,0.0039428049054874,0.0112714555172048,0.0220573150188885,0.7136512549175497,0.6542565910077135,0.4364391072139565,0.0028137876686962,0.0073744240623815,0.0096266748743807,0.0081627118465812,0.9787699817113212,50.3277880859375,49.86497067769368,0.0017227870713261,50.56999969482422,50.56999969482422,1.0,0.0246401861450319,0.0004872490862908,50.451080322265625,50.32158886447932,50.32158886447932,-0.0049122173589873,Janus Henderson AAA CLO ETF,P,True,False,False,False,False,False,False,False,False,,False,,,28412567552.0,Other,unknown,98.0,True,,False,True,100.0,True,True,False,177.0,,0,0,False,Other,Other,Other,Other,Other
2026-08-10,SPYI,54.16999816894531,54.27999877929688,54.150001525878906,54.18999862670898,2688105.0,251,145668406.25844955,147565409.50220394,147629737.5160529,0.0255372479261788,0.0454510798282661,0.0917434993012513,0.2344775563394939,0.1325283210298252,0.1277832233158613,0.0059879114893662,0.0060235552986326,0.0117232800589903,0.0080184589647578,0.859354831790233,52.616555557250976,50.67689208984375,0.0041262469041802,54.27999877929688,54.27999877929688,0.9983419278811366,0.4788322327117555,0.008836173553172,51.685001373291016,51.685001373291016,51.685001373291016,-0.0462261914910496,NEOS S&P 500 High Income ETF,Z,True,False,False,False,False,False,False,False,False,,False,,,10406321152.0,Bond,unknown,240.0,True,,False,True,143.0,True,True,False,178.0,,0,0,False,Bond,Bond,Bond,Bond,Bond
2026-08-10,QQQM,297.5400085449219,298.3800048828125,296.6000061035156,296.8500061035156,3993418.0,251,1185446157.6738892,1024750172.375882,1192315554.8403585,0.0129325345543418,0.0149358803468475,0.1856135716404365,0.0527783078184277,0.0186622562626884,0.1195679360266051,0.0006825572895815,0.0002787372265417,0.0221934316595734,0.0079488802781028,0.0406529627749662,293.9857513427734,270.9990031941732,-0.0044533794037703,299.95001220703125,307.85374142464434,0.9642566133183664,5.803651428222656,0.0195507876331282,272.2260131835937,272.2260131835937,272.2260131835937,-0.0829509597898918,Invesco NASDAQ 100 ETF,Q,True,False,False,False,False,False,False,False,False,,False,,,101307228160.0,US Equity,unknown,26.0,True,,False,True,30.0,True,True,False,179.0,,0,0,False,US Equity,US Equity,US Equity,US Equity,US Equity
2026-08-10,QQQ,722.6500244140625,724.6699829101562,720.3300170898438,720.8699951171875,24421563.0,251,17604772000.564087,28785129100.40052,31339408178.082123,0.0128277250232995,0.0146678694158075,0.1852245303952564,0.0521565764231605,0.0180811760442367,0.1179813467872714,0.000669050220513,0.000265212329101,0.0218530395540722,0.0078209518578409,0.0394166838840943,714.0332690429688,658.250547281901,-0.0044685849061997,728.5399780273438,747.828194840854,0.9639513461652732,14.14599609375,0.019623505194512,661.1400146484375,661.1400146484375,661.1400146484375,-0.0828581864598761,"Invesco QQQ Trust, Series 1",Q,True,False,False,False,False,False,False,False,False,,False,,,490103177216.0,Other,unknown,6.0,True,,False,True,2.0,True,True,False,180.0,,0,0,False,Other,Other,Other,Other,Other
2026-08-10,GSIE,48.09999847412109,48.15999984741211,48.02000045776367,48.05500030517578,219546.0,251,10550283.097000122,17302423.409420013,19824967.60033986,0.0510717196441217,0.0619887779634122,0.0737743890079478,0.3721113173985412,0.1419242866650093,0.0721414536214341,0.019004364878583,0.0087977130936929,0.0053221916630665,0.0075812805929736,1.6943656821444326,45.934473266601564,44.71167119344076,0.0105166588205782,48.303001403808594,48.303001403808594,0.9948657207331788,0.5068002700805664,0.0105462546428489,46.0,45.56999969482422,45.56999969482422,-0.0517115928534062,Goldman Sachs ActiveBeta International Equity ETF,P,True,False,False,False,False,False,False,False,False,,False,,,5800200704.0,Global Equity,unknown,354.0,True,,False,True,403.0,True,True,False,181.0,,0,0,False,Global Equity,Global Equity,Global Equity,Global Equity,Global Equity
2026-08-10,IQLT,51.75,51.75,51.55500030517578,51.619998931884766,1478692.0,251,76330079.46058655,78120333.9157898,70402547.08520895,0.0513238398386484,0.0580105961553165,0.0903716427869651,0.3987340282275369,0.1273139596278274,0.0818891136607538,0.0204645614029692,0.0073855586969041,0.0074004537278908,0.0073907719577495,1.93459967427652,49.37343040466308,47.91429934183756,0.0092782760141596,51.77000045776367,51.77000045776367,0.997102539606866,0.5270004272460938,0.0102092297200838,49.29499816894531,49.01499938964844,49.01499938964844,-0.050464928247553,iShares MSCI Intl Quality Factor ETF,P,True,False,False,False,False,False,False,False,False,,False,,,13642241024.0,Country / Region,unknown,187.0,True,,False,True,241.0,True,True,False,182.0,,0,0,False,Country / Region,Country / Region,Country / Region,Country / Region,Country / Region
2026-08-10,VOT,306.3699951171875,306.4798889160156,304.95001220703125,305.2699890136719,190698.0,251,58214376.3649292,60256841.99649964,62433731.36423553,0.0191973831827882,0.0588281183264796,0.1179722620563201,0.1105983425745154,0.0922122763209198,0.0926752357926096,0.0021231987617842,0.0054246747025611,0.010933107203057,0.0073526260777346,1.0931899407750698,299.4660876464844,284.2716488647461,0.0077311650721774,309.70001220703125,309.70001220703125,0.9856957603527702,4.963493347167969,0.016259355736884,289.0899963378906,289.0899963378906,289.0899963378906,-0.0530022382090649,Vanguard Morningstar Mid-Cap Growth ETF,P,True,False,False,False,False,False,False,False,False,,False,,,34797047808.0,Factor / Style,unknown,86.0,True,,False,True,256.0,True,True,False,183.0,,0,0,False,Factor / Style,Factor / Style,Factor / Style,Factor / Style,Factor / Style
2026-08-10,MTUM,309.7799987792969,311.2799072265625,307.239990234375,307.32000732421875,1049458.0,251,322519440.24646,619226224.2155396,553622199.9576125,-0.0232336313929004,0.0194153587378123,0.2147828592928411,0.0,0.0152631479261762,0.0933890776311502,-0.0,0.000296339492455,0.0200583731203395,0.0072130512622146,0.0348607129634667,316.6490460205078,281.3269915771484,-0.0008043597579273,323.6700134277344,345.5899963378906,0.8892618726837958,10.450997924804687,0.0340068907839736,282.6499938964844,282.6499938964844,282.6499938964844,-0.0802746740849443,iShares MSCI USA Momentum Factor ETF,Z,True,False,False,False,False,False,False,False,False,,False,,,29047369728.0,Country / Region,unknown,96.0,True,,False,True,57.0,True,True,False,184.0,,0,0,False,Country / Region,Country / Region,Country / Region,Country / Region,Country / Region
2026-08-10,BLCR,50.29999923706055,50.41999816894531,50.10079956054688,50.15999984741211,315373.0,251,15819109.6318779,18145443.58916073,32108884.036584217,0.0145631318912327,0.01105559468899,0.1613798798798797,0.0718564333253892,0.018557329062118,0.1232090651038479,0.0010464547157512,0.0002051623086209,0.0198834641265712,0.0070925679449035,0.039885749511387,49.44273963928222,46.158624267578126,-0.002390022767807,51.02000045776367,51.02000045776367,0.9831438533391724,0.8050605773925781,0.0160498520702071,46.720001220703125,46.720001220703125,46.720001220703125,-0.0685805150951662,iShares Large Cap Core Active ETF,Q,True,False,False,False,False,False,False,False,False,,False,,,6449013248.0,Factor / Style,unknown,332.0,True,,False,True,340.0,True,True,False,185.0,,0,0,False,Factor / Style,Factor / Style,Factor / Style,Factor / Style,Factor / Style
2026-08-10,EZU,71.63999938964844,71.63999938964844,71.2699966430664,71.30000305175781,550331.0,251,39238601.97947693,53924365.758535005,70232964.0140296,0.0500736590496695,0.0695197924644299,0.0776186069165949,0.3281852144513578,0.1207469565888033,0.0597849797001851,0.0164334345335799,0.0083943033627651,0.0046404268388652,0.0070804465794001,1.56523472953905,68.63492111206055,66.10303944905598,0.0106021602035968,71.81999969482422,71.81999969482422,0.992759723680368,0.8494991302490235,0.0119144332943766,67.30000305175781,67.30000305175781,67.30000305175781,-0.0561009793659663,iShares MSCI Eurozone ETF,Z,True,False,False,False,False,False,False,False,False,,False,,,9595190272.0,Country / Region,unknown,254.0,True,,False,True,242.0,True,True,False,186.0,,0,0,False,Country / Region,Country / Region,Country / Region,Country / Region,Country / Region
2026-08-10,MGK,90.73999786376952,91.08709716796876,90.41999816894533,90.62999725341795,841333.0,251,76250007.4792099,119391711.525465,142162060.40579358,0.0335271379878931,0.0295090471837784,0.1541347104771415,0.1594357721888631,0.0452374296777265,0.1135676442227502,0.0053454251343823,0.0013349134468328,0.0175047159618446,0.0069943443270869,0.2811589072407036,87.64447433471679,82.92675928751628,-0.0023024725979972,91.4000015258789,92.28799613204824,0.9820345120912805,2.730354881286621,0.0301263926297167,83.04000091552734,63.7400016784668,63.7400016784668,-0.2967008318422636,Vanguard Morningstar Mega Cap Growth ETF,P,True,False,False,False,False,False,False,False,False,,False,,,33301635072.0,Factor / Style,unknown,89.0,True,,False,True,147.0,True,True,False,187.0,,0,0,False,Factor / Style,Factor / Style,Factor / Style,Factor / Style,Factor / Style
2026-08-10,BAI,44.66999816894531,45.06900024414063,44.220001220703125,44.220001220703125,1426503.0,251,63079964.40133667,162191809.98127443,209181643.52046567,-0.0264200131355939,-0.0587483684211594,0.2854650947453212,0.0,0.0,0.069913142713435,-0.0,-0.0,0.0199577619086338,0.0069852166680218,-0.0,46.91780014038086,40.80446674346924,-0.0219467754203608,47.09999847412109,54.459999084472656,0.8119721256717923,2.2569501876831053,0.0510391254043302,37.38999938964844,37.38999938964844,37.38999938964844,-0.1544550348826536,iShares A.I. Innovation and Tech Active ETF,P,True,False,False,False,False,False,False,False,False,,False,,,15693548544.0,Industry / Theme,unknown,163.0,True,,False,True,116.0,True,True,False,188.0,,0,0,False,Industry / Theme,Industry / Theme,Industry / Theme,Industry / Theme,Industry / Theme
2026-08-10,IWO,388.7999877929688,390.3500061035156,387.010009765625,388.0199890136719,260805.0,251,101197553.2347107,161223095.0625534,167222577.5400289,0.0238804859588299,0.0528242989638887,0.1446843813442209,0.1048544554392431,0.0682242142098069,0.0916406723600865,0.0025039753508376,0.0036038962879952,0.0132589739863875,0.0069831734824325,0.6732929810599204,381.0245904541016,354.5935642496745,0.0057265290378947,391.4700012207031,396.6900024414063,0.978144109066588,7.024996948242188,0.0181047295168978,363.0700073242188,363.0700073242188,363.0700073242188,-0.0643007638675388,iShares Russell 2000 Growth Fund,P,True,False,False,False,False,False,False,False,False,,False,,,15425412096.0,Factor / Style,unknown,165.0,True,,False,True,131.0,True,True,False,189.0,,0,0,False,Factor / Style,Factor / Style,Factor / Style,Factor / Style,Factor / Style
2026-08-10,JTEK,102.28500366210938,102.8000030517578,101.79000091552734,102.12999725341795,162663.0,251,16612771.743232729,31479242.95521889,30682139.17778003,0.0068019991660615,-0.0068073963354274,0.2229672451308595,0.018192227021549,0.0,0.0874884704824634,0.0001237435130293,-0.0,0.0195070632441874,0.0068274721354655,-0.0,102.69005981445312,93.8524132792155,-0.0123708918910772,105.12000274658205,111.81999969482422,0.9133428504037568,3.1111995697021486,0.0304631318258262,89.68000030517578,89.68000030517578,89.68000030517578,-0.121903429776363,JPMorgan U.S. Tech Leaders ETF,Q,True,False,False,False,False,False,False,False,False,,False,,,4632256512.0,Other,unknown,393.0,True,,False,True,345.0,True,True,False,190.0,,0,0,False,Other,Other,Other,Other,Other
2026-08-10,FNDA,38.15999984741211,38.18000030517578,37.880001068115234,37.900001525878906,396124.0,251,15013100.204437256,15715815.234201811,41023040.75368802,0.0155413139281221,0.0549733561106802,0.0933431054869873,0.1050724237063246,0.1095193127018659,0.087770512084765,0.0016329635220086,0.0060206441781566,0.0081927721681751,0.006780888974663,0.6459343488861917,37.18607963562012,35.0599254099528,0.0124897961723922,38.459999084472656,38.459999084472656,0.9854394807091964,0.4615001678466797,0.0121767849410654,36.77999877929688,36.77999877929688,36.77999877929688,-0.0295515224667543,Schwab Fundamental U.S. Small Company ETF,P,True,False,False,False,False,False,False,False,False,,False,,,9333672960.0,Other,unknown,257.0,True,,False,True,306.0,True,True,False,191.0,,0,0,False,Other,Other,Other,Other,Other
2026-08-10,ONEQ,105.0,105.24749755859376,104.56999969482422,104.79000091552734,186768.0,251,19571418.89099121,34113415.03443909,39100889.99397399,0.0283611319565533,0.015840939609427,0.1604862657412991,0.1289602372771951,0.0236506388663841,0.1156951032095639,0.0036574583065669,0.0003746483420067,0.0185674750786571,0.0067421376998343,0.0871675797636449,102.10953979492189,95.894513092041,-0.0039895217004309,105.41000366210938,106.92064958960168,0.9800726175696416,1.7303752899169922,0.0165127901021002,96.1999969482422,96.1999969482422,96.1999969482422,-0.0819735078942281,Fidelity Nasdaq Composite Index ETF,Q,True,False,False,False,False,False,False,False,False,,False,,,10687616000.0,Other,unknown,232.0,True,,False,True,312.0,True,True,False,192.0,,0,0,False,Other,Other,Other,Other,Other
2026-08-10,VBK,360.0299987792969,361.5199890136719,359.3500061035156,359.4200134277344,165128.0,251,59350307.97729492,72117101.9744873,83977017.77363126,0.0293259091779096,0.0471739181076693,0.138466753896943,0.1464533579149933,0.0694311345234856,0.095172429738857,0.0042948778730149,0.0032753386541334,0.0131782174064244,0.0067413462174353,1.2214038630706583,351.137396850586,331.4333068847656,0.0027374250905858,361.5199890136719,366.8599853515625,0.9797198598350856,6.163999938964844,0.0171498517296789,333.239990234375,333.239990234375,333.239990234375,-0.0728396366793391,Vanguard Morningstar Small-Cap Growth ETF,P,True,False,False,False,False,False,False,False,False,,False,,,47006371840.0,Factor / Style,unknown,65.0,True,,False,True,218.0,True,True,False,193.0,,0,0,False,Factor / Style,Factor / Style,Factor / Style,Factor / Style,Factor / Style
2026-08-10,AIA,134.3300018310547,134.99989318847656,134.00999450683594,134.57000732421875,179790.0,251,24194341.61682129,57410835.82962036,73044363.40201242,0.0090732356653369,-0.0172914837381161,0.2304224138514359,0.0269309258887572,0.0,0.0835129233106994,0.0002443506372744,-0.0,0.0192432493770412,0.0067351372819644,-0.0,137.5626577758789,122.72613566080727,-0.0040188699121914,137.97000122070312,150.82000732421875,0.8922556742417651,3.794999694824219,0.028200932513,124.12000274658205,124.12000274658205,124.12000274658205,-0.077654781963856,iShares Asia 50 ETF,Q,True,False,False,False,False,False,False,False,False,,False,,,5221864448.0,Country / Region,unknown,367.0,True,,False,True,234.0,True,True,False,194.0,,0,0,False,Country / Region,Country / Region,Country / Region,Country / Region,Country / Region
2026-08-10,FBCG,62.59999847412109,62.91999816894531,62.400001525878906,62.40999984741211,536304.0,251,33470732.558166504,35945875.13878403,38407506.55522592,0.0236181498749914,0.0281713189947223,0.1637143129672034,0.0991734039034419,0.0370932507174277,0.1053136535147379,0.0023422923170045,0.0010449657985118,0.0172413524312314,0.0067137011199637,0.2650907018193215,61.23410003662109,57.17770004272461,-0.0017476017698179,63.56499862670898,64.31999969482422,0.9703047285995896,1.207449722290039,0.0193470553635982,57.27999877929688,57.27999877929688,57.27999877929688,-0.0821983829619886,Fidelity Blue Chip Growth ETF,Z,True,False,False,False,False,False,False,False,False,,False,,,6965341696.0,Factor / Style,unknown,311.0,True,,False,True,314.0,True,True,False,195.0,,0,0,False,Factor / Style,Factor / Style,Factor / Style,Factor / Style,Factor / Style
2026-08-10,XLI,185.92999267578125,185.92999267578125,184.375,184.6000061035156,3321530.0,251,613154458.2730103,1212043258.01474,1322810565.7698083,0.0234518550803299,0.0684421596899826,0.0715681963021077,0.1590829794559853,0.1174802257711596,0.0590625225001982,0.0037307909799488,0.0080406003726449,0.0042269982043918,0.0067058396137563,1.5164692038113188,179.8147393798828,172.48004862467448,0.0125258459898289,188.19000244140625,188.19000244140625,0.9809235544326624,2.953748321533203,0.0160008029462191,175.9600067138672,175.9600067138672,175.9600067138672,-0.0468038954711816,State Street Industrial Select Sector SPDR ETF,P,True,False,False,False,False,False,False,False,False,,False,,,33963890688.0,Sector,unknown,87.0,True,,False,True,25.0,True,True,False,196.0,,0,0,False,Sector,Sector,Sector,Sector,Sector
2026-08-10,ACWI,161.11500549316406,161.51499938964844,160.9550018310547,161.10000610351562,1446516.0,251,233033736.428833,432058796.6281128,490429380.7594905,0.0330896728313712,0.0435489708966483,0.1084675821645682,0.242938137219968,0.0940964311372744,0.1064504090275598,0.0080387434788715,0.0040978027410756,0.0115464184876487,0.0067048182523762,0.8024735226618058,156.39505645751953,149.21660858154297,0.0041259710652292,161.72000122070312,161.72000122070312,0.9961662434299552,1.8720001220703124,0.0116201120493282,151.4199981689453,151.4199981689453,151.4199981689453,-0.0600869495209726,iShares MSCI ACWI ETF,Q,True,False,False,False,False,False,False,False,False,,False,,,33203742720.0,Country / Region,unknown,90.0,True,,False,True,65.0,True,True,False,197.0,,0,0,False,Country / Region,Country / Region,Country / Region,Country / Region,Country / Region
2026-08-10,FLOT,50.91999816894531,50.9379997253418,50.900001525878906,50.91999816894531,2328818.0,251,118583408.29580688,104135480.64638062,96583751.29653664,0.0022974558437878,0.0107914962909272,0.020567438949435,0.369078780714346,0.5429755813200337,0.3987297399450097,0.0008479422015702,0.0058595189718792,0.008200849583643,0.0066789846859965,0.829815361774227,50.7429997253418,50.28643450419108,0.0016579558768305,50.959999084472656,50.959999084472656,0.9992150526639328,0.0361616209599105,0.0007101654018119,50.83317184448242,50.77338476042049,50.77338476042049,-0.0028792893518648,iShares Floating Rate Bond ETF,Z,True,False,False,False,False,False,False,False,False,,False,,,9968492544.0,Bond,unknown,248.0,True,,False,True,199.0,True,True,False,198.0,,0,0,False,Bond,Bond,Bond,Bond,Bond
2026-08-10,IJJ,150.13999938964844,150.3699951171875,149.61000061035156,149.85000610351562,126584.0,251,18968613.172607426,25090880.645126343,26586463.13631088,0.0236355401891739,0.0607902298897133,0.0497411608266178,0.1697747043888881,0.1434873319142242,0.0571113399895728,0.0040127168486886,0.0087226278933273,0.0028407843474449,0.0066639826522684,1.0833390695082414,146.35390686035157,140.37441823323567,0.0135524086455791,151.6300048828125,151.6300048828125,0.9882609066676972,1.6834999084472655,0.0112345668326787,146.8000030517578,146.10000610351562,146.10000610351562,-0.0250250240057349,iShares S&P Mid-Cap 400 Value ETF,P,True,False,False,False,False,False,False,False,False,,False,,,8733020160.0,Factor / Style,unknown,268.0,True,,False,True,372.0,True,True,False,199.0,,0,0,False,Factor / Style,Factor / Style,Factor / Style,Factor / Style,Factor / Style
2026-08-10,IVLU,44.16999816894531,44.17499923706055,44.04499816894531,44.06999969482422,589587.0,251,25983098.910072327,33708093.72316017,36457123.73739467,0.0465447412981239,0.0616274337204569,0.0697372252838195,0.3006131595267906,0.1251910862209777,0.0645752497911529,0.0139919617409861,0.0077152053684753,0.0045032987424445,0.0065910380493645,1.1787711769056308,42.44157318115234,40.98246655782064,0.0084526299482703,44.48500061035156,44.48500061035156,0.9906709922483226,0.5155004501342774,0.0116973100454734,42.40999984741211,41.7599983215332,41.7599983215332,-0.0524166414632926,iShares MSCI Intl Value Factor ETF,P,True,False,False,False,False,False,False,False,False,,False,,,4248612352.0,Country / Region,unknown,409.0,True,,False,True,324.0,True,True,False,200.0,,0,0,False,Country / Region,Country / Region,Country / Region,Country / Region,Country / Region
2026-08-10,BBEU,80.62000274658203,80.7699966430664,80.5,80.66999816894531,212691.0,251,17157782.580551147,16458605.332946014,26218791.77644493,0.0484792774783136,0.0622239541563858,0.062929677368767,0.3790659231599449,0.1311057379993468,0.0553059320130663,0.018376842071444,0.0081579174309104,0.0034803844581612,0.0065207808904482,1.8854877361712508,77.54175033569337,75.45091959635417,0.0096388779476723,81.05000305175781,81.05000305175781,0.9953114760209222,0.8463493347167969,0.0104915006065118,77.31999969482422,76.09300231933594,76.09300231933594,-0.0567372747427596,JPMorgan BetaBuilders Europe ETF,Z,True,False,False,False,False,False,False,False,False,,False,,,9113485312.0,Country / Region,unknown,262.0,True,,False,True,374.0,True,True,False,201.0,,0,0,False,Country / Region,Country / Region,Country / Region,Country / Region,Country / Region
2026-08-10,VUG,89.38999938964844,89.6050033569336,88.96499633789062,89.18000030517578,7905130.0,251,704979495.8124542,616027515.7786674,656413573.0645111,0.0351711982081239,0.0280850398379619,0.1444242975483338,0.1742380037747736,0.0452341760137805,0.1108212734810363,0.0061281593661504,0.0012704036353844,0.0160052845759104,0.0064276119645685,0.3077773608992636,86.15018920898437,81.85153533935546,-0.0021654922510869,90.0199966430664,90.4996337030468,0.9854183564742252,1.4560009002685548,0.0163265406513353,81.95999908447266,81.95999908447266,81.95999908447266,-0.0809598698810959,Vanguard Morningstar Growth ETF,P,True,False,False,False,False,False,False,False,False,,False,,,379207221248.0,Factor / Style,unknown,8.0,True,,False,True,47.0,True,True,False,202.0,,0,0,False,Factor / Style,Factor / Style,Factor / Style,Factor / Style,Factor / Style
2026-08-10,ESGD,107.48999786376952,107.48999786376952,107.03009796142578,107.08999633789062,193510.0,251,20722985.19134521,25928157.216415405,28905382.931191582,0.0466184192464154,0.0604086552735472,0.0704243353783231,0.3156845825218796,0.1233785791301524,0.0623974823600064,0.0147167162176346,0.0074531340548134,0.004394301224484,0.0063825425641981,1.5512693204952,102.89005905151367,99.8018404642741,0.0092613858966614,107.87000274658205,107.87000274658205,0.9927690146580984,1.219845962524414,0.0113908488583336,102.08000183105467,101.58000183105467,101.58000183105467,-0.0514520001424856,iShares ESG Aware MSCI EAFE ETF,Q,True,False,False,False,False,False,False,False,False,,False,,,11761851392.0,Country / Region,unknown,207.0,True,,False,True,357.0,True,True,False,203.0,,0,0,False,Country / Region,Country / Region,Country / Region,Country / Region,Country / Region
2026-08-10,SPMD,68.11000061035156,68.20999908447266,67.88999938964844,67.97000122070312,2776409.0,251,188712523.11917117,94593106.82444613,105026837.35546853,0.0310983481295599,0.0509734195491282,0.0870122738689014,0.2408935810841098,0.11206335374409,0.0872752659225386,0.00749139244673,0.0057122523464798,0.0075940193404331,0.0063708707943635,1.0483774709758211,66.29589141845703,63.1540665435791,0.0090941750085489,68.29000091552734,68.29000091552734,0.9953141061570632,0.8004993438720703,0.0117772448064668,65.2699966430664,65.2699966430664,65.2699966430664,-0.0397234740200993,State Street SPDR Portfolio S&P 400 Mid Cap ETF,P,True,False,False,False,False,False,False,False,False,,False,,,18386264064.0,Factor / Style,unknown,142.0,True,,False,True,183.0,True,True,False,204.0,,0,0,False,Factor / Style,Factor / Style,Factor / Style,Factor / Style,Factor / Style
2026-08-10,IVOO,131.5399932861328,131.65499877929688,131.08999633789062,131.25,57565.0,251,7555406.25,9123172.88116455,9772447.395409478,0.0306242761885187,0.0507411752784847,0.0864206886752239,0.2338134646250223,0.1126437797767916,0.0873577233177358,0.0071603681172711,0.0057156777736852,0.0075495146102183,0.0063575206664718,1.0341431798265273,128.03039672851563,121.96896738688152,0.0090771131212052,131.8800048828125,131.8800048828125,0.995222893088514,1.5169994354248046,0.0115580909365699,126.11000061035156,126.11000061035156,126.11000061035156,-0.0391619001116071,Vanguard S&P Mid-Cap 400 ETF,P,True,False,False,False,False,False,False,False,False,,False,,,5857669632.0,Other,unknown,351.0,True,,False,True,454.0,True,True,False,205.0,,0,0,False,Other,Other,Other,Other,Other
2026-08-10,IJH,77.76000213623047,77.86000061035156,77.45999908447266,77.54000091552734,4964393.0,251,384939037.7650376,464056907.5519329,527615869.5019239,0.0305688877865497,0.0505908054569856,0.0862230404707022,0.2376034262889173,0.1112451194971669,0.0867919307533897,0.0072632724759256,0.0056279801985203,0.0074834641578799,0.0062773995842961,1.0403408521884825,75.66569198608398,72.0825580851237,0.0090574072851155,77.98999786376953,77.98999786376953,0.9942300684630324,0.9299991607666016,0.0119937986817894,74.4800033569336,74.4800033569336,74.4800033569336,-0.0394634707565626,iShares Core S&P Mid-Cap ETF,P,True,False,False,False,False,False,False,False,False,,False,,,124330491904.0,Other,unknown,22.0,True,,False,True,59.0,True,True,False,206.0,,0,0,False,Other,Other,Other,Other,Other
2026-08-10,BSCQ,19.540000915527344,19.549999237060547,19.540000915527344,19.540000915527344,695880.0,251,13597495.837097168,18793102.786411285,17808884.92546808,0.0030252536571262,0.0092542832967068,0.018175435750894,0.5956893061633668,0.517140387674996,0.4959187768804812,0.0018021112519817,0.0047857636517132,0.0090135398668531,0.0062654853270122,0.9097173420835616,19.472520027160645,19.32639141082764,0.0015028789210602,19.549999237060547,19.549999237060547,0.9994885768837142,0.0127401734191835,0.0006520047503713,19.51000022888184,19.486047744750977,19.486047744750977,-0.0027611652123052,Invesco BulletShares 2026 Corporate Bond ETF,Q,True,False,False,False,False,False,False,False,False,,False,,,3705947392.0,Bond,unknown,447.0,True,,False,True,413.0,True,True,False,207.0,,0,0,False,Bond,Bond,Bond,Bond,Bond
2026-08-10,INTF,42.93999862670898,43.0,42.869998931884766,42.90999984741211,160625.0,251,6892418.72549057,8450618.209033012,10197398.682850126,0.0470961524337405,0.0549199717752659,0.0770384246126176,0.3243699655587156,0.1208507601630051,0.0721287885117474,0.0152765773428804,0.0066371203371716,0.0055566882361617,0.0062589691018181,1.817778752006573,41.22788703918457,40.05064903259277,0.0085051517642362,43.150001525878906,43.150001525878906,0.9944379682507576,0.4675006866455078,0.010894912335305,41.040000915527344,40.709999084472656,40.709999084472656,-0.0512701181720497,iShares International Equity Factor ETF,P,True,False,False,False,False,False,False,False,False,,False,,,3470813184.0,Factor / Style,unknown,465.0,True,,False,True,451.0,True,True,False,208.0,,0,0,False,Factor / Style,Factor / Style,Factor / Style,Factor / Style,Factor / Style
2026-08-10,VT,161.0,161.34500122070312,160.85499572753906,160.97000122070312,2387620.0,251,384335194.3145752,413780976.90200806,487199206.7098951,0.0331172822216938,0.0410589119858557,0.1056325547404097,0.2431669823409368,0.0881819401463817,0.1037986854193973,0.0080530295811824,0.0036206545192122,0.010964520319547,0.0061910075493294,0.8128947658785066,156.29679901123046,149.32138865152996,0.0038784737584336,162.0,162.0,0.9936419828438464,1.818500518798828,0.0112971392496016,152.1300048828125,152.1300048828125,152.1300048828125,-0.05491704212495,Vanguard Total World Stock Index ETF,P,True,False,False,False,False,False,False,False,False,,False,,,96774266880.0,Global Equity,unknown,28.0,True,,False,True,66.0,True,True,False,209.0,,0,0,False,Global Equity,Global Equity,Global Equity,Global Equity,Global Equity
2026-08-10,VGK,92.31999969482422,92.44000244140624,92.1750030517578,92.26000213623048,1508569.0,251,139180579.16265106,188190446.3595608,221068277.74391863,0.0500796892250476,0.0612415382930415,0.0617486120015571,0.3654490670772857,0.1254885607331229,0.0545411990283292,0.018301575706814,0.0076851124974762,0.0033678433369,0.0061740682912745,1.7468180526925248,88.63537170410156,86.25271957397462,0.0097369221972487,92.8499984741211,92.8499984741211,0.9936457043878674,0.9687488555908204,0.0105002041313674,88.4000015258789,87.5999984741211,87.5999984741211,-0.0505094683959409,Vanguard FTSEEuropean ETF,P,True,False,False,False,False,False,False,False,False,,False,,,37858430976.0,Other,unknown,81.0,True,,False,True,110.0,True,True,False,210.0,,0,0,False,Other,Other,Other,Other,Other
2026-08-10,IEUR,78.16999816894531,78.27580261230469,77.9009017944336,78.0999984741211,306300.0,251,23922029.53262329,64350977.50816345,73387670.24599105,0.047759558825712,0.0603773686536841,0.0623559743288333,0.3552890260115035,0.1262288861996588,0.055279377732325,0.0169684471379263,0.0076213679968207,0.0034469994587907,0.0061603390085102,1.7294833864762291,75.11784637451171,73.06558792114258,0.0095561693785657,78.55000305175781,78.55000305175781,0.994271106808994,0.8412055969238281,0.010770878532124,74.90499877929688,74.2249984741211,74.2249984741211,-0.049615878050036,iShares Core MSCI Europe ETF,P,True,False,False,False,False,False,False,False,False,,False,,,8644286464.0,Country / Region,unknown,270.0,True,,False,True,232.0,True,True,False,211.0,,0,0,False,Country / Region,Country / Region,Country / Region,Country / Region,Country / Region
2026-08-10,PTLC,60.27000045776367,60.38999938964844,60.18999862670898,60.25,201264.0,251,12126156.0,6876143.117287445,6372120.192449903,0.0315014579249208,0.0498344770999845,0.0705401795808766,0.2463184621520495,0.1214437862538045,0.0871378716734431,0.007759390671614,0.0060520875850006,0.00614672111614,0.0060852093208994,0.7741920014926532,58.2571997833252,56.47327985127767,0.0038564007942325,60.540000915527344,60.540000915527344,0.9952097636084944,0.6162502288818359,0.0102282195665035,56.86000061035156,56.86000061035156,56.86000061035156,-0.0562655500356586,Pacer Trendpilot US Large Cap ETF,Z,True,False,False,False,False,False,False,False,False,,False,,,3292433408.0,Factor / Style,unknown,473.0,True,,False,True,464.0,True,True,False,212.0,,0,0,False,Factor / Style,Factor / Style,Factor / Style,Factor / Style,Factor / Style
2026-08-10,JIVE,96.75,96.8949966430664,96.41000366210938,96.76000213623048,244655.0,251,23672818.322639465,30068573.3420887,29941642.30226608,0.0448228673733963,0.0514762545952502,0.0875576127756041,0.3469291718156393,0.1076518372773493,0.0803639952967766,0.0155503602562546,0.0055415133833352,0.0070364795812956,0.0060647515526214,1.0212060245253665,93.50078063964844,89.8075803120931,0.0087158823259856,97.62000274658205,97.62000274658205,0.9911903238459838,1.0695499420166017,0.0110536370235994,93.11000061035156,91.98500061035156,91.98500061035156,-0.0493489191862157,JPMorgan International Value ETF,Q,True,False,False,False,False,False,False,False,False,,False,,,3125305856.0,Factor / Style,unknown,492.0,True,,False,True,352.0,True,True,False,213.0,,0,0,False,Factor / Style,Factor / Style,Factor / Style,Factor / Style,Factor / Style
2026-08-10,GRNY,27.8700008392334,28.02989959716797,27.86000061035156,27.93000030517578,1000190.0,251,27935307.005233765,32910558.70635605,43228895.30718546,0.0112237312282061,0.0355985855728429,0.1220716653641416,0.0709380792697431,0.0672599973222353,0.1053459322246515,0.0007961899355687,0.0023943607703047,0.0128597533860012,0.0060572481857985,0.5841655419399711,27.378089866638184,26.070741170247395,0.0030928403145362,28.15999984741211,28.15999984741211,0.9918324025751916,0.378494930267334,0.0135515548203268,26.31999969482422,26.31999969482422,26.31999969482422,-0.0576441314987458,Fundstrat Granny Shots US Large Cap ETF,P,True,False,False,False,False,False,False,False,False,,False,,,4392313856.0,Factor / Style,unknown,402.0,True,,False,True,299.0,True,True,False,214.0,,0,0,False,Factor / Style,Factor / Style,Factor / Style,Factor / Style,Factor / Style
2026-08-10,MDY,708.4299926757812,709.6599731445312,705.9099731445312,706.97998046875,379514.0,251,268308800.3076172,435759905.0541382,483832594.3235754,0.0306131382808723,0.0496100874264284,0.084180395091856,0.2363804247460757,0.1098832748238946,0.0852448270148927,0.0072363466296429,0.0054513188707156,0.0071759432176505,0.0060549373921429,1.0431302842388537,690.0281469726563,657.8817122395833,0.0088684505555627,710.4199829101562,710.4199829101562,0.9951577904279738,8.39150390625,0.0118695071120488,679.1099853515625,679.1099853515625,679.1099853515625,-0.0394211942164314,State Street SPDR S&P MIDCAP 400 ETF Trust,P,True,False,False,False,False,False,False,False,False,,False,,,28052918272.0,Other,unknown,100.0,True,,False,True,67.0,True,True,False,215.0,,0,0,False,Other,Other,Other,Other,Other
2026-08-10,IJK,117.4800033569336,117.75,117.01499938964844,117.05999755859376,143805.0,251,16833812.948913574,20483836.40172577,31358221.14215912,0.0368467314126765,0.0397145477072498,0.1203826886124068,0.2374427414266186,0.072135555903468,0.0968765621728563,0.0087489889192362,0.0028648309763172,0.0116622610178954,0.0059439314908696,0.9140342395526208,114.20320495605468,108.15892227172851,0.0047314590349638,117.75,117.75,0.994140106654724,1.7037506103515625,0.0145545074823597,110.0500030517578,110.0500030517578,110.0500030517578,-0.0598837745859949,iShares S&P Mid-Cap 400 Growth ETF,P,True,False,False,False,False,False,False,False,False,,False,,,11298716672.0,Factor / Style,unknown,218.0,True,,False,True,344.0,True,True,False,216.0,,0,0,False,Factor / Style,Factor / Style,Factor / Style,Factor / Style,Factor / Style
2026-08-10,JGLO,74.5,74.54989624023438,74.22000122070312,74.3499984741211,182560.0,251,13573335.721435549,27760512.52242279,17188442.16740684,0.0407334257176372,0.0502895537865841,0.0697841507067782,0.2901294716240279,0.1205144390252973,0.079359901527153,0.0118179672808946,0.0060606173634227,0.0055380633282459,0.0058777234511108,1.9370510365720388,71.33420028686524,69.55006670633952,0.0056560430649221,74.62999725341797,74.62999725341797,0.9962481737960396,0.7717441558837891,0.0103798812605545,70.0250015258789,70.0250015258789,70.0250015258789,-0.0581707738668964,JPMorgan Global Select Equity ETF,Q,True,False,False,False,False,False,False,False,False,,False,,,6879447552.0,Global Equity,unknown,313.0,True,,False,True,414.0,True,True,False,217.0,,0,0,False,Global Equity,Global Equity,Global Equity,Global Equity,Global Equity
2026-08-10,IBDR,24.200000762939453,24.200000762939453,24.18000030517578,24.18000030517578,483181.0,251,11683316.72745514,13084578.592968369,14054584.81086864,0.0028964443422345,0.0091319741043289,0.0180050438984262,0.4118216073336708,0.4313808805778769,0.5103449217700855,0.0011928183645715,0.0039393590305398,0.0091887827198093,0.0057766573217841,0.8530602112685469,24.096553993225097,23.91709871927897,0.0015424560450454,24.200000762939453,24.200000762939453,0.9991735348292096,0.0147146323314078,0.0006085455808806,24.14504996065306,24.110166549682617,24.110166549682617,-0.0028880791816291,iShares iBonds Dec 2026 Term Corporate ETF,P,True,False,False,False,False,False,False,False,False,,False,,,3504570624.0,Bond,unknown,459.0,True,,False,True,432.0,True,True,False,218.0,,0,0,False,Bond,Bond,Bond,Bond,Bond
2026-08-10,EWY,163.0,164.94000244140625,162.1300048828125,163.1199951171875,13557178.0,251,2211446809.162842,4113948775.854947,4097509127.4959736,-0.029163248605372,-0.1423764577579029,0.3079945177988312,0.0,0.0,0.0534058102945973,-0.0,-0.0,0.0164486967893403,0.0057570438762691,-0.0,183.35699981689453,154.77926666259765,-0.0281540982609476,177.52000427246094,220.88999938964844,0.7384670902617232,9.4864990234375,0.058156567603023,142.63999938964844,142.63999938964844,142.63999938964844,-0.1255517186156484,iShares MSCI South Korea ETF,P,True,False,False,False,False,False,False,False,False,,False,,,24467890176.0,Country / Region,unknown,113.0,True,,False,True,8.0,True,True,False,219.0,,0,0,False,Country / Region,Country / Region,Country / Region,Country / Region,Country / Region
2026-08-10,ILCG,117.52999877929688,117.87999725341795,117.0500030517578,117.0999984741211,76291.0,251,8933675.983589172,5982104.254234696,9356564.14469413,0.0233330259706776,0.0206965873550522,0.1486291800539676,0.1059101880927075,0.0291801357066034,0.1028666168058556,0.0024712051693264,0.0006039292276839,0.01528898091078,0.0057436973167676,0.1620462000298543,114.83135284423828,108.03427652994792,-0.0031817622969222,118.48999786376952,120.47084253119948,0.9720194199172684,2.062000274658203,0.0176088838729908,107.68000030517578,107.68000030517578,107.68000030517578,-0.0804440503133492,iShares Morningstar Large-Cap Growth ETF,P,True,False,False,False,False,False,False,False,False,,False,,,3202697216.0,Factor / Style,unknown,481.0,True,,False,True,457.0,True,True,False,220.0,,0,0,False,Factor / Style,Factor / Style,Factor / Style,Factor / Style,Factor / Style
2026-08-10,XAR,288.489990234375,291.44500732421875,287.32000732421875,288.2900085449219,151747.0,251,43747143.92666626,54854555.15363922,59419147.71849085,0.0913048184546718,0.0864842266522365,0.0596836951935968,0.3245421546244436,0.0894793302231934,0.0308576732463674,0.0296322625088728,0.0077385506757129,0.0018416999644198,0.0056746529267603,2.678114873574152,274.9277520751953,272.24297597249347,0.0036732896876516,291.44500732421875,295.1978245154552,0.9765993669436014,7.470250701904296,0.0259122775000378,254.92999267578125,254.92999267578125,254.92999267578125,-0.1157168645473275,State Street SPDR S&P Aerospace & Defense ETF,P,True,False,False,False,False,False,False,False,False,,False,,,6468274688.0,Industry / Theme,unknown,331.0,True,,False,True,263.0,True,True,False,221.0,,0,0,False,Industry / Theme,Industry / Theme,Industry / Theme,Industry / Theme,Industry / Theme
2026-08-10,EFA,108.20999908447266,108.29750061035156,107.96499633789062,108.01000213623048,6941762.0,251,749779728.4492035,1109549846.7650962,1321200159.343089,0.046203064424267,0.0553982652123428,0.0692837534748487,0.3127871654072746,0.113230388812863,0.0614384015896657,0.0144517255543961,0.0062727671095516,0.0042566830696271,0.005567137695578,1.530939544706454,103.92538452148438,100.93605565388998,0.0084950941599606,108.76000213623048,108.76000213623048,0.9931040825186768,1.263749313354492,0.0117002989386163,102.9800033569336,102.47000122070312,102.47000122070312,-0.0512915545408458,iShares MSCI EAFE ETF,P,True,False,False,False,False,False,False,False,False,,False,,,77217693696.0,Country / Region,unknown,37.0,True,,False,True,26.0,True,True,False,222.0,,0,0,False,Country / Region,Country / Region,Country / Region,Country / Region,Country / Region
2026-08-10,JIRE,85.5,85.58000183105469,85.30999755859375,85.36000061035156,205648.0,251,17554113.405517578,35453142.91434784,37491530.12391202,0.04301080681783,0.0559129697825377,0.0670000076293946,0.2829584872704436,0.1111113194963844,0.0580715298519368,0.0121702728334544,0.0062125638494992,0.0038907929431303,0.0053999440322701,1.5487977871977578,82.20039993286133,79.89953358968098,0.0091337217579241,85.87999725341797,85.87999725341797,0.9939450784851334,0.9710506439208983,0.0113759446693717,81.42500305175781,81.12000274658203,81.12000274658203,-0.0496719521257283,JPMorgan International Research Enhanced Equity ETF,P,True,False,False,False,False,False,False,False,False,,False,,,11130201088.0,Global Equity,unknown,222.0,True,,False,True,316.0,True,True,False,223.0,,0,0,False,Global Equity,Global Equity,Global Equity,Global Equity,Global Equity
2026-08-10,SCHA,34.709999084472656,34.83000183105469,34.584999084472656,34.630001068115234,2010691.0,251,69630231.47764969,78533088.67101231,77170105.5183548,0.0090326741272601,0.0379455279219964,0.1257639061597928,0.043478493487455,0.0552381247219394,0.091414551161019,0.0003927270632163,0.002096039803995,0.0114966510338539,0.0053862537344456,0.3320309765261258,34.446501388549805,31.988412335713704,0.0063814533444515,35.189998626708984,36.20000076293945,0.9566298435984693,0.598750114440918,0.0172899248043108,32.79999923706055,32.79999923706055,32.79999923706055,-0.0528444058507298,Schwab U.S. Small-Cap ETF,P,True,False,False,False,False,False,False,False,False,,False,,,24157184000.0,Other,unknown,114.0,True,,False,True,226.0,True,True,False,224.0,,0,0,False,Other,Other,Other,Other,Other
2026-08-10,IDEV,93.04000091552734,93.13500213623048,92.8499984741211,92.9000015258789,861751.0,251,80056669.21492767,118665477.34601554,125533566.32030898,0.0466426238171366,0.0513062902131538,0.0727126759679934,0.312217277881536,0.1103218927823591,0.0665671867853596,0.0145626330414389,0.0056602070479561,0.0048402782828247,0.0053732319801601,1.5818869751845166,89.37842239379883,86.9044032796224,0.0075026859752533,93.41000366210938,93.41000366210938,0.9945401764668024,1.0459503173828124,0.0112588837481498,88.56500244140625,88.19000244140625,88.19000244140625,-0.0506996663844037,iShares Core MSCI International Developed Markets ETF,P,True,False,False,False,False,False,False,False,False,,False,,,30637815808.0,Country / Region,unknown,93.0,True,,False,True,158.0,True,True,False,225.0,,0,0,False,Country / Region,Country / Region,Country / Region,Country / Region,Country / Region
2026-08-10,FV,72.36000061035156,72.92990112304688,72.36000061035156,72.693603515625,73471.0,251,5340871.743896484,4435321.076971436,4908010.928758409,0.0194026925312171,0.0561057159150801,0.1004261567553277,0.0969753230336177,0.0761028295769368,0.0738598627713147,0.0018815823759367,0.0042698037365773,0.007417462156599,0.0053714841835849,0.5207437916262042,72.00883560180664,67.52876180013021,5.154348811364784e-05,72.92990112304688,76.08000183105469,0.9554889822038962,1.3688961029052735,0.0188310392758427,68.68000030517578,68.52999877929688,68.52999877929688,-0.0572760811813818,First Trust Dorsey Wright Focus 5 ETF,Q,True,False,False,False,False,False,False,False,False,,False,,,3943691776.0,Other,unknown,430.0,True,,False,True,467.0,False,False,False,226.0,,0,0,False,Other,Other,Other,Other,Other
2026-08-10,USRT,66.94999694824219,66.94999694824219,66.19100189208984,66.44999694824219,388099.0,251,25789177.365615845,29548280.153414156,34367689.58753144,-0.011454987481074,0.0263215324355789,0.1096294507962727,0.0,0.0560513102326876,0.1145831259678489,-0.0,0.0014753563803463,0.0125616851703754,0.0053555714568565,0.1245850960077589,66.80927665710449,63.02438705444336,0.0098604068333869,70.08999633789062,70.08999633789062,0.9480667772887204,0.953448486328125,0.0143483601221346,66.19100189208984,66.19100189208984,66.19100189208984,-0.0038975931985982,iShares Core U.S. REIT ETF,P,True,False,False,False,False,False,False,False,False,,False,,,4356137472.0,REIT / Infra,unknown,404.0,True,,False,True,334.0,True,True,False,227.0,,0,0,False,REIT / Infra,REIT / Infra,REIT / Infra,REIT / Infra,REIT / Infra
2026-08-10,HELO,69.88999938964844,69.93000030517578,69.76000213623047,69.80999755859375,162090.0,251,11315502.50427246,36868983.467422485,27053691.81100028,0.0264666279344869,0.0331051653813072,0.04223257250727,0.3119577936888871,0.1738719463743124,0.1020722223430458,0.0082564708568272,0.0057560595398913,0.0043107725310808,0.0052502090868077,1.924389742752077,67.90948669433594,66.87921661376953,0.0034643101629601,69.93000030517578,69.93000030517578,0.9982839590153249,0.4989498138427734,0.0071472544233222,67.04000091552734,67.04000091552734,67.04000091552734,-0.0396790823655517,JPMorgan Hedged Equity Laddered Overlay ETF,P,True,False,False,False,False,False,False,False,False,,False,,,3913838592.0,Other,unknown,433.0,True,,False,True,370.0,True,True,False,228.0,,0,0,False,Other,Other,Other,Other,Other
2026-08-10,PAAA,51.36000061035156,51.36980056762695,51.34999847412109,51.36000061035156,1177007.0,251,60451080.23838806,117559914.22340624,104126625.63103037,-0.0001946334775373,0.007364374986579,0.0186533865681242,0.0,0.4194934216414571,0.4942158236462662,-0.0,0.0030893068613708,0.0092187988065577,0.0052346290421862,0.3900914413422695,51.28846183776855,50.827563451131184,0.0011870052591214,51.47999954223633,51.47999954223633,0.9976690183964296,0.0314899444580078,0.0006131219642482,51.290000915527344,51.290000915527344,51.290000915527344,-0.0013629223908169,PGIM AAA CLO ETF,P,True,False,False,False,False,False,False,False,False,,False,,,10160844800.0,Other,unknown,245.0,True,,False,True,184.0,True,True,False,229.0,,0,0,False,Other,Other,Other,Other,Other
2026-08-10,CGMM,33.08000183105469,33.150001525878906,33.0099983215332,33.040000915527344,998072.0,251,32976299.793762207,23723124.420077518,28217619.01640429,0.0225936091367604,0.051509243369382,0.0640231068854384,0.1583515517814911,0.1123138363805084,0.0624010490825287,0.0035777330671504,0.0057852007318725,0.0039951090351742,0.0051586686380281,2.524497875278722,32.196566886901856,31.16412394205729,0.0076701546086233,33.189998626708984,33.25,0.9936842380609728,0.3974997520446777,0.0120308638326299,31.700000762939453,31.700000762939453,31.700000762939453,-0.0405569042208515,Capital Group U.S. Small and Mid Cap ETF,P,True,False,False,False,False,False,False,False,False,,False,,,3082042368.0,Factor / Style,unknown,498.0,True,,False,True,361.0,True,True,False,230.0,,0,0,False,Factor / Style,Factor / Style,Factor / Style,Factor / Style,Factor / Style
2026-08-10,DFAI,43.18999862670898,43.22499847412109,43.10010147094727,43.13999938964844,1243799.0,251,53657488.10084534,79997825.30466232,64694718.96186756,0.0460717176006739,0.048312862038244,0.0703847392666852,0.3310103973868632,0.1094016552199546,0.0676038296833643,0.0152502175512944,0.0052855070753972,0.0047582779256929,0.0051009768730007,1.6251502923045906,41.49288429260254,40.434993286132816,0.0071224583025222,43.34600067138672,43.34600067138672,0.995247513529564,0.4607450485229492,0.0106802284432462,41.20500183105469,41.02000045776367,41.02000045776367,-0.0491423032424396,Dimensional International Core Equity Market ETF,P,True,False,False,False,False,False,False,False,False,,False,,,16829969408.0,Global Equity,unknown,156.0,True,,False,True,255.0,True,True,False,231.0,,0,0,False,Global Equity,Global Equity,Global Equity,Global Equity,Global Equity
2026-08-10,DIHP,35.630001068115234,35.6349983215332,35.54499816894531,35.57500076293945,584045.0,251,20777401.320590973,20499344.137551308,21781500.84771565,0.0525148392291285,0.0477179392866042,0.0650574535165224,0.4292625414450268,0.1154099584730765,0.065548008697221,0.0225426533510727,0.0055071253914877,0.00426438652892,0.005072166789589,2.072259736323592,34.11090980529785,33.42702673594157,0.0067418217503807,35.68000030517578,35.68000030517578,0.997057187742762,0.3595001220703125,0.0101054143179337,33.84000015258789,33.630001068115234,33.630001068115234,-0.0546732158288647,Dimensional International High Profitability ETF,Z,True,False,False,False,False,False,False,False,False,,False,,,6191810560.0,Global Equity,unknown,343.0,True,,False,True,396.0,True,True,False,232.0,,0,0,False,Global Equity,Global Equity,Global Equity,Global Equity,Global Equity
2026-08-10,EFAV,93.36000061035156,93.80999755859376,93.36000061035156,93.63999938964844,312922.0,251,29302015.88900757,53623693.65177307,45769887.980507016,0.0436914636158158,0.0459142508582175,0.0419165397617093,0.3705096254247359,0.1418275317996766,0.0570149209956598,0.0161881078185544,0.0065119048736521,0.0023898682029252,0.0050691920388977,2.251534806789661,89.73493026733398,89.42918055216471,0.0079315309008412,94.27999877929688,94.27999877929688,0.9932117161865196,0.8744991302490235,0.00933894848301,91.91000366210938,89.69999694824219,89.69999694824219,-0.0420760622286142,iShares MSCI EAFE Min Vol Factor ETF,Z,True,False,False,False,False,False,False,False,False,,False,,,5082040320.0,Country / Region,unknown,374.0,True,,False,True,295.0,True,True,False,233.0,,0,0,False,Country / Region,Country / Region,Country / Region,Country / Region,Country / Region
2026-08-10,FNDF,54.84000015258789,55.005001068115234,54.83000183105469,54.91999816894531,1218945.0,251,66944457.16804504,76704061.71540451,75127377.87556481,0.0443049631031948,0.0364151840808011,0.1057169698407061,0.3462103318669721,0.0707209977528806,0.0892896225765191,0.015338835979311,0.002575318151549,0.0094394283370099,0.0049777567164603,0.6840712571111129,53.37817001342773,51.07723607381185,0.004027444794153,55.310001373291016,55.310001373291016,0.99294877608638,0.626500129699707,0.0114075045627726,52.59999847412109,52.27000045776367,52.27000045776367,-0.0482519628465699,Schwab Fundamental International Equity ETF,P,True,False,False,False,False,False,False,False,False,,False,,,23990886400.0,Global Equity,unknown,115.0,True,,False,True,228.0,True,True,False,234.0,,0,0,False,Global Equity,Global Equity,Global Equity,Global Equity,Global Equity
2026-08-10,VNLA,48.880001068115234,48.88999938964844,48.869998931884766,48.87149810791016,297062.0,251,14517864.970932009,19077366.1476593,18743611.287400987,0.0038007149180177,0.0099889125955563,0.0162958019969305,0.4977425710064029,0.4546224336756295,0.3451146943890974,0.0018917776149565,0.0045411837539649,0.0056239207259959,0.0049201416941758,1.0349782501210116,48.68163238525391,48.332641474405925,0.0016310413951285,48.88999938964844,48.88999938964844,0.9996215732875996,0.0305280603764728,0.0006246598029196,48.756178894513695,48.70637656455696,48.70637656455696,-0.0033786879826889,Janus Henderson Short Duration Income ETF,P,True,False,False,False,False,False,False,False,False,,False,,,3309779456.0,Bond,unknown,472.0,True,,False,True,409.0,True,True,False,235.0,,0,0,False,Bond,Bond,Bond,Bond,Bond
2026-08-10,EWU,48.41999816894531,48.58000183105469,48.380001068115234,48.4900016784668,501987.0,251,24341350.472568512,51721645.332390025,65063288.64481372,0.0459448024174451,0.0532032671485529,0.0487119427892037,0.3666093915066868,0.1184833930834083,0.0465009572155973,0.0168437960571545,0.0063037036148835,0.0022651519675293,0.0048902105383096,2.179856546110314,46.7097607421875,46.10038899739583,0.009305637901656,48.86000061035156,48.86000061035156,0.9924273653855342,0.5055000305175781,0.0104248301303329,47.5,46.290000915527344,46.290000915527344,-0.0453701935819156,iShares MSCI United Kingdom ETF,P,True,False,False,False,False,False,False,False,False,,False,,,3667788800.0,Country / Region,unknown,449.0,True,,False,True,254.0,True,True,False,236.0,,0,0,False,Country / Region,Country / Region,Country / Region,Country / Region,Country / Region
2026-08-10,IEFA,100.8000030517578,100.83000183105467,100.51499938964844,100.52999877929688,6457497.0,251,649172165.5273132,800561843.5672745,913504607.9465952,0.0455537928643619,0.0501103412693562,0.0681135077327708,0.2991803086467041,0.1045365698191446,0.0610308144693019,0.0136287978091878,0.0052383631887652,0.004157022853292,0.0048598940713496,1.4076059929860312,96.85901641845705,94.13674128214518,0.0076319764341312,101.27999877929688,101.27999877929688,0.9925947866406046,1.163249969482422,0.0115711726211816,95.87000274658205,95.48999786376952,95.48999786376952,-0.0501342979879283,iShares Core MSCI EAFE ETF,Z,True,False,False,False,False,False,False,False,False,,False,,,186543423488.0,Country / Region,unknown,13.0,True,,False,True,39.0,True,True,False,237.0,,0,0,False,Country / Region,Country / Region,Country / Region,Country / Region,Country / Region
2026-08-10,BBAX,64.81999969482422,64.96720123291016,64.67009735107422,64.875,141734.0,251,9194993.25,13628064.8927742,15734360.520022435,0.0621315988077759,0.0456521390269279,0.0749467001498653,0.3633318383750436,0.1019245650239247,0.0698478162314901,0.0225743880160099,0.0046530744127313,0.0052348633392243,0.0048567005370039,1.5176895483356962,61.51854019165039,60.67818478902181,0.0108614768015242,65.45999908447266,65.45999908447266,0.991063258590674,0.7504945755004883,0.0115683171560768,63.119998931884766,61.630001068115234,61.630001068115234,-0.050019251358532,JPMorgan BetaBuilders Developed Asia Pacific-ex Japan ETF,Z,True,False,False,False,False,False,False,False,False,,False,,,6249870336.0,Country / Region,unknown,340.0,True,,False,True,424.0,True,True,False,238.0,,0,0,False,Country / Region,Country / Region,Country / Region,Country / Region,Country / Region
2026-08-10,MLPX,72.77999877929688,73.5999984741211,72.5,73.56999969482422,474080.0,251,34878065.455322266,36455164.1656723,31392542.22403148,-0.0295475258660736,0.0256088263710532,0.1222095372426346,0.0,0.0389879856981927,0.0969460964574549,-0.0,0.0009984365563021,0.0118477375855453,0.0047956919165372,0.162695676946623,74.28380004882813,71.13055356343587,-0.0051108035046008,78.33999633789062,78.36000061035156,0.938871862197324,1.2514987945556642,0.0170109936080876,72.5,72.5,72.5,-0.0145439676398353,Global X MLP & Energy Infrastructure ETF,P,True,False,False,False,False,False,False,False,False,,False,,,3484022272.0,REIT / Infra,unknown,462.0,True,,False,True,343.0,True,True,False,239.0,,0,0,False,REIT / Infra,REIT / Infra,REIT / Infra,REIT / Infra,REIT / Infra
2026-08-10,FENI,41.70000076293945,41.7400016784668,41.595001220703125,41.59999847412109,948952.0,251,39476401.75201416,56049195.9829483,57398879.630914114,0.0433910104986938,0.0514646584829012,0.0683256039044881,0.294718119248318,0.1002079397072473,0.0582687193430259,0.012788117006459,0.0051571673943086,0.0039812454378533,0.0047455947095493,1.5344376930811756,40.10255218505859,38.91985504150391,0.0072042215170464,41.84999847412109,41.84999847412109,0.9940262841310592,0.4842004776000976,0.0116394349846265,39.4900016784668,39.470001220703125,39.470001220703125,-0.0512018589313895,Fidelity Enhanced International ETF,P,True,False,False,False,False,False,False,False,False,,False,,,10288922624.0,Global Equity,unknown,241.0,True,,False,True,269.0,True,True,False,240.0,,0,0,False,Global Equity,Global Equity,Global Equity,Global Equity,Global Equity
2026-08-10,SCHM,36.060001373291016,36.10630035400391,35.875,35.88999938964844,841243.0,251,30192210.75654602,33296054.745381165,36790309.27380541,0.0144148758093967,0.0362060665374319,0.1055658859053083,0.0842972538589923,0.061871322510176,0.0883975965202383,0.0012151344454505,0.0022401172195623,0.0093317705885589,0.0047221958987111,0.5378298172494641,35.52616188049316,33.47386734008789,0.0053274276960433,36.36000061035156,36.900001525878906,0.97262866952669,0.5340652465820312,0.0148806145350916,34.099998474121094,34.099998474121094,34.099998474121094,-0.049874643242363,Schwab U.S. Mid Cap ETF,P,True,False,False,False,False,False,False,False,False,,False,,,15320031232.0,Factor / Style,unknown,167.0,True,,False,True,322.0,True,True,False,241.0,,0,0,False,Factor / Style,Factor / Style,Factor / Style,Factor / Style,Factor / Style
2026-08-10,AOA,99.33000183105467,99.36990356445312,99.08999633789062,99.12999725341795,82240.0,251,8152450.974121094,10412419.013397217,10363290.961066352,0.0267218448483848,0.0318878062575929,0.0821922486113377,0.2402229715858275,0.0850941902318854,0.0990429001764615,0.0064192009757344,0.0027134670517611,0.0081405586744916,0.0046129491197168,0.7401570596649504,96.8698649597168,93.34902537027996,0.0035055907446235,99.62999725341795,99.62999725341795,0.9949814311574434,0.9080005645751952,0.0091596952459704,94.87999725341795,94.87999725341795,94.87999725341795,-0.0428729962448724,iShares Core 80/20 Aggressive Allocation ETF,P,True,False,False,False,False,False,False,False,False,,False,,,3205894144.0,Other,unknown,480.0,True,,False,True,449.0,True,True,False,242.0,,0,0,False,Other,Other,Other,Other,Other
2026-08-10,BSCR,19.63999938964844,19.63999938964844,19.6299991607666,19.63500022888184,392787.0,251,7712372.83490181,10856113.4628644,11699771.42597274,0.0035229185155838,0.0094203723494539,0.0149313606785088,0.6213827610516,0.4871508833133886,0.2936507013196521,0.0021890808341732,0.0045891427111775,0.0043846045349008,0.0045175543494806,1.2362691123657996,19.55860996246338,19.43289417266846,0.0014654226418984,19.63999938964844,19.63999938964844,0.9997454602381894,0.0142411028404573,0.0007252917073822,19.57999992370605,19.56999969482422,19.56999969482422,-0.0033104422357992,Invesco BulletShares 2027 Corporate Bond ETF,Q,True,False,False,False,False,False,False,False,False,,False,,,4586565632.0,Bond,unknown,395.0,True,,False,True,444.0,True,True,False,243.0,,0,0,False,Bond,Bond,Bond,Bond,Bond
2026-08-10,SPHQ,86.0999984741211,86.2300033569336,85.875,85.98999786376953,1190649.0,251,102383904.96649931,125708150.23054849,143742890.87901875,-0.0095600303383112,0.0454482127108402,0.08332658109344,0.0,0.0761800117821212,0.0743512960356999,-0.0,0.0034622453797881,0.0061954392985211,0.0044188632513446,0.4937009331909934,86.45410873413086,81.29563944498697,0.0040588948304278,88.01000213623047,90.36000061035156,0.9516378628036284,1.279750442504883,0.0148825499976443,83.1500015258789,83.1500015258789,83.1500015258789,-0.0330270544068382,Invesco S&P 500 Quality ETF,P,True,False,False,False,False,False,False,False,False,,False,,,20360812544.0,Factor / Style,unknown,135.0,True,,False,True,145.0,True,True,False,244.0,,0,0,False,Factor / Style,Factor / Style,Factor / Style,Factor / Style,Factor / Style
2026-08-10,FWD,132.8300018310547,133.17990112304688,131.83999633789062,131.92999267578125,226510.0,251,29883462.64099121,43548597.21091461,37431189.375109,-0.0107970495173294,-0.0188161082236879,0.1758466690212166,0.0,0.0,0.0714337289845673,-0.0,-0.0,0.0125613832977005,0.0043964841541951,-0.0,136.20120010375976,124.40773325602214,-0.0121471518625859,136.42999267578125,149.56900024414062,0.8820677577601821,3.860494613647461,0.0292616905022851,117.86000061035156,117.86000061035156,117.86000061035156,-0.1066474103428989,AB Disruptors ETF,P,True,False,False,False,False,False,False,False,False,,False,,,3163472384.0,Other,unknown,488.0,True,,False,True,317.0,True,True,False,245.0,,0,0,False,Other,Other,Other,Other,Other
2026-08-10,BBIN,81.43000030517578,81.37999725341797,81.08000183105469,81.13999938964844,61194.0,251,4965281.1226501465,13770194.750865173,10351848.339711508,0.0462926653335475,0.0489647580503338,0.06081217422477,0.3188271069577849,0.100343512723311,0.0533908734431387,0.0147593565616599,0.0049132958224175,0.0032468150978368,0.0043300275688142,1.5016578127420876,78.18959533691407,76.16562876383463,0.0076312062460521,81.7969970703125,81.7969970703125,0.991967948650984,0.934649658203125,0.0115189754157474,77.43000030517578,77.0199966430664,77.0199966430664,-0.0507764700218575,JPMorgan BetaBuilders International Equity ETF,Z,True,False,False,False,False,False,False,False,False,,False,,,6496628224.0,Global Equity,unknown,328.0,True,,False,True,450.0,True,True,False,246.0,,0,0,False,Global Equity,Global Equity,Global Equity,Global Equity,Global Equity
2026-08-10,DISV,43.630001068115234,43.7400016784668,43.560001373291016,43.65010070800781,238497.0,251,10410418.06855774,13750848.31475525,13229178.13988725,0.0716941124132197,0.0447950404747399,0.0643108105016057,0.4866918822484466,0.0999820250988313,0.0623647588574323,0.0348929425165216,0.0044786988610486,0.0040107281888586,0.0043149091257821,1.2837272002283775,41.43350578308105,40.6578471883138,0.0059465359822599,43.90999984741211,43.90999984741211,0.994081094504499,0.5015993118286133,0.0114913666564941,41.34000015258789,40.83000183105469,40.83000183105469,-0.064606927159638,Dimensional International Small Cap Value ETF,Z,True,False,False,False,False,False,False,False,False,,False,,,4663429632.0,Factor / Style,unknown,391.0,True,,False,True,436.0,True,True,False,247.0,,0,0,False,Factor / Style,Factor / Style,Factor / Style,Factor / Style,Factor / Style
2026-08-10,SHLD,69.1500015258789,70.31999969482422,69.1500015258789,69.8499984741211,904608.0,251,63186867.41967773,66800042.14226989,102226823.39537266,0.1551181918978783,0.0739374441792655,-0.0382319285167502,0.6320754425975319,0.0869734336265651,0.0,0.0980463997987803,0.0064305933938432,-0.0,0.004179885705998,13.519309626051252,62.78074493408203,68.97042208353679,0.0039032140224724,70.31999969482422,78.1967570103106,0.8932595307617559,1.3231990814208985,0.018943437513619,61.50199890136719,59.09000015258789,59.09000015258789,-0.1540443601515567,Global X Defense Tech ETF,P,True,False,False,False,False,False,False,False,False,,False,,,6854938112.0,Industry / Theme,unknown,315.0,True,,False,True,187.0,True,True,False,248.0,,0,0,False,Industry / Theme,Industry / Theme,Industry / Theme,Industry / Theme,Industry / Theme
2026-08-10,DFIC,39.04999923706055,39.15999984741211,39.02999877929688,39.06999969482422,1487076.0,251,58100058.86618042,71274406.92922898,56571670.2353472,0.0478744764574807,0.0404292734819378,0.0671086676975902,0.3462655575560198,0.0933209901120574,0.0660540320135927,0.0165772822832521,0.0037728998308455,0.0044327980844861,0.0040038642196197,1.5550006738989954,37.61501152038574,36.74145563761393,0.0053194072260802,39.27000045776367,39.27000045776367,0.9949070343619028,0.415550422668457,0.0106360487820404,37.275001525878906,37.09199905395508,37.09199905395508,-0.0506270963992655,Dimensional International Core Equity 2 ETF,Z,True,False,False,False,False,False,False,False,False,,False,,,14218919936.0,Global Equity,unknown,179.0,True,,False,True,273.0,True,True,False,249.0,,0,0,False,Global Equity,Global Equity,Global Equity,Global Equity,Global Equity
2026-08-10,IBDS,24.149999618530277,24.15999984741211,24.149999618530277,24.149999618530277,332869.0,251,8038786.223020554,13047937.915601254,14611889.096459735,0.0039404979028465,0.0089720546674565,0.0146926439891212,0.4871347494094237,0.4283985754291976,0.2834109859668757,0.0019195534584515,0.0038436154382112,0.0041640567194171,0.0039557698866333,1.058173803290449,24.054570350646973,23.90021420796712,0.0014939326101779,24.174790404759875,24.174790404759875,0.9989745190831222,0.0182048149675852,0.0007538225778528,24.085105573534477,24.057204686847573,24.057204686847573,-0.0038424402960031,iShares iBonds Dec 2027 Term Corporate ETF,P,True,False,False,False,False,False,False,False,False,,False,,,3791735808.0,Bond,unknown,441.0,True,,False,True,427.0,True,True,False,250.0,,0,0,False,Bond,Bond,Bond,Bond,Bond
2026-08-10,IWP,144.1699981689453,144.8094940185547,143.9149932861328,144.1999969482422,589378.0,251,84988305.80136108,104441006.4890274,113713206.73484148,0.024875622430095,0.0507759324348531,0.0653201509754537,0.1192910851007839,0.0812330719962032,0.052533440096493,0.0029674399922434,0.0041246849751547,0.0034314922383628,0.0038820675172776,2.737579827399764,140.85748718261718,137.1341938273112,0.0025053978826115,144.8094940185547,146.63999938964844,0.9833605943019494,2.7012237548828124,0.0187324813595687,134.0,134.0,134.0,-0.0707350704861892,iShares Russell Midcap Growth ETF,P,True,False,False,False,False,False,False,False,False,,False,,,21568610304.0,Factor / Style,unknown,126.0,True,,False,True,170.0,True,True,False,251.0,,0,0,False,Factor / Style,Factor / Style,Factor / Style,Factor / Style,Factor / Style
2026-08-10,CGXU,34.70000076293945,34.79499816894531,34.6150016784668,34.720001220703125,783654.0,251,27208467.836608887,32845143.50161743,31940907.877662294,0.0328722144001609,0.0414248793680902,0.1112485338130457,0.1533655345416463,0.0503389257130398,0.0644436853212929,0.0050414647330482,0.0020852839251819,0.0071692655055031,0.0038646774782943,0.4691133282449824,34.12827033996582,32.075379905700686,0.0047356837185623,34.91999816894531,35.83886267180888,0.9687807768524458,0.6117498397827148,0.0176195224157404,32.29499816894531,32.29499816894531,32.29499816894531,-0.0698445554867035,Capital Group International Focus Equity ETF,P,True,False,False,False,False,False,False,False,False,,False,,,6228755968.0,Global Equity,unknown,341.0,True,,False,True,341.0,True,True,False,252.0,,0,0,False,Global Equity,Global Equity,Global Equity,Global Equity,Global Equity
2026-08-10,QQQI,55.209999084472656,55.34999847412109,55.10010147094727,55.13999938964844,3565866.0,251,196621849.0635681,315661449.1414108,345755498.2141477,0.0067016543283562,0.0105254709798188,0.1148983256185689,0.0303956504448078,0.0157251429218996,0.0933068321960506,0.0002037011423666,0.0001655145354779,0.0107207987880989,0.0038598640238953,0.0471744177545569,54.64073524475098,51.90774879455567,-0.0043170476806351,55.66258563913258,56.59177511765119,0.9743465242964268,0.9929533654894452,0.0180078595662054,50.959999084472656,50.959999084472656,50.959999084472656,-0.0758070430077026,NEOS Nasdaq 100 High Income ETF,Q,True,False,False,False,False,False,False,False,False,,False,,,13110758400.0,Bond,unknown,195.0,True,,False,True,77.0,True,True,False,253.0,,0,0,False,Bond,Bond,Bond,Bond,Bond
2026-08-10,CGBL,38.34999847412109,38.4099006652832,38.27000045776367,38.310001373291016,1182997.0,251,45320616.69459915,64496274.3784502,77772925.52742665,0.0259775366025514,0.0312352422860444,0.0651017685097699,0.2732401328161098,0.0894625763349124,0.0871132583904828,0.0070981055515165,0.0027943852473547,0.0056712271818689,0.0038012799244347,1.1331371005058897,37.53346633911133,36.43454668680827,0.0038078611805414,38.41600036621094,38.41600036621094,0.997240759269329,0.304444694519043,0.0079468724512052,36.845001220703125,36.845001220703125,36.845001220703125,-0.0382406708450097,Capital Group Core Balanced ETF,P,True,False,False,False,False,False,False,False,False,,False,,,6991702016.0,Other,unknown,310.0,True,,False,True,225.0,True,True,False,254.0,,0,0,False,Other,Other,Other,Other,Other
2026-08-10,EWJ,96.7300033569336,96.7300033569336,95.98999786376952,96.0500030517578,2365100.0,251,227167862.2177124,400232164.3136215,502552235.8896892,0.035914600811191,0.04719010093045,0.0802222143092183,0.1558259342165861,0.0707902389064189,0.0553147446723932,0.0055964262234196,0.0033405985188845,0.0044374713015684,0.0037245039928239,0.8148652942973456,92.92426345825196,89.17042678833008,0.0052297881505565,96.95999908447266,97.5199966430664,0.9849262341887794,1.7395004272460937,0.0181103630606731,89.08999633789062,89.08999633789062,89.08999633789062,-0.0724623268373734,iShares MSCI Japan Index Fund,P,True,False,False,False,False,False,False,False,False,,False,,,22312462336.0,Country / Region,unknown,123.0,True,,False,True,62.0,True,True,False,255.0,,0,0,False,Country / Region,Country / Region,Country / Region,Country / Region,Country / Region
2026-08-10,SCHH,23.934999465942383,24.02510070800781,23.690000534057617,23.770000457763672,6469485.0,251,153779661.4114952,141242102.33564472,142266649.296116,-0.0112312998120261,0.0173269213971838,0.0954555255548179,0.0,0.0370443283725878,0.0986487182531546,-0.0,0.0006418641659232,0.009416565246164,0.0037130095440075,0.0829360360755632,23.94554626464844,22.772041104634603,0.0079108456170813,25.030000686645508,25.030000686645508,0.9496603997476478,0.3425000190734863,0.0144089193301475,23.690000534057617,23.690000534057617,23.690000534057617,-0.0033655835997228,Schwab U.S. REIT ETF,P,True,False,False,False,False,False,False,False,False,,False,,,11128644608.0,REIT / Infra,unknown,223.0,True,,False,True,146.0,True,True,False,256.0,,0,0,False,REIT / Infra,REIT / Infra,REIT / Infra,REIT / Infra,REIT / Infra
2026-08-10,CORO,36.790000915527344,36.84999847412109,36.65999984741211,36.65999984741211,1092401.0,251,40047420.49331284,27732444.816875268,87557229.19751115,0.0315137564162368,0.0299542210368883,0.1014289627412978,0.1824101542963471,0.0501953980876848,0.0764605859787513,0.0057484291703432,0.0015035640493531,0.0077553179264165,0.0036916779063253,0.5469894889449586,35.93748588562012,34.24972988128662,0.0033045825170974,36.95000076293945,37.26986892301098,0.9836364040652064,0.5419000625610352,0.0147817802732284,34.619998931884766,34.619998931884766,34.619998931884766,-0.0556465063834786,iShares International Country Rotation Active ETF,Q,True,False,False,False,False,False,False,False,False,,False,,,7762802688.0,Global Equity,unknown,290.0,True,,False,True,215.0,True,True,False,257.0,,0,0,False,Global Equity,Global Equity,Global Equity,Global Equity,Global Equity
2026-08-10,VIS,357.04998779296875,357.8908996582031,354.57501220703125,354.8900146484375,45160.0,251,16026833.061523438,26475119.06274414,30065745.33088805,0.0225904830175234,0.0495651524870213,0.0623190859023321,0.1409569856838418,0.0795375661931996,0.0486937463235952,0.0031842863912921,0.0039422915968124,0.0030345497600465,0.0036245819539443,1.4094434134521376,348.2944964599609,334.5473622639974,0.0086909013511289,362.2000122070313,362.2099914550781,0.9797907926911826,5.701792907714844,0.0160663661201152,337.29998779296875,337.29998779296875,337.29998779296875,-0.0495647274632222,Vanguard Industrials ETF,P,True,False,False,False,False,False,False,False,False,,False,,,9029749760.0,Sector,unknown,267.0,True,,False,True,351.0,True,True,False,258.0,,0,0,False,Sector,Sector,Sector,Sector,Sector
2026-08-10,AVDE,93.5500030517578,93.7249984741211,93.4250030517578,93.52999877929688,848484.0,251,79358707.48425293,85370730.18424073,95174164.20643832,0.0477204245146718,0.0399004613367313,0.0674237242828901,0.3174370446592779,0.0832389536883801,0.0615360958322522,0.0151482305278235,0.0033212726533531,0.0041489927588392,0.0036109746902733,1.4834169735927565,90.04447906494141,87.89923680623373,0.0054869691885139,94.00499725341795,94.00499725341795,0.9949470933673812,1.0611007690429688,0.0113450313577663,88.91999816894531,88.62999725341797,88.62999725341797,-0.0523896246106178,Avantis International Equity ETF,P,True,False,False,False,False,False,False,False,False,,False,,,17163864064.0,Global Equity,unknown,152.0,True,,False,True,203.0,True,True,False,259.0,,0,0,False,Global Equity,Global Equity,Global Equity,Global Equity,Global Equity
2026-08-10,CGGO,40.59999847412109,40.709999084472656,40.5,40.5,982057.0,251,39773308.5,53164727.6874588,51793452.58659024,0.013513536734218,0.0211800341860743,0.1212624916289466,0.0622120848550371,0.0252707672374368,0.0737373945603827,0.0008407052940008,0.0005352357139972,0.0089415801906187,0.0034774562808147,0.1236533515533,40.52439994812012,37.81286669413249,0.0016164495621906,41.34000015258789,42.880001068115234,0.944496245129878,0.7881998062133789,0.0194617236102068,37.97999954223633,37.97999954223633,37.97999954223633,-0.0622222335250289,Capital Group Global Growth Equity ETF,P,True,False,False,False,False,False,False,False,False,,False,,,11956222976.0,Factor / Style,unknown,204.0,True,,False,True,282.0,True,True,False,260.0,,0,0,False,Factor / Style,Factor / Style,Factor / Style,Factor / Style,Factor / Style
2026-08-10,EMLP,43.5,43.56100082397461,43.33000183105469,43.52000045776367,186154.0,251,8101422.165214539,12044626.74832878,12346882.473626394,-0.0178289526301738,0.0177259136489731,0.0825061104128037,0.0,0.0431740336989689,0.1023911964743317,-0.0,0.0007652991932257,0.0084478993616102,0.0034542092521603,0.5218544245196823,43.569417037963866,42.56260350545247,0.0002887749734348,45.22999954223633,45.22999954223633,0.96219325443778,0.5270498275756836,0.0121105198077189,43.2400016784668,43.2400016784668,43.2400016784668,-0.0064337954124934,First Trust North American Energy Infrastructure Fund,P,True,False,False,False,False,False,False,False,False,,False,,,4057605120.0,REIT / Infra,unknown,419.0,True,,False,True,440.0,True,True,False,261.0,,0,0,False,REIT / Infra,REIT / Infra,REIT / Infra,REIT / Infra,REIT / Infra
2026-08-10,SPDW,51.43999862670898,51.5,51.32500076293945,51.380001068115234,2046633.0,251,105156005.72603989,137869156.1792654,156091044.06029516,0.0388192887016316,0.033640975927657,0.0891689104040409,0.240000362396413,0.0586639152190117,0.0691858467190733,0.0093166433563625,0.0019735113597048,0.0061692265673207,0.0034420116823704,0.7061921745308424,50.1055931854248,48.10707168579101,0.0044010892887311,51.84999847412109,51.84999847412109,0.9909354403117208,0.6707502365112304,0.0130546948728554,48.68999862670898,48.68999862670898,48.68999862670898,-0.0523550483745626,State Street SPDR Portfolio Developed World ex-US ETF,P,True,False,False,False,False,False,False,False,False,,False,,,40294080512.0,Country / Region,unknown,78.0,True,,False,True,137.0,True,True,False,262.0,,0,0,False,Country / Region,Country / Region,Country / Region,Country / Region,Country / Region
2026-08-10,FELG,44.630001068115234,44.7599983215332,44.40999984741211,44.459999084472656,293769.0,251,13060969.471046448,14829056.481269456,19067221.564297024,0.024187957630761,0.0159187824373794,0.1067565207672309,0.1097178358499583,0.0256263817373178,0.0847574344384238,0.0026538503648775,0.0004079407955335,0.0090484088098028,0.0034321046005278,0.1564048862982077,43.38160041809082,41.592286860148114,-0.0040469569800581,45.06999969482422,45.581402281289385,0.9753977907503506,0.8134504318237304,0.0182962314119305,40.970001220703125,40.970001220703125,40.970001220703125,-0.0784974794340107,Fidelity Enhanced Large Cap Growth ETF,P,True,False,False,False,False,False,False,False,False,,False,,,5650164224.0,Factor / Style,unknown,359.0,True,,False,True,406.0,True,True,False,263.0,,0,0,False,Factor / Style,Factor / Style,Factor / Style,Factor / Style,Factor / Style
2026-08-10,EMXC,93.88999938964844,94.13999938964844,93.52999877929688,93.76000213623048,1963069.0,251,184057353.6335678,241519755.7636486,273788568.8235037,-0.0053044768583536,-0.0377885308610811,0.1527251330867169,0.0,0.0,0.0632028168551558,-0.0,-0.0,0.009652658615659,0.0033784305154806,-0.0,96.98293914794922,88.43093882242839,-0.0066619236593539,96.29000091552734,107.12000274658205,0.8752800572460977,2.419948959350586,0.0258100352411945,86.37999725341797,86.37999725341797,86.37999725341797,-0.0787116543799729,iShares MSCI Emerging Markets ex China ETF,Q,True,False,False,False,False,False,False,False,False,,False,,,26057398272.0,Country / Region,unknown,106.0,True,,False,True,93.0,True,True,False,264.0,,0,0,False,Country / Region,Country / Region,Country / Region,Country / Region,Country / Region
2026-08-10,FLJP,41.16999816894531,41.19150161743164,40.8849983215332,40.90999984741211,342642.0,251,14017484.16771698,29153715.336468123,40571039.53326767,0.033602778040144,0.0414121193199943,0.0774641505400024,0.1519997070313777,0.0671055861526357,0.0562339941201856,0.0051076124175423,0.0027789845407911,0.0043561185859916,0.0033309814566113,0.7180553921556342,39.66523628234863,38.14199755350749,0.0040501755154014,41.26499938964844,41.34942477044154,0.989372889091711,0.6937498092651367,0.0169579518908021,38.119998931884766,38.119998931884766,38.119998931884766,-0.0681985071115524,Franklin FTSE Japan ETF,P,True,False,False,False,False,False,False,False,False,,False,,,3791726592.0,Country / Region,unknown,442.0,True,,False,True,307.0,True,True,False,265.0,,0,0,False,Country / Region,Country / Region,Country / Region,Country / Region,Country / Region
2026-08-10,CWB,103.94000244140624,104.94000244140624,103.03730010986328,103.61000061035156,554014.0,251,57401390.87814331,70160356.71069336,88266462.46187483,-0.000336107582693,-0.0059035859623648,0.1119612989057223,0.0,0.0,0.0846518388832793,-0.0,-0.0,0.0094777298361298,0.0033172054426454,-0.0,105.0103465270996,98.96443105061849,-0.0043168495189437,105.98999786376952,111.69357481451836,0.9276272228049768,2.130539573525811,0.0205630688251627,98.01651887216988,98.01651887216988,98.01651887216988,-0.0539859251542447,State Street SPDR Bloomberg Convertible Securities ETF,P,True,False,False,False,False,False,False,False,False,,False,,,6197490688.0,Other,unknown,342.0,True,,False,True,213.0,True,True,False,266.0,,0,0,False,Other,Other,Other,Other,Other
2026-08-10,SRLN,40.43000030517578,40.45949935913086,40.38999938964844,40.40999984741211,1832904.0,251,74067650.36032104,56018922.68651123,72458004.77505977,0.0077216966252502,0.013361180925133,0.0281461893256511,0.4375111168604369,0.2210930549883337,0.1408453235226265,0.0033783281145706,0.0029540643089895,0.0039642591415004,0.0033076325003683,0.8245438447171238,40.006532745361326,39.58056096394857,0.0022743157073759,40.459999084472656,40.459999084472656,0.9987642303956518,0.066728081837542,0.0016512764684362,40.10035541676744,40.03077372133591,40.03077372133591,-0.0093844624476158,State Street Blackstone Senior Loan ETF,P,True,False,False,False,False,False,False,False,False,,False,,,5200829440.0,Bond,unknown,368.0,True,,False,True,237.0,True,True,False,267.0,,0,0,False,Bond,Bond,Bond,Bond,Bond
2026-08-10,SCHF,28.11000061035156,28.149999618530277,28.065000534057617,28.07999992370605,6240119.0,251,175222541.0439167,211809218.50801784,211517604.00868773,0.0373106849009292,0.032533630969205,0.0877982521642535,0.2259510617371397,0.0557311462292458,0.0676961304068937,0.0084303888675048,0.001813136544913,0.0059436019280086,0.0032587994289965,0.6333655756258347,27.459154205322264,26.32196851094564,0.0042208805197003,28.32999992370605,28.32999992370605,0.9911754323800472,0.3732500076293945,0.0132923792251966,26.6200008392334,26.6200008392334,26.6200008392334,-0.0519942695313213,Schwab International Equity ETF,P,True,False,False,False,False,False,False,False,False,,False,,,66217533440.0,Global Equity,unknown,47.0,True,,False,True,115.0,True,True,False,268.0,,0,0,False,Global Equity,Global Equity,Global Equity,Global Equity,Global Equity
2026-08-10,AOR,69.94000244140625,70.05500030517578,69.88999938964844,69.91999816894531,300724.0,251,21026621.52935791,20858850.11092987,21205423.66753181,0.0205808785396197,0.0234051244438557,0.0608284194079582,0.2234540211470682,0.0760417316698327,0.0908999073530154,0.0045988800684174,0.0017797661926587,0.0055292976886137,0.0030921022162429,0.7359514912814621,68.75068450927735,66.83264404296875,0.0027221735399747,70.20999908447266,70.20999908447266,0.9958695211606764,0.5199996948242187,0.0074370667683337,67.56999969482422,67.56999969482422,67.56999969482422,-0.0336098188738916,iShares Core 60/40 Balanced Allocation ETF,P,True,False,False,False,False,False,False,False,False,,False,,,3667536128.0,Other,unknown,450.0,True,,False,True,398.0,True,True,False,269.0,,0,0,False,Other,Other,Other,Other,Other
2026-08-10,ICVT,115.66999816894533,116.00499725341795,115.12999725341795,115.13999938964844,276342.0,251,31818017.71133423,63248495.62017822,84459144.67355153,-0.0094387209080306,-0.0106226281108591,0.1104411249429939,0.0,0.0,0.0794081706136525,-0.0,-0.0,0.0087699276922369,0.0030694746922829,-0.0,117.72258911132812,110.42066630045574,-0.0056366760100556,117.5500030517578,126.28003718748644,0.9117830652734248,2.108340369577256,0.0183111028378796,109.49541508265293,109.49541508265293,109.49541508265293,-0.0490236610814415,iShares Convertible Bond ETF,Z,True,False,False,False,False,False,False,False,False,,False,,,7533008896.0,Bond,unknown,295.0,True,,False,True,217.0,True,True,False,270.0,,0,0,False,Bond,Bond,Bond,Bond,Bond
2026-08-10,GNR,74.20999908447266,75.26000213623047,74.20500183105469,75.22000122070312,230213.0,251,17316622.14102173,14425864.59337921,16831906.002246674,0.0920441959943683,0.0267231123492912,0.0831219928264523,0.5096468337079547,0.0518085297967892,0.0740709232661037,0.0469100330497242,0.0013844851624112,0.0061569227523737,0.0030548383188981,12.458811811338364,70.57778030395508,71.14857192993163,-0.0005450972581657,75.26000213623047,75.26000213623047,0.9994684970184436,0.9534999847412108,0.0126761495515474,71.12999725341797,68.86000061035156,68.86000061035156,-0.0845519875982276,State Street SPDR S&P Global Natural Resources ETF,P,True,False,False,False,False,False,False,False,False,,False,,,4480049664.0,Global Equity,unknown,400.0,True,,False,True,418.0,True,True,False,271.0,,0,0,False,Global Equity,Global Equity,Global Equity,Global Equity,Global Equity
2026-08-10,REET,28.1200008392334,28.1200008392334,27.78499984741211,27.84000015258789,2644370.0,251,73619261.20349884,83569880.13165092,69377510.76314594,-0.002508050706088,0.0228708641282315,0.0729481146673218,0.0,0.0578203132820202,0.084337941229312,-0.0,0.0013224005289248,0.0061522938076017,0.0030128631764617,0.1697023067802503,27.833926429748534,26.695072746276857,0.0092145233664238,29.059999465942383,29.059999465942383,0.9580179168693964,0.3262500762939453,0.0117187526762142,27.78499984741211,27.78499984741211,27.78499984741211,-0.0019755856635894,iShares Global REIT ETF,P,True,False,False,False,False,False,False,False,False,,False,,,4886244352.0,REIT / Infra,unknown,380.0,True,,False,True,244.0,True,True,False,272.0,,0,0,False,REIT / Infra,REIT / Infra,REIT / Infra,REIT / Infra,REIT / Infra
2026-08-10,IDMO,62.52000045776367,62.619998931884766,62.31010055541992,62.38999938964844,207377.0,251,12938250.903427124,21164805.614076234,22161404.103471544,0.0556683756424796,0.0394683212573812,0.08281695631316,0.2513368921621254,0.0547682570043505,0.0543258515728912,0.0139915165256945,0.0021616111621545,0.0044991016763873,0.002979732842136,1.2436244355599546,59.88993583679199,58.20262285868327,0.0061648736296582,62.9900016784668,62.9900016784668,0.9904746424380004,0.9989948272705078,0.0160120986863843,57.90999984741211,57.90999984741211,57.90999984741211,-0.0718063725927786,Invesco S&P International Developed Momentum ETF,P,True,False,False,False,False,False,False,False,False,,False,,,3922271744.0,Factor / Style,unknown,432.0,True,,False,True,394.0,True,True,False,273.0,,0,0,False,Factor / Style,Factor / Style,Factor / Style,Factor / Style,Factor / Style
2026-08-10,IDEF,35.029998779296875,35.36000061035156,35.02000045776367,35.130001068115234,343512.0,251,12067576.9269104,16800622.04253731,28538194.15013013,0.1184336593051469,0.0586290603199251,0.0188734209131993,0.5360233367174578,0.0760969126305924,0.0118203471864936,0.0634832052404034,0.004461490480779,0.0002230903877908,0.0029780504482331,6.290164245496734,32.35370960235596,33.64312974294027,0.0049595074288983,35.36000061035156,36.81834220635579,0.9541440206955026,0.6257498741149903,0.0178124069197064,31.364999771118164,30.76000022888184,30.76000022888184,-0.1243951240069761,iShares Defense Industrials Active ETF,Q,True,False,False,False,False,False,False,False,False,,False,,,4074098176.0,Industry / Theme,unknown,417.0,True,,False,True,359.0,True,True,False,274.0,,0,0,False,Industry / Theme,Industry / Theme,Industry / Theme,Industry / Theme,Industry / Theme
2026-08-10,ARKK,79.48999786376953,80.61499786376953,79.38500213623047,80.44000244140625,3820940.0,251,307356422.9284668,372070168.87797546,515722797.3781622,0.0281186686823193,0.0166835142694841,0.1424513315952922,0.0679223248189874,0.0141706912445415,0.0542455266025079,0.0019098853477179,0.0002364169295867,0.0077273474976151,0.0028582426283966,0.3739914142745554,77.42839996337891,75.6264668528239,-0.0043847568453565,80.69999694824219,84.33999633789062,0.9537586665185536,2.498399353027344,0.0310591655544418,69.88999938964844,69.88999938964844,69.88999938964844,-0.1311536888557729,ARK Innovation ETF,Z,True,False,False,False,False,False,False,False,False,,False,,,6534055424.0,Other,unknown,326.0,True,,False,True,60.0,True,True,False,275.0,,0,0,False,Other,Other,Other,Other,Other
2026-08-10,VEA,72.55999755859375,72.69000244140625,72.45500183105469,72.5,10553099.0,251,765099677.5,681222904.0436478,783025374.4050986,0.0392774911104323,0.0289653120299584,0.0836520068850363,0.2329935779286792,0.0503248717002763,0.064542087440179,0.0091514031858815,0.0014576756116661,0.0053990751429204,0.0028371654476051,0.6378819697784959,70.8082208251953,68.10120259602864,0.0036052026410313,73.12000274658203,73.12000274658203,0.9915207505020094,0.9567493438720704,0.0131965426740975,68.66000366210938,68.66000366210938,68.66000366210938,-0.0529654667295258,Vanguard FTSE Developed Markets ETF,P,True,False,False,False,False,False,False,False,False,,False,,,316309798912.0,Country / Region,unknown,9.0,True,,False,True,42.0,True,True,False,276.0,,0,0,False,Country / Region,Country / Region,Country / Region,Country / Region,Country / Region
2026-08-10,XSMO,88.76000213623047,88.82949829101562,88.2699966430664,88.38999938964844,208043.0,251,18388920.64302063,22188499.980591584,21306740.6983054,0.0090182754484946,0.0150682443459584,0.1028366016220059,0.0459036000902582,0.0215048640748692,0.0710573433029473,0.0004139713096914,0.0003240405465067,0.0073072957055633,0.0027681798521765,0.1580159467714309,88.62163360595703,82.88225499471028,0.0038576368342866,90.68000030517578,93.68000030517578,0.9435311603512552,1.5884750366210938,0.0179712076885377,84.4800033569336,84.4800033569336,84.4800033569336,-0.0442357286991084,Invesco S&P SmallCap Momentum ETF,P,True,False,False,False,False,False,False,False,False,,False,,,3182153728.0,Factor / Style,unknown,485.0,True,,False,True,397.0,True,True,False,277.0,,0,0,False,Factor / Style,Factor / Style,Factor / Style,Factor / Style,Factor / Style
2026-08-10,DBMF,31.06999969482422,31.34709930419922,31.06999969482422,31.31999969482422,1257153.0,251,39374031.57634735,75021784.05226707,58327034.37172724,0.0106485939381517,0.025714029252092,0.0478638304758778,0.130434717052823,0.0939077673280438,0.0680207387633518,0.0013889463373332,0.0024147470760719,0.003255733109013,0.0027090921876013,1.019279485562471,30.81881362915039,30.303562812805172,-0.0006578219266413,31.540000915527344,31.540000915527344,0.9930246920000938,0.2405549049377441,0.0076805525951999,30.3799991607666,30.3799991607666,30.3799991607666,-0.0300127887361684,iMGP DBi Managed Futures Strategy ETF,P,True,False,False,False,False,False,False,False,False,,False,,,3887484160.0,Other,unknown,435.0,True,,False,True,265.0,True,True,False,278.0,,0,0,False,Other,Other,Other,Other,Other
2026-08-10,XLG,63.220001220703125,63.40999984741211,63.05500030517578,63.18000030517578,695976.0,251,43971763.89239502,58242338.28079376,99293922.54645988,0.031005247449855,0.0063579663184611,0.0874509121589457,0.1733576972607984,0.0129515487533219,0.0852656316718403,0.0053749983009081,8.234551074552931e-05,0.0074565572655111,0.0026633196249134,0.0483889417576448,61.47486015319824,59.51577540079752,-0.0060676291691049,63.66999816894531,64.6472954183753,0.9773030703960052,0.889750862121582,0.014082792938016,58.59000015258789,58.59000015258789,58.59000015258789,-0.0726495747137859,Invesco S&P 500 Top 50 ETF,P,True,False,False,False,False,False,False,False,False,,False,,,10253615104.0,US Equity,unknown,242.0,True,,False,True,193.0,True,True,False,279.0,,0,0,False,US Equity,US Equity,US Equity,US Equity,US Equity
2026-08-10,ACWX,77.20999908447266,77.22000122070312,76.95500183105469,77.04000091552734,1028835.0,251,79261449.34192657,140155233.996027,130885850.96948352,0.0361802622274773,0.0279474658697547,0.0813064745045941,0.2221303812046237,0.046922699196502,0.0621479941771118,0.0080367354406728,0.001311370534311,0.005053034304073,0.0026209528537277,0.6545871852568378,75.33949996948242,72.43610061645508,0.0040893668733537,77.63999938964844,77.63999938964844,0.9922720443220264,1.019750213623047,0.0132366329374941,72.87999725341797,72.87999725341797,72.87999725341797,-0.0539979700502694,iShares MSCI ACWI ex U.S. ETF,Q,True,False,False,False,False,False,False,False,False,,False,,,11616678912.0,Global Equity,unknown,209.0,True,,False,True,153.0,True,True,False,280.0,,0,0,False,Global Equity,Global Equity,Global Equity,Global Equity,Global Equity
2026-08-10,VSGX,82.63999938964844,82.6449966430664,82.30000305175781,82.4000015258789,158558.0,251,13065179.441940308,12114773.422093963,14099041.23477197,0.0296139295605628,0.0277824830154664,0.0862274031436864,0.1589541115121111,0.0428053924862533,0.0611028585727141,0.0047072558616815,0.0011892400897197,0.005268740819381,0.0026170653451011,0.4505039316121595,80.95318786621094,77.21735204060873,0.0032112794317533,83.1500015258789,84.45695211165649,0.975644982037024,1.530498504638672,0.018574010634672,77.58000183105469,75.69000244140625,75.69000244140625,-0.0814320262162286,Vanguard ESG International Stock ETF,Z,True,False,False,False,False,False,False,False,False,,False,,,6694336000.0,Global Equity,unknown,322.0,True,,False,True,431.0,True,True,False,281.0,,0,0,False,Global Equity,Global Equity,Global Equity,Global Equity,Global Equity
2026-08-10,CGGR,46.970001220703125,47.20000076293945,46.92499923706055,47.0099983215332,2727030.0,251,128197675.72277068,121436756.1074772,121381208.38051872,0.0153347536970225,0.0170189946214325,0.0888224151621355,0.0818915639219882,0.027393471750806,0.0700920211393017,0.0012557869626076,0.0004662093483893,0.0062257426011882,0.0024820459868689,0.2446251537033003,46.14316886901855,44.5043818918864,-0.0021939902646166,47.400001525878906,47.99230270034517,0.9795320431914826,0.7362001419067383,0.0156605013442325,43.755001068115234,43.755001068115234,43.755001068115234,-0.069240531155837,Capital Group Growth ETF,P,True,False,False,False,False,False,False,False,False,,False,,,24842137600.0,Factor / Style,unknown,111.0,True,,False,True,165.0,True,True,False,282.0,,0,0,False,Factor / Style,Factor / Style,Factor / Style,Factor / Style,Factor / Style
2026-08-10,EEMV,73.54499816894531,73.70999908447266,73.41000366210938,73.44000244140625,250218.0,251,18376010.53088379,17178336.127931215,18234241.829003718,0.0188679325166944,0.0080166511438342,0.095197320171146,0.096866081384506,0.0114458209611296,0.0702484997334753,0.0018276626867194,9.175715370016116e-05,0.0066874689206703,0.0024002562721397,0.0481261884403245,73.37532287597656,69.40408292134603,0.0002702568945669,74.12000274658203,77.38999938964844,0.9489598529604004,1.0815006256103517,0.0147263152186469,69.41999816894531,69.41999816894531,69.41999816894531,-0.0547386184480083,iShares MSCI Emerging Markets Min Vol Factor ETF,Z,True,False,False,False,False,False,False,False,False,,False,,,3654402304.0,Country / Region,unknown,451.0,True,,False,True,410.0,True,True,False,283.0,,0,0,False,Country / Region,Country / Region,Country / Region,Country / Region,Country / Region
2026-08-10,DFGR,29.46999931335449,29.46999931335449,29.1914005279541,29.25,351505.0,251,10281521.25,11284393.318969728,13115073.935024928,-0.0028975315195304,0.0150626902197061,0.069888694885599,0.0,0.0383763433153592,0.0822732107487588,-0.0,0.0005780509711243,0.0057499673232785,0.0023882216943783,0.1059889778466324,29.285928039550782,28.20360178629557,0.0075650207044797,30.424999237060547,30.424999237060547,0.9613804678216956,0.3356800079345703,0.0114762395875066,29.1914005279541,29.1914005279541,29.1914005279541,-0.0020034007537059,Dimensional Global Real Estate ETF,P,True,False,False,False,False,False,False,False,False,,False,,,3711327744.0,REIT / Infra,unknown,445.0,True,,False,True,437.0,True,True,False,284.0,,0,0,False,REIT / Infra,REIT / Infra,REIT / Infra,REIT / Infra,REIT / Infra
2026-08-10,EFG,126.30999755859376,126.4000015258789,125.90499877929688,125.97000122070312,561641.0,251,70749917.45559692,83628536.9903717,103575080.9761338,0.0455677100830158,0.036050174246462,0.0626689388576975,0.2595745356256883,0.0585446530382652,0.0456885580078217,0.0118282171843248,0.0021105449432281,0.0028632534482885,0.0023739929199992,1.417337439417721,122.12155685424804,118.96174372355144,0.0051330548760102,126.5,126.5,0.995810286329669,1.7107498168945312,0.0135806128468415,117.98999786376952,117.98999786376952,117.98999786376952,-0.0633484423243943,iShares MSCI EAFE Growth ETF,Z,True,False,False,False,False,False,False,False,False,,False,,,16891213824.0,Country / Region,unknown,155.0,True,,False,True,185.0,True,True,False,285.0,,0,0,False,Country / Region,Country / Region,Country / Region,Country / Region,Country / Region
2026-08-10,FRDM,66.11000061035156,66.66059875488281,66.0823974609375,66.16999816894531,151740.0,251,10040635.522155762,19904490.34744644,24055247.21914745,-0.0004531537867037,-0.0347866083259984,0.1318482554101561,0.0,0.0,0.0504261247011377,-0.0,-0.0,0.0066485965689399,0.0023270087991289,-0.0,68.92590141296387,62.67294514973958,-0.0076829755529442,68.44000244140625,76.54803516994124,0.8644245149081088,1.9959312438964845,0.0301636889697423,60.88999938964844,60.88999938964844,60.88999938964844,-0.0797944525525899,Freedom 100 Emerging Markets ETF,Z,True,False,False,False,False,False,False,False,False,,False,,,3602242816.0,Country / Region,unknown,453.0,True,,False,True,384.0,True,True,False,286.0,,0,0,False,Country / Region,Country / Region,Country / Region,Country / Region,Country / Region
2026-08-10,IXUS,97.08000183105467,97.1449966430664,96.80740356445312,96.93000030517578,7072552.0,251,685542467.5183716,165893278.97692412,179805162.34768677,0.0359089518147921,0.0225603299543128,0.079800266669205,0.2219291623875115,0.0394884635069716,0.0624635224580579,0.0079692435984703,0.0008908727661061,0.0049846057492509,0.0023236793102067,0.5636257235295928,94.7678645324707,91.29627034505208,0.0030767338943011,97.56999969482422,97.56999969482422,0.9934406129788848,1.2546295166015624,0.0129436656623487,91.62999725341795,91.62999725341795,91.62999725341795,-0.0546786653778108,iShares Core MSCI Total International Stock ETF,Q,True,False,False,False,False,False,False,False,False,,False,,,58515161088.0,Country / Region,unknown,50.0,True,,False,True,122.0,True,True,False,287.0,,0,0,False,Country / Region,Country / Region,Country / Region,Country / Region,Country / Region
2026-08-10,VONG,128.49000549316406,128.64849853515625,127.62899780273438,127.83000183105467,684291.0,251,87472919.78297424,142882513.9965416,167146110.15584964,0.0214959441787305,0.006387447058586,0.0907746854904325,0.0940888894819005,0.0097925264740403,0.0712159479366123,0.0020225295161416,6.254924442273525e-05,0.006464605275849,0.0023032688554219,0.0403527143687415,125.44259887695311,121.08792073567707,-0.0066403547349522,129.5800018310547,132.77137888766129,0.9627828143534796,2.428475189208984,0.0189976934555516,117.33000183105467,117.33000183105467,117.33000183105467,-0.0821403414659824,Vanguard Russell 1000 Growth ETF,Q,True,False,False,False,False,False,False,False,False,,False,,,53361160192.0,Factor / Style,unknown,52.0,True,,False,True,132.0,True,True,False,288.0,,0,0,False,Factor / Style,Factor / Style,Factor / Style,Factor / Style,Factor / Style
2026-08-10,VEU,84.94000244140625,85.00499725341797,84.74500274658203,84.83000183105469,2092292.0,251,177489134.19110107,241078741.29798737,224386843.79870653,0.0345122174518863,0.0232594052382553,0.0778570389239148,0.2178599410557574,0.0408406016070324,0.0613468989472518,0.0075188296597714,0.0009499281029521,0.0047762878991976,0.002289154031638,0.5349287492404677,83.05043060302734,79.93650533040365,0.0032825268306344,85.37999725341797,85.47000122070312,0.9925119997600584,1.083749008178711,0.012775539134575,80.37999725341797,80.37999725341797,80.37999725341797,-0.0524579097204221,Vanguard FTSE All World Ex US ETF,P,True,False,False,False,False,False,False,False,False,,False,,,94563958784.0,Country / Region,unknown,32.0,True,,False,True,109.0,True,True,False,289.0,,0,0,False,Country / Region,Country / Region,Country / Region,Country / Region,Country / Region
2026-08-10,VNQ,97.73500061035156,97.9499969482422,96.73999786376952,97.11000061035156,3235565.0,251,314205719.1248321,295191813.6243172,317235044.3884023,-0.0073597179518254,0.0139301057152849,0.0733135688421042,0.0,0.0301923642697215,0.077938199779477,-0.0,0.0004205828260716,0.0057139275749623,0.0022732534881833,0.0801789794290409,97.53621795654296,93.63972401936849,0.0080174728544768,101.8000030517578,101.8000030517578,0.9539292504832074,1.3825000762939452,0.014236433607298,96.73999786376952,96.73999786376952,96.73999786376952,-0.0038101405031047,Vanguard Real Estate ETF,P,True,False,False,False,False,False,False,False,False,,False,,,71348019200.0,REIT / Infra,unknown,42.0,True,,False,True,82.0,True,True,False,290.0,,0,0,False,REIT / Infra,REIT / Infra,REIT / Infra,REIT / Infra,REIT / Infra
2026-08-10,BBJP,78.0999984741211,78.05000305175781,77.4800033569336,77.4800033569336,671264.0,251,52009536.97338867,149469676.33688965,124942069.41272506,0.0356904943921245,0.034722305006454,0.0628258125540481,0.1565986225918738,0.0549219751720723,0.0447659398543114,0.0055890822614297,0.0019070175734815,0.0028124565460927,0.0022239212138955,0.7440526486308086,75.22579986572265,72.76666687011719,0.0026764434750445,78.2699966430664,78.63999938964844,0.9852492873637084,1.382999801635742,0.0178497643484159,72.0,71.98999786376953,71.98999786376953,-0.0708570631814868,JPMorgan BetaBuilders Japan ETF,Z,True,False,False,False,False,False,False,False,False,,False,,,17599494144.0,Country / Region,unknown,148.0,True,,False,True,160.0,True,True,False,291.0,,0,0,False,Country / Region,Country / Region,Country / Region,Country / Region,Country / Region
2026-08-10,IWF,124.61000061035156,124.9499969482422,123.94860076904295,124.16999816894533,3781650.0,251,469567473.575592,541770430.5884933,614930287.4295795,0.0212188659327288,0.0059847128146952,0.0891228247687225,0.0921428723237869,0.0091156433508187,0.0695914319391052,0.0019551672544949,5.455450757583643e-05,0.0062021849941133,0.0022062251778639,0.0361901954265042,121.88031005859376,117.686103515625,-0.0067719788267663,125.83999633789062,129.02637734576848,0.9623613459764984,2.3905696868896484,0.0192523936711108,113.97000122070312,113.97000122070312,113.97000122070312,-0.0821454223939353,iShares Russell 1000 Growth Fund,P,True,False,False,False,False,False,False,False,False,,False,,,128899137536.0,Factor / Style,unknown,21.0,True,,False,True,51.0,True,True,False,292.0,,0,0,False,Factor / Style,Factor / Style,Factor / Style,Factor / Style,Factor / Style
2026-08-10,XMMO,162.2899932861328,162.77000427246094,161.07000732421875,161.16000366210938,301632.0,251,48611014.224609375,60813459.616946414,65908280.89607457,0.0156290087017796,-0.025040327996422,0.102509738497706,0.0604881178604631,0.0,0.0606224945476306,0.0009453693203954,-0.0,0.0062143960631562,0.0021750386221046,-0.0,163.51251861572266,154.80762603759766,-0.0092234075831013,163.80999755859375,173.94000244140625,0.9265263964590206,3.8685020446777343,0.024004107450807,149.08999633789062,149.08999633789062,149.08999633789062,-0.0748945585129479,Invesco S&P MidCap Momentum ETF,P,True,False,False,False,False,False,False,False,False,,False,,,7917685760.0,Factor / Style,unknown,288.0,True,,False,True,252.0,True,True,False,293.0,,0,0,False,Factor / Style,Factor / Style,Factor / Style,Factor / Style,Factor / Style
2026-08-10,AAXJ,112.91999816894533,113.08999633789062,112.41999816894533,112.7699966430664,227054.0,251,25604878.8177948,47220267.66498794,71356693.2746168,0.0084055691372677,-0.0368118520256224,0.1127186067225989,0.0308599595987932,0.0,0.0548267959050381,0.0002593955239809,-0.0,0.0061800000454801,0.002163000015918,-0.0,115.1039601135254,107.40216466267904,-0.006059084863644,114.88999938964844,124.88999938964844,0.9029545775817612,2.570500183105469,0.0227941851522925,105.06999969482422,105.06999969482422,105.06999969482422,-0.0682805460446523,iShares MSCI All Country Asia ex Japan ETF,Q,True,False,False,False,False,False,False,False,False,,False,,,3970623744.0,Country / Region,unknown,425.0,True,,False,True,239.0,True,True,False,294.0,,0,0,False,Country / Region,Country / Region,Country / Region,Country / Region,Country / Region
2026-08-10,VXUS,86.98999786376953,87.0,86.7249984741211,86.83000183105469,11476900.0,251,996539248.0148315,416409138.3653641,499540527.2499932,0.0364049068536331,0.0209621872900278,0.0772527049914049,0.2291512855904728,0.0371958867912514,0.061056556318986,0.0083422312073114,0.0007797071453368,0.0047167841331017,0.0021576840910545,0.5688490773422283,84.89405715942382,81.89503458658854,0.0027187100628602,87.4800033569336,88.62000274658203,0.9798013895277566,1.1222503662109375,0.0129246843550055,82.06999969482422,82.06999969482422,82.06999969482422,-0.0548197862012258,Vanguard Total International Stock ETF,Q,True,False,False,False,False,False,False,False,False,,False,,,650318381056.0,Global Equity,unknown,5.0,True,,False,True,63.0,True,True,False,295.0,,0,0,False,Global Equity,Global Equity,Global Equity,Global Equity,Global Equity
2026-08-10,IWY,290.82000732421875,291.7799987792969,289.32000732421875,289.7900085449219,338376.0,251,98057983.93139648,109317505.3121399,113549292.37286474,0.0179857198710087,0.0009898329712203,0.0884998885231582,0.0751173288512115,0.0014700665334265,0.0678891367040335,0.0013510392341763,1.4551203246732098e-06,0.0060081810302404,0.0021038091887951,0.0009141201162684,285.242318725586,275.1724671427409,-0.0079013878623601,294.1499938964844,302.8307183720784,0.9569372952081636,5.661497497558594,0.019536551746507,265.5199890136719,265.5199890136719,265.5199890136719,-0.0837503668712159,iShares Russell Top 200 Growth ETF,P,True,False,False,False,False,False,False,False,False,,False,,,16964288512.0,Factor / Style,unknown,153.0,True,,False,True,171.0,True,True,False,296.0,,0,0,False,Factor / Style,Factor / Style,Factor / Style,Factor / Style,Factor / Style
2026-08-10,VPL,112.88999938964844,113.04989624023438,112.55999755859376,112.56999969482422,756843.0,251,85197816.27902985,42415934.87084389,57328512.42903755,0.023363633589311,-0.0115901282105388,0.1066653395980572,0.0848464713484633,0.0,0.0558098839932414,0.0019823218679314,-0.0,0.0059529802290672,0.0020835430801735,-0.0,112.8834001159668,106.35219991048176,-0.0039319148252076,114.1500015258789,121.2300033569336,0.9285655083534724,2.42550048828125,0.0215465976268699,104.52999877929688,104.52999877929688,104.52999877929688,-0.0714222344969679,Vanguard FTSE Pacific ETF,P,True,False,False,False,False,False,False,False,False,,False,,,13825753088.0,Country / Region,unknown,182.0,True,,False,True,270.0,True,True,False,297.0,,0,0,False,Country / Region,Country / Region,Country / Region,Country / Region,Country / Region
2026-08-10,XLRE,44.70500183105469,44.72999954223633,44.2400016784668,44.400001525878906,4471782.0,251,198547127.62339783,223352468.92749935,226668144.513715,-0.0067113922134264,0.0085357144280677,0.0738298042726623,0.0,0.0177366872215476,0.0754685343597522,-0.0,0.000151395297023,0.0055718271205252,0.0020485464352488,0.0467590176648671,44.627771072387695,42.96390591939291,0.0062457253015089,46.45500183105469,46.45500183105469,0.9557636374087486,0.6505002975463867,0.0146509070988936,44.2400016784668,44.2400016784668,44.2400016784668,-0.0036036000430957,State Street Real Estate Select Sector SPDR ETF,P,True,False,False,False,False,False,False,False,False,,False,,,8102354432.0,REIT / Infra,unknown,281.0,True,,False,True,106.0,True,True,False,298.0,,0,0,False,REIT / Infra,REIT / Infra,REIT / Infra,REIT / Infra,REIT / Infra
2026-08-10,MAGS,69.01000213623047,69.48139953613281,68.79000091552734,69.04000091552734,2289847.0,251,158091038.97641754,313718430.9066265,293853518.5999028,0.0306016288569928,-0.0083309653572681,0.0939629258093068,0.1192557004160887,0.0,0.0599171443356896,0.0036494186832138,-0.0,0.0056299901879199,0.0019704965657719,-0.0,66.07020011901855,64.72186681111654,-0.008865727881269,69.61000061035156,71.16000366210938,0.9702079449482818,1.3800703048706056,0.0199894305702452,62.43000030517578,62.43000030517578,62.43000030517578,-0.0957416066439383,Roundhill Magnificent Seven ETF,Z,True,False,False,False,False,False,False,False,False,,False,,,3602203392.0,Other,unknown,454.0,True,,False,True,86.0,True,True,False,299.0,,0,0,False,Other,Other,Other,Other,Other
2026-08-10,DFIS,37.15999984741211,37.15999984741211,37.02000045776367,37.09000015258789,691411.0,251,25644434.095500942,32076783.951040454,28125735.08087225,0.0557927419550121,0.024797605307953,0.0578193317373618,0.3450697793120122,0.0526247038237353,0.0526424958948966,0.019252389153628,0.0013049666348689,0.0030437539336297,0.0019135421894352,1.0978585097405795,35.6599658203125,35.077160822550454,0.0025551087069393,37.290000915527344,37.290000915527344,0.9946366114768268,0.4375999450683593,0.0117983268608271,35.08000183105469,35.0099983215332,35.0099983215332,-0.0560798550147635,Dimensional International Small Cap ETF,Z,True,False,False,False,False,False,False,False,False,,False,,,5815646208.0,Factor / Style,unknown,352.0,True,,False,True,362.0,True,True,False,300.0,,0,0,False,Factor / Style,Factor / Style,Factor / Style,Factor / Style,Factor / Style
2026-08-10,DFAX,37.68999862670898,37.83649826049805,37.61399841308594,37.75,663597.0,251,25050786.75,28843236.06288757,28117728.60958717,0.0410921607125931,0.0142573985871843,0.0761038481726832,0.2521153497354562,0.0256791099784073,0.0612410479014223,0.0103599644694409,0.0003661173063262,0.0046606794114258,0.0018692140431111,0.6528044398370345,36.76036445617676,35.654104181925454,0.0009040253535665,38.0,38.060749671588624,0.9918354295627396,0.5719493865966797,0.0151509771283888,35.439998626708984,35.439998626708984,35.439998626708984,-0.0611920893587023,Dimensional World ex U.S. Core Equity 2 ETF,P,True,False,False,False,False,False,False,False,False,,False,,,11913159680.0,Global Equity,unknown,205.0,True,,False,True,363.0,True,True,False,301.0,,0,0,False,Global Equity,Global Equity,Global Equity,Global Equity,Global Equity
2026-08-10,PAVE,58.7599983215332,58.89440155029297,58.21500015258789,58.29999923706055,935600.0,251,54545479.28619385,117418836.28515244,107807881.21902224,0.0368130839707614,0.0283893558874317,0.0678777949961841,0.1856502984702884,0.0403898669441674,0.047273532078668,0.0068343600267836,0.0011466423069239,0.0032088231191813,0.001868405591214,0.9933747191888084,57.28866119384766,54.624784240722654,0.0075449260179512,59.47999954223633,60.32421526966227,0.9664443868262016,1.0912704467773438,0.0187181897265555,54.90399932861328,54.90399932861328,54.90399932861328,-0.0582504280083845,Global X U.S. Infrastructure Development ETF,Z,True,False,False,False,False,False,False,False,False,,False,,,14567146496.0,REIT / Infra,unknown,174.0,True,,False,True,180.0,True,True,False,302.0,,0,0,False,REIT / Infra,REIT / Infra,REIT / Infra,REIT / Infra,REIT / Infra
2026-08-10,BKLN,20.5,20.51000022888184,20.489999771118164,20.5,3306977.0,251,67793028.5,123820641.1542328,167421975.282854,0.0083018658348008,0.0079386663655702,0.0223777934668067,0.6279706781910175,0.1624193678361608,0.1301808088309348,0.0052133283185307,0.0012893931725581,0.0029131592533605,0.0018577113008389,0.9303597564657164,20.32011783599853,20.19268047332764,0.0014588899989393,20.51000022888184,20.51000022888184,0.9995124218054492,0.0329178960079007,0.0016057510247756,20.36000061035156,20.331212624290835,20.331212624290835,-0.0082335305223982,Invesco Senior Loan ETF,P,True,False,False,False,False,False,False,False,False,,False,,,7145859584.0,Bond,unknown,305.0,True,,False,True,129.0,True,True,False,303.0,,0,0,False,Bond,Bond,Bond,Bond,Bond
2026-08-10,IYR,104.0199966430664,104.06999969482422,102.94000244140624,103.3499984741211,5355851.0,251,553527192.6776199,560584422.7540745,591099975.844034,-0.0053893289216819,0.010581861377795,0.0664447906637306,0.0,0.0224598476624302,0.070224445882768,-0.0,0.0002376669945302,0.004666048606157,0.0017876005585996,0.0607893530081323,103.58322036743164,99.93335250854491,0.0074932895779658,108.16999816894533,108.16999816894533,0.955440512374826,1.4910003662109377,0.0144267091265055,102.94000244140624,102.94000244140624,102.94000244140624,-0.0039670637519894,iShares U.S. Real Estate ETF,P,True,False,False,False,False,False,False,False,False,,False,,,4672414720.0,REIT / Infra,unknown,390.0,True,,False,True,54.0,True,True,False,304.0,,0,0,False,REIT / Infra,REIT / Infra,REIT / Infra,REIT / Infra,REIT / Infra
2026-08-10,XLB,52.810001373291016,53.19990158081055,52.61000061035156,53.18000030517578,10811610.0,251,574961423.0994415,582520977.9238281,600714447.2268289,0.0514036848556374,0.0346742488846731,0.0408897068842899,0.2495200509602641,0.0547571880617825,0.0345690503909133,0.012826250064724,0.0018986643670791,0.0014135183377526,0.0017288632568148,5.483841893493152,51.21661346435547,50.63313969930013,0.0067225767734986,53.19990158081055,53.69951251275337,0.9903255693903328,0.8974958419799804,0.0168765670708849,50.209999084472656,49.84999847412109,49.84999847412109,-0.0626175594574148,State Street Materials Select Sector SPDR ETF,P,True,False,False,False,False,False,False,False,False,,False,,,8166011392.0,Sector,unknown,278.0,True,,False,True,52.0,True,True,False,305.0,,0,0,False,Sector,Sector,Sector,Sector,Sector
2026-08-10,DFAE,38.709999084472656,38.775001525878906,38.53010177612305,38.66999816894531,684210.0,251,26458399.447174072,50968698.24971771,50244553.80904061,0.0138961402144313,-0.033654526737418,0.0925255965339599,0.056805860158868,0.0,0.0496486228809025,0.000789382197769,-0.0,0.0045937684491451,0.0016078189572007,-0.0,39.02635566711426,36.9590343729655,-0.0061063035830094,40.09999847412109,41.9479311788804,0.9218570995561892,0.8186443328857422,0.0211700121967724,35.84000015258789,35.84000015258789,35.84000015258789,-0.0731832984318604,Dimensional Emerging Core Equity Market ETF,P,True,False,False,False,False,False,False,False,False,,False,,,9686572032.0,Other,unknown,251.0,True,,False,True,285.0,True,True,False,306.0,,0,0,False,Other,Other,Other,Other,Other
2026-08-10,AVDV,109.33999633789062,109.64990234375,109.02999877929688,109.45999908447266,517423.0,251,56637121.106285095,86393823.41218682,87814216.46515898,0.0616876886952424,0.0130391766297328,0.0686049238018513,0.3254863252622068,0.0239451644621379,0.0561685466797953,0.0200784991073334,0.0003122252288498,0.003853438865028,0.0015516500015122,0.7951218160545714,105.22351837158205,103.39921854654948,-0.0019964604980162,109.6999969482422,109.6999969482422,0.9978122345447032,1.4958446502685547,0.0136656738788585,101.69000244140624,101.69000244140624,101.69000244140624,-0.0709848045683805,Avantis International Small Cap Value ETF,P,True,False,False,False,False,False,False,False,False,,False,,,19221213184.0,Factor / Style,unknown,139.0,True,,False,True,214.0,True,True,False,307.0,,0,0,False,Factor / Style,Factor / Style,Factor / Style,Factor / Style,Factor / Style
2026-08-10,AVEM,91.88999938964844,92.1500015258789,91.63999938964844,91.87000274658205,1113824.0,251,102327013.93920898,171430248.55329132,179050808.65149605,0.0095604697426596,-0.0341182495938255,0.0911273123598666,0.039527663263534,0.0,0.0476361856207992,0.000377903028629,-0.0,0.0043409575666991,0.0015193351483447,-0.0,93.31684356689452,88.03238947550456,-0.0061683994661219,92.87000274658205,100.83000183105467,0.911137568960025,1.8807991027832032,0.0204723962833796,85.51000213623047,85.51000213623047,85.51000213623047,-0.0692282618940944,Avantis Emerging Markets Equity ETF,P,True,False,False,False,False,False,False,False,False,,False,,,26237122560.0,Country / Region,unknown,105.0,True,,False,True,123.0,True,True,False,308.0,,0,0,False,Country / Region,Country / Region,Country / Region,Country / Region,Country / Region
2026-08-10,GRID,187.66000366210935,188.0,185.08999633789065,185.1699981689453,283350.0,251,52467918.981170654,120555617.54383089,137016628.3312964,0.0207828246929946,-0.0573114770704376,0.0888361487147297,0.0782970624222205,0.0,0.0485858939721166,0.0016272341222974,-0.0,0.004316183702345,0.0015106642958207,-0.0,185.29318481445316,177.4303970336914,-0.0111075624568777,188.8999938964844,199.1864313808516,0.929631586274537,4.362501525878907,0.0235594403468031,166.39999389648438,166.39999389648438,166.39999389648438,-0.1013663361131298,First Trust NASDAQ Clean Edge Smart Grid Infrastructure Index Fund,Q,True,False,False,False,False,False,False,False,False,,False,,,12076603392.0,REIT / Infra,unknown,203.0,True,,False,True,151.0,True,True,False,309.0,,0,0,False,REIT / Infra,REIT / Infra,REIT / Infra,REIT / Infra,REIT / Infra
2026-08-10,DFEM,39.11000061035156,39.220001220703125,39.040000915527344,39.11000061035156,752850.0,251,29443963.959503174,41390350.68101883,40120281.19094485,0.0119016576018671,-0.0370384772203234,0.0878213623969297,0.0508848922684806,0.0,0.0487303910800885,0.0006056145648873,-0.0,0.0042795693347885,0.0014978492671759,-0.0,39.44679435729981,37.49598882039388,-0.007489062578407,39.41999816894531,42.33473122840727,0.9238277762847384,0.7323999404907227,0.0187266665574245,36.130001068115234,36.130001068115234,36.130001068115234,-0.0761953335650827,Dimensional Emerging Markets Core Equity 2 ETF,P,True,False,False,False,False,False,False,False,False,,False,,,9250564096.0,Country / Region,unknown,258.0,True,,False,True,310.0,True,True,False,310.0,,0,0,False,Country / Region,Country / Region,Country / Region,Country / Region,Country / Region
2026-08-10,ESGE,52.369998931884766,52.47499847412109,52.18999862670898,52.33000183105469,383927.0,251,20090900.612991333,43142536.453474425,52691768.4900612,0.013558023406119,-0.0303987537531594,0.0905506280605166,0.0516987380223692,0.0,0.0462378256267449,0.000700932700174,-0.0,0.0041868641506544,0.001465402452729,-0.0,53.07058135986328,49.96994013468424,-0.0038231525876658,53.20000076293945,57.11000061035156,0.9163018958464084,1.1154996871948242,0.0213166376488227,48.81499862670898,48.81499862670898,48.81499862670898,-0.0671699423151894,iShares ESG Aware MSCI EM ETF,Q,True,False,False,False,False,False,False,False,False,,False,,,6917690880.0,Country / Region,unknown,312.0,True,,False,True,281.0,True,True,False,311.0,,0,0,False,Country / Region,Country / Region,Country / Region,Country / Region,Country / Region
2026-08-10,EEM,65.20999908447266,65.36000061035156,64.9800033569336,65.16999816894531,18453224.0,251,1202596574.2911377,1541903993.951259,1860302942.279996,0.0103875685107799,-0.0357854765529007,0.0905399894954308,0.0383953340430787,0.0,0.0458807594527898,0.0003988341628667,-0.0,0.0041540434788979,0.0014539152176142,-0.0,66.24458473205567,62.41806851704916,-0.0054152503227227,66.23999786376953,71.56999969482422,0.910577035724904,1.409499359130859,0.0216280404899951,60.77000045776367,60.77000045776367,60.77000045776367,-0.0675156948719744,iShares MSCI Emerging Index Fund,P,True,False,False,False,False,False,False,False,False,,False,,,30315917312.0,Other,unknown,94.0,True,,False,True,20.0,True,True,False,312.0,,0,0,False,Other,Other,Other,Other,Other
2026-08-10,IEMG,79.56999969482422,79.79000091552734,79.37000274658203,79.55999755859375,5760926.0,251,458339258.49523926,916288605.0641968,1069561168.178884,0.0136323063313283,-0.0338621599391193,0.088626362011144,0.053207362918398,0.0,0.0466022744108713,0.0007253390703857,-0.0,0.0041301900424805,0.0014455665148681,-0.0,80.3840982055664,76.11325475056967,-0.0057204479862137,80.55999755859375,86.48999786376953,0.919875124565372,1.6314998626708983,0.0205065348508758,73.83000183105469,73.83000183105469,73.83000183105469,-0.0720210646477091,iShares Core MSCI Emerging Markets ETF,P,True,False,False,False,False,False,False,False,False,,False,,,160718422016.0,Country / Region,unknown,16.0,True,,False,True,32.0,True,True,False,313.0,,0,0,False,Country / Region,Country / Region,Country / Region,Country / Region,Country / Region
2026-08-10,FNDE,41.65999984741211,41.80500030517578,41.595001220703125,41.77999877929688,708651.0,251,29607437.91494751,32664855.537276454,33350137.369221035,0.0411163136622148,0.0099882304261789,0.0656285771690687,0.3293409708522006,0.0189749401432637,0.0570075476657424,0.0135412866593774,0.0001895260744738,0.0037413242412005,0.0014326554328282,0.4284665690743681,40.54289459228516,39.58634251912435,0.0037830011850201,41.81999969482422,42.232774798483234,0.9892790369245968,0.427499771118164,0.0102321633223695,40.02999877929688,39.72999954223633,39.72999954223633,-0.0490665221866013,Schwab Fundamental Emerging Markets Equity ETF,P,True,False,False,False,False,False,False,False,False,,False,,,9189189632.0,Country / Region,unknown,260.0,True,,False,True,337.0,True,True,False,314.0,,0,0,False,Country / Region,Country / Region,Country / Region,Country / Region,Country / Region
2026-08-10,IMTM,53.540000915527344,53.630001068115234,53.400001525878906,53.470001220703125,146860.0,251,7852604.379272461,18449257.867774963,21877035.33744812,0.0294571165661789,0.0244081905062871,0.0543675324810137,0.1514852565872392,0.0376260740601874,0.0373319016932683,0.0044623188613478,0.0009183843836647,0.0020296433778867,0.0013073250316424,0.9207702170589795,52.45987426757812,50.97362920125325,0.0018151697034762,53.77999877929688,54.38999938964844,0.9830851594177364,0.8116500854492188,0.0151795411804657,50.15499877929688,50.15499877929688,50.15499877929688,-0.0619974259533532,iShares MSCI Intl Momentum Factor ETF,P,True,False,False,False,False,False,False,False,False,,False,,,4170761216.0,Country / Region,unknown,414.0,True,,False,True,395.0,True,True,False,315.0,,0,0,False,Country / Region,Country / Region,Country / Region,Country / Region,Country / Region
2026-08-10,COPX,88.93000030517578,89.80999755859375,88.16999816894531,89.51000213623047,2140481.0,251,191594458.88256076,226721890.43916893,293765208.17223865,0.2039005241861047,0.0447153751209807,0.0606303598208828,0.4153423924517101,0.0283985636883986,0.0190482617425909,0.0846885315376145,0.0012698524282238,0.0011549029634156,0.0012296201155409,1.4329857197612728,80.63482986450195,82.03563868204752,-0.0041472674323346,89.80999755859375,96.91066954025116,0.9236341319368672,2.832501602172852,0.0316445261375583,74.8499984741211,71.76000213623047,71.76000213623047,-0.1983018609806895,Global X Copper Miners ETF,P,True,False,False,False,False,False,False,False,False,,False,,,7154050560.0,Commodity,unknown,304.0,True,,False,True,87.0,True,True,False,316.0,,0,0,False,Commodity,Commodity,Commodity,Commodity,Commodity
2026-08-10,JGRO,95.9800033569336,96.33000183105467,95.54499816894533,95.62000274658205,741497.0,251,70901945.17658234,65429069.793771744,61305307.8492646,0.0082244457909133,-0.0082969864919676,0.0676641955469414,0.0324192119908941,0.0,0.0516888818636804,0.0002666300516032,-0.0,0.0034974866100268,0.0012241203135093,-0.0,95.20639999389648,92.29919982910155,-0.0086157123917958,97.06999969482422,99.7300033569336,0.9587887248369794,2.0543502807617187,0.0214845243856171,88.12999725341797,88.12999725341797,88.12999725341797,-0.0783309483164786,JPMorgan Active Growth ETF,P,True,False,False,False,False,False,False,False,False,,False,,,9992348672.0,Factor / Style,unknown,247.0,True,,False,True,259.0,True,True,False,317.0,,0,0,False,Factor / Style,Factor / Style,Factor / Style,Factor / Style,Factor / Style
2026-08-10,SCZ,86.33000183105469,86.47000122070312,86.08000183105469,86.12999725341797,1525226.0,251,131367711.19084167,114373166.49059524,127485893.8033096,0.0439999667080965,0.017492509564315,0.049277677861893,0.2719099377018432,0.0373833035805778,0.0462378347708245,0.0119640282064817,0.0006539277954289,0.0022784931268681,0.0012225256614326,0.5953250317592658,83.49213058471679,81.93542943318685,0.0019102714207261,86.87999725341797,86.87999725341797,0.9913674030420104,1.031999588012695,0.0119818834427251,82.0199966430664,81.68000030517578,81.68000030517578,-0.051666052364417,iShares MSCI EAFE Small-Cap ETF,Q,True,False,False,False,False,False,False,False,False,,False,,,14441042944.0,Country / Region,unknown,177.0,True,,False,True,157.0,True,True,False,318.0,,0,0,False,Country / Region,Country / Region,Country / Region,Country / Region,Country / Region
2026-08-10,CGHM,25.520000457763672,25.520000457763672,25.46999931335449,25.5,342318.0,251,8729109.0,10548934.806479644,11342590.342185369,-0.006808044610696,0.009208707581054,0.0187680455381942,0.0,0.093523767905948,0.095487513821408,-0.0,0.0008612330305242,0.0017921140077291,0.0011870413725459,0.5013098201810378,25.543404083251957,25.23311420440674,0.0024692777354538,25.71162941852361,29.47842778973424,0.865039349516472,0.0816430950987063,0.0032016900038708,25.309999465942383,25.27658069831994,25.27658069831994,-0.0087615412423552,Capital Group Municipal High-Income ETF,P,True,False,False,False,False,False,False,False,False,,False,,,3181882880.0,Bond,unknown,486.0,True,,False,True,445.0,True,True,False,319.0,,0,0,False,Bond,Bond,Bond,Bond,Bond
2026-08-10,JPIE,45.810001373291016,45.810001373291016,45.77000045776367,45.77000045776367,1547424.0,251,70825597.18835449,63435465.2865303,67768822.38353209,0.0047123376410225,0.0074572281214715,0.0142809489174258,0.2253713471019107,0.1206124328097541,0.1128243863898801,0.0010620258821562,0.0008994344257479,0.0016112392986737,0.001148566131272,0.966390412132628,45.61255905151367,45.3046097056071,0.001862227937444,45.84999847412109,45.84999847412109,0.9982552231402456,0.0695370468915157,0.0015192712736737,45.58518669797426,45.51551393206982,45.51551393206982,-0.005560116302133,JPMorgan Income ETF,P,True,False,False,False,False,False,False,False,False,,False,,,9740692480.0,Bond,unknown,250.0,True,,False,True,246.0,True,True,False,320.0,,0,0,False,Bond,Bond,Bond,Bond,Bond
2026-08-10,SHYG,42.13999938964844,42.149898529052734,42.09000015258789,42.11000061035156,1370367.0,251,57706155.20640564,62225798.43536911,58524382.88690646,0.0046537280152898,0.0081590597454908,0.0177685878406954,0.2008137169427492,0.1021972792539683,0.0817224208402965,0.0009345324203909,0.0008338337072597,0.001452092013255,0.0010502241143581,1.2374195230053278,41.91548988342285,41.56219042460123,0.0016203142165691,42.18000030517578,42.18000030517578,0.9983404529559564,0.0844073088597149,0.0020044480559557,41.75587063204016,41.75587063204016,41.75587063204016,-0.0084096407784034,iShares 0-5 Year High Yield Corporate Bond ETF,P,True,False,False,False,False,False,False,False,False,,False,,,7603881984.0,Bond,unknown,294.0,True,,False,True,264.0,True,True,False,321.0,,0,0,False,Bond,Bond,Bond,Bond,Bond
2026-08-10,GUNR,53.25,53.935001373291016,53.20000076293945,53.900001525878906,202753.0,251,10928387.009376526,45558565.5746624,28416083.678417265,0.0681728597665549,-0.0021060945946584,0.0557904278459944,0.4174765192142455,0.0,0.0519491859689975,0.0284605682002222,-0.0,0.0028982673114615,0.0010143935590115,,51.48859977722168,52.40239906311035,-0.0058127961315463,53.935001373291016,55.97048809790195,0.9630075305328514,0.6737499237060547,0.0124999982306599,51.470001220703125,50.459999084472656,50.459999084472656,-0.0638219358816643,FlexShares Global Upstream Natural Resources Index Fund ETF,P,True,False,False,False,False,False,False,False,False,,False,,,6723008512.0,Global Equity,unknown,320.0,True,,False,True,360.0,True,True,False,322.0,,0,0,False,Global Equity,Global Equity,Global Equity,Global Equity,Global Equity
2026-08-10,JPLD,51.93999862670898,51.9900016784668,51.93999862670898,51.959999084472656,323303.0,251,16798823.584007263,18187387.21992607,23260349.40095968,0.0049000397208796,0.0064933256002104,0.0097746707539021,0.3422690825139653,0.1403195853406552,0.0997007133578025,0.0016771320995474,0.0009111407557033,0.0009745416470016,0.0009333310676577,1.1623055607749155,51.7605484008789,51.53224978129069,0.0014437312702078,52.0099983215332,52.0099983215332,0.9990386610522184,0.0678773531117322,0.0013063386125427,51.73154288645554,51.686705843848976,51.686705843848976,-0.0052596852470951,JPMorgan Limited Duration Bond ETF,P,True,False,False,False,False,False,False,False,False,,False,,,3882614016.0,Bond,unknown,436.0,True,,False,True,387.0,True,True,False,323.0,,0,0,False,Bond,Bond,Bond,Bond,Bond
2026-08-10,IBDT,25.149999618530277,25.15999984741211,25.149999618530277,25.15999984741211,826560.0,251,20796249.473876957,15282751.962209702,15771344.279197209,0.0049023618517751,0.0066498284829754,0.0090460144472173,0.3390623518130183,0.1467987432508697,0.0901338780425528,0.0016622063389013,0.0009761864641346,0.0008153523629566,0.0009198945287223,1.250116284961683,25.061313247680665,24.95765846252441,0.0013792849729767,25.18000030517578,25.22655575810475,0.99736167270194,0.0385412875665798,0.0015318476868172,25.0472204122749,25.01733274301209,25.01733274301209,-0.0056703936909876,iShares iBonds Dec 2028 Term Corporate ETF,P,True,False,False,False,False,False,False,False,False,,False,,,3989931008.0,Bond,unknown,422.0,True,,False,True,423.0,True,True,False,324.0,,0,0,False,Bond,Bond,Bond,Bond,Bond
2026-08-10,SPSB,29.899999618530277,29.90999984741211,29.8799991607666,29.88999938964844,6994180.0,251,209056035.9310913,109122814.66117288,95958657.94829535,0.0049314912480169,0.0064308694062245,0.0096494490727745,0.3288546406212582,0.1389946919557589,0.0972283263167803,0.0016217437820934,0.0008938567121258,0.0009381997832248,0.0009093767870105,1.2236764916174272,29.789457778930664,29.660676040649413,0.0013368365607373,29.93000030517578,29.93000030517578,0.9986635177039932,0.0377571492039258,0.0012632034116736,29.78317773408388,29.73335688184458,29.73335688184458,-0.0052406326866004,State Street SPDR Portfolio Short Term Corporate Bond ETF,P,True,False,False,False,False,False,False,False,False,,False,,,10633097216.0,Bond,unknown,233.0,True,,False,True,201.0,True,True,False,325.0,,0,0,False,Bond,Bond,Bond,Bond,Bond
2026-08-10,SPEM,52.2599983215332,52.3650016784668,52.20500183105469,52.27999877929688,1587472.0,251,82993034.22216797,109486095.57350846,119684709.31454831,0.025902663236633,0.0035208088568299,0.0580097473563243,0.1479820589447826,0.0055499324827276,0.0436748007721222,0.0038331294379102,1.954025143999566e-05,0.0025335641586286,0.000899448618956,0.0469474288150565,51.32628273010254,49.79838902791341,0.000872718401643,52.459999084472656,53.34999847412109,0.9799437727192578,0.6657501220703125,0.0127343178579788,49.27999877929688,49.27999877929688,49.27999877929688,-0.0573833219213466,State Street SPDR Portfolio Emerging Markets ETF,P,True,False,False,False,False,False,False,False,False,,False,,,17305092096.0,Country / Region,unknown,151.0,True,,False,True,168.0,True,True,False,326.0,,0,0,False,Country / Region,Country / Region,Country / Region,Country / Region,Country / Region
2026-08-10,SCHE,36.84000015258789,36.93000030517578,36.78139877319336,36.869998931884766,2619886.0,251,96595194.02165984,118177887.87601738,115008453.57445696,0.0290258735049433,0.0028522187728268,0.0562229435218866,0.1624996051190871,0.0044773486616573,0.0421408211760487,0.0047166929827898,1.2770377905270002e-05,0.0023692810089469,0.0008375490987698,0.0350416609575542,36.07556457519532,35.110482902526854,0.0020873271334997,37.02000045776367,37.35441542254625,0.9870318813671192,0.4824298858642578,0.0130846189270447,34.810001373291016,34.810001373291016,34.810001373291016,-0.0558719180437048,Schwab Emerging Markets Equity ETF,P,True,False,False,False,False,False,False,False,False,,False,,,12488486912.0,Country / Region,unknown,199.0,True,,False,True,169.0,True,True,False,327.0,,0,0,False,Country / Region,Country / Region,Country / Region,Country / Region,Country / Region
2026-08-10,BSCS,20.36000061035156,20.36000061035156,20.350000381469727,20.354999542236328,448054.0,251,9120138.964897156,14467310.898630906,12094053.377452062,0.0049755882025559,0.0065128856671905,0.0084469707135144,0.3373774008990601,0.1378632248275586,0.0845036603442538,0.0016786510157223,0.000897887421012,0.0007137999441126,0.0008334568040972,1.2781948058345356,20.285832977294923,20.20238836924235,0.0013635226144685,20.3700008392334,20.3700008392334,0.9992635593333812,0.0249796269282768,0.0012271985993634,20.280000686645508,20.25,20.25,-0.0051584153572912,Invesco BulletShares 2028 Corporate Bond ETF,Q,True,False,False,False,False,False,False,False,False,,False,,,3521428736.0,Bond,unknown,456.0,True,,False,True,442.0,True,True,False,328.0,,0,0,False,Bond,Bond,Bond,Bond,Bond
2026-08-10,USHY,36.79999923706055,36.810001373291016,36.72999954223633,36.7599983215332,7397990.0,251,271950099.9827194,466521758.44239616,407344921.5374823,0.0047316076101091,0.0086664558564573,0.015130120914977,0.1619286858659853,0.0916531800097856,0.0590801599142429,0.0007661830023384,0.0007943082386587,0.0008938899631786,0.0008291618422407,1.324481178323246,36.59202400207519,36.29622159322103,0.0019417703007262,36.86000061035156,36.86000061035156,0.997286969963037,0.0957603568728313,0.0026050152678254,36.41786850353356,36.407927421133,36.407927421133,-0.0095775548551636,iShares Broad USD High Yield Corporate Bond ETF,Z,True,False,False,False,False,False,False,False,False,,False,,,28476405760.0,Bond,unknown,97.0,True,,False,True,70.0,True,True,False,329.0,,0,0,False,Bond,Bond,Bond,Bond,Bond
2026-08-10,VWO,60.369998931884766,60.428001403808594,60.21500015258789,60.33000183105469,4636457.0,251,279717459.2996063,427560626.9753906,492639588.7007054,0.0261949462756447,-0.0022844098099096,0.0548673987726968,0.1536926406069401,0.0,0.0422584470197182,0.0040259704636607,-0.0,0.0023186110641457,0.000811513872451,-0.0,59.21439666748047,57.66252586364746,0.0002237070178208,60.540000915527344,61.52000045776367,0.9806567194757098,0.7557502746582031,0.0125269393621861,56.790000915527344,56.790000915527344,56.790000915527344,-0.0586772883819993,Vanguard FTSE Emerging Markets ETF,P,True,False,False,False,False,False,False,False,False,,False,,,163324018688.0,Country / Region,unknown,15.0,True,,False,True,64.0,True,True,False,330.0,,0,0,False,Country / Region,Country / Region,Country / Region,Country / Region,Country / Region
2026-08-10,ANGL,29.0,29.0,28.950000762939453,28.959999084472656,443520.0,251,12844338.793945312,23997544.744291306,20034782.952962603,0.005843057961953,0.0097963019887761,0.0148359650254958,0.1642623817877748,0.0830983642996004,0.0485390949786713,0.0009597946177544,0.0008140566714522,0.0007201243154727,0.0007811803468594,1.6054922890400427,28.8219006729126,28.566515426635743,0.002647169111883,29.049999237060547,29.049999237060547,0.9969018879534746,0.087660202966386,0.0030269408058574,28.662522234638896,28.622755749063767,28.622755749063767,-0.0116451431654122,VanEck Fallen Angel High Yield Bond ETF,Q,True,False,False,False,False,False,False,False,False,,False,,,3117964800.0,Bond,unknown,494.0,True,,False,True,402.0,True,True,False,331.0,,0,0,False,Bond,Bond,Bond,Bond,Bond
2026-08-10,SJNK,24.850000381469727,24.86000061035156,24.809999465942383,24.82999992370605,1988167.0,251,49366186.458314896,64910642.20396586,60004689.18279488,0.0037259789050609,0.0069325434677212,0.0157723983107589,0.1418540686359406,0.0812098433647715,0.0717393649793162,0.0005285452673345,0.0005629907691331,0.0011315018390146,0.0007619696435916,1.1746729059730334,24.732946434020995,24.540048433939617,0.0014813307086678,24.8799991607666,24.8799991607666,0.9979903842947314,0.0548887441764758,0.0022105817295662,24.61851493818288,24.61851493818288,24.61851493818288,-0.0085173172039063,State Street SPDR Bloomberg Short Term High Yield Bond ETF,P,True,False,False,False,False,False,False,False,False,,False,,,4880412160.0,Bond,unknown,381.0,True,,False,True,262.0,True,True,False,332.0,,0,0,False,Bond,Bond,Bond,Bond,Bond
2026-08-10,SPHY,23.280000686645508,23.299999237060547,23.229999542236328,23.239999771118164,4906812.0,251,114034309.75691986,194470144.00878292,128186573.12585546,0.0041504551103168,0.0078309123764792,0.0154387792519501,0.1346534335796712,0.0834426229508196,0.0607296686754393,0.0005588730315224,0.0006534318687914,0.0009375919487241,0.0007528878967679,1.0928608876781392,23.148577728271484,22.955385602315268,0.0018587858866001,23.309999465942383,23.309999465942383,0.9969970100202492,0.0625459597803581,0.002691306385385,23.03458458845716,23.03458458845716,23.03458458845716,-0.0088388633685052,State Street SPDR Portfolio High Yield Bond ETF,P,True,False,False,False,False,False,False,False,False,,False,,,11327878144.0,Bond,unknown,217.0,True,,False,True,155.0,True,True,False,333.0,,0,0,False,Bond,Bond,Bond,Bond,Bond
2026-08-10,STIP,100.6500015258789,100.69000244140624,100.6500015258789,100.69000244140624,1452769.0,251,146279314.15679932,87300806.4300766,100426492.13880023,0.0013772917430479,-0.0006638444506518,0.0137786399509733,0.114080293622263,0.0,0.1397026410274383,0.0001571218464504,-0.0,0.0019249123909171,0.000673719336821,-0.0,100.56479721069336,100.06844248453775,-1.4465816519204644e-05,100.75997668913166,100.92222721425404,0.9976989729690092,0.1123729835347752,0.0011160292065755,100.41253253714544,100.36289641012011,100.36289641012011,-0.0032486445859059,iShares 0-5 Year TIPS Bond ETF,P,True,False,False,False,False,False,False,False,False,,False,,,15883689984.0,Bond,unknown,162.0,True,,False,True,191.0,True,True,False,334.0,,0,0,False,Bond,Bond,Bond,Bond,Bond
2026-08-10,VAW,236.3500061035156,237.91000366210935,235.61990356445312,237.91000366210935,35762.0,251,8508137.550964355,9945918.295166016,12109485.074661495,0.0586481919865724,0.0235527814709917,0.0210293138926773,0.273671153581109,0.0357167922791034,0.0165082078378169,0.0160503183564116,0.0008412298033945,0.000347156284427,0.0006683040717558,7.023363586519487,229.2462243652344,229.13506276448567,0.0026847190219958,237.91000366210935,243.504293127968,0.9770259103279192,3.6405067443847656,0.0153020330727882,221.5,221.0,221.0,-0.071077312436705,Vanguard Materials ETF,P,True,False,False,False,False,False,False,False,False,,False,,,4486959616.0,Sector,unknown,399.0,True,,False,True,441.0,True,True,False,335.0,,0,0,False,Sector,Sector,Sector,Sector,Sector
2026-08-10,SUB,106.2699966430664,106.28500366210938,106.2300033569336,106.27999877929688,454299.0,251,48282897.16543579,44164403.72645112,47470977.32439411,0.0023411627527964,0.0056062112498016,0.004282481419775,0.1670989179167715,0.1583725724913279,0.0591341224254128,0.0003912057626593,0.0008878700975609,0.0002532407805615,0.0006657498366111,2.888461605895141,105.98194763183594,105.77135147094728,0.0008795264967693,106.28500366210938,106.28500366210938,0.9999529107339696,0.1329227884218561,0.0012506848884886,105.7324043827918,105.47296342059867,105.47296342059867,-0.0075934829503913,iShares Short-Term National Muni Bond ETF,P,True,False,False,False,False,False,False,False,False,,False,,,11377924096.0,Bond,unknown,215.0,True,,False,True,290.0,True,True,False,336.0,,0,0,False,Bond,Bond,Bond,Bond,Bond
2026-08-10,IFRA,61.27000045776367,61.321998596191406,60.70000076293945,60.77000045776367,265877.0,251,16157345.411708832,19856459.097043417,23210440.032263078,-0.0152325172687534,-0.0055513866574827,0.0448817654009054,0.0,0.0,0.0421375172661555,-0.0,-0.0,0.0018912061645161,0.0006619221575806,-0.0,61.62660575866699,59.504879786173504,0.000677571114287,63.130001068115234,64.25,0.9458365830002128,0.9213005065917969,0.0151604492290915,59.84000015258789,59.84000015258789,59.84000015258789,-0.0153036086583897,iShares U.S. Infrastructure ETF,Z,True,False,False,False,False,False,False,False,False,,False,,,4618109440.0,REIT / Infra,unknown,394.0,True,,False,True,388.0,True,True,False,337.0,,0,0,False,REIT / Infra,REIT / Infra,REIT / Infra,REIT / Infra,REIT / Infra
2026-08-10,JNK,95.77999877929688,95.79000091552734,95.59500122070312,95.6500015258789,2415267.0,251,231020292.23540497,273768745.2804104,267431778.99931395,0.004383399178454,0.0074406711044174,0.0148161752980695,0.147640158986716,0.0758364367071449,0.0561665563520506,0.0006471657516092,0.0005642739832688,0.0008321735448008,0.000658038829805,1.0943507524151086,95.25676910400392,94.47789978027345,0.0017787370351645,95.9000015258789,95.9000015258789,0.9973931178725524,0.2521231117212948,0.0026358923962283,94.75519877629478,94.75519877629478,94.75519877629478,-0.0093549684820656,State Street SPDR Bloomberg High Yield Bond ETF,P,True,False,False,False,False,False,False,False,False,,False,,,7345531392.0,Bond,unknown,299.0,True,,False,True,95.0,True,True,False,338.0,,0,0,False,Bond,Bond,Bond,Bond,Bond
2026-08-10,VTIP,49.65999984741211,49.70000076293945,49.65999984741211,49.68000030517578,2887241.0,251,143438133.76111603,121764409.199786,128152444.95129503,0.0014109996767388,-0.0007582943770434,0.0137823749819208,0.1147534832528704,0.0,0.1324830965301119,0.0001619171277744,-0.0,0.001825931715144,0.0006390761003004,-0.0,49.62122711181641,49.37471468607585,5.3429326907217245e-06,49.709999084472656,49.79661568359011,0.9976581665879604,0.0604995727539062,0.001217785273395,49.540000915527344,49.52000045776367,49.52000045776367,-0.0032206088250655,Vanguard Short-Term Inflation-Protected Securities Index Fund ETF Shares,Q,True,False,False,False,False,False,False,False,False,,False,,,71082704896.0,Other,unknown,43.0,True,,False,True,156.0,True,True,False,339.0,,0,0,False,Other,Other,Other,Other,Other
2026-08-10,HYLB,36.31999969482422,36.31999969482422,36.2400016784668,36.255001068115234,413328.0,251,14985207.081481934,35499626.07795105,41445558.187452525,0.0054589131621272,0.0071499571877888,0.0144782568365779,0.1784306402755301,0.0729607886179828,0.0558767430843065,0.0009740373707268,0.0005216665150058,0.000808997837566,0.0006222324779019,1.2717732881110255,36.10375526428223,35.83357187906901,0.001747905297974,36.35499954223633,36.35499954223633,0.99724938865685,0.0892029372756375,0.0024604312411422,35.93883273463838,35.90900248087026,35.90900248087026,-0.0095434719914894,Xtrackers USD High Yield Corporate Bond ETF,P,True,False,False,False,False,False,False,False,False,,False,,,3468311296.0,Bond,unknown,466.0,True,,False,True,304.0,True,True,False,340.0,,0,0,False,Bond,Bond,Bond,Bond,Bond
2026-08-10,EMLC,25.63999938964844,25.655000686645508,25.61000061035156,25.6200008392334,1020518.0,251,26145672.01645279,36768160.01000042,49312236.03513088,0.0142354932085588,0.0127814444403728,0.0044098364762286,0.2227143051215867,0.0570892904832772,0.0084491883913704,0.0031704479780072,0.0007296835944523,3.7259539162792825e-05,0.0004873351751009,1.137715144021435,25.27198448181152,25.16213998158773,0.0040652789805357,25.71999931335449,25.798143229175416,0.9930947592483884,0.1180689317613991,0.0046084671309063,25.09127396007158,24.98183829633969,24.98183829633969,-0.024908763543694,VanEck J. P. Morgan EM Local Currency Bond ET,P,True,False,False,False,False,False,False,False,False,,False,,,4872451072.0,Bond,unknown,382.0,True,,False,True,287.0,True,True,False,341.0,,0,0,False,Bond,Bond,Bond,Bond,Bond
2026-08-10,NEAR,50.470001220703125,50.470001220703125,50.43009948730469,50.43999862670898,604818.0,251,30507019.089408875,24412727.99067955,28116046.61243826,0.0034542695749404,0.0045398443764108,0.0068008423825189,0.2930624859157196,0.1072480414942972,0.0696419618609344,0.001012316828655,0.0004868894180589,0.0004736240058256,0.0004822465237772,1.245030173900743,50.292048645019534,50.1327465057373,0.0010769640865968,50.4900016784668,50.4900016784668,0.999009644482164,0.0638296104413456,0.0012654562287705,50.25639996474374,50.19661918781716,50.19661918781716,-0.0048251277858472,iShares Short Duration Bond Active ETF,Z,True,False,False,False,False,False,False,False,False,,False,,,4774438400.0,Bond,unknown,385.0,True,,False,True,364.0,True,True,False,342.0,,0,0,False,Bond,Bond,Bond,Bond,Bond
2026-08-10,HYG,79.56999969482422,79.56999969482422,79.41000366210938,79.4800033569336,27823978.0,251,2211449864.8432465,2579920756.0759864,2625383011.501123,0.0043494868347884,0.006324106090193,0.0130203061036555,0.1460604314310782,0.061989872247914,0.048510611164067,0.0006352879235929,0.0003920305286133,0.0006316230066315,0.0004758878959197,1.1531712153717577,79.17745590209961,78.61970937093099,0.0015551224477396,79.69000244140625,79.69000244140625,0.997364800124996,0.2005126193694892,0.0025228058744413,78.75763950834767,78.75763950834767,78.75763950834767,-0.0090886237805236,iShares iBoxx $ High Yield Corporate Bond ETF,P,True,False,False,False,False,False,False,False,False,,False,,,17626118144.0,Bond,unknown,146.0,True,,False,True,12.0,True,True,False,343.0,,0,0,False,Bond,Bond,Bond,Bond,Bond
2026-08-10,HYMB,24.96999931335449,24.96999931335449,24.920000076293945,24.950000762939453,1355225.0,251,33812864.78395462,43485262.34773159,30243465.01849795,-0.0068352373503844,0.0039190567617408,0.017096428791083,0.0,0.0321209784302267,0.0641623360005509,-0.0,0.0001258839377107,0.0010969468085029,0.000465755942488,0.2027788099443747,25.02274082183838,24.739997253417968,0.0016442846068209,25.17151992163771,25.291050477293386,0.9865150040066494,0.1027177234179051,0.00411694269647,24.75315614163209,24.71331106716263,24.71331106716263,-0.0094865606628918,State Street SPDR Nuveen ICE High Yield Municipal Bond ETF,P,True,False,False,False,False,False,False,False,False,,False,,,3091741440.0,Bond,unknown,496.0,True,,False,True,348.0,True,True,False,344.0,,0,0,False,Bond,Bond,Bond,Bond,Bond
2026-08-10,VCR,401.739990234375,402.8699951171875,400.0899963378906,401.8999938964844,31531.0,251,12672308.707550049,21579661.82682648,23537444.27787127,0.02420999018289,0.0105206658814411,0.0334824397685311,0.1167362918407296,0.016178906427277,0.0262854979902369,0.002826184479451,0.0001702128688484,0.0008801026032439,0.0004186742758868,0.421085879564505,390.8000323486328,387.127167561849,0.0011471995448673,404.8500061035156,405.132061529269,0.9920221874798444,6.316499328613281,0.0157165947363517,378.2300109863281,368.5299987792969,368.5299987792969,-0.0830305937396517,Vanguard Consumer Discretion ETF,P,True,False,False,False,False,False,False,False,False,,False,,,6827243008.0,Other,unknown,316.0,True,,False,True,386.0,True,True,False,345.0,,0,0,False,Other,Other,Other,Other,Other
2026-08-10,BINC,52.040000915527344,52.040000915527344,51.96500015258789,51.97999954223633,1400576.0,251,72801939.83886719,74981931.14010239,119868119.09580654,0.0040572734152948,0.0061082356888364,0.0072906394472938,0.1515790516880657,0.0771830207990267,0.0407394693893231,0.0006149976567295,0.0004714520822168,0.0002970167825916,0.0004103997273479,0.7286437668678115,51.81201629638672,51.53442515055338,0.0016118667458868,52.060001373291016,52.060001373291016,0.9984632764321106,0.0974902323033976,0.0018755335352433,51.670399437914256,51.57084115426328,51.57084115426328,-0.0078714580911181,iShares Flexible Income Active ETF,P,True,False,False,False,False,False,False,False,False,,False,,,16206218240.0,Other,unknown,160.0,True,,False,True,167.0,True,True,False,346.0,,0,0,False,Other,Other,Other,Other,Other
2026-08-10,FLXR,38.880001068115234,38.88840103149414,38.83000183105469,38.84000015258789,402998.0,251,15652442.381492617,15190852.211485673,17076362.8432352,0.0034872845148326,0.0046217835677986,0.0105197873016795,0.125970599858304,0.0528493948512429,0.0621465216499076,0.00043929532221,0.0002442584646915,0.0006537681892962,0.0003875868683032,0.5865440385528484,38.75448272705078,38.53718826293945,0.0014449406238499,38.93999862670898,38.93999862670898,0.9974319856793086,0.0929203292894946,0.0023923874594347,38.64036099160158,38.57072028610542,38.57072028610542,-0.0069330552375017,TCW Flexible Income ETF,N,True,False,False,False,False,False,False,False,False,,False,,,3345479168.0,Bond,unknown,471.0,True,,False,True,415.0,True,True,False,347.0,,0,0,False,Bond,Bond,Bond,Bond,Bond
2026-08-10,VGSH,58.040000915527344,58.040000915527344,58.0099983215332,58.02000045776367,2375091.0,251,137802780.90723038,153311531.52699375,188946482.1351033,0.003834472593698,0.0038835023226893,0.0060248670040721,0.2768575349776981,0.0888482853389305,0.06509510888014,0.0010616026302307,0.0003450425224806,0.0003921893736184,0.0003615439203789,1.4984405530733722,57.85393600463867,57.73007349650065,0.0009954511101351,58.08000183105469,58.08000183105469,0.998966918536512,0.0634615725514674,0.001093787867128,57.83824965202387,57.77843637073661,57.77843637073661,-0.0041634623426607,Vanguard Short-Term Treasury ETF,Q,True,False,False,False,False,False,False,False,False,,False,,,33827600384.0,Bond,unknown,88.0,True,,False,True,121.0,True,True,False,348.0,,0,0,False,Bond,Bond,Bond,Bond,Bond
2026-08-10,SCHO,24.059999465942383,24.059999465942383,24.049999237060547,24.049999237060547,3020583.0,251,72645018.84547806,69070550.45305805,85749740.88287227,0.003372312659752,0.0034538394359386,0.0063897006234061,0.2883847216456962,0.0801338271842007,0.0698894176332911,0.0009725234476848,0.0002767693724814,0.0004465724554209,0.0003362004515102,1.2988396329715477,23.98169979095459,23.930781618754068,0.0009675568452782,24.07999992370605,24.07999992370605,0.998754124304794,0.0259862849909445,0.0010805108447113,23.979133349358865,23.94923710146121,23.94923710146121,-0.004189693920824,Schwab Short-Term U.S. Treasury ETF,P,True,False,False,False,False,False,False,False,False,,False,,,12952873984.0,Bond,unknown,197.0,True,,False,True,216.0,True,True,False,349.0,,0,0,False,Bond,Bond,Bond,Bond,Bond
2026-08-10,VSS,158.47000122070312,158.58999633789062,158.07000732421875,158.3800048828125,141938.0,251,22480141.13305664,25935166.37740784,36118095.15911187,0.0407413096690072,-0.0191145053057312,0.0337343278022721,0.2282778094265357,0.0,0.0282553194045129,0.0093003369244091,-0.0,0.0009531742069497,0.0003336109724324,-0.0,154.35433685302735,153.27698435465496,-0.0059735201095071,158.77000427246094,162.02329946291178,0.9775137613406444,1.9279983520507813,0.012173243418431,147.13999938964844,147.13999938964844,147.13999938964844,-0.0709685891314417,Vanguard FTSE All-Wld ex-US SmCp Idx ETF,P,True,False,False,False,False,False,False,False,False,,False,,,13810126848.0,Country / Region,unknown,183.0,True,,False,True,326.0,True,True,False,350.0,,0,0,False,Country / Region,Country / Region,Country / Region,Country / Region,Country / Region
2026-08-10,XLP,84.66000366210938,85.04499816894531,84.33000183105469,84.94999694824219,6556458.0,251,556971087.0912781,924909253.1410325,991984405.462444,0.0042558296008614,0.0161490492772558,-0.0218227679339335,0.0250000264909363,0.029732745539416,0.0,0.0001063958527624,0.0004801555728641,-0.0,0.0003121011223616,0.1995895992536303,84.14207489013671,83.46215255737305,0.0029326449678159,88.77999877929688,89.01780978862107,0.9543033820980524,1.5519996643066407,0.0182695670401522,83.86000061035156,82.80999755859375,82.80999755859375,-0.0251912827136684,State Street Consumer Staples Select Sector SPDR ETF,P,True,False,False,False,False,False,False,False,False,,False,,,13649293312.0,Sector,unknown,186.0,True,,False,True,34.0,True,True,False,351.0,,0,0,False,Sector,Sector,Sector,Sector,Sector
2026-08-10,SPTS,28.920000076293945,28.920000076293945,28.899999618530277,28.899999618530277,643091.0,251,18585329.65468025,32499329.88627367,40321444.39119893,0.0035352410755313,0.0036011128954323,0.0058353617318194,0.2308364290564063,0.0777841364312693,0.0627488603640838,0.0008160624257291,0.0002801094567627,0.0003661622984838,0.0003102279513651,1.2236387149579038,28.827802352905277,28.7632208887736,0.0010166371099467,28.940000534057617,28.940000534057617,0.9986177983832354,0.0340221539843828,0.0011772371776284,28.81812661620248,28.78822135925293,28.78822135925293,-0.0038677598876393,State Street SPDR Portfolio Short Term Treasury ETF,P,True,False,False,False,False,False,False,False,False,,False,,,5912571904.0,Bond,unknown,349.0,True,,False,True,309.0,True,True,False,352.0,,0,0,False,Bond,Bond,Bond,Bond,Bond
2026-08-10,SHY,81.87999725341797,81.87999725341797,81.8499984741211,81.8550033569336,1629014.0,251,133342946.43849182,292601848.4735817,281582187.611775,0.003867579178941,0.0035099327280041,0.0053676963856554,0.2805968325515406,0.0762147319506389,0.0545600015239691,0.0010852304672531,0.0002675085820296,0.0002928615229815,0.0002763821113627,1.3845616033256705,81.62855850219727,81.47120178222656,0.0009541249084565,81.94000244140625,81.94000244140625,0.9989626668057102,0.0868622890552998,0.0010611726283429,81.6094295949537,81.50973518297866,81.50973518297866,-0.0042180460545505,iShares 1-3 Year Treasury Bond ETF,Q,True,False,False,False,False,False,False,False,False,,False,,,25358272512.0,Bond,unknown,110.0,True,include,False,True,92.0,True,True,False,353.0,,0,0,False,Bond,Bond,Bond,Bond,Bond
2026-08-10,SHM,47.7599983215332,47.74769973754883,47.630001068115234,47.68000030517578,382851.0,251,18254335.796836853,15114206.13884468,11276196.424600871,-0.001537990965052,0.0041727835597196,0.0002804204578248,0.0,0.0927606375853909,0.0033486302534981,-0.0,0.0003870700635054,9.390244287720628e-07,0.0002519241998285,1.6236822662441477,47.661470565795895,47.5684521484375,0.0007530184415258,47.79335590053418,47.85322120149986,0.9963801622550196,0.0961453414567852,0.0020164710746939,47.46408976001619,47.37428998393355,47.37428998393355,-0.006411709716559,State Street SPDR Nuveen ICE Short Term Municipal Bond ETF,P,True,False,False,False,False,False,False,False,False,,False,,,3468243712.0,Bond,unknown,467.0,True,,False,True,446.0,True,True,False,354.0,,0,0,False,Bond,Bond,Bond,Bond,Bond
2026-08-10,SCHC,50.5099983215332,50.66999816894531,50.43000030517578,50.54999923706055,221174.0,251,11180345.53125763,14983006.93024559,17058171.0235563,0.0568680180195988,-0.0124004994572122,0.0291255719401184,0.3285023019500578,0.0,0.0246792505524569,0.0186812748267755,-0.0,0.0007187972873937,0.0002515790505878,-0.0,48.7567943572998,48.83747408548991,-0.0040564128244372,50.709999084472656,51.6636376123713,0.9784444451305132,0.6260002136230469,0.0123837828500716,47.11000061035156,47.11000061035156,47.11000061035156,-0.0680514080836417,Schwab International Small-Cap Equity ETF,P,True,False,False,False,False,False,False,False,False,,False,,,5338413056.0,Global Equity,unknown,365.0,True,,False,True,416.0,True,True,False,355.0,,0,0,False,Global Equity,Global Equity,Global Equity,Global Equity,Global Equity
2026-08-10,LMBS,49.65999984741211,49.75,49.574100494384766,49.595001220703125,407748.0,251,20222262.557739258,22859443.182818603,25014868.69917588,0.0026592268059564,0.0021260343239462,0.0083445522149943,0.1227785314717685,0.0310069676305334,0.0618125160147214,0.0003264959620856,6.592187746400298e-05,0.000515797767425,0.0002233784389503,0.4539488185612306,49.51904106140137,49.34302197774252,0.0010182207158615,51.900001525878906,51.900001525878906,0.955587664019115,0.3011354264475144,0.006071890695343,49.29999923706055,49.29999923706055,49.29999923706055,-0.0059482201105266,First Trust Low Duration Opportunities ETF,Q,True,False,False,False,False,False,False,False,False,,False,,,6341681152.0,Bond,unknown,335.0,True,,False,True,381.0,True,True,False,356.0,,0,0,False,Bond,Bond,Bond,Bond,Bond
2026-08-10,AIRR,123.54000091552734,123.83999633789062,122.34249877929688,122.44000244140624,354582.0,251,43415020.94567871,83307784.59342651,88936263.72616383,0.0081515481106679,-0.0553926318951788,0.033859149068165,0.0246945673930924,0.0,0.0169451973712441,0.0002012989541769,-0.0,0.0005737499637824,0.0002008124873238,-0.0,125.26219985961914,120.20429885864256,-0.0124424073354248,125.37000274658205,135.0500030517578,0.9066271727108456,3.341725158691406,0.0272927563872811,109.97899627685548,109.97899627685548,109.97899627685548,-0.1017723449533088,First Trust RBA American Industrial Renaissance ETF,Q,True,False,False,False,False,False,False,False,False,,False,,,11489859584.0,Other,unknown,213.0,True,,False,True,211.0,True,True,False,357.0,,0,0,False,Other,Other,Other,Other,Other
2026-08-10,HYD,50.470001220703125,50.46989822387695,50.40520095825195,50.45000076293945,523076.0,251,26389184.59907532,48435719.89186096,41141874.79011536,-0.0102670509401896,-0.0028187643265257,0.0113011203470787,0.0,0.0,0.0424509400940481,-0.0,-0.0,0.0004797431828494,0.0001679101139973,-0.0,50.77669189453125,50.28049143473307,-1.1426676345460685e-05,51.17258183068991,51.43158226526512,0.9809148103345716,0.2142554403870029,0.0042468867620789,49.94730605171702,49.89750248101059,49.89750248101059,-0.0109514028458593,VanEck High Yield Muni ETF,Z,True,False,False,False,False,False,False,False,False,,False,,,4521939456.0,Bond,unknown,398.0,True,,False,True,305.0,True,True,False,358.0,,0,0,False,Bond,Bond,Bond,Bond,Bond
2026-08-10,IBDU,23.040000915527344,23.040000915527344,23.020000457763672,23.020000457763672,796489.0,251,18335177.14460373,12544602.255610466,15771515.03544429,0.0042653220001913,0.0035565273485578,0.0042504477440059,0.1967497524315444,0.050862372404083,0.0290603541947559,0.0008392010475784,0.0001808934184676,0.0001235195169271,0.0001608125529284,1.0586452437440077,22.9675048828125,22.911737378438318,0.0011740460983535,23.09000015258789,23.14138988706048,0.9947544451785636,0.0430872968452828,0.0018717331011499,22.93219183504967,22.892343517888587,22.892343517888587,-0.0055454794672704,iShares iBonds Dec 2029 Term Corporate ETF,P,True,False,False,False,False,False,False,False,False,,False,,,3963476736.0,Bond,unknown,426.0,True,,False,True,422.0,True,True,False,359.0,,0,0,False,Bond,Bond,Bond,Bond,Bond
2026-08-10,VCSH,78.54000091552734,78.56639862060547,78.47000122070312,78.48999786376953,2239862.0,251,175806763.59513855,271701729.3934792,327171722.62889826,0.0043293825651073,0.0031025677502025,0.0046037890982983,0.2147727712990585,0.0456262205946034,0.0322971341825151,0.0009298334915219,0.0001415584405804,0.0001486891942557,0.0001440542043667,0.8477754772266443,78.33272827148437,78.12154134114583,0.0010803569737425,78.66000366210938,78.66000366210938,0.9978387262849604,0.1261190552257794,0.001606816902259,78.19149641560236,78.06198826322101,78.06198826322101,-0.0054530464033314,Vanguard Short-Term Corporate Bond ETF,Q,True,False,False,False,False,False,False,False,False,,False,,,51786543104.0,Bond,unknown,55.0,True,,False,True,81.0,True,True,False,360.0,,0,0,False,Bond,Bond,Bond,Bond,Bond
2026-08-10,IGSB,52.07500076293945,52.09000015258789,52.040000915527344,52.040000915527344,1685726.0,251,87725182.58332825,132064393.32079393,155977890.83200026,0.0038104694496889,0.0028536762243758,0.0049387359685291,0.2024599361167257,0.0439993516672466,0.0350601680658206,0.0007714674013587,0.0001255599037407,0.0001731529130893,0.0001422174570127,0.6119833873155058,51.946006546020506,51.79250717163086,0.0011335594724652,52.15999984741211,52.15999984741211,0.9976994069740068,0.0816829764993375,0.0015696190442411,51.86237948140212,51.77271958072366,51.77271958072366,-0.0051360747521419,iShares 1-5 Year Investment Grade Corporate Bond ETF,Q,True,False,False,False,False,False,False,False,False,,False,,,22337937408.0,Bond,unknown,122.0,True,,False,True,138.0,True,True,False,361.0,,0,0,False,Bond,Bond,Bond,Bond,Bond
2026-08-10,IAGG,49.95000076293945,49.959999084472656,49.87009811401367,49.900001525878906,909630.0,251,45390538.38798523,67802296.47369003,103451324.27451605,0.0016058175741617,0.0030431784441105,0.0054832370215003,0.0540554473003206,0.0311954441304663,0.0242589269348394,8.6803187254031e-05,9.493330313228892e-05,0.0001330174462709,0.0001082627532308,0.216503183322477,49.92186401367187,49.70636734008789,0.0014215887317272,50.06999969482422,50.27921961734516,0.9924577570146808,0.1197952270507812,0.0024007058795109,49.709999084472656,49.630001068115234,49.630001068115234,-0.0054108306514508,iShares International Aggregate Bond Fund,Z,True,False,False,False,False,False,False,False,False,,False,,,10738313216.0,Bond,unknown,229.0,True,,False,True,186.0,True,True,False,362.0,,0,0,False,Bond,Bond,Bond,Bond,Bond
2026-08-10,IGF,65.8499984741211,65.8949966430664,65.55380249023438,65.79000091552734,837489.0,251,55098402.07674408,65487621.88400383,56064889.63319118,-0.0182062555112724,-0.0039431170966127,0.0149990618891833,0.0,0.0,0.019950866905866,-0.0,-0.0,0.0002992442874639,0.0001047355006123,-0.0,66.4469514465332,65.79624827067057,0.0007935025573584,67.76000213623047,68.63407614090849,0.9585617613684762,0.595309829711914,0.0090486368966049,65.55380249023438,65.55380249023438,65.55380249023438,-0.0035901872929936,iShares Global Infrastructure ETF,Q,True,False,False,False,False,False,False,False,False,,False,,,10779330560.0,REIT / Infra,unknown,227.0,True,,False,True,274.0,True,True,False,363.0,,0,0,False,REIT / Infra,REIT / Infra,REIT / Infra,REIT / Infra,REIT / Infra
2026-08-10,ISTB,47.9900016784668,47.9900016784668,47.95000076293945,47.95500183105469,486386.0,251,23324641.520599365,18611332.20614929,24666049.84701708,0.0035312863218934,0.0023332277933731,0.0040525939476578,0.1692777492901478,0.0367414687798588,0.0304637526972488,0.0005977682006692,8.572621612652004e-05,0.0001234572198038,9.89320674135742e-05,0.742867280880109,47.85985908508301,47.76378026326498,0.0010073890692827,48.040000915527344,48.040000915527344,0.998230660223714,0.0725210445940003,0.0015122727937638,47.78625291112764,47.71650886035199,47.71650886035199,-0.0049732658032818,iShares Core 1-5 Year USD Bond ETF,Q,True,False,False,False,False,False,False,False,False,,False,,,5038184448.0,Bond,unknown,375.0,True,,False,True,383.0,True,True,False,364.0,,0,0,False,Bond,Bond,Bond,Bond,Bond
2026-08-10,XLY,119.2249984741211,119.8499984741211,118.86000061035156,119.66999816894533,4061073.0,251,485988598.4739533,900475086.7057335,931276699.2527164,0.0312822925265268,-0.0024254107953676,0.0183010521124893,0.1464298958998545,0.0,0.0144331528958823,0.0045806628381681,-0.0,0.000264141883295,9.244965915327415e-05,-0.0,115.89608337402343,116.3201395670573,-0.0030507370539911,120.44000244140624,121.94699945092368,0.9813279433505478,1.9500003814697269,0.0162948141665114,111.25,108.29000091552734,108.29000091552734,-0.0950948226584924,State Street Consumer Discretionary Select Sector SPDR ETF,P,True,False,False,False,False,False,False,False,False,,False,,,22593435648.0,Sector,unknown,121.0,True,,False,True,35.0,True,True,False,365.0,,0,0,False,Sector,Sector,Sector,Sector,Sector
2026-08-10,CGMS,27.13999938964844,27.149999618530277,27.07999992370605,27.09000015258789,793115.0,251,21485485.471019745,28195223.82932949,28070204.57041392,0.0014831551817213,-0.0012124299491363,0.00785258560685,0.0437531981811449,0.0,0.0309230816950479,6.489278259924737e-05,-0.0,0.0002428261462379,8.498915118329412e-05,-0.0,27.11645820617676,26.95887882232666,0.0006354901533303,27.200000762939453,27.255302648472476,0.9939350335596496,0.0712969378487789,0.0026318544646434,26.94351281856387,26.91070472375049,26.91070472375049,-0.0066185097020114,Capital Group U.S. Multi-Sector Income ETF,P,True,False,False,False,False,False,False,False,False,,False,,,5172525056.0,Bond,unknown,372.0,True,,False,True,366.0,True,True,False,366.0,,0,0,False,Bond,Bond,Bond,Bond,Bond
2026-08-10,PYLD,26.170000076293945,26.18000030517578,26.1200008392334,26.1299991607666,3515987.0,251,91872737.35926628,95217619.37579298,102224247.03734308,0.0015495908929441,0.0026563029816037,0.004999156732506,0.0372159988762861,0.0212959963949247,0.0196328343640576,5.76695729305128e-05,5.656861872006228e-05,9.8147616089255e-05,7.112126779927974e-05,0.2465383026084164,26.12424503326416,25.979345588684083,0.0017362578481696,26.229999542236328,26.308025360107425,0.9932330079166348,0.0803588631848919,0.0030753488620676,25.96523916566519,25.91053443629635,25.91053443629635,-0.0083989564301162,PIMCO Multisector Bond Active Exchange-Traded Fund,P,True,False,False,False,False,False,False,False,False,,False,,,14711611392.0,Bond,unknown,171.0,True,,False,True,188.0,True,True,False,367.0,,0,0,False,Bond,Bond,Bond,Bond,Bond
2026-08-10,INDA,50.25,50.2599983215332,50.06499862670898,50.13999938964844,3372982.0,251,169121315.42129517,298655233.6032295,313050817.9813506,0.0276695726335076,0.0060192463110368,-0.0589339238286272,0.215310614707321,0.0123558195748371,0.0,0.0059575526924094,7.437272139567589e-05,-0.0,4.834226890718933e-05,0.2590333812017342,48.95040016174316,49.81440007527669,0.0074047234601211,50.619998931884766,53.810001373291016,0.9317970286195864,0.452750015258789,0.0090297172072216,48.90999984741211,47.560001373291016,47.560001373291016,-0.0514558844787316,iShares MSCI India ETF,Z,True,False,False,False,False,False,False,False,False,,False,,,6871878656.0,Country / Region,unknown,314.0,True,,False,True,84.0,True,True,False,368.0,,0,0,False,Country / Region,Country / Region,Country / Region,Country / Region,Country / Region
2026-08-10,VDC,230.0500030517578,230.5399932861328,228.9600067138672,230.38999938964844,97126.0,251,22376859.080718994,31530046.340800475,35278464.5298583,0.0048850486165494,0.0060357457993278,-0.026809715583573,0.0297396203052727,0.0113753233866331,0.0,0.0001452794910289,6.865856034686708e-05,-0.0,4.4628064225463605e-05,0.0796974533553954,228.01044799804689,227.3902323404948,0.0019892126446885,239.72999572753903,241.6927637833069,0.9532349905030996,3.960498809814453,0.0171904111302862,227.30999755859372,223.77999877929688,223.77999877929688,-0.0286904840829153,Vanguard Consumer Staples ETF,P,True,False,False,False,False,False,False,False,False,,False,,,9185586176.0,Sector,unknown,261.0,True,,False,True,330.0,True,True,False,369.0,,0,0,False,Sector,Sector,Sector,Sector,Sector
2026-08-10,BSV,77.5199966430664,77.58670043945312,77.45999908447266,77.45999908447266,2017643.0,251,156286624.93279266,187118259.03152123,202452328.00518107,0.0033109893024558,0.0013454717065801,0.002719821184522,0.1861668139109755,0.0223279900226193,0.0208462491663846,0.0006163963293315,3.004167884023864e-05,5.669807010055875e-05,3.937141578135068e-05,0.4927047943979928,77.32693023681641,77.24352574666341,0.0008697421189021,78.0,78.0,0.993076911339393,0.1787333056757148,0.0023074271596724,77.13461967595158,77.08478905986993,77.08478905986993,-0.0048439198171632,Vanguard Short-Term Bond ETF,P,True,False,False,False,False,False,False,False,False,,False,,,69833809920.0,Bond,unknown,44.0,True,,False,True,118.0,True,True,False,370.0,,0,0,False,Bond,Bond,Bond,Bond,Bond
2026-08-10,EMB,95.19000244140624,95.20999908447266,94.81500244140624,94.83999633789062,3462802.0,251,328412128.99884033,514931077.130484,585448891.7609485,-0.0012936481730091,-0.0009488314167839,0.0067497737400814,0.0,0.0,0.0162413011125105,-0.0,-0.0,0.0001096251077539,3.836878771389272e-05,-0.0,95.17628646850586,94.26914927164714,0.0016293154794961,95.41088620078386,96.04631112850502,0.987440279835418,0.3828093518665795,0.0040363703779861,94.07673992995072,94.06679319064276,94.06679319064276,-0.0081527116944748,iShares J.P. Morgan USD Emerging Markets Bond ETF,Q,True,False,False,False,False,False,False,False,False,,False,,,14615079936.0,Bond,unknown,173.0,True,,False,True,55.0,True,True,False,371.0,,0,0,False,Bond,Bond,Bond,Bond,Bond
2026-08-10,PZA,23.059999465942383,23.11639976501465,23.01000022888184,23.040000915527344,717344.0,251,16527606.416748049,33098662.671987917,27416302.19409955,-0.0122091112037877,-0.0029963931693064,0.0052311214319031,0.0,0.0,0.0201340691151944,-0.0,-0.0,0.0001053237604599,3.686331616096978e-05,-0.0,23.201870765686035,23.014016456604004,0.0005695462288715,23.384581726226944,23.504196443820923,0.9802505255007083,0.0977764047836979,0.0042437674001047,22.790000915527344,22.76000022888184,22.76000022888184,-0.012152807097191,Invesco National AMT-Free Municipal Bond ETFo,P,True,False,False,False,False,False,False,False,False,,False,,,4290295296.0,Bond,unknown,406.0,True,,False,True,369.0,True,True,False,372.0,,0,0,False,Bond,Bond,Bond,Bond,Bond
2026-08-10,XLU,43.43000030517578,43.52000045776367,43.05500030517578,43.130001068115234,23227102.0,251,1001784934.0692216,894880596.7217525,921847048.7879158,-0.0566491706788292,-0.0293960775183697,0.0082784579684327,0.0,0.0,0.007533243082652,-0.0,-0.0,6.236363622572197e-05,2.182727267900269e-05,-0.0,44.74792640686035,44.75156489054362,-0.0011088675553992,46.630001068115234,47.40728211653791,0.9097758644355916,0.7812505722045898,0.01811385469179,42.95000076293945,42.95000076293945,42.95000076293945,-0.0041734361399969,State Street Utilities Select Sector SPDR ETF,P,True,False,False,False,False,False,False,False,False,,False,,,23111417856.0,Sector,unknown,117.0,True,,False,True,37.0,True,True,False,373.0,,0,0,False,Sector,Sector,Sector,Sector,Sector
2026-08-10,VWOB,66.16999816894531,66.16999816894531,65.94219970703125,65.95999908447266,342039.0,251,22560892.126853943,34179780.87060966,36797802.25439538,-0.0012129147754946,-0.002115344750293,0.0049448045203928,0.0,0.0,0.0124866298544928,-0.0,-0.0,6.174394374896829e-05,2.16103803121389e-05,-0.0,66.18676406860351,65.66076436360677,0.0013075099613875,66.31862369158937,66.8306962863041,0.9869715976308048,0.2338953209946787,0.0035460176507149,65.35373467258744,65.35373398320351,65.35373398320351,-0.0091914055440286,Vanguard Emerging Markets Government Bond ETF,Q,True,False,False,False,False,False,False,False,False,,False,,,6760565248.0,Bond,unknown,318.0,True,,False,True,321.0,True,True,False,374.0,,0,0,False,Bond,Bond,Bond,Bond,Bond
2026-08-10,VPU,188.0,188.3300018310547,186.42999267578125,186.8000030517578,363548.0,251,67910767.50946045,51958289.21699524,46138070.33320836,-0.0540813900488246,-0.0301888466518606,0.0062588463896866,0.0,0.0,0.00585682698197,-0.0,-0.0,3.665698041112245e-05,1.2829943143892856e-05,-0.0,193.4895642089844,193.6568176269531,-0.0017571265843074,201.08999633789065,204.4856368333461,0.9135116086612872,3.218000030517578,0.0172269806099839,185.88999938964844,185.88999938964844,185.88999938964844,-0.0048715398674658,Vanguard Utilities ETF,P,True,False,False,False,False,False,False,False,False,,False,,,10763640832.0,Sector,unknown,228.0,True,,False,True,293.0,True,True,False,375.0,,0,0,False,Sector,Sector,Sector,Sector,Sector
2026-08-10,FPE,17.84000015258789,17.860000610351562,17.790000915527344,17.809999465942383,1573381.0,251,28021914.76972389,17501847.017125033,17818898.305050954,-0.0016281760418834,-0.0039530106104488,0.0003967273582028,0.0,0.0,0.0015465103701392,-0.0,-0.0,6.135429735786549e-07,2.147400407525292e-07,-0.0,17.810770378112792,17.75977965037028,0.0005488440836443,17.91868319631239,17.95164885679211,0.9921093938512432,0.0514461100321435,0.002888608173769,17.700000762939453,17.700000762939453,17.700000762939453,-0.0061762328074898,First Trust Preferred Securities and Income ETF ETF,P,True,False,False,False,False,False,False,False,False,,False,,,6320397824.0,Bond,unknown,336.0,True,,False,True,412.0,True,True,False,376.0,,0,0,False,Bond,Bond,Bond,Bond,Bond
2026-08-10,GOVT,22.450000762939453,22.459999084472656,22.40999984741211,22.420000076293945,6560867.0,251,147094638.64055443,161574158.61916342,190031500.26200247,-0.0011927528347954,-0.0082812410885223,-0.0091253414353066,0.0,0.0,0.0,-0.0,-0.0,-0.0,-0.0,,22.52584648132324,22.578783429463705,0.0001851125213172,22.596284495872613,22.97018969065646,0.9760476677915152,0.0669955452215735,0.0029882045046204,22.33712996289463,22.33712996289463,22.33712996289463,-0.0036962583906027,iShares U.S. Treasury Bond ETF,Z,True,False,False,False,False,False,False,False,False,,False,,,43729891328.0,Bond,unknown,70.0,True,,False,True,119.0,True,True,False,377.0,,0,0,False,Bond,Bond,Bond,Bond,Bond
2026-08-10,VOX,187.6199951171875,188.3800048828125,186.9600067138672,188.3800048828125,193153.0,251,36386163.08312988,52667336.904995725,54243391.21934582,-0.0121656638833578,-0.0448447479455802,-0.0081146986025903,0.0,0.0,0.0,-0.0,-0.0,-0.0,-0.0,-0.0,187.04398223876956,189.69323923746745,-0.0110074664463453,195.4199981689453,199.16970205639092,0.9458266138766248,3.67300033569336,0.0194978248247645,178.00999450683594,178.00999450683594,178.00999450683594,-0.0550483602674686,Vanguard Communication Services  ETF,P,True,False,False,False,False,False,False,False,False,,False,,,5931463168.0,Sector,unknown,348.0,True,,False,True,277.0,True,True,False,378.0,,0,0,False,Sector,Sector,Sector,Sector,Sector
2026-08-10,SCHZ,22.770000457763672,22.84000015258789,22.729999542236328,22.739999771118164,1669228.0,251,37958244.33794403,37775571.027302936,42758823.59813969,-0.0013883207174137,-0.0091441111923921,-0.0080908965204876,0.0,0.0,0.0,-0.0,-0.0,-0.0,-0.0,-0.0,22.85752899169922,22.886876627604167,7.649496109318754e-05,23.160104998051118,23.238862939206957,0.9785332367855596,0.1679244189128065,0.0073845391645995,22.63215462916104,22.63215462916104,22.63215462916104,-0.0047425304768077,Schwab US Aggregate Bond ETF,P,True,False,False,False,False,False,False,False,False,,False,,,10601679872.0,Bond,unknown,234.0,True,,False,True,302.0,True,True,False,379.0,,0,0,False,Bond,Bond,Bond,Bond,Bond
2026-08-10,VGLT,52.88999938964844,52.90999984741211,52.665000915527344,52.68000030517578,2295244.0,251,120913454.62045288,108488476.70784454,109714861.64305092,-0.0157143628946142,-0.0311949052121479,-0.0360795566582407,0.0,0.0,0.0,-0.0,-0.0,-0.0,-0.0,,53.90770957946777,54.34100357055664,-0.0014733366796034,54.07876736086288,56.58691134840831,0.9309573371273528,0.3409956858042601,0.0064729628669109,52.35581440284229,52.35581440284229,52.35581440284229,-0.0061538705477501,Vanguard Long-Term Treasury ETF,Q,True,False,False,False,False,False,False,False,False,,False,,,15153465344.0,Bond,unknown,170.0,True,,False,True,177.0,True,True,False,380.0,,0,0,False,Bond,Bond,Bond,Bond,Bond
2026-08-10,GDX,88.9000015258789,90.75,87.44000244140625,90.48999786376952,22665793.0,251,2051027560.1506424,1612206701.204897,1820078030.6297743,0.2333378012308311,-0.0433449480162283,-0.0708491792701695,0.4458330998818636,0.0,0.0,0.1040297152423595,-0.0,-0.0,-0.0,,78.50319961547852,90.32053304036458,-0.0175457914724523,90.8000030517578,117.18000030517578,0.7722307358602442,3.2105003356933595,0.0354790630067942,72.18000030517578,69.73999786376953,69.73999786376953,-0.2293071111708789,VanEck Gold Miners ETF,P,True,False,False,False,False,False,False,False,False,,False,,,22753128448.0,Commodity,unknown,120.0,True,,False,True,21.0,True,True,False,381.0,,0,0,False,Commodity,Commodity,Commodity,Commodity,Commodity
2026-08-10,GDXJ,116.4000015258789,119.09500122070312,114.80719757080078,118.77999877929688,4684724.0,251,556451511.0013428,537931410.6099198,626479321.1643968,0.2450733425520517,-0.0561029701529638,-0.0760734206986853,0.4015802100141121,0.0,0.0,0.0984166043709133,-0.0,-0.0,-0.0,,102.2858004760742,118.9406669108073,-0.020493021262032,119.09500122070312,157.49000549316406,0.7542065822358015,4.585890197753907,0.0386082694467346,93.48999786376952,89.83000183105469,89.83000183105469,-0.2437278771321903,VanEck Junior Gold Miners ETF,P,True,False,False,False,False,False,False,False,False,,False,,,7078291968.0,Commodity,unknown,308.0,True,,False,True,49.0,True,True,False,382.0,,0,0,False,Commodity,Commodity,Commodity,Commodity,Commodity
2026-08-10,GBTC,50.25,50.25,49.35499954223633,49.52999877929688,2541746.0,251,125892676.27728271,77570962.10423127,99201688.22275384,0.0271670992416173,-0.2051035517946923,-0.0933553393575709,0.0985702197427474,0.0,0.0,0.0026778669420192,-0.0,-0.0,-0.0,,49.47199989318848,56.05219998677572,-0.0391622190302765,51.880001068115234,63.845001220703125,0.775785070597441,1.1252498626708984,0.0227185521987382,48.29999923706055,48.29999923706055,48.29999923706055,-0.0248334256521415,Grayscale Bitcoin Trust (BTC),P,True,False,False,False,False,False,False,False,False,,False,,,8134695424.0,Crypto,unknown,280.0,True,,False,True,194.0,True,True,False,383.0,,0,0,False,Crypto,Crypto,Crypto,Crypto,Crypto
2026-08-10,CMF,56.84000015258789,56.86000061035156,56.74990081787109,56.790000915527344,460646.0,251,26160086.76173401,26954518.69307861,26804586.338150267,-0.0069598124163192,-0.0010433004583194,-0.0051264813180013,0.0,0.0,0.0,-0.0,-0.0,-0.0,-0.0,-0.0,56.9728140258789,56.8467310333252,0.0002949135980636,57.25784700849949,57.58517444713038,0.9861913497833876,0.1597016886593312,0.0028121444987627,56.30022212697215,56.24037334127497,56.24037334127497,-0.0096782455606916,iShares California Muni Bond ETF,P,True,False,False,False,False,False,False,False,False,,False,,,4542874112.0,Bond,unknown,396.0,True,,False,True,371.0,True,True,False,384.0,,0,0,False,Bond,Bond,Bond,Bond,Bond
2026-08-10,SCMB,25.43000030517578,25.448999404907227,25.3799991607666,25.3799991607666,1034917.0,251,26266192.59146309,33207907.03504496,30127911.365802493,-0.0080862294589488,-0.001894059863423,-0.0042715567584329,0.0,0.0,0.0,-0.0,-0.0,-0.0,-0.0,-0.0,25.48662654876709,25.41279265085856,0.0004277504607685,25.636737214954238,25.985604695947757,0.976694576005938,0.086010043968773,0.0033888907333665,25.17822800833873,25.11044695030807,25.11044695030807,-0.0106206548215815,Schwab Municipal Bond ETF,P,True,False,False,False,False,False,False,False,False,,False,,,3980585728.0,Bond,unknown,423.0,True,,False,True,350.0,True,True,False,385.0,,0,0,False,Bond,Bond,Bond,Bond,Bond
2026-08-10,GLD,397.7139892578125,403.239990234375,395.9299926757813,402.5400085449219,10806972.0,251,4350238601.224731,2919428645.6354246,2846789890.171902,0.0964508571654669,-0.0719966370651006,-0.1161901899244551,0.3988958397864149,0.0,0.0,0.0384738456671385,-0.0,-0.0,-0.0,,382.13780029296873,420.95273356119793,-0.0176128341615541,403.239990234375,492.1499938964844,0.8179213929434479,7.113999938964843,0.0176727773338111,366.5299987792969,363.6000061035156,363.6000061035156,-0.0967357321379415,SPDR Gold Shares,P,True,False,False,False,False,False,False,False,False,,False,,,130053275648.0,Commodity,unknown,19.0,True,,False,True,11.0,True,True,False,386.0,,0,0,False,Commodity,Commodity,Commodity,Commodity,Commodity
2026-08-10,SIL,88.25,90.88990020751952,87.18000030517578,90.27999877929688,1502101.0,251,135609676.44638062,84611664.04772949,112793635.12301733,0.2157284700002784,-0.0702950874489153,-0.0717270384000906,0.3997007250403218,0.0,0.0,0.0862268258709505,-0.0,-0.0,-0.0,,79.46457946777343,90.91653818766277,-0.0263677574811044,90.88990020751952,118.68631159390996,0.7606605813835849,3.4639949798583984,0.0383694619704931,71.08999633789062,69.68000030517578,69.68000030517578,-0.2281789848544516,Global X Silver Miners ETF,P,True,False,False,False,False,False,False,False,False,,False,,,4207305472.0,Commodity,unknown,411.0,True,,False,True,172.0,True,True,False,387.0,,0,0,False,Commodity,Commodity,Commodity,Commodity,Commodity
2026-08-10,FXI,36.22999954223633,36.51499938964844,36.14500045776367,36.4900016784668,11360594.0,251,414548094.1283798,714414778.8589268,929758697.4777094,0.091208228977669,-0.0127823046189535,-0.0626214517946985,0.4911438810649702,0.0,0.0,0.0447963635651548,-0.0,-0.0,-0.0,-0.0,34.31534282684326,36.19840414683024,0.0031219489522626,36.54999923706055,39.37435719666424,0.9267453306274724,0.4975002288818359,0.0136338779391017,35.33000183105469,33.720001220703125,33.720001220703125,-0.0759112176034314,iShares China Large-Cap ETF,P,True,False,False,False,False,False,False,False,False,,False,,,4523697152.0,Country / Region,unknown,397.0,True,,False,True,36.0,True,True,False,388.0,,0,0,False,Country / Region,Country / Region,Country / Region,Country / Region,Country / Region
2026-08-10,GLDM,85.7699966430664,86.95999908447266,85.4000015258789,86.80999755859375,4611161.0,251,400294875.1522827,288574223.9808121,327338987.973938,0.0965011944719893,-0.0714514970351122,-0.1147256810125636,0.4033793326249082,0.0,0.0,0.0389265874236175,-0.0,-0.0,-0.0,,82.39399948120118,90.70699971516927,-0.0175096380849626,86.95999908447266,105.98999786376952,0.8190395255047734,1.5207500457763672,0.017518144091064,79.04000091552734,78.43000030517578,78.43000030517578,-0.0965326286037706,SPDR Gold MiniShares Trust,P,True,False,False,False,False,False,False,False,False,,False,,,27261255680.0,Commodity,unknown,101.0,True,,False,True,80.0,True,True,False,389.0,,0,0,False,Commodity,Commodity,Commodity,Commodity,Commodity
2026-08-10,VGIT,58.31999969482422,58.34000015258789,58.25,58.2599983215332,2363123.0,251,137675542.0135765,152680652.13279858,177965873.87697777,0.0009477621252731,-0.0068291874017437,-0.0085538592371273,0.0271664496882461,0.0,0.0,2.5747332092658117e-05,-0.0,-0.0,-0.0,,58.3857154083252,58.58220893859863,0.0003896597067192,58.6134647816075,59.60631058257659,0.9774132596383692,0.1588807391048718,0.002727098243773,58.055334489793545,57.98556824628624,57.98556824628624,-0.0047104374039353,Vanguard Intermediate-Term Treasury ETF,Q,True,False,False,False,False,False,False,False,False,,False,,,50384760832.0,Bond,unknown,57.0,True,,False,True,124.0,True,True,False,390.0,,0,0,False,Bond,Bond,Bond,Bond,Bond
2026-08-10,VTEB,49.83000183105469,49.84999847412109,49.7400016784668,49.77999877929688,8608837.0,251,428547895.3511658,370937748.2817909,363688478.5624753,-0.0069042060155471,-0.0009743340640647,-0.0003094173416354,0.0,0.0,0.0,-0.0,-0.0,-0.0,-0.0,-0.0,49.969248657226565,49.76462979634603,0.0003845868661991,50.24573497940309,50.60184040681537,0.9837586613271124,0.1477723535572885,0.0029685085813771,49.388197078914025,49.30842982429594,49.30842982429594,-0.0094730607988092,Vanguard Tax-Exempt Bond ETF,P,True,False,False,False,False,False,False,False,False,,False,,,48785248256.0,Bond,unknown,58.0,True,,False,True,74.0,True,True,False,391.0,,0,0,False,Bond,Bond,Bond,Bond,Bond
2026-08-10,VMBS,46.16999816894531,46.16999816894531,46.01499938964844,46.02999877929688,840205.0,251,38674635.12435913,60536483.47874451,60761725.0648765,-0.0008974667987378,-0.009082468498621,-0.0045836302784074,0.0,0.0,0.0,-0.0,-0.0,-0.0,-0.0,-0.0,46.26460693359375,46.25220118204753,0.000307835774947,46.43002848207552,46.90787433270543,0.9812851133014042,0.1782008780824245,0.0038714074040465,45.81229207336904,45.81229207336904,45.81229207336904,-0.0047296700347894,Vanguard Mortgage-Backed Securities ETF,Q,True,False,False,False,False,False,False,False,False,,False,,,17337255936.0,Bond,unknown,150.0,True,,False,True,260.0,True,True,False,392.0,,0,0,False,Bond,Bond,Bond,Bond,Bond
2026-08-10,SIVR,60.76499938964844,62.7599983215332,60.461700439453125,62.43999862670898,3187913.0,251,199053283.3420677,60617758.96677456,83910011.86324365,0.1387925686944648,-0.186343492769523,-0.1524365389080489,0.3313015957792205,0.0,0.0,0.0459821994907733,-0.0,-0.0,-0.0,,59.34159996032715,71.28539993286132,-0.0500723568495672,62.7599983215332,89.58000183105469,0.697030557606697,1.902499771118164,0.0304692474849664,53.72999954223633,52.13999938964844,52.13999938964844,-0.1649583514349194,abrdn Physical Silver Shares ETF,P,True,False,False,False,False,False,False,False,False,,False,,,3950569728.0,Commodity,unknown,429.0,True,,False,True,219.0,True,True,False,393.0,,0,0,False,Commodity,Commodity,Commodity,Commodity,Commodity
2026-08-10,SILJ,28.959999084472656,29.989999771118164,28.8700008392334,29.8700008392334,5749156.0,251,171727294.54488373,99845150.87239724,124874675.79298012,0.2098015469068312,-0.0592125719926488,-0.0884955623442239,0.3425925505434681,0.0,0.0,0.0718764470627763,-0.0,-0.0,-0.0,,26.3864001083374,30.315199953715005,-0.0263536620443916,29.989999771118164,40.29999923706055,0.7411911018540281,1.245500087738037,0.0416973569716847,23.21999931335449,23.059999465942383,23.059999465942383,-0.2279879873436854,Amplify Junior Silver Miners ETF,P,True,False,False,False,False,False,False,False,False,,False,,,3404911360.0,Commodity,unknown,469.0,True,,False,True,161.0,True,True,False,394.0,,0,0,False,Commodity,Commodity,Commodity,Commodity,Commodity
2026-08-10,VNQI,45.880001068115234,45.88999938964844,45.47999954223633,45.562198638916016,854984.0,251,38954950.84109497,11096861.513478853,13323484.847930908,0.0100243409985829,-0.0452179909176313,-0.0695895956062665,0.0755199357824758,0.0,0.0,0.0007570375884746,-0.0,-0.0,-0.0,-0.0,45.34224395751953,46.61754788716634,0.0004201846565241,46.630001068115234,50.880001068115234,0.8954834450164407,0.4294996261596679,0.0094266659421659,45.47999954223633,44.93999862670898,44.93999862670898,-0.0136560576704828,Vanguard Global ex-U.S. Real Estate ETF,Q,True,False,False,False,False,False,False,False,False,,False,,,3710765056.0,REIT / Infra,unknown,446.0,True,,False,True,435.0,True,True,False,395.0,,0,0,False,REIT / Infra,REIT / Infra,REIT / Infra,REIT / Infra,REIT / Infra
2026-08-10,EWZ,35.29999923706055,35.369998931884766,35.06999969482422,35.189998626708984,21198543.0,251,745976699.0582314,652960470.2807086,811677786.348223,-0.005651335586006,-0.0918965707673852,-0.0541798357434289,0.0,0.0,0.0,-0.0,-0.0,-0.0,-0.0,,35.0405362701416,36.48107566833496,-0.0009862209853201,36.84000015258789,41.62374534901532,0.8454308551919262,0.5839998245239257,0.0165956194178613,35.06999969482422,34.970001220703125,34.970001220703125,-0.006251702602764,iShares MSCI Brazil ETF,P,True,False,False,False,False,False,False,False,False,,False,,,9067350016.0,Country / Region,unknown,265.0,True,,False,True,41.0,True,True,False,396.0,,0,0,False,Country / Region,Country / Region,Country / Region,Country / Region,Country / Region
2026-08-10,EVTR,50.1349983215332,50.13990020751953,50.040000915527344,50.04999923706055,726953.0,251,36383997.09537888,24490427.07404537,25747274.05716857,-0.0041782549042124,-0.0112758636307014,-0.0118881682401779,0.0,0.0,0.0,-0.0,-0.0,-0.0,-0.0,,50.43931243896484,50.46998573303223,-3.8419611054774094e-06,50.650001525878906,51.328515074228,0.975091509362417,0.2036006927490234,0.0040679459710813,49.45000076293945,49.45000076293945,49.45000076293945,-0.0119879816836603,Eaton Vance Total Return Bond ETF,N,True,False,False,False,False,False,False,False,False,,False,,,5577608192.0,Bond,unknown,360.0,True,,False,True,376.0,True,True,False,397.0,,0,0,False,Bond,Bond,Bond,Bond,Bond
2026-08-10,FBND,44.93000030517578,44.95000076293945,44.84999847412109,44.86000061035156,2150466.0,251,96469906.07254028,127270213.64665604,125397063.70336623,-0.0013472722725591,-0.0081259285287381,-0.005702773295653,0.0,0.0,0.0,-0.0,-0.0,-0.0,-0.0,-0.0,45.0778352355957,45.08882893880208,0.0002041750182952,45.48099899291992,45.79364824856216,0.9796118528678284,0.1699485120255442,0.0037884197439428,44.650001525878906,44.650001525878906,44.650001525878906,-0.0046812100226364,Fidelity Total Bond ETF,P,True,False,False,False,False,False,False,False,False,,False,,,26618243072.0,Bond,unknown,102.0,True,,False,True,159.0,True,True,False,398.0,,0,0,False,Bond,Bond,Bond,Bond,Bond
2026-08-10,FBTC,56.43000030517578,56.44499969482422,55.45000076293945,55.650001525878906,4122955.0,251,229442452.04113007,180148048.79636192,233937603.26265424,0.0280805547343507,-0.2028362201392416,-0.087106260471488,0.1001318559370227,0.0,0.0,0.0028117580612916,-0.0,-0.0,-0.0,,55.535100021362304,62.74993354797363,-0.0386412371283411,58.255001068115234,71.5250015258789,0.7780496377304352,1.2715002059936524,0.0228481612062915,54.244998931884766,54.244998931884766,54.244998931884766,-0.0252471258844578,Fidelity Wise Origin Bitcoin Fund,Z,True,False,False,False,False,False,False,False,False,,False,,,10223253504.0,Crypto,unknown,243.0,True,,False,True,104.0,True,True,False,399.0,,0,0,False,Crypto,Crypto,Crypto,Crypto,Crypto
2026-08-10,ETHA,14.390000343322754,14.390000343322754,14.06999969482422,14.140000343322754,28046026.0,251,396570817.2688389,432230013.8926549,411849332.7873865,0.0575916577677273,-0.1910754740492554,-0.0883301009246889,0.1372549219602367,0.0,0.0,0.00790473849247,-0.0,-0.0,-0.0,,13.522799949645997,16.224166679382325,-0.0247300900909525,14.91800022125244,18.63500022888184,0.7587872374376248,0.4493500232696533,0.0317786430239973,13.850000381469728,13.595000267028809,13.595000267028809,-0.0385431444880627,iShares Ethereum Trust ETF,Q,True,False,False,False,False,False,False,False,False,,False,,,4276033536.0,Crypto,unknown,407.0,True,,False,True,69.0,True,True,False,400.0,,0,0,False,Crypto,Crypto,Crypto,Crypto,Crypto
2026-08-10,CQQQ,52.70000076293945,52.959999084472656,52.52000045776367,52.869998931884766,254387.0,251,13449440.41828537,50016100.089418605,72684530.71138358,-0.0062030418481605,-0.0143549676831702,-0.017286251270709,0.0,0.0,0.0,-0.0,-0.0,-0.0,-0.0,-0.0,52.84159996032715,52.16,-0.007490553203198,54.34000015258789,57.56999969482422,0.918360243393192,1.1434999465942384,0.0216285222185737,48.7400016784668,48.7400016784668,48.7400016784668,-0.0781160835417996,Invesco China Technology ETF,P,True,False,False,False,False,False,False,False,False,,False,,,3417853440.0,Country / Region,unknown,468.0,True,,False,True,235.0,True,True,False,401.0,,0,0,False,Country / Region,Country / Region,Country / Region,Country / Region,Country / Region
2026-08-10,EDV,60.0,60.01800155639648,59.540000915527344,59.56999969482422,1129674.0,251,67294679.83525085,81563094.61657181,67604596.63847254,-0.0348347615579391,-0.0570933687762461,-0.0681368810038681,0.0,0.0,0.0,-0.0,-0.0,-0.0,-0.0,,62.39818496704102,63.328893966674805,-0.0038070476291505,62.47999954223633,67.54321477537628,0.8819538704654787,0.6329998016357422,0.010626150828917,59.09999847412109,59.09999847412109,59.09999847412109,-0.0078898979874253,Vanguard Extended Duration Treasury ETF,P,True,False,False,False,False,False,False,False,False,,False,,,4162188800.0,Bond,unknown,415.0,True,,False,True,248.0,True,True,False,402.0,,0,0,False,Bond,Bond,Bond,Bond,Bond
2026-08-10,EAGG,46.65999984741211,46.68000030517578,46.54499816894531,46.54999923706055,600445.0,251,27950714.29189682,15216150.62054348,18869253.067920927,-0.002088998448523,-0.0102092123650979,-0.0093888367043313,0.0,0.0,0.0,-0.0,-0.0,-0.0,-0.0,-0.0,46.83840316772461,46.90523523966471,4.6390908285065535e-05,46.96633516132775,47.63812822491999,0.9771584437003504,0.1415120282172996,0.0030400006559964,46.39831135547266,46.39831135547266,46.39831135547266,-0.0032586011616325,iShares ESG Aware U.S. Aggregate Bond ETF,P,True,False,False,False,False,False,False,False,False,,False,,,4899153408.0,Bond,unknown,379.0,True,,False,True,408.0,True,True,False,403.0,,0,0,False,Bond,Bond,Bond,Bond,Bond
2026-08-10,DFCF,41.65999984741211,41.685001373291016,41.58000183105469,41.59000015258789,1003739.0,251,41745505.16315842,50609676.721094325,53202386.95825795,-0.0013053252966821,-0.0089397117366792,-0.0077130763976458,0.0,0.0,0.0,-0.0,-0.0,-0.0,-0.0,-0.0,41.81474983215332,41.83663604736328,0.0001352280567847,41.9332081520669,42.48902793905925,0.978840942472,0.1336244299018666,0.0032128980382692,41.41999816894531,41.41999816894531,41.41999816894531,-0.0040875687188954,Dimensional Core Fixed Income ETF,P,True,False,False,False,False,False,False,False,False,,False,,,10866136064.0,Bond,unknown,226.0,True,,False,True,280.0,True,True,False,404.0,,0,0,False,Bond,Bond,Bond,Bond,Bond
2026-08-10,FIXD,43.02000045776367,43.02000045776367,42.8301010131836,42.93000030517578,278638.0,251,11961929.42503357,12662974.974021148,15544268.317945937,-0.0018670687163062,-0.0088473112866432,-0.0105432171143433,0.0,0.0,0.0,-0.0,-0.0,-0.0,-0.0,-0.0,43.19333030700684,43.234678471883136,8.378611445447604e-05,43.290000915527344,44.29368426896487,0.9692126770148904,0.2410356541440982,0.0056146203687549,42.57400131225586,42.57400131225586,42.57400131225586,-0.008292545781254,First Trust Smith Opportunistic Fixed Income ETF,Q,True,False,False,False,False,False,False,False,False,,False,,,3286956288.0,Bond,unknown,474.0,True,,False,True,425.0,True,True,False,405.0,,0,0,False,Bond,Bond,Bond,Bond,Bond
2026-08-10,FSEC,43.33000183105469,43.42369842529297,43.27000045776367,43.290000915527344,290260.0,251,12565355.665740969,12489217.275856018,14319375.692939151,-0.0013811268640042,-0.0087874558251418,-0.0045479581205749,0.0,0.0,0.0,-0.0,-0.0,-0.0,-0.0,-0.0,43.52228149414063,43.4990965016683,0.0003740815755621,43.77848503199114,44.12259734934109,0.9811299315128332,0.1799540039154816,0.0041569415594753,43.11000061035156,43.090707789498445,43.090707789498445,-0.0046036757175815,Fidelity Investment Grade Securitized ETF,P,True,False,False,False,False,False,False,False,False,,False,,,4651778048.0,Bond,unknown,392.0,True,,False,True,430.0,True,True,False,406.0,,0,0,False,Bond,Bond,Bond,Bond,Bond
2026-08-10,FLCB,21.049999237060547,21.059999465942383,21.020000457763672,21.030000686645508,324736.0,251,6829198.302978516,8597949.434249114,9896095.347137207,-0.001217749080098,-0.0082155344329596,-0.00826861299162,0.0,0.0,0.0,-0.0,-0.0,-0.0,-0.0,-0.0,21.13776836395264,21.160827496846515,0.0001912770399146,21.195084363774946,21.48912048339844,0.978634779533782,0.0646215995710562,0.0030728291707613,20.946080856703094,20.946080856703094,20.946080856703094,-0.003990481559789,Franklin U.S. Core Bond ETF,P,True,False,False,False,False,False,False,False,False,,False,,,3058559488.0,Bond,unknown,499.0,True,,False,True,452.0,True,True,False,407.0,,0,0,False,Bond,Bond,Bond,Bond,Bond
2026-08-10,SGOL,41.27999877929688,41.845001220703125,41.10969924926758,41.79999923706055,1980940.0,251,82803290.48866272,83846441.00268555,100140106.8682268,0.0971128848063505,-0.070904697097023,-0.1140313911258078,0.4074891598295485,0.0,0.0,0.0395724478383634,-0.0,-0.0,-0.0,,39.65240005493164,43.66020006815592,-0.017483523713079,41.845001220703125,51.02000045776367,0.8192865319878663,0.7272655487060546,0.0173986976550288,38.04999923706055,37.7400016784668,37.7400016784668,-0.0971291299688371,abrdn Physical Gold Shares ETF,P,True,False,False,False,False,False,False,False,False,,False,,,6743476736.0,Commodity,unknown,319.0,True,,False,True,192.0,True,True,False,408.0,,0,0,False,Commodity,Commodity,Commodity,Commodity,Commodity
2026-08-10,SCHP,25.93000030517578,25.940000534057617,25.899999618530277,25.90999984741211,4506459.0,251,116762352.00236893,115984168.33527736,112262733.12078863,-0.0020511712157521,-0.0116577268691288,-3.2978155652507724e-05,0.0,0.0,0.0,-0.0,-0.0,-0.0,-0.0,,26.00946884155273,25.992763455708825,-0.0009640011240643,26.06242787577172,26.244893410813876,0.9872396676122992,0.0680817221880705,0.0026276234113861,25.81449782008404,25.81449782008404,25.81449782008404,-0.0036859138514279,Schwab U.S. TIPS ETF,P,True,False,False,False,False,False,False,False,False,,False,,,16518061056.0,Other,unknown,159.0,True,,False,True,175.0,True,True,False,409.0,,0,0,False,Other,Other,Other,Other,Other
2026-08-10,JMUB,49.88999938964844,49.900001525878906,49.810001373291016,49.81499862670898,754914.0,251,37606039.873283386,55640978.85588493,50828147.795155965,-0.0075935751336917,-0.0024121716580678,-0.0019570005569266,0.0,0.0,0.0,-0.0,-0.0,-0.0,-0.0,-0.0,50.03759376525879,49.86484911600749,0.0004983188403633,50.24302490166643,50.4274677003235,0.9878544550907404,0.1280126753229254,0.0025697616953117,49.53018154355907,49.46039055968433,49.46039055968433,-0.0071184999859565,JPMorgan Municipal ETF,P,True,False,False,False,False,False,False,False,False,,False,,,8048841216.0,Bond,unknown,283.0,True,,False,True,283.0,True,True,False,410.0,,0,0,False,Bond,Bond,Bond,Bond,Bond
2026-08-10,JMTG,50.08000183105469,50.07500076293945,49.959999084472656,49.959999084472656,237022.0,251,11841618.902999878,25611724.407922365,37239511.652332366,-0.0005061302662694,-0.0076848707469385,-0.0028468631855768,0.0,0.0,0.0,-0.0,-0.0,-0.0,-0.0,-0.0,50.08358528137207,50.121965942382815,0.0007029419302566,50.25430370717704,50.92462921142578,0.9810576897291048,0.1465777374716925,0.0029339019246949,49.69138463437179,49.69138463437179,49.69138463437179,-0.0053765903727637,JPMorgan Mortgage-Backed Securities ETF,P,True,False,False,False,False,False,False,False,False,,False,,,6718420992.0,Bond,unknown,321.0,True,,False,True,320.0,True,True,False,411.0,,0,0,False,Bond,Bond,Bond,Bond,Bond
2026-08-10,JMBS,44.380001068115234,44.400001525878906,44.25,44.25,388326.0,251,17183425.5,28728860.321115877,29294939.256060887,-0.0031012487325925,-0.0124728607946803,-0.0098284995501072,0.0,0.0,0.0,-0.0,-0.0,-0.0,-0.0,-0.0,44.5578588104248,44.60954096476237,-6.954481945753432e-05,44.71623071253112,45.33402101516823,0.9760881344541326,0.1649616088033749,0.0037279459616581,44.04999923706055,44.04999923706055,44.04999923706055,-0.0045197912528689,Janus Henderson Mortgage-Backed Securities ETF,P,True,False,False,False,False,False,False,False,False,,False,,,6783227392.0,Bond,unknown,317.0,True,,False,True,355.0,True,True,False,412.0,,0,0,False,Bond,Bond,Bond,Bond,Bond
2026-08-10,MCHI,56.53499984741211,56.95500183105469,56.435001373291016,56.93000030517578,1592601.0,251,90666775.41602324,137421990.5016056,167257711.72141775,0.0837616909980405,-0.0173643200562565,-0.0707424293180938,0.5080831022197476,0.0,0.0,0.0425578998094563,-0.0,-0.0,-0.0,,53.77128761291504,56.95395195007324,-0.0001701363834107,56.95500183105469,61.83021358895055,0.9207472690236596,0.7519996643066407,0.0132091983185581,53.93999862670898,52.619998931884766,52.619998931884766,-0.0757070323236792,iShares MSCI China ETF,Q,True,False,False,False,False,False,False,False,False,,False,,,5885857792.0,Country / Region,unknown,350.0,True,,False,True,130.0,True,True,False,413.0,,0,0,False,Country / Region,Country / Region,Country / Region,Country / Region,Country / Region
2026-08-10,MBB,93.19000244140624,93.19000244140624,92.88999938964844,92.91999816894533,1958660.0,251,181998683.61358643,193080079.87781525,204863537.66589692,2.414007946183183e-05,-0.0103685649267145,-0.0064684891402735,0.0004569105387814,0.0,0.0,1.102985671313254e-08,-0.0,-0.0,-0.0,-0.0,93.41098052978516,93.48497721354168,0.0001698829920169,93.72478108995122,94.93474537931267,0.9787775571281364,0.362624596693324,0.0039025463176829,92.41959349761773,92.41959349761773,92.41959349761773,-0.0053853280368966,iShares MBS ETF,Q,True,False,False,False,False,False,False,False,False,,False,,,39630225408.0,Bond,unknown,79.0,True,,False,True,117.0,True,True,False,414.0,,0,0,False,Bond,Bond,Bond,Bond,Bond
2026-08-10,LQD,106.2699966430664,106.31999969482422,105.93000030517578,105.95999908447266,24798325.0,251,2627630494.2964554,3174573650.7217884,3015762736.908071,-0.0050605239089337,-0.0183371019943073,-0.0192490290568996,0.0,0.0,0.0,-0.0,-0.0,-0.0,-0.0,,107.28572555541992,107.52852483113608,-0.0014512115960384,107.32536353268227,109.3784333614516,0.9687467248165604,0.4356496043041531,0.0041114534547782,105.54307746438418,105.54307746438418,105.54307746438418,-0.003934707660351,iShares iBoxx $ Investment Grade Corporate Bond ETF,P,True,False,False,False,False,False,False,False,False,,False,,,33113137152.0,Bond,unknown,91.0,True,,False,True,10.0,True,True,False,415.0,,0,0,False,Bond,Bond,Bond,Bond,Bond
2026-08-10,KWEB,28.690000534057617,29.13999938964844,28.649999618530277,29.1200008392334,18090189.0,251,526786318.8618908,536491923.3044494,652651713.7208867,0.110179235510222,-0.0145515536016617,-0.1512678614492224,0.3758128863837888,0.0,0.0,0.0414067765166557,-0.0,-0.0,-0.0,-0.0,26.53799987792969,29.584266700744628,0.005044534360034,29.13999938964844,34.540000915527344,0.843080488343085,0.5667501449584961,0.0194625730983809,26.95499992370605,26.1200008392334,26.1200008392334,-0.1030219750529024,KraneShares CSI China Internet ETF,P,True,False,False,False,False,False,False,False,False,,False,,,4907469312.0,Country / Region,unknown,378.0,True,,False,True,48.0,True,True,False,416.0,,0,0,False,Country / Region,Country / Region,Country / Region,Country / Region,Country / Region
2026-08-10,TFI,45.060001373291016,45.0536003112793,45.01499938964844,45.02999877929688,497228.0,251,22390176.233032227,27412618.401514437,22184290.552353147,-0.0082170069526968,-0.001694971730456,-0.0050805659817425,0.0,0.0,0.0,-0.0,-0.0,-0.0,-0.0,-0.0,45.23122161865234,45.113007939656576,0.0002357676415858,45.47286404235338,45.68238067626953,0.9857191790945444,0.1202135737957835,0.0026696330680571,44.715146683515925,44.63539189290243,44.63539189290243,-0.008763200024244,State Street SPDR Nuveen ICE Municipal Bond ETF,P,True,False,False,False,False,False,False,False,False,,False,,,3122414592.0,Bond,unknown,493.0,True,,False,True,393.0,True,True,False,417.0,,0,0,False,Bond,Bond,Bond,Bond,Bond
2026-08-10,BIV,75.5199966430664,75.57939910888672,75.39179992675781,75.4000015258789,1315613.0,251,99197222.20746613,127759862.98651773,120372314.20269644,-0.0004416823536217,-0.0100162088484224,-0.0108488230969144,0.0,0.0,0.0,-0.0,-0.0,-0.0,-0.0,,75.75485275268555,75.97803833007812,0.0001182675646429,76.03104916359538,77.41129367722405,0.9740181043901492,0.2425816971843254,0.0032172638232781,75.10456419984733,75.06471814870436,75.06471814870436,-0.004446729050257,Vanguard Intermediate-Term Bond ETF,P,True,False,False,False,False,False,False,False,False,,False,,,52510502912.0,Bond,unknown,54.0,True,,False,True,166.0,True,True,False,418.0,,0,0,False,Bond,Bond,Bond,Bond,Bond
2026-08-10,JCPB,46.18999862670898,46.18999862670898,46.11000061035156,46.11000061035156,2262699.0,251,104333052.27104189,78398654.16542816,101241140.14535572,-0.0008307494682789,-0.006883929550023,-0.0051768832218236,0.0,0.0,0.0,-0.0,-0.0,-0.0,-0.0,-0.0,46.32677055358887,46.32141644795736,0.0003758158349489,46.46203493789599,47.03342990640388,0.9803665329556034,0.1373556931014931,0.0029788699042146,45.91431166409515,45.91431166409515,45.91431166409515,-0.0042439588736955,JPMorgan Core Plus Bond ETF,P,True,False,False,False,False,False,False,False,False,,False,,,13578677248.0,Bond,unknown,190.0,True,,False,True,189.0,True,True,False,419.0,,0,0,False,Bond,Bond,Bond,Bond,Bond
2026-08-10,JBND,52.650001525878906,52.68000030517578,52.59000015258789,52.59000015258789,500265.0,251,26308936.42633438,42339736.22719669,53562901.67200876,-0.0010892542133698,-0.0081820119048492,-0.0073344540119271,0.0,0.0,0.0,-0.0,-0.0,-0.0,-0.0,-0.0,52.842919921875,52.9054194132487,0.0003485665665194,52.99600422721531,53.80536486104631,0.9774118303705008,0.1561356861269285,0.0029689234773513,52.38834559079653,52.38834559079653,52.38834559079653,-0.0038344658909729,JPMorgan Active Bond ETF,N,True,False,False,False,False,False,False,False,False,,False,,,8293582336.0,Bond,unknown,276.0,True,,False,True,279.0,True,True,False,420.0,,0,0,False,Bond,Bond,Bond,Bond,Bond
2026-08-10,SMBS,24.979999542236328,25.019899368286133,24.959999084472656,24.96500015258789,635408.0,251,15862960.816955566,12399729.814367294,17954613.608445063,5.119122750452121e-05,-0.0098429801306668,-0.005131585378117,0.001219849685388,0.0,0.0,6.244560276601684e-08,-0.0,-0.0,-0.0,-0.0,25.07859691619873,25.08858493804932,0.0004587708528318,25.152841568164774,25.457309606790165,0.9806613714565124,0.0827611632032716,0.0033150876305799,24.864185775070368,24.8442781899233,24.8442781899233,-0.0048356483848078,Schwab Mortgage-Backed Securities ETF,P,True,False,False,False,False,False,False,False,False,,False,,,6495026176.0,Bond,unknown,329.0,True,,False,True,411.0,True,True,False,421.0,,0,0,False,Bond,Bond,Bond,Bond,Bond
2026-08-10,XME,115.77999877929688,117.83000183105467,115.66000366210938,117.54000091552734,2141925.0,251,251761866.4609909,228203322.70365715,248021084.8123308,0.1513371058071284,-0.0275286069212085,-0.0392383579187206,0.3156282560327931,0.0,0.0,0.0477662667789542,-0.0,-0.0,-0.0,,109.95447875976562,114.65347498575846,-0.0193858397483355,117.83000183105467,132.8491221892372,0.8847630980060016,3.740999221801758,0.0318274561227059,96.37000274658205,96.37000274658205,96.37000274658205,-0.1801088821171576,State Street SPDR S&P Metals & Mining ETF,P,True,False,False,False,False,False,False,False,False,,False,,,4383336448.0,Other,unknown,403.0,True,,False,True,101.0,True,True,False,422.0,,0,0,False,Other,Other,Other,Other,Other
2026-08-10,SPIB,33.11000061035156,33.13999938964844,33.064998626708984,33.06999969482422,4414404.0,251,145984338.9328308,183157257.09545287,224511751.3963189,0.0020301592618561,-0.0024646393467089,-0.0015662177011508,0.0694536711904084,0.0,0.0,0.0001410020138371,-0.0,-0.0,-0.0,-0.0,33.11164817810059,33.07446881612142,0.0006075449140343,33.20223504891315,33.38591499308494,0.9905374677217575,0.0778948020167579,0.0023554521540848,32.963150778653024,32.90338172338011,32.90338172338011,-0.0050383420919773,State Street SPDR Portfolio Intermediate Term Corporate Bond ETF,P,True,False,False,False,False,False,False,False,False,,False,,,11570174976.0,Bond,unknown,211.0,True,,False,True,108.0,True,True,False,423.0,,0,0,False,Bond,Bond,Bond,Bond,Bond
2026-08-10,SPAB,25.1200008392334,25.200000762939453,25.06999969482422,25.06999969482422,2250286.0,251,56414669.33326721,76533405.40524483,65339118.33734664,-0.0012237837295654,-0.0092873983096704,-0.0090291819904912,0.0,0.0,0.0,-0.0,-0.0,-0.0,-0.0,-0.0,25.20930541992188,25.243017463684083,4.088709224925324e-05,25.28007984314737,25.64135377681004,0.9777174759585996,0.0957234906171724,0.0038182485752855,24.971177893269264,24.971177893269264,24.971177893269264,-0.0039418349723936,State Street SPDR Portfolio Aggregate Bond ETF,P,True,False,False,False,False,False,False,False,False,,False,,,9625304064.0,Bond,unknown,253.0,True,,False,True,253.0,True,True,False,424.0,,0,0,False,Bond,Bond,Bond,Bond,Bond
2026-08-10,PGX,10.699999809265137,10.704999923706056,10.649999618530272,10.649999618530272,3373019.0,251,35922651.063295364,28182813.097951222,29324952.07070617,-0.0109741652958407,-0.0341312431683283,-0.0323552126696934,0.0,0.0,0.0,-0.0,-0.0,-0.0,-0.0,,10.78733633041382,10.906064116160074,-0.0029482926318209,10.829999923706056,11.209920189258613,0.9500513329912146,0.0450600926842305,0.0042309947697865,10.649999618530272,10.649999618530272,10.649999618530272,0.0,Invesco Preferred ETF,P,True,False,False,False,False,False,False,False,False,,False,,,3857212160.0,Other,unknown,439.0,True,,False,True,354.0,True,True,False,425.0,,0,0,False,Other,Other,Other,Other,Other
2026-08-10,PFF,30.549999237060547,30.690000534057617,30.549999237060547,30.56999969482422,2214527.0,251,67698089.71418,83165588.44525032,91165195.56386033,0.0119647788550891,-0.0229395311897337,-0.005137474589159,0.1352015844794077,0.0,0.0,0.0016176570591537,-0.0,-0.0,-0.0,,30.494805297851563,30.57551138559977,-0.0024759864908656,30.780000686645508,31.356771573399424,0.9749090279675782,0.2103033635886166,0.0068794035226707,29.95972442626953,29.95972442626953,29.95972442626953,-0.019963208199116,iShares Preferred and Income Securities ETF,Q,True,False,False,False,False,False,False,False,False,,False,,,13096669184.0,Other,unknown,196.0,True,,False,True,209.0,True,True,False,426.0,,0,0,False,Other,Other,Other,Other,Other
2026-08-10,MUNI,51.900001525878906,51.88999938964844,51.82500076293945,51.86000061035156,417591.0,251,21656269.51487732,17504602.372228242,16890531.429448687,-0.0047692756393588,-0.0021166906752057,-0.0034297359359164,0.0,0.0,0.0,-0.0,-0.0,-0.0,-0.0,-0.0,52.00768814086914,51.90087921142578,0.0002246442290563,52.18828816857896,52.490899909596486,0.987980787139647,0.1224799998092798,0.0023617431231736,51.50028985359814,51.41055219340412,51.41055219340412,-0.0086665717635516,PIMCO Intermediate Municipal Bond Active Exchange-Traded Fund,P,True,False,False,False,False,False,False,False,False,,False,,,3086858752.0,Bond,unknown,497.0,True,,False,True,417.0,True,True,False,427.0,,0,0,False,Bond,Bond,Bond,Bond,Bond
2026-08-10,MUB,105.94000244140624,105.9477996826172,105.78500366210938,105.8499984741211,4184944.0,251,442976316.0142822,471983305.9098145,400446134.5093529,-0.0071342782490174,-0.0027859375704166,-0.0011711821517254,0.0,0.0,0.0,-0.0,-0.0,-0.0,-0.0,-0.0,106.32396270751951,105.9862978108724,0.0003224280910971,106.80007416905812,107.29872058281757,0.9864982350131728,0.3117795077248111,0.0029454842911597,105.21437591277936,104.81545851167044,104.81545851167044,-0.0097736417323009,iShares National Muni Bond ETF,P,True,False,False,False,False,False,False,False,False,,False,,,45820870656.0,Bond,unknown,67.0,True,,False,True,71.0,True,True,False,428.0,,0,0,False,Bond,Bond,Bond,Bond,Bond
2026-08-10,SPTI,28.07999992370605,28.07999992370605,28.040000915527344,28.040000915527344,2976798.0,251,83469418.64533997,55799012.30781822,66801991.17769296,0.0008602706897959,-0.0071090037790685,-0.008277466299157,0.0231350607121409,0.0,0.0,1.9902414637305715e-05,-0.0,-0.0,-0.0,-0.0,28.10034191131592,28.19436358133952,0.0004078710152108,28.21523036224089,28.68608542663704,0.9774774249779734,0.0795124724654918,0.0028356800951979,27.946134952474893,27.90626736235199,27.90626736235199,-0.0047693847649376,State Street SPDR Portfolio Intermediate Term Treasury ETF,P,True,False,False,False,False,False,False,False,False,,False,,,10175785984.0,Bond,unknown,244.0,True,,False,True,250.0,True,True,False,429.0,,0,0,False,Bond,Bond,Bond,Bond,Bond
2026-08-10,SPTL,25.15999984741211,25.15999984741211,25.049999237060547,25.049999237060547,3986437.0,251,99860243.80858994,133474379.13868122,140775472.00123978,-0.0163053870655988,-0.0313607090750077,-0.0362648850297975,0.0,0.0,0.0,-0.0,-0.0,-0.0,-0.0,,25.63995777130127,25.844916966756184,-0.0014460664176958,25.724256572010795,26.913230378099986,0.930768952115254,0.1637127426826813,0.0065354390286956,24.907296239762548,24.907296239762548,24.907296239762548,-0.0056967266125451,State Street SPDR Portfolio Long Term Treasury ETF,P,True,False,False,False,False,False,False,False,False,,False,,,10471982080.0,Bond,unknown,238.0,True,,False,True,149.0,True,True,False,430.0,,0,0,False,Bond,Bond,Bond,Bond,Bond
2026-08-10,SPMB,21.989999771118164,21.98500061035156,21.93000030517578,21.940000534057617,855724.0,251,18774585.01700592,21655998.400830843,26424030.31191738,-0.0003495293824115,-0.0101866742344053,-0.007150096351387,0.0,0.0,0.0,-0.0,-0.0,-0.0,-0.0,-0.0,22.051651420593263,22.073644104003908,0.0002635579256491,22.127080287397163,22.44144585408665,0.9776553915781804,0.0854080158448473,0.0038927991689092,21.808130048013517,21.808130048013517,21.808130048013517,-0.0060105051428508,State Street SPDR Portfolio Mortgage Backed Bond ETF,P,True,False,False,False,False,False,False,False,False,,False,,,7072976896.0,Bond,unknown,309.0,True,,False,True,373.0,True,True,False,431.0,,0,0,False,Bond,Bond,Bond,Bond,Bond
2026-08-10,NLR,118.0500030517578,118.46990203857422,116.63500213623048,116.98999786376952,426679.0,251,49917175.29851532,45947293.56286125,57530189.9530716,0.0685969517405966,-0.1695769888630772,-0.1805701872747239,0.1586729726418683,0.0,0.0,0.0108844822468512,-0.0,-0.0,-0.0,,116.53680038452148,133.0593330891927,-0.0322133812690426,118.46990203857422,154.25999450683594,0.7583949308294912,3.907244873046875,0.0333981104743391,102.12999725341795,101.91999816894533,101.91999816894533,-0.1288144283272204,VanEck Uranium and Nuclear ETF,P,True,False,False,False,False,False,False,False,False,,False,,,4214125568.0,Commodity,unknown,410.0,True,,False,True,268.0,True,True,False,432.0,,0,0,False,Commodity,Commodity,Commodity,Commodity,Commodity
2026-08-10,CGCB,25.82999992370605,25.84550094604492,25.799999237060547,25.809999465942383,756703.0,251,19530504.025877,26578497.70641508,29158990.922949623,-0.0012721868816475,-0.0086156446198065,-0.0090371649702042,0.0,0.0,0.0,-0.0,-0.0,-0.0,-0.0,-0.0,25.938791313171382,25.978053181966143,0.000328588675295,26.01715394256204,26.41392728623588,0.9771360080707044,0.0824328616737059,0.0031938343037348,25.700000762939453,25.700000762939453,25.700000762939453,-0.0042618638232859,Capital Group Core Bond ETF,P,True,False,False,False,False,False,False,False,False,,False,,,5556136960.0,Bond,unknown,361.0,True,,False,True,356.0,True,True,False,433.0,,0,0,False,Bond,Bond,Bond,Bond,Bond
2026-08-10,IBIT,36.74779891967773,36.75,36.08000183105469,36.22999954223633,39845330.0,251,1443596287.6602554,1328666988.826353,1629334452.3271718,0.0286768394811838,-0.2028603094814739,-0.0869455830747421,0.1023300557362844,0.0,0.0,0.00293450258245,-0.0,-0.0,-0.0,,36.15320007324219,40.84669993082682,-0.0386525841878755,37.93000030517578,46.560001373291016,0.7781357060487447,0.8367496490478515,0.0230954915710772,35.290000915527344,35.290000915527344,35.290000915527344,-0.0259453115811704,iShares Bitcoin Trust ETF,Q,True,False,False,False,False,False,False,False,False,,False,,,43234205696.0,Crypto,unknown,71.0,True,,False,True,24.0,True,True,False,434.0,,0,0,False,Crypto,Crypto,Crypto,Crypto,Crypto
2026-08-10,IBDV,21.61000061035156,21.6200008392334,21.56999969482422,21.575000762939453,335210.0,251,7232156.005744934,12197859.189208984,14491321.514588008,0.0026472193914204,-0.0018390705197639,-0.0015162387251977,0.0910543277102115,0.0,0.0,0.0002410407819872,-0.0,-0.0,-0.0,-0.0,21.579682807922364,21.56763787587484,0.0007156330614814,21.67743141611536,21.976292189070488,0.9817398029349732,0.0540532960120657,0.002505367049855,21.498112831090303,21.463246994322592,21.463246994322592,-0.0051797805174972,iShares iBonds Dec 2030 Term Corporate ETF,P,True,False,False,False,False,False,False,False,False,,False,,,3198090240.0,Bond,unknown,482.0,True,,False,True,428.0,True,True,False,435.0,,0,0,False,Bond,Bond,Bond,Bond,Bond
2026-08-10,SCHR,24.38999938964844,24.399999618530277,24.36000061035156,24.3700008392334,1815756.0,251,44249975.24384308,64092967.5821537,72547752.19609228,0.0007847649543193,-0.0068782213364694,-0.0079005193635636,0.0217940323636703,0.0,0.0,1.710319281230998e-05,-0.0,-0.0,-0.0,,24.415642433166504,24.49817170461019,0.000389470183584,24.510306200716595,24.92689244891112,0.9776590037920252,0.0677744539180999,0.0027810607954099,24.281145976732034,24.251255257126456,24.251255257126456,-0.0048726129674879,Schwab Intermediate-Term U.S. Treasury ETF,P,True,False,False,False,False,False,False,False,False,,False,,,13378999296.0,Bond,unknown,192.0,True,,False,True,236.0,True,True,False,436.0,,0,0,False,Bond,Bond,Bond,Bond,Bond
2026-08-10,CGCP,22.020000457763672,22.020099639892575,21.97010040283203,21.979999542236328,1208598.0,251,26564983.48674774,29535220.49545288,33187756.09477815,-0.0005823652180096,-0.0076826375525711,-0.0081402585737294,0.0,0.0,0.0,-0.0,-0.0,-0.0,-0.0,-0.0,22.07307819366455,22.082253125508625,0.0001089099947335,22.127151479264185,22.37026170279414,0.9825544213231504,0.0674386511805703,0.0030681825561907,21.8700008392334,21.85846056846511,21.85846056846511,-0.0055295257644419,Capital Group Core Plus Income ETF,P,True,False,False,False,False,False,False,False,False,,False,,,8320875520.0,Bond,unknown,274.0,True,,False,True,338.0,True,True,False,437.0,,0,0,False,Bond,Bond,Bond,Bond,Bond
2026-08-10,VCIT,81.20999908447266,81.2699966430664,81.05000305175781,81.06999969482422,8093819.0,251,656165903.8599625,651637165.6499989,711946245.2869757,-0.0004586636876729,-0.0097862981202911,-0.0098479345102338,0.0,0.0,0.0,-0.0,-0.0,-0.0,-0.0,-0.0,81.5140266418457,81.59649571736654,-4.751273570802184e-05,81.73455636132036,82.82325842692049,0.9788313238890104,0.2658590693718899,0.0032793767160808,80.76863667562714,80.6989298414024,80.6989298414024,-0.0045771537537764,Vanguard Intermediate-Term Corporate Bond ETF,Q,True,False,False,False,False,False,False,False,False,,False,,,69441978368.0,Bond,unknown,45.0,True,,False,True,43.0,True,True,False,438.0,,0,0,False,Bond,Bond,Bond,Bond,Bond
2026-08-10,IGIB,52.27000045776367,52.275001525878906,52.150001525878906,52.15999984741211,1871525.0,251,97618743.71442796,110886149.4299078,136128664.919007,-0.0007557857032559,-0.0094359606371691,-0.0096013417946866,0.0,0.0,0.0,-0.0,-0.0,-0.0,-0.0,-0.0,52.43990730285645,52.47851699829101,6.886010068818393e-06,52.58781310228905,53.26091955358535,0.979329690223136,0.1670306808384566,0.003202275332191,51.96046189319577,51.93059201546114,51.93059201546114,-0.0043981563002698,iShares 5-10 Year Investment Grade Corporate Bond ETF,Q,True,False,False,False,False,False,False,False,False,,False,,,18526003200.0,Bond,unknown,141.0,True,,False,True,152.0,True,True,False,439.0,,0,0,False,Bond,Bond,Bond,Bond,Bond
2026-08-10,BTC,28.690000534057617,28.69499969482422,28.18000030517578,28.280000686645508,1846292.0,251,52213139.02774811,39287068.204200745,53691808.63972255,0.0276162869273293,-0.2027065206262512,-0.0874475348334239,0.0989584329331789,0.0,0.0,0.0027328644777615,-0.0,-0.0,-0.0,,28.219999847412108,31.88013333638509,-0.0386253245861142,29.600000381469727,36.34000015258789,0.7782058494193924,0.6407498359680176,0.022657348670808,27.56999969482422,27.56999969482422,27.56999969482422,-0.0251061164986664,Grayscale Bitcoin Mini Trust (BTC),P,True,False,False,False,False,False,False,False,False,,False,,,3187986688.0,Crypto,unknown,484.0,True,,False,True,278.0,True,True,False,440.0,,0,0,False,Crypto,Crypto,Crypto,Crypto,Crypto
2026-08-10,IEI,116.37999725341795,116.39910125732422,116.25,116.25,731176.0,251,84999210.0,165059891.9760971,152706388.3328659,0.0015413111010484,-0.0058545616542783,-0.0076158387875931,0.0500896097543261,0.0,0.0,7.720367156152976e-05,-0.0,-0.0,-0.0,-0.0,116.40223907470704,116.7679242960612,0.0004221883042769,116.84856705742108,118.5854119124576,0.980306077494746,0.2857962154332171,0.0024584620682427,115.91162133485454,115.69233234371356,115.69233234371356,-0.0047971411293457,iShares 3-7 Year Treasury Bond ETF,Q,True,False,False,False,False,False,False,False,False,,False,,,18260961280.0,Bond,unknown,143.0,True,,False,True,141.0,True,True,False,441.0,,0,0,False,Bond,Bond,Bond,Bond,Bond
2026-08-10,IEF,92.9499969482422,92.9749984741211,92.76000213623048,92.76000213623048,8297330.0,251,769660348.5250092,720155153.8903694,680057068.0472565,-0.0022677897375272,-0.0132754771475668,-0.0153569868151295,0.0,0.0,0.0,-0.0,-0.0,-0.0,-0.0,,93.35732452392578,93.84549621582032,8.078922373977449e-05,93.7780640342498,96.14834182598612,0.9647592498694566,0.3450709836332251,0.0037200407038201,92.41275520617572,92.41275520617572,92.41275520617572,-0.0037434985129124,iShares 7-10 Year Treasury Bond ETF,Q,True,False,False,False,False,False,False,False,False,,False,,,47093366784.0,Bond,unknown,63.0,True,,False,True,45.0,True,True,False,442.0,,0,0,False,Bond,Bond,Bond,Bond,Bond
2026-08-10,GVI,105.3000030517578,105.28990173339844,105.16010284423828,105.16999816894533,80892.0,251,8507411.491882324,12692583.332582092,13806878.927305192,0.00223832155402,-0.0027872361958598,-0.0025411072101511,0.0801839861229039,0.0,0.0,0.0001794775444261,-0.0,-0.0,-0.0,-0.0,105.21306076049804,105.27018035888672,0.0006155128405751,105.51332404775005,106.3805731452,0.9886203379013352,0.2127851326728027,0.0020232493712796,104.88527230076306,104.6759213611862,104.6759213611862,-0.0046978873857678,iShares Intermediate Government/Credit Bond ETF,Z,True,False,False,False,False,False,False,False,False,,False,,,3754905600.0,Bond,unknown,443.0,True,,False,True,434.0,True,True,False,443.0,,0,0,False,Bond,Bond,Bond,Bond,Bond
2026-08-10,CGMU,27.15999984741211,27.165000915527344,27.1200008392334,27.1299991607666,1091607.0,251,29615296.993886948,31842222.249186613,30518918.19203183,-0.0059051219190706,-0.0011791534489992,-0.0036872989495029,0.0,0.0,0.0,-0.0,-0.0,-0.0,-0.0,-0.0,27.21861576080322,27.14583272298177,0.0003922789557035,27.321060133217063,27.479210821616377,0.987291787121664,0.0631034209081526,0.0023259647202425,26.96999931335449,26.91238982733309,26.91238982733309,-0.008020985630851,Capital Group Municipal Income ETF,P,True,False,False,False,False,False,False,False,False,,False,,,6310218752.0,Bond,unknown,337.0,True,,False,True,346.0,True,True,False,444.0,,0,0,False,Bond,Bond,Bond,Bond,Bond
2026-08-10,VCLT,72.06999969482422,72.15989685058594,71.70999908447266,71.7300033569336,3606679.0,251,258707096.7773819,253795585.49556923,337659445.1491226,-0.0127319610687425,-0.0315239542867691,-0.0333627690144167,0.0,0.0,0.0,-0.0,-0.0,-0.0,-0.0,,73.47837951660156,73.70024831136068,-0.0030636439667947,73.35163627252149,75.44134934972794,0.9508048832002004,0.4280974306848307,0.0059681780377813,71.39121483097539,71.39121483097539,71.39121483097539,-0.0047231076272556,Vanguard Long-Term Corporate Bond ETF,Q,True,False,False,False,False,False,False,False,False,,False,,,10055394304.0,Bond,unknown,246.0,True,,False,True,78.0,True,True,False,445.0,,0,0,False,Bond,Bond,Bond,Bond,Bond
2026-08-10,IAUM,43.20000076293945,43.790000915527344,43.02000045776367,43.7400016784668,1850815.0,251,80954651.20653152,86884622.36827564,97023099.9114618,0.096790383825684,-0.0707456562130292,-0.1138573513450517,0.4063158537212171,0.0,0.0,0.0393274674361371,-0.0,-0.0,-0.0,,41.497999877929686,45.68393333435058,-0.0174267104057592,43.790000915527344,53.380001068115234,0.8194080330319332,0.7626993179321289,0.0174371122236971,39.81100082397461,39.4900016784668,39.4900016784668,-0.0971650625722831,iShares Gold Trust Micro Shares,P,True,False,False,False,False,False,False,False,False,,False,,,6306659840.0,Commodity,unknown,338.0,True,,False,True,198.0,True,True,False,446.0,,0,0,False,Commodity,Commodity,Commodity,Commodity,Commodity
2026-08-10,IAU,81.5,82.63999938964844,81.15010070800781,82.51000213623047,3539578.0,251,292050588.3413544,421957915.2469933,482408434.972827,0.0964784337040594,-0.071565212262764,-0.1150793218937689,0.4028855350246981,0.0,0.0,0.0388697653812048,-0.0,-0.0,-0.0,,78.3152001953125,86.24460001627604,-0.0175699149061582,82.63999938964844,100.80999755859376,0.8184704308545709,1.4434947967529297,0.0174947855942314,75.12999725341797,74.55000305175781,74.55000305175781,-0.0964731411754186,iShares Gold Trust Shares,P,True,False,False,False,False,False,False,False,False,,False,,,60138172416.0,Commodity,unknown,48.0,True,,False,True,68.0,True,True,False,447.0,,0,0,False,Commodity,Commodity,Commodity,Commodity,Commodity
2026-08-10,SLV,57.79999923706055,59.71500015258789,57.52000045776367,59.40999984741211,21066161.0,251,1251540621.795559,812017936.1635923,1207939909.2200007,0.1389953991796206,-0.1862758785219853,-0.1535831631149059,0.3339476210758329,0.0,0.0,0.0464171828965201,-0.0,-0.0,-0.0,,56.4623999786377,67.85800008138021,-0.0501485480975422,59.71500015258789,85.2699966430664,0.6967280659819627,1.8207500457763672,0.0306471982907382,51.119998931884766,49.61000061035156,49.61000061035156,-0.1649553822964272,iShares Silver Trust,P,True,False,False,False,False,False,False,False,False,,False,,,28194189312.0,Commodity,unknown,99.0,True,,False,True,29.0,True,True,False,448.0,,0,0,False,Commodity,Commodity,Commodity,Commodity,Commodity
2026-08-10,VCRB,76.01000213623047,76.0239028930664,75.83999633789062,75.8499984741211,494714.0,251,37524056.14512634,38218975.408116914,40450730.45304968,-0.0014031045282237,-0.0076821751796651,-0.0072220922947505,0.0,0.0,0.0,-0.0,-0.0,-0.0,-0.0,-0.0,76.22783157348633,76.25757354736328,8.77136960579783e-05,76.3948137338757,77.37274246062307,0.9803193742644324,0.2070542740779437,0.0027297861337279,75.53325577250534,75.53325577250534,75.53325577250534,-0.0041759091362911,Vanguard Core Bond ETF,Q,True,False,False,False,False,False,False,False,False,,False,,,7294146560.0,Bond,unknown,301.0,True,,False,True,308.0,True,True,False,449.0,,0,0,False,Bond,Bond,Bond,Bond,Bond
2026-08-10,BLV,66.0999984741211,66.125,65.81500244140625,65.81999969482422,868845.0,251,57187377.63484955,51442577.31344414,46149521.42008887,-0.0144398409835359,-0.0310204760121055,-0.033698296755226,0.0,0.0,0.0,-0.0,-0.0,-0.0,-0.0,,67.35876220703125,67.72740534464518,-0.0020775162711587,67.42162719080025,69.94103296151371,0.9410784614954548,0.3961142242712,0.0060181438181068,65.44011029803328,65.44011029803328,65.44011029803328,-0.0057716408166561,Vanguard Long-Term Bond ETF,P,True,False,False,False,False,False,False,False,False,,False,,,8673027072.0,Bond,unknown,269.0,True,,False,True,292.0,True,True,False,450.0,,0,0,False,Bond,Bond,Bond,Bond,Bond
2026-08-10,TOTL,38.77000045776367,38.76689910888672,38.720001220703125,38.72499847412109,228240.0,251,8838593.651733398,24806487.156532288,20151108.13825335,-0.0026771391766554,-0.0100859516036976,-0.0145421042275224,0.0,0.0,0.0,-0.0,-0.0,-0.0,-0.0,,38.91007301330566,39.06708422342936,-0.0003710666057766,39.06689995730424,39.769490732115045,0.973736343142295,0.1136370065032934,0.0029344612261052,38.52528660451676,38.52528660451676,38.52528660451676,-0.0051571821168127,State Street DoubleLine Total Return Tactical ETF,P,True,False,False,False,False,False,False,False,False,,False,,,4176964608.0,Other,unknown,413.0,True,,False,True,401.0,True,True,False,451.0,,0,0,False,Other,Other,Other,Other,Other
2026-08-10,BND,72.33499908447266,72.33499908447266,72.13999938964844,72.1500015258789,5894137.0,251,425261993.5437393,507195172.4198017,591438654.5241541,-0.0013434616387423,-0.0089852983278749,-0.0084567225733449,0.0,0.0,0.0,-0.0,-0.0,-0.0,-0.0,-0.0,72.54294235229492,72.62685078938802,4.941165246696855e-05,72.74531539891596,73.74561166920721,0.9783633207832684,0.2130923002703312,0.0029534621727471,71.87834725731237,71.87834725731237,71.87834725731237,-0.0037651318478364,Vanguard Total Bond Market ETF,Q,True,False,False,False,False,False,False,False,False,,False,,,397862928384.0,Bond,unknown,7.0,True,,False,True,53.0,True,True,False,452.0,,0,0,False,Bond,Bond,Bond,Bond,Bond
2026-08-10,UCON,24.670000076293945,24.699899673461918,24.6200008392334,24.6200008392334,497881.0,251,12257830.637838364,12257790.244679546,12370435.640784703,-0.0006088650095018,-0.0030177549435616,-0.0010133066440968,0.0,0.0,0.0,-0.0,-0.0,-0.0,-0.0,-0.0,24.686823463439943,24.62106283823649,0.0005125964909475,24.77446314959561,25.00759087739773,0.9845011044820536,0.1083373685344213,0.0044003803753645,24.530000686645508,23.71999931335449,23.71999931335449,-0.0365557065475279,First Trust Smith Unconstrained Bond ETF,P,True,False,False,False,False,False,False,False,False,,False,,,3285839104.0,Bond,unknown,475.0,True,,False,True,439.0,True,True,False,453.0,,0,0,False,Bond,Bond,Bond,Bond,Bond
2026-08-10,IUSB,45.45000076293945,45.4900016784668,45.375,45.380001068115234,3195233.0,251,144999676.95287704,154558757.12862682,264302507.05151847,-0.0008911784669916,-0.0077505109677057,-0.0070009380661013,0.0,0.0,0.0,-0.0,-0.0,-0.0,-0.0,-0.0,45.59557388305664,45.60744557698568,0.0002501703678079,45.70940121446546,46.24830071595312,0.9812252637524826,0.1323598883863894,0.0029167008653815,45.20129768791743,45.20129768791743,45.20129768791743,-0.0039379324810849,iShares Core Universal USD Bond ETF,Q,True,False,False,False,False,False,False,False,False,,False,,,42765500416.0,Bond,unknown,73.0,True,,False,True,96.0,True,True,False,454.0,,0,0,False,Bond,Bond,Bond,Bond,Bond
2026-08-10,TLT,82.4000015258789,82.44499969482422,82.02999877929688,82.05999755859375,34623595.0,251,2841212121.169739,2581658739.4253387,2311645559.3297157,-0.0188095958769409,-0.035546993215237,-0.0411490199424088,0.0,0.0,0.0,-0.0,-0.0,-0.0,-0.0,,84.28203170776368,85.04728815714519,-0.0019398245796842,84.4796846937536,88.82732167029954,0.9238148355207187,0.5753132842345743,0.0070108859535826,81.56144194595663,81.56144194595663,81.56144194595663,-0.0060755011877879,iShares 20+ Year Treasury Bond ETF,Q,True,False,False,False,False,False,False,False,False,,False,,,41099935744.0,Bond,unknown,75.0,True,,False,True,14.0,True,True,False,455.0,,0,0,False,Bond,Bond,Bond,Bond,Bond
2026-08-10,TIP,106.95999908447266,106.99500274658205,106.8499984741211,106.86000061035156,1043812.0,251,111541750.95709229,194928440.7211868,215230503.12496948,-0.0024640779343166,-0.0129388007220601,-0.0014063801147576,0.0,0.0,0.0,-0.0,-0.0,-0.0,-0.0,,107.3500619506836,107.3086164855957,-0.0010524903294132,107.58060850559336,108.34822005233714,0.986264477245065,0.2645607494650484,0.0024757696795242,106.55810456672214,106.55810456672214,106.55810456672214,-0.0028251547997856,iShares TIPS Bond ETF,P,True,False,False,False,False,False,False,False,False,,False,,,14696782848.0,Bond,unknown,172.0,True,,False,True,114.0,True,True,False,456.0,,0,0,False,Bond,Bond,Bond,Bond,Bond
2026-08-10,TLH,96.73999786376952,96.76000213623048,96.38500213623048,96.38999938964844,1159692.0,251,111782711.17218018,108266420.42982484,124218295.11207215,-0.0123504369951978,-0.0273049945159964,-0.0325444564063683,0.0,0.0,0.0,-0.0,-0.0,-0.0,-0.0,,98.25697174072266,98.98409495035808,-0.0010399820653589,98.65118220244348,102.73224458272702,0.9382643178990276,0.5780571361660556,0.005997065461421,95.80240819587264,95.80240819587264,95.80240819587264,-0.0060959767351019,iShares 10-20 Year Treasury Bond ETF,P,True,False,False,False,False,False,False,False,False,,False,,,11252374528.0,Bond,unknown,219.0,True,,False,True,162.0,True,True,False,457.0,,0,0,False,Bond,Bond,Bond,Bond,Bond
2026-08-10,SCHI,22.25,22.25,22.200000762939453,22.209999084472656,1774733.0,251,39416818.30518341,41853441.02629547,58132384.79807984,-0.0003476846690634,-0.0089253805098055,-0.0096900294470961,0.0,0.0,0.0,-0.0,-0.0,-0.0,-0.0,-0.0,22.324916763305666,22.344875043233237,-1.396173455070482e-05,22.434725791391607,22.68084785944173,0.9792402480768344,0.0798478798848737,0.0035951320655702,22.118181417910648,22.09827626913805,22.09827626913805,-0.005030293558756,Schwab 5-10 Year Corporate Bond ETF,P,True,False,False,False,False,False,False,False,False,,False,,,11602564096.0,Bond,unknown,210.0,True,,False,True,267.0,True,True,False,458.0,,0,0,False,Bond,Bond,Bond,Bond,Bond
2026-08-10,BNDX,47.84999847412109,47.86000061035156,47.77000045776367,47.790000915527344,3498218.0,251,167179841.42271423,174939473.79453963,224990114.96420455,0.0004040629245753,-0.0001465318637368,-0.0019029223581387,0.0108670907552413,0.0,0.0,4.390988472189094e-06,-0.0,-0.0,-0.0,-0.0,47.91596504211426,47.80194226582845,0.0009690867371312,48.02000045776367,48.551745054740586,0.9843106743464236,0.1212431161563269,0.0025369975692328,47.6210769269943,47.55124710749425,47.55124710749425,-0.0049958946109901,Vanguard Total International Bond ETF,Q,True,False,False,False,False,False,False,False,False,,False,,,123285929984.0,Bond,unknown,24.0,True,,False,True,107.0,True,True,False,459.0,,0,0,False,Bond,Bond,Bond,Bond,Bond
2026-08-10,USIG,50.29999923706055,50.30500030517578,50.17259979248047,50.178199768066406,1635357.0,251,82059270.23810577,98234994.9213787,97911125.52023377,-0.0022878355458634,-0.0103613303196078,-0.0102219294989578,0.0,0.0,0.0,-0.0,-0.0,-0.0,-0.0,-0.0,50.55675018310547,50.546650365193685,-0.0003575260047663,50.631869064113694,51.22368999799799,0.979589712690116,0.1557455029812523,0.0031038479598937,50.00444812600269,49.99449203954878,49.99449203954878,-0.0036611064041108,iShares Broad USD Investment Grade Corporate Bond ETF,Q,True,False,False,False,False,False,False,False,False,,False,,,17618763776.0,Bond,unknown,147.0,True,,False,True,197.0,True,True,False,460.0,,0,0,False,Bond,Bond,Bond,Bond,Bond
2026-08-10,ILF,34.56999969482422,34.650001525878906,34.40999984741211,34.52000045776367,1209013.0,251,41735129.31344223,82434752.54826412,80964914.53086266,0.0120199308142985,-0.0403405995605119,-0.0299558596792958,0.0668841396365645,0.0,0.0,0.0008039427310053,-0.0,-0.0,-0.0,-0.0,34.16672805786133,34.63652665456136,0.0021990724495244,35.630001068115234,38.01502057204531,0.908062127504102,0.5329999923706055,0.0154403240238292,34.22999954223633,33.68000030517578,33.68000030517578,-0.0243337236804401,iShares Latin America 40 ETF,P,True,False,False,False,False,False,False,False,False,,False,,,3739343872.0,Country / Region,unknown,444.0,True,,False,True,221.0,True,True,False,461.0,,0,0,False,Country / Region,Country / Region,Country / Region,Country / Region,Country / Region
2026-08-10,AGG,97.45999908447266,97.48999786376952,97.23999786376952,97.23999786376952,5212431.0,251,506856779.3050461,823307545.6419643,821811499.7425832,-0.0013435362796323,-0.0095344071334058,-0.0092130283084745,0.0,0.0,0.0,-0.0,-0.0,-0.0,-0.0,-0.0,97.80112930297852,97.92839543660482,2.931362190206066e-05,98.0584259029469,99.44783050595429,0.9777990869086624,0.2892149969815001,0.002974239030596,96.90244408991016,96.90244408991016,96.90244408991016,-0.0034713469896644,iShares Core U.S. Aggregate Bond ETF,P,True,False,False,False,False,False,False,False,False,,False,,,138847469568.0,Bond,unknown,18.0,True,,False,True,40.0,True,True,False,462.0,,0,0,False,Bond,Bond,Bond,Bond,Bond
2026-08-10,BOND,90.6500015258789,90.6500015258789,90.3949966430664,90.41000366210938,422778.0,251,38223360.52825928,50961073.91233826,50427507.33025687,-0.0011941618901877,-0.0078578709527526,-0.0078576217557965,0.0,0.0,0.0,-0.0,-0.0,-0.0,-0.0,-0.0,90.87123062133789,90.89389002482096,0.0006164187662844,91.2249565488997,92.31557368755568,0.97935808716419,0.3412757710501957,0.0037747567440175,89.96057372366985,89.96057372366985,89.96057372366985,-0.0049710200225097,PIMCO Active Bond Exchange-Traded Fund Exchange-Traded Fund,N,True,False,False,False,False,False,False,False,False,,False,,,8311250432.0,Bond,unknown,275.0,True,,False,True,284.0,True,True,False,463.0,,0,0,False,Bond,Bond,Bond,Bond,Bond
2026-08-10,URA,44.93000030517578,45.040000915527344,44.220001220703125,44.380001068115234,2955155.0,251,131149782.05644608,134794905.6073389,163322296.9426779,0.0898821153657349,-0.1957230731665568,-0.1491564187510801,0.1842899814662609,0.0,0.0,0.0165643733748996,-0.0,-0.0,-0.0,,43.63380004882813,49.49380012512207,-0.0362240396145446,45.119998931884766,58.970001220703125,0.7525860632428536,1.6009998321533203,0.0360748038220205,37.18000030517578,37.18000030517578,37.18000030517578,-0.1622352543860636,Global X Uranium ETF,P,True,False,False,False,False,False,False,False,False,,False,,,5997526528.0,Commodity,unknown,346.0,True,,False,True,133.0,True,True,False,464.0,,0,0,False,Commodity,Commodity,Commodity,Commodity,Commodity
2026-08-10,XLC,111.23999786376952,111.83000183105467,110.6999969482422,111.83000183105467,4250472.0,251,475330291.5428467,656292441.5534607,710250899.1907034,0.0021507796490765,-0.0412098178487418,-0.0283455145493469,0.0094714099388082,0.0,0.0,2.037091574444979e-05,-0.0,-0.0,-0.0,,110.1818994140625,113.60023320515953,-0.0101755683868184,114.02999877929688,119.16998107948716,0.9384074816330076,2.076601028442383,0.0185692658002418,105.49299621582033,105.25499725341795,105.25499725341795,-0.0587946389160378,State Street Communication Services Select Sector SPDR ETF,P,True,False,False,False,False,False,False,False,False,,False,,,22262224896.0,Sector,unknown,124.0,True,,False,True,44.0,True,True,False,465.0,,0,0,False,Sector,Sector,Sector,Sector,Sector
2026-08-10,BOTZ,37.59000015258789,37.650001525878906,37.334999084472656,37.41999816894531,461749.0,251,17278646.73451233,27775222.92367401,35780168.28279477,0.0432115774523416,-0.0967741816674429,-0.0011016017317692,0.1606217206937295,0.0,0.0,0.0069407179242854,-0.0,-0.0,-0.0,,36.82137710571289,37.187066879272464,-0.0213892676938339,37.76499938964844,41.68914992307781,0.8975956151178504,0.7434999465942382,0.0198690535268723,33.48400115966797,33.48400115966797,33.48400115966797,-0.1051843185963544,Global X Robotics & Artificial Intelligence ETF,Q,True,False,False,False,False,False,False,False,False,,False,,,3517117696.0,Industry / Theme,unknown,457.0,True,,False,True,328.0,True,True,False,466.0,,0,0,False,Industry / Theme,Industry / Theme,Industry / Theme,Industry / Theme,Industry / Theme
2026-08-10,DRAM,49.41999816894531,50.935001373291016,49.16999816894531,49.59999847412109,27436207.0,89,1360835825.3356705,4045369899.8307786,3573477967.4010506,-0.1343804688562585,-0.0606060759314056,,0.0,0.0,,-0.0,-0.0,,,-0.0,61.25480010986328,,-0.0128059254328819,61.65999984741211,,,4.541750144958496,0.0915675460620863,44.400001525878906,44.400001525878906,44.400001525878906,-0.1048386513752676,Roundhill Memory ETF,Z,True,False,False,False,False,False,False,False,False,,False,,,25910761472.0,Other,unknown,108.0,True,,False,True,9.0,False,False,False,,,0,0,False,Other,Other,Other,Other,Other
2026-08-10,FREI,24.854999542236328,24.86000061035156,24.799999237060547,24.809999465942383,34535.0,36,856813.3315563202,1446563.081729412,,-0.0024126003725887,,,0.0,,,-0.0,,,,,,,,27.809999465942383,,,0.3690001487731933,0.0148730413831622,24.799999237060547,24.799999237060547,24.799999237060547,-0.0004030725149979,Fidelity Real Estate Income ETF,Q,True,False,False,False,False,False,False,False,False,,False,,,4103114240.0,Bond,unknown,416.0,True,,False,True,,False,False,False,,,0,0,False,Bond,Bond,Bond,Bond,Bond
2026-08-10,FIMU,19.86000061035156,19.940000534057617,19.826000213623047,19.854999542236328,5587.0,36,110929.88244247437,37127.13027057648,,-0.0032364510954046,,,0.0,,,-0.0,,,,,,,,20.07906342793944,,,0.0621012324817936,0.0031277377946894,19.71000099182129,19.650152837054115,19.650152837054115,-0.0103171347219854,Fidelity Intermediate Municipal Income ETF,Q,True,False,False,False,False,False,False,False,False,,False,,,13629500416.0,Bond,unknown,188.0,True,,False,True,,False,False,False,,,0,0,False,Bond,Bond,Bond,Bond,Bond
2026-08-10,IQMM,100.12999725341795,100.12999725341795,100.12000274658205,100.12000274658205,510789.0,119,51140196.08292389,254668084.2885517,171405386.75999486,0.0027617168369897,0.0090521455872587,,0.9325523789864796,0.8415360311094908,,0.0025754456064218,0.007617706670527,,,1.0117741057103184,99.7688298034668,,0.0014236712842701,100.17990241371147,,,0.0317199724052699,0.0003168195319126,99.95006306369407,99.84626770019533,99.84626770019533,-0.0027340695053672,ProShares GENIUS Money Market ETF,P,True,False,False,False,False,False,False,False,False,,False,,,20518305792.0,Other,unknown,132.0,True,,False,True,128.0,False,False,False,,,0,0,False,Other,Other,Other,Other,Other
