date,symbol,open,high,low,close,volume,history_days,dollar_volume,avg_dollar_vol_20,avg_dollar_vol_63,r20,r63,r126,er20,er63,er126,te20,te63,te126,score,surge_ratio,ma50,ma150,ma50_slope_10,hhv20,hhv126,hhv126_ratio,atr20,atr20_pct,low10,low20,suggested_stop,stop_distance_pct,name,exchange,is_etf,is_test_issue,exclude_leveraged,exclude_inverse,exclude_volatility,exclude_single_stock,exclude_option_income,exclude_buffer,exclude_by_name,exclude_reason,exclude_income_oriented,income_exclusion_reason_category,income_exclusion_matched_keyword,aum,asset_group,category,aum_rank,aum_eligible,manual_action,excluded_product_type,base_universe_eligible,dollar_vol_rank,liquidity_eligible,eligible_universe,signal_surge_v0,rank_score,signal_streak_start_date,signal_streak_trading_days,signal_streak_calendar_days,is_first_signal_today,group,Group,assetGroup,AssetGroup,Asset Group
2026-08-26,IBB,215.42999267578125,216.07000732421875,214.0399932861328,215.22999572753903,1389950.0,251,299158932.5614929,328413867.537117,301810081.8818471,0.1416220077500696,0.2671312022584888,0.2288505401551654,0.4689144476354914,0.3056520961518299,0.1482493569385341,0.0664086055371531,0.0816492119178655,0.0339269454130394,0.0649464186411764,1.6374716101431204,192.99139923095703,177.9527904256185,0.0433854700034617,217.1199951171875,217.1199951171875,0.9912951389455018,4.3070014953613285,0.0200111582068402,195.6699981689453,184.25,184.25,-0.1439390249617289,iShares Biotechnology ETF,Q,True,False,False,False,False,False,False,False,False,,False,,,9087528960.0,Industry / Theme,unknown,264.0,True,,False,True,83.0,True,True,True,2.0,2026-08-07,14,19,False,Industry / Theme,Industry / Theme,Industry / Theme,Industry / Theme,Industry / Theme
2026-08-26,XBI,168.0800018310547,169.0449981689453,166.50999450683594,168.38999938964844,8925795.0,251,1503014614.602127,1343581025.5606575,1366604324.277282,0.1384625462813473,0.253665306701123,0.313963899711313,0.3990644332709245,0.224426429040224,0.1506201351706346,0.055255477561015,0.0569291989543262,0.0472892850132175,0.0535552290749382,1.4796409338463508,155.2642514038086,137.67007934570313,0.0435874988145232,169.88999938964844,169.88999938964844,0.991170757517282,4.399500274658204,0.0261268501134554,154.14999389648438,143.77999877929688,143.77999877929688,-0.1461488253432729,State Street SPDR S&P Biotech ETF,P,True,False,False,False,False,False,False,False,False,,False,,,10734887936.0,Industry / Theme,unknown,231.0,True,,False,True,25.0,True,True,True,3.0,2026-08-17,8,9,False,Industry / Theme,Industry / Theme,Industry / Theme,Industry / Theme,Industry / Theme
2026-08-26,COWZ,71.4800033569336,72.06999969482422,71.41000366210938,71.86000061035156,742723.0,251,53372075.23332214,68695374.48783188,62610765.97805108,0.0589448860009269,0.1222987619345392,0.1256200490338725,0.3853562734467795,0.2464139368860574,0.1621965302577865,0.0227147816080624,0.0301361194045805,0.0203751360841071,0.0267197752424148,1.2628968071660422,66.26379951477051,64.13132034301758,0.0223794691804946,72.3550033569336,72.3550033569336,0.9931586936132096,0.9052005767822264,0.0125967237558279,69.8949966430664,65.91000366210938,65.91000366210938,-0.0827998455010461,Pacer US Cash Cows 100 ETF,Z,True,False,False,False,False,False,False,False,False,,False,,,17594638336.0,Other,unknown,149.0,True,,False,True,252.0,True,True,True,16.0,2026-08-07,14,19,False,Other,Other,Other,Other,Other
2026-08-26,VFLO,54.42499923706055,55.125,54.31999969482422,54.7599983215332,1517576.0,251,83102459.21279907,107179021.79849245,72461885.95349024,0.091117433078534,0.2316188141526893,0.3787205151524262,0.5436229132248926,0.3677535084338774,0.3178464135238769,0.0495335244157268,0.0851786315239457,0.1203749574691137,0.0974973456047545,1.0052720906949912,49.3276097869873,44.03395584106445,0.0344463531721133,55.685001373291016,55.685001373291016,0.9833886499246548,0.7729918795293382,0.0141159953108577,52.71500015258789,48.78799620321546,48.78799620321546,-0.1090577483814382,VictoryShares Free Cash Flow ETF,Q,True,False,False,False,False,False,False,False,False,,False,,,7757980672.0,Factor / Style,unknown,292.0,True,,False,True,230.0,True,True,False,1.0,,0,0,False,Factor / Style,Factor / Style,Factor / Style,Factor / Style,Factor / Style
2026-08-26,CALF,57.15999984741211,57.685001373291016,57.15499877929688,57.43000030517578,829924.0,251,47662535.57327271,29109870.658039093,26503329.85852075,0.0392689476937062,0.1721352682310313,0.2539866632838161,0.2119143793681382,0.2704387514193726,0.223976032253155,0.0083216546789516,0.0465520470156389,0.0568869250875272,0.0501692543407998,0.9016481780616176,53.477619857788085,48.98091565450033,0.0271060139796035,58.11000061035156,58.11000061035156,0.988298050283368,0.8082498550415039,0.0140736522853311,56.119998931884766,53.5099983215332,53.5099983215332,-0.0682570427095974,Pacer US Small Cap Cash Cows ETF,Z,True,False,False,False,False,False,False,False,False,,False,,,3474337792.0,Factor / Style,unknown,465.0,True,,False,True,372.0,True,True,False,4.0,,0,0,False,Factor / Style,Factor / Style,Factor / Style,Factor / Style,Factor / Style
2026-08-26,CIBR,91.51499938964844,94.02999877929688,91.12000274658205,93.66000366210938,1193529.0,251,111785930.51083374,151026507.86472932,147039119.8856676,0.0548485493452717,0.1426199852046388,0.4974254736432002,0.1540652159798725,0.1271515537955456,0.2026526445642935,0.0084502536010619,0.0181343527210675,0.1008045877074408,0.0470689349662981,0.2622911232591324,92.05231491088868,77.68589467366536,0.0192193262865771,102.3499984741211,102.3499984741211,0.9150953107809868,2.5326000213623048,0.0270403579151991,91.12000274658205,88.71499633789062,88.71499633789062,-0.0527974282603971,First Trust NASDAQ Cybersecurity ETF,Q,True,False,False,False,False,False,False,False,False,,False,,,13836617728.0,Industry / Theme,unknown,181.0,True,,False,True,141.0,True,True,False,5.0,,0,0,False,Industry / Theme,Industry / Theme,Industry / Theme,Industry / Theme,Industry / Theme
2026-08-26,FHLC,84.72000122070312,84.79000091552734,84.2300033569336,84.31999969482422,126315.0,251,10650880.76145172,14952998.883768082,16448507.315543644,0.0474534123580647,0.1778070157583502,0.1269247440633745,0.2780200907197444,0.2761820009885528,0.1169146168207866,0.0131930020087506,0.0491070974019443,0.0148393578172458,0.0371133885472998,1.1116956668475777,79.16521545410156,74.31814717610678,0.0273216931720594,85.45999908447266,85.45999908447266,0.98666043292931,1.3005008697509766,0.0154233974674789,80.63999938964844,77.97000122070312,77.97000122070312,-0.0753083313223834,Fidelity MSCI Health Care Index ETF,P,True,False,False,False,False,False,False,False,False,,False,,,3215685120.0,Country / Region,unknown,479.0,True,,False,True,416.0,True,True,False,6.0,,0,0,False,Country / Region,Country / Region,Country / Region,Country / Region,Country / Region
2026-08-26,VHT,327.2149963378906,328.0899963378906,325.8299865722656,326.2699890136719,279584.0,251,91219868.60839844,68427515.19296265,76718513.41594394,0.0480212685909509,0.1781960639278907,0.1258372397060518,0.2835187552702445,0.2759348175876405,0.1160913684477226,0.0136149302974044,0.049170498394778,0.0146086173591596,0.0370738400323116,1.121354406012072,306.324609375,287.6717222086589,0.0273668337313504,330.75,330.75,0.9864549932386149,5.128500366210938,0.0157185782906807,312.0,301.510009765625,301.510009765625,-0.0758880071161228,Vanguard Health Care ETF,P,True,False,False,False,False,False,False,False,False,,False,,,20388290560.0,Sector,unknown,133.0,True,,False,True,221.0,True,True,False,7.0,,0,0,False,Sector,Sector,Sector,Sector,Sector
2026-08-26,XLF,58.25,58.380001068115234,58.02000045776367,58.2599983215332,19918432.0,251,1160447814.8875732,1634063294.6378684,1862769363.5575545,0.0278757587835287,0.1369910986063465,0.132920900173278,0.274304927775802,0.3067434898702791,0.1523865668910235,0.0076464579998115,0.0420211276676742,0.0202553596454703,0.0344031088599028,1.2223233845151953,56.27729217529297,52.89742067972819,0.0208110616072281,58.40999984741211,58.40999984741211,0.99743192045419,0.5910005569458008,0.0101441911083503,56.90999984741211,56.18000030517578,56.18000030517578,-0.0357019923838316,State Street Financial Select Sector SPDR ETF,P,True,False,False,False,False,False,False,False,False,,False,,,51353821184.0,Sector,unknown,56.0,True,,False,True,18.0,True,True,False,8.0,,0,0,False,Sector,Sector,Sector,Sector,Sector
2026-08-26,IYH,73.76000213623047,73.90029907226562,73.37999725341797,73.4000015258789,331774.0,251,24352212.10624695,55311454.522167206,54640504.46062119,0.0505223792834266,0.1754955225301215,0.1194173905515798,0.2781716390990462,0.2587134946804865,0.1063900674393839,0.0140538930564544,0.0454030599345458,0.0127048242342178,0.033958677439431,1.1226697230111646,68.71560005187989,64.82359723409017,0.026860098354658,74.58999633789062,74.58999633789062,0.9840461875528044,1.2055007934570312,0.016423716190687,70.0,67.55999755859375,67.55999755859375,-0.0795640850937329,iShares U.S. Healthcare ETF,P,True,False,False,False,False,False,False,False,False,,False,,,3161404928.0,Sector,unknown,490.0,True,,False,True,273.0,True,True,False,9.0,,0,0,False,Sector,Sector,Sector,Sector,Sector
2026-08-26,VFH,142.3800048828125,142.64500427246094,141.8000030517578,142.30999755859375,304981.0,251,43401845.36541748,64544175.899786375,75350454.01294479,0.0260274022334598,0.1342234580358403,0.132324074101054,0.2558463959165797,0.3004834426935139,0.1494944939425412,0.0066590170565018,0.0403319267608377,0.0197817204941524,0.0331393545674978,1.1876685772682705,137.75679107666016,129.43072865804035,0.0209314900304988,143.00999450683594,143.00999450683594,0.9951052585474456,1.3727493286132812,0.0096461903742783,139.25999450683594,137.52999877929688,137.52999877929688,-0.0335886365069242,Vanguard Financials ETF,P,True,False,False,False,False,False,False,False,False,,False,,,13808313344.0,Sector,unknown,185.0,True,,False,True,225.0,True,True,False,10.0,,0,0,False,Sector,Sector,Sector,Sector,Sector
2026-08-26,FELV,42.790000915527344,43.060001373291016,42.81999969482422,42.970001220703125,123694.0,251,5315131.330993652,7181156.437918091,6883391.128481426,0.0344246575266986,0.0989670849234671,0.1775516107284958,0.4169087455347014,0.2858607016459171,0.2371423660662986,0.0143519407849176,0.0282908003360733,0.0421050090670379,0.0331257733919109,0.7445082503358547,41.49529586791992,38.328169148763024,0.0172662632938815,43.2599983215332,43.2599983215332,0.9932964144225191,0.3461000442504883,0.0080544573986126,42.5099983215332,41.33000183105469,41.33000183105469,-0.0381661471505446,Fidelity Enhanced Large Cap Value ETF,P,True,False,False,False,False,False,False,False,False,,False,,,3197805568.0,Factor / Style,unknown,484.0,True,,False,True,461.0,True,True,False,11.0,,0,0,False,Factor / Style,Factor / Style,Factor / Style,Factor / Style,Factor / Style
2026-08-26,XLV,174.3249969482422,174.8000030517578,173.4499969482422,173.5399932861328,5591434.0,251,970337418.8198549,1523806689.8711228,1643282993.6793926,0.0439123409032184,0.171485694950241,0.1089267244203571,0.2491464448569006,0.2544295846648297,0.0985693469041485,0.0109406036213811,0.0436310341421495,0.0107368360865227,0.0321180648226801,1.1057861896299277,162.92141357421875,154.00666514078776,0.0258828115640463,176.60000610351562,176.60000610351562,0.9826726347020104,2.9270034790039063,0.0168664491889074,165.86000061035156,160.72999572753906,160.72999572753906,-0.0738158237535057,State Street Health Care Select Sector SPDR ETF,P,True,False,False,False,False,False,False,False,False,,False,,,40598945792.0,Sector,unknown,77.0,True,,False,True,23.0,True,True,False,12.0,,0,0,False,Sector,Sector,Sector,Sector,Sector
2026-08-26,IYF,137.47999572753906,137.92999267578125,136.97999572753906,137.5500030517578,121946.0,251,16773672.672149658,51933752.03425751,46118515.13304744,0.0251155951701347,0.1261073562999275,0.11654723005595,0.2634880488663274,0.2933717254298622,0.1325628527032532,0.0066176591674953,0.0369963327071081,0.015449833290879,0.0294550579114279,1.194452420007271,133.74739974975586,126.13291783650716,0.0186512988628337,138.7899932861328,138.7899932861328,0.9910657086651874,1.3189987182617189,0.0095892307451669,134.8000030517578,132.9499969482422,132.9499969482422,-0.03344242821852,iShares U.S. Financial ETF,P,True,False,False,False,False,False,False,False,False,,False,,,3903197184.0,Other,unknown,435.0,True,,False,True,291.0,True,True,False,13.0,,0,0,False,Other,Other,Other,Other,Other
2026-08-26,IWX,112.66000366210938,113.18000030517578,112.72000122070312,112.9800033569336,280913.0,251,31737551.683006287,36505721.95380974,40535947.91970571,0.0410025304311125,0.0921680160338378,0.1678296977407287,0.4401596818437366,0.2408431833722247,0.2132390081324975,0.0180476607493466,0.0221980383866917,0.0357878382814098,0.026954468349843,0.7610565693869745,109.1263998413086,101.3770218404134,0.0162438453188593,113.7300033569336,113.7300033569336,0.9934054341170976,0.8529987335205078,0.0075499974170266,111.8000030517578,108.5199966430664,108.5199966430664,-0.039476071706042,iShares Russell Top 200 Value ETF,P,True,False,False,False,False,False,False,False,False,,False,,,3556921344.0,Factor / Style,unknown,456.0,True,,False,True,308.0,True,True,False,14.0,,0,0,False,Factor / Style,Factor / Style,Factor / Style,Factor / Style,Factor / Style
2026-08-26,HGER,34.400001525878906,34.79999923706055,34.400001525878906,34.619998931884766,881392.0,251,30513790.098571777,33032643.439559937,44259012.80149127,0.073488338973171,0.1014953418942115,0.2439812801578513,0.3891623764373234,0.1697711769108974,0.182477797022127,0.0285988966352308,0.0172309836443542,0.0445211665178431,0.0267825476500753,4.01316907193313,31.845599899291997,30.77635331471761,0.023316192136632,35.29999923706055,35.29999923706055,0.9807365348478004,0.4145502090454102,0.0119742987243021,33.349998474121094,31.315000534057617,31.315000534057617,-0.0954650057710796,Harbor Commodity All-Weather Strategy ETF,N,True,False,False,False,False,False,False,False,False,,False,,,3212702208.0,Commodity,unknown,480.0,True,,False,True,295.0,True,True,False,15.0,,0,0,False,Commodity,Commodity,Commodity,Commodity,Commodity
2026-08-26,VONV,113.04000091552734,113.58000183105467,113.01000213623048,113.37000274658205,425869.0,251,48280769.69968414,70627560.6857975,92216807.14773476,0.0364783835559967,0.0904590402901543,0.1574837613324822,0.4408844362090099,0.250083230491351,0.203412713736043,0.0160827515679016,0.022622289022909,0.0320341992619995,0.0259164576065907,0.7987101561142601,109.70990661621094,102.19927485148112,0.0156417322083528,114.08000183105467,114.08000183105467,0.9937763054604072,0.8539997100830078,0.0075328542770874,112.29000091552734,108.87000274658205,108.87000274658205,-0.0396930395252695,Vanguard Russell 1000 Value ETF,Q,True,False,False,False,False,False,False,False,False,,False,,,21457317888.0,Factor / Style,unknown,127.0,True,,False,True,200.0,True,True,False,17.0,,0,0,False,Factor / Style,Factor / Style,Factor / Style,Factor / Style,Factor / Style
2026-08-26,IWD,257.69000244140625,258.9800109863281,257.6400146484375,258.4599914550781,1145477.0,251,296059975.6319885,381106910.02068937,531622768.1333555,0.0358287392976126,0.0897107894944742,0.1565114233130971,0.436095961937966,0.2495439368565948,0.2032648447317105,0.0156247685290169,0.0223867835889643,0.0318132701584756,0.0256860538882933,0.7911077059925344,250.179001159668,233.1107717895508,0.0156058488513537,260.19000244140625,260.19000244140625,0.9933509705596096,1.9184974670410155,0.0074228024857551,256.0799865722656,248.3000030517578,248.3000030517578,-0.0393097142274191,iShares Russell 1000 Value ETF,P,True,False,False,False,False,False,False,False,False,,False,,,79741509632.0,Factor / Style,unknown,36.0,True,,False,True,58.0,True,True,False,18.0,,0,0,False,Factor / Style,Factor / Style,Factor / Style,Factor / Style,Factor / Style
2026-08-26,DFLV,41.93999862670898,42.130001068115234,41.88999938964844,42.04999923706055,422219.0,251,17754308.627872467,23992998.25980091,28469784.702763937,0.0413570610394058,0.0804580497452633,0.1411309553325408,0.5529815378085874,0.2701519597985981,0.2102991845357975,0.0228696912128142,0.0217358998202559,0.0296797248191913,0.0245162385698833,0.7685916143840609,40.61412170410157,38.19242874145508,0.0131460554381694,42.34999847412109,42.34999847412109,0.9929161924942248,0.3085500717163086,0.0073376950609875,41.71500015258789,40.119998931884766,40.119998931884766,-0.0458977488749817,Dimensional US Large Cap Value ETF,P,True,False,False,False,False,False,False,False,False,,False,,,6419725824.0,Factor / Style,unknown,334.0,True,,False,True,361.0,True,True,False,19.0,,0,0,False,Factor / Style,Factor / Style,Factor / Style,Factor / Style,Factor / Style
2026-08-26,EUFN,42.720001220703125,42.790000915527344,42.56999969482422,42.61000061035156,524631.0,251,22354527.23020935,51665356.91775055,53589880.367414445,0.0573201344174394,0.1310136088710698,0.1487736664248438,0.4925385516973808,0.2198226329827899,0.1043232147354155,0.0282323759890648,0.0287997564586159,0.015520547149414,0.0241520332003953,0.8443826877886514,40.68639999389649,37.54715695699056,0.0273098932295778,42.790000915527344,42.790000915527344,0.9957934026332198,0.428000259399414,0.0100445964155991,41.720001220703125,41.130001068115234,41.130001068115234,-0.0347336193625114,iShares MSCI Europe Financials ETF,Q,True,False,False,False,False,False,False,False,False,,False,,,3689534976.0,Country / Region,unknown,449.0,True,,False,True,277.0,True,True,False,20.0,,0,0,False,Country / Region,Country / Region,Country / Region,Country / Region,Country / Region
2026-08-26,VLUE,200.57000732421875,202.32000732421875,200.57000732421875,201.8500061035156,292226.0,251,58985819.88360596,118594218.77227172,250388658.19653517,0.0727002607625468,0.0355385779245707,0.33850782006272,0.4054536368508288,0.0464140370190963,0.1899385939219127,0.0294765851261782,0.001649488871397,0.0642956993742848,0.0235756625474078,0.1101051917853302,196.8590008544922,173.03316121419272,0.0049085622304574,205.9600067138672,206.57000732421875,0.9771505976020278,2.9259994506835936,0.0144959096468049,199.0200042724609,188.94000244140625,188.94000244140625,-0.0639584011480717,iShares MSCI USA Value Factor ETF,Z,True,False,False,False,False,False,False,False,False,,False,,,10583302144.0,Country / Region,unknown,236.0,True,,False,True,99.0,True,True,False,21.0,,0,0,False,Country / Region,Country / Region,Country / Region,Country / Region,Country / Region
2026-08-26,ETHA,18.45499992370605,18.75,18.350000381469727,18.649999618530277,39216002.0,251,731378422.3402824,612755870.2626078,487086466.0163181,0.3096910054982271,0.2043913485324655,0.1894132178284544,0.6923077844390269,0.1378784394641227,0.0609981391892111,0.2144014938771721,0.0281811601756239,0.0115538538253764,0.0223616029530373,5.833401717083778,14.185399932861328,15.59296666463216,0.0520640173390289,19.11899948120117,19.11899948120117,0.9754694348345976,0.5138000965118408,0.0275496035936289,14.039999961853027,13.850000381469728,13.850000381469728,-0.2573726185115501,iShares Ethereum Trust ETF,Q,True,False,False,False,False,False,False,False,False,,False,,,4276033536.0,Crypto,unknown,408.0,True,,False,True,62.0,True,True,False,22.0,,0,0,False,Crypto,Crypto,Crypto,Crypto,Crypto
2026-08-26,IXJ,107.01000213623048,107.16000366210938,106.23999786376952,106.30999755859376,115288.0,251,12256266.998535156,21499039.279911805,26714263.594313364,0.0378795005550918,0.1391683525504738,0.0642261365137821,0.222732259583274,0.2238007616815893,0.0605739693585469,0.0084369867505214,0.031145983302768,0.0038904320252036,0.0216065403556205,1.1614627371373416,100.43920013427734,96.64931411743164,0.0225085385208134,107.69000244140624,107.69000244140624,0.9871853946371358,1.5514999389648438,0.0145941113215595,101.95999908447266,99.29000091552734,99.29000091552734,-0.066033268782621,iShares Global Healthcare ETF,P,True,False,False,False,False,False,False,False,False,,False,,,3844812544.0,Sector,unknown,441.0,True,,False,True,371.0,True,True,False,23.0,,0,0,False,Sector,Sector,Sector,Sector,Sector
2026-08-26,DFUV,57.2599983215332,57.560001373291016,57.30500030517578,57.45000076293945,255888.0,251,14700765.79522705,23154108.00663452,22743740.32194495,0.0441657630853926,0.0750772194253799,0.146356971155676,0.5340656429311611,0.2241315965121502,0.1981247142510774,0.0235874166577455,0.0168271770515034,0.0289969330888714,0.0210865916645822,0.7278599380296986,55.769138412475584,52.24818883260091,0.0121530632696147,57.88999938964844,57.88999938964844,0.9923994017732248,0.4094501495361328,0.0071270695230393,57.060001373291016,54.80500030517578,54.80500030517578,-0.0460400421695023,Dimensional US Marketwide Value ETF,P,True,False,False,False,False,False,False,False,False,,False,,,15314369536.0,Factor / Style,unknown,168.0,True,,False,True,385.0,True,True,False,24.0,,0,0,False,Factor / Style,Factor / Style,Factor / Style,Factor / Style,Factor / Style
2026-08-26,PVAL,54.380001068115234,54.630001068115234,54.35499954223633,54.52000045776367,1098861.0,251,59909902.223018646,78693188.60863705,90822843.76497728,0.0388719690038399,0.0815848189200763,0.1281377809611148,0.4657539257439971,0.24413742626491,0.1801403464462356,0.0181047721649374,0.0199179077134361,0.023082784255187,0.0210256145030489,0.7800154928078521,52.702232131958006,49.73025054931641,0.0137936485691967,54.70000076293945,54.70000076293945,0.9967093180499964,0.4277009963989258,0.0078448457961819,53.84999847412109,52.68999862670898,52.68999862670898,-0.0335656972797052,Putnam Focused Large Cap Value ETF,P,True,False,False,False,False,False,False,False,False,,False,,,11873768448.0,Factor / Style,unknown,207.0,True,,False,True,205.0,True,True,False,25.0,,0,0,False,Factor / Style,Factor / Style,Factor / Style,Factor / Style,Factor / Style
2026-08-26,KBWB,96.72000122070312,96.83999633789062,95.91000366210938,96.5199966430664,1800052.0,251,173741012.99734497,122800646.89330596,167221396.1340027,0.0221327579279491,0.120528274252383,0.1471743900494975,0.1438400903975686,0.1899615008834318,0.1128459430872427,0.0031835779011037,0.0228957318758725,0.0166080328434252,0.020695037214516,0.6768841547684026,96.16206771850584,88.0259780883789,0.0163968657440292,100.61000061035156,100.61000061035156,0.9593479381525384,1.375,0.0142457526711774,94.6999969482422,94.6999969482422,94.6999969482422,-0.0188561931011521,Invesco KBW Bank ETF,Q,True,False,False,False,False,False,False,False,False,,False,,,6505184256.0,Other,unknown,328.0,True,,False,True,130.0,True,True,False,26.0,,0,0,False,Other,Other,Other,Other,Other
2026-08-26,RSPT,62.90999984741211,64.17500305175781,62.90999984741211,63.9900016784668,371382.0,251,23764734.80335236,32270892.151830677,46489918.31226591,0.0942202835048067,0.0341258679006855,0.3500674647615835,0.3467591156623937,0.0332560962180327,0.1550563877382541,0.0326717421855868,0.001134893146429,0.0542801965506197,0.0197357493378957,0.0924035108637421,62.52285064697266,55.23129069010417,0.0032243896078303,66.88999938964844,67.4446029663086,0.948778684492108,1.3402503967285155,0.0209446845065409,62.560001373291016,59.16999816894531,59.16999816894531,-0.0753243222861714,Invesco S&P 500 Equal Weight Technology ETF,P,True,False,False,False,False,False,False,False,False,,False,,,5687853056.0,Sector,unknown,359.0,True,,False,True,290.0,True,True,False,27.0,,0,0,False,Sector,Sector,Sector,Sector,Sector
2026-08-26,MOAT,113.6500015258789,114.22000122070312,113.37999725341795,113.86000061035156,393772.0,251,44834880.16033936,72065178.7896637,75509738.69291954,0.0551385112252704,0.1174796475847188,0.0729362765119117,0.3811657088787381,0.2301480962304244,0.0800744564412217,0.0210169097176984,0.0270377172374442,0.0058403326965379,0.019618632648127,0.965594467899179,107.78239990234376,103.82786656697591,0.0206666657418916,115.0500030517578,115.0500030517578,0.9896566500665724,1.2805000305175782,0.0112462675536044,111.87000274658205,106.61000061035156,106.61000061035156,-0.0636746878722647,VanEck Morningstar Wide Moat ETF,Z,True,False,False,False,False,False,False,False,False,,False,,,11624555520.0,Other,unknown,209.0,True,,False,True,222.0,True,True,False,28.0,,0,0,False,Other,Other,Other,Other,Other
2026-08-26,JQUA,74.31999969482422,74.84500122070312,74.31999969482422,74.72000122070312,339146.0,251,25340989.533996586,36962176.71180725,37365596.73842173,0.0435754582831411,0.0667353011430231,0.168790569621458,0.4116085187246673,0.1640548165867809,0.1959157781617386,0.0179360298366722,0.0109482475888822,0.033068735793751,0.0186904184605863,0.5282417621734841,72.68703292846679,67.68487749735515,0.0113065253262329,75.63999938964844,75.63999938964844,0.9878371473245778,0.6232498168945313,0.0083411376701348,74.2699966430664,71.3499984741211,71.3499984741211,-0.0451017490835945,JPMorgan U.S. Quality Factor ETF,P,True,False,False,False,False,False,False,False,False,,False,,,8162030080.0,Factor / Style,unknown,280.0,True,,False,True,313.0,True,True,False,29.0,,0,0,False,Factor / Style,Factor / Style,Factor / Style,Factor / Style,Factor / Style
2026-08-26,RWL,134.32000732421875,134.89999389648438,134.48939514160156,134.6199951171875,175064.0,251,23567114.825195312,38960123.141390994,34983950.295447454,0.0273199176928951,0.0669705275208416,0.1257716870039233,0.3496093662688555,0.2311423275142763,0.1959953767570187,0.0095512991111303,0.0154797236060262,0.0246506691796998,0.0186895545568119,0.7282060993162611,131.1959535217285,123.98384048461914,0.011115101083251,135.7100067138672,135.7100067138672,0.9919680823612522,1.0319984436035157,0.007666011595864,132.9600067138672,129.99000549316406,129.99000549316406,-0.0343930306934939,Invesco S&P 500 Revenue ETF,P,True,False,False,False,False,False,False,False,False,,False,,,9220293632.0,US Equity,unknown,260.0,True,,False,True,328.0,True,True,False,30.0,,0,0,False,US Equity,US Equity,US Equity,US Equity,US Equity
2026-08-26,XMHQ,118.3000030517578,119.98529815673828,118.3000030517578,119.76000213623048,103625.0,251,12410130.221366882,17675821.76135063,19380430.74548812,0.048594721094892,0.0979277615740255,0.1056135664676112,0.3867596300462974,0.2290081118042921,0.109764805962888,0.0187944763528634,0.0224262517712884,0.0115926526303659,0.0186344920719655,1.127962714359152,114.8603549194336,109.6019285583496,0.0148836291084115,119.98529815673828,119.98529815673828,0.998122303115724,1.2052642822265625,0.0100639968330623,118.1999969482422,113.04000091552734,113.04000091552734,-0.0561122336409023,Invesco S&P MidCap Quality ETF,P,True,False,False,False,False,False,False,False,False,,False,,,5417101824.0,Factor / Style,unknown,364.0,True,,False,True,403.0,True,True,False,31.0,,0,0,False,Factor / Style,Factor / Style,Factor / Style,Factor / Style,Factor / Style
2026-08-26,VTV,226.27999877929688,227.33770751953125,226.1510009765625,226.8300018310547,2070523.0,251,469656735.8812408,591277469.0883735,647708166.449002,0.0319836154762995,0.0758890477755838,0.1091637830557612,0.4579811049170159,0.2470368381757539,0.166391520431257,0.0146478915550766,0.0187473904146489,0.018163927838676,0.0185431785130584,0.7858505080423208,221.1173501586914,208.89668497721357,0.0123811218556249,228.57000732421875,228.57000732421875,0.9923874286327692,1.6398353576660156,0.0072293583054651,225.08999633789065,218.1499938964844,218.1499938964844,-0.0382665778975537,Vanguard Morningstar Value ETF,P,True,False,False,False,False,False,False,False,False,,False,,,254461837312.0,Factor / Style,unknown,10.0,True,,False,True,46.0,True,True,False,32.0,,0,0,False,Factor / Style,Factor / Style,Factor / Style,Factor / Style,Factor / Style
2026-08-26,ARTY,74.13999938964844,74.94999694824219,74.13999938964844,74.7699966430664,328486.0,251,24560897.11729431,34674403.626082614,52209093.06921072,0.2191422535586216,0.0523829415276768,0.4272014961345682,0.4363637489580791,0.0312477319894903,0.1148855738523626,0.095625735317962,0.0016368481176779,0.0490792890340077,0.0182417024383934,0.2562654358515728,71.81099990844727,62.30537239074707,0.0005024637114845,78.43000030517578,81.80196563276948,0.9140366746042334,2.362400436401367,0.0315955669715873,71.5999984741211,64.0199966430664,64.0199966430664,-0.1437742474607543,iShares Future AI & Tech ETF,P,True,False,False,False,False,False,False,False,False,,False,,,3930527488.0,Other,unknown,432.0,True,,False,True,279.0,True,True,False,33.0,,0,0,False,Other,Other,Other,Other,Other
2026-08-26,EWT,106.83999633789062,107.12000274658205,106.33999633789062,106.38999938964844,6434147.0,251,684528895.4029083,444118227.32141495,608455134.4045669,0.1899115874293933,0.0332135391706462,0.3806125455526152,0.5530943783533926,0.0263929442652725,0.1322302514111847,0.1050390313913662,0.0008766030881833,0.0503284925886733,0.0181847644133548,0.1129409055068547,102.86120025634766,88.72100011189778,0.0051674728080195,108.98999786376952,112.77999877929688,0.943341022709592,2.305499267578125,0.0216702630022051,102.62000274658205,92.02999877929688,92.02999877929688,-0.1349750981552196,iShares MSCI Taiwan ETF,P,True,False,False,False,False,False,False,False,False,,False,,,11151458304.0,Country / Region,unknown,222.0,True,,False,True,49.0,True,True,False,34.0,,0,0,False,Country / Region,Country / Region,Country / Region,Country / Region,Country / Region
2026-08-26,VOE,208.47000122070312,209.9792022705078,208.3600006103516,209.50999450683597,344260.0,251,72125910.70892334,53009323.59841919,54556517.91721404,0.0174339373048422,0.0803162635020384,0.0941200254420444,0.2363398929170559,0.259014054058443,0.1411660838832795,0.004120334875749,0.0208030410164891,0.013286555406648,0.0181722710530447,0.9196776017929936,203.55398834228515,193.85771586100265,0.013735848150211,211.07000732421875,211.07000732421875,0.9926090265634636,1.7899620056152343,0.0085435638038586,207.7899932861328,203.25,203.25,-0.0298792166052569,Vanguard Morningstar Mid-Cap Value ETF,P,True,False,False,False,False,False,False,False,False,,False,,,37230292992.0,Factor / Style,unknown,82.0,True,,False,True,275.0,True,True,False,35.0,,0,0,False,Factor / Style,Factor / Style,Factor / Style,Factor / Style,Factor / Style
2026-08-26,QTEC,309.29998779296875,313.42999267578125,309.29998779296875,312.7200012207031,75249.0,251,23531867.37185669,53860070.32888947,91695427.2824925,0.0953031085579618,0.0137843966854367,0.3636472394923988,0.3304991606089282,0.0113667559080722,0.1387576059903051,0.0314975973818279,0.0001566838724634,0.0504588203769484,0.0177624316490331,0.0220224597442411,314.1265350341797,273.763879292806,-0.000971200999732,329.0400085449219,340.1946629053564,0.9192384105911244,7.265498352050781,0.0232332384359487,306.6300048828125,292.42999267578125,292.42999267578125,-0.0648823499159625,First Trust NASDAQ-100-Technology Sector Index Fund,Q,True,False,False,False,False,False,False,False,False,,False,,,4991772672.0,Sector,unknown,377.0,True,,False,True,203.0,True,True,False,36.0,,0,0,False,Sector,Sector,Sector,Sector,Sector
2026-08-26,IWS,171.33999633789062,172.5749969482422,171.3000030517578,172.10000610351562,225400.0,251,38791341.37573242,66960036.84455872,79552744.93694003,0.0245877528891953,0.0804316574466925,0.1294417003592485,0.2366763320170268,0.2065735680996393,0.1497066198645157,0.0058193391663558,0.0166150544669312,0.0193782794302985,0.0175821832041097,0.802796334920571,167.54980010986327,157.3900981648763,0.0133691565895106,173.52000427246094,173.52000427246094,0.9918165160558916,1.5017478942871094,0.0087260188322354,170.77000427246094,165.69000244140625,165.69000244140625,-0.0372458072909878,iShares Russell Mid-Cap Value ETF,P,True,False,False,False,False,False,False,False,False,,False,,,15646174208.0,Factor / Style,unknown,164.0,True,,False,True,217.0,True,True,False,37.0,,0,0,False,Factor / Style,Factor / Style,Factor / Style,Factor / Style,Factor / Style
2026-08-26,FMDE,42.16999816894531,42.5177001953125,42.16999816894531,42.45000076293945,769891.0,251,32681873.53738022,36677029.34375439,35486372.243541114,0.0381511713518376,0.0796809007213807,0.1257283766677892,0.3291140972328968,0.204479643214081,0.1449199891232408,0.0125560883178376,0.0162931221504845,0.0182205549791787,0.0169677236405275,0.7517617417102206,41.14721374511719,38.81755612691244,0.0138859375754138,42.970001220703125,42.970001220703125,0.987898523551516,0.3862855911254882,0.00909977819041,42.060001373291016,40.54999923706055,40.54999923706055,-0.0447585745990771,Fidelity Enhanced Mid Cap Core ETF,P,True,False,False,False,False,False,False,False,False,,False,,,7389860352.0,Factor / Style,unknown,298.0,True,,False,True,325.0,True,True,False,38.0,,0,0,False,Factor / Style,Factor / Style,Factor / Style,Factor / Style,Factor / Style
2026-08-26,MGV,168.08999633789062,168.72999572753906,168.0,168.33999633789062,202126.0,251,34025890.09979248,38370829.7875824,41423086.43754748,0.0351740338977453,0.0718183263987506,0.1128613652459715,0.4814801495048614,0.2212808030410384,0.1670561935521343,0.0169355990997754,0.0158920169385789,0.0188541900770891,0.0169287775370575,0.7076816916002278,164.67512298583983,155.11174591064454,0.0115064052319082,169.83999633789062,169.83999633789062,0.9911681580761706,1.1575004577636718,0.0068759681771665,167.14999389648438,161.8800048828125,161.8800048828125,-0.0383746679078671,Vanguard Morningstar Mega Cap Value ETF,P,True,False,False,False,False,False,False,False,False,,False,,,13311754240.0,Factor / Style,unknown,194.0,True,,False,True,303.0,True,True,False,39.0,,0,0,False,Factor / Style,Factor / Style,Factor / Style,Factor / Style,Factor / Style
2026-08-26,IGV,99.80999755859376,102.77999877929688,99.72000122070312,102.38999938964844,7092361.0,251,726186838.4611664,1137838219.1710594,1497016110.649797,0.1084767386069736,0.1005823864987627,0.2666568131332123,0.3081180097600893,0.0905753616300135,0.117674523719142,0.0334236368048461,0.0091102860307352,0.031378713481915,0.0169042356386481,0.6078038500939608,95.22059982299804,89.74390706380208,0.0157734514177807,106.75,108.03974270184716,0.947706805191215,2.5770004272460936,0.0251684778065017,99.72000122070312,91.70999908447266,91.70999908447266,-0.1043070648387514,iShares Expanded Tech-Software Sector ETF,Z,True,False,False,False,False,False,False,False,False,,False,,,13542322176.0,Industry / Theme,unknown,192.0,True,,False,True,24.0,True,True,False,40.0,,0,0,False,Industry / Theme,Industry / Theme,Industry / Theme,Industry / Theme,Industry / Theme
2026-08-26,FNDX,32.439998626708984,32.63990020751953,32.439998626708984,32.59000015258789,1899800.0,251,61914482.28988648,70008704.96072769,81038082.5030342,0.0332910338167944,0.0566733848150879,0.1318609674525184,0.3962264694154583,0.1977314360307682,0.207656599700768,0.013190788792419,0.0112061097642116,0.0273818001344436,0.0168676013937928,0.6758522997704274,31.72076271057129,29.970622787475588,0.0105392104269934,32.849998474121094,32.849998474121094,0.9920852866480944,0.2369947433471679,0.0072720080465648,32.34000015258789,31.40999984741211,31.40999984741211,-0.0362074347852398,Schwab Fundamental U.S. Large Company ETF,P,True,False,False,False,False,False,False,False,False,,False,,,25939793920.0,Other,unknown,107.0,True,,False,True,216.0,True,True,False,41.0,,0,0,False,Other,Other,Other,Other,Other
2026-08-26,GDX,103.37000274658205,104.1500015258789,102.30999755859376,102.41999816894533,23792292.0,251,2436806503.075012,2351245275.191287,1948578972.448664,0.3921435176538508,0.1987358993720036,-0.0786254516483362,0.5504674805949734,0.1232577999698723,0.0,0.2158622541945657,0.024495749731627,-0.0,0.0159222373255576,3.645296930600083,81.78519973754882,90.3767330423991,0.0405056406302772,105.66999816894533,117.18000030517578,0.8740399206537762,3.681000518798828,0.0359402517536359,87.5199966430664,72.91999816894531,72.91999816894531,-0.2880296868521588,VanEck Gold Miners ETF,P,True,False,False,False,False,False,False,False,False,,False,,,22753128448.0,Commodity,unknown,120.0,True,,False,True,16.0,True,True,False,42.0,,0,0,False,Commodity,Commodity,Commodity,Commodity,Commodity
2026-08-26,PRF,56.0099983215332,56.32500076293945,56.0099983215332,56.22999954223633,196840.0,251,11068313.1098938,14117207.41222,16112223.762099251,0.0344002742989055,0.0536663448320526,0.1384118504413285,0.3920332814310631,0.1773787253265264,0.20046729217629,0.0134860524155286,0.0095192678392433,0.0277470488630827,0.0158989911975871,0.614503660455415,54.87289932250977,51.65390729268392,0.0103034124337166,56.65999984741211,56.65999984741211,0.992410866460752,0.3962503433227539,0.0070469561897313,55.790000915527344,54.16999816894531,54.16999816894531,-0.0366352728091999,Invesco RAFI US 1000 ETF,P,True,False,False,False,False,False,False,False,False,,False,,,9686064128.0,Other,unknown,253.0,True,,False,True,419.0,True,True,False,43.0,,0,0,False,Other,Other,Other,Other,Other
2026-08-26,JAVA,83.13999938964844,83.44999694824219,83.11000061035156,83.29000091552734,391929.0,251,32643766.76882172,29740972.55185051,35688862.021591306,0.0363319406390028,0.0782013442916198,0.1003817019720916,0.3967396712719553,0.2125261664134238,0.1353695621560696,0.0144143221857901,0.0166198319106742,0.0135886270444431,0.0155589102074933,0.7303603560257008,81.15546447753906,76.9317344156901,0.0138779965839663,84.05999755859375,84.05999755859375,0.9908399159477768,0.641299819946289,0.0076996015475698,82.5199966430664,80.11000061035156,80.11000061035156,-0.0381798567681723,JPMorgan Active Value ETF,P,True,False,False,False,False,False,False,False,False,,False,,,6685886976.0,Factor / Style,unknown,324.0,True,,False,True,323.0,True,True,False,44.0,,0,0,False,Factor / Style,Factor / Style,Factor / Style,Factor / Style,Factor / Style
2026-08-26,EAGL,35.790000915527344,36.040000915527344,35.72999954223633,35.790000915527344,138574.0,251,4959563.586868286,5470981.263697815,10457441.745401775,0.0728417344339542,0.090161404793853,0.1265344790632918,0.4899202603843006,0.1668547855928068,0.1285989640757985,0.0356866415007269,0.0150438618656246,0.0162722029274101,0.0154737812372495,1.438058372728079,33.6035998916626,32.557899958292644,0.0161201086909059,36.04999923706055,36.04999923706055,0.9927878411363206,0.4179496765136719,0.0116778336357165,34.650001525878906,33.06999969482422,33.06999969482422,-0.0759989145326639,Eagle Capital Select Equity ETF,P,True,False,False,False,False,False,False,False,False,,False,,,4262146816.0,Other,unknown,409.0,True,,False,True,450.0,True,True,False,45.0,,0,0,False,Other,Other,Other,Other,Other
2026-08-26,XLE,61.43000030517578,63.02000045776367,61.310001373291016,62.43000030517578,23936941.0,251,1494383233.934975,1565850784.509077,1779387942.704625,0.0644501053871069,0.103355456197955,0.1534731448427031,0.2872342029072888,0.1410570500829486,0.0962445317415128,0.0185122746481564,0.0145790157612609,0.0147709509602833,0.0146461930809187,3.01628045708568,57.82954376220703,56.69027453104655,0.019265704283325,64.69999694824219,64.69999694824219,0.9649150425017434,1.2524993896484375,0.0200624600917164,60.22999954223633,57.11000061035156,57.11000061035156,-0.0852154359894046,State Street Energy Select Sector SPDR ETF,P,True,False,False,False,False,False,False,False,False,,False,,,35721338880.0,Sector,unknown,84.0,True,,False,True,21.0,True,True,False,46.0,,0,0,False,Sector,Sector,Sector,Sector,Sector
2026-08-26,RSP,221.30999755859372,222.71499633789065,221.2400054931641,222.1100006103516,4595323.0,251,1020667194.3347626,1464081530.9813104,1846290049.2498305,0.029574027762325,0.0746068503690422,0.0999349161265867,0.3040992155328282,0.2053896661212479,0.1330392973072807,0.0089934386426691,0.0153234760876554,0.0132952710179431,0.0146136043132561,0.7849316395335605,215.77150390625,205.22095733642576,0.0120480919186469,223.44000244140625,223.44000244140625,0.9940476109178192,1.8787498474121092,0.0084586459063048,219.7100067138672,213.05999755859372,213.05999755859372,-0.0407455901440217,Invesco S&P 500 Equal Weight ETF,P,True,False,False,False,False,False,False,False,False,,False,,,93655826432.0,Factor / Style,unknown,34.0,True,,False,True,19.0,True,True,False,47.0,,0,0,False,Factor / Style,Factor / Style,Factor / Style,Factor / Style,Factor / Style
2026-08-26,FTCS,101.87999725341795,102.16000366210938,101.73999786376952,101.7699966430664,200622.0,251,20417300.26652527,37578566.91090927,54097619.03524659,0.0131408634636829,0.0894209550566385,0.0451493298026992,0.129411870303149,0.2271260950530187,0.0648045485620538,0.0017005837182335,0.0203098323379257,0.0029258819357432,0.0142254496971618,1.1272283198211088,97.74165832519532,95.49051951090496,0.0167942734013353,102.93000030517578,102.93000030517578,0.9887301694484592,1.120999526977539,0.0110150296153509,100.06999969482422,97.81999969482422,97.81999969482422,-0.0388129810212714,First Trust Capital Strength ETF,Q,True,False,False,False,False,False,False,False,False,,False,,,7646184448.0,Other,unknown,294.0,True,,False,True,276.0,True,True,False,48.0,,0,0,False,Other,Other,Other,Other,Other
2026-08-26,VDE,173.47999572753906,177.39169311523438,173.0,175.94000244140625,384961.0,251,67730039.27984619,76497712.56625672,100154714.17266458,0.065399074068513,0.1012294275249765,0.1521929620763928,0.2952433709992087,0.138136506504564,0.0959999198240516,0.0193086430882147,0.0139834794737572,0.0146105121571186,0.0142029409129337,3.358127933206425,163.20378936767577,160.28970001220702,0.0191320479733632,182.1499938964844,182.1499938964844,0.9659072650938036,3.3855857849121094,0.0192428426618876,170.16000366210938,161.32000732421875,161.32000732421875,-0.0830964812681325,Vanguard Energy ETF,P,True,False,False,False,False,False,False,False,False,,False,,,11076583424.0,Other,unknown,226.0,True,,False,True,187.0,True,True,False,49.0,,0,0,False,Other,Other,Other,Other,Other
2026-08-26,AKRE,60.72999954223633,61.06499862670898,60.435001373291016,60.650001525878906,597395.0,209,36232007.66155243,22360679.190603256,37176407.81052786,0.0330438165842066,0.121694134791803,0.0880875439461803,0.1506215181213182,0.1517528877255542,0.0631349259390516,0.0049771098184355,0.0184674363739189,0.005561400563195,0.0139503238401655,1.3192323547926792,56.58959976196289,55.667999903361,0.0189898275490032,61.290000915527344,61.290000915527344,0.9895578498925052,1.1778497695922852,0.0194204408896792,58.27000045776367,56.36000061035156,56.36000061035156,-0.0707337313700945,Akre Focus ETF,P,True,False,False,False,False,False,False,False,False,,False,,,5185632256.0,Other,unknown,372.0,True,,False,True,317.0,True,True,False,50.0,,0,0,False,Other,Other,Other,Other,Other
2026-08-26,BBCA,107.58999633789062,108.05999755859376,107.2300033569336,107.2699966430664,327632.0,251,35145083.54016113,23073560.82724609,22882623.45514158,0.0482751365544542,0.0769956401880946,0.092402754266325,0.4295644812778099,0.2047497896835985,0.1075837946717437,0.0207372839926295,0.0157648411350664,0.0099410389420919,0.0137265103675253,1.2287249479094322,102.89464080810546,99.05808888753256,0.0132811397948524,108.05999755859376,108.05999755859376,0.9926892380772174,0.9619998931884766,0.0089680238957167,106.0,102.08000183105467,102.08000183105467,-0.0483825391482118,JPMorgan BetaBuilders Canada ETF,Z,True,False,False,False,False,False,False,False,False,,False,,,10509565952.0,Country / Region,unknown,238.0,True,,False,True,383.0,True,True,False,51.0,,0,0,False,Country / Region,Country / Region,Country / Region,Country / Region,Country / Region
2026-08-26,AVLV,94.33000183105467,94.79000091552734,94.24500274658205,94.58999633789062,2716676.0,251,256970372.89123532,242959749.11758423,199668340.8310663,0.0375123202548253,0.0490643915403683,0.1302669051165998,0.4646736257243259,0.1647486173992473,0.1795959659183674,0.0174309858621417,0.008083290669811,0.023395410651612,0.0134425326634413,0.4939619082082122,92.46080032348632,87.00113713582357,0.00871982980571,95.31500244140624,95.31500244140624,0.9923935782936026,0.7070003509521484,0.0074743670401109,93.8550033569336,90.9499969482422,90.9499969482422,-0.0384818641566045,Avantis U.S. Large Cap Value ETF,P,True,False,False,False,False,False,False,False,False,,False,,,16735772672.0,Factor / Style,unknown,157.0,True,,False,True,119.0,True,True,False,52.0,,0,0,False,Factor / Style,Factor / Style,Factor / Style,Factor / Style,Factor / Style
2026-08-26,IMCG,97.7300033569336,98.68000030517578,97.9499969482422,98.37000274658205,101456.0,251,9980226.998657228,12830915.111720275,10419880.555127826,0.0452662002826711,0.0667060193956281,0.1728678267490266,0.2941992843748501,0.1163342126408182,0.1369422790536325,0.0133172837295304,0.0077601922447935,0.0236729141700602,0.0133296449186368,0.4985670780076062,97.13459991455078,89.29751805623373,0.0094548385207489,100.79000091552734,100.79000091552734,0.9759896999011488,1.0645004272460938,0.010821392675859,97.13999938964844,94.13999938964844,94.13999938964844,-0.0430009478380396,iShares Morningstar Mid-Cap Growth ETF,P,True,False,False,False,False,False,False,False,False,,False,,,4006894848.0,Factor / Style,unknown,422.0,True,,False,True,451.0,True,True,False,53.0,,0,0,False,Factor / Style,Factor / Style,Factor / Style,Factor / Style,Factor / Style
2026-08-26,FESM,47.68999862670898,47.959999084472656,47.68000030517578,47.88999938964844,679040.0,251,32519225.185546875,44612676.06476593,39974454.54598321,0.0325570997576212,0.0512205229426192,0.188848940961138,0.2123770214304761,0.0933567513111183,0.1431112457067731,0.0069143798729384,0.0047817816223795,0.0270264071913533,0.0125674005715203,0.3429037266360955,47.536821823120114,43.3509701538086,0.0122040831814609,48.93000030517578,48.93000030517578,0.9787451275487252,0.537249755859375,0.0112184122511286,47.5,46.14500045776367,46.14500045776367,-0.0364376478205166,Fidelity Enhanced Small Cap Core ETF,P,True,False,False,False,False,False,False,False,False,,False,,,5784907776.0,Factor / Style,unknown,356.0,True,,False,True,309.0,True,True,False,54.0,,0,0,False,Factor / Style,Factor / Style,Factor / Style,Factor / Style,Factor / Style
2026-08-26,AMLP,54.56999969482422,55.47999954223633,54.56999969482422,55.47999954223633,1167119.0,251,64751761.58573532,73998475.94534512,71084463.47058196,0.0312294042157901,0.0729170524311684,0.1227314743407737,0.2148662519318731,0.1449935374409615,0.1264204047342914,0.0067101450339122,0.0105725013717631,0.0155157626597969,0.0123026428225749,2.797853740533281,52.87861686706543,51.20902702331543,0.0130778339699533,55.5,55.5,0.9996396313916456,0.6961446132459767,0.0125476679702567,54.27999877929688,53.20121283557044,53.20121283557044,-0.0410740217279755,Alerian MLP ETF,P,True,False,False,False,False,False,False,False,False,,False,,,12160584704.0,REIT / Infra,unknown,203.0,True,,False,True,233.0,True,True,False,55.0,,0,0,False,REIT / Infra,REIT / Infra,REIT / Infra,REIT / Infra,REIT / Infra
2026-08-26,SGOV,100.6500015258789,100.66000366210938,100.6500015258789,100.6500015258789,14072854.0,251,1416432776.573471,2047647015.102668,2046171972.920159,0.0027587958804211,0.0090125390051307,0.0182189484596968,1.0,1.0,1.0,0.0027587958804211,0.0090125390051307,0.0182189484596968,0.0122347823142288,0.9802324529239668,100.30859405517576,99.58863505045574,0.0014670834368113,100.66000366210938,100.66000366210938,0.9999006344539382,0.0178443936273282,0.0001772915385673,100.5199966430664,100.37309262378142,100.37309262378142,-0.0027512061390907,iShares 0-3 Month Treasury Bond ETF,N,True,False,False,False,False,False,False,False,False,,False,,,95892447232.0,Bond,unknown,30.0,True,,False,True,15.0,True,True,False,56.0,,0,0,False,Bond,Bond,Bond,Bond,Bond
2026-08-26,XLK,180.7100067138672,183.34500122070312,180.7100067138672,182.83999633789065,4636530.0,251,847743128.22052,1317419294.2498474,1947561860.318008,0.0976765822072835,-0.0074390289460869,0.2816280543292295,0.3505709637668485,0.0,0.1234953164066635,0.0342425735618592,-0.0,0.0347797456783812,0.0121729109874334,-0.0,182.72077423095703,163.6532608540853,-0.00171156758838,191.75,198.49331469466887,0.9211393170553028,4.14375,0.0226632579468132,178.82000732421875,172.16000366210938,172.16000366210938,-0.0584116872111749,State Street Technology Select Sector SPDR ETF,P,True,False,False,False,False,False,False,False,False,,False,,,123912577024.0,Sector,unknown,23.0,True,,False,True,17.0,True,True,False,57.0,,0,0,False,Sector,Sector,Sector,Sector,Sector
2026-08-26,SOXX,512.6300048828125,516.385009765625,509.2999877929688,515.4000244140625,3836019.0,251,1977084286.252808,4282481044.86684,5589415438.710207,0.1083871492775536,-0.0857037491465333,0.402071930887929,0.2365531331715355,0.0,0.0856685945074623,0.0256393197571362,-0.0,0.0344449372100704,0.0120557280235246,-0.0,553.252802734375,463.20380432128906,-0.0197749095433145,566.02001953125,655.9500122070312,0.785730642309054,20.790249633789063,0.0403380843014601,498.9299926757813,485.7099914550781,485.7099914550781,-0.0576058043317668,iShares PHLX SOX Semiconductor Sector Index Fund,Q,True,False,False,False,False,False,False,False,False,,False,,,47824830464.0,Industry / Theme,unknown,60.0,True,,False,True,6.0,True,True,False,58.0,,0,0,False,Industry / Theme,Industry / Theme,Industry / Theme,Industry / Theme,Industry / Theme
2026-08-26,EWC,62.400001525878906,62.70000076293945,62.209999084472656,62.22999954223633,1072276.0,251,66727734.989151,108814599.46599884,101393197.64878993,0.0495867529315392,0.0731652908062234,0.0856504221055209,0.4441086255389989,0.1913024393130238,0.0984708050966634,0.0220219046893678,0.0139966986042773,0.0084340660215997,0.0120497772003401,1.2853967250845393,59.649199981689456,57.62000643412272,0.0128968249971104,62.709999084472656,62.709999084472656,0.9923457255741664,0.5789999008178711,0.0093041925932346,61.45000076293945,59.119998931884766,59.119998931884766,-0.0499759060457771,iShares MSCI Canada Index Fund,P,True,False,False,False,False,False,False,False,False,,False,,,5956639232.0,Country / Region,unknown,348.0,True,,False,True,184.0,True,True,False,59.0,,0,0,False,Country / Region,Country / Region,Country / Region,Country / Region,Country / Region
2026-08-26,GDXJ,133.35000610351562,134.8000030517578,132.6999969482422,132.86000061035156,4432682.0,251,588926133.2254944,633733483.4299972,610156231.0611945,0.3988207613666368,0.180348289730466,-0.1013865733807881,0.5497823628959327,0.1018258498990222,0.0,0.2192646205561045,0.0183641178796398,-0.0,0.0119366766217658,3.774585901534061,106.52560012817383,118.88100001017251,0.0406671140736447,136.25,157.49000549316406,0.8436090924901163,4.897499084472656,0.0368621034319871,114.91000366210938,94.11000061035156,94.11000061035156,-0.2916603930602486,VanEck Junior Gold Miners ETF,P,True,False,False,False,False,False,False,False,False,,False,,,7078291968.0,Commodity,unknown,309.0,True,,False,True,48.0,True,True,False,60.0,,0,0,False,Commodity,Commodity,Commodity,Commodity,Commodity
2026-08-26,PDBC,18.100000381469727,18.32869911193848,18.06999969482422,18.18000030517578,4390381.0,251,79817127.91983795,108058535.56990966,120380602.3588252,0.0347183051193369,0.0329545404053917,0.2358939672352256,0.1768121230214674,0.0477759433991908,0.1319894077905244,0.006138617235857,0.0015744342571543,0.0311355050367348,0.0119208090300075,11.30630381239376,17.16559991836548,16.858066641489664,0.008791727195833,18.71999931335449,18.950000762939453,0.959366732096942,0.2641348838806152,0.0145288712566972,17.68000030517578,16.84000015258789,16.84000015258789,-0.0737073778929694,Invesco Optimum Yield Diversified Commodity Strategy No K-1 ETF,Q,True,False,False,False,False,False,False,False,False,,False,,,5328577024.0,Commodity,unknown,367.0,True,,False,True,162.0,True,True,False,61.0,,0,0,False,Commodity,Commodity,Commodity,Commodity,Commodity
2026-08-26,VBIL,75.66999816894531,75.68000030517578,75.66999816894531,75.68000030517578,2100835.0,251,158991193.44112396,193889473.11268425,185691848.57487932,0.0028607151403672,0.0091302135825812,0.0183354250238041,0.9152542372881356,0.9716351983370864,0.958175965665236,0.0026182816538954,0.0088712368851713,0.017568563578066,0.0119153012276844,0.9780644842793894,75.41973403930665,74.8752138264974,0.0014720503874094,75.68000030517578,75.68000030517578,1.0,0.0154938089461239,0.0002047279186528,75.56999969482422,75.4641182668783,75.4641182668783,-0.0028525639194892,Vanguard 0-3 Month Treasury Bill ETF,Q,True,False,False,False,False,False,False,False,False,,False,,,9348372480.0,Bond,unknown,257.0,True,,False,True,123.0,True,True,False,62.0,,0,0,False,Bond,Bond,Bond,Bond,Bond
2026-08-26,GBIL,100.13999938964844,100.1500015258789,100.13999938964844,100.1500015258789,362942.0,251,36348641.85380554,50223172.47740249,60715226.52295576,0.0029536522317081,0.0091798902383202,0.017699254320209,0.9364825581395348,0.978513304214572,0.9670197940537358,0.0027660437978046,0.0089826447294258,0.0171155292676332,0.0118291543177984,1.0180111553155688,99.78128845214844,99.10014231363932,0.0014530278321518,100.1500015258789,100.1500015258789,1.0,0.0207443303157731,0.0002071326010954,100.0,99.84509270757673,99.84509270757673,-0.0030445213545342,Goldman Sachs Access Treasury 0-1 Year ETF,P,True,False,False,False,False,False,False,False,False,,False,,,7703504896.0,Bond,unknown,293.0,True,,False,True,258.0,True,True,False,63.0,,0,0,False,Bond,Bond,Bond,Bond,Bond
2026-08-26,VO,82.58000183105469,83.27999877929688,82.54530334472656,83.12000274658203,1883235.0,251,156534498.3724594,207421407.91197777,232733314.07041705,0.0310096739621605,0.0639757264382323,0.0993665580085698,0.3012047085296599,0.1787845086739908,0.1254406155745591,0.0093402598073723,0.011437868818321,0.0124646022041201,0.0117972255033507,0.736351664939007,81.38069137573243,77.33594273885092,0.0106473249220093,84.58999633789062,84.58999633789062,0.9826221343545544,0.7307353973388672,0.0087913302838397,82.4800033569336,80.0999984741211,80.0999984741211,-0.0363330627125746,Vanguard Morningstar Mid-Cap ETF,P,True,False,False,False,False,False,False,False,False,,False,,,223974162432.0,Other,unknown,11.0,True,,False,True,102.0,True,True,False,64.0,,0,0,False,Other,Other,Other,Other,Other
2026-08-26,FDN,286.70001220703125,288.82501220703125,286.67999267578125,288.25,91510.0,251,26377757.5,91323654.04367064,88178847.41007972,0.0764835934817267,0.0503589538062847,0.2013921093621415,0.3237432492082367,0.068510822223967,0.1354639680474948,0.0247610470648961,0.0034501333316073,0.0272813742676507,0.0117910676592225,0.4855316238832982,274.7622018432617,261.5704672241211,0.0114864423630494,295.57000732421875,295.57000732421875,0.9752342688945796,4.892245483398438,0.0169722306449208,283.54998779296875,263.9800109863281,263.9800109863281,-0.0841977068991218,First Trust DJ Internet Index Fund,P,True,False,False,False,False,False,False,False,False,,False,,,4975951360.0,Industry / Theme,unknown,378.0,True,,False,True,209.0,True,True,False,65.0,,0,0,False,Industry / Theme,Industry / Theme,Industry / Theme,Industry / Theme,Industry / Theme
2026-08-26,IYW,245.05999755859372,247.2899932861328,244.9600067138672,246.6699981689453,850494.0,251,209791353.42269897,124663344.71489716,155183763.03611878,0.0850268414816235,0.0016748524590062,0.2594834655916673,0.3381144385195157,0.0017882961672506,0.1283406454643959,0.028748802766647,2.9951322331511008e-06,0.0333022754613729,0.011657743247432,0.0005862871991029,245.92660034179687,221.6354052734375,0.0013725580963777,257.3999938964844,260.9332505385792,0.9453375438347016,4.640998840332031,0.0188146060517395,242.82000732421875,232.6100006103516,232.6100006103516,-0.05699922026579,iShares U.S. Technology ETF,P,True,False,False,False,False,False,False,False,False,,False,,,25393864704.0,Sector,unknown,109.0,True,,False,True,137.0,True,True,False,66.0,,0,0,False,Sector,Sector,Sector,Sector,Sector
2026-08-26,BIL,91.62000274658205,91.62999725341795,91.62000274658205,91.62999725341795,7295406.0,251,668478031.742569,831779379.2020271,904177834.486651,0.002877166548747,0.0089994066205287,0.0179370304539636,1.0,0.953516939345926,0.9531337260624404,0.002877166548747,0.008581086656736,0.0170963886710818,0.011561442361757,0.9945788319911616,91.31511169433594,90.6700885518392,0.0014454206949718,91.62999725341795,91.62999725341795,1.0,0.0181416291842637,0.0001979878830956,91.5,91.37709045410156,91.37709045410156,-0.0027600873829227,State Street SPDR Bloomberg 1-3 Month T-Bill ETF,P,True,False,False,False,False,False,False,False,False,,False,,,47077847040.0,Bond,unknown,64.0,True,,False,True,35.0,True,True,False,67.0,,0,0,False,Bond,Bond,Bond,Bond,Bond
2026-08-26,VGT,116.88999938964844,118.3550033569336,116.88999938964844,117.98999786376952,2224711.0,251,262493646.13750455,464273028.4186306,551100803.2695631,0.090480602510649,0.0063933357189742,0.2592524225764443,0.3550961561078741,0.0065983685885256,0.1268657858259328,0.0321293141538559,4.218558558397879e-05,0.0328902623174374,0.0115390124417326,0.0069509040296202,116.90893814086914,105.54217854817708,0.0018664602963809,123.38999938964844,125.850191476801,0.9375432526498746,2.400250244140625,0.0203428281006661,115.91000366210938,111.33000183105467,111.33000183105467,-0.0564454288778311,Vanguard Information Tech ETF,P,True,False,False,False,False,False,False,False,False,,False,,,169247817728.0,Other,unknown,14.0,True,,False,True,54.0,True,True,False,68.0,,0,0,False,Other,Other,Other,Other,Other
2026-08-26,TCAF,42.61000061035156,42.81439971923828,42.595001220703125,42.77000045776367,444046.0,251,18991847.623268127,24224167.065306477,27177224.54170069,0.056049394018856,0.0508599424083824,0.1270092120665054,0.501546189731682,0.1392439169090733,0.1560071829281001,0.0281113600069269,0.007081937594713,0.0198143493804131,0.011538281719708,0.6480135488653318,41.60143989562988,39.39988001505534,0.0114572748674186,43.1349983215332,43.1349983215332,0.9915382432369928,0.3432697296142578,0.0080259463628775,42.25,40.68000030517578,40.68000030517578,-0.0488660306340611,T. Rowe Price Capital Appreciation Equity ETF,P,True,False,False,False,False,False,False,False,False,,False,,,7400264704.0,Other,unknown,297.0,True,,False,True,368.0,True,True,False,69.0,,0,0,False,Other,Other,Other,Other,Other
2026-08-26,IWR,112.63999938964844,113.54499816894533,112.56500244140624,113.23999786376952,934060.0,251,105772952.40463255,140360369.6264572,203677561.8530976,0.0334002187585071,0.0643214716162641,0.1092869285974957,0.2764347902751711,0.1620097202111506,0.1242380680505145,0.0092329824676527,0.0104207036201204,0.0135775968721274,0.0115256162583228,0.6579115899373845,110.83640014648438,104.87986821492512,0.0114633183895846,114.97000122070312,114.97000122070312,0.9849525672909007,1.0059989929199218,0.0088837779220921,112.56500244140624,108.66999816894533,108.66999816894533,-0.0403567624605754,iShares Russell Mid-Cap ETF,P,True,False,False,False,False,False,False,False,False,,False,,,56977440768.0,Other,unknown,51.0,True,,False,True,117.0,True,True,False,70.0,,0,0,False,Other,Other,Other,Other,Other
2026-08-26,FTEC,278.92999267578125,282.472900390625,278.92999267578125,281.6600036621094,213907.0,251,60249046.40335083,80913202.72528839,91726304.78014022,0.0911133016154195,0.005534372913974,0.2594452234014608,0.356256231686296,0.0057078828741265,0.1266128696601865,0.0324596814900062,3.1589552374702536e-05,0.0328491042544871,0.011517719698114,0.0052535145204234,279.1485961914062,251.95707733154296,0.0016133686968313,294.42999267578125,300.4786748358019,0.9373710258008292,5.6536407470703125,0.0200725721563671,276.8299865722656,265.7900085449219,265.7900085449219,-0.0563445107961646,Fidelity MSCI Information Technology Index ETF,P,True,False,False,False,False,False,False,False,False,,False,,,20956467200.0,Country / Region,unknown,130.0,True,,False,True,202.0,True,True,False,71.0,,0,0,False,Country / Region,Country / Region,Country / Region,Country / Region,Country / Region
2026-08-26,TBIL,49.9900016784668,50.0,49.9900016784668,50.0,1375832.0,251,68791600.0,77318921.87936783,88414389.32053702,0.0028078497379595,0.0091358235133296,0.0183558423030854,0.8749761586877742,0.945694361426579,0.913483584848028,0.0024568015778923,0.0086396967835442,0.0167677606299275,0.0114845191297783,0.9909621551122408,49.82505516052246,49.46875417073568,0.0014672858992892,50.0,50.0,1.0,0.0119998931884765,0.0002399978637695,49.93000030517578,49.86000061035156,49.86000061035156,-0.0027999877929687,F/m US Treasury 3 Month Bill Fund,Q,True,False,False,False,False,False,False,False,False,,False,,,7079277056.0,Bond,unknown,308.0,True,,False,True,208.0,True,True,False,72.0,,0,0,False,Bond,Bond,Bond,Bond,Bond
2026-08-26,BILS,99.41000366210938,99.41000366210938,99.38999938964844,99.38999938964844,352985.0,251,35083178.93455505,26436960.74829483,30167692.92814588,0.0029858031722762,0.0091073569407993,0.0177005620097765,1.0,0.918474482262966,0.9466232165611748,0.0029858031722762,0.0083648749509847,0.0167557629446352,0.0113016857487623,1.0051522230108274,99.03365982055664,98.35170277913411,0.0014731056695009,99.41000366210938,99.41000366210938,0.9997987700259128,0.0220439910888671,0.0002217928486189,99.26000213623048,99.10409569685476,99.10409569685476,-0.0028765841085561,State Street SPDR Bloomberg 3-12 Month T-Bill ETF,P,True,False,False,False,False,False,False,False,False,,False,,,3866119680.0,Bond,unknown,439.0,True,,False,True,352.0,True,True,False,73.0,,0,0,False,Bond,Bond,Bond,Bond,Bond
2026-08-26,TFLO,50.630001068115234,50.630001068115234,50.619998931884766,50.619998931884766,692487.0,251,35053691.200344086,67360717.03588924,72999276.9247281,0.0025741068125131,0.009398935918137,0.0187866716949332,0.8666564916564916,0.8255936710721492,0.8866957766383419,0.0022308663792817,0.0077597020088266,0.0166580624489883,0.0108741281628832,0.9518323342624078,50.45085464477539,50.07251286824544,0.0015356357560534,50.630001068115234,50.630001068115234,0.9998024464542868,0.0139968341973425,0.0002765079907681,50.560001373291016,50.490033256238696,50.490033256238696,-0.0025674768547694,iShares Treasury Floating Rate Bond ETF,P,True,False,False,False,False,False,False,False,False,,False,,,6588089856.0,Bond,unknown,326.0,True,,False,True,229.0,True,True,False,74.0,,0,0,False,Bond,Bond,Bond,Bond,Bond
2026-08-26,SHV,110.33999633789062,110.3499984741211,110.33999633789062,110.3499984741211,1905900.0,251,210316062.0918274,284859073.0620575,285372884.9465143,0.00299828897051,0.009114672814837,0.0178121766514631,1.0,0.8622209902453833,0.9238099409121932,0.00299828897051,0.0078588622201714,0.0164550658599057,0.0108675334940784,1.0090561066377983,109.95035064697264,109.1902926635742,0.0014602333104729,110.3499984741211,110.3499984741211,1.0,0.0204921591237351,0.0001857014898694,110.19000244140624,110.02012662861908,110.02012662861908,-0.0029893235166593,iShares 0-1 Year Treasury Bond ETF,N,True,False,False,False,False,False,False,False,False,,False,,,20945842176.0,Bond,unknown,131.0,True,,False,True,88.0,True,True,False,75.0,,0,0,False,Bond,Bond,Bond,Bond,Bond
2026-08-26,USMV,101.19000244140624,101.74500274658205,101.09500122070312,101.5500030517578,1039280.0,251,105538887.17163086,196236344.12973785,207628906.23161197,0.0325369052087858,0.0606849064977097,0.0609627269459907,0.4123716104015361,0.2149099425674503,0.1073689743223659,0.0134172959984291,0.0130417897701338,0.0065455054640854,0.0107680902630169,1.0353324518372753,98.09919982910156,95.73570409138998,0.011210226670403,101.81999969482422,101.81999969482422,0.997348294599532,0.7605003356933594,0.0074889247940814,100.38999938964844,96.91000366210938,96.91000366210938,-0.0456917700660582,iShares MSCI USA Min Vol Factor ETF,Z,True,False,False,False,False,False,False,False,False,,False,,,23007752192.0,Country / Region,unknown,118.0,True,,False,True,115.0,True,True,False,76.0,,0,0,False,Country / Region,Country / Region,Country / Region,Country / Region,Country / Region
2026-08-26,IGM,157.36000061035156,158.89999389648438,157.34500122070312,158.63999938964844,184281.0,251,29234337.727523804,54254212.54349594,69917945.5959044,0.085088937763865,-0.0111052719937488,0.2526455349981487,0.3236212708458703,0.0,0.1200512726061691,0.0275365901740671,-0.0,0.0303304179947941,0.0106156462981779,-0.0,158.65219940185546,143.93804712931316,-0.001432626018551,166.1999969482422,171.40683033840085,0.9255173733535156,3.1707496643066406,0.0199870756209391,155.72999572753906,149.72999572753906,149.72999572753906,-0.0561649249646352,iShares Expanded Tech Sector ETF,P,True,False,False,False,False,False,False,False,False,,False,,,10708001792.0,Sector,unknown,232.0,True,,False,True,238.0,True,True,False,77.0,,0,0,False,Sector,Sector,Sector,Sector,Sector
2026-08-26,DFSV,39.970001220703125,40.15499877929688,39.81999969482422,40.02999877929688,526793.0,251,21087523.14694214,24584821.04614868,32154813.52290998,0.0088205259936815,0.0633101583399931,0.1015977413812687,0.0899737384554132,0.1585079580357806,0.1140101423816219,0.0007936156987946,0.0100351639213942,0.0115831729605296,0.0105769670850916,0.5729727901808217,39.43801681518555,37.301180877685546,0.0118466229985747,40.95000076293945,40.95000076293945,0.97753352951155,0.4003505706787109,0.0100012636244637,39.79999923706055,39.244998931884766,39.244998931884766,-0.019610289066961,Dimensional US Small Cap Value ETF,P,True,False,False,False,False,False,False,False,False,,False,,,7919026176.0,Factor / Style,unknown,288.0,True,,False,True,340.0,True,True,False,78.0,,0,0,False,Factor / Style,Factor / Style,Factor / Style,Factor / Style,Factor / Style
2026-08-26,IQMM,100.08000183105467,100.08499908447266,100.08000183105467,100.08499908447266,307218.0,131,30747913.24873352,239293115.0160362,176688973.8411117,0.0027512645283553,0.0087400850109411,0.0179109809627349,1.0,0.8567401332649923,0.9014746774143156,0.0027512645283553,0.007487981597021,0.0161462957855554,0.010518391563008,0.9835684384259298,99.74166595458983,,0.0014438924446837,100.08499908447266,100.08499908447266,1.0,0.0294969858817523,0.0002947193500682,99.94711303710938,99.81039428710938,99.81039428710938,-0.0027437158402879,ProShares GENIUS Money Market ETF,P,True,False,False,False,False,False,False,False,False,,False,,,20518305792.0,Other,unknown,132.0,True,,False,True,125.0,False,False,False,79.0,,0,0,False,Other,Other,Other,Other,Other
2026-08-26,FDL,53.27999877929688,53.55550003051758,53.22999954223633,53.41999816894531,582824.0,251,31134457.012817383,35156416.78464279,42952199.18426441,0.0186880161689628,0.0722949189063362,0.0708783794892735,0.166666774793127,0.1670438742688506,0.095542198344584,0.0031146713821628,0.0120764233440667,0.0067718761915068,0.0102198318406708,1.4147254521266126,51.00158065795898,49.832509435017904,0.0127002496227768,53.7599983215332,53.7599983215332,0.9936755922023216,0.6072748184204102,0.0113679303488527,52.310001373291016,50.9900016784668,50.9900016784668,-0.0454885169182043,First Trust Morningstar ETF,P,True,False,False,False,False,False,False,False,False,,False,,,7288230400.0,Other,unknown,303.0,True,,False,True,300.0,True,True,False,80.0,,0,0,False,Other,Other,Other,Other,Other
2026-08-26,VBR,248.19000244140625,249.8800048828125,247.72999572753903,249.0800018310547,197769.0,251,49260302.882125854,63111102.6855339,67288013.2205256,0.0166115971408065,0.0640224629837513,0.0915421351920999,0.1466672531919807,0.1643830412170558,0.1030642908202271,0.0024363773237738,0.0105242071714754,0.0094347252437431,0.0101428884967691,0.6439879007418764,244.79888488769527,232.37267608642577,0.0109226917230986,251.8500061035156,251.8500061035156,0.9890013730183416,2.471002197265625,0.0099205162160776,247.30999755859372,242.42999267578125,242.42999267578125,-0.0266982861184655,Vanguard Morningstar Small-Cap Value ETF,P,True,False,False,False,False,False,False,False,False,,False,,,67781795840.0,Factor / Style,unknown,46.0,True,,False,True,243.0,True,True,False,81.0,,0,0,False,Factor / Style,Factor / Style,Factor / Style,Factor / Style,Factor / Style
2026-08-26,VIG,244.1100006103516,244.5792999267578,243.83999633789065,244.1199951171875,698314.0,251,170472410.27026367,224830406.4454437,256764752.332723,0.0233064957054593,0.051969239135116,0.0811741137475066,0.299245603459745,0.1862977967321403,0.1314728232816084,0.0069743663719121,0.0096817547487178,0.0106721899117671,0.010028407055785,0.5967498407032503,239.79698333740237,229.52512685139973,0.0090438035188809,247.4499969482422,247.4499969482422,0.986542728340582,1.6679641723632812,0.0068325586012018,242.1000061035156,237.1999969482422,237.1999969482422,-0.0283467077968088,Vanguard Div Appreciation ETF,P,True,False,False,False,False,False,False,False,False,,False,,,129462992896.0,Other,unknown,20.0,True,,False,True,97.0,True,True,False,82.0,,0,0,False,Other,Other,Other,Other,Other
2026-08-26,DFAT,71.30000305175781,71.70500183105469,71.05000305175781,71.41000366210938,264547.0,251,18891302.23880005,19459248.22675476,21765079.05565825,0.0060580485325347,0.061517981106042,0.0961309128912304,0.0611665500008139,0.1574228426949857,0.1081517685544959,0.0003705499284726,0.0096843354625695,0.0103967282419447,0.0099336729353508,0.5993078847424803,70.53445999145508,66.75266337076823,0.0112469417552194,72.80999755859375,72.80999755859375,0.9807719551788512,0.7239002227783203,0.0101372382811181,70.94999694824219,70.09500122070312,70.09500122070312,-0.0184148210890514,Dimensional U.S. Targeted Value ETF,P,True,False,False,False,False,False,False,False,False,,False,,,14320157696.0,Factor / Style,unknown,179.0,True,,False,True,390.0,True,True,False,83.0,,0,0,False,Factor / Style,Factor / Style,Factor / Style,Factor / Style,Factor / Style
2026-08-26,IXN,137.77999877929688,139.0850067138672,137.80999755859375,138.74000549316406,343148.0,251,47608355.40496826,66147610.78668213,59307926.95920914,0.1055861650725229,-0.0031145048412037,0.2593473224725491,0.3700082216710808,0.0,0.1079358127418562,0.0390677491715533,-0.0,0.0279928640334988,0.0097975024117246,-0.0,138.2887989807129,123.57797663370768,-0.0010094672433156,145.22999572753906,149.65093919782692,0.9270907769563714,3.0627506256103514,0.0220754685335604,136.0,129.88999938964844,129.88999938964844,-0.06378842261147,iShares Global Tech ETF,P,True,False,False,False,False,False,False,False,False,,False,,,9455798272.0,Global Equity,unknown,256.0,True,,False,True,261.0,True,True,False,84.0,,0,0,False,Global Equity,Global Equity,Global Equity,Global Equity,Global Equity
2026-08-26,BOXX,117.98999786376952,117.98999786376952,117.95999908447266,117.98999786376952,4409188.0,251,520240082.7009583,342755524.14488983,295505453.72332376,0.0031456819294986,0.0098425330530926,0.019087917669488,0.7551071250622821,0.7419386594868109,0.729367419444997,0.002375326838144,0.0073025557793662,0.013922105253173,0.0096193980951986,0.9993303124006262,117.5143994140625,116.65229970296224,0.0016143194152939,117.98999786376952,117.98999786376952,1.0,0.0395004272460937,0.0003347777604988,117.8000030517578,117.62000274658205,117.62000274658205,-0.0031358176445998,Alpha Architect 1-3 Month Box ETF,Z,True,False,False,False,False,False,False,False,False,,False,,,12697272320.0,Other,unknown,199.0,True,,False,True,85.0,True,True,False,85.0,,0,0,False,Other,Other,Other,Other,Other
2026-08-26,SPSM,57.040000915527344,57.26499938964844,56.880001068115234,57.06999969482422,950447.0,251,54242009.999946594,77417113.37774773,93114581.40476324,0.0172905748143752,0.0546141454574471,0.1290104411458847,0.1319729825956347,0.1163057005474915,0.1209343724241204,0.002281888729046,0.0063519364472309,0.0156017967361364,0.0095893875483479,0.4134987818317565,56.92402397155762,52.99254717508952,0.0111209245250112,58.59999847412109,58.59999847412109,0.973890805134192,0.5922496795654297,0.0103776008889508,56.83000183105469,55.95000076293945,55.95000076293945,-0.0196250032919894,State Street SPDR Portfolio S&P 600 Small Cap ETF,P,True,False,False,False,False,False,False,False,False,,False,,,16915987456.0,Factor / Style,unknown,154.0,True,,False,True,198.0,True,True,False,86.0,,0,0,False,Factor / Style,Factor / Style,Factor / Style,Factor / Style,Factor / Style
2026-08-26,QLTY,43.15999984741211,43.22499847412109,43.0099983215332,43.13999938964844,300541.0,251,12965338.556564333,17473857.531504057,17637761.279204354,0.0496350606147064,0.0454357037497747,0.1163792835380705,0.4573994023069515,0.1283870691357586,0.1398339929546817,0.022703047058636,0.0058333568385541,0.0162737799143334,0.0094875049150769,0.5258329315693853,41.915952377319336,39.92496358235677,0.0097003934598793,43.52000045776367,43.52000045776367,0.9912683579016957,0.3465003967285156,0.0080319981833764,42.709999084472656,41.22999954223633,41.22999954223633,-0.0442744523513002,GMO U.S. Quality ETF,P,True,False,False,False,False,False,False,False,False,,False,,,4698446848.0,Factor / Style,unknown,390.0,True,,False,True,412.0,True,True,False,87.0,,0,0,False,Factor / Style,Factor / Style,Factor / Style,Factor / Style,Factor / Style
2026-08-26,IJR,146.63999938964844,147.27000427246094,146.26499938964844,146.77000427246094,2125230.0,251,311920016.17996216,366198391.5984116,510275418.63296026,0.0169761420725138,0.0543882478589614,0.1284732597757043,0.1271406479015771,0.1154540301405385,0.1198997191439666,0.0021583577019686,0.0062793424075996,0.0154039077646168,0.0094729402825556,0.4105502329586533,146.40460083007812,136.30451858520507,0.0111213920205046,150.69000244140625,150.69000244140625,0.97398634212333,1.555748748779297,0.0105999094058158,146.13999938964844,143.8699951171875,143.8699951171875,-0.0197588680987561,iShares Core S&P Small-Cap ETF,P,True,False,False,False,False,False,False,False,False,,False,,,111317172224.0,Other,unknown,25.0,True,,False,True,60.0,True,True,False,88.0,,0,0,False,Other,Other,Other,Other,Other
2026-08-26,VIOO,136.02000427246094,136.47000122070312,135.6300048828125,136.02000427246094,125912.0,251,17126550.7779541,11413891.476657104,10259435.570437476,0.0165919369960281,0.0541734911206217,0.1280477874186742,0.124161108190588,0.1138252491450005,0.1192462805803433,0.0020600732844552,0.0061663111238592,0.0152692223862193,0.0093523300656852,0.4058856102947627,135.71559967041014,126.35753321329751,0.0110961956952009,139.6999969482422,139.6999969482422,0.973657890077516,1.3610008239746094,0.0100058872314721,135.5500030517578,133.52000427246094,133.52000427246094,-0.0183796494741483,Vanguard S&P Small-Cap 600 ETF,P,True,False,False,False,False,False,False,False,False,,False,,,6406161408.0,Other,unknown,335.0,True,,False,True,453.0,True,True,False,89.0,,0,0,False,Other,Other,Other,Other,Other
2026-08-26,GNR,78.48999786376953,78.9800033569336,78.33999633789062,78.33999633789062,123483.0,251,9673657.767791748,19260971.629959103,17647820.54218595,0.0918466388556185,0.0802389487064869,0.061576674256855,0.5301676622302096,0.1523545562503682,0.0608544294776545,0.0486941178057855,0.0122247694241728,0.0037472133810322,0.0092576248090736,3.356508721915578,71.67320022583007,72.11880366007487,0.0142443513507728,79.48999786376953,79.48999786376953,0.9855327518331328,0.9980010986328124,0.0127393559520771,74.25,71.5,71.5,-0.087311675486795,State Street SPDR S&P Global Natural Resources ETF,P,True,False,False,False,False,False,False,False,False,,False,,,4480049664.0,Global Equity,unknown,401.0,True,,False,True,411.0,True,True,False,90.0,,0,0,False,Global Equity,Global Equity,Global Equity,Global Equity,Global Equity
2026-08-26,IWN,224.7400054931641,225.09500122070312,223.91000366210935,224.33999633789065,316164.0,251,70928230.60217285,99148023.59637757,130358395.56549168,0.0123645765293665,0.0480845034779091,0.1302118378563164,0.1130359462970983,0.1127633996613358,0.125220105221736,0.0013976416085598,0.0054221720831963,0.0163051400374835,0.0092312108671968,0.4039551480989063,222.126799621582,207.5562045288086,0.0110914255161995,227.8600006103516,227.8600006103516,0.9845518991352928,2.135750579833984,0.0095201507296862,223.55999755859372,219.0200042724609,219.0200042724609,-0.0237139705459251,iShares Russell 2000 Value ETF,P,True,False,False,False,False,False,False,False,False,,False,,,14527014912.0,Factor / Style,unknown,175.0,True,,False,True,153.0,True,True,False,91.0,,0,0,False,Factor / Style,Factor / Style,Factor / Style,Factor / Style,Factor / Style
2026-08-26,IJT,172.91000366210938,173.9550018310547,172.91000366210938,173.3699951171875,91974.0,251,15945531.930908203,39020639.38882752,35125219.81172689,0.0191640379468529,0.0558468128636275,0.134964687859578,0.1314513752289587,0.1068928385810847,0.1128926398901482,0.0025191391430537,0.0059696243526997,0.0152365199044176,0.009213037795801,0.4064454373556265,174.22340057373046,160.85061360677082,0.0121767617404362,179.67999267578125,179.67999267578125,0.964882024622632,1.934247589111328,0.0111567609366539,172.72999572753906,171.05999755859375,171.05999755859375,-0.0133240908095563,iShares S&P SmallCap 600 Growth ETF,Q,True,False,False,False,False,False,False,False,False,,False,,,8216008192.0,Factor / Style,unknown,278.0,True,,False,True,326.0,True,True,False,92.0,,0,0,False,Factor / Style,Factor / Style,Factor / Style,Factor / Style,Factor / Style
2026-08-26,OMFL,70.7300033569336,71.04000091552734,70.7300033569336,70.93000030517578,110876.0,251,7864434.71383667,7489229.264950561,8538360.238140289,0.0391151199148316,0.0381691962604215,0.1209142777498997,0.4540821225324444,0.1130597750513682,0.1513244935183139,0.0177614766740378,0.0043154007430947,0.0182972918396363,0.0092090626268843,0.4690406206730516,69.35923461914062,65.78206957499187,0.0087667404746827,71.51000213623047,71.51000213623047,0.991889220895984,0.5070003509521485,0.0071478972052838,70.3499984741211,68.4000015258789,68.4000015258789,-0.0356689520430223,Invesco Russell 1000 Dynamic Multifactor ETF,Z,True,False,False,False,False,False,False,False,False,,False,,,4719748608.0,Factor / Style,unknown,388.0,True,,False,True,458.0,True,True,False,93.0,,0,0,False,Factor / Style,Factor / Style,Factor / Style,Factor / Style,Factor / Style
2026-08-26,SLYG,115.62999725341795,116.04499816894533,115.37950134277344,115.6999969482422,112447.0,251,13010117.55683899,13928785.411495209,13858051.552425569,0.0184859023092283,0.0556595666479062,0.1346562308926961,0.1277372923319384,0.1068846650866954,0.1131976378796669,0.0023613391072935,0.005949154140032,0.0152427672628322,0.0092019187330121,0.4044216100777428,116.25638793945312,107.33330276489258,0.0121746983089208,119.83999633789062,119.83999633789062,0.965453942622164,1.277273941040039,0.0110395330573035,115.3000030517578,114.16999816894533,114.16999816894533,-0.013223844595098,State Street SPDR S&P 600 Small Cap Growth ETF,P,True,False,False,False,False,False,False,False,False,,False,,,5195253248.0,Factor / Style,unknown,370.0,True,,False,True,432.0,True,True,False,94.0,,0,0,False,Factor / Style,Factor / Style,Factor / Style,Factor / Style,Factor / Style
2026-08-26,SLYV,109.94000244140624,110.2699966430664,109.5,110.04000091552734,159593.0,251,17561613.866111755,18821185.64226494,20912053.457430765,0.0153165132328605,0.0537198161231118,0.1223927309180412,0.1184025075776951,0.1138843504869181,0.1216907423884869,0.0018135135741176,0.0061178463674572,0.0148940622883707,0.0091895219397769,0.4296758846746455,108.949979095459,102.3202232869466,0.0099411169818781,112.4000015258789,112.4000015258789,0.979003553573723,1.1485004425048828,0.0104371177112814,109.45999908447266,107.27999877929688,107.27999877929688,-0.0250818076451052,State Street SPDR S&P 600 Small Cap Value ETF,P,True,False,False,False,False,False,False,False,False,,False,,,4830834688.0,Factor / Style,unknown,384.0,True,,False,True,397.0,True,True,False,95.0,,0,0,False,Factor / Style,Factor / Style,Factor / Style,Factor / Style,Factor / Style
2026-08-26,IVE,236.92999267578125,238.31460571289065,236.78570556640625,237.8600006103516,339772.0,251,80818168.12738037,136293773.61419374,224597248.6968016,0.0236701669200933,0.0474080629977087,0.0816837285922158,0.3212623465427897,0.1698436044398333,0.1375096444927537,0.0076043333678087,0.0080519562990415,0.0112323004795581,0.0091650767622223,0.7403753854851797,232.06999969482425,223.1331965128581,0.0095559386716137,239.92999267578125,239.92999267578125,0.9913725164480504,1.7079437255859375,0.0071804579214804,235.9900054931641,229.88999938964844,229.88999938964844,-0.0335071100658034,iShares S&P 500 Value ETF,P,True,False,False,False,False,False,False,False,False,,False,,,47735062528.0,Factor / Style,unknown,61.0,True,,False,True,109.0,True,True,False,96.0,,0,0,False,Factor / Style,Factor / Style,Factor / Style,Factor / Style,Factor / Style
2026-08-26,VOOV,228.75,230.0800018310547,228.8500061035156,229.6699981689453,40066.0,251,9201958.146636965,15478614.475935364,15100078.295946391,0.0238498157544815,0.0473440046314659,0.0819925108462329,0.3292311332758036,0.1694958194836004,0.1371324625609556,0.007852101869267,0.0080246108626456,0.0112438349238997,0.0091513392840846,0.7420209601839685,224.04011474609376,215.40269439697263,0.0095794640441106,231.66000366210935,231.66000366210935,0.991409801166771,1.5849990844726562,0.0069012021470332,227.9199981689453,221.9600067138672,221.9600067138672,-0.0335698677082177,Vanguard S&P 500 Value ETF,P,True,False,False,False,False,False,False,False,False,,False,,,6683939328.0,Factor / Style,unknown,325.0,True,,False,True,423.0,True,True,False,97.0,,0,0,False,Factor / Style,Factor / Style,Factor / Style,Factor / Style,Factor / Style
2026-08-26,SPYV,63.43999862670898,63.8297004699707,63.41999816894531,63.70000076293945,928756.0,251,59161757.9085846,121418917.80404817,137193158.38685343,0.0244451664571181,0.0473350602667395,0.0822534286385359,0.3304352657561692,0.1684159787913478,0.1377265250679367,0.0080775450747116,0.0079719805059703,0.011328478901309,0.0091467549443389,0.731325557546727,62.14506805419922,59.74478909810384,0.0095787995320499,64.26000213623047,64.26000213623047,0.9912853819689608,0.4634851455688477,0.0072760618527104,63.18999862670898,61.560001373291016,61.560001373291016,-0.0335949664680927,State Street SPDR Portfolio S&P 500 Value ETF,P,True,False,False,False,False,False,False,False,False,,False,,,35300089856.0,Factor / Style,unknown,85.0,True,,False,True,147.0,True,True,False,98.0,,0,0,False,Factor / Style,Factor / Style,Factor / Style,Factor / Style,Factor / Style
2026-08-26,EFV,82.58000183105469,82.58000183105469,82.18499755859375,82.2300033569336,1191234.0,251,97955175.81889343,216480584.09585345,389666958.9202801,0.0359033283210765,0.0674696453993146,0.05598579354096,0.380508654128231,0.180933424805469,0.0595077721070582,0.0136615271381768,0.0122075140125085,0.0033315898432682,0.0091009405532744,0.8756110424765088,79.3718000793457,76.31409169514974,0.0152761151401836,82.66999816894531,82.66999816894531,0.9946776966038812,0.615750503540039,0.007488148831361,81.22000122070312,80.1500015258789,80.1500015258789,-0.0252949257709023,iShares MSCI EAFE Value ETF,Z,True,False,False,False,False,False,False,False,False,,False,,,23718227968.0,Country / Region,unknown,116.0,True,,False,True,71.0,True,True,False,99.0,,0,0,False,Country / Region,Country / Region,Country / Region,Country / Region,Country / Region
2026-08-26,IUSV,114.69000244140624,115.38999938964844,114.69000244140624,115.1999969482422,433446.0,251,49932977.87722778,63685756.11630402,70819930.98732165,0.0229088451317629,0.0476354284153781,0.0819211579781784,0.3035295469294297,0.1669773224519496,0.1349626095775057,0.0069535113835204,0.0079540362906513,0.011056293260346,0.0090398262300445,0.721767303075801,112.4718000793457,108.0823356628418,0.0095519163667325,116.19000244140624,116.19000244140624,0.9914794261781404,0.8469997406005859,0.0073524284985973,114.29000091552734,111.44000244140624,111.44000244140624,-0.0326388420698071,iShares Core S&P U.S. Value ETF,Q,True,False,False,False,False,False,False,False,False,,False,,,26456442880.0,Factor / Style,unknown,103.0,True,,False,True,236.0,True,True,False,100.0,,0,0,False,Factor / Style,Factor / Style,Factor / Style,Factor / Style,Factor / Style
2026-08-26,USMC,76.16000366210938,76.16000366210938,75.7699966430664,75.90879821777344,47249.0,251,3586614.806991577,4936168.683998871,6375518.943178934,0.0464405467290942,0.0284722828797585,0.1337693903899557,0.4631794594220366,0.0800111661186728,0.1613799368396857,0.0215103073292457,0.0022781005552702,0.0215876957722143,0.0090364588812006,0.2793113960831486,74.61743743896484,70.6003641764323,0.0084876568176985,76.95999908447266,76.95999908447266,0.986340944916782,0.6129001617431641,0.0080741649997517,75.58999633789062,72.80999755859375,72.80999755859375,-0.0408226810585196,Principal U.S. Mega-Cap ETF,Q,True,False,False,False,False,False,False,False,False,,False,,,3491833344.0,Other,unknown,462.0,True,,False,True,462.0,True,True,False,101.0,,0,0,False,Other,Other,Other,Other,Other
2026-08-26,IJS,137.9199981689453,138.27000427246094,137.30999755859375,137.92999267578125,79122.0,251,10913296.880493164,23806503.65673828,43431181.142791264,0.0152362141625956,0.0533356498984871,0.1214750592087017,0.1167508496471027,0.1122141347803286,0.1202490359308165,0.0017788409488882,0.0059850138063052,0.0146072587594852,0.0090027995399182,0.4231436188949158,136.57799926757812,128.2720812479655,0.0099390671379653,141.17999267578125,141.17999267578125,0.976979740978854,1.4729995727539062,0.0106793275645011,137.22999572753906,134.49000549316406,134.49000549316406,-0.0249400954490242,iShares S&P SmallCap 600 Value ETF,P,True,False,False,False,False,False,False,False,False,,False,,,8017806848.0,Factor / Style,unknown,287.0,True,,False,True,298.0,True,True,False,102.0,,0,0,False,Factor / Style,Factor / Style,Factor / Style,Factor / Style,Factor / Style
2026-08-26,DIA,535.3400268554688,535.9500122070312,533.3099975585938,534.22998046875,1702128.0,251,909327808.1953124,1792830678.0651002,2205002484.3411613,0.0373740693460524,0.0580101092583911,0.0871981366840362,0.3265762430315564,0.1503332446309891,0.1079939195535365,0.0122054831538346,0.0087208479462121,0.009416868558274,0.0089644551604338,0.5611616137901778,526.2567297363281,499.8491965738932,0.0095031974289572,546.2970287569466,546.2970287569466,0.9779111954614614,4.677072385318849,0.0087547920489506,526.7632573034381,515.4425999639255,515.4425999639255,-0.0351672148544337,State Street SPDR Dow Jones Industrial Average ETF Trust,P,True,False,False,False,False,False,False,False,False,,False,,,44062826496.0,US Equity,unknown,69.0,True,,False,True,14.0,True,True,False,103.0,,0,0,False,US Equity,US Equity,US Equity,US Equity,US Equity
2026-08-26,SMH,554.1519775390625,557.780029296875,550.5399780273438,555.77001953125,3599394.0,251,2000435273.680664,4426038170.788526,6495499529.504524,0.102237154785105,-0.066717011702351,0.3041346319583404,0.2701072423569812,0.0,0.0834100074427681,0.0276149959454285,-0.0,0.0253678719152487,0.008878755170337,-0.0,584.9372003173828,505.9940006510417,-0.0141824659140862,600.3699951171875,671.8300170898438,0.8272479725432199,18.419004821777342,0.0331414149279091,540.75,524.5599975585938,524.5599975585938,-0.0561563612211027,VanEck Semiconductor ETF,Q,True,False,False,False,False,False,False,False,False,,False,,,77198270464.0,Industry / Theme,unknown,38.0,True,,False,True,4.0,True,True,False,104.0,,0,0,False,Industry / Theme,Industry / Theme,Industry / Theme,Industry / Theme,Industry / Theme
2026-08-26,ARKK,85.4749984741211,86.37000274658203,85.05010223388672,85.77999877929688,3006155.0,251,257867972.2303772,406865506.92168427,479916271.46808445,0.2153584096615068,0.1004490331956486,0.1664400015146745,0.4393061926858375,0.077632391118857,0.0648751629439925,0.0946082830112734,0.0077980986325556,0.0107978222186628,0.0088480018876931,2.0919938456579104,78.72739974975586,75.74753344217936,0.0171025603918675,86.83999633789062,86.83999633789062,0.9877936710813604,2.34764404296875,0.0273681986054697,79.05500030517578,69.88999938964844,69.88999938964844,-0.1852413105126262,ARK Innovation ETF,Z,True,False,False,False,False,False,False,False,False,,False,,,6534055424.0,Other,unknown,327.0,True,,False,True,64.0,True,True,False,105.0,,0,0,False,Other,Other,Other,Other,Other
2026-08-26,FELC,43.34999847412109,43.56499862670898,43.34999847412109,43.4900016784668,559376.0,251,24327263.178894043,29988261.76907883,35878462.08673314,0.0476994323535415,0.0364124805388168,0.1292543993369075,0.4142260883444396,0.0911880806953534,0.1468526573525024,0.0197583492800577,0.0033203842136916,0.0189813520171263,0.0088017229448937,0.3392560155826523,42.60810134887695,40.20213757832845,0.0097219534697732,44.36000061035156,44.36000061035156,0.9803877610479168,0.3736505508422851,0.008591642594194,43.25,41.78499984741211,41.78499984741211,-0.0392044553978226,Fidelity Enhanced Large Cap Core ETF,P,True,False,False,False,False,False,False,False,False,,False,,,7879930368.0,Factor / Style,unknown,290.0,True,,False,True,322.0,True,True,False,106.0,,0,0,False,Factor / Style,Factor / Style,Factor / Style,Factor / Style,Factor / Style
2026-08-26,AIQ,62.790000915527344,63.209999084472656,62.64699935913086,63.06999969482422,1114708.0,251,70304633.21981812,83683447.82887955,150386194.57397315,0.1266523796099454,-0.0311827776786177,0.2476755815375895,0.4289168643438644,0.0,0.0990662987839665,0.0543233415239865,-0.0,0.0245363031620955,0.0085877061067334,-0.0,62.24340003967285,56.99106679280599,-0.0064170744673472,65.0,70.26000213623047,0.8976657810589699,1.276399803161621,0.0202378279584226,61.959999084472656,56.9900016784668,56.9900016784668,-0.0964007934957446,Global X Artificial Intelligence & Technology ETF,Q,True,False,False,False,False,False,False,False,False,,False,,,10413852672.0,Industry / Theme,unknown,240.0,True,,False,True,139.0,True,True,False,107.0,,0,0,False,Industry / Theme,Industry / Theme,Industry / Theme,Industry / Theme,Industry / Theme
2026-08-26,LRGF,77.88999938964844,78.29000091552734,77.88999938964844,78.1500015258789,122007.0,251,9534847.236167908,10490264.054580308,11661736.004207429,0.0504032247727255,0.0377560558109828,0.1250965197530764,0.4330244580586845,0.0940449432247895,0.1426473888878312,0.0218258290916195,0.0035507661251358,0.0178446919017313,0.0085536401469442,0.3669491687842683,76.5436994934082,72.46001614888509,0.007957176004997,79.44499969482422,79.44499969482422,0.9836994376748712,0.6372001647949219,0.0081535528132256,77.5999984741211,74.87999725341797,74.87999725341797,-0.0418426642177107,iShares U.S. Equity Factor ETF,P,True,False,False,False,False,False,False,False,False,,False,,,3509724672.0,Factor / Style,unknown,459.0,True,,False,True,441.0,True,True,False,108.0,,0,0,False,Factor / Style,Factor / Style,Factor / Style,Factor / Style,Factor / Style
2026-08-26,SUSA,157.19000244140625,158.1898956298828,157.3699951171875,157.9600067138672,18125.0,251,2863025.121688843,5776848.237285614,5904225.038722205,0.0488015807298951,0.0401424881490135,0.1237878134728389,0.4280714788457027,0.0981583998254612,0.1379529275243373,0.0208905648330541,0.0039403224017197,0.0170768912604147,0.0085381215022629,0.4676868339469692,155.0031997680664,146.43460154215495,0.0079946040981897,160.35000610351562,160.35000610351562,0.9850951088327022,1.2309967041015626,0.0077930909836653,157.13999938964844,151.6999969482422,151.6999969482422,-0.0396303462873646,iShares ESG Optimized MSCI USA ETF,P,True,False,False,False,False,False,False,False,False,,False,,,4045895936.0,Country / Region,unknown,421.0,True,,False,True,464.0,True,True,False,109.0,,0,0,False,Country / Region,Country / Region,Country / Region,Country / Region,Country / Region
2026-08-26,IALT,28.88999938964844,28.959999084472656,28.82999992370605,28.90999984741211,1320578.0,177,38177909.77849579,31135649.65898972,116528340.60930064,0.0215547924663097,0.0298559141564671,0.095756993733209,0.3910247318716897,0.1213978774461943,0.1841692896755644,0.0084284569446886,0.0036244446078108,0.0176354975173125,0.0085283131261364,1.055231311223128,28.57883991241455,27.655024388631183,0.0045724310857706,29.450000762939453,29.450000762939453,0.9816638063993908,0.2438501358032226,0.0084348023898398,28.809999465942383,28.3700008392334,28.3700008392334,-0.0186786236952211,iShares Systematic Alternatives Active ETF,Q,True,False,False,False,False,False,False,False,False,,False,,,4825180672.0,Other,unknown,385.0,True,,False,True,169.0,False,False,False,110.0,,0,0,False,Other,Other,Other,Other,Other
2026-08-26,XSD,489.5400085449219,496.3999938964844,487.3399963378906,490.7099914550781,57357.0,251,28145652.97988892,42649897.53409576,65005855.722648986,0.0918982387050295,-0.2100515769064604,0.351616122372161,0.1577540082017471,0.0,0.0689390328004115,0.0144973155023993,-0.0,0.0242400753933679,0.0084840263876787,-0.0,537.621630859375,465.49784200032553,-0.0345426813389715,558.6400146484375,657.8990200629934,0.7458743310000568,20.658502197265623,0.0420992084061871,476.55999755859375,464.9599914550781,464.9599914550781,-0.0524749861392567,State Street SPDR S&P Semiconductor ETF,P,True,False,False,False,False,False,False,False,False,,False,,,3476073728.0,Industry / Theme,unknown,464.0,True,,False,True,247.0,True,True,False,111.0,,0,0,False,Industry / Theme,Industry / Theme,Industry / Theme,Industry / Theme,Industry / Theme
2026-08-26,SPMO,147.0749969482422,147.77999877929688,146.8249969482422,147.52000427246094,1533858.0,251,226274738.7133484,280004140.1725906,337418666.2588012,0.0817629211300612,-0.0123905371286046,0.2296820565523925,0.3060666134165899,0.0,0.1045466035080739,0.0250249003733255,-0.0,0.0240124788993019,0.0084043676147556,-0.0,150.46499725341798,135.40281677246094,-0.000748022770638,156.1699981689453,162.3000030517578,0.9089340819384736,3.415000152587891,0.0231494038346188,144.9250030517578,140.22000122070312,140.22000122070312,-0.0494848348721244,Invesco S&P 500 Momentum ETF,P,True,False,False,False,False,False,False,False,False,,False,,,22210627584.0,Factor / Style,unknown,125.0,True,,False,True,77.0,True,True,False,112.0,,0,0,False,Factor / Style,Factor / Style,Factor / Style,Factor / Style,Factor / Style
2026-08-26,QTUM,148.55999755859375,149.39999389648438,147.8800048828125,148.77999877929688,277748.0,251,41323347.10095215,53351263.1011261,92602376.26652987,0.1250755641188159,-0.0478158186983622,0.261221169722013,0.3090433743836395,0.0,0.09181610541062,0.0386537743882161,-0.0,0.0239843104546818,0.0083945086591386,-0.0,151.67413787841798,135.38500020345052,-0.0109088570977,159.72999572753906,169.71898395889733,0.8766255566043721,3.927498626708984,0.0263980283568567,145.80999755859375,136.82000732421875,136.82000732421875,-0.0803870920366104,Defiance Quantum ETF,Q,True,False,False,False,False,False,False,False,False,,False,,,6260666368.0,Industry / Theme,unknown,340.0,True,,False,True,199.0,True,True,False,113.0,,0,0,False,Industry / Theme,Industry / Theme,Industry / Theme,Industry / Theme,Industry / Theme
2026-08-26,SRLN,40.68000030517578,40.75,40.663700103759766,40.709999084472656,1099004.0,251,44740451.83383179,72258163.08630523,69277306.64816527,0.0149513922116264,0.0208842589328599,0.0463193603576663,0.6665606675400995,0.3208330210459643,0.2448483742837478,0.0099660099732355,0.0067003598857356,0.0113412200814376,0.0083246609542313,1.480777518692305,40.17885772705078,39.64935035705567,0.0036991782428634,40.75,40.75,0.9990183824410468,0.0782761680348556,0.0019227749888285,40.4900016784668,40.10035653451346,40.10035653451346,-0.0149752533448649,State Street Blackstone Senior Loan ETF,P,True,False,False,False,False,False,False,False,False,,False,,,5200829440.0,Bond,unknown,369.0,True,,False,True,240.0,True,True,False,114.0,,0,0,False,Bond,Bond,Bond,Bond,Bond
2026-08-26,IQLT,52.29999923706055,52.35499954223633,52.04999923706055,52.060001373291016,1208954.0,251,62938146.90024567,63081846.48155556,70960031.10651398,0.0517171994604246,0.0678912804272184,0.0629513937433527,0.441379605178781,0.158724290081623,0.0599165353156257,0.0228269170787944,0.0107759952885426,0.0037718294063914,0.0083245372297897,1.0865173846245206,50.19060012817383,48.37358098347982,0.0139096115572479,52.36000061035156,52.36000061035156,0.9942704500847306,0.4234001159667969,0.0081329255627722,51.244998931884766,49.83000183105469,49.83000183105469,-0.0428351802422427,iShares MSCI Intl Quality Factor ETF,P,True,False,False,False,False,False,False,False,False,,False,,,13642241024.0,Country / Region,unknown,188.0,True,,False,True,235.0,True,True,False,115.0,,0,0,False,Country / Region,Country / Region,Country / Region,Country / Region,Country / Region
2026-08-26,JAAA,50.68000030517578,50.68000030517578,50.66999816894531,50.66999816894531,7703430.0,251,390332783.9945984,296186359.1303215,263853802.07116145,0.0041409703419073,0.0108737815312152,0.0224638457616221,0.8393270306299128,0.6617403909835724,0.4589168839419663,0.0034756283409995,0.0071956204419363,0.0103090380982766,0.0082853166216554,0.9547419475069588,50.43635940551758,49.97027081807455,0.0018211480289191,50.68999862670898,50.68999862670898,0.9996054358195794,0.0244438391732074,0.0004824124739792,50.56999969482422,50.45108256161562,50.45108256161562,-0.0043204186943085,Janus Henderson AAA CLO ETF,P,True,False,False,False,False,False,False,False,False,,False,,,28412567552.0,Other,unknown,98.0,True,,False,True,94.0,True,True,False,116.0,,0,0,False,Other,Other,Other,Other,Other
2026-08-26,DCOR,84.4000015258789,84.75,84.43000030517578,84.54000091552734,105776.0,251,8942303.13684082,12095698.024655152,10627933.250372993,0.0412612190341876,0.0389895811562359,0.1117737889794117,0.40606004559137,0.1108391086469772,0.1397874504277906,0.0167545324821777,0.0043215704218761,0.0156245729860858,0.0082776213193495,0.4205474308125634,82.98020248413086,78.71020004272461,0.009009980126484,85.87999725341797,85.87999725341797,0.984396874933094,0.6409503936767578,0.007581622743501,84.08999633789062,81.45999908447266,81.45999908447266,-0.0364324792725307,Dimensional US Core Equity 1 ETF,P,True,False,False,False,False,False,False,False,False,,False,,,3237994240.0,Other,unknown,478.0,True,,False,True,448.0,True,True,False,117.0,,0,0,False,Other,Other,Other,Other,Other
2026-08-26,DFAC,45.4900016784668,45.709999084472656,45.4900016784668,45.619998931884766,1504889.0,251,68653034.57260513,88038443.43540211,92082259.2471956,0.042981188415077,0.0407775809767689,0.1103635962197713,0.4122796303763328,0.1138614595217873,0.1349989091329929,0.0177202684729034,0.0046429948857827,0.0148989650976632,0.0082325844599409,0.437570914770313,44.75637336730957,42.45253138224284,0.0088553893302592,46.345001220703125,46.345001220703125,0.9843564080327504,0.3637001037597656,0.0079723829959489,45.369998931884766,43.869998931884766,43.869998931884766,-0.0383603691576784,Dimensional U.S. Core Equity 2 ETF,P,True,False,False,False,False,False,False,False,False,,False,,,47398703104.0,Other,unknown,62.0,True,,False,True,201.0,True,True,False,118.0,,0,0,False,Other,Other,Other,Other,Other
2026-08-26,SCHV,34.86000061035156,35.029998779296875,34.86000061035156,34.95000076293945,2995481.0,251,104692063.23537064,115797625.0494524,120605841.81811456,0.0352488892349034,0.0471208993465104,0.0960915115095235,0.3927402378961999,0.1287472336540062,0.1240850269696995,0.0138436571436927,0.006066685438152,0.0119235177972184,0.0081165767638253,0.485487628578421,34.52104461669922,32.698827845255536,0.0071178215345568,35.4900016784668,35.4900016784668,0.9847844212457452,0.2744998931884765,0.007854074025645,34.72999954223633,33.810001373291016,33.810001373291016,-0.0326180075754756,Schwab U.S. Large-Cap Value ETF,P,True,False,False,False,False,False,False,False,False,,False,,,15930595328.0,Factor / Style,unknown,161.0,True,,False,True,161.0,True,True,False,119.0,,0,0,False,Factor / Style,Factor / Style,Factor / Style,Factor / Style,Factor / Style
2026-08-26,KRE,74.5999984741211,74.90499877929688,74.11000061035156,74.58000183105469,5014381.0,251,373972544.1616058,837705366.4391518,1004559028.4941236,-0.0210028677830339,0.0781282466766164,0.0798888047102897,0.0,0.1249883548920745,0.0630654459404837,-0.0,0.0097651210227124,0.0050382230947066,0.0081107067479104,0.4831067232504702,75.40395629882812,70.44804140726725,0.0143893508211865,78.3499984741211,78.3499984741211,0.951882620083118,1.0522506713867188,0.0141090191144051,74.11000061035156,74.11000061035156,74.11000061035156,-0.0063019738423688,State Street SPDR S&P Regional Banking ETF,P,True,False,False,False,False,False,False,False,False,,False,,,4740203520.0,Other,unknown,387.0,True,,False,True,33.0,True,True,False,120.0,,0,0,False,Other,Other,Other,Other,Other
2026-08-26,ACWV,127.23999786376952,127.75,127.23999786376952,127.43000030517578,125184.0,251,15952197.158203123,10376118.564041138,12667993.674289765,0.0200112062266313,0.0530205209223655,0.0365485577783257,0.3238354258246102,0.2087501787189426,0.0691525649814157,0.0064803374896652,0.0110680432183152,0.0025274265167427,0.0080788273727648,1.0749395250090286,123.2972004699707,121.29574579874676,0.0104236300312285,127.87000274658205,127.87000274658205,0.9965589862207302,0.791500473022461,0.0062112569342143,125.8499984741211,123.5,123.5,-0.0308404637507966,iShares MSCI Global Min Vol Factor ETF,Z,True,False,False,False,False,False,False,False,False,,False,,,3240488448.0,Country / Region,unknown,477.0,True,,False,True,438.0,True,True,False,121.0,,0,0,False,Country / Region,Country / Region,Country / Region,Country / Region,Country / Region
2026-08-26,DFAS,82.55999755859375,83.05500030517578,82.44999694824219,82.7699966430664,329825.0,251,27299614.142799377,34636998.03929329,37949011.101789325,0.0275604408094451,0.0552644753898894,0.1024339796868079,0.2070893729863375,0.1231925695380723,0.1008642430398877,0.005707474406455,0.006808172727454,0.0103319258226731,0.0080414863107807,0.481780318118343,81.78728469848633,77.19826695760091,0.0111954719458087,84.5199966430664,84.5199966430664,0.9792948406352834,0.8234996795654297,0.0099492535092957,82.29000091552734,80.23999786376953,80.23999786376953,-0.030566616913217,Dimensional U.S. Small Cap ETF,P,True,False,False,False,False,False,False,False,False,,False,,,15242885120.0,Factor / Style,unknown,169.0,True,,False,True,312.0,True,True,False,122.0,,0,0,False,Factor / Style,Factor / Style,Factor / Style,Factor / Style,Factor / Style
2026-08-26,SMLF,88.68000030517578,89.37000274658203,88.86000061035156,89.11000061035156,139122.0,251,12397161.50491333,12816478.102520753,14398412.306549072,0.0436870868695684,0.0489933914228064,0.1263060112946645,0.2681530203065035,0.0971899596672036,0.1089586637434599,0.0117148242924673,0.004761665736342,0.013762134213433,0.0079118297033239,0.4215152344492527,87.92017974853516,82.57314717610677,0.0092529753460866,90.73500061035156,90.73500061035156,0.9820907038180522,0.961849594116211,0.0107939578894411,88.44999694824219,85.35900115966797,85.35900115966797,-0.0420940346200362,iShares U.S. Small-Cap Equity Factor ETF,P,True,False,False,False,False,False,False,False,False,,False,,,4182715648.0,Factor / Style,unknown,413.0,True,,False,True,425.0,True,True,False,123.0,,0,0,False,Factor / Style,Factor / Style,Factor / Style,Factor / Style,Factor / Style
2026-08-26,DISV,44.790000915527344,44.86000061035156,44.619998931884766,44.63999938964844,221025.0,251,9866555.865097046,14440857.758407593,14108071.07845488,0.0746268272941308,0.0667274622175311,0.0510800237088124,0.5827056778679026,0.1555342795761434,0.0521392165076392,0.0434854759855574,0.010378407763948,0.0026632724153691,0.0076781103919454,1.2460916243543358,42.10549240112304,41.110102310180665,0.014321132306404,44.86000061035156,44.86000061035156,0.9950958266226068,0.4065498352050781,0.0091072993002628,43.709999084472656,41.915000915527344,41.915000915527344,-0.0610438734627983,Dimensional International Small Cap Value ETF,Z,True,False,False,False,False,False,False,False,False,,False,,,4663429632.0,Factor / Style,unknown,392.0,True,,False,True,430.0,True,True,False,124.0,,0,0,False,Factor / Style,Factor / Style,Factor / Style,Factor / Style,Factor / Style
2026-08-26,AVUV,125.6500015258789,126.18000030517578,125.2863998413086,125.80999755859376,1014715.0,251,127661291.67266846,153722896.12286377,158978518.25693765,0.0055146642971966,0.0434031680788953,0.1084658773448283,0.0507722873662398,0.1105393610741681,0.1169590812826474,0.0002799921204256,0.0047977584680358,0.0126860693647674,0.0075586672818918,0.4231931942839702,125.1895997619629,118.00739685058592,0.0086337396789921,129.0500030517578,129.0500030517578,0.974893410177878,1.2914794921875,0.0102653168845823,125.08000183105467,123.9000015258789,123.9000015258789,-0.0151815918430909,Avantis U.S. Small Cap Value ETF,P,True,False,False,False,False,False,False,False,False,,False,,,29055420416.0,Factor / Style,unknown,95.0,True,,False,True,133.0,True,True,False,125.0,,0,0,False,Factor / Style,Factor / Style,Factor / Style,Factor / Style,Factor / Style
2026-08-26,VXF,243.1000061035156,245.08999633789065,243.1000061035156,244.3000030517578,226544.0,251,55344699.89135742,98672215.87599182,108033570.94282846,0.0457600377273084,0.0467625729951131,0.1284862542423666,0.2724955250492225,0.0864802141852637,0.1075112252820268,0.0124694055067751,0.0040440373284714,0.0138137146254948,0.0074634243824296,0.3668356194930329,241.93374603271485,226.90875528971355,0.0087808252971972,250.75,250.75,0.974277180665036,2.796001434326172,0.0114449504682724,242.9600067138672,233.8300018310547,233.8300018310547,-0.042857147318516,Vanguard Extended Market ETF,P,True,False,False,False,False,False,False,False,False,,False,,,97684774912.0,Other,unknown,27.0,True,,False,True,176.0,True,True,False,126.0,,0,0,False,Other,Other,Other,Other,Other
2026-08-26,SIL,100.66999816894533,102.03500366210938,100.41999816894533,100.62999725341795,937441.0,251,94334685.2552414,129582094.86746788,111563156.61205412,0.3796270069260758,0.1354228799274557,-0.1103665446789097,0.5586038931306052,0.0846480732715964,0.0,0.2120611240064252,0.0114632858627498,-0.0,0.0074511358107874,4.194777648025394,81.95945251464843,91.00059361775716,0.0321376681815785,102.87000274658205,118.68631159390996,0.8478652331679798,3.7334999084472655,0.037101262151932,87.18000030517578,72.62999725341797,72.62999725341797,-0.2782470512196,Global X Silver Miners ETF,P,True,False,False,False,False,False,False,False,False,,False,,,4207305472.0,Commodity,unknown,412.0,True,,False,True,171.0,True,True,False,127.0,,0,0,False,Commodity,Commodity,Commodity,Commodity,Commodity
2026-08-26,BBAX,65.30000305175781,65.47000122070312,65.12999725341797,65.19000244140625,153342.0,251,9996365.354370115,12325983.120547485,14376403.264403328,0.0282334522467904,0.0712681241344888,0.0319159548374397,0.1943542428088126,0.1530913123307095,0.03152240774256,0.0054872912333037,0.0109105306510968,0.0010060677418789,0.0074439686328705,1.6164612780230774,62.56412986755371,61.317715581258135,0.0148399625060426,65.80000305175781,65.80000305175781,0.9907294744367756,0.6265003204345703,0.0096103742440825,63.880001068115234,63.119998931884766,63.119998931884766,-0.0317533890473779,JPMorgan BetaBuilders Developed Asia Pacific-ex Japan ETF,Z,True,False,False,False,False,False,False,False,False,,False,,,6249870336.0,Country / Region,unknown,341.0,True,,False,True,427.0,True,True,False,128.0,,0,0,False,Country / Region,Country / Region,Country / Region,Country / Region,Country / Region
2026-08-26,SMMD,91.1500015258789,91.97850036621094,91.1500015258789,91.56999969482422,144683.0,251,13248622.265846252,24845392.554942705,22825877.729074266,0.0328219705900878,0.0382125109218824,0.1334878930430942,0.257750197492771,0.0818759579866665,0.1151871879918308,0.008459869401697,0.003128685938805,0.0153760950305883,0.0074152791209292,0.3053529296824372,90.70779998779297,84.74647918701172,0.0091342061615706,93.41999816894533,93.41999816894533,0.9801969759111376,1.0048240661621093,0.0109732889539247,91.1500015258789,88.3499984741211,88.3499984741211,-0.0351643685861574,iShares Russell 2500 ETF,Z,True,False,False,False,False,False,False,False,False,,False,,,3622894592.0,Other,unknown,453.0,True,,False,True,384.0,True,True,False,129.0,,0,0,False,Other,Other,Other,Other,Other
2026-08-26,DFIV,58.36000061035156,58.46500015258789,58.20000076293945,58.220001220703125,852389.0,251,49626088.62051392,66161801.82745667,66659014.96108742,0.0353903911553838,0.057903452425265,0.0526200936459351,0.4412422215248814,0.1664468241456428,0.060620509585629,0.0156157348140361,0.0096378457632536,0.0031898568912601,0.0073810496580559,0.9371947838535982,56.217582321166994,54.39631418863932,0.0127739984341579,58.46500015258789,58.46500015258789,0.995809476930722,0.4071500778198242,0.0069933024610628,57.68999862670898,56.685001373291016,56.685001373291016,-0.0263655069602826,Dimensional International Value ETF,P,True,False,False,False,False,False,False,False,False,,False,,,19862159360.0,Factor / Style,unknown,137.0,True,,False,True,244.0,True,True,False,130.0,,0,0,False,Factor / Style,Factor / Style,Factor / Style,Factor / Style,Factor / Style
2026-08-26,GSIE,48.400001525878906,48.470001220703125,48.18999862670898,48.22999954223633,299842.0,251,14461379.522743223,18511509.72109032,21023574.603762552,0.0437134927025442,0.0630732855351898,0.0494247555642763,0.4007945788800056,0.1551468780034908,0.0500680192258261,0.0175201308990904,0.0097856233362074,0.0024745996118239,0.0072267650326732,0.885348580551302,46.671630935668944,45.1098119354248,0.0135262171754992,48.48500061035156,48.48500061035156,0.9947406194718952,0.3717500686645508,0.0077078596764032,47.685001373291016,46.59000015258789,46.59000015258789,-0.0340037197846589,Goldman Sachs ActiveBeta International Equity ETF,P,True,False,False,False,False,False,False,False,False,,False,,,5800200704.0,Global Equity,unknown,355.0,True,,False,True,396.0,True,True,False,131.0,,0,0,False,Global Equity,Global Equity,Global Equity,Global Equity,Global Equity
2026-08-26,QUAL,223.7700042724609,224.2899932861328,223.30999755859372,223.82000732421875,909888.0,251,203651138.82421875,197185615.6638214,372371656.7592037,0.036299711787058,0.0417162522733862,0.0936876037010225,0.3963602645369177,0.122046927524735,0.1194171032332139,0.0143877633665321,0.0050913404178135,0.0111879022428374,0.0072251370565719,0.4094287509279707,219.90980041503903,209.2561512247721,0.0084916259305898,227.32000732421875,227.32000732421875,0.9846032030299556,1.751999664306641,0.0078277169465406,222.1699981689453,216.8600006103516,216.8600006103516,-0.0310964457426057,iShares MSCI USA Quality Factor ETF,Z,True,False,False,False,False,False,False,False,False,,False,,,45917487104.0,Country / Region,unknown,66.0,True,,False,True,73.0,True,True,False,132.0,,0,0,False,Country / Region,Country / Region,Country / Region,Country / Region,Country / Region
2026-08-25,USCA,45.43999862670898,45.43999862670898,45.43999862670898,45.43999862670898,100.0,250,4543.999862670898,1466641.159877777,5235769.558316185,0.0374192367313179,0.0307312520421103,0.120619996553045,0.2746772500437919,0.0727660933702213,0.1340553135745968,0.010278213044096,0.00223619315548,0.0161697514612852,0.0071129385625118,0.4223642311343099,44.45726020812988,42.55674802144369,0.0074948332776008,46.709999084472656,46.709999084472656,0.9728109509172342,0.3882997512817382,0.0085453292917465,45.15599822998047,43.1619987487793,43.1619987487793,-0.0501320410822088,Xtrackers MSCI USA Climate Action Equity ETF,P,True,False,False,False,False,False,False,False,False,,False,,,3158330624.0,Country / Region,unknown,491.0,True,,False,True,465.0,False,False,False,133.0,,0,0,False,Country / Region,Country / Region,Country / Region,Country / Region,Country / Region
2026-08-26,DSI,146.11000061035156,146.82000732421875,146.05999755859375,146.44000244140625,160280.0,251,23471403.591308597,13982462.428634644,15272774.844374884,0.0753415355958502,0.0344970244347859,0.1280472381267614,0.4885711836007493,0.0695544620624769,0.1236273906117047,0.0368097032203625,0.0023994219773176,0.0158301459246471,0.0071001753588829,0.4792790214195795,142.70719970703124,135.29058853149414,0.0079101523153595,148.75999450683594,148.75999450683594,0.9844044625497544,1.431500244140625,0.0097753361122306,145.5800018310547,138.3800048828125,138.3800048828125,-0.055039589075524,iShares ESG MSCI KLD 400 ETF,P,True,False,False,False,False,False,False,False,False,,False,,,5360755200.0,Other,unknown,365.0,True,,False,True,422.0,True,True,False,134.0,,0,0,False,Other,Other,Other,Other,Other
2026-08-26,BSCQ,19.51000022888184,19.530000686645508,19.51000022888184,19.524999618530277,534460.0,251,10435331.29611969,18071440.0443058,16358276.013231428,0.0039494126045596,0.0098236790479049,0.0192204470095072,0.6582646789590689,0.5770242551366886,0.5031642600218944,0.0025997588202173,0.0056685010853192,0.0096710419968287,0.0070693904043475,1.0567582950618928,19.44600955963135,19.29943560282389,0.0015017295905954,19.530000686645508,19.530000686645508,0.9997439289329542,0.0138128593768476,0.0007074447962466,19.488062490102944,19.458159072112647,19.458159072112647,-0.0034233315095274,Invesco BulletShares 2026 Corporate Bond ETF,Q,True,False,False,False,False,False,False,False,False,,False,,,3705947392.0,Bond,unknown,448.0,True,,False,True,417.0,True,True,False,135.0,,0,0,False,Bond,Bond,Bond,Bond,Bond
2026-08-26,AVUS,130.14999389648438,130.7698974609375,130.22999572753906,130.52000427246094,362344.0,251,47293140.428100586,36046841.384579465,43167791.79072207,0.0460010061653921,0.0301470415556934,0.115414123504494,0.424557443470704,0.0793322154574285,0.1355526410362027,0.0195300695746589,0.0023916315961003,0.0156446892539126,0.0070302017763346,0.3232611529007712,128.58959991455075,121.7194979349772,0.007404585930534,132.80999755859375,132.80999755859375,0.9827573727262324,1.0450435638427735,0.0080067693045829,129.8800048828125,125.66000366210938,125.66000366210938,-0.0372356761512686,Avantis U.S. Equity ETF,P,True,False,False,False,False,False,False,False,False,,False,,,13827512320.0,US Equity,unknown,182.0,True,,False,True,299.0,True,True,False,136.0,,0,0,False,US Equity,US Equity,US Equity,US Equity,US Equity
2026-08-26,RECS,45.09999847412109,45.34000015258789,45.09999847412109,45.20000076293945,341809.0,251,15449767.060779572,17230480.913807105,18576060.61596831,0.0303168877008574,0.041474635340444,0.0949612911715631,0.3251841129375247,0.1146496273624091,0.118264761933479,0.0098585702340298,0.0047550514867737,0.0112305744933007,0.0070214845390581,0.5635073039630811,44.2489998626709,42.31764653523763,0.0088231281608666,45.77999877929688,45.77999877929688,0.9873307550934292,0.3595001220703125,0.0079535423894301,44.91999816894531,43.2400016784668,43.2400016784668,-0.0433628108714481,Columbia Research Enhanced Core ETF,P,True,False,False,False,False,False,False,False,False,,False,,,5762415616.0,Other,unknown,357.0,True,,False,True,408.0,True,True,False,137.0,,0,0,False,Other,Other,Other,Other,Other
2026-08-26,ESGU,167.39999389648438,168.1699981689453,167.39999389648438,167.94000244140625,412628.0,251,69296747.32739258,65309842.27123108,71360994.26447502,0.0504785611477831,0.0280759097992928,0.1204313584725644,0.4285721231530207,0.069123614275845,0.1351816766956986,0.021633704124815,0.0019407083594097,0.016280112965062,0.006959499971388,0.2969669885793267,165.0503988647461,156.39109802246094,0.007197824402487,170.85000610351562,170.85000610351562,0.9829674945381844,1.3952507019042968,0.0083080307349113,166.91000366210938,161.0500030517578,161.0500030517578,-0.0410265528729663,iShares ESG Aware MSCI USA ETF,Q,True,False,False,False,False,False,False,False,False,,False,,,17746929664.0,Country / Region,unknown,145.0,True,,False,True,231.0,True,True,False,138.0,,0,0,False,Country / Region,Country / Region,Country / Region,Country / Region,Country / Region
2026-08-26,DYNF,68.94000244140625,69.24500274658203,68.93000030517578,69.12999725341797,1471648.0,251,101735022.19799805,165058247.9264969,170969697.48614308,0.053168767462236,0.0326356371730762,0.1215190512656718,0.4526586612439576,0.0728000166768439,0.1266729217372994,0.024067303099447,0.0023758749304593,0.0153931732705673,0.0069319293494971,0.3366966399445093,68.09100021362305,64.31857899983724,0.0084285001506774,70.51000213623047,70.51000213623047,0.980428239384446,0.6147010803222657,0.0088919586973059,68.67500305175781,66.29000091552734,66.29000091552734,-0.0410819680417419,iShares U.S. Equity Factor Rotation Active ETF,P,True,False,False,False,False,False,False,False,False,,False,,,38004244480.0,Factor / Style,unknown,80.0,True,,False,True,128.0,True,True,False,139.0,,0,0,False,Factor / Style,Factor / Style,Factor / Style,Factor / Style,Factor / Style
2026-08-26,JIVE,98.40889739990234,98.58999633789062,98.22000122070312,98.26000213623048,264104.0,251,25950859.60418701,28837560.1620636,30538932.638360888,0.0508191677393818,0.0605847870963618,0.0656111388333868,0.4555230674493066,0.1393739503718276,0.0624639329404363,0.023149303173864,0.008443941110056,0.0040983297762343,0.0069229771432184,0.9882386985564536,94.7192805480957,90.9948469543457,0.0112223900728485,98.58999633789062,98.58999633789062,0.9966528632323994,0.851348876953125,0.0086642464730744,96.7300033569336,94.86000061035156,94.86000061035156,-0.034602090901291,JPMorgan International Value ETF,Q,True,False,False,False,False,False,False,False,False,,False,,,3125305856.0,Factor / Style,unknown,493.0,True,,False,True,348.0,True,True,False,140.0,,0,0,False,Factor / Style,Factor / Style,Factor / Style,Factor / Style,Factor / Style
2026-08-26,DBEF,56.130001068115234,56.26499938964844,55.9384994506836,56.0099983215332,347157.0,251,19444262.987308502,21734817.362431526,23587485.46884597,0.0280836782700544,0.0546036090727592,0.0672636968385622,0.3167703138796702,0.143706660471401,0.0742376379709367,0.0088960755805008,0.0078469023095321,0.004993497974488,0.0068482107922666,0.5529895460726791,55.07580001831055,52.452533365885415,0.0107914070791865,56.84000015258789,56.84000015258789,0.9853975751437978,0.4788249969482422,0.0085489200374454,55.34999847412109,54.68000030517578,54.68000030517578,-0.0237457249815002,Xtrackers MSCI EAFE Hedged Equity ETF,P,True,False,False,False,False,False,False,False,False,,False,,,9039409152.0,Country / Region,unknown,267.0,True,,False,True,382.0,True,True,False,141.0,,0,0,False,Country / Region,Country / Region,Country / Region,Country / Region,Country / Region
2026-08-26,HEFA,47.540000915527344,47.630001068115234,47.36009979248047,47.40999984741211,486367.0,251,23058659.395786285,33031786.68366413,28371607.74044152,0.0281934335253228,0.0539347245085664,0.0651319347255419,0.2914804573201763,0.1446215471918551,0.0734044599001997,0.0082178348973871,0.0078001233057953,0.0047809744907834,0.0067434212205411,0.5523619146706403,46.598653869628905,44.40908816019694,0.0108586419696989,48.0,48.0,0.987708330154419,0.3639949798583984,0.0076775992623899,46.84999847412109,46.2400016784668,46.2400016784668,-0.0246782993611247,iShares Currency Hedged MSCI EAFE ETF,Z,True,False,False,False,False,False,False,False,False,,False,,,7331655168.0,Country / Region,unknown,301.0,True,,False,True,362.0,True,True,False,142.0,,0,0,False,Country / Region,Country / Region,Country / Region,Country / Region,Country / Region
2026-08-26,FEZ,71.87999725341797,72.03500366210938,71.55500030517578,71.66999816894531,623515.0,251,44687318.90830994,50822115.40891647,75454021.37422714,0.0577035996081265,0.0678285327865246,0.0518855306210817,0.5393092300844073,0.1356896567798893,0.0410541405703866,0.0311200838777576,0.009203630333687,0.0021301158676869,0.006727900270587,0.603873188649742,69.38840698242187,66.36596298217773,0.0138401357176041,72.36000061035156,72.36000061035156,0.9904643112826682,0.6034992218017579,0.0084205279366569,71.20999908447266,68.9800033569336,68.9800033569336,-0.0375330665653246,State Street SPDR EURO STOXX 50 ETF,P,True,False,False,False,False,False,False,False,False,,False,,,4349350400.0,Other,unknown,406.0,True,,False,True,223.0,True,True,False,143.0,,0,0,False,Other,Other,Other,Other,Other
2026-08-26,ESGV,135.69000244140625,136.0500030517578,135.41000366210938,135.7100067138672,161481.0,251,21914587.594161987,24307610.096871182,25585531.961028326,0.0543858257700318,0.0247912886833494,0.1312636830652305,0.4009158757625015,0.0528352176831006,0.1274880972088047,0.0218041409676591,0.0013098531342293,0.0167345571866058,0.0067084995525611,0.2293016210373384,133.22496673583984,125.8541571044922,0.0071998553328904,138.1199951171875,138.1199951171875,0.9825514879197936,1.293999481201172,0.0095350336539991,134.94000244140625,129.8300018310547,129.8300018310547,-0.043327717868366,Vanguard ESG U.S. Stock ETF,Z,True,False,False,False,False,False,False,False,False,,False,,,13178104832.0,Other,unknown,195.0,True,,False,True,377.0,True,True,False,144.0,,0,0,False,Other,Other,Other,Other,Other
2026-08-26,EFAV,94.43000030517578,94.63999938964844,94.31500244140624,94.3499984741211,213830.0,251,20174860.173721317,47047783.74377823,45791752.26238069,0.0133175583250042,0.0560442022806157,0.019316132629163,0.1455394520633812,0.1741965964754423,0.0269375119472139,0.0019382301414432,0.0097627092894644,0.000520328553472,0.0065278760318671,1.4729525067414833,91.06359985351564,90.09615036010742,0.0127379376728726,94.94000244140624,94.94000244140624,0.9937855071401616,0.6887504577636718,0.0072999519756493,93.01000213623048,92.1999969482422,92.1999969482422,-0.0227875099167979,iShares MSCI EAFE Min Vol Factor ETF,Z,True,False,False,False,False,False,False,False,False,,False,,,5082040320.0,Country / Region,unknown,375.0,True,,False,True,293.0,True,True,False,145.0,,0,0,False,Country / Region,Country / Region,Country / Region,Country / Region,Country / Region
2026-08-26,FLOT,51.02999877929688,51.040000915527344,51.02000045776367,51.02999877929688,1020091.0,251,52055242.48477173,95552202.8925949,98047914.8352746,0.0038720175757793,0.0101966579223877,0.0207678814355753,0.6632601905055725,0.5404325830104704,0.4014739376202221,0.0025681551149523,0.0055106061790702,0.0083377631359703,0.0065001111139852,0.9360153903338798,50.83600509643555,50.38725906372071,0.0015353807753506,51.040000915527344,51.040000915527344,0.9998040333845796,0.0323342773825057,0.0006336327289042,50.93000030517578,50.85310497044902,50.85310497044902,-0.0034664670405523,iShares Floating Rate Bond ETF,Z,True,False,False,False,False,False,False,False,False,,False,,,9968492544.0,Bond,unknown,249.0,True,,False,True,191.0,True,True,False,146.0,,0,0,False,Bond,Bond,Bond,Bond,Bond
2026-08-26,VTWO,120.7699966430664,121.25499725341795,120.5500030517578,120.83999633789062,698508.0,251,84407704.1619873,133697105.5958252,199547740.31038076,0.0360082044771934,0.0328276878789006,0.1357488464491687,0.2307691017853624,0.0618800523387415,0.1062538727493152,0.0083095810041055,0.0020313790441062,0.0144238406564763,0.0063687406084357,0.2440228035452938,120.03931060791017,111.99330612182617,0.0091274905935141,123.37000274658205,123.37000274658205,0.979492531795688,1.3317489624023438,0.0110207630152398,120.08999633789062,116.3499984741211,116.3499984741211,-0.0371565541198353,Vanguard Russell 2000 ETF,Q,True,False,False,False,False,False,False,False,False,,False,,,18552160256.0,US Equity,unknown,140.0,True,,False,True,120.0,True,True,False,147.0,,0,0,False,US Equity,US Equity,US Equity,US Equity,US Equity
2026-08-26,DFAU,52.92499923706055,53.1349983215332,52.89849853515625,53.04999923706055,438762.0,251,23276323.76525116,28614376.160949327,31242912.65965525,0.0469706168170713,0.0291003243277163,0.1100092756596584,0.4160842915096938,0.0750693000395345,0.1276173005077469,0.0195437358201044,0.0021845409782051,0.0140390867904982,0.0063336320125076,0.3124393652193919,52.13890251159668,49.544071680704754,0.0076958353339759,53.95000076293945,53.95000076293945,0.983317858885052,0.4341255187988281,0.0081833275220021,52.77000045776367,50.98500061035156,50.98500061035156,-0.0389255166146427,Dimensional US Core Equity Market ETF,P,True,False,False,False,False,False,False,False,False,,False,,,12301299712.0,Other,unknown,202.0,True,,False,True,347.0,True,True,False,148.0,,0,0,False,Other,Other,Other,Other,Other
2026-08-26,IBDR,24.229999542236328,24.229999542236328,24.21999931335449,24.229999542236328,537783.0,251,13030481.84382248,13504411.294129752,14243318.046153054,0.0028973383802284,0.0095500180516647,0.0188485609919728,0.4668617224271721,0.4600498443798739,0.5216193720937975,0.0013526563866477,0.0043934843184933,0.0098317745495045,0.0062968858993472,1.0118193321140627,24.139519233703613,23.959262402852374,0.0014932085022094,24.229999542236328,24.229999542236328,1.0,0.0142432962221441,0.0005878372468524,24.190000534057617,24.150033201175003,24.150033201175003,-0.0033003030364046,iShares iBonds Dec 2026 Term Corporate ETF,P,True,False,False,False,False,False,False,False,False,,False,,,3504570624.0,Bond,unknown,460.0,True,,False,True,428.0,True,True,False,149.0,,0,0,False,Bond,Bond,Bond,Bond,Bond
2026-08-26,VTHR,338.3999938964844,339.4800109863281,338.29998779296875,338.8713073730469,15251.0,251,5168126.308746338,7352232.867256165,9243969.863739014,0.0504055136537813,0.0283640357018759,0.1123844227201755,0.4053297895727329,0.0704294857746792,0.125608573225454,0.0204308562425926,0.0019976644489777,0.0141164469906475,0.0062392383385621,0.3173859761616707,332.9861364746094,316.4320357259115,0.0075667277075894,344.5599975585937,344.5599975585937,0.9834899865746036,2.895002746582031,0.0085430742691799,337.25,325.010009765625,325.010009765625,-0.0409043117721461,Vanguard Russell 3000 ETF,Q,True,False,False,False,False,False,False,False,False,,False,,,6104798208.0,US Equity,unknown,346.0,True,,False,True,456.0,True,True,False,150.0,,0,0,False,US Equity,US Equity,US Equity,US Equity,US Equity
2026-08-26,VONE,346.7900085449219,347.6423034667969,346.3114929199219,347.1199951171875,52035.0,251,18062388.94592285,25673310.492218018,30323344.16788737,0.0504781278069956,0.0279653161972461,0.1110998448875457,0.4255098847338977,0.0702908986829372,0.1271846852211498,0.0214789423447376,0.0019657072074569,0.014130198800141,0.0062232792648963,0.3179522160290715,340.8918151855469,324.30388509114584,0.0074286027149752,353.239990234375,353.239990234375,0.9826746821243912,2.96353759765625,0.0085375018418508,345.3500061035156,332.489990234375,332.489990234375,-0.0421468226797866,Vanguard Russell 1000 ETF,Q,True,False,False,False,False,False,False,False,False,,False,,,11460844544.0,US Equity,unknown,215.0,True,,False,True,350.0,True,True,False,151.0,,0,0,False,US Equity,US Equity,US Equity,US Equity,US Equity
2026-08-26,VV,352.1600036621094,353.3299865722656,351.79998779296875,352.8099975585937,156338.0,251,55157609.39831543,82704635.16290894,86551272.86249264,0.0517513331937169,0.02532165915309,0.1145400861234968,0.4381622284458987,0.0624118371129112,0.1295585007666541,0.0226754794772052,0.0015803712664913,0.0148396418358437,0.0062211159657646,0.2811601417474867,346.66697204589843,329.4875240071615,0.0070987051622279,359.2200012207031,359.2200012207031,0.9821557718380746,3.004998779296875,0.0085173288741564,350.9200134277344,338.0799865722656,338.0799865722656,-0.0417505487039998,Vanguard Morningstar Large-Cap ETF,P,True,False,False,False,False,False,False,False,False,,False,,,73819176960.0,Other,unknown,40.0,True,,False,True,211.0,True,True,False,152.0,,0,0,False,Other,Other,Other,Other,Other
2026-08-26,IWM,298.6400146484375,299.95001220703125,298.1549987792969,298.92999267578125,10395703.0,251,3107587421.649597,5261842313.352377,6791658781.779656,0.0359011161541908,0.031927765231313,0.1345298668146117,0.2270936909648451,0.0602642170734331,0.105425897268957,0.0081529169772128,0.0019241017745694,0.0141829319184037,0.0062146923249114,0.234292657867105,297.0416003417969,277.2318918863932,0.0089898841350291,305.17999267578125,305.17999267578125,0.9795202826200998,3.336248779296875,0.0111606358045021,297.0400085449219,287.8299865722656,287.8299865722656,-0.0371324603602244,iShares Russell 2000 Index Fund,P,True,False,False,False,False,False,False,False,False,,False,,,82970353664.0,US Equity,unknown,35.0,True,,False,True,3.0,True,True,False,153.0,,0,0,False,US Equity,US Equity,US Equity,US Equity,US Equity
2026-08-26,IWV,435.7000122070313,437.0450134277344,435.2799987792969,436.30999755859375,85492.0,251,37301014.3112793,75127673.87855835,86149516.02344912,0.0493013638930392,0.0274777046343126,0.1115163682903024,0.4156523030468034,0.0695242533802207,0.1272319377361884,0.0204922254454903,0.0019103668993028,0.0141884436268776,0.0062076937539539,0.3028459060137339,428.88159912109376,407.6776072184245,0.0075166810825644,443.9100036621094,443.9100036621094,0.9828793988853188,3.642755126953125,0.0083490067780624,434.1400146484375,418.239990234375,418.239990234375,-0.0414155243412501,iShares Russell 3000 Fund,P,True,False,False,False,False,False,False,False,False,,False,,,19473276928.0,US Equity,unknown,138.0,True,,False,True,212.0,True,True,False,154.0,,0,0,False,US Equity,US Equity,US Equity,US Equity,US Equity
2026-08-26,VTI,377.6900024414063,378.8999938964844,377.2799987792969,378.2300109863281,2229253.0,251,843170386.6813049,1167848314.2087903,1236941099.9639957,0.0494145632735922,0.0269602481573474,0.1131450973700105,0.4117924321944322,0.0664906220694286,0.1266322766017887,0.0203485431962582,0.0017926036711281,0.0143278212662954,0.0061799298294367,0.2928381929304463,371.95818359375,353.31836751302086,0.0073650334051764,385.1199951171875,385.1199951171875,0.9821095133511236,3.237998962402344,0.0085609255435824,376.3900146484375,362.6400146484375,362.6400146484375,-0.0412182954420667,Vanguard Morningstar Total Stock Market ETF,P,True,False,False,False,False,False,False,False,False,,False,,,2297940410368.0,US Equity,unknown,1.0,True,,False,True,28.0,True,True,False,155.0,,0,0,False,US Equity,US Equity,US Equity,US Equity,US Equity
2026-08-26,SCHG,35.209999084472656,35.38010025024414,35.15999984741211,35.310001373291016,5432628.0,251,191826102.1405792,223516519.2880516,268739252.8560602,0.0622743559054987,0.0224586647478892,0.1342881332690721,0.4035083283759667,0.0420630894621118,0.1177526282744836,0.0251282212521178,0.00094468082449,0.0158127806385073,0.0061485157593961,0.2621661818846622,34.452744140625,32.74633154551188,0.0087542967508744,35.9900016784668,35.9900016784668,0.9811058551413564,0.3890048980712891,0.0110168474353427,35.060001373291016,33.459999084472656,33.459999084472656,-0.0523931525592555,Schwab U.S. Large-Cap Growth ETF,P,True,False,False,False,False,False,False,False,False,,False,,,59069509632.0,Factor / Style,unknown,49.0,True,,False,True,90.0,True,True,False,156.0,,0,0,False,Factor / Style,Factor / Style,Factor / Style,Factor / Style,Factor / Style
2026-08-26,GSUS,105.5999984741211,106.01000213623048,105.55500030517578,105.8000030517578,47411.0,251,5016083.94468689,6447268.362960053,7985616.981348674,0.0511674262076862,0.0249033588205105,0.114374694886141,0.427669413591608,0.0612027602762019,0.1287332998858462,0.021882743161233,0.0015241542999639,0.0147238318961297,0.0061440414586219,0.2746188533475519,103.99653182983398,98.82937388102214,0.0071342151065953,107.66999816894533,107.66999816894533,0.9826321617071704,0.8670497894287109,0.0081951773574576,105.29000091552734,101.4800033569336,101.4800033569336,-0.040831753971792,Goldman Sachs MarketBeta U.S. Equity ETF,Z,True,False,False,False,False,False,False,False,False,,False,,,3177762560.0,US Equity,unknown,488.0,True,,False,True,459.0,True,True,False,157.0,,0,0,False,US Equity,US Equity,US Equity,US Equity,US Equity
2026-08-26,PSI,136.1699981689453,137.2050018310547,134.78500366210938,136.50999450683594,212398.0,251,28994449.81326294,64619233.47752533,68136474.80470252,0.1309858985777214,-0.1472689177354497,0.3036051718027985,0.1913811931004623,0.0,0.0576798699353145,0.0250682375491404,-0.0,0.0175119068212742,0.0061291673874459,-0.0,152.25587982177734,129.4181275431315,-0.0204973052263055,158.63999938964844,189.2400054931641,0.7213590707265495,7.0600028991699215,0.0517178461890303,131.6699981689453,129.85000610351562,129.85000610351562,-0.0487875516175982,Invesco Semiconductors ETF,P,True,False,False,False,False,False,False,False,False,,False,,,3097870848.0,Other,unknown,496.0,True,,False,True,242.0,True,True,False,158.0,,0,0,False,Other,Other,Other,Other,Other
2026-08-26,ITOT,167.66000366210938,168.1999969482422,167.51499938964844,167.92999267578125,842338.0,251,141453814.17053223,248970633.8763275,295534922.072875,0.0493657061597527,0.0262937498292301,0.1135103786363878,0.4067971600712811,0.0643896082720577,0.1264231062305768,0.0200818290707007,0.0016930442515076,0.014350334656621,0.0061230958932973,0.2831242982765402,165.1932000732422,156.88898274739583,0.0072796438557574,171.02999877929688,171.02999877929688,0.9818744891209642,1.4292488098144531,0.0085109800044705,167.1300048828125,161.02999877929688,161.02999877929688,-0.0410885142465649,iShares Core S&P Total U.S. Stock Market ETF,P,True,False,False,False,False,False,False,False,False,,False,,,94139031552.0,Other,unknown,33.0,True,,False,True,84.0,True,True,False,159.0,,0,0,False,Other,Other,Other,Other,Other
2026-08-26,INTF,43.34000015258789,43.400001525878906,43.147499084472656,43.20000076293945,165299.0,251,7140916.926113129,9308495.532375146,10496355.50556964,0.0487983054927103,0.0579597294820877,0.052639597230345,0.4044281315145542,0.1370811561329164,0.0510647380154135,0.0197354075114932,0.0079451867265556,0.0026880272418044,0.0061051809068927,0.9573263235218786,41.813320083618166,40.44839853922526,0.0119973905743915,43.40999984741211,43.40999984741211,0.9951624260490484,0.353325080871582,0.0081788211720286,42.70000076293945,41.59000015258789,41.59000015258789,-0.0372685319888409,iShares International Equity Factor ETF,P,True,False,False,False,False,False,False,False,False,,False,,,3470813184.0,Factor / Style,unknown,466.0,True,,False,True,449.0,True,True,False,160.0,,0,0,False,Factor / Style,Factor / Style,Factor / Style,Factor / Style,Factor / Style
2026-08-26,SCHK,36.90999984741211,37.02989959716797,36.860599517822266,36.95000076293945,2341207.0,251,86507600.43619919,43789599.21244564,33809780.036620304,0.0497159080133458,0.0262342765446508,0.1126653021530719,0.4257906910262741,0.065224268596022,0.1263649014428778,0.0211685708280011,0.0017111114997706,0.0142369398026049,0.0060951514057626,0.2843163777840011,36.32559219360351,34.51433456420899,0.0072872697888697,37.619998931884766,37.619998931884766,0.982190372462306,0.3134147644042969,0.0084821314731513,36.77999877929688,35.43000030517578,35.43000030517578,-0.0411366827166136,Schwab 1000 Index ETF,P,True,False,False,False,False,False,False,False,False,,False,,,5700246528.0,Other,unknown,358.0,True,,False,True,334.0,True,True,False,161.0,,0,0,False,Other,Other,Other,Other,Other
2026-08-26,SCHX,30.15999984741211,30.26499938964844,30.13010025024414,30.209999084472656,6688310.0,251,202053838.9766693,205311911.21806145,307266908.65572065,0.04859422577169,0.0260638355762559,0.1114264145605075,0.4166667139719585,0.0653548650983396,0.127669068544946,0.0202475963703015,0.0017033984580315,0.014225706558243,0.0060862062931055,0.2853930901828644,29.688513832092283,28.23186720530192,0.0073007382390957,30.770000457763672,30.770000457763672,0.9818004106285374,0.2517450332641601,0.0083331691788614,30.049999237060547,28.96999931335449,28.96999931335449,-0.0410460049221087,Schwab U.S. Large-Cap ETF,P,True,False,False,False,False,False,False,False,False,,False,,,71641505792.0,Other,unknown,41.0,True,,False,True,79.0,True,True,False,162.0,,0,0,False,Other,Other,Other,Other,Other
2026-08-26,GSLC,146.11000061035156,146.69000244140625,146.09100341796875,146.4199981689453,177718.0,251,26021469.234588623,37124287.53170624,43553667.00172012,0.0441417858518171,0.0299070540261687,0.1028100807600416,0.4037823364885982,0.0814145102063236,0.1248677269356324,0.017823673428026,0.0024348681552545,0.0128376610905751,0.0060758456826168,0.3377047819486463,143.58523223876952,137.02610865275065,0.0080574606784551,148.93499755859375,148.93499755859375,0.9831134425697426,1.1592002868652345,0.0079169532943696,145.625,140.69000244140625,140.69000244140625,-0.0391339693975925,Goldman Sachs ActiveBeta U.S. Large Cap Equity ETF,P,True,False,False,False,False,False,False,False,False,,False,,,15385732096.0,Factor / Style,unknown,166.0,True,,False,True,297.0,True,True,False,163.0,,0,0,False,Factor / Style,Factor / Style,Factor / Style,Factor / Style,Factor / Style
2026-08-26,SCHB,29.549999237060547,29.659900665283203,29.530000686645508,29.61000061035156,5307000.0,251,157140273.23913574,171317226.9593811,230107444.6169747,0.0492558940757763,0.0258528780069011,0.1132935303888409,0.4100301856431117,0.0636546071695754,0.1262373579335699,0.020196403391908,0.0016456547937322,0.0143018759472538,0.0060753321974648,0.2769151659696804,29.12381610870361,27.66275587717692,0.0072054423081002,30.149999618530277,30.149999618530277,0.9820895849084248,0.2559948921203613,0.0086455551112304,29.459999084472656,28.38999938964844,28.38999938964844,-0.0412023368981835,Schwab U.S. Broad Market ETF,P,True,False,False,False,False,False,False,False,False,,False,,,43229065216.0,Other,unknown,72.0,True,,False,True,106.0,True,True,False,164.0,,0,0,False,Other,Other,Other,Other,Other
2026-08-26,IWB,418.9500122070313,420.3528137207031,418.6099853515625,419.6400146484375,217722.0,251,91364863.26928712,229418927.9309204,230307081.25257123,0.0510181736550905,0.0274481533635588,0.1103163571761127,0.422526518486821,0.0681150154531247,0.1256087281745987,0.0215565312940414,0.0018696313905185,0.0138566973217463,0.0060651044664482,0.3128488397493381,412.2164001464844,392.2440474446615,0.0073797916709987,426.9200134277344,426.9200134277344,0.982947628243413,3.5681396484375,0.0085028584593554,417.5499877929688,401.8900146484375,401.8900146484375,-0.0422981588513918,iShares Russell 1000 ETF,P,True,False,False,False,False,False,False,False,False,,False,,,48330235904.0,US Equity,unknown,59.0,True,,False,True,104.0,True,True,False,165.0,,0,0,False,US Equity,US Equity,US Equity,US Equity,US Equity
2026-08-26,BKLC,48.84000015258789,49.04499816894531,48.820899963378906,48.93999862670898,236650.0,251,11581650.67501068,18799561.73930168,21078210.17306797,0.0511167779901151,0.0238070366445586,0.1145152859489779,0.4296035045728285,0.0585193444207658,0.1278354210597364,0.0219599469670246,0.0013931721770407,0.0146391097970637,0.0060292503440487,0.2534094245617592,48.10141571044922,45.71255142211914,0.0070839092383008,49.84000015258789,49.84000015258789,0.9819421845280196,0.4256546020507812,0.0086974788311187,48.70000076293945,46.880001068115234,46.880001068115234,-0.0420923092848128,BNY Mellon US Large Cap Core Equity ETF,P,True,False,False,False,False,False,False,False,False,,False,,,5445539328.0,Factor / Style,unknown,363.0,True,,False,True,395.0,True,True,False,166.0,,0,0,False,Factor / Style,Factor / Style,Factor / Style,Factor / Style,Factor / Style
2026-08-26,DFUS,83.51000213623047,83.80940246582031,83.44999694824219,83.66999816894531,372332.0,251,31153017.758239742,46062672.51301117,58169855.52888998,0.0508665571797803,0.0258588256291607,0.1135451549163633,0.4145339625308358,0.0620285981366289,0.1248677629159089,0.0210859155080357,0.0016039867032363,0.0141781294843466,0.0060049366766249,0.2645932152671314,82.34808975219727,78.17238861083985,0.0071546128050781,85.2699966430664,85.2699966430664,0.9812360908043828,0.7178699493408203,0.0085797772803975,83.25,80.25,80.25,-0.0408748445534765,Dimensional U.S. Equity Market ETF,P,True,False,False,False,False,False,False,False,False,,False,,,21026164736.0,US Equity,unknown,129.0,True,,False,True,263.0,True,True,False,167.0,,0,0,False,US Equity,US Equity,US Equity,US Equity,US Equity
2026-08-26,PBUS,76.5999984741211,76.91500091552734,76.62000274658203,76.83000183105469,1025273.0,251,78771726.46733093,13202518.638773346,26098543.83908541,0.0498770362210665,0.0250210597159492,0.1124895409923503,0.4124296220561092,0.0618608017458668,0.1265986049058924,0.0205707671979333,0.0015478228145598,0.0142410189561357,0.0059904414641114,0.2747729408409139,75.50812820434571,71.78324862162272,0.0071507674163153,78.22000122070312,78.22000122070312,0.9822296168760408,0.6207496643066406,0.0080795216648782,76.43000030517578,73.69999694824219,73.69999694824219,-0.0407393571289406,Invesco MSCI USA ETF,Z,True,False,False,False,False,False,False,False,False,,False,,,11176468480.0,Country / Region,unknown,221.0,True,,False,True,374.0,True,True,False,168.0,,0,0,False,Country / Region,Country / Region,Country / Region,Country / Region,Country / Region
2026-08-26,MSLC,60.540000915527344,60.810001373291016,60.53499984741211,60.650001525878906,53596.0,251,3250597.481781006,3881357.690937805,4743273.114774431,0.0496712150781557,0.0300611485335411,0.1028275789403736,0.4322288724019583,0.0790884885294035,0.1223999632079709,0.0214693332840664,0.0023774908009756,0.0125860918790664,0.0059505011783074,0.369339839479808,59.47190017700196,56.81404001871745,0.0080615246681605,61.67599868774414,61.67599868774414,0.9833647256032336,0.482499885559082,0.0079554801882932,60.29999923706055,58.12099838256836,58.12099838256836,-0.0416983195331238,Morgan Stanley Pathway Large Cap Equity ETF,P,True,False,False,False,False,False,False,False,False,,False,,,3979997184.0,Factor / Style,unknown,425.0,True,,False,True,466.0,False,False,False,169.0,,0,0,False,Factor / Style,Factor / Style,Factor / Style,Factor / Style,Factor / Style
2026-08-26,BBUS,137.8300018310547,138.41000366210938,137.8300018310547,138.14999389648438,128613.0,251,17767885.165008545,23099464.56273956,28959800.319071937,0.0513298213907078,0.0242789159914165,0.1118813509917719,0.4418597212337366,0.0604426894836603,0.1272190024608744,0.0226805805706756,0.001467482980269,0.0142334338671481,0.0059355657906767,0.2648813315261502,135.75684967041016,129.1471598815918,0.0070548982345668,140.6999969482422,140.6999969482422,0.9818763105396808,1.15150146484375,0.0083351539320846,137.47999572753906,132.4199981689453,132.4199981689453,-0.0414766267151089,JPMorgan BetaBuilders U.S. Equity ETF,Z,True,False,False,False,False,False,False,False,False,,False,,,8542320128.0,US Equity,unknown,272.0,True,,False,True,359.0,True,True,False,170.0,,0,0,False,US Equity,US Equity,US Equity,US Equity,US Equity
2026-08-26,VB,302.4700012207031,304.8800048828125,302.3099975585937,303.9599914550781,350850.0,251,106644363.00201416,133390766.83403017,160670854.14096892,0.0374061141811539,0.0420687660106935,0.1004156100932553,0.2575184263380293,0.0922767218465992,0.0959967933788977,0.0096327636593513,0.0038819678195984,0.0096395765741382,0.0058971308836873,0.4063000721110679,299.90222900390626,284.27713673909506,0.0089028337846379,309.510009765625,309.510009765625,0.9820683721513576,3.215498352050781,0.0105786894408634,302.1300048828125,291.94000244140625,291.94000244140625,-0.0395446418988608,Vanguard Morningstar Small-Cap ETF,P,True,False,False,False,False,False,False,False,False,,False,,,188574482432.0,Other,unknown,12.0,True,,False,True,131.0,True,True,False,171.0,,0,0,False,Other,Other,Other,Other,Other
2026-08-26,SPTM,92.79000091552734,93.11000061035156,92.72000122070312,92.97000122070312,333563.0,251,31011352.5171814,34645087.29268341,42369697.01899356,0.0482579621319154,0.0249161383513871,0.1095854799377942,0.4123310949866522,0.063298506879074,0.1262665638066353,0.0198982583676771,0.0015771543548352,0.0138369819948462,0.005868094028839,0.2741329117840648,91.44684127807618,86.97566329956055,0.0071175845814075,94.62000274658205,94.62000274658205,0.9825618106321762,0.7645000457763672,0.0082230830992623,92.5,89.30000305175781,89.30000305175781,-0.0394750792810364,State Street SPDR Portfolio S&P 1500 Composite Stock Market ETF,P,True,False,False,False,False,False,False,False,False,,False,,,13582209024.0,Other,unknown,190.0,True,,False,True,301.0,True,True,False,172.0,,0,0,False,Other,Other,Other,Other,Other
2026-08-26,VOO,702.9000244140625,705.3049926757812,702.239990234375,704.2000122070312,7098862.0,251,4999018707.05603,4369703242.521686,5493387413.204913,0.0500574192621829,0.0236110942297644,0.1112889477075644,0.4305508043702381,0.0588810277209786,0.1271557248045682,0.0215522621280311,0.0013902454938654,0.014151026808493,0.005856518953985,0.2618535360135119,692.0258142089843,658.3568518066406,0.0070333423608077,716.3900146484375,716.3900146484375,0.9829841256966872,5.9512451171875,0.0084510721585132,700.469970703125,675.2100219726562,675.2100219726562,-0.0411672674408476,Vanguard S&P 500 ETF,P,True,False,False,False,False,False,False,False,False,,False,,,1670882131968.0,US Equity,unknown,2.0,True,,False,True,7.0,True,True,False,173.0,,0,0,False,US Equity,US Equity,US Equity,US Equity,US Equity
2026-08-26,SPYM,90.01000213623047,90.31990051269533,89.91999816894531,90.16999816894533,5480105.0,251,494141057.81562805,767457758.8143578,1103621728.660621,0.049342463036325,0.0234165256651606,0.1113683261077422,0.4248493424427356,0.058383000184375,0.1273329468562468,0.0209631129754876,0.0013671270222264,0.0141808571497463,0.0058519325668584,0.2572170963538988,88.61619995117188,84.30386845906575,0.0070519248294527,91.73999786376952,91.73999786376952,0.982886421066244,0.7584953308105469,0.0084118370435076,89.70999908447266,86.47000122070312,86.47000122070312,-0.0410335701827314,State Street SPDR Portfolio S&P 500 ETF,P,True,False,False,False,False,False,False,False,False,,False,,,153918701568.0,US Equity,unknown,17.0,True,,False,True,29.0,True,True,False,174.0,,0,0,False,US Equity,US Equity,US Equity,US Equity,US Equity
2026-08-26,DUHP,42.43999862670898,42.61000061035156,42.42010116577149,42.5,573812.0,251,24387010.0,29235740.348766327,33243255.79186939,0.0403917157285624,0.0382086680963431,0.0842128782977584,0.4135344384169858,0.1045338069237097,0.1085879867468627,0.0167033654805096,0.0039940975335952,0.0091445069125121,0.0057967408162161,0.3664464476043391,41.731821365356446,39.83703651428223,0.007368160856193,42.900001525878906,42.900001525878906,0.990675955439358,0.3286951065063476,0.0077340025060317,42.15499877929688,40.720001220703125,40.720001220703125,-0.04188232421875,Dimensional US High Profitability ETF,P,True,False,False,False,False,False,False,False,False,,False,,,12324184064.0,Other,unknown,201.0,True,,False,True,335.0,True,True,False,175.0,,0,0,False,Other,Other,Other,Other,Other
2026-08-26,IVV,768.3800048828125,770.969970703125,767.5604858398438,769.6500244140625,5461572.0,251,4203499023.13916,3509210325.582007,5832128573.304494,0.0498281721139466,0.0232669670318363,0.1113416648180947,0.4297150635912355,0.0574176285200147,0.1264583612981353,0.0214119161485796,0.0013359340698214,0.0140800844771025,0.0057963867123697,0.2552216451850385,756.3113952636719,719.5749462890625,0.0070478279467642,783.0900268554688,783.0900268554688,0.982837219246202,6.550479125976563,0.008510984107307,765.6599731445312,738.0800170898438,738.0800170898438,-0.0410186530537085,iShares Core S&P 500 ETF,P,True,False,False,False,False,False,False,False,False,,False,,,888128929792.0,US Equity,unknown,3.0,True,,False,True,5.0,True,True,False,176.0,,0,0,False,US Equity,US Equity,US Equity,US Equity,US Equity
2026-08-26,THRO,43.470001220703125,43.64500045776367,43.44499969482422,43.560001373291016,421118.0,251,18343900.65831757,24550590.821814347,77200781.32844192,0.0565122934010178,0.0129857238030943,0.1279138450694459,0.4275235111473215,0.0278470388444723,0.1238263381597594,0.0241603340977907,0.0003616139551683,0.0158391030348842,0.0057787351330689,0.0847393306621135,43.07639984130859,40.69623357137044,0.0052423257273239,44.58000183105469,44.58000183105469,0.9771197753282026,0.4196500778198242,0.0096338398666152,43.31499862670898,41.72999954223633,41.72999954223633,-0.0420110599945197,iShares U.S. Thematic Rotation Active ETF,P,True,False,False,False,False,False,False,False,False,,False,,,6481671680.0,Other,unknown,331.0,True,,False,True,219.0,True,True,False,177.0,,0,0,False,Other,Other,Other,Other,Other
2026-08-26,SPY,764.72998046875,767.3499755859375,763.9299926757812,766.0800170898438,27260923.0,251,20884048357.724915,32577631338.103832,38022939750.91927,0.0502015107259163,0.0234437671019644,0.1110887345387352,0.4266071484438326,0.0575511155904427,0.1258217297397235,0.0214163233383556,0.0013492149503605,0.0139773767342606,0.0057690715747255,0.2603286229848008,752.8953625488281,716.3484997558594,0.0070037117419594,779.3699951171875,779.3699951171875,0.982947793588916,6.504495239257812,0.008490621206864,762.0399780273438,734.5900268554688,734.5900268554688,-0.0411053539211191,State Street SPDR S&P 500 ETF Trust,P,True,False,False,False,False,False,False,False,False,,False,,,781188857856.0,US Equity,unknown,4.0,True,,False,True,1.0,True,True,False,178.0,,0,0,False,US Equity,US Equity,US Equity,US Equity,US Equity
2026-08-26,PAAA,51.4900016784668,51.4900016784668,51.470001220703125,51.4900016784668,2115919.0,251,108948672.8614998,102125583.15427876,103340610.3186353,0.0007774716216555,0.0077566636103008,0.019644353405126,0.0909106672215286,0.4373663383009177,0.517837265198266,7.068046387050851e-05,0.0033925035606692,0.0101725782438987,0.0057655296997995,0.949255130058806,51.35600791931152,50.92409085591634,0.0011152294529845,51.4900016784668,51.4900016784668,1.0,0.0305002212524414,0.0005923523064322,51.369998931884766,51.290000915527344,51.290000915527344,-0.0038842640594259,PGIM AAA CLO ETF,P,True,False,False,False,False,False,False,False,False,,False,,,10160844800.0,Other,unknown,246.0,True,,False,True,179.0,True,True,False,179.0,,0,0,False,Other,Other,Other,Other,Other
2026-08-26,COPX,96.37999725341795,97.1500015258789,95.30819702148438,95.54000091552734,3248219.0,251,310334846.2338333,271784573.0375904,264435871.7607239,0.2547938229760009,0.1135401820346349,0.0084649043052607,0.5520773378151494,0.0771965270338417,0.0030536668594218,0.140665895480335,0.008764907731864,2.5848997745152263e-05,0.0057062371749224,2.261943615157874,81.69304992675781,82.89120315551757,0.0133011707653731,97.1500015258789,97.1500015258789,0.9834276831182274,2.650091552734375,0.0277380314772812,84.93000030517578,77.23999786376953,77.23999786376953,-0.1915428394012466,Global X Copper Miners ETF,P,True,False,False,False,False,False,False,False,False,,False,,,7154050560.0,Commodity,unknown,305.0,True,,False,True,92.0,True,True,False,180.0,,0,0,False,Commodity,Commodity,Commodity,Commodity,Commodity
2026-08-26,QQQM,291.7699890136719,293.56988525390625,291.510009765625,292.8999938964844,2153950.0,251,630891941.8533325,916544968.780899,1093231654.037306,0.0748228813627653,-0.0237734419301274,0.1568406545590943,0.3720119264037327,0.0,0.1027897201669463,0.0278350042348403,-0.0,0.01612160699293,0.0056425624475255,-0.0,293.27953369140624,274.26054911295574,-0.0013651399638345,302.45001220703125,307.85374142464434,0.9514258054524236,4.384696960449219,0.0149699455507631,289.3900146484375,277.218994140625,277.218994140625,-0.0535370436415962,Invesco NASDAQ 100 ETF,Q,True,False,False,False,False,False,False,False,False,,False,,,101307228160.0,US Equity,unknown,26.0,True,,False,True,30.0,True,True,False,181.0,,0,0,False,US Equity,US Equity,US Equity,US Equity,US Equity
2026-08-26,CGUS,45.20000076293945,45.244998931884766,45.03400039672852,45.16999816894531,2136277.0,251,96495628.17836,53118747.16640244,51184366.92960152,0.0434279790634897,0.0301563872677632,0.1031838768985153,0.3560606826874587,0.072902969624008,0.1161804580560103,0.0154629958730828,0.0021984901849515,0.0119879500820645,0.005624801148941,0.2741006115614092,44.68870132446289,42.411862970987954,0.0081115578677821,46.79600143432617,46.79600143432617,0.9652533717509432,0.4194000244140625,0.0092849245387484,44.90999984741211,43.720001220703125,43.720001220703125,-0.0321008856989298,Capital Group Core Equity ETF,P,True,False,False,False,False,False,False,False,False,,False,,,11122103296.0,Other,unknown,225.0,True,,False,True,280.0,True,True,False,182.0,,0,0,False,Other,Other,Other,Other,Other
2026-08-26,QQQ,708.5,713.0180053710938,707.969970703125,711.3699951171875,18464999.0,251,13135446248.468872,25550983289.81114,30171273318.243908,0.0750155140519308,-0.0237141476220431,0.1562718380489298,0.3712236428666629,0.0,0.1013617018757425,0.0278475323978731,-0.0,0.0158399794598899,0.0055439928109614,-0.0,712.3124536132813,666.158524983724,-0.0013673752037807,734.5800170898438,747.828194840854,0.95124789360018,10.7448974609375,0.0151045131713313,702.7000122070312,673.2999877929688,673.2999877929688,-0.0535164648291741,"Invesco QQQ Trust, Series 1",Q,True,False,False,False,False,False,False,False,False,,False,,,490103177216.0,Other,unknown,6.0,True,,False,True,2.0,True,True,False,183.0,,0,0,False,Other,Other,Other,Other,Other
2026-08-26,MGC,279.8999938964844,280.6199951171875,279.42999267578125,280.1600036621094,45244.0,251,12675559.205688477,20926855.54527588,27032812.03276716,0.0555743935664838,0.0173222023836963,0.1166164741951258,0.4414857468559778,0.0395704624591328,0.123708571400185,0.0245353026497671,0.0006854475591335,0.0144264574244055,0.0054948010119787,0.1596910670054337,275.5833184814453,261.96890614827475,0.0063647559011694,285.54998779296875,285.54998779296875,0.981124201151193,2.48800048828125,0.008880641261277,278.9599914550781,267.94000244140625,267.94000244140625,-0.0436179363969498,Vanguard Morningstar Mega Cap ETF,P,True,False,False,False,False,False,False,False,False,,False,,,10574559232.0,Other,unknown,237.0,True,,False,True,370.0,True,True,False,184.0,,0,0,False,Other,Other,Other,Other,Other
2026-08-26,USFR,50.34999847412109,50.34999847412109,50.34000015258789,50.34000015258789,4744744.0,251,238850413.68399048,283674401.63974303,255156761.2769824,-0.0003971496727813,0.0065887355337941,0.0158014928892205,0.0,0.4644477900849553,0.6111355895872532,-0.0,0.0030601236581249,0.0096568546732125,0.0053689795134055,0.3451667978826662,50.31687980651856,49.93846557617187,0.0015124550332896,50.5099983215332,50.5099983215332,0.996634365975165,0.0214998245239257,0.0004270922617949,50.34000015258789,50.34000015258789,50.34000015258789,0.0,WisdomTree Floating Rate Treasury Fund,P,True,False,False,False,False,False,False,False,False,,False,,,17754787840.0,Bond,unknown,144.0,True,,False,True,98.0,True,True,False,185.0,,0,0,False,Bond,Bond,Bond,Bond,Bond
2026-08-26,MTUM,301.1099853515625,304.44000244140625,301.0799865722656,304.0,725077.0,251,220423408.0,418886483.4892944,548730901.7200017,0.0737876292935995,-0.028704938227547,0.1881139135072347,0.2666921206832066,0.0,0.081075080649143,0.0196785793364963,-0.0,0.0152513507088249,0.0053379727480887,-0.0,314.4074005126953,285.607319539388,-0.0065163011762005,324.0400085449219,345.5899963378906,0.8796550919337746,7.672001647949219,0.0252368475261487,297.2099914550781,292.6499938964844,292.6499938964844,-0.0373355463931435,iShares MSCI USA Momentum Factor ETF,Z,True,False,False,False,False,False,False,False,False,,False,,,29047369728.0,Country / Region,unknown,96.0,True,,False,True,56.0,True,True,False,186.0,,0,0,False,Country / Region,Country / Region,Country / Region,Country / Region,Country / Region
2026-08-26,IJJ,147.69000244140625,148.99249267578125,147.78500366210938,148.4499969482422,110530.0,251,16408178.162689207,22529969.661003117,25851791.164839003,0.0032438718901077,0.0471124333810888,0.0631600274116581,0.0290202561517094,0.1185091208970312,0.0717373107296163,9.41379931742574e-05,0.0055832530633127,0.0045309305121212,0.0052149401703957,0.4833262022967602,147.87559875488282,141.42290771484377,0.0079364275880602,151.80999755859375,151.80999755859375,0.977867066304018,1.41912841796875,0.0095596392532331,147.25999450683594,146.8000030517578,146.8000030517578,-0.011114812599556,iShares S&P Mid-Cap 400 Value ETF,P,True,False,False,False,False,False,False,False,False,,False,,,8733020160.0,Factor / Style,unknown,269.0,True,,False,True,375.0,True,True,False,187.0,,0,0,False,Factor / Style,Factor / Style,Factor / Style,Factor / Style,Factor / Style
2026-08-26,JHMM,75.55999755859375,76.19999694824219,75.55999755859375,76.01000213623047,134786.0,251,10245084.14793396,14051954.002318572,16022562.488136657,0.033165725860101,0.0439654954710735,0.0727321337163942,0.2897860510969275,0.1103515388702151,0.0808728620445951,0.0096109647287619,0.0048516600824244,0.0058820558162549,0.0052122985892651,0.5254733827877924,74.78973373413086,71.67880488077799,0.0082413717613651,77.44999694824219,77.44999694824219,0.9814074258392284,0.7188014984130859,0.0094566698883233,75.44999694824219,73.17500305175781,73.17500305175781,-0.0372977108906216,John Hancock Multifactor Mid Cap ETF,P,True,False,False,False,False,False,False,False,False,,False,,,5809617408.0,Factor / Style,unknown,354.0,True,,False,True,420.0,True,True,False,188.0,,0,0,False,Factor / Style,Factor / Style,Factor / Style,Factor / Style,Factor / Style
2026-08-26,FNDA,37.5099983215332,37.72890090942383,37.51499938964844,37.630001068115234,1265778.0,251,47631227.491996765,19434513.083660506,18858063.66566625,0.0148327726510497,0.0399510959966147,0.0934045105401337,0.1106635483962577,0.0856811463132012,0.0884623920119439,0.0016414472541201,0.0034230557014586,0.008262786427085,0.0051169614554279,0.3414934468555421,37.576891021728514,35.4400410079956,0.0082373351828772,38.59000015258789,38.59000015258789,0.9751231127059669,0.3996950149536132,0.0106217114963699,37.380001068115234,36.77999877929688,36.77999877929688,-0.0225884205339177,Schwab Fundamental U.S. Small Company ETF,P,True,False,False,False,False,False,False,False,False,,False,,,9333672960.0,Other,unknown,258.0,True,,False,True,405.0,True,True,False,189.0,,0,0,False,Other,Other,Other,Other,Other
2026-08-26,VNLA,48.970001220703125,48.970001220703125,48.959999084472656,48.970001220703125,993325.0,251,48643126.46255493,20755561.162490845,18778638.363102503,0.0038728721978762,0.0101677048462693,0.0166916460036703,0.4908179142344628,0.4595132845645842,0.350802787034232,0.0019008750542582,0.0046721954503924,0.0058554759382763,0.0050863436211518,0.9196838558760908,48.77619331359863,48.41535024007162,0.0016342893741612,48.97999954223633,48.97999954223633,0.9997958693012118,0.026294862551472,0.0005369585847662,48.900001525878906,48.79602122141473,48.79602122141473,-0.003552787317776,Janus Henderson Short Duration Income ETF,P,True,False,False,False,False,False,False,False,False,,False,,,3309779456.0,Bond,unknown,473.0,True,,False,True,406.0,True,True,False,190.0,,0,0,False,Bond,Bond,Bond,Bond,Bond
2026-08-26,SCHA,34.5099983215332,34.7599983215332,34.5,34.709999084472656,2152974.0,251,74729725.56889343,67024710.941244505,73547400.43229796,0.0562994047400688,0.0244227345964516,0.1346087337765393,0.2732646198369087,0.0366652496930125,0.0955007117451417,0.0153846354333391,0.000895465662165,0.0128552298827718,0.0050813831393774,0.1691643295807621,34.68817245483398,32.38984172821045,0.005920391449999,35.86000061035156,36.20000076293945,0.9588397335065192,0.4969997406005859,0.014318633065678,34.349998474121094,33.20000076293945,33.20000076293945,-0.0435032659568318,Schwab U.S. Small-Cap ETF,P,True,False,False,False,False,False,False,False,False,,False,,,24157184000.0,Other,unknown,114.0,True,,False,True,228.0,True,True,False,191.0,,0,0,False,Other,Other,Other,Other,Other
2026-08-26,OEF,377.4700012207031,378.1199951171875,376.3900146484375,377.3399963378906,147824.0,251,55779907.61865234,78362759.3566101,102989627.12695312,0.0532280344684159,0.0112018576831758,0.1150565514823289,0.4137567090474973,0.0258146553243233,0.1212944662857336,0.0220234563707185,0.0002891720950833,0.0139557230047261,0.0050724649134582,0.0799498819952274,371.0763983154297,353.4213944498698,0.0064861663537962,384.8200073242188,384.8200073242188,0.9805623126553656,3.5444976806640627,0.0093933792205004,376.0400085449219,361.260009765625,361.260009765625,-0.0426140529186488,iShares S&P 100 Fund,P,True,False,False,False,False,False,False,False,False,,False,,,20043581440.0,Other,unknown,136.0,True,,False,True,180.0,True,True,False,192.0,,0,0,False,Other,Other,Other,Other,Other
2026-08-26,SPYI,53.459999084472656,53.584999084472656,53.41999816894531,53.52999877929688,1710654.0,251,91571306.53179932,141181357.0452446,143553535.93655977,0.0460887354773655,0.0281918470295345,0.0826055885399665,0.5686277034577587,0.0854631730949278,0.1200082581816017,0.0262073318097665,0.0024093647025508,0.0099133527967474,0.0050357605355196,0.4504970267694709,52.52473098754883,50.54472752888997,0.0074006394288188,53.92368949684128,53.92368949684128,0.9926991138548212,0.3118499773214463,0.0058257049212199,53.27000045776367,51.53290779904823,51.53290779904823,-0.0373078839116477,NEOS S&P 500 High Income ETF,Z,True,False,False,False,False,False,False,False,False,,False,,,10406321152.0,Bond,unknown,241.0,True,,False,True,144.0,True,True,False,193.0,,0,0,False,Bond,Bond,Bond,Bond,Bond
2026-08-26,URTH,208.9199981689453,209.4624938964844,208.55999755859372,208.9600067138672,228876.0,251,47825930.49664307,103953502.00121155,129176624.23207794,0.0491013876780561,0.031618857956049,0.0935042377831407,0.4289479267123136,0.0771765088335688,0.1031263980723774,0.0210619384431997,0.0024402330703523,0.0096427552470784,0.0049611158322064,0.3885805702077435,204.68060028076167,195.54876475016275,0.0082388436585034,211.94000244140625,211.94000244140625,0.9859394371368712,1.7011245727539062,0.0081409098300962,207.72000122070312,200.9499969482422,200.9499969482422,-0.0383327407554751,iShares MSCI World ETF,P,True,False,False,False,False,False,False,False,False,,False,,,8064359424.0,Country / Region,unknown,283.0,True,,False,True,154.0,True,True,False,194.0,,0,0,False,Country / Region,Country / Region,Country / Region,Country / Region,Country / Region
2026-08-26,VOT,302.510009765625,305.82000732421875,303.29998779296875,305.0899963378906,155544.0,251,47454918.39038086,48080747.76018677,58886364.03528413,0.0506215122694551,0.0427089560925302,0.1050908606944176,0.2651513191538083,0.0680116603471296,0.0829781077961382,0.0134223607558067,0.0029047070155456,0.0087202407670903,0.0049401438285862,0.437683347128637,301.787421875,286.1259697469076,0.0065985445870619,315.1499938964844,315.1499938964844,0.9680786998146091,4.038497924804688,0.0132370709406414,301.6099853515625,291.57000732421875,291.57000732421875,-0.0443147568781584,Vanguard Morningstar Mid-Cap Growth ETF,P,True,False,False,False,False,False,False,False,False,,False,,,34797047808.0,Factor / Style,unknown,86.0,True,,False,True,262.0,True,True,False,195.0,,0,0,False,Factor / Style,Factor / Style,Factor / Style,Factor / Style,Factor / Style
2026-08-26,VOOG,83.375,83.50499725341797,83.00499725341797,83.33999633789062,1039962.0,251,86670429.27154541,97437499.98007964,121699487.06093198,0.0735540291961205,0.0036240955265458,0.1374780973659359,0.4099057035211796,0.0057694774531102,0.1022952296659211,0.0301502160844531,2.090913742832418e-05,0.0140633535440822,0.0049357646797572,0.0075290799068965,82.42763137817383,77.7285585530599,0.0048441392470806,86.13999938964844,86.13999938964844,0.967494740287933,1.0895008087158202,0.0130729644419299,82.58999633789062,78.95999908447266,78.95999908447266,-0.0525557648894039,Vanguard S&P 500 Growth ETF,P,True,False,False,False,False,False,False,False,False,,False,,,26322757632.0,Factor / Style,unknown,104.0,True,,False,True,159.0,True,True,False,196.0,,0,0,False,Factor / Style,Factor / Style,Factor / Style,Factor / Style,Factor / Style
2026-08-26,BSCR,19.600000381469727,19.61000061035156,19.600000381469727,19.604999542236328,586758.0,251,11503390.321403503,11456047.836649705,11313512.0441748,0.0040323774088792,0.0095714490713634,0.0157655814747748,0.7245458534444932,0.5044022422708427,0.3221919733738327,0.0029216423311267,0.0048278603733768,0.0050795438067436,0.0049159495750552,1.008058280826645,19.52545825958252,19.39547981262207,0.0015475290239326,19.61000061035156,19.61000061035156,0.9997449735869668,0.0129596302640294,0.0006610370092643,19.57110442674314,19.521281405865142,19.521281405865142,-0.0042702442400381,Invesco BulletShares 2027 Corporate Bond ETF,Q,True,False,False,False,False,False,False,False,False,,False,,,4586565632.0,Bond,unknown,396.0,True,,False,True,445.0,True,True,False,197.0,,0,0,False,Bond,Bond,Bond,Bond,Bond
2026-08-26,IEUR,78.75,78.90440368652344,78.3301010131836,78.5,2218592.0,251,174159472.0,85630269.17098388,75405930.59267123,0.0427736619675487,0.0519538304499176,0.0438671352991713,0.447223529112572,0.1265544737614143,0.0407921596878124,0.0191293880581953,0.006574989672479,0.0017894351881706,0.0049000456029711,0.7037295597820125,76.13459991455078,73.62148086547852,0.0114276638370955,78.90440368652344,78.90440368652344,0.994874764048277,0.590814208984375,0.0075262956558519,77.38999938964844,75.95500183105469,75.95500183105469,-0.0324203588400676,iShares Core MSCI Europe ETF,P,True,False,False,False,False,False,False,False,False,,False,,,8644286464.0,Country / Region,unknown,271.0,True,,False,True,224.0,True,True,False,198.0,,0,0,False,Country / Region,Country / Region,Country / Region,Country / Region,Country / Region
2026-08-26,SPYG,120.04000091552734,120.3000030517578,119.54499816894533,120.0,1637875.0,251,196545000.0,328881935.71907043,302275368.97939044,0.0722901981338219,0.0035813020912027,0.1368895827912222,0.4034907206860284,0.0057109867101122,0.1018044563585909,0.0291684241435516,2.045276864775636e-05,0.0139359695572147,0.0048908836446461,0.0073388646243294,118.71558395385742,111.94588938395182,0.0048406057153456,124.04000091552734,124.04000091552734,0.9674298541945462,1.5567501068115237,0.0129729175567626,118.9499969482422,113.79000091552734,113.79000091552734,-0.0517499923706055,State Street SPDR Portfolio S&P 500 Growth ETF,P,True,False,False,False,False,False,False,False,False,,False,,,52988604416.0,Factor / Style,unknown,53.0,True,,False,True,82.0,True,True,False,199.0,,0,0,False,Factor / Style,Factor / Style,Factor / Style,Factor / Style,Factor / Style
2026-08-26,IVW,138.63999938964844,138.94000244140625,138.0738983154297,138.61000061035156,1086193.0,251,150557212.3929596,169492429.07881546,263908401.0136644,0.0721689504884866,0.0030327459490604,0.1359465806756734,0.4009454283640312,0.0048395423702234,0.1014482813355817,0.0289358107681888,1.4677102518601417e-05,0.013791546962996,0.0048365815536857,0.0053409727186244,137.13460052490234,129.34612284342447,0.0048191701798194,143.25999450683594,143.25999450683594,0.9675415742371644,1.78880615234375,0.012905318118945,137.42999267578125,131.41000366210938,131.41000366210938,-0.0519442819171626,iShares S&P 500 Growth ETF,P,True,False,False,False,False,False,False,False,False,,False,,,74972356608.0,Factor / Style,unknown,39.0,True,,False,True,93.0,True,True,False,200.0,,0,0,False,Factor / Style,Factor / Style,Factor / Style,Factor / Style,Factor / Style
2026-08-26,GRNY,27.700000762939453,27.95499992370605,27.700000762939453,27.90999984741211,876226.0,251,24455467.526298523,35722815.647261426,43598698.66112688,0.0596051513184963,0.0268672624225974,0.1114520851768441,0.4164459132110066,0.0538283446918289,0.0997919188110672,0.0248223216729114,0.0014462202626093,0.0111220174352917,0.0048327492730482,0.6132828259633709,27.524362297058104,26.254864463806157,0.0047619838645034,28.299999237060547,28.299999237060547,0.9862191024677588,0.293549919128418,0.0105177327385631,27.459999084472656,26.530000686645508,26.530000686645508,-0.0494446136980025,Fundstrat Granny Shots US Large Cap ETF,P,True,False,False,False,False,False,False,False,False,,False,,,4392313856.0,Factor / Style,unknown,403.0,True,,False,True,296.0,True,True,False,201.0,,0,0,False,Factor / Style,Factor / Style,Factor / Style,Factor / Style,Factor / Style
2026-08-26,IUSG,189.30999755859372,189.97000122070312,188.8000030517578,189.55999755859372,488192.0,251,92541674.328125,95203345.55005494,99220975.05066112,0.0712630733417869,0.0046172917198876,0.1344427972722244,0.4069054009407369,0.0075356626485352,0.1021147338885526,0.0289973294304089,3.4794352750948635e-05,0.0137285904666858,0.0048276229926281,0.0122185188354466,187.5450003051758,176.92592946370442,0.0048438267485759,195.63999938964844,195.63999938964844,0.9689225012777404,2.376496887207032,0.0125369113621793,187.92999267578125,179.92999267578125,179.92999267578125,-0.0508018833448012,iShares Core S&P U.S. Growth ETF,Q,True,False,False,False,False,False,False,False,False,,False,,,32221673472.0,Factor / Style,unknown,92.0,True,,False,True,189.0,True,True,False,202.0,,0,0,False,Factor / Style,Factor / Style,Factor / Style,Factor / Style,Factor / Style
2026-08-26,BLCR,49.310001373291016,49.46500015258789,49.21480178833008,49.380001068115234,322949.0,251,15947221.964946749,19151792.706352044,31874517.230937835,0.0558050157110552,-0.0229602257340023,0.1326082123313325,0.3333336581268702,0.0,0.103602741430296,0.0186016900287935,-0.0,0.0137385743336968,0.0048085010167938,-0.0,49.46839988708496,46.67287925720215,0.0010050541852522,51.02000045776367,51.02000045776367,0.967855755097335,0.6171594619750976,0.0124981662338115,48.64699935913086,47.18999862670898,47.18999862670898,-0.0443499877285409,iShares Large Cap Core Active ETF,Q,True,False,False,False,False,False,False,False,False,,False,,,6449013248.0,Factor / Style,unknown,333.0,True,,False,True,341.0,True,True,False,203.0,,0,0,False,Factor / Style,Factor / Style,Factor / Style,Factor / Style,Factor / Style
2026-08-26,VGK,93.1999969482422,93.29000091552734,92.625,92.6999969482422,1230309.0,251,114049640.5453949,179554459.60447922,202020210.202434,0.0432140030555354,0.0519770629306208,0.0432337085825353,0.4383560212160008,0.1230246921549593,0.0398092455204953,0.0189431184402406,0.0063944621661585,0.0017211013197236,0.0047587858699063,0.6794666253112488,89.85983062744141,86.91360585530599,0.0116675084353943,93.29000091552734,93.29000091552734,0.9936755926519992,0.6947494506835937,0.007494600577727,91.45999908447266,89.70999908447266,89.70999908447266,-0.0322545626990576,Vanguard FTSEEuropean ETF,P,True,False,False,False,False,False,False,False,False,,False,,,37858430976.0,Other,unknown,81.0,True,,False,True,118.0,True,True,False,204.0,,0,0,False,Other,Other,Other,Other,Other
2026-08-26,IBDS,24.200000762939453,24.21500015258789,24.19510078430176,24.209999084472656,394451.0,251,9549658.348869324,11367019.127875518,13544129.490159413,0.0043544138893705,0.0098089726132237,0.0159599123232148,0.5674761536478474,0.4503963470319634,0.3101673902459132,0.0024710260453307,0.0044179254331325,0.0049502443538451,0.0046042370553819,0.9799829743813674,24.09950405120849,23.938722343444823,0.0015908919104399,24.25,24.25,0.9983504777102128,0.0261808487188458,0.0010814064315945,24.142000198364254,24.10503578186035,24.10503578186035,-0.0043355351747874,iShares iBonds Dec 2027 Term Corporate ETF,P,True,False,False,False,False,False,False,False,False,,False,,,3791735808.0,Bond,unknown,442.0,True,,False,True,434.0,True,True,False,205.0,,0,0,False,Bond,Bond,Bond,Bond,Bond
2026-08-26,FV,73.31999969482422,73.93000030517578,73.31999969482422,73.81159973144531,33289.0,251,2457114.343460083,4095690.849542999,4565777.164849902,0.0744047017506295,0.0291961275230221,0.1215358446562504,0.4029198379631857,0.0405659536522129,0.0887031734911787,0.0299791303730628,0.001184368755923,0.0107806151139403,0.004543054981229,0.3159106534257979,72.18964981079101,68.11986022949219,0.0021032191835979,74.18499755859375,76.08000183105469,0.9701839899446026,0.9559009552001954,0.0129505519278558,72.86499786376953,68.73100280761719,68.73100280761719,-0.0688319578807838,First Trust Dorsey Wright Focus 5 ETF,Q,True,False,False,False,False,False,False,False,False,,False,,,3943691776.0,Other,unknown,431.0,True,,False,True,467.0,False,False,False,206.0,,0,0,False,Other,Other,Other,Other,Other
2026-08-26,TSPA,48.22999954223633,48.34999847412109,48.13999938964844,48.27000045776367,283351.0,251,13677352.899707794,16883336.504448127,24086404.87035364,0.0475260099758303,0.0170670330576558,0.104829525635526,0.3769364862069984,0.0389611533427633,0.1110842590509124,0.0179142872037282,0.0006649512920653,0.011644910181881,0.0045079369035008,0.1802727895390921,47.581999969482425,45.30568672180176,0.0059747095136901,49.16999816894531,49.16999816894531,0.9816962020602624,0.4420497894287109,0.0091578575768919,47.97999954223633,46.34999847412109,46.34999847412109,-0.0397762992631952,T. Rowe Price U.S. Equity Research ETF,P,True,False,False,False,False,False,False,False,False,,False,,,4062119424.0,US Equity,unknown,419.0,True,,False,True,381.0,True,True,False,207.0,,0,0,False,US Equity,US Equity,US Equity,US Equity,US Equity
2026-08-26,DFAI,43.5099983215332,43.59000015258789,43.34000015258789,43.380001068115234,2447347.0,251,106165915.4740486,83443784.84339313,68602232.66253571,0.0488394687609869,0.04985676394532,0.0404446320261282,0.4353460572452717,0.1210478076942129,0.0407249098441425,0.0212620701630493,0.0060350519743088,0.0016471039929435,0.004499270180831,0.8714408515386349,42.03860717773438,40.80289133707682,0.011188989130094,43.59000015258789,43.59000015258789,0.995182402300125,0.351249885559082,0.008097046494018,42.86000061035156,41.72499847412109,41.72499847412109,-0.0381512806188145,Dimensional International Core Equity Market ETF,P,True,False,False,False,False,False,False,False,False,,False,,,16829969408.0,Global Equity,unknown,156.0,True,,False,True,241.0,True,True,False,208.0,,0,0,False,Global Equity,Global Equity,Global Equity,Global Equity,Global Equity
2026-08-26,EZU,71.83999633789062,71.83999633789062,71.29499816894531,71.4000015258789,573108.0,251,40919912.07449341,49620692.05262299,61439616.96449498,0.0544971568645678,0.0534773775490584,0.0498252262075433,0.5175326523580535,0.1090627966532633,0.0405772376789718,0.0282040581380926,0.0058323923531827,0.002021770046232,0.0044986745457499,0.5275863030616521,69.55319961547852,66.65631263732911,0.0110156681618638,72.19999694824219,72.19999694824219,0.9889197305238562,0.6492485046386719,0.0090931161171383,70.72000122070312,68.80999755859375,68.80999755859375,-0.036274564592921,iShares MSCI Eurozone ETF,Z,True,False,False,False,False,False,False,False,False,,False,,,9595190272.0,Country / Region,unknown,255.0,True,,False,True,256.0,True,True,False,209.0,,0,0,False,Country / Region,Country / Region,Country / Region,Country / Region,Country / Region
2026-08-26,BBEU,81.18000030517578,81.30999755859375,80.79000091552734,80.83000183105469,167058.0,251,13503298.445892334,18300684.91798401,21432915.877787277,0.0410871002895907,0.050580744451617,0.037828826692269,0.425902082857981,0.1227627589466778,0.0348168950896827,0.0174990815919314,0.0062094317384573,0.0013170822903105,0.0044971094316059,0.6706585357274132,78.5771012878418,76.0168369547526,0.0112421330247625,81.30999755859375,81.30999755859375,0.9940967194447008,0.6050498962402344,0.0074854618648267,79.81999969482422,78.44000244140625,78.44000244140625,-0.0295682213968502,JPMorgan BetaBuilders Europe ETF,Z,True,False,False,False,False,False,False,False,False,,False,,,9113485312.0,Country / Region,unknown,263.0,True,,False,True,392.0,True,True,False,210.0,,0,0,False,Country / Region,Country / Region,Country / Region,Country / Region,Country / Region
2026-08-26,ONEQ,102.8000030517578,103.23999786376952,102.5500030517578,102.95999908447266,104566.0,251,10766115.264266968,26652267.60868759,36112048.590659246,0.0696031248655086,-0.0188064651645497,0.132465079277833,0.3649238722116951,0.0,0.0967887628897332,0.0253998418439555,-0.0,0.0128211311493918,0.0044873959022871,-0.0,102.19823638916016,96.83609720865886,0.0015970712584458,105.87999725341795,106.92064958960168,0.9629571039800884,1.366499710083008,0.0132721418243397,102.08000183105467,97.5999984741211,97.5999984741211,-0.0520590584500102,Fidelity Nasdaq Composite Index ETF,Q,True,False,False,False,False,False,False,False,False,,False,,,10687616000.0,Other,unknown,233.0,True,,False,True,321.0,True,True,False,211.0,,0,0,False,Other,Other,Other,Other,Other
2026-08-26,XT,82.11000061035156,82.54000091552734,82.0199966430664,82.19400024414062,71909.0,251,5910488.363555908,5730901.638522339,6998700.1990894135,0.0644133507486133,0.004487092883149,0.1292717977960329,0.3613776375026745,0.007381004782891,0.0984671608726568,0.023277544517165,3.311925403179997e-05,0.0127290269098795,0.0044766869335785,0.0090986675740957,81.4446598815918,76.46241129557292,0.0035756466933114,83.88999938964844,83.88999938964844,0.97978305926991,0.9754005432128906,0.0118670528300807,81.80000305175781,78.01000213623047,78.01000213623047,-0.0509039357554376,iShares Future Exponential Technologies ETF,Q,True,False,False,False,False,False,False,False,False,,False,,,3962071552.0,Other,unknown,429.0,True,,False,True,460.0,True,True,False,212.0,,0,0,False,Other,Other,Other,Other,Other
2026-08-26,BAI,43.72999954223633,44.369998931884766,43.72999954223633,44.25,3457782.0,251,153006853.5,132146539.29824904,198072332.9325845,0.1799999999999999,-0.1110887688811427,0.2264411794434349,0.3307202994640732,0.0,0.0564109556806319,0.0595296539035331,-0.0,0.0127737633378536,0.0044708171682487,-0.0,45.92300003051758,41.65739999135335,-0.0168612712209879,48.29999923706055,54.459999084472656,0.8125229662851082,1.6742502212524415,0.0378361631921455,42.470001220703125,39.470001220703125,39.470001220703125,-0.1080225712835452,iShares A.I. Innovation and Tech Active ETF,P,True,False,False,False,False,False,False,False,False,,False,,,15693548544.0,Industry / Theme,unknown,163.0,True,,False,True,122.0,True,True,False,213.0,,0,0,False,Industry / Theme,Industry / Theme,Industry / Theme,Industry / Theme,Industry / Theme
2026-08-26,ESGD,107.5999984741211,107.7300033569336,107.08999633789062,107.20999908447266,206124.0,251,22098553.85128784,30281883.273542784,31522397.04159885,0.0457471965955573,0.0518574802749995,0.0431935366409077,0.3779211166331818,0.1148147822828583,0.0395150782166742,0.0172888316202307,0.0059540053075116,0.0017067959788202,0.0044674820424696,0.6540873905961055,104.32639999389647,100.67329045613609,0.0117386745530512,108.0,108.0,0.99268517670808,0.9261001586914064,0.0086381882902705,106.14600372314452,103.73999786376952,103.73999786376952,-0.0323663953953496,iShares ESG Aware MSCI EAFE ETF,Q,True,False,False,False,False,False,False,False,False,,False,,,11761851392.0,Country / Region,unknown,208.0,True,,False,True,344.0,True,True,False,214.0,,0,0,False,Country / Region,Country / Region,Country / Region,Country / Region,Country / Region
2026-08-26,CGMM,33.040000915527344,33.310001373291016,32.959999084472656,33.18000030517578,465174.0,251,15434473.46195984,22413702.84670105,26252347.557368323,0.0443814865311891,0.0473092641534356,0.0576456236894853,0.3317649677635352,0.1065001970594501,0.0578471423399423,0.0147242224483177,0.0050384459550784,0.0033346345988404,0.0044421119803951,0.6956187006397518,32.57448799133301,31.39630084991455,0.009757195903022,33.84000015258789,33.84000015258789,0.980496458497751,0.3217501640319824,0.009697111545288,32.84000015258789,31.709999084472656,31.709999084472656,-0.0443038338511955,Capital Group U.S. Small and Mid Cap ETF,P,True,False,False,False,False,False,False,False,False,,False,,,3082042368.0,Factor / Style,unknown,499.0,True,,False,True,373.0,True,True,False,215.0,,0,0,False,Factor / Style,Factor / Style,Factor / Style,Factor / Style,Factor / Style
2026-08-26,IWO,383.9800109863281,386.4750061035156,383.9150085449219,385.2000122070313,236034.0,251,90920299.6812744,163988265.43328246,173102025.88615102,0.0591146529512938,0.0152375303723082,0.138478012457363,0.2725661169526659,0.0218489131709693,0.0870137023753772,0.0161126514099386,0.0003329234780445,0.0120494845614987,0.0044337198572535,0.0707994150975336,384.0908032226562,358.30254923502605,0.0068685400517518,395.739990234375,396.6900024414063,0.9710353420462816,5.627497863769531,0.0146092878645729,381.6900024414063,366.0299987792969,366.0299987792969,-0.049766388422208,iShares Russell 2000 Growth Fund,P,True,False,False,False,False,False,False,False,False,,False,,,15425412096.0,Factor / Style,unknown,165.0,True,,False,True,126.0,True,True,False,216.0,,0,0,False,Factor / Style,Factor / Style,Factor / Style,Factor / Style,Factor / Style
2026-08-26,GUNR,56.54999923706055,56.84999847412109,56.34999847412109,56.380001068115234,287167.0,251,16190475.766727448,46584855.00619755,28711587.31023353,0.0794562811076222,0.0538857497433327,0.0391093978166978,0.4505977607167827,0.1106885206137857,0.0401718349773554,0.0358028223419778,0.0059645339212541,0.0015710962751561,0.0044268307451198,4.461965496572399,52.02491882324219,52.98889587402344,0.0103227210727796,57.09000015258789,57.09000015258789,0.9875635123038186,0.7234994888305664,0.0128325554296544,53.06999969482422,51.470001220703125,51.470001220703125,-0.0870876153670184,Northern Trust Morningstar Global Upstream Natural Resources ETF,P,True,False,False,False,False,False,False,False,False,,False,,,6723008512.0,Global Equity,unknown,321.0,True,,False,True,360.0,True,True,False,217.0,,0,0,False,Global Equity,Global Equity,Global Equity,Global Equity,Global Equity
2026-08-26,IDEV,93.69000244140624,93.86000061035156,93.29499816894533,93.33999633789062,1016773.0,251,94905588.09646606,157493265.19747925,139031909.64601064,0.0500618402384689,0.0498482841000362,0.0444092426460946,0.4086320875006655,0.1149544476427906,0.042370331613093,0.0204568742807703,0.0057302819646605,0.0018816343376013,0.0043832552951898,0.7720189130055917,90.53839935302734,87.67678833007812,0.0110543128190025,93.86000061035156,93.86000061035156,0.9944597883115336,0.7854511260986328,0.0084149470421586,92.29000091552734,89.75,89.75,-0.0384615007364564,iShares Core MSCI International Developed Markets ETF,P,True,False,False,False,False,False,False,False,False,,False,,,30637815808.0,Country / Region,unknown,93.0,True,,False,True,146.0,True,True,False,218.0,,0,0,False,Country / Region,Country / Region,Country / Region,Country / Region,Country / Region
2026-08-26,IVLU,44.58000183105469,44.61000061035156,44.39500045776367,44.41999816894531,646990.0,251,28739294.615325928,30560669.502513885,35583868.71699621,0.0434577986230528,0.0491795775165018,0.0501553033517585,0.3995679420231584,0.1106113316503942,0.0480005737935339,0.01736434316067,0.005439818559104,0.0024074833396731,0.0043785012323032,0.629284450434822,42.99599998474121,41.44582598368327,0.0111532652561954,44.630001068115234,44.630001068115234,0.9952945800102176,0.3545001983642578,0.0079806441462686,43.8650016784668,43.084999084472656,43.084999084472656,-0.0300540103445112,iShares MSCI Intl Value Factor ETF,P,True,False,False,False,False,False,False,False,False,,False,,,4248612352.0,Country / Region,unknown,410.0,True,,False,True,324.0,True,True,False,219.0,,0,0,False,Country / Region,Country / Region,Country / Region,Country / Region,Country / Region
2026-08-26,SILJ,32.20000076293945,32.790000915527344,32.188899993896484,32.349998474121094,3620656.0,251,117128216.07531738,129654711.265287,117486479.92808317,0.3626789716096696,0.1052271256641019,-0.1482359435485062,0.5508635357599734,0.0633483719120921,0.0,0.1997866206466936,0.0066659670918099,-0.0,0.0043328786096764,3.797899923465125,27.047400016784668,30.23626663208008,0.0259761903830304,32.81999969482422,40.29999923706055,0.8027295058698537,1.2480548858642575,0.0385797509963612,28.6299991607666,23.65999984741211,23.65999984741211,-0.268624390621245,Amplify Junior Silver Miners ETF,P,True,False,False,False,False,False,False,False,False,,False,,,3404911360.0,Commodity,unknown,470.0,True,,False,True,167.0,True,True,False,220.0,,0,0,False,Commodity,Commodity,Commodity,Commodity,Commodity
2026-08-26,DIHP,35.77000045776367,35.849998474121094,35.650001525878906,35.665000915527344,552201.0,251,19694249.170555115,18514000.251210403,21218162.9581007,0.0477379540627085,0.0494490131311249,0.028520893261114,0.4193548387096774,0.1251397241564638,0.0300000289287398,0.0200191420262971,0.0061880358630383,0.0008556276229069,0.0043216929789923,0.8863103555529953,34.539114990234374,33.698203048706056,0.0105684792646874,35.875,35.875,0.9941463669833406,0.3007497787475586,0.0084326306190173,35.150001525878906,34.20000076293945,34.20000076293945,-0.0410766890503591,Dimensional International High Profitability ETF,Z,True,False,False,False,False,False,False,False,False,,False,,,6191810560.0,Global Equity,unknown,344.0,True,,False,True,393.0,True,True,False,221.0,,0,0,False,Global Equity,Global Equity,Global Equity,Global Equity,Global Equity
2026-08-26,MGK,88.7300033569336,89.0999984741211,88.44000244140625,88.8499984741211,730796.0,251,64931223.4848938,97874710.85323793,133395730.7080359,0.0690650682422759,-0.0076035952356098,0.1273404487233844,0.3883627402447705,0.0,0.0957949320543227,0.0268222991577623,-0.0,0.0121985696332235,0.0042694993716282,-0.0,87.81952484130859,83.54018234252929,0.0026693713549832,91.4000015258789,92.28799613204824,0.9627470765211116,1.180499267578125,0.0132864298013686,88.05000305175781,84.31999969482422,84.31999969482422,-0.0509847929892346,Vanguard Morningstar Mega Cap Growth ETF,P,True,False,False,False,False,False,False,False,False,,False,,,33301635072.0,Factor / Style,unknown,89.0,True,,False,True,149.0,True,True,False,222.0,,0,0,False,Factor / Style,Factor / Style,Factor / Style,Factor / Style,Factor / Style
2026-08-26,IOO,143.52999877929688,143.61500549316406,142.8800048828125,143.19000244140625,205515.0,251,29427693.351745605,54123754.90272522,40679735.6339712,0.0494722946292731,0.0135232193059859,0.1087703461443938,0.3727219262961533,0.0299491861265017,0.1051831295665849,0.0184394089525135,0.0004050094120244,0.011440805411508,0.0042675380118437,0.1022780430294207,140.23520080566405,133.66599400838217,0.0073114328957359,146.67999267578125,146.67999267578125,0.9762067738707269,1.3929962158203124,0.0097283063905968,142.8800048828125,138.25,138.25,-0.0344996323568589,iShares Global 100 ETF,P,True,False,False,False,False,False,False,False,False,,False,,,8474621952.0,Global Equity,unknown,273.0,True,,False,True,307.0,True,True,False,223.0,,0,0,False,Global Equity,Global Equity,Global Equity,Global Equity,Global Equity
2026-08-26,EWU,49.18000030517578,49.23860168457031,48.84999847412109,48.86000061035156,518616.0,251,25339578.07653809,55273809.15613098,63937064.49259779,0.0200417339016993,0.0493307752919947,0.0184934762725765,0.2274882801836119,0.1270198137932082,0.0189081792733119,0.0045592595771951,0.0062659858918637,0.0003496779647486,0.0041952781173734,0.945850941944408,47.3323998260498,46.442421875,0.0114365133856377,49.38999938964844,49.38999938964844,0.989269107393268,0.382499885559082,0.0078284871220006,48.08000183105469,47.97999954223633,47.97999954223633,-0.0180106642882192,iShares MSCI United Kingdom ETF,P,True,False,False,False,False,False,False,False,False,,False,,,3667788800.0,Country / Region,unknown,450.0,True,,False,True,251.0,True,True,False,224.0,,0,0,False,Country / Region,Country / Region,Country / Region,Country / Region,Country / Region
2026-08-26,MLPX,73.98999786376953,75.94999694824219,73.67500305175781,75.73999786376953,499732.0,251,37849700.61245728,30721046.16030731,31651930.52112349,0.0277227778121706,0.0322972399230221,0.1048883391315322,0.130654676087,0.0515934200100663,0.0832873850877756,0.003622110555281,0.0016663250645143,0.0087358754924651,0.0041406677142971,5.363767422057989,74.05378402709961,71.66930765787761,0.0056270612571371,76.66000366210938,77.54653107216272,0.9767038810967305,1.27702100864461,0.0168605894462993,73.61000061035156,72.09372899927489,72.09372899927489,-0.048141919294123,Global X MLP & Energy Infrastructure ETF,P,True,False,False,False,False,False,False,False,False,,False,,,3484022272.0,REIT / Infra,unknown,463.0,True,,False,True,343.0,True,True,False,225.0,,0,0,False,REIT / Infra,REIT / Infra,REIT / Infra,REIT / Infra,REIT / Infra
2026-08-26,FBCG,61.34999847412109,61.470001220703125,61.02999877929688,61.41999816894531,340616.0,251,20920634.09631348,37476993.18650131,37339633.51725285,0.0696621408490976,-0.0122226139031911,0.1338379221905954,0.3436426297029911,0.0,0.088393070255353,0.023938881272124,-0.0,0.0118303448590237,0.0041406207006583,-0.0,61.24110000610352,57.72790003458659,0.0006732029159344,63.56499862670898,64.31999969482422,0.954912911386219,0.9507497787475586,0.0154794823687941,60.5989990234375,57.959999084472656,57.959999084472656,-0.0563334286490108,Fidelity Blue Chip Growth ETF,Z,True,False,False,False,False,False,False,False,False,,False,,,6965341696.0,Factor / Style,unknown,312.0,True,,False,True,314.0,True,True,False,226.0,,0,0,False,Factor / Style,Factor / Style,Factor / Style,Factor / Style,Factor / Style
2026-08-26,EFA,108.68000030517578,108.81500244140624,108.1449966430664,108.2699966430664,5089006.0,251,550986662.5365448,989022571.7979392,1237101187.413169,0.047402474279671,0.0497596255203058,0.0409171553710143,0.3951605063453135,0.1112166682731709,0.0376249328977727,0.0187315857383755,0.005534099764889,0.0015395052252021,0.0041359916759986,0.6869974591212343,105.30599990844726,101.8156049601237,0.0112200134167059,108.88999938964844,108.88999938964844,0.9943061552938076,0.9215011596679688,0.0085111405582276,107.16000366210938,104.5999984741211,104.5999984741211,-0.0338967237714451,iShares MSCI EAFE ETF,P,True,False,False,False,False,False,False,False,False,,False,,,77217693696.0,Country / Region,unknown,37.0,True,,False,True,27.0,True,True,False,227.0,,0,0,False,Country / Region,Country / Region,Country / Region,Country / Region,Country / Region
2026-08-26,DFIC,39.59000015258789,39.6150016784668,39.40010070800781,39.43999862670898,1998333.0,251,78814250.77570724,69830370.20346585,61919984.01568864,0.0528563692105654,0.0456057432795622,0.0401028175741555,0.4864868664620287,0.1151017474433603,0.0414754733027423,0.025713929429808,0.0052493007449309,0.0016632833396616,0.0039941946530866,0.9625973196153432,38.07240112304687,37.08674959818522,0.0105457300089728,39.6150016784668,39.6150016784668,0.9955824045350744,0.3177953720092773,0.0080576922686316,38.88999938964844,37.75,37.75,-0.0428498652523914,Dimensional International Core Equity 2 ETF,Z,True,False,False,False,False,False,False,False,False,,False,,,14218919936.0,Global Equity,unknown,180.0,True,,False,True,254.0,True,True,False,228.0,,0,0,False,Global Equity,Global Equity,Global Equity,Global Equity,Global Equity
2026-08-26,ACWI,160.99000549316406,161.25999450683594,160.52000427246094,160.89999389648438,1792737.0,251,288451372.3580017,348355460.97339934,461555914.0458253,0.0552895166805873,0.0273111681344733,0.0894405572947656,0.4574061869736419,0.0632541001454244,0.0903496882425979,0.025289767004483,0.0017275433642664,0.0080809264678262,0.0039512274505124,0.3674244289238074,157.6375994873047,150.63226165771485,0.0070498162190755,162.8000030517578,162.8000030517578,0.9883291823116896,1.4399993896484375,0.008949654718911,159.8300018310547,153.97000122070312,153.97000122070312,-0.0430701860699863,iShares MSCI ACWI ETF,Q,True,False,False,False,False,False,False,False,False,,False,,,33203742720.0,Country / Region,unknown,90.0,True,,False,True,68.0,True,True,False,229.0,,0,0,False,Country / Region,Country / Region,Country / Region,Country / Region,Country / Region
2026-08-26,BTC,34.529998779296875,34.779998779296875,34.33000183105469,34.709999084472656,925796.0,251,32134378.312408447,57640521.54842911,56147078.22403245,0.2361110818654006,0.0476908531668607,0.1335727672482212,0.606587386333435,0.0434782106653655,0.0553525292272341,0.143222004033093,0.0020735129607997,0.0073935905030697,0.0039355401005942,8.322651367458974,28.69679985046387,31.062866706848144,0.0226942268893308,35.375,36.34000015258789,0.9551458155951836,0.8327494621276855,0.023991630195698,27.6200008392334,27.56999969482422,27.56999969482422,-0.2057043957930405,Grayscale Bitcoin Mini Trust (BTC),P,True,False,False,False,False,False,False,False,False,,False,,,3187986688.0,Crypto,unknown,485.0,True,,False,True,269.0,True,True,False,230.0,,0,0,False,Crypto,Crypto,Crypto,Crypto,Crypto
2026-08-26,AIA,138.83999633789062,139.27000427246094,138.39999389648438,138.66000366210938,652421.0,251,90464698.24923706,60024927.176942445,64043119.38083273,0.1102570609316719,-0.0192497352028183,0.1703679652857275,0.3573835543472449,0.0,0.0658437112208162,0.0394040603276416,-0.0,0.0112176591075514,0.003926180687643,-0.0,136.7326010131836,125.4227128092448,-0.0038834139991906,142.11000061035156,150.82000732421875,0.9193740679512836,2.9655006408691404,0.021386849578452,134.75999450683594,128.16000366210938,128.16000366210938,-0.0757247924613264,iShares Asia 50 ETF,Q,True,False,False,False,False,False,False,False,False,,False,,,5221864448.0,Country / Region,unknown,368.0,True,,False,True,250.0,True,True,False,231.0,,0,0,False,Country / Region,Country / Region,Country / Region,Country / Region,Country / Region
2026-08-26,SCHM,35.7599983215332,36.11000061035156,35.7599983215332,36.02999877929688,1309122.0,251,47167664.06195068,33116961.61740417,33182808.13069153,0.0553602643069028,0.0281143488112467,0.1021125096543749,0.3004764423053597,0.0491450234860238,0.0846613011985716,0.0166344552640225,0.0013816803326229,0.008644977935991,0.0039238344938018,0.2980164859350805,35.73363494873047,33.849475580851234,0.0048039097188317,36.91999816894531,36.91999816894531,0.9758938398215564,0.461500358581543,0.0128087808553222,35.720001220703125,34.310001373291016,34.310001373291016,-0.0477379257363224,Schwab U.S. Mid Cap ETF,P,True,False,False,False,False,False,False,False,False,,False,,,15320031232.0,Factor / Style,unknown,167.0,True,,False,True,336.0,True,True,False,232.0,,0,0,False,Factor / Style,Factor / Style,Factor / Style,Factor / Style,Factor / Style
2026-08-26,FBTC,67.94000244140625,68.44999694824219,67.55000305175781,68.30999755859375,2317983.0,251,158341413.07086182,244642135.4854103,245132916.02230665,0.2354855566553253,0.0473780478389465,0.1328357947409431,0.6072761097764807,0.0430841691857748,0.0551349109381712,0.143004752754195,0.0020412438287849,0.007323889712443,0.0038901698880652,8.288319608916796,56.474299926757816,61.1392667388916,0.0227164473062317,69.62999725341797,71.5250015258789,0.9550506270716832,1.6453500747680665,0.0240865193027821,54.345001220703125,54.244998931884766,54.244998931884766,-0.2058995627198574,Fidelity Wise Origin Bitcoin Fund,Z,True,False,False,False,False,False,False,False,False,,False,,,10223253504.0,Crypto,unknown,244.0,True,,False,True,100.0,True,True,False,233.0,,0,0,False,Crypto,Crypto,Crypto,Crypto,Crypto
2026-08-26,IBIT,44.20000076293945,44.55500030517578,43.95000076293945,44.459999084472656,42050462.0,251,1869563502.021652,2080129431.324628,1796200984.294332,0.2349999745686848,0.0473497829306992,0.1333163294229848,0.6068864851374605,0.0429211633399735,0.0549831749470636,0.1426183085733817,0.0020323077672808,0.0073301550639643,0.00388655432112,8.284738887545476,36.76459991455078,39.7981665802002,0.0227332139848421,45.31499862670898,46.560001373291016,0.9548968593883458,1.0769994735717774,0.0242240102507764,35.3650016784668,35.290000915527344,35.290000915527344,-0.2062527745788431,iShares Bitcoin Trust ETF,Q,True,False,False,False,False,False,False,False,False,,False,,,43234205696.0,Crypto,unknown,71.0,True,,False,True,20.0,True,True,False,234.0,,0,0,False,Crypto,Crypto,Crypto,Crypto,Crypto
2026-08-26,IEFA,101.25,101.44000244140624,100.8249969482422,100.95999908447266,7006977.0,251,707424391.504921,714659125.8227665,878243381.1589235,0.0491530246548439,0.0477105915050832,0.0411199382803613,0.3925301693026554,0.107227702881725,0.0381337524677678,0.0192940450895034,0.0051158971302184,0.0015680575478731,0.0038741532763975,0.707732816126938,98.09299987792969,94.95636912027994,0.0108319950973798,101.44000244140624,101.44000244140624,0.995268105822347,0.87025146484375,0.008619764983512,99.80999755859376,97.3000030517578,97.3000030517578,-0.0362519420156942,iShares Core MSCI EAFE ETF,Z,True,False,False,False,False,False,False,False,False,,False,,,186543423488.0,Country / Region,unknown,13.0,True,,False,True,37.0,True,True,False,235.0,,0,0,False,Country / Region,Country / Region,Country / Region,Country / Region,Country / Region
2026-08-26,VUG,87.2300033569336,87.6050033569336,87.0,87.41000366210938,3354299.0,251,293199287.8738098,521826651.2842163,634882834.4772092,0.0650664553081743,-0.007970263882242,0.1175843253024728,0.3765866083289438,0.0,0.0923208406643807,0.0245031557204921,-0.0,0.0108554837608783,0.0037994193163074,-0.0,86.38079055786133,82.42926884969076,0.0031962612524998,90.0199966430664,90.4996337030468,0.9658603033568588,1.1272502899169925,0.0128961245016585,86.6500015258789,83.26000213623047,83.26000213623047,-0.047477420798666,Vanguard Morningstar Growth ETF,P,True,False,False,False,False,False,False,False,False,,False,,,379207221248.0,Factor / Style,unknown,8.0,True,,False,True,47.0,True,True,False,236.0,,0,0,False,Factor / Style,Factor / Style,Factor / Style,Factor / Style,Factor / Style
2026-08-26,VT,160.92999267578125,161.2899932861328,160.5800018310547,160.8699951171875,1370496.0,251,220471684.828125,397207789.39025575,479967796.56386507,0.0568256065373615,0.0273042877004225,0.0867661479635251,0.4688340473394313,0.0624228658398033,0.0878664975149711,0.0266417791054292,0.0017044118879748,0.0076238375244207,0.0037762108607309,0.3867093519191102,157.52556579589844,150.73690541585287,0.0069893927907096,162.7100067138672,162.7100067138672,0.9886914662850734,1.4,0.0087026794460965,159.77999877929688,153.77000427246094,153.77000427246094,-0.0441349602799111,Vanguard Total World Stock Index ETF,P,True,False,False,False,False,False,False,False,False,,False,,,96774266880.0,Global Equity,unknown,28.0,True,,False,True,63.0,True,True,False,237.0,,0,0,False,Global Equity,Global Equity,Global Equity,Global Equity,Global Equity
2026-08-26,BKLN,20.520000457763672,20.549999237060547,20.5,20.530000686645508,6461847.0,251,132661723.3469982,127790423.36892614,155596776.68536508,0.0078546804526362,0.0118167759564433,0.0318364611902568,0.3636371517994156,0.2112038549164297,0.1869497739566287,0.0028562536280911,0.0024957486346846,0.0059518192230975,0.0037053733406291,1.129636586808466,20.38998805999756,20.21305586496989,0.0029455616170068,20.6200008392334,20.6200008392334,0.9956352983062616,0.0354999542236328,0.0017291745268535,20.489999771118164,20.3799991607666,20.3799991607666,-0.0073064549859699,Invesco Senior Loan ETF,P,True,False,False,False,False,False,False,False,False,,False,,,7145859584.0,Bond,unknown,306.0,True,,False,True,136.0,True,True,False,238.0,,0,0,False,Bond,Bond,Bond,Bond,Bond
2026-08-26,IDMO,63.380001068115234,63.5,63.06999969482422,63.150001525878906,225634.0,251,14248787.44429016,19367734.907492828,21200081.137532797,0.0843063136316408,0.0526522816938306,0.0616490864481418,0.5046244839086935,0.0784426570628933,0.0419984315575856,0.0425430300066112,0.004130184876488,0.0025891649377799,0.0035908278979401,0.9554352954046414,60.90332122802735,58.74005933125814,0.0147384467430742,63.880001068115234,63.880001068115234,0.9885723304628952,0.7604997634887696,0.0120427513082025,62.06999969482422,59.52000045776367,59.52000045776367,-0.0574822007981687,Invesco S&P International Developed Momentum ETF,P,True,False,False,False,False,False,False,False,False,,False,,,3922271744.0,Factor / Style,unknown,433.0,True,,False,True,394.0,True,True,False,239.0,,0,0,False,Factor / Style,Factor / Style,Factor / Style,Factor / Style,Factor / Style
2026-08-26,USRT,67.66000366210938,67.70500183105469,67.19999694824219,67.22000122070312,252484.0,251,16971974.788208008,29552166.671081543,34997034.53525846,-0.0281913690886529,0.0290474479140692,0.0799541329665931,0.0,0.0618927454215599,0.0865452485325804,-0.0,0.0017978262988915,0.0069196503088007,0.0035904647023597,0.4096737343997728,67.32780014038086,63.77132141113281,0.0063520266168068,69.43000030517578,70.08999633789062,0.959052714122686,0.8142490386962891,0.0121131958332292,66.5999984741211,65.73999786376953,65.73999786376953,-0.0220173063084945,iShares Core U.S. REIT ETF,P,True,False,False,False,False,False,False,False,False,,False,,,4356137472.0,REIT / Infra,unknown,405.0,True,,False,True,327.0,True,True,False,240.0,,0,0,False,REIT / Infra,REIT / Infra,REIT / Infra,REIT / Infra,REIT / Infra
2026-08-26,JIRE,85.6500015258789,85.73999786376953,85.20999908447266,85.30000305175781,224677.0,251,19164948.78565979,32045141.351522066,33950814.01623123,0.044447226205434,0.0484267749735605,0.030815746849037,0.3648241637580434,0.1041777701748305,0.0278293500001582,0.016215422131762,0.0050449934335038,0.0008575822045781,0.0035793995033798,0.6239742657758505,83.30199996948242,80.56273366292318,0.0111650327029273,86.06999969482422,86.06999969482422,0.9910538323946024,0.7183006286621094,0.0084208745951188,84.4540023803711,82.75,82.75,-0.0298945247424028,JPMorgan International Research Enhanced Equity ETF,P,True,False,False,False,False,False,False,False,False,,False,,,11130201088.0,Global Equity,unknown,223.0,True,,False,True,332.0,True,True,False,241.0,,0,0,False,Global Equity,Global Equity,Global Equity,Global Equity,Global Equity
2026-08-26,SPMD,66.63999938964844,67.30999755859375,66.61000061035156,67.1500015258789,1164127.0,251,78171129.82631683,97344312.0929699,101090484.53927356,0.0258173306605975,0.0331983397895379,0.0730458149221713,0.1962840089036337,0.0774564371561711,0.0736094215695723,0.0050675291612527,0.0025714251195975,0.005376860184499,0.003553327392313,0.3385455705370124,66.83671096801758,63.74879605611165,0.0062705466742654,68.97000122070312,68.97000122070312,0.973611720130318,0.7029998779296875,0.0104690969762488,66.4800033569336,65.2699966430664,65.2699966430664,-0.0279970936722609,State Street SPDR Portfolio S&P 400 Mid Cap ETF,P,True,False,False,False,False,False,False,False,False,,False,,,18386264064.0,Factor / Style,unknown,142.0,True,,False,True,185.0,True,True,False,242.0,,0,0,False,Factor / Style,Factor / Style,Factor / Style,Factor / Style,Factor / Style
2026-08-26,DXJ,178.5500030517578,179.28500366210938,178.2550048828125,178.2899932861328,166047.0,251,29604518.51518249,35917736.395348355,54635447.88152567,0.0282599568241126,0.0495547679082934,0.0549215125147424,0.1620367240048238,0.0816141518181812,0.0464790327236485,0.0045791508242969,0.0040443703513822,0.0025526987774049,0.0035222853004901,0.4789514348322157,176.1161376953125,166.8660814412435,0.0102870273062276,183.1100006103516,183.1100006103516,0.9736769848279588,2.200499725341797,0.0123422503124461,174.44000244140625,169.1199951171875,169.1199951171875,-0.0514330501669189,WisdomTree Japan Hedged Equity Fund,P,True,False,False,False,False,False,False,False,False,,False,,,7079662592.0,Country / Region,unknown,307.0,True,,False,True,274.0,True,True,False,243.0,,0,0,False,Country / Region,Country / Region,Country / Region,Country / Region,Country / Region
2026-08-26,IVOO,128.63999938964844,130.02999877929688,128.63999938964844,129.67999267578125,73219.0,251,9495039.383728027,9889764.687654112,10147818.36960856,0.0256247245477272,0.0328123319525976,0.0722777778093202,0.1966021282761851,0.0776202136889487,0.0734531813662891,0.0050378753825741,0.0025469002177933,0.0053090327221803,0.0035136465943288,0.3321440196270018,129.07916717529298,123.1174612426758,0.0062987066199515,133.13999938964844,133.13999938964844,0.97401226731464,1.2905002593994142,0.0099514214395882,128.47999572753906,126.11000061035156,126.11000061035156,-0.0275292432685062,Vanguard S&P Mid-Cap 400 ETF,P,True,False,False,False,False,False,False,False,False,,False,,,5857669632.0,Other,unknown,352.0,True,,False,True,455.0,True,True,False,244.0,,0,0,False,Other,Other,Other,Other,Other
2026-08-26,IJH,75.93000030517578,76.82499694824219,76.01000213623047,76.62000274658203,4724501.0,251,361991279.5962296,467428048.9025639,522920269.68517447,0.025291038468461,0.0329601393252143,0.0725876665528866,0.1914893945952631,0.0767094745469935,0.0732059824586555,0.0048429656450111,0.0025283549686328,0.0053138514443853,0.0035032787351462,0.3348927526601705,76.28039978027344,72.7599792989095,0.0062460551043672,78.70999908447266,78.70999908447266,0.973446876353694,0.8127494812011719,0.0106075365709567,75.87000274658203,74.4800033569336,74.4800033569336,-0.0279300354076782,iShares Core S&P Mid-Cap ETF,P,True,False,False,False,False,False,False,False,False,,False,,,124330491904.0,Other,unknown,22.0,True,,False,True,59.0,True,True,False,245.0,,0,0,False,Other,Other,Other,Other,Other
2026-08-26,BBIN,81.5199966430664,81.70999908447266,81.28880310058594,81.37999725341797,26354.0,251,2144688.447616577,22986024.71599808,14136429.99125962,0.0473616531494476,0.0460572007789745,0.0336919187597448,0.4088892694170374,0.1049031960914348,0.030761044445341,0.0193656717546607,0.0048315475647393,0.0010363986104173,0.0035032454307266,0.7095262770573115,79.15400909423828,76.79413614908854,0.0103945154665332,81.7969970703125,81.7969970703125,0.9949020155772212,0.682958984375,0.0083922217673252,80.47000122070312,78.5999984741211,78.5999984741211,-0.0341607136043509,JPMorgan BetaBuilders International Equity ETF,Z,True,False,False,False,False,False,False,False,False,,False,,,6496628224.0,Global Equity,unknown,329.0,True,,False,True,429.0,True,True,False,246.0,,0,0,False,Global Equity,Global Equity,Global Equity,Global Equity,Global Equity
2026-08-26,GBTC,60.380001068115234,60.869998931884766,60.08000183105469,60.72999954223633,1207630.0,251,73339369.34719086,117101779.63646889,105158833.0110671,0.2343495650508607,0.0443679784807782,0.1258806282609952,0.608443550299479,0.0405915446820521,0.0524041223350697,0.1425884813706844,0.0018009647809548,0.0065966638430046,0.0034794594526722,8.60521085173444,50.274999923706055,54.57506665547689,0.0221529151401034,61.90999984741211,63.845001220703125,0.9512099362689544,1.4564992904663083,0.0239831928444746,48.36000061035156,48.29999923706055,48.29999923706055,-0.2046764432548858,Grayscale Bitcoin Trust (BTC),P,True,False,False,False,False,False,False,False,False,,False,,,8134695424.0,Crypto,unknown,281.0,True,,False,True,177.0,True,True,False,247.0,,0,0,False,Crypto,Crypto,Crypto,Crypto,Crypto
2026-08-26,AVDE,94.66000366210938,94.81999969482422,94.29499816894533,94.36000061035156,1054928.0,251,99543006.72387695,96549998.68301848,93533740.60011508,0.0564263427311608,0.0446579416682053,0.0372186603107156,0.4790869974812873,0.1017123399671036,0.0357173411002413,0.0270331271179219,0.0045422637451875,0.0013293515856118,0.003417744489336,0.8838343145104126,91.16539978027345,88.73322570800781,0.0108111147846847,94.81999969482422,94.81999969482422,0.995148712445126,0.7968009948730469,0.0084442665294518,93.2249984741211,90.31999969482422,90.31999969482422,-0.0428147614391192,Avantis International Equity ETF,P,True,False,False,False,False,False,False,False,False,,False,,,17163864064.0,Global Equity,unknown,152.0,True,,False,True,195.0,True,True,False,248.0,,0,0,False,Global Equity,Global Equity,Global Equity,Global Equity,Global Equity
2026-08-26,MDY,693.7000122070312,700.280029296875,693.2150268554688,698.4000244140625,324432.0,251,226583316.72070312,381831715.3346313,473486463.3654901,0.0253098419596555,0.0317988223379768,0.0705000743754566,0.1923257883552274,0.0747278972325332,0.071623644539236,0.0048677353080369,0.0023762591277879,0.0050494722670574,0.0033118837265322,0.3244322355361199,695.5036950683593,663.9491589355468,0.0060830739203976,717.3499755859375,717.3499755859375,0.9735833946932296,7.282742309570312,0.010427752083314,691.6199951171875,679.1099853515625,679.1099853515625,-0.0276203298799764,State Street SPDR S&P MIDCAP 400 ETF Trust,P,True,False,False,False,False,False,False,False,False,,False,,,28052918272.0,Other,unknown,100.0,True,,False,True,66.0,True,True,False,249.0,,0,0,False,Other,Other,Other,Other,Other
2026-08-26,FENI,41.77999877929688,41.869998931884766,41.630001068115234,41.65999984741211,1125172.0,251,46874665.34831238,44526941.65841446,56634679.88253203,0.0514891713913101,0.0451290271643691,0.0363595903118021,0.4267785432002605,0.0968424930736431,0.0321374168159608,0.0219744735569718,0.0043704075005856,0.0011685033091079,0.0032497410335684,0.6470999499695571,40.60832893371582,39.28720914204916,0.010737710830303,42.084999084472656,42.084999084472656,0.9899014079528078,0.3643997192382812,0.0087469928126012,41.310001373291016,40.22999954223633,40.22999954223633,-0.0343254995298473,Fidelity Enhanced International ETF,P,True,False,False,False,False,False,False,False,False,,False,,,10288922624.0,Global Equity,unknown,242.0,True,,False,True,267.0,True,True,False,250.0,,0,0,False,Global Equity,Global Equity,Global Equity,Global Equity,Global Equity
2026-08-26,JTEK,97.4499969482422,98.77649688720705,97.4499969482422,98.62999725341795,213150.0,251,21022983.91456604,22239443.94151688,29439759.91870335,0.0964370545915376,-0.0633517733971124,0.150875154791251,0.2964087083576094,0.0,0.0605218029384318,0.0285847827892899,-0.0,0.0091312363865814,0.0031959327353035,-0.0,101.45725997924804,94.59041320800782,-0.009473614678503,105.13999938964844,111.81999969482422,0.8820425462582364,2.2056251525878907,0.02236262003456,97.4499969482422,91.91000366210938,91.91000366210938,-0.0681333648833262,JPMorgan U.S. Tech Leaders ETF,Q,True,False,False,False,False,False,False,False,False,,False,,,4632256512.0,Other,unknown,394.0,True,,False,True,354.0,True,True,False,251.0,,0,0,False,Other,Other,Other,Other,Other
2026-08-26,VBK,354.3699951171875,357.20001220703125,354.3299865722656,356.260009765625,99843.0,251,35570068.1550293,61025753.13934936,76767315.6596854,0.0661997789772674,0.0114145691207874,0.1109014610813818,0.3394724517132205,0.0184294003132532,0.0783770823987996,0.0224730012722863,0.0002103636637302,0.0086921329533227,0.0031789829150876,0.0551410528754932,353.5632391357422,334.6747812906901,0.0060754850739666,367.0400085449219,367.0400085449219,0.9706299081072044,5.02449951171875,0.0141034620052479,353.6499938964844,335.9800109863281,335.9800109863281,-0.056924712915824,Vanguard Morningstar Small-Cap Growth ETF,P,True,False,False,False,False,False,False,False,False,,False,,,47006371840.0,Factor / Style,unknown,65.0,True,,False,True,220.0,True,True,False,252.0,,0,0,False,Factor / Style,Factor / Style,Factor / Style,Factor / Style,Factor / Style
2026-08-26,JGLO,73.80999755859375,73.81999969482422,73.52999877929688,73.66000366210938,115182.0,251,8484306.541809082,13042685.937442016,18331604.575159952,0.0507846685517765,0.0361514623239465,0.0522857666015625,0.4188252675456351,0.0882254802486874,0.060134168826788,0.0212699023934142,0.0031894801252225,0.0031441611160564,0.0031736184720143,0.6479399388702092,72.11580032348633,69.95700004577637,0.0093975173813365,74.88999938964844,74.88999938964844,0.9835759682525904,0.614849853515625,0.0083471330837294,73.02999877929688,71.0,71.0,-0.0361119132482161,JPMorgan Global Select Equity ETF,Q,True,False,False,False,False,False,False,False,False,,False,,,6879447552.0,Global Equity,unknown,314.0,True,,False,True,409.0,True,True,False,253.0,,0,0,False,Global Equity,Global Equity,Global Equity,Global Equity,Global Equity
2026-08-26,XLB,53.59000015258789,54.084999084472656,53.51499938964844,53.66999816894531,7059274.0,251,378871222.65408325,580644714.6804298,597708021.7430013,0.0373018250457797,0.0525727990713535,0.0197935039035768,0.2127887673916545,0.0875759666055382,0.017591550953461,0.0079374093729506,0.0046041136958325,0.0003481984324673,0.0031145433536547,1.730377324449958,51.668336410522464,51.04053517659505,0.0071953975959087,54.18999862670898,54.18999862670898,0.9904041249134232,0.8340007781982421,0.0155394225200628,51.75,50.209999084472656,50.209999084472656,-0.0644680306040086,State Street Materials Select Sector SPDR ETF,P,True,False,False,False,False,False,False,False,False,,False,,,8166011392.0,Sector,unknown,279.0,True,,False,True,50.0,True,True,False,254.0,,0,0,False,Sector,Sector,Sector,Sector,Sector
2026-08-26,FNDF,55.84999847412109,55.95000076293945,55.650001525878906,55.650001525878906,1660875.0,251,92427696.28429411,80303562.00451851,74952518.72658199,0.0533787544403709,0.034658835543071,0.0643722695404196,0.4259821412107466,0.0752038116138186,0.0578993871755739,0.0227383961116718,0.0026064765389354,0.0037271149574911,0.0029986999854299,0.5320950784434124,53.82993873596192,51.80038785298665,0.0077408551194375,55.970001220703125,55.970001220703125,0.9942826569975872,0.5109996795654297,0.0091823839272996,54.90999984741211,53.52999877929688,53.52999877929688,-0.0380952864052692,Schwab Fundamental International Equity ETF,P,True,False,False,False,False,False,False,False,False,,False,,,23990886400.0,Global Equity,unknown,115.0,True,,False,True,226.0,True,True,False,255.0,,0,0,False,Global Equity,Global Equity,Global Equity,Global Equity,Global Equity
2026-08-26,HELO,69.44000244140625,69.54000091552734,69.31500244140625,69.45999908447266,219928.0,251,15276198.678649902,19566166.8951828,27577066.626110744,0.0356344028704815,0.0238411859123761,0.0365443122513884,0.4948237026085253,0.1183403480959664,0.0903624277158853,0.0176327471686155,0.0028213742398912,0.0033022327742428,0.0029896747269143,0.6494969027968818,68.42514419555664,67.12855880737305,0.0065097981685706,70.2300033569336,70.2300033569336,0.9890359641797608,0.3691997528076172,0.0053152858864656,69.19999694824219,67.52999877929688,67.52999877929688,-0.0277857807459606,JPMorgan Hedged Equity Laddered Overlay ETF,P,True,False,False,False,False,False,False,False,False,,False,,,3913838592.0,Other,unknown,434.0,True,,False,True,366.0,True,True,False,256.0,,0,0,False,Other,Other,Other,Other,Other
2026-08-26,ILCG,114.05999755859376,114.58999633789062,113.86000061035156,114.30999755859376,35991.0,251,4114131.122131348,8367720.922180176,9148984.680132184,0.0606848020714687,-0.0221037075868932,0.1092066840651277,0.3231223653821725,0.0,0.0768749476906278,0.0196086167880819,-0.0,0.0083952581249736,0.0029383403437407,-0.0,114.76100021362303,108.94645314534505,0.0001282564371083,119.11000061035156,120.47084253119948,0.948860281515752,1.4884994506835938,0.0130216033809344,113.43000030517578,109.38999938964844,109.38999938964844,-0.0430408387194951,iShares Morningstar Large-Cap Growth ETF,P,True,False,False,False,False,False,False,False,False,,False,,,3202697216.0,Factor / Style,unknown,482.0,True,,False,True,457.0,True,True,False,257.0,,0,0,False,Factor / Style,Factor / Style,Factor / Style,Factor / Style,Factor / Style
2026-08-26,EWY,179.44000244140625,180.7700042724609,178.5,179.17999267578125,7951953.0,251,1424830880.2981567,3262131070.142227,3959482720.609978,0.2424934771086961,-0.0963740040213516,0.2034387360487739,0.3342891287437163,0.0,0.0410661643776104,0.0810629331887003,-0.0,0.0083544485753522,0.0029240570013732,-0.0,178.0641995239258,160.17633321126303,-0.0203797593895489,190.1100006103516,220.88999938964844,0.8111729511108784,7.775498962402343,0.0433949061292338,169.9499969482422,151.3000030517578,151.3000030517578,-0.1555976714122938,iShares MSCI South Korea ETF,P,True,False,False,False,False,False,False,False,False,,False,,,24467890176.0,Country / Region,unknown,113.0,True,,False,True,8.0,True,True,False,258.0,,0,0,False,Country / Region,Country / Region,Country / Region,Country / Region,Country / Region
2026-08-26,EMLC,25.84000015258789,25.86000061035156,25.81999969482422,25.82999992370605,2897949.0,251,74854022.44890404,49067180.466050245,50264311.00920998,0.0257809442342784,0.0307043888485338,0.0027409154096209,0.4086062296963425,0.1437841151490418,0.0052215361954993,0.0105342544215801,0.0044148033817785,1.4311789020137696e-05,0.0028746313243131,1.3178077011391616,25.41483673095703,25.217967936197915,0.0050679185212298,25.920000076293945,25.920000076293945,0.9965277719011196,0.1114136121660484,0.0043133415600127,25.57999992370605,25.26040664802756,25.26040664802756,-0.0220516173968601,VanEck J. P. Morgan EM Local Currency Bond ET,P,True,False,False,False,False,False,False,False,False,,False,,,4872451072.0,Bond,unknown,383.0,True,,False,True,283.0,True,True,False,259.0,,0,0,False,Bond,Bond,Bond,Bond,Bond
2026-08-26,CGXU,35.209999084472656,35.314998626708984,35.10499954223633,35.16999816894531,862665.0,251,30339926.470413208,29021336.25951004,31653687.989023603,0.0844896033914692,0.0343821169415843,0.0931538713359543,0.4477118683157122,0.0460707361158111,0.056033615533462,0.0378269981876482,0.0015840094367186,0.0052197482118924,0.0028565180080295,0.3103593440563077,34.29377830505371,32.438840548197426,0.004650221330503,35.54499816894531,35.83886267180888,0.9813368937237592,0.4691997528076171,0.0133409092190944,34.52000045776367,33.029998779296875,33.029998779296875,-0.0608472988644631,Capital Group International Focus Equity ETF,P,True,False,False,False,False,False,False,False,False,,False,,,6228755968.0,Global Equity,unknown,342.0,True,,False,True,342.0,True,True,False,260.0,,0,0,False,Global Equity,Global Equity,Global Equity,Global Equity,Global Equity
2026-08-26,SPDW,52.18000030517578,52.3390007019043,52.040000915527344,52.08000183105469,2083055.0,251,108485508.21418762,110421940.01358032,143139147.85331848,0.0643777131868461,0.0386574959718382,0.059068214277375,0.4251020857829459,0.0733043834153641,0.0478856006498539,0.0273671001536645,0.0028337639065975,0.0028285169199863,0.0028319274612836,0.6135788880413829,50.57371139526367,48.63992129007976,0.0083380206359477,52.43000030517578,52.43000030517578,0.9933244617187892,0.538450050354004,0.0103389022930665,51.290000915527344,49.63999938964844,49.63999938964844,-0.0468510436946895,State Street SPDR Portfolio Developed World ex-US ETF,P,True,False,False,False,False,False,False,False,False,,False,,,40294080512.0,Country / Region,unknown,78.0,True,,False,True,145.0,True,True,False,261.0,,0,0,False,Country / Region,Country / Region,Country / Region,Country / Region,Country / Region
2026-08-26,AOA,99.23999786376952,99.31999969482422,98.97000122070312,99.13999938964844,130686.0,251,12956209.960235596,10566998.090937804,10326037.839533243,0.0432495071361294,0.0225842414658001,0.0666243009513325,0.4089557813420463,0.0632033987553958,0.0813796065666274,0.0176871359835142,0.0014274008189511,0.005421859399196,0.0028254613220368,0.384637542902661,97.49017639160157,94.06773930867512,0.0056753735692991,100.02999877929688,100.02999877929688,0.991102675192348,0.6889991760253906,0.0069497597364049,98.52999877929688,95.69000244140624,95.69000244140624,-0.034799243186221,iShares Core 80/20 Aggressive Allocation ETF,P,True,False,False,False,False,False,False,False,False,,False,,,3205894144.0,Other,unknown,481.0,True,,False,True,452.0,True,True,False,262.0,,0,0,False,Other,Other,Other,Other,Other
2026-08-26,DFIS,37.790000915527344,37.869998931884766,37.64300155639648,37.68000030517578,365228.0,251,13761791.15145874,22507696.25608597,27726709.142606705,0.0674221280326978,0.0396797929900036,0.0344452881911727,0.5265488555487382,0.0900450772370462,0.0328876973532316,0.0355010443542775,0.0035729700245348,0.0011328262132761,0.0027189196905943,1.0240567422135023,36.06075378417969,35.38342381795248,0.0101981870957297,37.869998931884766,37.869998931884766,0.994982872139745,0.3590995788574219,0.0095302435230632,36.979000091552734,35.54999923706055,35.54999923706055,-0.0565286903095554,Dimensional International Small Cap ETF,Z,True,False,False,False,False,False,False,False,False,,False,,,5815646208.0,Factor / Style,unknown,353.0,True,,False,True,365.0,True,True,False,263.0,,0,0,False,Factor / Style,Factor / Style,Factor / Style,Factor / Style,Factor / Style
2026-08-26,QQQI,54.0,54.269901275634766,53.96500015258789,54.18000030517578,2578737.0,251,139715971.44696808,251608443.2585705,318734858.3221129,0.0750813447340856,-0.0130802138695572,0.0944025049501753,0.4760516143647119,0.0,0.0795255672953709,0.0357425953693349,-0.0,0.0075074127602667,0.0026275944660933,-0.0,53.98724937438965,51.696792627970375,0.0004895773210744,55.31722703526285,55.92175933003246,0.9688536439889638,0.6365289114399235,0.0117484109976853,53.60900115966797,51.285533290946766,51.285533290946766,-0.0534231634906895,NEOS Nasdaq 100 High Income ETF,Q,True,False,False,False,False,False,False,False,False,,False,,,13110758400.0,Bond,unknown,196.0,True,,False,True,78.0,True,True,False,264.0,,0,0,False,Bond,Bond,Bond,Bond,Bond
2026-08-26,EEMV,75.29000091552734,75.61849975585938,75.22000122070312,75.31999969482422,133267.0,251,10037670.39933014,17975904.25883522,18737824.51096562,0.0817176887239778,0.0174836828991176,0.0930154619999894,0.4826128652760755,0.0266642502505879,0.06935678779094,0.0394380078988174,0.0004661892961239,0.0064512536592095,0.0025609618232039,0.2260640538118805,73.59239990234374,70.1704256439209,0.0035358984629025,76.25,77.38999938964844,0.9732523619182106,0.877926254272461,0.0116559513785126,74.19999694824219,70.41999816894531,70.41999816894531,-0.0650557826039877,iShares MSCI Emerging Markets Min Vol Factor ETF,Z,True,False,False,False,False,False,False,False,False,,False,,,3654402304.0,Country / Region,unknown,452.0,True,,False,True,407.0,True,True,False,265.0,,0,0,False,Country / Region,Country / Region,Country / Region,Country / Region,Country / Region
2026-08-26,CORO,37.33000183105469,37.35810089111328,37.130001068115234,37.130001068115234,604821.0,251,22457004.376018524,27662348.126286887,90259855.4771573,0.0694124355610636,0.0333693311185423,0.0673366639102539,0.4155167231526199,0.0592601014086079,0.0530993454609349,0.0288420277703755,0.0019774699460222,0.0035755327791574,0.0025367919376195,0.5354865214770003,36.20927764892578,34.65780529022217,0.0068603268701226,37.560001373291016,37.560001373291016,0.9885516429857866,0.4489049911499023,0.0120900882907701,36.560001373291016,35.25,35.25,-0.0506329387027584,iShares International Country Rotation Active ETF,Q,True,False,False,False,False,False,False,False,False,,False,,,7762802688.0,Global Equity,unknown,291.0,True,,False,True,206.0,True,True,False,266.0,,0,0,False,Global Equity,Global Equity,Global Equity,Global Equity,Global Equity
2026-08-26,ICVT,115.19000244140624,116.0199966430664,115.37000274658205,115.5,104019.0,251,12014194.5,65979618.53206787,82723706.4574958,0.0543577877342134,-0.0338428434607903,0.100422656407076,0.264718581315407,0.0,0.0708117543016,0.014389516452445,-0.0,0.0071111044718118,0.0024888865651341,-0.0,116.94050704956057,111.62808385213216,-0.0051337518851399,119.5,126.28003718748644,0.914633876996081,1.6743580605615356,0.0144966065849483,114.08000183105467,111.32815661021058,111.32815661021058,-0.0361198561886529,iShares Convertible Bond ETF,Z,True,False,False,False,False,False,False,False,False,,False,,,7533008896.0,Bond,unknown,296.0,True,,False,True,214.0,True,True,False,267.0,,0,0,False,Bond,Bond,Bond,Bond,Bond
2026-08-26,SHYG,42.31999969482422,42.34000015258789,42.290000915527344,42.33000183105469,834884.0,251,35340641.24871826,52626829.720955655,57270816.507939175,0.0127851327379351,0.0136645104842243,0.0228471740469404,0.5484300368021299,0.1841937084645249,0.1032385814118738,0.0070117508179858,0.0025169168604416,0.0023587098378763,0.0024615444025437,1.3029132760055178,42.0205534362793,41.63605407714844,0.0022065230415775,42.34999847412109,42.34999847412109,0.9995278242317144,0.0781800612277425,0.001846918446632,42.150001525878906,41.79564136753504,41.79564136753504,-0.0126236815592959,iShares 0-5 Year High Yield Corporate Bond ETF,P,True,False,False,False,False,False,False,False,False,,False,,,7603881984.0,Bond,unknown,295.0,True,,False,True,265.0,True,True,False,268.0,,0,0,False,Bond,Bond,Bond,Bond,Bond
2026-08-26,CGBL,38.310001373291016,38.36000061035156,38.22010040283203,38.290000915527344,1228632.0,251,47044320.40484619,46745910.09569321,69498258.98310392,0.038795449850703,0.0235640649513608,0.0526432030827075,0.4511055434816617,0.0724900281861572,0.0717107524414769,0.0175008424895169,0.0017081597325045,0.0037750837039904,0.0024315831225246,0.4878053199120638,37.756379013061526,36.63343633015951,0.0051969112450009,38.68000030517578,38.68000030517578,0.9899172857659918,0.2440942764282226,0.0063748830136287,38.02000045776367,37.0,37.0,-0.0336902816579516,Capital Group Core Balanced ETF,P,True,False,False,False,False,False,False,False,False,,False,,,6991702016.0,Other,unknown,311.0,True,,False,True,239.0,True,True,False,269.0,,0,0,False,Other,Other,Other,Other,Other
2026-08-26,SCHF,28.549999237060547,28.599899291992188,28.43000030517578,28.440000534057617,5959354.0,251,169484030.9426384,185677414.48388612,207661726.00019103,0.063575197363151,0.0351773882547232,0.0565842147324495,0.4166666666666667,0.0652406934893728,0.0455184015635188,0.0264896655679796,0.002294997204883,0.002575623008348,0.0023932162360957,0.5220308029016528,27.69834819793701,26.614146067301437,0.0077896535289958,28.690000534057617,28.690000534057617,0.9912861625881384,0.2964953422546387,0.0104252931324518,28.030000686645508,27.149999618530277,27.149999618530277,-0.0453586811288042,Schwab International Equity ETF,P,True,False,False,False,False,False,False,False,False,,False,,,66217533440.0,Global Equity,unknown,47.0,True,,False,True,114.0,True,True,False,270.0,,0,0,False,Global Equity,Global Equity,Global Equity,Global Equity,Global Equity
2026-08-26,VNQ,99.25,99.38999938964844,98.56999969482422,98.61000061035156,1714783.0,251,169094752.67662048,282419632.560627,307252333.9043911,-0.0203656167015368,0.0264047479660127,0.0597931121454573,0.0,0.0567954443665919,0.0653891161013157,-0.0,0.0014996693941175,0.0039098187521383,0.0023432216694248,0.5513065088789783,98.19828155517578,94.4263314819336,0.0056417263929628,101.0,101.8000030517578,0.9686640241082864,1.1705001831054689,0.0118699946847236,97.58000183105467,96.3000030517578,96.3000030517578,-0.0234255911600842,Vanguard Real Estate ETF,P,True,False,False,False,False,False,False,False,False,,False,,,71348019200.0,REIT / Infra,unknown,42.0,True,,False,True,80.0,True,True,False,271.0,,0,0,False,REIT / Infra,REIT / Infra,REIT / Infra,REIT / Infra,REIT / Infra
2026-08-26,SCHH,24.229999542236328,24.26650047302246,24.065000534057617,24.07999992370605,4142829.0,251,99759322.00392725,124291350.71717216,147016064.69045958,-0.0274636631215609,0.0210479833363055,0.067003519673024,0.0,0.0454982040228629,0.0728066223270458,-0.0,0.000957645440105,0.0048782999514166,0.0023298745190641,0.3541295311707218,24.081404724121093,23.00952882130941,0.0046620900708591,24.809999465942383,25.030000686645508,0.962045515905786,0.2925748825073242,0.0121501197439495,23.84000015258789,23.520000457763672,23.520000457763672,-0.0232557918486984,Schwab U.S. REIT ETF,P,True,False,False,False,False,False,False,False,False,,False,,,11128644608.0,REIT / Infra,unknown,224.0,True,,False,True,142.0,True,True,False,272.0,,0,0,False,REIT / Infra,REIT / Infra,REIT / Infra,REIT / Infra,REIT / Infra
2026-08-26,CWB,103.13999938964844,103.94000244140624,103.08000183105467,103.75,161315.0,251,16736431.25,62581868.62998962,78912648.16746788,0.0566661825747583,-0.0253240350050552,0.0940170940170941,0.2909372420558693,0.0,0.0707881150302023,0.0164863028761345,-0.0,0.0066552928660874,0.0023293525031305,-0.0,104.4107292175293,99.96431142171224,-0.0043501399902307,107.33000183105467,111.69357481451836,0.9288806466467772,1.869441292251262,0.0180187112506145,102.26000213623048,99.73296262119204,99.73296262119204,-0.0387184325668238,State Street SPDR Bloomberg Convertible Securities ETF,P,True,False,False,False,False,False,False,False,False,,False,,,6197490688.0,Other,unknown,343.0,True,,False,True,218.0,True,True,False,273.0,,0,0,False,Other,Other,Other,Other,Other
2026-08-26,IJK,114.31999969482422,115.61000061035156,114.31999969482422,115.38999938964844,103614.0,251,11956019.396759031,22658243.98550873,27252929.162509494,0.0465263663525026,0.0191855072993096,0.07965293255402,0.287394828680542,0.0367538155189719,0.0661951593976951,0.0133714370870056,0.0007051405959167,0.0052726385669072,0.0023037648857633,0.166267531989265,114.86999938964844,109.35686116536458,0.0045094333991211,119.38999938964844,119.38999938964844,0.966496356307488,1.4215007781982425,0.0123190985849486,113.98999786376952,110.43000030517578,110.43000030517578,-0.0429846530089991,iShares S&P Mid-Cap 400 Growth ETF,P,True,False,False,False,False,False,False,False,False,,False,,,11298716672.0,Factor / Style,unknown,219.0,True,,False,True,367.0,True,True,False,274.0,,0,0,False,Factor / Style,Factor / Style,Factor / Style,Factor / Style,Factor / Style
2026-08-26,JPIE,45.93999862670898,45.93999862670898,45.90999984741211,45.93000030517578,1082393.0,251,49714310.82032013,62561569.49556007,71039222.59676991,0.0066849381956335,0.0122973675234312,0.0145461029086981,0.3527486102532427,0.2156686960791397,0.1126047262831334,0.0023581026581385,0.0026521572189843,0.0016379599365202,0.0022971881701219,1.1995674101512424,45.70272262573242,45.38286280314128,0.001717591903553,45.970001220703125,45.970001220703125,0.9991298474121134,0.0631742698801804,0.0013754467550713,45.83000183105469,45.60509334898713,45.60509334898713,-0.0070739593736086,JPMorgan Income ETF,P,True,False,False,False,False,False,False,False,False,,False,,,9740692480.0,Bond,unknown,251.0,True,,False,True,234.0,True,True,False,275.0,,0,0,False,Bond,Bond,Bond,Bond,Bond
2026-08-26,PTLC,59.560001373291016,59.79999923706055,59.56499862670898,59.68999862670898,81265.0,251,4850707.738399506,6646504.331469536,6326475.125913772,0.0488490386004329,0.0223516372817036,0.0575832756746739,0.4174179609548444,0.0568256454092217,0.0726906871200233,0.0203904660871972,0.0012701462144856,0.0041857678754137,0.0022906137958104,0.2456221452678496,58.7054997253418,56.76984652201335,0.0068707758779649,60.75,60.75,0.9825514177236048,0.4921499252319335,0.0082450986187779,59.400001525878906,57.310001373291016,57.310001373291016,-0.0398726303932768,Pacer Trendpilot US Large Cap ETF,Z,True,False,False,False,False,False,False,False,False,,False,,,3292433408.0,Factor / Style,unknown,474.0,True,,False,True,463.0,True,True,False,276.0,,0,0,False,Factor / Style,Factor / Style,Factor / Style,Factor / Style,Factor / Style
2026-08-26,AVDV,112.63999938964844,112.91000366210938,112.30999755859376,112.37000274658205,530812.0,251,59647345.8979187,94358579.4921997,90906170.37729318,0.0992956506032909,0.0376014763137102,0.0388289864002378,0.6655748694871289,0.0734364960450624,0.0338896106042687,0.0660886896909249,0.0027613206666002,0.0013158992292625,0.002255423163532,1.5701139642074844,106.34019989013672,104.58668217976889,0.0099384090300389,112.91000366210938,112.91000366210938,0.9952174218580018,1.1380992889404298,0.0101281415068315,109.68499755859376,103.5500030517578,103.5500030517578,-0.0784906957305605,Avantis International Small Cap Value ETF,P,True,False,False,False,False,False,False,False,False,,False,,,19221213184.0,Factor / Style,unknown,139.0,True,,False,True,204.0,True,True,False,277.0,,0,0,False,Factor / Style,Factor / Style,Factor / Style,Factor / Style,Factor / Style
2026-08-26,SPHQ,85.9000015258789,86.68509674072266,85.9000015258789,86.51000213623047,968338.0,251,83770922.44859314,136424617.11547166,148676776.15642026,0.0395337763430465,0.0140094505820764,0.0788005993464044,0.297200139217693,0.0253458543667031,0.0726668474002872,0.0117494438329545,0.0003550814942108,0.0057261911277563,0.0022349698659517,0.0860323138301488,86.6158415222168,82.08953740437825,0.0012965113635303,88.08000183105469,90.36000061035156,0.9573926687902208,0.9907550811767578,0.0114524916970476,85.29000091552734,83.9000015258789,83.9000015258789,-0.0301699288625781,Invesco S&P 500 Quality ETF,P,True,False,False,False,False,False,False,False,False,,False,,,20360812544.0,Factor / Style,unknown,135.0,True,,False,True,140.0,True,True,False,278.0,,0,0,False,Factor / Style,Factor / Style,Factor / Style,Factor / Style,Factor / Style
2026-08-26,REET,28.25,28.2549991607666,28.065000534057617,28.06999969482422,3779840.0,251,106100107.64648438,77561674.88063431,74913939.45255764,-0.0212691981820334,0.0275724372681649,0.0471209865707087,0.0,0.0702154334941392,0.0568887531276435,-0.0,0.0019360106352741,0.002680654172152,0.0021966358731814,0.4782022131164444,28.057599906921386,26.9280859375,0.006669251404018,28.8700008392334,29.059999465942383,0.96593256058802,0.2724496841430664,0.0097060807661249,27.84000015258789,27.655000686645508,27.655000686645508,-0.0147844322298027,iShares Global REIT ETF,P,True,False,False,False,False,False,False,False,False,,False,,,4886244352.0,REIT / Infra,unknown,381.0,True,,False,True,227.0,True,True,False,279.0,,0,0,False,REIT / Infra,REIT / Infra,REIT / Infra,REIT / Infra,REIT / Infra
2026-08-26,EMXC,98.56999969482422,98.7699966430664,98.2300033569336,98.23999786376952,857802.0,251,84270466.64753723,179463062.21245804,260171522.71888685,0.1310153945826908,-0.0159078621977396,0.1196751680098,0.4252614478685167,0.0,0.0524089760792566,0.0557157963933001,-0.0,0.0062720530175066,0.0021952185561273,-0.0,96.45640029907229,90.1022780863444,-0.0029591201382476,99.46499633789062,107.12000274658205,0.917102271703444,1.994198608398437,0.0202992533770594,94.63500213623048,89.07499694824219,89.07499694824219,-0.0932919494586772,iShares MSCI Emerging Markets ex China ETF,Q,True,False,False,False,False,False,False,False,False,,False,,,26057398272.0,Country / Region,unknown,106.0,True,,False,True,95.0,True,True,False,280.0,,0,0,False,Country / Region,Country / Region,Country / Region,Country / Region,Country / Region
2026-08-26,VEA,73.70999908447266,73.85990142822266,73.41000366210938,73.44999694824219,6985335.0,251,513072834.4324493,698490911.3023491,780336608.7862687,0.0652646874426687,0.0339813484128128,0.0526937446584794,0.4213486035626725,0.0637181582905702,0.0424416783830694,0.0274991849159227,0.0021652289370946,0.0022364109635947,0.0021901426463696,0.5570155425792125,71.42108612060547,68.83301556905111,0.0077722712109873,74.04000091552734,74.04000091552734,0.9920312809293682,0.7659954071044922,0.0104288010746176,72.37999725341797,70.0199966430664,70.0199966430664,-0.0466984404041947,Vanguard FTSE Developed Markets ETF,P,True,False,False,False,False,False,False,False,False,,False,,,316309798912.0,Country / Region,unknown,9.0,True,,False,True,41.0,True,True,False,281.0,,0,0,False,Country / Region,Country / Region,Country / Region,Country / Region,Country / Region
2026-08-26,CGGO,40.59000015258789,40.68999862670898,40.470001220703125,40.59000015258789,810633.0,251,32903593.59369278,46280658.546795845,51084408.20077714,0.0673153156840133,-0.0036819224275631,0.0979171980621296,0.4012540665682499,0.0,0.0615855604285934,0.0270105441605358,-0.0,0.0060302855182538,0.0021105999313888,-0.0,40.57020004272461,38.20046671549479,0.0016640838399308,41.71500015258789,42.880001068115234,0.9465951292330972,0.5677499771118164,0.0139874347124292,40.18000030517578,38.72999954223633,38.72999954223633,-0.0458241094693115,Capital Group Global Growth Equity ETF,P,True,False,False,False,False,False,False,False,False,,False,,,11956222976.0,Factor / Style,unknown,205.0,True,,False,True,281.0,True,True,False,282.0,,0,0,False,Factor / Style,Factor / Style,Factor / Style,Factor / Style,Factor / Style
2026-08-26,FELG,43.630001068115234,43.76499938964844,43.4900016784668,43.63999938964844,265794.0,251,11599249.997772217,17497727.58518524,19891915.06237551,0.0651695896849546,-0.0173970232704995,0.0849962565614501,0.340126890824907,0.0,0.0685155586653127,0.0221659299158785,-0.0,0.005823566002768,0.0020382481009688,-0.0,43.434648513793945,41.820352732340496,0.0020328674642864,45.165000915527344,45.581402281289385,0.957408004263224,0.6061500549316406,0.0138897814713402,43.28499984741211,41.59999847412109,41.59999847412109,-0.0467461261241731,Fidelity Enhanced Large Cap Growth ETF,P,True,False,False,False,False,False,False,False,False,,False,,,5650164224.0,Factor / Style,unknown,360.0,True,,False,True,402.0,True,True,False,283.0,,0,0,False,Factor / Style,Factor / Style,Factor / Style,Factor / Style,Factor / Style
2026-08-26,VSGX,83.98999786376953,84.07849884033203,83.58000183105469,83.70999908447266,109063.0,251,9129663.63014984,12542330.195858384,14397381.653744048,0.0752729701375594,0.0306084608423646,0.0620840842125682,0.4741112289404128,0.0510882531806793,0.0457704459808543,0.0356877603779132,0.0015637327969856,0.0028416162227221,0.0020109919959934,0.4259223642005455,81.52627349853516,78.02893163045248,0.0064625736963557,84.22000122070312,84.45695211165649,0.9911558136007996,1.1324249267578126,0.0135279529225065,82.12999725341797,78.94000244140625,78.94000244140625,-0.0569823998952975,Vanguard ESG International Stock ETF,Z,True,False,False,False,False,False,False,False,False,,False,,,6694336000.0,Global Equity,unknown,323.0,True,,False,True,426.0,True,True,False,284.0,,0,0,False,Global Equity,Global Equity,Global Equity,Global Equity,Global Equity
2026-08-26,ACWX,78.2699966430664,78.31999969482422,77.88500213623047,77.9000015258789,1143192.0,251,89054658.54437256,127536913.04410096,132930437.20653813,0.0646440272693773,0.0319338810968232,0.0526166632354379,0.444131070642351,0.0580023941033319,0.0420125609315812,0.0287104210417818,0.0018522415566268,0.0022105607701953,0.0019776532813758,0.5153800499838936,75.93880004882813,73.15933751424154,0.0071098821214277,78.43000030517578,78.43000030517578,0.993242397332212,0.8067497253417969,0.0103562222020469,76.73999786376953,74.31999969482422,74.31999969482422,-0.0459563769054021,iShares MSCI ACWI ex U.S. ETF,Q,True,False,False,False,False,False,False,False,False,,False,,,11616678912.0,Global Equity,unknown,210.0,True,,False,True,150.0,True,True,False,285.0,,0,0,False,Global Equity,Global Equity,Global Equity,Global Equity,Global Equity
2026-08-26,AOR,70.06999969482422,70.08000183105469,69.88500213623047,69.98999786376953,343006.0,251,24006989.20726013,20267683.59766922,20808870.530043587,0.0353550213549691,0.0174829452331999,0.0480691092554639,0.4260248002894001,0.0603222226474302,0.0727122282588972,0.0150621159119782,0.0010546101148899,0.0034952120443851,0.0019088207902132,0.3971597293617161,69.08572799682617,67.22310465494792,0.0043618845113249,70.48999786376953,70.48999786376953,0.9929067950751492,0.411749267578125,0.0058829729982213,69.61000061035156,68.02999877929688,68.02999877929688,-0.0280039883454155,iShares Core 60/40 Balanced Allocation ETF,P,True,False,False,False,False,False,False,False,False,,False,,,3667536128.0,Other,unknown,451.0,True,,False,True,398.0,True,True,False,286.0,,0,0,False,Other,Other,Other,Other,Other
2026-08-26,XLI,178.89999389648438,180.8999938964844,178.89999389648438,180.33999633789065,8111316.0,251,1462794697.7354736,1118540306.427072,1269694294.5421717,0.0208309328625386,0.0371984284183524,0.0324126805786764,0.1444268248280091,0.0660549955461748,0.0272618874697267,0.0030085454915418,0.0024571420234989,0.000883630850528,0.0019064131129591,0.3382041812398331,181.92687591552732,174.1253340657552,0.0087283197110414,188.19000244140625,188.19000244140625,0.9582868058787568,2.411499786376953,0.0133719631548549,178.16000366210938,175.9600067138672,175.9600067138672,-0.0242873999831793,State Street Industrial Select Sector SPDR ETF,P,True,False,False,False,False,False,False,False,False,,False,,,33963890688.0,Sector,unknown,87.0,True,,False,True,26.0,True,True,False,287.0,,0,0,False,Sector,Sector,Sector,Sector,Sector
2026-08-26,USHY,36.95000076293945,36.959999084472656,36.900001525878906,36.959999084472656,10673588.0,251,394495802.70803833,365067214.9966423,385334945.1278987,0.0137794216895204,0.013607396431257,0.0194290199527891,0.4685114164348278,0.1545942065503159,0.0751425375281341,0.0064558163734099,0.0021036246545057,0.0014599458609373,0.0018783370767568,1.1125814234726386,36.67960090637207,36.35612233479818,0.0021108184545282,36.970001220703125,36.970001220703125,0.9997294526399728,0.0868254589252249,0.0023491737304101,36.7599983215332,36.45763465788394,36.45763465788394,-0.0135921114456889,iShares Broad USD High Yield Corporate Bond ETF,Z,True,False,False,False,False,False,False,False,False,,False,,,28476405760.0,Bond,unknown,97.0,True,,False,True,72.0,True,True,False,288.0,,0,0,False,Bond,Bond,Bond,Bond,Bond
2026-08-26,SPHY,23.350000381469727,23.38999938964844,23.34000015258789,23.3700008392334,3141233.0,251,73410617.84622765,159167126.46031028,121986432.06806073,0.0136864004932166,0.0134685671259995,0.019399235056067,0.4670867991439236,0.1550689387864716,0.0756606614402159,0.0063927369981783,0.0020885564112031,0.0014677589557762,0.0018712773018037,1.1543689000212984,23.20270210266113,22.994091606140135,0.0020481062565704,23.38999938964844,23.38999938964844,0.9991449956846136,0.0587443636474386,0.0025136654487756,23.239999771118164,23.05446840772705,23.05446840772705,-0.0135016012056206,State Street SPDR Portfolio High Yield Bond ETF,P,True,False,False,False,False,False,False,False,False,,False,,,11327878144.0,Bond,unknown,218.0,True,,False,True,158.0,True,True,False,289.0,,0,0,False,Bond,Bond,Bond,Bond,Bond
2026-08-26,EWJ,95.54000091552734,95.87000274658205,95.23789978027344,95.43000030517578,1811666.0,251,172887286.9328766,313059332.8391899,458697234.74710447,0.0680470278107019,0.0396412979315725,0.0379543466751639,0.3186580914694809,0.0579850947054825,0.0272942064715258,0.0216837360123289,0.0022986044148104,0.0010359337746437,0.0018566696907521,0.4551835571328744,93.93440017700196,90.16450759887697,0.0088762118067342,98.79000091552734,98.79000091552734,0.965988454507409,1.3701045989990237,0.0143571685488584,94.0500030517578,90.5,90.5,-0.0516609063125864,iShares MSCI Japan Index Fund,P,True,False,False,False,False,False,False,False,False,,False,,,22312462336.0,Country / Region,unknown,123.0,True,,False,True,69.0,True,True,False,290.0,,0,0,False,Country / Region,Country / Region,Country / Region,Country / Region,Country / Region
2026-08-26,IYR,105.5,105.61000061035156,104.70249938964844,104.73999786376952,3176795.0,251,332737501.5136337,504611399.3384152,566538225.3835521,-0.0212130102527339,0.0239743162108072,0.0516065009188213,0.0,0.0505143688371644,0.056082925121735,-0.0,0.0012110474516915,0.002894243526825,0.0018001660779882,0.5737452635240861,104.28259994506836,100.7036205037435,0.0055806314667208,107.22000122070312,108.16999816894533,0.9682906502427908,1.2578742980957032,0.0120094932571199,103.73999786376952,102.4800033569336,102.4800033569336,-0.0215771868715847,iShares U.S. Real Estate ETF,P,True,False,False,False,False,False,False,False,False,,False,,,4672414720.0,REIT / Infra,unknown,391.0,True,,False,True,53.0,True,True,False,291.0,,0,0,False,REIT / Infra,REIT / Infra,REIT / Infra,REIT / Infra,REIT / Infra
2026-08-26,ANGL,29.1200008392334,29.1200008392334,29.049999237060547,29.100000381469727,280212.0,251,8154169.306892395,24110789.153802108,19951156.91779824,0.0149110311975371,0.0164201816231763,0.0125341138702772,0.4329833182664596,0.1514260858453054,0.040546577909014,0.0064562277666843,0.0024864438320666,0.0005082154245616,0.0017940638894398,1.0398337871084808,28.900010452270507,28.61486750284831,0.0023346860910868,29.1200008392334,29.1200008392334,0.9993131711130748,0.0809452471278792,0.0027816235761778,28.950000762939453,28.682407749349075,28.682407749349075,-0.0143502620840708,VanEck Fallen Angel High Yield Bond ETF,Q,True,False,False,False,False,False,False,False,False,,False,,,3117964800.0,Bond,unknown,495.0,True,,False,True,401.0,True,True,False,292.0,,0,0,False,Bond,Bond,Bond,Bond,Bond
2026-08-26,IXUS,98.41999816894533,98.54499816894533,98.01000213623048,98.02999877929688,1944633.0,251,190632370.6161804,196561001.31694943,182110156.67123997,0.0655434649923574,0.0290206683667266,0.0511325024560398,0.467805534609361,0.0551295072559724,0.0417831700008229,0.0306615956808997,0.0015998951472966,0.0021364780426882,0.0017876991606836,0.5455102138427527,95.48919967651368,92.19749369303383,0.0068763322771407,98.62999725341795,98.62999725341795,0.9939166735189148,0.9802482604980468,0.0099994723319844,96.4800033569336,93.3499984741211,93.3499984741211,-0.0477404913134015,iShares Core MSCI Total International Stock ETF,Q,True,False,False,False,False,False,False,False,False,,False,,,58515161088.0,Country / Region,unknown,50.0,True,,False,True,124.0,True,True,False,293.0,,0,0,False,Country / Region,Country / Region,Country / Region,Country / Region,Country / Region
2026-08-26,XLG,62.02000045776367,62.119998931884766,61.79119873046875,62.0,564106.0,251,34974572.0,59016089.90878449,93153069.56083316,0.0572987831740103,-0.0251463336630644,0.0700770231066687,0.395294189453125,0.0,0.0699005661099392,0.0226498760514207,-0.0,0.0048984235864554,0.0017144482552594,-0.0,61.43938430786133,59.80864799499512,0.0004370141233915,63.66999816894531,64.6472954183753,0.9590501752433276,0.6814401626586915,0.0109909703654627,61.65999984741211,59.310001373291016,59.310001373291016,-0.0433870746243384,Invesco S&P 500 Top 50 ETF,P,True,False,False,False,False,False,False,False,False,,False,,,10253615104.0,US Equity,unknown,243.0,True,,False,True,197.0,True,True,False,294.0,,0,0,False,US Equity,US Equity,US Equity,US Equity,US Equity
2026-08-26,EMLP,43.83000183105469,44.480098724365234,43.83509826660156,44.43999862670898,150414.0,251,6684397.953437805,10002717.038499068,11657539.976925684,0.0118397194772961,0.022620102140179,0.0422465944660639,0.1115880847190262,0.0578744338058131,0.0557450937801031,0.001321171620082,0.0013091256039925,0.0023550403704007,0.0016751957722353,3.02514587491568,43.89589332580567,43.06828913370768,0.0060843391944243,44.93999862670898,45.22999954223633,0.9825336961414376,0.4742498397827148,0.0106716888937454,43.63999938964844,43.2400016784668,43.2400016784668,-0.0270026324330481,First Trust North American Energy Infrastructure Fund,P,True,False,False,False,False,False,False,False,False,,False,,,4057605120.0,REIT / Infra,unknown,420.0,True,,False,True,442.0,True,True,False,295.0,,0,0,False,REIT / Infra,REIT / Infra,REIT / Infra,REIT / Infra,REIT / Infra
2026-08-26,VEU,86.0,86.16500091552734,85.69999694824219,85.76000213623047,3255663.0,251,279205665.8348465,215840190.6121464,223464314.8084737,0.0636240240302754,0.0279364619515085,0.0490063927346311,0.4584453765470145,0.0533396003912487,0.0404113308682764,0.0291681396539959,0.0014901197168387,0.0019804135514598,0.0016617225589561,0.499486163649635,83.64344284057617,80.7169938659668,0.0064460259019689,86.22000122070312,86.22000122070312,0.9946648216427744,0.8577495574951172,0.0100017436582216,84.4000015258789,81.87000274658203,81.87000274658203,-0.0453591335442032,Vanguard FTSE All World Ex US ETF,P,True,False,False,False,False,False,False,False,False,,False,,,94563958784.0,Country / Region,unknown,32.0,True,,False,True,110.0,True,True,False,296.0,,0,0,False,Country / Region,Country / Region,Country / Region,Country / Region,Country / Region
2026-08-26,JNK,96.12000274658205,96.19499969482422,96.04010009765624,96.18000030517578,1627736.0,251,156555648.9767456,274084766.3413544,259812527.7887835,0.0138661512235875,0.0130230036045813,0.0187657604976509,0.4481181237638044,0.1411417165112398,0.0699977120891821,0.0062136736701392,0.0018380890828826,0.0013135603004491,0.0016545040090309,1.092463076268967,95.47180038452149,94.634250386556,0.001997106436326,96.22000122070312,96.22000122070312,0.9995842765015605,0.2291528976025837,0.0023825420760604,95.66000366210938,94.8447097696422,94.8447097696422,-0.0138832452827694,State Street SPDR Bloomberg High Yield Bond ETF,P,True,False,False,False,False,False,False,False,False,,False,,,7345531392.0,Bond,unknown,300.0,True,,False,True,96.0,True,True,False,297.0,,0,0,False,Bond,Bond,Bond,Bond,Bond
2026-08-26,CGGR,46.88999938964844,46.97999954223633,46.69499969482422,46.84999847412109,3373552.0,251,158050906.05236816,125384090.01241532,122802286.2099234,0.0698789105872961,-0.0049451159778978,0.0771377504872641,0.3844222165140147,0.0,0.0610296178421073,0.026863005695553,-0.0,0.0047076874334375,0.0016476906017031,-0.0,46.25480110168457,44.6568595123291,0.0030604937416629,47.619998931884766,47.99230270034517,0.9761981784171432,0.5894998550415039,0.012582708094796,46.22499847412109,43.869998931884766,43.869998931884766,-0.0636072495046593,Capital Group Growth ETF,P,True,False,False,False,False,False,False,False,False,,False,,,24842137600.0,Factor / Style,unknown,111.0,True,,False,True,157.0,True,True,False,298.0,,0,0,False,Factor / Style,Factor / Style,Factor / Style,Factor / Style,Factor / Style
2026-08-26,VAW,240.3000030517578,242.3800048828125,240.33999633789065,240.52999877929688,27469.0,251,6607118.536468506,9635352.193302918,11453197.038318938,0.058624143619713,0.0399071989121837,0.0003892178840192,0.2862054731687389,0.0633458220864221,0.0003197339779937,0.016778550763792,0.0025279543222586,1.2444618236379197e-07,0.0016432138656319,1.622453409032798,230.7120639038086,230.4372779337565,0.0054108586897674,242.3800048828125,242.4717373474865,0.9919918973261328,3.530502319335937,0.0146780124610378,231.52999877929688,221.5,221.5,-0.0791169453950657,Vanguard Materials ETF,P,True,False,False,False,False,False,False,False,False,,False,,,4486959616.0,Sector,unknown,400.0,True,,False,True,444.0,True,True,False,299.0,,0,0,False,Sector,Sector,Sector,Sector,Sector
2026-08-26,VXUS,88.08000183105469,88.23999786376953,87.76000213623047,87.81999969482422,4271122.0,251,375089932.736557,426555251.6699776,475164597.3115038,0.0659060607525385,0.0275509604704968,0.0487746210373161,0.4742350129299689,0.0529139454235195,0.0403657668328434,0.0312549615731434,0.0014578300187014,0.0019688249801526,0.0016366782552093,0.5477847817528743,85.50931671142578,82.68283554077148,0.0065686237844826,88.26000213623047,88.62000274658203,0.9909726582378304,0.8845005035400391,0.0100717434139568,86.41000366210938,83.58000183105469,83.58000183105469,-0.048280549743835,Vanguard Total International Stock ETF,Q,True,False,False,False,False,False,False,False,False,,False,,,650318381056.0,Global Equity,unknown,5.0,True,,False,True,65.0,True,True,False,300.0,,0,0,False,Global Equity,Global Equity,Global Equity,Global Equity,Global Equity
2026-08-26,SJNK,24.93000030517578,24.93000030517578,24.899999618530277,24.93000030517578,1003190.0,251,25009527.00614929,48746525.497989655,56657293.807075135,0.0122436525186437,0.0109877870076409,0.0198634012727283,0.4558166757486903,0.1401253340251398,0.0888878336156965,0.0055808609900702,0.0015396673246427,0.001765614707372,0.001618748908598,1.0882466092500718,24.78242420196533,24.57727003733317,0.0017490182570554,24.93000030517578,24.93000030517578,1.0,0.0520513882962955,0.0020879016309313,24.81999969482422,24.648343571727864,24.648343571727864,-0.0112979033293248,State Street SPDR Bloomberg Short Term High Yield Bond ETF,P,True,False,False,False,False,False,False,False,False,,False,,,4880412160.0,Bond,unknown,382.0,True,,False,True,266.0,True,True,False,301.0,,0,0,False,Bond,Bond,Bond,Bond,Bond
2026-08-26,XLRE,45.369998931884766,45.45000076293945,45.06499862670898,45.09000015258789,3400632.0,251,153334497.39889526,237802786.8825218,231954017.343493,-0.0189294810534208,0.0191600913858482,0.0541168851448647,0.0,0.0398288379455821,0.0577783152077664,-0.0,0.0007631241748294,0.0031267824479624,0.001590404570426,0.4789979746730166,44.8549057006836,43.32970812479655,0.0041589019371892,46.040000915527344,46.45500183105469,0.970616690890876,0.5548002243041992,0.0123042852611823,44.61000061035156,44.0099983215332,44.0099983215332,-0.0239521363362138,State Street Real Estate Select Sector SPDR ETF,P,True,False,False,False,False,False,False,False,False,,False,,,8102354432.0,REIT / Infra,unknown,282.0,True,,False,True,103.0,True,True,False,302.0,,0,0,False,REIT / Infra,REIT / Infra,REIT / Infra,REIT / Infra,REIT / Infra
2026-08-26,DFAX,38.43000030517578,38.62699890136719,38.22129821777344,38.27999877929688,403453.0,251,15444180.347503662,25346393.341410827,28330474.60669357,0.076793237716594,0.0279504680333033,0.0441516874684591,0.56057409941542,0.0547949634573725,0.0375236091118127,0.0430483000741739,0.0015315448745013,0.0016567306621933,0.0015753599001935,0.8472368760749576,37.03362075805664,36.022765146891274,0.0068829360922397,38.62699890136719,38.62699890136719,0.9910166429715038,0.5003349304199218,0.0130704008979885,37.61000061035156,36.04999923706055,36.04999923706055,-0.0582549533267588,Dimensional World ex U.S. Core Equity 2 ETF,P,True,False,False,False,False,False,False,False,False,,False,,,11913159680.0,Global Equity,unknown,206.0,True,,False,True,363.0,True,True,False,303.0,,0,0,False,Global Equity,Global Equity,Global Equity,Global Equity,Global Equity
2026-08-26,FRDM,69.38999938964844,69.47000122070312,68.96759796142578,69.0999984741211,264333.0,251,18265409.89665985,15487705.71700096,22014432.854876444,0.1281632403938137,-0.03893506355423,0.1033930547848327,0.4457695402042391,0.0,0.0419302634241663,0.0571312687414357,-0.0,0.0043352980233572,0.001517354308175,-0.0,68.22665855407715,63.77647466023763,-0.0068542635365532,69.70999908447266,76.54803516994124,0.9027011381900912,1.549220657348633,0.0224199810645269,66.19000244140625,62.470001220703125,62.470001220703125,-0.0959478639627031,Freedom 100 Emerging Markets ETF,Z,True,False,False,False,False,False,False,False,False,,False,,,3602242816.0,Country / Region,unknown,454.0,True,,False,True,388.0,True,True,False,304.0,,0,0,False,Country / Region,Country / Region,Country / Region,Country / Region,Country / Region
2026-08-26,HYLB,36.43999862670898,36.45000076293945,36.400001525878906,36.43999862670898,536063.0,251,19534134.9838295,25786230.06847401,36601582.85131309,0.0128239423799434,0.0122892253415678,0.0174495973776129,0.4306446674120018,0.1362761434490668,0.065684697893851,0.0055225624011214,0.0016747282355254,0.0011461715321178,0.0014897333893327,1.0993747241221898,36.18599227905273,35.89199595133464,0.0019959300500647,36.459999084472656,36.459999084472656,0.9994514410788292,0.0810300289484487,0.0022236562020355,36.27000045776367,35.97861293312056,35.97861293312056,-0.0126615178643352,Xtrackers USD High Yield Corporate Bond ETF,P,True,False,False,False,False,False,False,False,False,,False,,,3468311296.0,Bond,unknown,467.0,True,,False,True,319.0,True,True,False,305.0,,0,0,False,Bond,Bond,Bond,Bond,Bond
2026-08-26,SPSB,29.96999931335449,29.975000381469727,29.959999084472656,29.96999931335449,1527613.0,251,45782560.5610714,145826520.62625343,110799319.88395034,0.0045922008986079,0.0087885089523185,0.0100137390415171,0.3635392783572986,0.196856395064569,0.102035335920486,0.0016694454007516,0.0017300741903461,0.0010217552269212,0.0014821625531474,1.0481572423638796,29.84023239135742,29.69720698038737,0.0014792333819086,29.979999542236328,29.979999542236328,0.99966643665662,0.0348370349040218,0.0011623969203262,29.920000076293945,29.813071203496836,29.813071203496836,-0.0052361732883902,State Street SPDR Portfolio Short Term Corporate Bond ETF,P,True,False,False,False,False,False,False,False,False,,False,,,10633097216.0,Bond,unknown,234.0,True,,False,True,172.0,True,True,False,306.0,,0,0,False,Bond,Bond,Bond,Bond,Bond
2026-08-26,JPLD,52.04999923706055,52.09000015258789,52.053199768066406,52.06999969482422,283979.0,251,14786786.443336489,16855123.519268416,21557303.889065817,0.0055741144912391,0.0086240970028581,0.0103741863430431,0.4253175941540191,0.1924637824556196,0.1054277001217121,0.0023707689649528,0.0016598263294342,0.0010937266067811,0.0014616914265056,0.9453530720227812,51.85764396667481,51.6084868367513,0.0016052567853179,52.119998931884766,52.119998931884766,0.999040689983016,0.0629112010277818,0.0012082043671307,52.0,51.811254902805445,51.811254902805445,-0.0049691721439455,JPMorgan Limited Duration Bond ETF,P,True,False,False,False,False,False,False,False,False,,False,,,3882614016.0,Bond,unknown,437.0,True,,False,True,391.0,True,True,False,307.0,,0,0,False,Bond,Bond,Bond,Bond,Bond
2026-08-26,IBDT,25.21999931335449,25.21999931335449,25.20159912109375,25.209999084472656,446738.0,251,11262264.570999146,13590464.678087234,15745144.549524216,0.0041023910495385,0.0086503714224708,0.0090718978519022,0.4620327352687013,0.2031695846058989,0.0911952822934046,0.0018954389577601,0.0017574923685901,0.0008273142855411,0.0014319300395229,0.9894070446941542,25.105001945495605,24.987987353007,0.0015114712510686,25.270000457763672,25.270000457763672,0.9976255887533004,0.0360534243940826,0.0014301239866481,25.100000381469727,25.0472204122749,25.0472204122749,-0.0064569090880298,iShares iBonds Dec 2028 Term Corporate ETF,P,True,False,False,False,False,False,False,False,False,,False,,,3989931008.0,Bond,unknown,423.0,True,,False,True,421.0,True,True,False,308.0,,0,0,False,Bond,Bond,Bond,Bond,Bond
2026-08-26,NEAR,50.59999847412109,50.6150016784668,50.58000183105469,50.6150016784668,1290310.0,251,65309042.81574249,34076639.98569298,29189860.31931862,0.0061380215801751,0.0082236629642389,0.0085200837984706,0.6880328440164221,0.2155743370429316,0.0904849277891642,0.0042231604444421,0.0017728106915803,0.0007709391672622,0.0014221556580689,1.3197435895848395,50.3727409362793,50.185345026652016,0.0014098382475169,50.619998931884766,50.619998931884766,0.9999012790690752,0.0562286772152049,0.0011109093223467,50.5099983215332,50.31618388546581,50.31618388546581,-0.0059037396639682,iShares Short Duration Bond Active ETF,Z,True,False,False,False,False,False,False,False,False,,False,,,4774438400.0,Bond,unknown,386.0,True,,False,True,358.0,True,True,False,309.0,,0,0,False,Bond,Bond,Bond,Bond,Bond
2026-08-26,DFGR,29.649999618530277,29.700000762939453,29.51000022888184,29.51000022888184,417808.0,251,12329514.175628662,11892604.919921111,12759704.123830402,-0.0222001348415838,0.0202090791303783,0.0405252831329701,0.0,0.052152599053454,0.0502738930456771,-0.0,0.0010539560011261,0.0020373637498727,0.0013981487131874,0.3922211569912971,29.467290267944332,28.432158800760902,0.0051633998634987,30.270000457763672,30.424999237060547,0.969926079502932,0.2733500480651855,0.0092629632648275,29.280000686645508,29.045000076293945,29.045000076293945,-0.0157573754314237,Dimensional Global Real Estate ETF,P,True,False,False,False,False,False,False,False,False,,False,,,3711327744.0,REIT / Infra,unknown,446.0,True,,False,True,437.0,True,True,False,310.0,,0,0,False,REIT / Infra,REIT / Infra,REIT / Infra,REIT / Infra,REIT / Infra
2026-08-26,FLJP,40.77000045776367,40.86840057373047,40.630001068115234,40.68000030517578,239091.0,251,9726221.952964785,31891424.917876817,41220754.342096604,0.0635294197431577,0.0326777461129634,0.0316346796607529,0.3210040162666357,0.0519168042477595,0.0240171038725347,0.0203931988886425,0.0016965241482047,0.0007597733873866,0.0013686613819183,0.387412238941857,40.0601203918457,38.55848264058431,0.0081934891537893,42.025001525878906,42.025001525878906,0.9679952130430056,0.5429195404052735,0.0133461046296058,40.14500045776367,38.650001525878906,38.650001525878906,-0.0499016412012808,Franklin FTSE Japan ETF,P,True,False,False,False,False,False,False,False,False,,False,,,3791726592.0,Country / Region,unknown,443.0,True,,False,True,305.0,True,True,False,311.0,,0,0,False,Country / Region,Country / Region,Country / Region,Country / Region,Country / Region
2026-08-26,AAXJ,116.95999908447266,117.26000213623048,116.56999969482422,116.7300033569336,960910.0,251,112167027.52571106,48663761.72525406,66406990.126334295,0.104874601713476,-0.0114023813129889,0.0877328471676284,0.4076524053063264,0.0,0.0443625475471954,0.0427523836440415,-0.0,0.0038920526039247,0.0013622184113736,-0.0,114.57920028686524,108.82295466105144,-0.0025907426832307,118.33000183105467,124.88999938964844,0.9346625344495664,2.068501281738281,0.0177203908357072,113.30999755859376,107.8000030517578,107.8000030517578,-0.0765013282649353,iShares MSCI All Country Asia ex Japan ETF,Q,True,False,False,False,False,False,False,False,False,,False,,,3970623744.0,Country / Region,unknown,426.0,True,,False,True,245.0,True,True,False,312.0,,0,0,False,Country / Region,Country / Region,Country / Region,Country / Region,Country / Region
2026-08-26,BSCS,20.32999992370605,20.32999992370605,20.31999969482422,20.325000762939453,506974.0,251,10304246.936790466,15040168.46926651,12041675.014374629,0.0039882896106331,0.0084853121574668,0.0096036017770131,0.3505934189711862,0.187176939199853,0.0940888610833158,0.0013982680904391,0.0015882547577899,0.0009035919534968,0.0013486227762873,0.9643009845091094,20.24463466644287,20.151189549764,0.0014691679219165,20.34000015258789,20.34000015258789,0.99926256688614,0.0209333133561198,0.0010299292777538,20.29407603917761,20.22433487807571,20.22433487807571,-0.0049528108774932,Invesco BulletShares 2028 Corporate Bond ETF,Q,True,False,False,False,False,False,False,False,False,,False,,,3521428736.0,Bond,unknown,457.0,True,,False,True,440.0,True,True,False,313.0,,0,0,False,Bond,Bond,Bond,Bond,Bond
2026-08-26,EFG,126.2300033569336,126.32990264892578,125.29000091552734,125.61000061035156,636245.0,251,79918734.83833313,59788358.253032684,97485430.10125902,0.0595529091257081,0.0319105955777894,0.0262232435726232,0.3673258436600161,0.0553816807345006,0.0199153258057284,0.021875322587009,0.0017672624163369,0.0005222444394317,0.0013315061244201,0.4181036465630481,123.18399963378906,119.63845021565756,0.0072784843830675,127.44000244140624,127.44000244140624,0.985640287225386,1.3309955596923828,0.0105962547028496,124.4499969482422,120.20999908447266,120.20999908447266,-0.0429902197248607,iShares MSCI EAFE Growth ETF,Z,True,False,False,False,False,False,False,False,False,,False,,,16891213824.0,Country / Region,unknown,155.0,True,,False,True,192.0,True,True,False,314.0,,0,0,False,Country / Region,Country / Region,Country / Region,Country / Region,Country / Region
2026-08-26,HYG,79.86000061035156,79.91000366210938,79.77999877929688,79.9000015258789,28562089.0,251,2282110954.682289,2348126130.2403326,2507165688.804592,0.0132245029854494,0.0117681236204625,0.0169889293790286,0.4451188933249099,0.1246574248995556,0.0619871006511326,0.0058864761336552,0.0014669839864264,0.0010530944753728,0.0013221226575577,1.1428905641452165,79.33842361450195,78.73458643595377,0.0018092253789552,79.94000244140625,79.94000244140625,0.9994996132811396,0.1855640490978743,0.0023224536364717,79.47000122070312,78.85715474981335,78.85715474981335,-0.0130518993260317,iShares iBoxx $ High Yield Corporate Bond ETF,P,True,False,False,False,False,False,False,False,False,,False,,,17626118144.0,Bond,unknown,146.0,True,,False,True,12.0,True,True,False,315.0,,0,0,False,Bond,Bond,Bond,Bond,Bond
2026-08-26,SCZ,87.29000091552734,87.55999755859375,87.0199966430664,87.08999633789062,574647.0,251,50046005.12557984,89860516.4531784,125046026.29549783,0.0575591736684621,0.0258454170967585,0.0309955462852247,0.4293475969827958,0.0581168925647624,0.0298654380475719,0.0247128928988696,0.0015020553287037,0.000925695567332,0.0013003294122236,0.6897736420512574,84.21239974975586,82.54639902750651,0.0077954547885701,87.55999755859375,87.55999755859375,0.99463223807894,0.8135005950927734,0.0093409189264007,85.58000183105469,83.02999877929688,83.02999877929688,-0.0466184146206852,iShares MSCI EAFE Small-Cap ETF,Q,True,False,False,False,False,False,False,False,False,,False,,,14441042944.0,Country / Region,unknown,177.0,True,,False,True,155.0,True,True,False,316.0,,0,0,False,Country / Region,Country / Region,Country / Region,Country / Region,Country / Region
2026-08-26,VONG,125.41000366210938,125.68000030517578,124.8499984741211,125.38999938964844,541813.0,251,67937931.73930359,138393202.9392372,159094122.93203858,0.0678760121358186,-0.0299833619880152,0.0656909628628656,0.3614517527561006,0.0,0.0524813003042407,0.0245339035565859,-0.0,0.0034475471492807,0.0012066415022482,-0.0,125.18559677124024,121.5506239827474,-0.0007016873665192,129.75999450683594,132.77137888766129,0.944405341272698,1.793498992919922,0.0143033655128,124.27999877929688,119.0199966430664,119.0199966430664,-0.0508015214737125,Vanguard Russell 1000 Growth ETF,Q,True,False,False,False,False,False,False,False,False,,False,,,53361160192.0,Factor / Style,unknown,52.0,True,,False,True,132.0,True,True,False,317.0,,0,0,False,Factor / Style,Factor / Style,Factor / Style,Factor / Style,Factor / Style
2026-08-26,XSMO,85.41000366210938,85.83499908447266,85.27580261230469,85.66000366210938,325468.0,251,27879590.07189941,23131281.185533144,22365549.225919694,0.0102606762258297,-0.038447200069815,0.0709059976061194,0.050907066579227,0.0,0.0481774336134931,0.0005223409277762,-0.0,0.0034160689924673,0.0011956241473635,-0.0,88.58551544189453,83.84521504720053,-0.0011615951419866,90.68000030517578,93.68000030517578,0.9143894468729704,1.3479610443115235,0.0157361777572253,85.02999877929688,85.02999877929688,85.02999877929688,-0.0073547146378558,Invesco S&P SmallCap Momentum ETF,P,True,False,False,False,False,False,False,False,False,,False,,,3182153728.0,Factor / Style,unknown,486.0,True,,False,True,387.0,True,True,False,318.0,,0,0,False,Factor / Style,Factor / Style,Factor / Style,Factor / Style,Factor / Style
2026-08-26,FWD,128.22000122070312,129.5399932861328,128.22000122070312,129.33999633789062,163834.0,251,21190288.960021973,33825005.82995148,36863836.20298694,0.092860143687899,-0.0754824733331108,0.088354092254816,0.3171719208981952,0.0,0.0377195825131215,0.0294526301483733,-0.0,0.0033326794731774,0.0011664378156121,-0.0,134.04839950561524,126.00499989827472,-0.0131411023270244,137.14999389648438,149.56900024414062,0.8647513597521524,2.7517505645751954,0.0212753258271823,126.69000244140624,121.30999755859376,121.30999755859376,-0.0620844209576064,AB Disruptors ETF,P,True,False,False,False,False,False,False,False,False,,False,,,3163472384.0,Other,unknown,489.0,True,,False,True,318.0,True,True,False,319.0,,0,0,False,Other,Other,Other,Other,Other
2026-08-26,IWF,121.63999938964844,122.08999633789062,121.24500274658205,121.75,2497421.0,251,304061006.75,397621334.293074,575694371.3648642,0.0675142195721625,-0.0306481439129496,0.0640301752734251,0.3525637756260537,0.0,0.0507674276358534,0.023803068160808,-0.0,0.0032506472897046,0.0011377265513966,-0.0,121.61100006103516,118.12476094563802,-0.0008366062776279,126.05999755859376,129.02637734576848,0.9436055053590396,1.757748794555664,0.0144373617622641,120.69000244140624,115.63999938964844,115.63999938964844,-0.0501848099412859,iShares Russell 1000 Growth Fund,P,True,False,False,False,False,False,False,False,False,,False,,,128899137536.0,Factor / Style,unknown,21.0,True,,False,True,51.0,True,True,False,320.0,,0,0,False,Factor / Style,Factor / Style,Factor / Style,Factor / Style,Factor / Style
2026-08-26,IWY,284.32000732421875,285.1199951171875,283.1661071777344,284.3800048828125,247479.0,251,70378079.22839355,106951815.04174194,110196904.59839642,0.0707885355112452,-0.0345883029394167,0.0645863667391162,0.3620957906090289,0.0,0.0502164050732035,0.0256322307319996,-0.0,0.0032432951543779,0.0011351533040322,-0.0,284.2840020751953,276.2058693440755,-0.0017452310661336,294.2300109863281,302.8307183720784,0.9390725168554528,4.13319091796875,0.0145340419403676,281.7099914550781,269.70001220703125,269.70001220703125,-0.0516210437573857,iShares Russell Top 200 Growth ETF,P,True,False,False,False,False,False,False,False,False,,False,,,16964288512.0,Factor / Style,unknown,153.0,True,,False,True,173.0,True,True,False,321.0,,0,0,False,Factor / Style,Factor / Style,Factor / Style,Factor / Style,Factor / Style
2026-08-26,IMTM,53.959999084472656,54.095001220703125,53.78499984741211,53.810001373291016,195238.0,251,10505757.048118591,14563846.088718796,19977239.05244385,0.0691436402867184,0.0299466443240914,0.0252897362064574,0.4498445965303827,0.0486033689032483,0.018016813040942,0.0311038929674207,0.0014555078014981,0.0004556404490864,0.001105554228154,0.7170255367651727,52.87514022827148,51.3476217397054,0.0066042162548003,54.79199981689453,54.79199981689453,0.9820777039187256,0.6213499069213867,0.0115471081781053,53.31999969482422,51.31999969482422,51.31999969482422,-0.0462739567909159,iShares MSCI Intl Momentum Factor ETF,P,True,False,False,False,False,False,False,False,False,,False,,,4170761216.0,Country / Region,unknown,415.0,True,,False,True,400.0,True,True,False,322.0,,0,0,False,Country / Region,Country / Region,Country / Region,Country / Region,Country / Region
2026-08-26,FLXR,39.02999877929688,39.02999877929688,38.97999954223633,39.0099983215332,336351.0,251,13121051.945446014,16886458.272912405,16789360.611851223,0.0074909839232755,0.0100478966531407,0.0121334429307442,0.2931447275587273,0.1190219909303207,0.0694430597725109,0.0021959424413354,0.0011959206643189,0.000842583402686,0.0010722526227474,1.040258265987777,38.82614524841309,38.59165384928385,0.001653394586327,39.04999923706055,39.04999923706055,0.9989756487500931,0.0866105730302376,0.0022202147335758,38.875,38.66999816894531,38.66999816894531,-0.0087157182060224,TCW Flexible Income ETF,N,True,False,False,False,False,False,False,False,False,,False,,,3345479168.0,Bond,unknown,472.0,True,,False,True,414.0,True,True,False,323.0,,0,0,False,Bond,Bond,Bond,Bond,Bond
2026-08-26,MAGS,67.72000122070312,67.80999755859375,67.29000091552734,67.56999969482422,1896438.0,251,128142315.08125304,233864193.5301323,291440835.36164784,0.0800830916169408,-0.0392435953984544,0.0679626869914604,0.3520726008782641,0.0,0.0440122605970752,0.0281950623519486,-0.0,0.0029911914907456,0.0010469170217609,-0.0,66.16139976501465,64.90643343607584,0.0027219567964402,69.61000061035156,71.16000366210938,0.9495502560071294,1.1209001541137695,0.0165887251617026,66.55000305175781,62.869998931884766,62.869998931884766,-0.0695575075353961,Roundhill Magnificent Seven ETF,Z,True,False,False,False,False,False,False,False,False,,False,,,3602203392.0,Other,unknown,455.0,True,,False,True,86.0,True,True,False,324.0,,0,0,False,Other,Other,Other,Other,Other
2026-08-26,FNDE,42.02999877929688,42.06499862670898,41.90999984741211,41.90999984741211,1600701.0,251,67085378.66575241,37992103.08734036,34935127.89515268,0.0433159511521203,0.0237228105273408,0.0299833105738887,0.3733909303523028,0.0473909917838736,0.027669386215131,0.0161737832997851,0.0011242475187916,0.0008296198002771,0.0010211278173115,1.0038446205735871,40.71601699829102,39.92294748942057,0.0040547295519917,42.06499862670898,42.232774798483234,0.9923572402568558,0.3582496643066406,0.0085480712386297,40.95000076293945,40.52999877929688,40.52999877929688,-0.0329277278248534,Schwab Fundamental Emerging Markets Equity ETF,P,True,False,False,False,False,False,False,False,False,,False,,,9189189632.0,Country / Region,unknown,261.0,True,,False,True,329.0,True,True,False,325.0,,0,0,False,Country / Region,Country / Region,Country / Region,Country / Region,Country / Region
2026-08-26,SPTS,28.979999542236328,28.979999542236328,28.96999931335449,28.979999542236328,29278120.0,251,848479904.1975403,86779076.02504921,54796381.18227762,0.0035343292809184,0.0074189227484413,0.0065564541447351,0.3170327098650962,0.1686664897978872,0.0727046597715183,0.0011204979894851,0.0012513236580612,0.0004766847679005,0.000980200046505,1.3053145969880873,28.870990982055662,28.789303042093916,0.0013152027784402,29.0,29.0,0.999310329042632,0.028092004296116,0.0009693583416098,28.950000762939453,28.84803325943146,28.84803325943146,-0.0045537020320699,State Street SPDR Portfolio Short Term Treasury ETF,P,True,False,False,False,False,False,False,False,False,,False,,,5912571904.0,Bond,unknown,350.0,True,,False,True,272.0,True,True,False,326.0,,0,0,False,Bond,Bond,Bond,Bond,Bond
2026-08-26,VGSH,58.165000915527344,58.16999816894531,58.150001525878906,58.15999984741211,33636663.0,251,1956308314.9474523,316102231.70938206,225743407.1264712,0.0038328078555278,0.0071689541123387,0.0063966936224293,0.3459602412860666,0.1739257255319285,0.0702201108380095,0.0013259991305015,0.0012468655452936,0.0004491765351637,0.0009676743917481,1.2144355492670964,57.94286460876465,57.781507415771486,0.0013453942687509,58.20000076293945,58.20000076293945,0.9993126990549316,0.0505866893731727,0.0008697848952182,58.11000061035156,57.88809445995376,57.88809445995376,-0.0046751270318383,Vanguard Short-Term Treasury ETF,Q,True,False,False,False,False,False,False,False,False,,False,,,33827600384.0,Bond,unknown,88.0,True,,False,True,108.0,True,True,False,327.0,,0,0,False,Bond,Bond,Bond,Bond,Bond
2026-08-26,ESGE,54.16999816894531,54.31969833374024,54.03499984741211,54.060001373291016,302110.0,251,16332067.014884949,30939987.46081352,47767190.31055087,0.1021407179237035,-0.0027464135229832,0.0705723879372526,0.4059968010960604,0.0,0.0373074398068999,0.0414688047386786,-0.0,0.0026328751149982,0.0009215062902493,-0.0,52.914099807739255,50.56336168924968,-0.001294696219083,54.60499954223633,57.11000061035156,0.946594305647622,0.90898494720459,0.0168143715152342,52.44499969482422,50.02999877929688,50.02999877929688,-0.0745468459419095,iShares ESG Aware MSCI EM ETF,Q,True,False,False,False,False,False,False,False,False,,False,,,6917690880.0,Country / Region,unknown,313.0,True,,False,True,288.0,True,True,False,328.0,,0,0,False,Country / Region,Country / Region,Country / Region,Country / Region,Country / Region
2026-08-26,IAUM,45.93999862670898,46.15999984741211,45.67499923706055,45.790000915527344,2394011.0,251,109621765.88178252,125540568.82799415,101621497.19585322,0.1356647138418827,0.0329347851154355,-0.1084501485325447,0.4853596140215722,0.0429411495433134,0.0,0.0658461731466432,0.0014142575328188,-0.0,0.0009192673963322,5.805238855666884,41.83660011291504,45.609400024414064,0.0093074258745826,46.650001525878906,53.380001068115234,0.8578119145613595,0.7980993270874024,0.0174295547309493,43.2400016784668,40.04999923706055,40.04999923706055,-0.1253549151277777,iShares Gold Trust Micro Shares,P,True,False,False,False,False,False,False,False,False,,False,,,6306659840.0,Commodity,unknown,339.0,True,,False,True,183.0,True,True,False,329.0,,0,0,False,Commodity,Commodity,Commodity,Commodity,Commodity
2026-08-26,STIP,100.9000015258789,100.9499969482422,100.87000274658205,100.94000244140624,708985.0,251,71564947.63092041,90995748.76078796,96693880.13675992,0.0026756898127804,0.0031729769457031,0.0147179416540603,0.2665287696465508,0.0718426867142447,0.1492284291433246,0.0007131483137561,0.0002279551886616,0.0021963353132585,0.0009168882322705,1.9181882853817032,100.59424987792968,100.22184239705405,0.0003635987819206,101.04000091552734,101.04000091552734,0.9990103080639844,0.1044187719658062,0.0010344637352908,100.72000122070312,100.52999877929688,100.52999877929688,-0.0040618550841364,iShares 0-5 Year TIPS Bond ETF,P,True,False,False,False,False,False,False,False,False,,False,,,15883689984.0,Bond,unknown,162.0,True,,False,True,193.0,True,True,False,330.0,,0,0,False,Bond,Bond,Bond,Bond,Bond
2026-08-26,INDA,49.88999938964844,50.0,49.709999084472656,49.75,5161281.0,251,256773729.75,218768750.5958908,285843975.93699163,0.0117958481320628,0.0247168029206359,-0.0566932420043434,0.1164663310547264,0.0558659783396861,0.0,0.0013738191536201,0.0013808283765905,-0.0,0.0008975384447838,0.694692977540572,49.39220008850098,49.536466700236005,0.0075887076874272,50.619998931884766,52.84000015258789,0.9415215718458594,0.3399999618530273,0.006834170087498,49.29999923706055,49.29999923706055,49.29999923706055,-0.0090452414661196,iShares MSCI India ETF,Z,True,False,False,False,False,False,False,False,False,,False,,,6871878656.0,Country / Region,unknown,315.0,True,,False,True,87.0,True,True,False,331.0,,0,0,False,Country / Region,Country / Region,Country / Region,Country / Region,Country / Region
2026-08-26,GLDM,91.25,91.6750030517578,90.66999816894533,90.9000015258789,7997435.0,251,726966853.7031174,438474782.0447826,367928121.1535832,0.1359660752217144,0.03236795429122,-0.1084738883670514,0.486583721399988,0.0419425984122095,0.0,0.0661588788655325,0.0013575961082613,-0.0,0.0008824374703699,5.761981863363963,83.05839950561523,90.55726638793944,0.0092371406383853,92.6050033569336,105.98999786376952,0.8576281098025305,1.601250457763672,0.0176155162913589,85.81999969482422,79.51000213623047,79.51000213623047,-0.1253025214351151,SPDR Gold MiniShares Trust,P,True,False,False,False,False,False,False,False,False,,False,,,27261255680.0,Commodity,unknown,101.0,True,,False,True,74.0,True,True,False,332.0,,0,0,False,Commodity,Commodity,Commodity,Commodity,Commodity
2026-08-26,BBJP,77.05999755859375,77.4000015258789,76.88999938964844,77.0199966430664,326062.0,251,25113294.14543152,115780726.29235458,109252515.29201084,0.0664635189868603,0.0273442095369362,0.0209437188564161,0.3124998447795,0.0419650940851671,0.0155649161995217,0.0207698393668931,0.001147502325902,0.0003259872289064,0.0008599720419535,0.3589781772843342,75.86140014648437,73.48240020751953,0.0069206304768816,79.7249984741211,79.7249984741211,0.9660708449943372,1.0979991912841798,0.0142560275141614,75.94000244140625,73.13999938964844,73.13999938964844,-0.0503764921128084,JPMorgan BetaBuilders Japan ETF,Z,True,False,False,False,False,False,False,False,False,,False,,,17599494144.0,Country / Region,unknown,148.0,True,,False,True,174.0,True,True,False,333.0,,0,0,False,Country / Region,Country / Region,Country / Region,Country / Region,Country / Region
2026-08-26,SGOL,43.90999984741211,44.09999847412109,43.63999938964844,43.72999954223633,1926483.0,251,84245100.70812607,84762220.55784817,96652857.9404214,0.1355492456042075,0.0318546116115312,-0.1090057475391783,0.4824400524891076,0.0414491301976849,0.0,0.0653943851641528,0.001320345944083,-0.0,0.0008582248636539,5.651388404207931,39.97140007019043,43.58613339742025,0.0092105869534881,44.560001373291016,51.02000045776367,0.8571148402563757,0.7629999160766602,0.017447974481219,41.310001373291016,38.2599983215332,38.2599983215332,-0.1250857827112474,abrdn Physical Gold Shares ETF,P,True,False,False,False,False,False,False,False,False,,False,,,6743476736.0,Commodity,unknown,320.0,True,,False,True,194.0,True,True,False,334.0,,0,0,False,Commodity,Commodity,Commodity,Commodity,Commodity
2026-08-26,XLP,86.62000274658203,86.68190002441406,86.25,86.2699966430664,7298296.0,251,629623971.420105,821970083.138266,958560360.174267,-0.0124771515529957,0.0270582845383853,-0.0185648104951839,0.0,0.0483363867105643,0.0,-0.0,0.0013078997051718,-0.0,0.0008501348083617,1.3803865873406629,84.81179168701172,83.99718892415365,0.0065318823301301,87.47000122070312,88.93880019194977,0.9699928091775076,1.23509521484375,0.014316625279978,84.58999633789062,83.86000061035156,83.86000061035156,-0.0279355062767182,State Street Consumer Staples Select Sector SPDR ETF,P,True,False,False,False,False,False,False,False,False,,False,,,13649293312.0,Sector,unknown,187.0,True,,False,True,34.0,True,True,False,335.0,,0,0,False,Sector,Sector,Sector,Sector,Sector
2026-08-26,BINC,52.13999938964844,52.13999938964844,52.11000061035156,52.13999938964844,1288830.0,251,67199595.4133606,97135013.68014143,120256821.19039142,0.0086997310171048,0.0093979505545076,0.0052670621290333,0.4128111386589346,0.1301282805094408,0.02920059825059,0.0035913458671975,0.0012229391459708,0.0001538013651908,0.0008487409226978,0.9137078302355354,51.90217109680176,51.5890921274821,0.0014955904138542,52.150001525878906,52.150001525878906,0.999808204488249,0.0850525344438263,0.0016312338979565,51.93999862670898,51.73511121507019,51.73511121507019,-0.0077654042830431,iShares Flexible Income Active ETF,P,True,False,False,False,False,False,False,False,False,,False,,,16206218240.0,Other,unknown,160.0,True,,False,True,163.0,True,True,False,336.0,,0,0,False,Other,Other,Other,Other,Other
2026-08-26,VTIP,49.790000915527344,49.810001373291016,49.77000045776367,49.810001373291016,2304724.0,251,114798305.60505676,122697076.4599289,119882632.85440911,0.0026167686657943,0.0030506201526985,0.0145978181325403,0.2549048940483047,0.0660012032854346,0.140433904112917,0.0006670271395032,0.0002013446008448,0.0020500285918829,0.0008483839977082,1.8048964881520828,49.63530586242676,49.45032465616862,0.0003540634057972,49.84999847412109,49.84999847412109,0.9991976509116476,0.0559999465942382,0.0011242711313046,49.68999862670898,49.59000015258789,49.59000015258789,-0.0044168081637735,Vanguard Short-Term Inflation-Protected Securities Index Fund ETF Shares,Q,True,False,False,False,False,False,False,False,False,,False,,,71082704896.0,Other,unknown,43.0,True,,False,True,165.0,True,True,False,337.0,,0,0,False,Other,Other,Other,Other,Other
2026-08-26,IWP,141.2100067138672,142.83999633789062,141.2100067138672,142.47000122070312,620988.0,251,88472161.11804199,124368806.76577148,121429172.68435328,0.0606759488689729,0.0138183288575941,0.0475168897807318,0.2854640063450935,0.0222481657701807,0.0387663801493463,0.017320799452927,0.0003074324710906,0.0018420578127544,0.0008445513406729,0.0790257864467345,141.6623992919922,137.4554263305664,0.0050422620862984,148.2899932861328,148.2899932861328,0.9607526311354015,2.2259979248046875,0.0156243272670177,141.2100067138672,135.22999572753906,135.22999572753906,-0.0508177541316113,iShares Russell Midcap Growth ETF,P,True,False,False,False,False,False,False,False,False,,False,,,21568610304.0,Factor / Style,unknown,126.0,True,,False,True,160.0,True,True,False,338.0,,0,0,False,Factor / Style,Factor / Style,Factor / Style,Factor / Style,Factor / Style
2026-08-26,IAU,86.68000030517578,87.0999984741211,86.16000366210938,86.37000274658203,3998789.0,251,345375416.913002,485438279.710358,497765034.9838767,0.1358495753114241,0.0315299090386316,-0.1093121412878562,0.4865750852960223,0.0411214682276258,0.0,0.0661010186945846,0.001296556152752,-0.0,0.0008427614992888,5.629702337586411,78.94140045166016,86.09533335367838,0.0091814202150739,88.0199966430664,100.80999755859376,0.8567602900335478,1.5194995880126954,0.017592908876836,81.56999969482422,75.56999969482422,75.56999969482422,-0.125043449210556,iShares Gold Trust Shares,P,True,False,False,False,False,False,False,False,False,,False,,,60138172416.0,Commodity,unknown,48.0,True,,False,True,61.0,True,True,False,339.0,,0,0,False,Commodity,Commodity,Commodity,Commodity,Commodity
2026-08-26,GLD,423.0,424.93499755859375,420.30999755859375,421.3200073242188,9517928.0,251,4010093494.6713862,4332227601.325671,3312247215.600776,0.1353886562733535,0.0314084001972299,-0.1100502822563256,0.4833555447312303,0.0406849948206745,0.0,0.065440857703436,0.0012778505993499,-0.0,0.0008306028895774,5.764572552859931,385.16080078125,420.1961999511719,0.0090990607654095,429.4200134277344,492.1499938964844,0.8560804887723649,7.463003540039063,0.0177133850999296,397.8699951171875,368.6400146484375,368.6400146484375,-0.1250355828348839,SPDR Gold Shares,P,True,False,False,False,False,False,False,False,False,,False,,,130053275648.0,Commodity,unknown,19.0,True,,False,True,10.0,True,True,False,340.0,,0,0,False,Commodity,Commodity,Commodity,Commodity,Commodity
2026-08-26,SHY,82.05999755859375,82.05999755859375,82.02999877929688,82.05000305175781,5500261.0,251,451296431.8354645,274684498.17639846,276158290.3727744,0.0038044753548214,0.0068793312973154,0.0055782249317424,0.349056280615216,0.1580389558993065,0.0575816072428237,0.0013279760170462,0.0010872023355131,0.0003212031571317,0.0008191026230796,1.2458194745516216,81.74702606201171,81.5387983194987,0.0012785157699708,82.0999984741211,82.0999984741211,0.9993910423472292,0.0725318499814832,0.0008839957012034,81.9800033569336,81.68918664138423,81.68918664138423,-0.0043975185490972,iShares 1-3 Year Treasury Bond ETF,Q,True,False,False,False,False,False,False,False,False,,False,,,25358272512.0,Bond,unknown,110.0,True,include,False,True,89.0,True,True,False,341.0,,0,0,False,Bond,Bond,Bond,Bond,Bond
2026-08-26,EEM,67.36000061035156,67.54499816894531,67.13500213623047,67.16999816894531,14846149.0,251,997215801.1458892,1315400987.0403075,1694056509.9548576,0.0998853529491352,-0.0127338309076975,0.0664844636319428,0.3992139937277278,0.0,0.0350633122497466,0.0398756306657279,-0.0,0.0023311655080837,0.0008159079278293,-0.0,65.99699989318847,63.16511202494304,-0.0019074522858425,67.94000244140625,71.56999969482422,0.938521705398343,1.1364994049072266,0.0169197474451125,65.25,62.29999923706055,62.29999923706055,-0.0725025914045105,iShares MSCI Emerging Index Fund,P,True,False,False,False,False,False,False,False,False,,False,,,30315917312.0,Other,unknown,94.0,True,,False,True,22.0,True,True,False,342.0,,0,0,False,Other,Other,Other,Other,Other
2026-08-26,SUB,106.36000061035156,106.38500213623048,106.33000183105467,106.37999725341795,328068.0,251,34899872.938934326,49991417.43036346,49385068.71890743,0.0054605975765433,0.0060796526201405,0.003542408282005,0.6896470073949947,0.1871178927779098,0.0496061762052822,0.0037658847772515,0.0011376117871023,0.0001757253294281,0.0008009515269164,1.0315016340717442,106.06803009033204,105.8416143798828,0.0006396585889505,106.41000366210938,106.41000366210938,0.999718011393114,0.088629795770602,0.0008331434297696,106.16999816894533,105.79227283349792,105.79227283349792,-0.0055247643832887,iShares Short-Term National Muni Bond ETF,P,True,False,False,False,False,False,False,False,False,,False,,,11377924096.0,Bond,unknown,216.0,True,,False,True,285.0,True,True,False,343.0,,0,0,False,Bond,Bond,Bond,Bond,Bond
2026-08-26,DFEM,40.2599983215332,40.34000015258789,40.15999984741211,40.18999862670898,638561.0,251,25663765.71306992,35794238.57568493,39450455.26567411,0.1077728770388863,-0.0126227536267877,0.0626723030152649,0.5097782055012198,0.0,0.036343144343196,0.0549402638585871,-0.0,0.0022777085548042,0.0007971979941815,-0.0,39.308692932128906,37.93528790791829,-0.0017616437126586,40.4900016784668,42.33473122840727,0.949338698050854,0.5888994216918946,0.014652884842363,39.09000015258789,36.88999938964844,36.88999938964844,-0.0821099614287489,Dimensional Emerging Markets Core Equity 2 ETF,P,True,False,False,False,False,False,False,False,False,,False,,,9250564096.0,Country / Region,unknown,259.0,True,,False,True,311.0,True,True,False,344.0,,0,0,False,Country / Region,Country / Region,Country / Region,Country / Region,Country / Region
2026-08-26,DFAE,39.790000915527344,39.85499954223633,39.65999984741211,39.68999862670898,894332.0,251,35496035.8518219,39869627.62169647,46110678.71265956,0.1028062455038987,-0.0117280941583408,0.0634404443424163,0.4659944345794033,0.0,0.0358050112328892,0.0479071382448206,-0.0,0.0022714858222997,0.0007950200378048,-0.0,38.89193214416504,37.39414293924968,-0.0017630669491255,40.09999847412109,41.9479311788804,0.9461729699483196,0.6871997833251953,0.0173141800731318,38.6150016784668,36.58000183105469,36.58000183105469,-0.078357190810318,Dimensional Emerging Core Equity Market ETF,P,True,False,False,False,False,False,False,False,False,,False,,,9686572032.0,Other,unknown,252.0,True,,False,True,292.0,True,True,False,345.0,,0,0,False,Other,Other,Other,Other,Other
2026-08-26,SCHO,24.114999771118164,24.1200008392334,24.100000381469727,24.100000381469727,30199387.0,251,727805238.2201519,146858109.96820134,100790441.41351812,0.0037888730285435,0.0063717903002395,0.0055912868403766,0.3939714349438694,0.1614472128156797,0.0623840649138806,0.0014927077438754,0.0010287077846196,0.0003488072012021,0.0007907425804235,1.01159913658723,24.01924549102783,23.952109069824218,0.0013806566214604,24.1200008392334,24.1200008392334,0.9991707936539066,0.0235417134161256,0.00097683456612,24.07999992370605,23.999067770251703,23.999067770251703,-0.0041880750879832,Schwab Short-Term U.S. Treasury ETF,P,True,False,False,False,False,False,False,False,False,,False,,,12952873984.0,Bond,unknown,198.0,True,,False,True,186.0,True,True,False,346.0,,0,0,False,Bond,Bond,Bond,Bond,Bond
2026-08-26,IEMG,82.0,82.2699966430664,81.82279968261719,81.8499984741211,8004877.0,251,655199170.235527,768921699.8555797,1042169412.0183444,0.1038435170571754,-0.0114126361234984,0.0636522142262838,0.4415135246747883,0.0,0.0348969755113854,0.04584831723054,-0.0,0.0022212697611,0.000777444416385,-0.0,80.18019958496093,77.00337936401367,-0.000946694579552,82.7300033569336,86.48999786376953,0.9463521851745572,1.3233596801757812,0.0161681087947019,79.52999877929688,75.55000305175781,75.55000305175781,-0.0769700127038509,iShares Core MSCI Emerging Markets ETF,P,True,False,False,False,False,False,False,False,False,,False,,,160718422016.0,Country / Region,unknown,16.0,True,,False,True,32.0,True,True,False,347.0,,0,0,False,Country / Region,Country / Region,Country / Region,Country / Region,Country / Region
2026-08-26,AVEM,94.76000213623048,95.04000091552734,94.52999877929688,94.58999633789062,1623983.0,251,153612546.02279663,162109556.6770935,172394043.94993857,0.1015487750366432,-0.0144842932018326,0.0624960846589504,0.4522820328863461,0.0,0.0342748643365246,0.0459286864106912,-0.0,0.0021420448232494,0.0007497156881373,-0.0,92.87000015258788,89.11526036580403,-0.0028383692044079,95.37999725341795,100.83000183105467,0.9381136032941914,1.5307487487792968,0.0161829877158596,91.88999938964844,87.5,87.5,-0.074955033432542,Avantis Emerging Markets Equity ETF,P,True,False,False,False,False,False,False,False,False,,False,,,26237122560.0,Country / Region,unknown,105.0,True,,False,True,127.0,True,True,False,348.0,,0,0,False,Country / Region,Country / Region,Country / Region,Country / Region,Country / Region
2026-08-26,VPL,115.44000244140624,115.80249786376952,115.12000274658205,115.19000244140624,170189.0,251,19604071.32550049,38637828.16954651,48012779.09713939,0.0979887372076198,0.0053237964793453,0.0605837565056375,0.3653160422170456,0.0060009883309695,0.0333840772566943,0.0357968576585338,3.1948040549008304e-05,0.0020225328076849,0.0007286527090465,0.0350345709874671,113.00260025024414,107.96593338012696,0.0018973556835677,118.25,121.2300033569336,0.9501773426686796,2.0091243743896485,0.0174418294279629,113.08000183105467,106.91999816894533,106.91999816894533,-0.0717944621684303,Vanguard FTSE Pacific ETF,P,True,False,False,False,False,False,False,False,False,,False,,,13825753088.0,Country / Region,unknown,183.0,True,,False,True,287.0,True,True,False,349.0,,0,0,False,Country / Region,Country / Region,Country / Region,Country / Region,Country / Region
2026-08-26,LMBS,49.630001068115234,49.630001068115234,49.56999969482422,49.59999847412109,335473.0,251,16639460.288108826,20177677.82893486,24105367.463791016,0.0057227693915606,0.0076692290696167,0.0058894274843352,0.3265452041735077,0.1279854631048687,0.0438457152401412,0.001868742899405,0.0009815498341322,0.0002582261604056,0.0007283865483279,1.3950401352279944,49.411123733520505,49.23346618652344,0.0011237063880551,51.72251304641129,51.72251304641129,0.958963429128325,0.3320295813007011,0.0066941449902249,49.370582546800456,49.13140193203552,49.13140193203552,-0.009447511219785,First Trust Low Duration Opportunities ETF,Q,True,False,False,False,False,False,False,False,False,,False,,,6341681152.0,Bond,unknown,336.0,True,,False,True,380.0,True,True,False,350.0,,0,0,False,Bond,Bond,Bond,Bond,Bond
2026-08-26,IBDU,23.07999992370605,23.100000381469727,23.06999969482422,23.100000381469727,447036.0,251,10326531.7705307,19610307.37305717,17464594.932050794,0.0055703421232411,0.007695679399915,0.0038875501661823,0.3033107433009779,0.1211101843279956,0.0267749080861364,0.001689544609841,0.0009320251506528,0.0001040887983797,0.0006422474273572,1.145772081730969,23.00086887359619,22.93241902669271,0.0012996217080272,23.1299991607666,23.14138988706048,0.9982114511793478,0.0453373913135834,0.0019626576002116,23.030000686645508,22.95510291546649,22.95510291546649,-0.0062726174723125,iShares iBonds Dec 2029 Term Corporate ETF,P,True,False,False,False,False,False,False,False,False,,False,,,3963476736.0,Bond,unknown,427.0,True,,False,True,413.0,True,True,False,351.0,,0,0,False,Bond,Bond,Bond,Bond,Bond
2026-08-26,VDC,233.80999755859372,233.8500061035156,232.625,232.75,100959.0,251,23498207.25,35067693.77436523,36213743.25308082,-0.0141053956507409,0.022782356182563,-0.0248676426063972,0.0,0.0420683508864725,0.0,-0.0,0.0009584161539086,-0.0,0.0006229705000406,2.308087532697244,229.77499267578125,228.7221809895833,0.0061315402795871,236.22000122070312,241.69274851576964,0.962999516656222,3.1432518005371093,0.0135048412482797,229.42999267578125,227.30999755859372,227.30999755859372,-0.0233727279974489,Vanguard Consumer Staples ETF,P,True,False,False,False,False,False,False,False,False,,False,,,9185586176.0,Sector,unknown,262.0,True,,False,True,320.0,True,True,False,352.0,,0,0,False,Sector,Sector,Sector,Sector,Sector
2026-08-26,SCHE,37.150001525878906,37.22850036621094,37.05500030517578,37.09999847412109,2739808.0,251,101646872.61938477,107207341.06964798,114385505.84164186,0.0636467126727016,0.0162865339872733,0.0326736730245735,0.4549181128792326,0.027378863412748,0.0255927655099195,0.0289540424200321,0.0004459067895046,0.0008362096520656,0.000582512791401,0.4791115271371737,36.24853729248047,35.33799986521403,0.004377682243208,37.22850036621094,37.35441542254625,0.9931891064135996,0.3771753311157226,0.0101664513916036,36.38999938964844,35.290000915527344,35.290000915527344,-0.048786998195062,Schwab Emerging Markets Equity ETF,P,True,False,False,False,False,False,False,False,False,,False,,,12488486912.0,Country / Region,unknown,200.0,True,,False,True,170.0,True,True,False,353.0,,0,0,False,Country / Region,Country / Region,Country / Region,Country / Region,Country / Region
2026-08-26,ITA,234.72000122070312,237.5200042724609,234.94000244140625,236.3800048828125,524574.0,251,123998804.68139648,140176912.63511658,168845361.54949853,0.0005079589383174,0.0263187550719183,-0.0187402409424258,0.0023680023123023,0.0334549361482059,0.0,1.202847940490364e-06,0.0008804922704313,-0.0,0.0005723199757803,0.0523667439032036,241.3295999145508,233.3783346557617,0.0107893444063351,256.6000061035156,256.6000061035156,0.9212003088864068,4.440001678466797,0.0187833217139832,232.92999267578125,232.1100006103516,232.1100006103516,-0.0180641517228914,iShares U.S. Aerospace & Defense ETF,Z,True,False,False,False,False,False,False,False,False,,False,,,14444112896.0,Industry / Theme,unknown,176.0,True,,False,True,129.0,True,True,False,354.0,,0,0,False,Industry / Theme,Industry / Theme,Industry / Theme,Industry / Theme,Industry / Theme
2026-08-26,ISTB,48.09999847412109,48.11000061035156,48.08000183105469,48.11000061035156,273374.0,251,13152023.306854248,17743577.74298706,24836076.96899245,0.0057264233900977,0.0070305905627403,0.0042104906102611,0.3134983868644049,0.1142960619659145,0.0317297543477726,0.0017952244952982,0.0008035688146159,0.0001335978327471,0.0005690789709618,1.1409909953795048,47.92265510559082,47.80230781555176,0.0011921919642998,48.13999938964844,48.13999938964844,0.999376842964744,0.0656767888783299,0.0013651379764106,48.0099983215332,47.81614679084432,47.81614679084432,-0.0061079570937278,iShares Core 1-5 Year USD Bond ETF,Q,True,False,False,False,False,False,False,False,False,,False,,,5038184448.0,Bond,unknown,376.0,True,,False,True,379.0,True,True,False,355.0,,0,0,False,Bond,Bond,Bond,Bond,Bond
2026-08-26,IGSB,52.20000076293945,52.220001220703125,52.18000030517578,52.20000076293945,3329384.0,251,173793847.3401184,149295600.10933456,156192666.7488115,0.0049656650560727,0.0070882248932022,0.0044264322540576,0.2637915697810515,0.1102591167089865,0.0307031835511095,0.0013099005801483,0.0007815414157591,0.0001359055619728,0.0005555688669339,0.9892091185596752,52.01275894165039,51.841304575602216,0.0011551320610605,52.2400016784668,52.2400016784668,0.9992342857151204,0.0753714446610025,0.0014438973861953,52.09000015258789,51.90222438064015,51.90222438064015,-0.0057045283131627,iShares 1-5 Year Investment Grade Corporate Bond ETF,Q,True,False,False,False,False,False,False,False,False,,False,,,22337937408.0,Bond,unknown,122.0,True,,False,True,135.0,True,True,False,356.0,,0,0,False,Bond,Bond,Bond,Bond,Bond
2026-08-26,PYLD,26.26000022888184,26.27790069580078,26.239999771118164,26.26000022888184,2667212.0,251,70040987.73047638,89054610.08303031,99818787.79898252,0.0096117617640005,0.0099339220297556,0.0047447282074806,0.2101791942273,0.0804151185624646,0.017765652743462,0.0020201923426624,0.000798837517813,8.429319369620995e-05,0.0005487470043721,0.8258076345771996,26.159678382873537,26.00369071960449,0.0012496576584151,26.31999969482422,26.31999969482422,0.9977203850061525,0.0827559999670292,0.0031514089583293,26.11000061035156,25.96523916566519,25.96523916566519,-0.011224716704018,PIMCO Multisector Bond Active Exchange-Traded Fund,P,True,False,False,False,False,False,False,False,False,,False,,,14711611392.0,Bond,unknown,171.0,True,,False,True,188.0,True,True,False,357.0,,0,0,False,Bond,Bond,Bond,Bond,Bond
2026-08-26,VCSH,78.69999694824219,78.73490142822266,78.68000030517578,78.7300033569336,2281327.0,251,179608882.36826324,344066949.30277747,344012975.85537297,0.0053499552092015,0.0069333829288218,0.0044060602892865,0.2872431685985688,0.1081538126673374,0.0305917780372821,0.0015367380861514,0.0007498717984347,0.0001347892183887,0.0005345928954186,1.0558051316232135,78.43266174316406,78.19102666219075,0.001142933990802,78.77999877929688,78.77999877929688,0.9993653792442504,0.1144055391497183,0.0014531377400181,78.55000305175781,78.26122978977416,78.26122978977416,-0.0059541921398653,Vanguard Short-Term Corporate Bond ETF,Q,True,False,False,False,False,False,False,False,False,,False,,,51786543104.0,Bond,unknown,55.0,True,,False,True,76.0,True,True,False,358.0,,0,0,False,Bond,Bond,Bond,Bond,Bond
2026-08-26,SHM,47.7599983215332,47.79999923706055,47.7599983215332,47.77999877929688,181749.0,251,8683966.998138428,11860723.590976715,11243894.28728255,0.0049655983398366,0.0060683433829804,-0.0001052962748987,0.3042674532940019,0.1341440678417522,0.0,0.001510869960943,0.0008140322664535,-0.0,0.0005291209731948,1.1264612710956514,47.68672988891601,47.593942947387696,0.0004113495483264,47.81999969482422,47.85322120149986,0.9984698538496568,0.0762840826134692,0.0015965693713354,47.63999938964844,47.46408976001619,47.46408976001619,-0.0066117418868073,State Street SPDR Nuveen ICE Short Term Municipal Bond ETF,P,True,False,False,False,False,False,False,False,False,,False,,,3468243712.0,Bond,unknown,468.0,True,,False,True,446.0,True,True,False,359.0,,0,0,False,Bond,Bond,Bond,Bond,Bond
2026-08-26,SCHC,51.77999877929688,51.84989929199219,51.54499816894531,51.54999923706055,334616.0,251,17249454.544708252,15185793.090623474,16477864.408781748,0.08939136875563,0.0182519476620821,0.0091036097150671,0.6068868172879737,0.0386901752763475,0.0081094971023541,0.0542504432771199,0.0007061710541806,7.382569660530025e-05,0.0004848501790292,1.536660584545425,49.15572662353516,49.166875762939455,0.0078607574410289,51.84989929199219,51.84989929199219,0.9942159954208828,0.5147457122802734,0.0099853679902716,50.459999084472656,47.88999938964844,47.88999938964844,-0.0709990281586822,Schwab International Small-Cap Equity ETF,P,True,False,False,False,False,False,False,False,False,,False,,,5338413056.0,Global Equity,unknown,366.0,True,,False,True,415.0,True,True,False,360.0,,0,0,False,Global Equity,Global Equity,Global Equity,Global Equity,Global Equity
2026-08-26,XMMO,155.3300018310547,157.12660217285156,155.3300018310547,156.60000610351562,360667.0,251,56480454.40133667,51987239.42454986,64230140.81252471,0.0464417807583654,-0.0692689205131993,0.0480172054359979,0.1987422942396168,0.0,0.028107016338411,0.0092299460564908,-0.0,0.0013496203777144,0.0004723671322,-0.0,161.7433074951172,156.29060048421223,-0.0097175082871108,166.6699981689453,173.94000244140625,0.9003104743330574,3.020330047607422,0.0192869088754117,154.10000610351562,151.66000366210938,151.66000366210938,-0.031545352802482,Invesco S&P MidCap Momentum ETF,P,True,False,False,False,False,False,False,False,False,,False,,,7917685760.0,Factor / Style,unknown,289.0,True,,False,True,249.0,True,True,False,361.0,,0,0,False,Factor / Style,Factor / Style,Factor / Style,Factor / Style,Factor / Style
2026-08-26,SPEM,52.75,52.83000183105469,52.59249877929688,52.63999938964844,874560.0,251,46036837.86621094,86703224.66884613,101857414.7574349,0.0655869992650144,0.0096635840033201,0.0364304562558954,0.4894260201729638,0.0165685696213869,0.028613889673325,0.0320999840253631,0.0001601117643511,0.001042417056055,0.0004689186164475,0.2116735404102538,51.51197853088379,50.13539021809896,0.0034360730442783,52.83000183105469,53.34999847412109,0.986691675636747,0.5004999160766601,0.0095079772393592,51.68000030517578,49.91999816894531,49.91999816894531,-0.0516717563115702,State Street SPDR Portfolio Emerging Markets ETF,P,True,False,False,False,False,False,False,False,False,,False,,,17305092096.0,Country / Region,unknown,151.0,True,,False,True,182.0,True,True,False,362.0,,0,0,False,Country / Region,Country / Region,Country / Region,Country / Region,Country / Region
2026-08-26,BSV,77.7699966430664,77.69999694824219,77.65229797363281,77.69999694824219,1699982.0,251,132088596.21206664,206370670.02178496,210783623.02012464,0.004474635676402,0.0062506477847958,0.0020122312015475,0.2692079466426147,0.1079685769337763,0.0155820487971377,0.0012046074824179,0.0006748735462386,3.135468477363764e-05,0.0004496419447259,1.2392595888736757,77.4213624572754,77.29462493896484,0.0011123131633552,78.0,78.0,0.996153807028746,0.1706367988095827,0.0021960978830314,77.55000305175781,77.15454793376365,77.15454793376365,-0.0070199361119906,Vanguard Short-Term Bond ETF,P,True,False,False,False,False,False,False,False,False,,False,,,69833809920.0,Bond,unknown,44.0,True,,False,True,113.0,True,True,False,363.0,,0,0,False,Bond,Bond,Bond,Bond,Bond
2026-08-26,JGRO,93.5500030517578,93.88999938964844,93.36100006103516,93.66999816894533,450664.0,251,42213696.05480957,53323692.487867735,59670749.02443005,0.062258991208546,-0.0423269552498285,0.0392766118207452,0.3004922981583814,0.0,0.0301379234058506,0.0187083473492784,-0.0,0.0011837155186949,0.0004143004315432,-0.0,94.77259994506836,92.48426635742187,-0.0031680663190601,97.55999755859376,99.7300033569336,0.9392358870549764,1.4228492736816407,0.0151900213675178,92.95999908447266,89.4800033569336,89.4800033569336,-0.0447314497055348,JPMorgan Active Growth ETF,P,True,False,False,False,False,False,False,False,False,,False,,,9992348672.0,Factor / Style,unknown,248.0,True,,False,True,260.0,True,True,False,364.0,,0,0,False,Factor / Style,Factor / Style,Factor / Style,Factor / Style,Factor / Style
2026-08-26,VWO,60.79999923706055,60.935001373291016,60.61000061035156,60.65999984741211,4980835.0,251,302137450.3399849,397490748.7309122,471308595.4930457,0.065706285994002,0.0073327458470695,0.0291831065331826,0.4844558599789599,0.0128778245405584,0.0235035249214739,0.0318317952872477,9.442981441907045e-05,0.0006859058716886,0.0003014464344634,0.1809442970881042,59.40415191650391,58.02515505472819,0.0030782407072329,60.935001373291016,61.52000045776367,0.9860207964247012,0.5967504501342773,0.0098376269639858,59.560001373291016,57.540000915527344,57.540000915527344,-0.0514342060621991,Vanguard FTSE Emerging Markets ETF,P,True,False,False,False,False,False,False,False,False,,False,,,163324018688.0,Country / Region,unknown,15.0,True,,False,True,67.0,True,True,False,365.0,,0,0,False,Country / Region,Country / Region,Country / Region,Country / Region,Country / Region
2026-08-26,CGMS,27.239999771118164,27.239999771118164,27.209999084472656,27.229999542236328,1047916.0,251,28534752.200302124,34855665.22746964,31292972.053339884,0.0099993484268612,0.0054077678668387,0.0086899445149812,0.272422041088524,0.0506838772360825,0.0327140489114822,0.0027240429080008,0.000274086642684,0.0002842832699011,0.00027765546221,0.8352123183719562,27.12575180053711,26.988470624287924,0.0004145749630533,27.26000022888184,27.26000022888184,0.998899461247483,0.0762294769287109,0.002799466698869,27.07999992370605,26.950000762939453,26.950000762939453,-0.0102827316931302,Capital Group U.S. Multi-Sector Income ETF,P,True,False,False,False,False,False,False,False,False,,False,,,5172525056.0,Bond,unknown,373.0,True,,False,True,346.0,True,True,False,366.0,,0,0,False,Bond,Bond,Bond,Bond,Bond
2026-08-26,VIS,342.6499938964844,346.5299987792969,342.5899963378906,345.510009765625,138494.0,251,47851063.29248047,30185305.140026856,30215234.260955326,0.0226122909960904,0.011526030663832,0.0206183132103494,0.1429108026245334,0.0194939376388017,0.0164053846742012,0.0032315406554307,0.0002246877229836,0.0003382513595489,0.0002644349957815,0.0587044701604013,350.7936657714844,337.4312373860677,0.0050359784882139,362.2000122070313,362.2099914550781,0.9538941992672108,4.746002197265625,0.0137362219997187,341.4599914550781,337.5400085449219,337.5400085449219,-0.023067352595977,Vanguard Industrials ETF,P,True,False,False,False,False,False,False,False,False,,False,,,9029749760.0,Sector,unknown,268.0,True,,False,True,351.0,True,True,False,367.0,,0,0,False,Sector,Sector,Sector,Sector,Sector
2026-08-26,FXI,35.63999938964844,35.720001220703125,35.532501220703125,35.54999923706055,7372172.0,251,262080708.97547916,589581439.2617928,801920776.4925438,-0.0157807229147245,0.0140693235405779,-0.0677530254799848,0.0,0.0253674021740516,0.0,-0.0,0.0003569021885706,-0.0,0.0002319864225709,8.699448380042602,34.427600135803225,35.8778023147583,0.0026725896052415,36.54999923706055,38.06419438446368,0.9339485522270944,0.4013750076293945,0.0112904364625404,34.790000915527344,34.790000915527344,34.790000915527344,-0.0213782936102263,iShares China Large-Cap ETF,P,True,False,False,False,False,False,False,False,False,,False,,,4523697152.0,Country / Region,unknown,398.0,True,,False,True,40.0,True,True,False,368.0,,0,0,False,Country / Region,Country / Region,Country / Region,Country / Region,Country / Region
2026-08-26,VCR,395.6700134277344,396.2799987792969,392.9450073242188,394.0400085449219,30528.0,251,12029253.380859377,18937951.57895508,21928522.29051572,0.0374387892856964,-0.0217632047617579,0.0267369494805365,0.2023911958541949,0.0,0.0206694419358255,0.0075772813348653,-0.0,0.000552637824829,0.0001934232386901,-0.0,392.2347741699219,386.52553283691407,0.0035307184501229,404.8500061035156,405.132061529269,0.9726211424924566,5.3822509765625,0.0136591484616946,390.8299865722656,378.2300109863281,378.2300109863281,-0.0401228231036122,Vanguard Consumer Discretion ETF,P,True,False,False,False,False,False,False,False,False,,False,,,6827243008.0,Other,unknown,317.0,True,,False,True,389.0,True,True,False,369.0,,0,0,False,Other,Other,Other,Other,Other
2026-08-26,IBDV,21.63999938964844,21.65999984741211,21.63999938964844,21.65999984741211,437363.0,251,9473282.513263702,11650961.576348688,14032554.708550893,0.0056661762055667,0.0048514987280168,-0.0029959957693467,0.2062125133348588,0.0538867070020875,0.0,0.001168436436348,0.0002614312904776,-0.0,0.0001699303388104,1.0376492735842295,21.594912109375,21.57717834472656,0.0006841943469442,21.68000030517578,21.976292189070488,0.9856075656922836,0.0470327778660909,0.0021714117357997,21.549999237060547,21.50807531337005,21.50807531337005,-0.0070140597928127,iShares iBonds Dec 2030 Term Corporate ETF,P,True,False,False,False,False,False,False,False,False,,False,,,3198090240.0,Bond,unknown,483.0,True,,False,True,431.0,True,True,False,370.0,,0,0,False,Bond,Bond,Bond,Bond,Bond
2026-08-26,JMTG,50.2400016784668,50.220001220703125,50.15499877929688,50.220001220703125,349556.0,251,17554702.7467041,22332546.04761734,34312359.94340394,0.0058983734010529,0.0055760555538624,-0.0090762423324035,0.135512886679376,0.0465385068993985,0.0,0.0007993056062895,0.0002595012998648,-0.0,0.0001686758449121,1.0664527712096057,50.109544067382814,50.14347081502279,0.0005424275460346,50.33000183105469,50.92462921142578,0.9861633162256866,0.1568789885598764,0.0031238348217164,50.0099983215332,49.69138463437179,49.69138463437179,-0.0105260169948663,JPMorgan Mortgage-Backed Securities ETF,P,True,False,False,False,False,False,False,False,False,,False,,,6718420992.0,Bond,unknown,322.0,True,,False,True,331.0,True,True,False,371.0,,0,0,False,Bond,Bond,Bond,Bond,Bond
2026-08-26,CGHM,25.440000534057617,25.440000534057617,25.3700008392334,25.38999938964844,406149.0,251,10312122.862106323,10259736.908028413,10640078.639524791,-0.0018032023620173,0.0040715228509213,0.0034239520153738,0.0,0.0427785152457749,0.0168620223067371,-0.0,0.0001741737023516,5.773475526043091e-05,0.0001334200708697,0.13328065002598,25.54522449493408,25.27662808736165,-0.0001264271627079,25.600000381469727,29.47842555193762,0.8613078519039004,0.0787777955566271,0.0031027096278208,25.34000015258789,25.309999465942383,25.309999465942383,-0.0031508438609364,Capital Group Municipal High-Income ETF,P,True,False,False,False,False,False,False,False,False,,False,,,3181882880.0,Bond,unknown,487.0,True,,False,True,447.0,True,True,False,372.0,,0,0,False,Bond,Bond,Bond,Bond,Bond
2026-08-26,EMB,95.23999786376952,95.33000183105467,95.16500091552734,95.30999755859376,5428460.0,251,517386509.3469238,457495987.1756058,532941642.21821374,0.0123591152354534,0.0057804426893064,0.000870079922369,0.2219513721426731,0.0336918047126386,0.0020334367402698,0.0027431225849783,0.0001947535462407,1.7692524811164423e-06,0.0001272090434248,0.3848995124291592,95.13662353515625,94.39660990397137,-0.0002843579159007,95.4499969482422,96.04631112850502,0.99233376522992,0.3678303073514925,0.0038593045511868,94.45999908447266,94.07673992995072,94.07673992995072,-0.0129394361581517,iShares J.P. Morgan USD Emerging Markets Bond ETF,Q,True,False,False,False,False,False,False,False,False,,False,,,14615079936.0,Bond,unknown,173.0,True,,False,True,57.0,True,True,False,373.0,,0,0,False,Bond,Bond,Bond,Bond,Bond
2026-08-26,PAVE,55.66999816894531,56.43000030517578,55.66999816894531,56.209999084472656,1270207.0,251,71398334.30709076,74027551.22890434,104810273.31254736,0.0221858041237992,-0.0072537624353389,0.022490807195254,0.1186768485983763,0.0,0.0158128875069772,0.0026329413170333,-0.0,0.0003556446041196,0.0001244756114418,-0.0,57.397568435668944,55.179577356974285,0.00012155059362,59.47999954223633,60.32421526966227,0.9317982643156124,0.9311000823974608,0.0165646699441891,55.54999923706055,55.494998931884766,55.494998931884766,-0.0127201594775581,Global X U.S. Infrastructure Development ETF,Z,True,False,False,False,False,False,False,False,False,,False,,,14567146496.0,REIT / Infra,unknown,174.0,True,,False,True,178.0,True,True,False,374.0,,0,0,False,REIT / Infra,REIT / Infra,REIT / Infra,REIT / Infra,REIT / Infra
2026-08-26,UCON,24.649999618530277,24.68000030517578,24.6299991607666,24.68000030517578,618231.0,251,15257941.268669128,13146581.28282242,12644896.581891015,0.0086127173757823,0.0042658348639232,0.0001421439496958,0.2639383892142904,0.0447861893971061,0.0006292081933239,0.0022732267509219,0.0001910504881524,8.943813778002973e-08,0.0001242141206473,0.8364919371427461,24.591695251464845,24.537391827901203,0.0001209581015406,24.690000534057617,24.91113455798483,0.9907216488967596,0.0742121109435387,0.0030069736639336,24.52400016784668,24.435386234246582,24.435386234246582,-0.0099114290074745,First Trust Smith Unconstrained Bond ETF,P,True,False,False,False,False,False,False,False,False,,False,,,3285839104.0,Bond,unknown,476.0,True,,False,True,439.0,True,True,False,375.0,,0,0,False,Bond,Bond,Bond,Bond,Bond
2026-08-26,DBMF,31.0,31.149999618530277,31.0,31.07999992370605,1138302.0,251,35378426.07315445,64996025.74848576,55396393.37036018,0.0016113192379678,0.0073507201981013,0.0013218536307191,0.0157726011374275,0.0247948877551977,0.0020294585182773,2.5414695645530845e-05,0.0001822602822317,2.6826471107787684e-06,0.0001194081099394,0.3066571582366397,30.918227767944337,30.531140416463217,0.0027149815747025,31.540000915527344,31.540000915527344,0.9854153145697968,0.2521500587463379,0.0081129362730149,30.940000534057617,30.3799991607666,30.3799991607666,-0.0225225471254114,iMGP DBi Managed Futures Strategy ETF,P,True,False,False,False,False,False,False,False,False,,False,,,3887484160.0,Other,unknown,436.0,True,,False,True,270.0,True,True,False,376.0,,0,0,False,Other,Other,Other,Other,Other
2026-08-26,SHLD,65.5,66.29000091552734,65.5,66.12000274658203,635246.0,251,42002467.26475525,57813684.14547958,87990207.22806731,0.0659359027530761,0.0122454342859545,-0.1026455060421552,0.262011903033822,0.0147227090424994,0.0,0.0172759913585865,0.0001802859660911,-0.0,0.0001171858779592,0.0374393073054903,63.88463119506836,68.47854672749837,0.0153589358668908,71.13999938964844,78.1967570103106,0.8455593975318414,1.164498710632324,0.0176118974933424,65.47000122070312,61.50199890136719,61.50199890136719,-0.0698427654777066,Global X Defense Tech ETF,P,True,False,False,False,False,False,False,False,False,,False,,,6854938112.0,Industry / Theme,unknown,316.0,True,,False,True,210.0,True,True,False,377.0,,0,0,False,Industry / Theme,Industry / Theme,Industry / Theme,Industry / Theme,Industry / Theme
2026-08-26,GVI,105.55999755859376,105.53500366210938,105.47589874267578,105.51000213623048,61846.0,251,6525371.59211731,11558369.118584445,11492963.759131296,0.0042381684524548,0.0037371396561614,-0.0047847940140024,0.1576655428769018,0.0449139665077363,0.0,0.00066821312986,0.0001678497653515,-0.0,0.0001091023474785,0.820903283865804,105.27935546875,105.29666473388671,0.0006204536468661,105.66000366210938,106.3805731452,0.9918164474656358,0.1943963648154856,0.0018424448950772,105.26000213623048,104.88527230076306,104.88527230076306,-0.0059210484581431,iShares Intermediate Government/Credit Bond ETF,Z,True,False,False,False,False,False,False,False,False,,False,,,3754905600.0,Bond,unknown,444.0,True,,False,True,443.0,True,True,False,378.0,,0,0,False,Bond,Bond,Bond,Bond,Bond
2026-08-26,VWOB,66.25,66.26000213623047,66.13999938964844,66.23999786376953,243676.0,251,16141097.719451904,31759870.171044923,34798244.1184736,0.0129443045713233,0.0049670708160629,-0.0021586046922701,0.2640140491482228,0.0300383459309773,0.0,0.0034174782632829,0.0001492025914365,-0.0,9.69816844337646e-05,0.3588313407821469,66.14826751708985,65.73305018107096,-0.0004172355855913,66.33000183105469,66.8306962863041,0.9911612708626586,0.2262656220704073,0.003415845853977,65.66000366210938,65.35373467258744,65.35373467258744,-0.0133795775930548,Vanguard Emerging Markets Government Bond ETF,Q,True,False,False,False,False,False,False,False,False,,False,,,6760565248.0,Bond,unknown,319.0,True,,False,True,330.0,True,True,False,379.0,,0,0,False,Bond,Bond,Bond,Bond,Bond
2026-08-26,SPIB,33.189998626708984,33.20000076293945,33.16999816894531,33.20000076293945,8823366.0,251,292935757.93169403,237978511.33625907,228840586.4692837,0.005969227667959,0.003251999718731,-0.0035256573926141,0.2016887128836608,0.0345726005002493,0.0,0.0012039258452601,0.0001124300871026,-0.0,7.307955661669721e-05,0.5839615155633359,33.119865798950194,33.08686080932617,0.0003195635466286,33.25,33.38591499308494,0.9944313573498288,0.0803246795731581,0.0024194180038339,33.04999923706055,32.963150778653024,32.963150778653024,-0.0071340355073371,State Street SPDR Portfolio Intermediate Term Corporate Bond ETF,P,True,False,False,False,False,False,False,False,False,,False,,,11570174976.0,Bond,unknown,212.0,True,,False,True,107.0,True,True,False,380.0,,0,0,False,Bond,Bond,Bond,Bond,Bond
2026-08-26,GRID,179.6300048828125,181.19000244140625,179.5800018310547,180.8300018310547,344110.0,251,62225411.93008423,126604611.22646332,123683076.67293246,0.0794531830177478,-0.0650900172949521,0.0170617752897124,0.3151788708129545,0.0,0.0096727044459312,0.0250419645060287,-0.0,0.0001650335097002,5.776172839509821e-05,,183.7536038208008,179.64985046386718,-0.0073910014170553,191.5200042724609,199.1864313808516,0.9078429719206186,3.481999206542969,0.019255649899269,177.30999755859375,174.3300018310547,174.3300018310547,-0.03594536268419,First Trust NASDAQ Clean Edge Smart Grid Infrastructure Index Fund,Q,True,False,False,False,False,False,False,False,False,,False,,,12076603392.0,REIT / Infra,unknown,204.0,True,,False,True,156.0,True,True,False,381.0,,0,0,False,REIT / Infra,REIT / Infra,REIT / Infra,REIT / Infra,REIT / Infra
2026-08-26,IEI,116.6999969482422,116.71900177001952,116.6050033569336,116.6999969482422,1242390.0,251,144986909.2085266,145444954.191391,144170450.04343668,0.004383181447874,0.0028358640193533,-0.010903781935742,0.146000424311751,0.0283893824825269,0.0,0.000639946351225,8.050842831385759e-05,-0.0,5.233047840400744e-05,0.6037335304122612,116.4580337524414,116.75139048258464,0.0005317562850031,116.91000366210938,118.5854119124576,0.9841007849632696,0.2636152147264831,0.0022589136385616,116.37000274658205,115.91162133485454,115.91162133485454,-0.0067555752699574,iShares 3-7 Year Treasury Bond ETF,Q,True,False,False,False,False,False,False,False,False,,False,,,18260961280.0,Bond,unknown,143.0,True,,False,True,143.0,True,True,False,382.0,,0,0,False,Bond,Bond,Bond,Bond,Bond
2026-08-26,VSS,161.02000427246094,161.46620178222656,160.2541961669922,160.44000244140625,167469.0,251,26868726.768859863,36685596.50766297,37203968.40041,0.0858883413969966,0.0029722122620663,0.0100052476183276,0.5818449965578423,0.0060369689026061,0.0087292434390297,0.0499737017044942,1.794315299803931e-05,8.733824212815491e-05,4.223143419357977e-05,0.1119010838556548,155.05029418945313,154.26503245035806,0.0046288431852268,161.46620178222656,162.02329946291178,0.990227967046999,1.5500984191894531,0.0096615457217757,157.4199981689453,148.9600067138672,148.9600067138672,-0.0715532009028211,Vanguard FTSE All-Wld ex-US SmCp Idx ETF,P,True,False,False,False,False,False,False,False,False,,False,,,13810126848.0,Country / Region,unknown,184.0,True,,False,True,316.0,True,True,False,383.0,,0,0,False,Country / Region,Country / Region,Country / Region,Country / Region,Country / Region
2026-08-26,SPTI,28.15999984741211,28.16990089416504,28.13010025024414,28.149999618530277,1792261.0,251,50452146.46630669,47036240.50065298,62517028.26744343,0.0040722233371999,0.002409661630611,-0.0132886760543492,0.1104391032323414,0.0205815843608268,0.0,0.0004497326935221,4.9594654131469416e-05,-0.0,3.223652518545512e-05,0.4169260728544046,28.10799953460693,28.1885604985555,0.0003624624341045,28.209999084472656,28.686081609328696,0.9813121220911508,0.0741696400916341,0.0026348007494398,28.059999465942383,27.946134952474893,27.946134952474893,-0.0072420841498407,State Street SPDR Portfolio Intermediate Term Treasury ETF,P,True,False,False,False,False,False,False,False,False,,False,,,10175785984.0,Bond,unknown,245.0,True,,False,True,253.0,True,True,False,384.0,,0,0,False,Bond,Bond,Bond,Bond,Bond
2026-08-26,ILF,35.2400016784668,35.439998626708984,35.000099182128906,35.029998779296875,986910.0,251,34571456.09527588,102361819.40937804,82590524.47052245,0.0212827859613353,0.0052959496100948,-0.0493864581030014,0.1247861977133996,0.0091113942150858,0.0,0.0026557979368631,4.825348464080425e-05,-0.0,3.136476501652276e-05,3.021624204443428,34.25440002441406,34.81642178853353,0.0034367933517691,35.630001068115234,38.01502057204531,0.9214778330294132,0.5939950942993164,0.0169567546388375,33.15999984741211,33.15999984741211,33.15999984741211,-0.0533827860990379,iShares Latin America 40 ETF,P,True,False,False,False,False,False,False,False,False,,False,,,3739343872.0,Country / Region,unknown,445.0,True,,False,True,215.0,True,True,False,385.0,,0,0,False,Country / Region,Country / Region,Country / Region,Country / Region,Country / Region
2026-08-26,BOND,91.0250015258789,91.02999877929688,90.88999938964844,90.9499969482422,416220.0,251,37855207.72979736,48246325.26903534,49729514.348209925,0.0066536600788165,0.0026292423457305,-0.011136967050972,0.1247581439387941,0.0170910591907975,0.0,0.0008300982818327,4.493653655783295e-05,-0.0,2.920874876259141e-05,0.2693074577153252,90.83603805541992,90.889974416097,-0.000190080473385,91.1500015258789,92.31557368755568,0.9852075149970326,0.3463699921646409,0.0038083562813284,90.29000091552734,89.96057372366985,89.96057372366985,-0.0108787603933114,PIMCO Active Bond Exchange-Traded Fund Exchange-Traded Fund,N,True,False,False,False,False,False,False,False,False,,False,,,8311250432.0,Bond,unknown,276.0,True,,False,True,284.0,True,True,False,386.0,,0,0,False,Bond,Bond,Bond,Bond,Bond
2026-08-26,JCPB,46.38999938964844,46.38999938964844,46.33409881591797,46.38999938964844,1256930.0,251,58308981.93283081,80527561.45086288,93324441.11229429,0.00708387024112,0.0023464457791999,-0.0096712283988615,0.1620677372661063,0.0190299460278965,0.0,0.001148066821065,4.465273653556074e-05,-0.0,2.902427874811448e-05,0.3373391715055326,46.307884521484375,46.33005114237467,-0.0002104927675566,46.45500183105469,47.0334337234783,0.986319639394972,0.1384392788735272,0.0029842483443623,46.060001373291016,45.91431166409515,45.91431166409515,-0.0102541007073052,JPMorgan Core Plus Bond ETF,P,True,False,False,False,False,False,False,False,False,,False,,,13578677248.0,Bond,unknown,191.0,True,,False,True,196.0,True,True,False,387.0,,0,0,False,Bond,Bond,Bond,Bond,Bond
2026-08-26,IUSB,45.650001525878906,45.65999984741211,45.60010147094727,45.65999984741211,2850498.0,251,130153738.24504852,145176743.41964912,266842498.5804004,0.0070405791375465,0.0022750174463501,-0.0091540807231609,0.1581517620400241,0.018591369646573,0.0,0.0011134799963852,4.22956902974987e-05,-0.0,2.749219869337416e-05,0.3825394302200333,45.57005828857422,45.60858047485352,-0.0003312553251286,45.720001220703125,46.24830071595312,0.9872795138538336,0.139400202251025,0.0030530048777239,45.31999969482422,45.20129768791743,45.20129768791743,-0.0100460394443184,iShares Core Universal USD Bond ETF,Q,True,False,False,False,False,False,False,False,False,,False,,,42765500416.0,Bond,unknown,73.0,True,,False,True,91.0,True,True,False,388.0,,0,0,False,Bond,Bond,Bond,Bond,Bond
2026-08-26,VGIT,58.5099983215332,58.519901275634766,58.45000076293945,58.5,22722880.0,251,1329288480.0,320930721.3111725,220499608.04836452,0.0045551237576384,0.0021681129575283,-0.0130375200773896,0.1323293218545667,0.0190659155311613,0.0,0.0006027764378119,4.1337058510252674e-05,-0.0,2.686908803166424e-05,0.3575387383225951,58.40070602416992,58.5686910756429,0.0003488251687187,58.61000061035156,59.6063143991582,0.9814396442673896,0.1517014597938075,0.0025931873469026,58.290000915527344,58.055334489793545,58.055334489793545,-0.0076011198325889,Vanguard Intermediate-Term Treasury ETF,Q,True,False,False,False,False,False,False,False,False,,False,,,50384760832.0,Bond,unknown,57.0,True,,False,True,111.0,True,True,False,389.0,,0,0,False,Bond,Bond,Bond,Bond,Bond
2026-08-26,IFRA,59.625,60.369998931884766,59.625,60.18000030517578,450328.0,251,27100739.1774292,35663794.963861085,29411337.630288742,0.0033344575602842,-0.0245958390293336,0.008580637889537,0.0269542735137208,0.0,0.0083905881126156,8.987788109979662e-05,-0.0,7.199659827460831e-05,2.519880939611291e-05,-0.0,61.58339996337891,59.98480644226074,-0.0013481910533862,62.29999923706055,64.25,0.936653701247872,0.7740501403808594,0.0128622488610105,59.369998931884766,59.369998931884766,59.369998931884766,-0.01345964388806,iShares U.S. Infrastructure ETF,Z,True,False,False,False,False,False,False,False,False,,False,,,4618109440.0,REIT / Infra,unknown,395.0,True,,False,True,355.0,True,True,False,390.0,,0,0,False,REIT / Infra,REIT / Infra,REIT / Infra,REIT / Infra,REIT / Infra
2026-08-26,CGCP,22.11000061035156,22.11000061035156,22.07999992370605,22.11000061035156,991818.0,251,21929096.585357662,30169539.58060684,32339234.654539924,0.0080655624796726,0.002207760499485,-0.0088177706059434,0.1916811679266573,0.0171383470515277,0.0,0.001546016436089,3.7837365646828486e-05,-0.0,2.459428767043852e-05,0.3881469912206877,22.0588969039917,22.0808050664266,-0.000387952899854,22.13999938964844,22.370263612650295,0.9883656711961338,0.0683925354510551,0.0030932851000933,21.950000762939453,21.8700008392334,21.8700008392334,-0.0108548061733566,Capital Group Core Plus Income ETF,P,True,False,False,False,False,False,False,False,False,,False,,,8320875520.0,Bond,unknown,275.0,True,,False,True,338.0,True,True,False,391.0,,0,0,False,Bond,Bond,Bond,Bond,Bond
2026-08-26,SCHR,24.459999084472656,24.46999931335449,24.440099716186523,24.459999084472656,1605027.0,251,39258958.95055389,53559900.77560119,65685978.78551084,0.0040698071359268,0.002044159821871,-0.0132963296233447,0.1154474867184307,0.0183619854050256,0.0,0.0004698490052714,3.75348328147352e-05,-0.0,2.439764132957788e-05,0.3176109908444443,24.42201526641845,24.49285508473714,0.0003440312887843,24.51000022888184,24.92689244891112,0.9812694917589352,0.0639213634121421,0.0026133019544027,24.3799991607666,24.281145976732034,24.281145976732034,-0.0073120651854055,Schwab Intermediate-Term U.S. Treasury ETF,P,True,False,False,False,False,False,False,False,False,,False,,,13378999296.0,Bond,unknown,193.0,True,,False,True,246.0,True,True,False,392.0,,0,0,False,Bond,Bond,Bond,Bond,Bond
2026-08-26,MBB,93.62000274658205,93.62000274658205,93.45999908447266,93.58000183105467,1938634.0,251,181417373.26974487,225813660.88219148,211886421.581076,0.0074512531787476,0.0022576237188665,-0.0096745059683298,0.1398419977648464,0.014785928082025,0.0,0.0010419981303677,3.338106194343402e-05,-0.0,2.1697690263232117e-05,0.2505600834765393,93.36627304077147,93.49598444620769,-0.0002231048153986,93.8000030517578,94.93474537931267,0.9857297394874226,0.3584059329483494,0.0038299415039059,92.88999938964844,92.41959349761773,92.41959349761773,-0.0124001742971957,iShares MBS ETF,Q,True,False,False,False,False,False,False,False,False,,False,,,39630225408.0,Bond,unknown,79.0,True,,False,True,112.0,True,True,False,393.0,,0,0,False,Bond,Bond,Bond,Bond,Bond
2026-08-26,CGCB,25.959999084472656,25.96999931335449,25.940000534057617,25.959999084472656,725799.0,251,18841741.37551117,56793723.30908623,37231839.07707711,0.0060829118380274,0.0020973300751065,-0.0132971473841838,0.1262772972168386,0.0155761638652245,0.0,0.0007681336661144,3.2668356929324096e-05,-0.0,2.1234432004060664e-05,0.295134651286948,25.927459983825685,25.974162432352703,-0.0002411814232389,26.01000022888184,26.41392728623588,0.9828148159550752,0.0854897291049841,0.0032931329784259,25.780000686645508,25.700000762939453,25.700000762939453,-0.0100153440178167,Capital Group Core Bond ETF,P,True,False,False,False,False,False,False,False,False,,False,,,5556136960.0,Bond,unknown,362.0,True,,False,True,315.0,True,True,False,394.0,,0,0,False,Bond,Bond,Bond,Bond,Bond
2026-08-26,SPMB,22.07999992370605,22.09000015258789,22.040000915527344,22.075000762939453,564054.0,251,12451492.48033905,25394780.105193328,25814374.19762784,0.0062584797431677,0.0021729976274971,-0.0115747555189347,0.1119286597264874,0.0147491411762285,0.0,0.0007005032495781,3.2049848783564786e-05,-0.0,2.0832401709317116e-05,0.2543969750555293,22.04076282501221,22.07491584777832,-0.0002646683750436,22.1299991607666,22.44144394255881,0.9836711407448958,0.0890658918168151,0.0040346948465951,21.93000030517578,21.808130048013517,21.808130048013517,-0.0120892731915087,State Street SPDR Portfolio Mortgage Backed Bond ETF,P,True,False,False,False,False,False,False,False,False,,False,,,7072976896.0,Bond,unknown,310.0,True,,False,True,376.0,True,True,False,395.0,,0,0,False,Bond,Bond,Bond,Bond,Bond
2026-08-26,JBND,52.88999938964844,52.95000076293945,52.845001220703125,52.88999938964844,1065692.0,251,56364449.22955322,46321332.89997711,48848872.73192827,0.0057508176334033,0.0019604459364106,-0.0123426572455188,0.133721283270924,0.0159857443553728,0.0,0.0007690067137957,3.1339187561990176e-05,-0.0,2.0370471915293616e-05,0.2658751287407213,52.81735710144043,52.905264129638674,-0.0002673577933063,52.97999954223633,53.80536486104631,0.982987468373055,0.1630437968296629,0.0030826961374776,52.540000915527344,52.38834559079653,52.38834559079653,-0.0094848516664964,JPMorgan Active Bond ETF,N,True,False,False,False,False,False,False,False,False,,False,,,8293582336.0,Bond,unknown,277.0,True,,False,True,286.0,True,True,False,396.0,,0,0,False,Bond,Bond,Bond,Bond,Bond
2026-08-26,VMBS,46.34999847412109,46.380001068115234,46.29999923706055,46.31999969482422,1371165.0,251,63512362.38155365,60985714.57663536,60584335.59192779,0.0064855162771182,0.0020694977228263,-0.007143247872361,0.1158179253340517,0.0140782288502358,0.0,0.000751139039936,2.9134862546991865e-05,-0.0,1.893766065554471e-05,0.1750336246212142,46.2561531829834,46.26782796223959,3.249218013734456e-05,46.470001220703125,46.90787051481987,0.9874675440700316,0.1823235422041371,0.0039361732168687,46.060001373291016,45.81229207336904,45.81229207336904,-0.0109608727288464,Vanguard Mortgage-Backed Securities ETF,Q,True,False,False,False,False,False,False,False,False,,False,,,17337255936.0,Bond,unknown,150.0,True,,False,True,259.0,True,True,False,397.0,,0,0,False,Bond,Bond,Bond,Bond,Bond
2026-08-26,GOVT,22.549999237060547,23.530000686645508,22.520000457763672,22.549999237060547,101689546.0,251,2293099184.7170334,304433166.10389936,230276725.6889956,0.0054916933163307,0.0018593730297866,-0.0123815952885131,0.1364258670813332,0.0151935021500238,0.0,0.0007492090224251,2.825038812576021e-05,-0.0,1.836275228174414e-05,0.3812644160046082,22.514950218200685,22.57243106842041,-0.0002828571061012,23.530000686645508,23.530000686645508,0.958350980833538,0.1136271107234097,0.005038896433161,22.399999618530277,22.33712996289463,22.33712996289463,-0.0094398794398214,iShares U.S. Treasury Bond ETF,Z,True,False,False,False,False,False,False,False,False,,False,,,43729891328.0,Bond,unknown,70.0,True,,False,True,105.0,True,True,False,398.0,,0,0,False,Bond,Bond,Bond,Bond,Bond
2026-08-26,SMBS,25.1299991607666,25.13500022888184,25.09000015258789,25.09000015258789,653690.0,251,16401082.199745178,13090964.438756945,13316275.532275608,0.0054593910354086,0.0019776175706709,-0.0087358150482207,0.1035599690878748,0.0135507323909112,0.0,0.0005653743668655,2.6798166471725856e-05,-0.0,1.7418808206621807e-05,0.1493543006672806,25.06790424346924,25.09154727935791,-0.000256214555065,25.18000030517578,25.457309606790165,0.9855715525373387,0.0971074764478759,0.0038703657177084,24.940000534057617,24.864185775070368,24.864185775070368,-0.0090001744178639,Schwab Mortgage-Backed Securities ETF,P,True,False,False,False,False,False,False,False,False,,False,,,6495026176.0,Bond,unknown,330.0,True,,False,True,435.0,True,True,False,399.0,,0,0,False,Bond,Bond,Bond,Bond,Bond
2026-08-26,JMBS,44.58000183105469,44.630001068115234,44.55270004272461,44.619998931884766,1303896.0,251,58179838.12728882,29456501.487319943,29404660.39054144,0.0074944081993781,0.0019654064816783,-0.0116801707057675,0.1355899187635478,0.0125655551320303,0.0,0.0010161661989345,2.4696423502378588e-05,-0.0,1.6052675276546084e-05,0.204814861221678,44.52884544372559,44.60971420288086,-0.0003704094128976,44.720001220703125,45.33402483233765,0.9842496689165892,0.1787393371787789,0.0040058122245057,44.310001373291016,44.04999923706055,44.04999923706055,-0.0127745340311271,Janus Henderson Mortgage-Backed Securities ETF,P,True,False,False,False,False,False,False,False,False,,False,,,6783227392.0,Bond,unknown,318.0,True,,False,True,356.0,True,True,False,400.0,,0,0,False,Bond,Bond,Bond,Bond,Bond
2026-08-26,VCRB,76.27999877929688,76.33499908447266,76.24500274658203,76.31999969482422,678342.0,251,51771061.23298645,40781299.63605118,39703137.2419,0.0071620010712545,0.0016401264239085,-0.009952616672882,0.1674383242750851,0.0140117123544296,0.0,0.0011991934578272,2.2980979676705716e-05,-0.0,1.4937636789858714e-05,0.2299823621825869,76.17934844970704,76.25720403035481,-0.0004034674187626,76.41999816894531,77.37274246062307,0.9863938806830505,0.2256298544845336,0.0029563660297005,75.7750015258789,75.53325577250534,75.53325577250534,-0.0103084895894232,Vanguard Core Bond ETF,Q,True,False,False,False,False,False,False,False,False,,False,,,7294146560.0,Bond,unknown,302.0,True,,False,True,310.0,True,True,False,401.0,,0,0,False,Bond,Bond,Bond,Bond,Bond
2026-08-26,FSEC,43.47999954223633,43.59999847412109,43.47999954223633,43.560001373291016,253479.0,251,11041545.588100431,13668293.549832726,14663336.747835372,0.0057723387687116,0.0017113932525367,-0.0057424741694452,0.1106193644652846,0.011200848804904,0.0,0.0006385324460732,1.9169057067397397e-05,-0.0,1.2459887093808306e-05,0.1748727739555962,43.5043790435791,43.51180936177572,-0.0001859758743455,43.650001525878906,44.12259734934109,0.9872492552603892,0.1732995986938476,0.0039784112311829,43.29999923706055,43.11000061035156,43.11000061035156,-0.0103305957013898,Fidelity Investment Grade Securitized ETF,P,True,False,False,False,False,False,False,False,False,,False,,,4651778048.0,Bond,unknown,393.0,True,,False,True,424.0,True,True,False,402.0,,0,0,False,Bond,Bond,Bond,Bond,Bond
2026-08-26,FBND,45.130001068115234,45.20000076293945,45.08000183105469,45.119998931884766,1862331.0,251,84028372.73081589,159623542.19859067,136576999.32082325,0.0071203824353114,0.0015634905977599,-0.0095971949713929,0.1579993500457235,0.0121674447048155,0.0,0.0011250157968561,1.9023685394743284e-05,-0.0,1.2365395506583136e-05,0.1995323221272191,45.04911666870117,45.09063588460287,-0.0004093602034684,45.48099899291992,45.79364824856216,0.9852894595114828,0.1968494415283203,0.0043627980094922,44.77999877929688,44.650001525878906,44.650001525878906,-0.0104166094222517,Fidelity Total Bond ETF,P,True,False,False,False,False,False,False,False,False,,False,,,26618243072.0,Bond,unknown,102.0,True,,False,True,148.0,True,True,False,403.0,,0,0,False,Bond,Bond,Bond,Bond,Bond
2026-08-26,IDEF,33.310001373291016,33.61140060424805,33.310001373291016,33.5,365395.0,251,12240732.5,13406427.964988708,27831934.791312445,0.0648442776507962,0.0037720502517881,-0.0572805336873843,0.2595420810579426,0.0049348736052675,0.0,0.0168298187661867,1.861459122529221e-05,-0.0,1.2099484296439937e-05,0.0044084076209555,32.83408020019531,33.63021389007568,0.0129170795525956,35.92499923706055,36.81834220635579,0.90987257960292,0.5832696914672851,0.0174110355661876,33.00699996948242,31.559999465942383,31.559999465942383,-0.0579104637032124,iShares Defense Industrials Active ETF,Q,True,False,False,False,False,False,False,False,False,,False,,,4074098176.0,Industry / Theme,unknown,418.0,True,,False,True,364.0,True,True,False,404.0,,0,0,False,Industry / Theme,Industry / Theme,Industry / Theme,Industry / Theme,Industry / Theme
2026-08-26,IAGG,49.86000061035156,49.880001068115234,49.81010055541992,49.84999847412109,480105.0,251,23933233.517417908,42256532.40522194,102159396.84509338,0.0016073541414833,0.0012396087283348,-0.0046397261834904,0.0533318752749754,0.0143396908710438,0.0,8.57232105963071e-05,1.777560596536935e-05,-0.0,1.1554143877490078e-05,0.0285583094851832,49.934111251831055,49.7349563852946,0.0001875228253567,50.06999969482422,50.27921961734516,0.9914632496985696,0.1147951126098632,0.0023028107547376,49.709999084472656,49.709999084472656,49.709999084472656,-0.0028084131180288,iShares International Aggregate Bond Fund,Z,True,False,False,False,False,False,False,False,False,,False,,,10738313216.0,Bond,unknown,230.0,True,,False,True,181.0,True,True,False,405.0,,0,0,False,Bond,Bond,Bond,Bond,Bond
2026-08-26,XME,120.08000183105467,122.75499725341795,119.58999633789062,120.30999755859376,1840464.0,251,221426219.3466797,262727160.5854828,242902702.5094057,0.2329370291147634,-0.0204840709194817,0.0082600579383076,0.4431661520904448,0.0,0.0035037547629861,0.1032298068721696,-0.0,2.8941217343886787e-05,1.0129426070360377e-05,-0.0,108.7979490661621,114.48687657674154,-0.0072902101624945,122.75499725341795,132.8491221892372,0.9056137938737596,3.8497501373291017,0.0319985887744215,112.8499984741211,98.63999938964844,98.63999938964844,-0.1801180168621607,State Street SPDR S&P Metals & Mining ETF,P,True,False,False,False,False,False,False,False,False,,False,,,4383336448.0,Other,unknown,404.0,True,,False,True,101.0,True,True,False,406.0,,0,0,False,Other,Other,Other,Other,Other
2026-08-26,DFCF,41.66999816894531,41.70000076293945,41.6431999206543,41.70000076293945,1216130.0,251,50712621.92783356,70788598.8419056,57694432.68825895,0.0071439989349415,0.0011206897814926,-0.0110001908985712,0.1515613516598646,0.0081928743350863,0.0,0.0010827541348363,9.18167054838426e-06,-0.0,5.9680858564497694e-06,0.1205803858559312,41.63535285949707,41.68595733642578,-0.0005032750285438,41.755001068115234,42.33994526497026,0.9848855614237116,0.1398684773591725,0.0033541600671499,41.38199996948242,41.27466425423634,41.27466425423634,-0.0101999160892372,Dimensional Core Fixed Income ETF,P,True,False,False,False,False,False,False,False,False,,False,,,10866136064.0,Bond,unknown,227.0,True,,False,True,264.0,True,True,False,407.0,,0,0,False,Bond,Bond,Bond,Bond,Bond
2026-08-26,XLY,117.69000244140624,117.83999633789062,116.74500274658205,117.16000366210938,3261419.0,251,382107861.9836731,719223439.1760727,867053970.0201881,0.0497267540669026,-0.0341960984188922,0.0046057854799348,0.2661873136103335,0.0,0.0035989912764181,0.0132366310796305,-0.0,1.6576181763338703e-05,5.8016636171685455e-06,-0.0,116.1892349243164,116.00906631469726,0.0027811488222977,120.44000244140624,121.94699945092368,0.9607452761415358,1.662250518798828,0.0141878667364399,116.06999969482422,111.45999908447266,111.45999908447266,-0.0486514544167785,State Street Consumer Discretionary Select Sector SPDR ETF,P,True,False,False,False,False,False,False,False,False,,False,,,22593435648.0,Sector,unknown,121.0,True,,False,True,38.0,True,True,False,408.0,,0,0,False,Sector,Sector,Sector,Sector,Sector
2026-08-26,SCHZ,22.86000061035156,22.90999984741211,22.729999542236328,22.8799991607666,1354406.0,251,30988808.14333725,39449149.56832447,40862269.241855375,0.0065208965972709,0.0008387525889279,-0.0112758173018235,0.1471002422774076,0.0066913340135823,0.0,0.0009592254693244,5.612373727273914e-06,-0.0,3.648042922728045e-06,0.0746726346398166,22.840394821166992,22.88363156636556,-0.0004947469426437,23.049999237060547,23.23886484816452,0.9845575207850024,0.1403517931367565,0.0061342569180432,22.700000762939453,22.63215462916104,22.63215462916104,-0.0108323662891804,Schwab US Aggregate Bond ETF,P,True,False,False,False,False,False,False,False,False,,False,,,10601679872.0,Bond,unknown,235.0,True,,False,True,306.0,True,True,False,409.0,,0,0,False,Bond,Bond,Bond,Bond,Bond
2026-08-26,FLCB,21.149999618530277,21.149999618530277,21.1299991607666,21.13999938964844,315146.0,251,6662186.2476501465,8179278.396063614,10236777.98916977,0.005671474754928,0.0007059644197182,-0.0124239934469589,0.1218133734538247,0.0056018335096966,0.0,0.0006908614723559,3.954695143031311e-06,-0.0,2.570551842970352e-06,0.0430737781202062,21.121174125671388,21.157922922770183,-0.0004980767213075,21.18000030517578,21.48912048339844,0.9837535885184452,0.0651750060468389,0.0030830183504524,21.0,20.946080856703094,20.946080856703094,-0.0091730623720024,Franklin U.S. Core Bond ETF,P,True,False,False,False,False,False,False,False,False,,False,,,3058559488.0,Bond,unknown,500.0,True,,False,True,454.0,True,True,False,410.0,,0,0,False,Bond,Bond,Bond,Bond,Bond
2026-08-26,AGG,97.86000061035156,97.87999725341795,97.76000213623048,97.86000061035156,5930165.0,251,580325950.5194855,802357905.0251732,814948917.3568228,0.0066722703189294,0.000614564763643,-0.011876093339829,0.1426509970267059,0.0047064530621218,0.0,0.0009518060134269,2.8924202137201427e-06,-0.0,1.8800731389180928e-06,0.0410678244295892,97.71829986572266,97.91077153523764,-0.0005779826607011,98.01000213623048,99.44783050595429,0.984033539117702,0.312303905540093,0.003191333574415,97.13999938964844,96.90244408991016,96.90244408991016,-0.0097849633606083,iShares Core U.S. Aggregate Bond ETF,P,True,False,False,False,False,False,False,False,False,,False,,,138847469568.0,Bond,unknown,18.0,True,,False,True,39.0,True,True,False,411.0,,0,0,False,Bond,Bond,Bond,Bond,Bond
2026-08-26,BND,72.55000305175781,72.58999633789062,72.5,72.58000183105469,7060160.0,251,512426425.7275391,583700412.7951279,573654193.7552389,0.0062740297858279,0.0005941589411453,-0.011601508550402,0.1400513794047922,0.0046907890639596,0.0,0.0008786865259319,2.787074263378401e-06,-0.0,1.8115982711959608e-06,0.0394900380169553,72.48640045166016,72.6155398050944,-0.0005294041545037,72.68000030517578,73.74561166920721,0.984194180348236,0.2250283783476795,0.0031004184716263,72.06999969482422,71.87834725731237,71.87834725731237,-0.0096673264816879,Vanguard Total Bond Market ETF,Q,True,False,False,False,False,False,False,False,False,,False,,,397862928384.0,Bond,unknown,7.0,True,,False,True,52.0,True,True,False,412.0,,0,0,False,Bond,Bond,Bond,Bond,Bond
2026-08-26,EAGG,46.84999847412109,46.86000061035156,46.79999923706055,46.84999847412109,229591.0,251,10756337.999671936,21076603.833405685,18982950.877452184,0.0060616267985227,0.0005924634928591,-0.012071976079512,0.1356063590965318,0.0046742908859041,0.0,0.0008219951403496,2.769346704902344e-06,-0.0,1.8000753581865238e-06,0.0401179955535723,46.797307357788085,46.89498774210612,-0.0005869665935622,46.93000030517578,47.63812822491999,0.9834559043319712,0.1450531466677656,0.0030961184928936,46.52999877929688,46.39831135547266,46.39831135547266,-0.0096411341165343,iShares ESG Aware U.S. Aggregate Bond ETF,P,True,False,False,False,False,False,False,False,False,,False,,,4899153408.0,Bond,unknown,380.0,True,,False,True,404.0,True,True,False,413.0,,0,0,False,Bond,Bond,Bond,Bond,Bond
2026-08-26,SPAB,25.21999931335449,25.225000381469727,25.200000762939453,25.21999931335449,2411866.0,251,60827258.863903046,93080565.0692976,64410962.091189735,0.0059501692440513,0.0005533009600815,-0.011901679361886,0.1395700348519106,0.0043419086821547,0.0,0.000830465328767,2.4023822424226112e-06,-0.0,1.5615484575746974e-06,0.0371004346097693,25.18918884277344,25.238538347880045,-0.0005373175736969,25.26000022888184,25.64135377681004,0.9835673862182496,0.0944126856314072,0.003743564163438,25.040000915527344,24.971177893269264,24.971177893269264,-0.0098660359579578,State Street SPDR Portfolio Aggregate Bond ETF,P,True,False,False,False,False,False,False,False,False,,False,,,9625304064.0,Bond,unknown,254.0,True,,False,True,248.0,True,True,False,414.0,,0,0,False,Bond,Bond,Bond,Bond,Bond
2026-08-26,MCHI,55.18000030517578,55.367801666259766,55.07500076293945,55.09999847412109,1181890.0,251,65122137.19657898,132466639.92621613,157939547.79504806,0.0005447390496298,9.340303826443908e-05,-0.0857889604787778,0.0041492068282521,0.0001659284347831,0.0,2.260234984339634e-06,1.5498219943211432e-08,-0.0,1.0073842963087432e-08,0.1158798590435724,53.87379989624024,56.374218470255535,0.0015609200943009,56.959999084472656,59.53542086412286,0.9254994367113876,0.5911399841308593,0.0107284936570098,54.36000061035156,54.36000061035156,54.36000061035156,-0.0134300886435975,iShares MSCI China ETF,Q,True,False,False,False,False,False,False,False,False,,False,,,5885857792.0,Country / Region,unknown,351.0,True,,False,True,134.0,True,True,False,415.0,,0,0,False,Country / Region,Country / Region,Country / Region,Country / Region,Country / Region
2026-08-26,HYMB,24.86000061035156,24.900299072265625,24.790000915527344,24.799999237060547,1138443.0,251,28233385.53143692,36017381.59367619,32161163.5004772,-0.002922444712806,-0.000924439463968,-0.0001717856852849,0.0,0.0,0.0,-0.0,-0.0,-0.0,-0.0,-0.0,24.997520446777344,24.77590470631917,-0.001040611724042,25.059999465942383,25.291050477293386,0.9805839919273536,0.0984756556402061,0.0039707926882935,24.75,24.75,24.75,-0.002016098330593,State Street SPDR Nuveen ICE High Yield Municipal Bond ETF,P,True,False,False,False,False,False,False,False,False,,False,,,3091741440.0,Bond,unknown,497.0,True,,False,True,339.0,True,True,False,416.0,,0,0,False,Bond,Bond,Bond,Bond,Bond
2026-08-26,FIXD,43.0,43.05690002441406,42.880001068115234,42.97999954223633,140342.0,251,6031899.095756531,11235829.280501936,13783454.169849092,0.0070647696544545,-0.0010240724408452,-0.0158883178854962,0.1536720703345244,0.0,0.0,0.0010856577792365,-0.0,-0.0,-0.0,-0.0,42.97327079772949,43.05285652160645,-0.0008848706438471,43.10982542805236,44.12360271237978,0.974081826962362,0.2447493214530869,0.0056944933471339,42.6057656387365,42.4961887670367,42.4961887670367,-0.0112566491473362,First Trust Smith Opportunistic Fixed Income ETF,Q,True,False,False,False,False,False,False,False,False,,False,,,3286956288.0,Bond,unknown,475.0,True,,False,True,433.0,True,True,False,417.0,,0,0,False,Bond,Bond,Bond,Bond,Bond
2026-08-26,IEF,93.33999633789062,93.35990142822266,93.2300033569336,93.31999969482422,5671135.0,251,529230316.46930695,779299533.5692081,651185270.6412742,0.0050483973187291,-0.0005828199103635,-0.0223369665606514,0.094754569625485,0.0,0.0,0.0004783587152346,-0.0,-0.0,-0.0,-0.0,93.28261932373049,93.7711371866862,-0.0004982263227273,93.54000091552734,96.14833419191964,0.9705836349546124,0.3497839612859202,0.0037482207718579,92.72000122070312,92.41275520617572,92.41275520617572,-0.0097218655338122,iShares 7-10 Year Treasury Bond ETF,Q,True,False,False,False,False,False,False,False,False,,False,,,47093366784.0,Bond,unknown,63.0,True,,False,True,45.0,True,True,False,418.0,,0,0,False,Bond,Bond,Bond,Bond,Bond
2026-08-26,KWEB,26.32999992370605,26.524999618530277,26.25,26.280000686645508,9476210.0,251,249034805.30679703,550636958.4094038,550794639.3781872,-0.0546762083499883,-0.0281065163886669,-0.184863544712592,0.0,0.0,0.0,-0.0,-0.0,-0.0,-0.0,-0.0,26.5607999420166,28.84180004119873,-0.0003011033337929,29.13999938964844,31.540000915527344,0.8332276450159422,0.4884499549865723,0.018586375274898,26.065000534057617,26.065000534057617,26.065000534057617,-0.0081811319242904,KraneShares CSI China Internet ETF,P,True,False,False,False,False,False,False,False,False,,False,,,4907469312.0,Country / Region,unknown,379.0,True,,False,True,55.0,True,True,False,419.0,,0,0,False,Country / Region,Country / Region,Country / Region,Country / Region,Country / Region
2026-08-26,LQD,106.6999969482422,106.79499816894533,106.59010314941406,106.77999877929688,19195599.0,251,2049706037.7878723,2984670998.9073687,3015206866.6571035,0.0096241257139608,-0.008288268575869,-0.0213081463019665,0.1571628832946554,0.0,0.0,0.0015125553463963,-0.0,-0.0,-0.0,-0.0,106.89997512817382,107.41608662923176,-0.0028393400685856,106.94000244140624,109.3784333614516,0.976243629550188,0.4817358590985584,0.0045114802828782,105.41999816894533,105.41999816894533,105.41999816894533,-0.012736473364853,iShares iBoxx $ Investment Grade Corporate Bond ETF,P,True,False,False,False,False,False,False,False,False,,False,,,33113137152.0,Bond,unknown,91.0,True,,False,True,11.0,True,True,False,420.0,,0,0,False,Bond,Bond,Bond,Bond,Bond
2026-08-26,FPE,17.700000762939453,17.709999084472656,17.670000076293945,17.68000030517578,1132781.0,251,20027568.425697327,17860235.512969207,17707221.63132174,0.0027735424946564,-0.0018046191271535,-0.0101662481586268,0.0734247108891269,0.0,0.0,0.0002036465558088,-0.0,-0.0,-0.0,-0.0,17.718600234985352,17.67459223429362,-3.313901116352991e-05,17.780349152540854,17.86158700437442,0.9898336749610116,0.0472495251879685,0.0026724844102031,17.601250844243786,17.601250844243786,17.601250844243786,-0.0044541549532066,First Trust Preferred Securities and Income ETF ETF,P,True,False,False,False,False,False,False,False,False,,False,,,6320397824.0,Bond,unknown,337.0,True,,False,True,410.0,True,True,False,421.0,,0,0,False,Bond,Bond,Bond,Bond,Bond
2026-08-26,JMUB,49.77999877929688,49.77999877929688,49.68000030517578,49.70000076293945,546727.0,251,27172332.3171196,60979942.87222652,55333423.35573463,6.754439067169216e-06,-0.0031325610210889,-0.0122284948068775,0.0002180290176801,0.0,0.0,1.4726637147954764e-09,-0.0,-0.0,-0.0,-0.0,49.968310775756834,49.87459564208984,-0.0012803006593736,50.06499862670898,50.4274677003235,0.9855739942821008,0.121708022974165,0.002448853543377,49.625,49.53018154355907,49.53018154355907,-0.0034168856493663,JPMorgan Municipal ETF,P,True,False,False,False,False,False,False,False,False,,False,,,8048841216.0,Bond,unknown,284.0,True,,False,True,271.0,True,True,False,422.0,,0,0,False,Bond,Bond,Bond,Bond,Bond
2026-08-26,HYD,50.38999938964844,50.38999938964844,50.220001220703125,50.255001068115234,479123.0,251,24078326.87675857,41586001.35013218,41861663.13634485,0.002361940999181,-0.0070612660760307,-0.0010304348709655,0.0634083170436278,0.0,0.0,0.0001497667037144,-0.0,-0.0,-0.0,-0.0,50.64387008666992,50.311274998982746,-0.0023202840097307,50.68000030517578,51.43158226526512,0.9771233715680472,0.1875715157506388,0.0037323950206747,50.119998931884766,49.94730605171702,49.94730605171702,-0.0061226745569294,VanEck High Yield Muni ETF,Z,True,False,False,False,False,False,False,False,False,,False,,,4521939456.0,Bond,unknown,399.0,True,,False,True,302.0,True,True,False,423.0,,0,0,False,Bond,Bond,Bond,Bond,Bond
2026-08-26,IGIB,52.38999938964844,52.43999862670898,52.36090087890625,52.43999862670898,1853964.0,251,97221869.6139679,110708318.24376754,132726565.7351348,0.0074911593341169,-0.0005564730340684,-0.0123368525237772,0.1659630709679095,0.0,0.0,0.0012432558081999,-0.0,-0.0,-0.0,-0.0,52.3874186706543,52.464404856363934,-0.0006807441400998,52.52000045776367,53.260923373181576,0.9845867346174108,0.1758871981086532,0.0033540656505484,52.02999877929688,51.96046189319577,51.96046189319577,-0.0091444840974685,iShares 5-10 Year Investment Grade Corporate Bond ETF,Q,True,False,False,False,False,False,False,False,False,,False,,,18526003200.0,Bond,unknown,141.0,True,,False,True,151.0,True,True,False,424.0,,0,0,False,Bond,Bond,Bond,Bond,Bond
2026-08-26,IGF,65.87000274658203,66.33999633789062,65.7300033569336,66.19999694824219,551747.0,251,36525649.71620178,64127496.54964523,53172588.56497895,-0.0016588842467436,-0.0001242215411675,-0.0290474511976097,0.0,0.0,0.0,-0.0,-0.0,-0.0,-0.0,-0.0,66.51860015869141,66.18498311360678,0.0006155281515978,67.0999984741211,68.63407614090849,0.96453541258909,0.5434993743896485,0.0082099607166836,65.12999725341797,65.12999725341797,65.12999725341797,-0.0161631381291571,iShares Global Infrastructure ETF,Q,True,False,False,False,False,False,False,False,False,,False,,,10779330560.0,REIT / Infra,unknown,228.0,True,,False,True,278.0,True,True,False,425.0,,0,0,False,REIT / Infra,REIT / Infra,REIT / Infra,REIT / Infra,REIT / Infra
2026-08-26,CGMU,27.1299991607666,27.125,27.06999969482422,27.07999992370605,956789.0,251,25909846.047002792,32487887.506608102,29761582.551329203,0.0006687232538009,-0.0019268016428393,-0.0122981677483159,0.0322063815342837,0.0,0.0,2.153715625276148e-05,-0.0,-0.0,-0.0,-0.0,27.19105350494385,27.15560661315918,-0.0009411625957048,27.239999771118164,27.47921272964965,0.9854721891099578,0.056987671023046,0.0021044191722156,27.040000915527344,26.96999931335449,26.96999931335449,-0.0040620609550027,Capital Group Municipal Income ETF,P,True,False,False,False,False,False,False,False,False,,False,,,6310218752.0,Bond,unknown,338.0,True,,False,True,353.0,True,True,False,426.0,,0,0,False,Bond,Bond,Bond,Bond,Bond
2026-08-26,VCLT,72.58999633789062,72.66999816894531,72.47000122070312,72.66999816894531,3631070.0,251,263869850.25131223,269226766.8502197,305750266.56625414,0.0140956605551578,-0.017917207499461,-0.0334941639295024,0.1501378394530421,0.0,0.0,0.0021162920214148,-0.0,-0.0,-0.0,-0.0,72.94397674560547,73.54401840209961,-0.0058779051772401,72.81999969482422,75.42186823327137,0.9635136316722516,0.4908027520886975,0.0067538566733917,71.0199966430664,71.0199966430664,71.0199966430664,-0.0227054020566085,Vanguard Long-Term Corporate Bond ETF,Q,True,False,False,False,False,False,False,False,False,,False,,,10055394304.0,Bond,unknown,247.0,True,,False,True,81.0,True,True,False,427.0,,0,0,False,Bond,Bond,Bond,Bond,Bond
2026-08-26,VCIT,81.44999694824219,81.48999786376953,81.37999725341797,81.4800033569336,6341888.0,251,516737055.5292969,738467451.6620773,709666709.9872693,0.00694525831162,-0.0012841470956271,-0.0133106438679361,0.1470827842338564,0.0,0.0,0.0010215279296964,-0.0,-0.0,-0.0,-0.0,81.42714370727539,81.57127746582032,-0.0007483887943133,81.62999725341797,82.8232507867199,0.9837817591433916,0.2769979870866109,0.0033995824211394,80.86000061035156,80.76863667562714,80.76863667562714,-0.0087305676484845,Vanguard Intermediate-Term Corporate Bond ETF,Q,True,False,False,False,False,False,False,False,False,,False,,,69441978368.0,Bond,unknown,45.0,True,,False,True,43.0,True,True,False,428.0,,0,0,False,Bond,Bond,Bond,Bond,Bond
2026-08-26,CMF,56.56999969482422,56.53900146484375,56.43999862670898,56.4900016784668,421687.0,251,23821099.33778763,26062912.831498142,25309128.286646582,0.0007112452434419,-0.0040596206425004,-0.0171682940545063,0.0257392231523395,0.0,0.0,1.8306900036991232e-05,-0.0,-0.0,-0.0,-0.0,56.88647003173829,56.83900993347168,-0.0014435618615196,56.970001220703125,57.58517063047392,0.9809817538088954,0.14143979680242,0.0025038023119113,56.43999862670898,56.30022212697215,56.30022212697215,-0.0033595246212746,iShares California Muni Bond ETF,P,True,False,False,False,False,False,False,False,False,,False,,,4542874112.0,Bond,unknown,397.0,True,,False,True,378.0,True,True,False,429.0,,0,0,False,Bond,Bond,Bond,Bond,Bond
2026-08-26,VGLT,53.43999862670898,53.459999084472656,53.310001373291016,53.459999084472656,1789240.0,251,95652768.76190186,120546269.215168,108114144.77971517,0.0103274710643801,-0.008379606816672,-0.0456990938708604,0.1011305282151999,0.0,0.0,0.0010444226038679,-0.0,-0.0,-0.0,-0.0,53.61970314025879,54.21306325276693,-0.0042746752921166,53.56999969482422,56.58691134840831,0.9447414218336976,0.3820973241340482,0.0071473499939701,52.2400016784668,52.2400016784668,52.2400016784668,-0.0228207524672443,Vanguard Long-Term Treasury ETF,Q,True,False,False,False,False,False,False,False,False,,False,,,15153465344.0,Bond,unknown,170.0,True,,False,True,175.0,True,True,False,430.0,,0,0,False,Bond,Bond,Bond,Bond,Bond
2026-08-26,TLH,97.76000213623048,97.77999877929688,97.5250015258789,97.77999877929688,764469.0,251,74749777.8868103,119572849.96173096,120230612.55073912,0.0108679054318387,-0.0049412792667127,-0.0394278997934235,0.1172372482753222,0.0,0.0,0.0012741233273452,-0.0,-0.0,-0.0,-0.0,97.87045471191406,98.7875067647298,-0.0030508250916988,97.98999786376952,102.732229315219,0.9517947720113528,0.6339509986691219,0.0064834424890926,95.83999633789062,95.80240819587264,95.80240819587264,-0.0202248988352713,iShares 10-20 Year Treasury Bond ETF,P,True,False,False,False,False,False,False,False,False,,False,,,11252374528.0,Bond,unknown,220.0,True,,False,True,164.0,True,True,False,431.0,,0,0,False,Bond,Bond,Bond,Bond,Bond
2026-08-26,TIP,107.47000122070312,107.5199966430664,107.375,107.51000213623048,1265849.0,251,136091428.6941452,203984462.7413937,198536387.1349152,0.0049074592082072,-0.0022775164443243,-0.0020052599653042,0.1533811795123256,0.0,0.0,0.0007527118817634,-0.0,-0.0,-0.0,-0.0,107.2141259765625,107.36456176757812,-0.0008214856513156,107.6500015258789,108.34822769132404,0.9922635969876534,0.2935234335094982,0.002730196518251,106.7300033569336,106.55810456672214,106.55810456672214,-0.0088540373043816,iShares TIPS Bond ETF,P,True,False,False,False,False,False,False,False,False,,False,,,14696782848.0,Bond,unknown,172.0,True,,False,True,121.0,True,True,False,432.0,,0,0,False,Bond,Bond,Bond,Bond,Bond
2026-08-26,TFI,44.90999984741211,44.88999938964844,44.79999923706055,44.79999923706055,393139.0,251,17612626.900058746,27476577.81768589,22556277.032609303,-0.0014421378024271,-0.0057016127222906,-0.0174138048744898,0.0,0.0,0.0,-0.0,-0.0,-0.0,-0.0,-0.0,45.14930938720703,45.11164077758789,-0.0016938650380373,45.220001220703125,45.682376861572266,0.9806845071309332,0.1067098631486764,0.0023819166287038,44.77999877929688,44.715146683515925,44.715146683515925,-0.0018940302453047,State Street SPDR Nuveen ICE Municipal Bond ETF,P,True,False,False,False,False,False,False,False,False,,False,,,3122414592.0,Bond,unknown,494.0,True,,False,True,386.0,True,True,False,433.0,,0,0,False,Bond,Bond,Bond,Bond,Bond
2026-08-26,TLT,83.2750015258789,83.30000305175781,83.06999969482422,83.30000305175781,20616860.0,251,1717384500.9176636,2929675908.607094,2318091332.230036,0.0094817315421422,-0.0120206603119678,-0.052316960164374,0.0845153995510181,0.0,0.0,0.0008013523297196,-0.0,-0.0,-0.0,-0.0,83.72285598754883,84.81012705485026,-0.0053879139992497,83.4800033569336,88.82732167029954,0.9377745662639984,0.6537406325054178,0.007848026513267,81.16999816894531,81.16999816894531,81.16999816894531,-0.0255702857716467,iShares 20+ Year Treasury Bond ETF,Q,True,False,False,False,False,False,False,False,False,,False,,,41099935744.0,Bond,unknown,75.0,True,,False,True,13.0,True,True,False,434.0,,0,0,False,Bond,Bond,Bond,Bond,Bond
2026-08-26,TOTL,38.91999816894531,38.93000030517578,38.880001068115234,38.91999816894531,361929.0,251,14086276.017288208,19199461.43920441,20723131.122654263,0.0067332010644529,-0.0013202648517071,-0.0176258684897629,0.1943127422252976,0.0,0.0,0.0013083467627881,-0.0,-0.0,-0.0,-0.0,38.885820922851565,39.04277201334635,-0.000338814622757,38.97700119018555,39.769490732115045,0.978639591618312,0.10285030111683,0.0026426080666903,38.75299835205078,38.52528660451676,38.52528660451676,-0.0101416131294553,State Street DoubleLine Total Return Tactical ETF,P,True,False,False,False,False,False,False,False,False,,False,,,4176964608.0,Other,unknown,414.0,True,,False,True,399.0,True,True,False,435.0,,0,0,False,Other,Other,Other,Other,Other
2026-08-26,USIG,50.4900016784668,50.5099983215332,50.43999862670898,50.5099983215332,2012194.0,251,101635915.56259918,100683125.32069054,98671891.67936672,0.0081022658387386,-0.0020673298351269,-0.0112943785198327,0.1745635460255335,0.0,0.0,0.0014143602556517,-0.0,-0.0,-0.0,-0.0,50.47019088745117,50.5325057220459,-0.0012930158467665,50.54999923706055,51.223693819250975,0.986067082545118,0.1727423779055104,0.003419964039711,50.02000045776367,50.00444812600269,50.00444812600269,-0.0100089133306303,iShares Broad USD Investment Grade Corporate Bond ETF,Q,True,False,False,False,False,False,False,False,False,,False,,,17618763776.0,Bond,unknown,147.0,True,,False,True,190.0,True,True,False,436.0,,0,0,False,Bond,Bond,Bond,Bond,Bond
2026-08-26,CQQQ,48.11000061035156,48.36000061035156,47.994998931884766,48.09999847412109,263934.0,251,12695224.997268677,38266030.08212738,61625266.15195405,-0.03645832855732,-0.1042830951444445,-0.0975609913203111,0.0,0.0,0.0,-0.0,-0.0,-0.0,-0.0,-0.0,52.282999954223634,51.632666702270505,-0.0100541534608578,53.2400016784668,57.56999969482422,0.8355045810160997,0.8857494354248047,0.0184147497614029,47.77000045776367,47.77000045776367,47.77000045776367,-0.0068606658383777,Invesco China Technology ETF,P,True,False,False,False,False,False,False,False,False,,False,,,3417853440.0,Country / Region,unknown,469.0,True,,False,True,255.0,True,True,False,437.0,,0,0,False,Country / Region,Country / Region,Country / Region,Country / Region,Country / Region
2026-08-26,URA,48.5,50.09000015258789,47.880001068115234,48.04999923706055,5960875.0,251,286420039.2022133,148043543.9755869,152124665.77763784,0.2806502838706122,-0.0420654030456585,-0.1293712550699912,0.5246636242855758,0.0,0.0,0.147246995092331,-0.0,-0.0,-0.0,,43.12819999694824,49.00046674092611,-0.0066105890447109,50.09000015258789,58.970001220703125,0.814821065667389,1.6454992294311523,0.0342455620303526,43.15999984741211,38.25,38.25,-0.2039542017204006,Global X Uranium ETF,P,True,False,False,False,False,False,False,False,False,,False,,,5997526528.0,Commodity,unknown,347.0,True,,False,True,138.0,True,True,False,438.0,,0,0,False,Commodity,Commodity,Commodity,Commodity,Commodity
2026-08-26,XLC,113.83000183105467,113.97000122070312,112.46499633789062,112.61000061035156,3679719.0,251,414373158.83592224,515980324.6174782,691141005.2290831,0.0283079025992958,-0.0288753304435172,-0.0277832979038941,0.1423324028363984,0.0,0.0,0.0040291317962165,-0.0,-0.0,-0.0,,110.02362380981444,113.2655239868164,0.0002265596236301,113.97000122070312,119.16998107948716,0.9449527438897548,1.7886013031005858,0.0158831479744807,110.25,105.49299621582033,105.49299621582033,-0.0632004649316823,State Street Communication Services Select Sector SPDR ETF,P,True,False,False,False,False,False,False,False,False,,False,,,22262224896.0,Sector,unknown,124.0,True,,False,True,44.0,True,True,False,439.0,,0,0,False,Sector,Sector,Sector,Sector,Sector
2026-08-26,XAR,265.57000732421875,269.3999938964844,265.57000732421875,266.6499938964844,94206.0,251,25120029.325012207,53913463.29867859,60748378.920211546,0.0330867034581783,-0.0437140103504409,-0.0488928951401115,0.111313978220028,0.0,0.0,0.0036830125881161,-0.0,-0.0,-0.0,-0.0,276.01088439941407,272.60050404866536,0.0026418398045242,297.7900085449219,297.7900085449219,0.8954296190104041,6.59000244140625,0.02471405434933,263.989990234375,254.92999267578125,254.92999267578125,-0.0439527526306747,State Street SPDR S&P Aerospace & Defense ETF,P,True,False,False,False,False,False,False,False,False,,False,,,6468274688.0,Industry / Theme,unknown,332.0,True,,False,True,257.0,True,True,False,440.0,,0,0,False,Industry / Theme,Industry / Theme,Industry / Theme,Industry / Theme,Industry / Theme
2026-08-26,BIV,75.76000213623047,75.80030059814453,75.69999694824219,75.7699966430664,829416.0,251,62844847.53570557,106093348.86650084,116583604.38485524,0.0059245406055181,-9.443970623812524e-05,-0.016226822875212,0.1326120668546917,0.0,0.0,0.0007856655748623,-0.0,-0.0,-0.0,-0.0,75.70872894287109,75.94693608601888,-0.0003681392936175,75.93000030517578,77.41129367722405,0.978797705655182,0.247715692138847,0.0032693111140782,75.33999633789062,75.10456419984733,75.10456419984733,-0.0087822683476385,Vanguard Intermediate-Term Bond ETF,P,True,False,False,False,False,False,False,False,False,,False,,,52510502912.0,Bond,unknown,54.0,True,,False,True,168.0,True,True,False,441.0,,0,0,False,Bond,Bond,Bond,Bond,Bond
2026-08-26,XLU,43.310001373291016,43.70500183105469,43.27999877929688,43.5099983215332,12221210.0,251,531744826.5871048,878668615.5137157,887559173.6580349,-0.0311734921094545,-0.0299550122855744,-0.0689617651735621,0.0,0.0,0.0,-0.0,-0.0,-0.0,-0.0,-0.0,44.742560119628905,44.870641428629554,-0.000345695287234,45.2400016784668,47.40728211653791,0.9177914526839084,0.6427499771118164,0.0147724661435741,42.70000076293945,42.70000076293945,42.70000076293945,-0.0186163546274577,State Street Utilities Select Sector SPDR ETF,P,True,False,False,False,False,False,False,False,False,,False,,,23111417856.0,Sector,unknown,117.0,True,,False,True,36.0,True,True,False,442.0,,0,0,False,Sector,Sector,Sector,Sector,Sector
2026-08-26,VNQI,45.84999847412109,45.84999847412109,45.63150024414063,45.65999984741211,153644.0,251,7015385.016555786,11626157.331653597,13071199.54895625,-0.0058785207047613,-0.0050119752733797,-0.09905288925681,0.0,0.0,0.0,-0.0,-0.0,-0.0,-0.0,-0.0,45.48500007629394,46.50433321634928,0.0031493837421705,46.630001068115234,50.880001068115234,0.8974056385392979,0.3404251098632812,0.0074556528909532,45.04999923706055,45.04999923706055,45.04999923706055,-0.0133596279542286,Vanguard Global ex-U.S. Real Estate ETF,Q,True,False,False,False,False,False,False,False,False,,False,,,3710765056.0,REIT / Infra,unknown,447.0,True,,False,True,436.0,True,True,False,443.0,,0,0,False,REIT / Infra,REIT / Infra,REIT / Infra,REIT / Infra,REIT / Infra
2026-08-26,BLV,66.66999816894531,66.70999908447266,66.55000305175781,66.70999908447266,231258.0,251,15427220.968276978,46675347.31256638,45266229.41950892,0.0115555104114704,-0.0121725449720213,-0.0396277357575416,0.1198318503064629,0.0,0.0,0.001384718193842,-0.0,-0.0,-0.0,-0.0,66.95032989501954,67.58174331665039,-0.0048796666274839,66.83000183105469,69.94104060264091,0.9538033536486122,0.4533749807514048,0.0067962072698773,65.23999786376953,65.23999786376953,65.23999786376953,-0.0220356954111438,Vanguard Long-Term Bond ETF,P,True,False,False,False,False,False,False,False,False,,False,,,8673027072.0,Bond,unknown,270.0,True,,False,True,294.0,True,True,False,444.0,,0,0,False,Bond,Bond,Bond,Bond,Bond
2026-08-26,VTEB,49.58000183105469,49.62919998168945,49.5,49.5099983215332,5625410.0,251,278514039.6579361,377896791.1910992,353139610.38893384,-0.000962801367104,-0.0056013485284124,-0.0137153890352119,0.0,0.0,0.0,-0.0,-0.0,-0.0,-0.0,-0.0,49.88038154602051,49.77371335347493,-0.0016614123643869,49.959999084472656,50.60184424489237,0.9784228037603714,0.1355172827076121,0.0027371700121563,49.43999862670898,49.388197078914025,49.388197078914025,-0.0024601342506247,Vanguard Tax-Exempt Bond ETF,P,True,False,False,False,False,False,False,False,False,,False,,,48785248256.0,Bond,unknown,58.0,True,,False,True,75.0,True,True,False,445.0,,0,0,False,Bond,Bond,Bond,Bond,Bond
2026-08-26,BNDX,47.84000015258789,47.84000015258789,47.77000045776367,47.77999877929688,3641421.0,251,173987090.934906,187039971.1518745,204585299.60228088,0.0018681984251334,-0.002014338687613,-0.0118810253393818,0.0466824966621095,0.0,0.0,8.721216674544901e-05,-0.0,-0.0,-0.0,-0.0,47.88559494018555,47.80303258260091,-0.0005396164428089,48.02000045776367,48.55174123771738,0.984104741895004,0.1234215448729092,0.0025831215576838,47.540000915527344,47.540000915527344,47.540000915527344,-0.0050229776036228,Vanguard Total International Bond ETF,Q,True,False,False,False,False,False,False,False,False,,False,,,123285929984.0,Bond,unknown,24.0,True,,False,True,116.0,True,True,False,446.0,,0,0,False,Bond,Bond,Bond,Bond,Bond
2026-08-26,VPU,187.38999938964844,189.0699005126953,187.38999938964844,188.0500030517578,137234.0,251,25806854.11880493,52291030.17969513,46571353.31898765,-0.0280146696373997,-0.032679064979884,-0.0684233871741931,0.0,0.0,0.0,-0.0,-0.0,-0.0,-0.0,-0.0,193.3578530883789,194.09179626464845,-0.0008239734632528,194.94000244140625,204.4856368333461,0.9196245074416488,2.6449928283691406,0.0140653697710451,184.7700042724609,184.7700042724609,184.7700042724609,-0.0174421628613008,Vanguard Utilities ETF,P,True,False,False,False,False,False,False,False,False,,False,,,10763640832.0,Sector,unknown,229.0,True,,False,True,289.0,True,True,False,447.0,,0,0,False,Sector,Sector,Sector,Sector,Sector
2026-08-26,BOTZ,35.709999084472656,35.8650016784668,35.54999923706055,35.630001068115234,394224.0,251,14046201.54107666,24320836.551300813,31303683.11717829,0.0578978843607607,-0.1103614106674438,-0.1011643821247385,0.2108109802291376,0.0,0.0,0.0122055097552852,-0.0,-0.0,-0.0,,36.33902114868164,37.08631820678711,-0.010186130269387,38.150001525878906,41.68914992307781,0.854658853295341,0.629100227355957,0.0176564751191918,35.2400016784668,34.125,34.125,-0.0422397143698667,Global X Robotics & Artificial Intelligence ETF,Q,True,False,False,False,False,False,False,False,False,,False,,,3517117696.0,Industry / Theme,unknown,458.0,True,,False,True,345.0,True,True,False,448.0,,0,0,False,Industry / Theme,Industry / Theme,Industry / Theme,Industry / Theme,Industry / Theme
2026-08-26,VOX,190.1199951171875,190.30999755859372,187.72999572753903,187.97000122070312,181002.0,251,34022946.16094971,50496574.333041385,56533051.33797879,0.0170986618898012,-0.0526734049259929,-0.0073606690781875,0.0776414607664945,0.0,0.0,0.0013275650862765,-0.0,-0.0,-0.0,,186.34240203857425,189.2244916788737,-0.0017016416322399,190.9600067138672,199.16970205639092,0.9437680494570564,3.0834991455078127,0.0164042087858868,183.75999450683597,178.00999450683594,178.00999450683594,-0.0529872141787813,Vanguard Communication Services  ETF,P,True,False,False,False,False,False,False,False,False,,False,,,5931463168.0,Sector,unknown,349.0,True,,False,True,268.0,True,True,False,449.0,,0,0,False,Sector,Sector,Sector,Sector,Sector
2026-08-26,SCHI,22.299999237060547,22.309999465942383,22.280000686645508,22.309999465942383,1725343.0,251,38492401.40856743,38765929.66768217,41290962.05973837,0.0068598444733498,-0.0013835824951458,-0.0133816247987961,0.1473398512032421,0.0,0.0,0.0010107284639807,-0.0,-0.0,-0.0,-0.0,22.30053894042969,22.338658548990885,-0.0007759483947414,22.36000061035156,22.68084785944173,0.983649271147288,0.0763179637178977,0.0034207963041147,22.13999938964844,22.118181417910648,22.118181417910648,-0.0085978508571709,Schwab 5-10 Year Corporate Bond ETF,P,True,False,False,False,False,False,False,False,False,,False,,,11602564096.0,Bond,unknown,211.0,True,,False,True,304.0,True,True,False,450.0,,0,0,False,Bond,Bond,Bond,Bond,Bond
2026-08-26,EVTR,50.310001373291016,50.369998931884766,50.290000915527344,50.369998931884766,473763.0,251,23863441.80396652,29984932.566367917,27170160.03252417,0.0033864176566071,-0.0009404067090668,-0.0132126975339347,0.0651333828318201,0.0,0.0,0.0002205688376562,-0.0,-0.0,-0.0,-0.0,50.37625938415528,50.45268391927083,-0.0008923219458129,50.43999862670898,51.328515074228,0.9813258548205206,0.2042503356933593,0.0040549998019568,49.9900016784668,49.45000076293945,49.45000076293945,-0.0182648042178723,Eaton Vance Total Return Bond ETF,N,True,False,False,False,False,False,False,False,False,,False,,,5577608192.0,Bond,unknown,361.0,True,,False,True,369.0,True,True,False,451.0,,0,0,False,Bond,Bond,Bond,Bond,Bond
2026-08-26,PZA,22.799999237060547,22.799999237060547,22.71999931335449,22.75,760691.0,251,17305720.25,32610990.650180053,29307752.12990691,-0.006116181449605,-0.0131672003110857,-0.0174460133112728,0.0,0.0,0.0,-0.0,-0.0,-0.0,-0.0,-0.0,23.12508354187012,23.02301705678304,-0.0031414051407895,23.170000076293945,23.504196443820923,0.967912264279122,0.090500259399414,0.003978033380194,22.71999931335449,22.71999931335449,22.71999931335449,-0.0013187115009014,Invesco National AMT-Free Municipal Bond ETFo,P,True,False,False,False,False,False,False,False,False,,False,,,4290295296.0,Bond,unknown,407.0,True,,False,True,357.0,True,True,False,452.0,,0,0,False,Bond,Bond,Bond,Bond,Bond
2026-08-26,NLR,124.91999816894533,128.62989807128906,123.1999969482422,123.70999908447266,341114.0,251,42199212.627700806,39076924.269767,50761261.12097338,0.2045764631017359,-0.0664805682459451,-0.1803484722203687,0.4659571390017148,0.0,0.0,0.0953238634539747,-0.0,-0.0,-0.0,,114.73219985961914,131.12999979654947,-0.010825278859001,128.62989807128906,154.25999450683594,0.8019577563189303,3.773494720458984,0.0305027463291979,113.1999969482422,104.69000244140624,104.69000244140624,-0.1537466395911862,VanEck Uranium and Nuclear ETF,P,True,False,False,False,False,False,False,False,False,,False,,,4214125568.0,Commodity,unknown,411.0,True,,False,True,282.0,True,True,False,453.0,,0,0,False,Commodity,Commodity,Commodity,Commodity,Commodity
2026-08-26,MUNI,51.79999923706055,51.79999923706055,51.709999084472656,51.7400016784668,258577.0,251,13378774.414012907,16888736.435773276,16304880.377499232,0.0009723874007345,-0.0027134825243828,-0.0126402692879142,0.0408748255002326,0.0,0.0,3.974616532365059e-05,-0.0,-0.0,-0.0,-0.0,51.94763549804688,51.912651697794594,-0.0010550842170459,52.02999877929688,52.49090372643917,0.9856946252652504,0.1099588828860529,0.0021252199327201,51.630001068115234,51.50028985359814,51.50028985359814,-0.0046330076747643,PIMCO Intermediate Municipal Bond Active Exchange-Traded Fund,P,True,False,False,False,False,False,False,False,False,,False,,,3086858752.0,Bond,unknown,498.0,True,,False,True,418.0,True,True,False,454.0,,0,0,False,Bond,Bond,Bond,Bond,Bond
2026-08-26,MUB,105.62999725341795,105.62999725341795,105.41000366210938,105.4499969482422,2449293.0,251,258277939.37535092,445753914.9584984,409350948.2375743,-0.000318965377574,-0.0055319925390123,-0.0146446536320551,0.0,0.0,0.0,-0.0,-0.0,-0.0,-0.0,-0.0,106.1344792175293,105.993357035319,-0.0016378246668947,106.3000030517578,107.29872058281757,0.982770310544864,0.2787238556281565,0.0026431850516312,105.0500030517578,105.0500030517578,105.0500030517578,-0.0037932091802781,iShares National Muni Bond ETF,P,True,False,False,False,False,False,False,False,False,,False,,,45820870656.0,Bond,unknown,67.0,True,,False,True,70.0,True,True,False,455.0,,0,0,False,Bond,Bond,Bond,Bond,Bond
2026-08-26,AIRR,111.04000091552734,112.7300033569336,111.04000091552734,112.66999816894533,706965.0,251,79653745.25550842,77370179.57169724,84646217.9396166,0.0209314746812085,-0.1294908093583786,-0.0525545176855765,0.0637944526452987,0.0,0.0,0.0013353119703466,-0.0,-0.0,-0.0,,122.91460006713868,120.98517791748048,-0.0171329595165988,125.1999969482422,135.0500030517578,0.8342835662563045,2.782149887084961,0.0246929078929531,110.81900024414062,110.81900024414062,110.81900024414062,-0.0164284898809456,First Trust RBA American Industrial Renaissance ETF,Q,True,False,False,False,False,False,False,False,False,,False,,,11489859584.0,Other,unknown,214.0,True,,False,True,213.0,True,True,False,456.0,,0,0,False,Other,Other,Other,Other,Other
2026-08-26,PPA,170.8699951171875,173.1999969482422,171.15499877929688,172.41000366210938,155758.0,251,26854237.350402832,30009034.997784425,33834814.72446405,0.0087175609005756,-0.010869866852907,-0.0364516715241777,0.0414235772775034,0.0,0.0,0.0003611125576363,-0.0,-0.0,-0.0,-0.0,176.05498352050782,173.96873738606772,0.0061523127405285,185.67999267578125,186.1048776969368,0.9264131375582272,3.00899658203125,0.0174525637614874,170.3300018310547,169.08999633789062,169.08999633789062,-0.0192564657137026,Invesco Aerospace & Defense ETF,P,True,False,False,False,False,False,False,False,False,,False,,,8324131840.0,Industry / Theme,unknown,274.0,True,,False,True,333.0,True,True,False,457.0,,0,0,False,Industry / Theme,Industry / Theme,Industry / Theme,Industry / Theme,Industry / Theme
2026-08-26,PGX,10.649999618530272,10.649999618530272,10.609999656677246,10.609999656677246,2773761.0,251,29429603.25770473,38768516.35837798,32616682.88072028,-0.0065543676496536,-0.0273402638477399,-0.047241542200107,0.0,0.0,0.0,-0.0,-0.0,-0.0,-0.0,,10.74236166000366,10.879596220652262,-0.0033070415762719,10.779999732971191,11.145837783813477,0.9519248227428538,0.0500000476837158,0.0047125399907293,10.539999961853027,10.539999961853027,10.539999961853027,-0.0065975209320733,Invesco Preferred ETF,P,True,False,False,False,False,False,False,False,False,,False,,,3857212160.0,Other,unknown,440.0,True,,False,True,337.0,True,True,False,458.0,,0,0,False,Other,Other,Other,Other,Other
2026-08-26,PFF,30.600000381469727,30.71999931335449,30.600000381469727,30.690000534057617,1750070.0,251,53709649.23463821,74401587.99522686,88765781.90368259,0.0243752611805654,-0.0087920246513285,-0.0087914751034798,0.2956260090662503,0.0,0.0,0.007205961182758,-0.0,-0.0,-0.0,-0.0,30.44183753967285,30.571182645161947,-0.0011617679331623,30.989999771118164,31.356771573399424,0.978735979315312,0.1943694556960551,0.0063333154875757,30.3799991607666,30.019445675632102,30.019445675632102,-0.0218492944528098,iShares Preferred and Income Securities ETF,Q,True,False,False,False,False,False,False,False,False,,False,,,13096669184.0,Other,unknown,197.0,True,,False,True,207.0,True,True,False,459.0,,0,0,False,Other,Other,Other,Other,Other
2026-08-26,EWZ,35.97999954223633,36.1150016784668,35.69499969482422,35.720001220703125,22043701.0,251,787401026.6288147,787330978.464257,730471238.9167776,0.0070482095121575,-0.001383207877694,-0.0891625744182237,0.0349650275031611,0.0,0.0,0.0002464408394406,-0.0,-0.0,-0.0,,35.04679985046387,36.60619071960449,0.001931526547855,36.84000015258789,41.62374534901532,0.8581640340433262,0.7100000381469727,0.0198768200975161,33.439998626708984,33.439998626708984,33.439998626708984,-0.0638298576729237,iShares MSCI Brazil ETF,P,True,False,False,False,False,False,False,False,False,,False,,,9067350016.0,Country / Region,unknown,266.0,True,,False,True,42.0,True,True,False,460.0,,0,0,False,Country / Region,Country / Region,Country / Region,Country / Region,Country / Region
2026-08-26,SCHP,26.049999237060547,26.059999465942383,26.030000686645508,26.059999465942383,2691578.0,251,70142521.24254227,137955675.2752409,118323479.1018262,0.0052621413869407,-0.0018481553841497,-0.0013584736971322,0.1632548711674366,0.0,0.0,0.0008590702141898,-0.0,-0.0,-0.0,-0.0,25.979755401611328,26.00781593322754,-0.0007077821668427,26.100000381469727,26.24489532029274,0.9929549784026992,0.0744380125345701,0.0028564088280912,25.8700008392334,25.81449782008404,25.81449782008404,-0.009420631269743,Schwab U.S. TIPS ETF,P,True,False,False,False,False,False,False,False,False,,False,,,16518061056.0,Other,unknown,159.0,True,,False,True,166.0,True,True,False,461.0,,0,0,False,Other,Other,Other,Other,Other
2026-08-26,SPTL,25.40999984741211,25.43000030517578,25.36000061035156,25.40999984741211,3657440.0,251,92935549.84191896,140148224.4831295,131888904.6126841,0.0096822850532263,-0.0087180730755559,-0.046135710466886,0.092920141570984,0.0,0.0,0.0008996792978764,-0.0,-0.0,-0.0,-0.0,25.503766136169432,25.78409220377604,-0.0042576351327296,25.479999542236328,26.913232286837832,0.9441452285104792,0.1840836157599897,0.0072445343119015,24.850000381469727,24.850000381469727,24.850000381469727,-0.0220385466078393,State Street SPDR Portfolio Long Term Treasury ETF,P,True,False,False,False,False,False,False,False,False,,False,,,10471982080.0,Bond,unknown,239.0,True,,False,True,152.0,True,True,False,462.0,,0,0,False,Bond,Bond,Bond,Bond,Bond
2026-08-26,EDV,61.0099983215332,61.08000183105469,60.81999969482422,61.08000183105469,590376.0,251,36060167.16101074,91167476.69152376,70428509.82692997,0.014449472841902,-0.0211148236604284,-0.0823096849669925,0.082464691461589,0.0,0.0,0.00119157131969,-0.0,-0.0,-0.0,-0.0,61.65524436950684,63.00731147766113,-0.0097956911224382,61.22999954223633,67.54321477537628,0.904309959692978,0.7375003814697265,0.0120743346326286,58.33000183105469,58.33000183105469,58.33000183105469,-0.0450229194099635,Vanguard Extended Duration Treasury ETF,P,True,False,False,False,False,False,False,False,False,,False,,,4162188800.0,Bond,unknown,416.0,True,,False,True,237.0,True,True,False,463.0,,0,0,False,Bond,Bond,Bond,Bond,Bond
2026-08-26,SCMB,25.32999992370605,25.350000381469727,25.26000022888184,25.26000022888184,1050003.0,251,26523076.02032661,34907040.00441027,30514915.681404386,-0.0018889739436303,-0.0042849494383936,-0.0154293462163862,0.0,0.0,0.0,-0.0,-0.0,-0.0,-0.0,-0.0,25.44590805053711,25.409797490437825,-0.0015037127857071,25.479999542236328,25.985604695947757,0.9720766756996396,0.0866741443351932,0.0034312804255675,25.239999771118164,25.17822800833873,25.17822800833873,-0.0032372216865464,Schwab Municipal Bond ETF,P,True,False,False,False,False,False,False,False,False,,False,,,3980585728.0,Bond,unknown,424.0,True,,False,True,349.0,True,True,False,464.0,,0,0,False,Bond,Bond,Bond,Bond,Bond
2026-08-26,SLV,61.59000015258789,61.95800018310547,61.01499938964844,61.59000015258789,12529198.0,251,771673306.7318039,952000349.6257212,1044484573.1438591,0.1896851382652744,-0.0875555532949942,-0.230509752022757,0.4303241254617086,0.0,0.0,0.0816260912370875,-0.0,-0.0,-0.0,,55.64599990844727,66.47026679992676,-0.0079972061922302,63.209999084472656,85.2699966430664,0.7222939202214216,1.764250373840332,0.0286450782508433,57.22999954223633,51.119998931884766,51.119998931884766,-0.1699951484780634,iShares Silver Trust,P,True,False,False,False,False,False,False,False,False,,False,,,28194189312.0,Commodity,unknown,99.0,True,,False,True,31.0,True,True,False,465.0,,0,0,False,Commodity,Commodity,Commodity,Commodity,Commodity
2026-08-26,SIVR,64.80000305175781,65.12000274658203,64.15499877929688,64.7699966430664,751557.0,251,48678344.36707306,78459178.69553795,71339917.433473,0.1899686988777655,-0.0868462376371916,-0.2292038845176766,0.436655104443412,0.0,0.0,0.0829508020494498,-0.0,-0.0,-0.0,,58.48939994812012,69.8345332590739,-0.007921108578962,66.44999694824219,89.58000183105469,0.7230408050808121,1.8367498397827149,0.0283580351239579,60.18000030517578,53.72999954223633,53.72999954223633,-0.1704492461481686,abrdn Physical Silver Shares ETF,P,True,False,False,False,False,False,False,False,False,,False,,,3950569728.0,Commodity,unknown,430.0,True,,False,True,232.0,True,True,False,466.0,,0,0,False,Commodity,Commodity,Commodity,Commodity,Commodity
2026-08-26,FIMU,19.799999237060547,19.809999465942383,19.799999237060547,19.809999465942383,543.0,48,10756.829710006714,80694.24086904526,,0.0035498655671639,,,0.1797116903826681,,,0.0006379523417062,,,,,,,,20.049999237060547,,,0.0694937391223829,0.0035080131749552,19.799999237060547,19.71000099182129,19.71000099182129,-0.0050478786883872,Fidelity Intermediate Municipal Income ETF,Q,True,False,False,False,False,False,False,False,False,,False,,,13629500416.0,Bond,unknown,189.0,True,,False,True,,False,False,False,,,0,0,False,Bond,Bond,Bond,Bond,Bond
2026-08-26,FREI,25.0,25.030000686645508,24.9689998626709,24.9950008392334,21276.0,48,531793.6378555298,283499.23447647097,,0.0014023139440944,,,0.0395499951508098,,,5.5461509688846585e-05,,,,,,,,25.030000686645508,,,0.0745499610900879,0.0029825948624522,24.84000015258789,24.790000915527344,24.790000915527344,-0.0082016370003187,Fidelity Real Estate Income ETF,Q,True,False,False,False,False,False,False,False,False,,False,,,4103114240.0,Bond,unknown,417.0,True,,False,True,,False,False,False,,,0,0,False,Bond,Bond,Bond,Bond,Bond
2026-08-26,DLCU,49.6150016784668,49.69499969482422,49.6150016784668,49.69499969482422,936.0,16,46514.51971435547,,,,,,,,,,,,,,,,,,,,,,49.43000030517578,,,,U.S. Large Company Portfolio: ETF Class Shares,Q,True,False,False,False,False,False,False,False,False,,False,,,14329477120.0,Other,unknown,178.0,True,,False,True,,False,False,False,,,0,0,False,Other,Other,Other,Other,Other
2026-08-26,DRAM,55.79999923706055,56.73500061035156,55.72499847412109,56.38999938964844,15151479.0,101,854391891.5622711,2909032507.067871,3637798727.939297,0.2573021473386681,-0.0714638594648682,,0.2656537348108081,0.0,,0.068353276415358,-0.0,,,-0.0,59.29120002746582,,-0.0239264072537552,62.040000915527344,,,3.525000190734864,0.062511087584476,53.130001068115234,47.68000030517578,47.68000030517578,-0.1544599960763886,Roundhill Memory ETF,Z,True,False,False,False,False,False,False,False,False,,False,,,25910761472.0,Other,unknown,108.0,True,,False,True,9.0,False,False,False,,,0,0,False,Other,Other,Other,Other,Other
