date,symbol,open,high,low,close,volume,history_days,dollar_volume,avg_dollar_vol_20,avg_dollar_vol_63,r20,r63,r126,er20,er63,er126,te20,te63,te126,score,surge_ratio,ma50,ma150,ma50_slope_10,hhv20,hhv126,hhv126_ratio,atr20,atr20_pct,low10,low20,suggested_stop,stop_distance_pct,name,exchange,is_etf,is_test_issue,exclude_leveraged,exclude_inverse,exclude_volatility,exclude_single_stock,exclude_option_income,exclude_buffer,exclude_by_name,exclude_reason,exclude_income_oriented,income_exclusion_reason_category,income_exclusion_matched_keyword,aum,asset_group,category,aum_rank,aum_eligible,manual_action,excluded_product_type,base_universe_eligible,dollar_vol_rank,liquidity_eligible,eligible_universe,signal_surge_v0,rank_score,signal_streak_start_date,signal_streak_trading_days,signal_streak_calendar_days,is_first_signal_today,group,Group,assetGroup,AssetGroup,Asset Group
2026-10-06,BTC,38.0,38.33000183105469,37.75,37.84000015258789,1159600.0,250,43879264.17694092,67861735.94495773,57625234.524051726,0.0911187952596557,0.3754998123504531,0.2398427124846964,0.3067961244154346,0.3064372476943064,0.1030985817117512,0.0279548932470658,0.1150671290064014,0.0247274434910715,0.0834482390760359,1.3798981414716536,33.13100009918213,31.69640005747477,0.0547243159250874,38.54999923706055,38.54999923706055,0.981582383955274,1.0338998794555665,0.0273229353934042,36.4900016784668,33.11000061035156,33.11000061035156,-0.1249999873985951,Grayscale Bitcoin Mini Trust (BTC),P,True,False,False,False,False,False,False,False,False,,False,,,3187986688.0,Crypto,unknown,489.0,True,,False,True,263.0,True,True,True,2.0,,0,0,False,Crypto,Crypto,Crypto,Crypto,Crypto
2026-10-06,IBIT,48.68999862670898,49.09999847412109,48.34000015258789,48.4900016784668,30372400.0,250,1472757726.979065,2064907501.0189629,1931372456.0022688,0.0923631976839913,0.3763838293648966,0.2401535440099982,0.312500199893642,0.3055299923969746,0.1025445325375501,0.0288635177390632,0.114996548524201,0.0246264329077412,0.0833670080584401,1.3876777190942016,42.44360008239746,40.60793332417806,0.0547090133339451,49.38999938964844,49.38999938964844,0.9817777339076,1.3493505477905274,0.0278273974238639,46.709999084472656,42.369998931884766,42.369998931884766,-0.1262116422920185,iShares Bitcoin Trust ETF,Q,True,False,False,False,False,False,False,False,False,,False,,,43234205696.0,Crypto,unknown,71.0,True,,False,True,16.0,True,True,True,3.0,,0,0,False,Crypto,Crypto,Crypto,Crypto,Crypto
2026-10-06,FBTC,74.77999877929688,75.41500091552734,74.2750015258789,74.4800033569336,1912800.0,250,142465350.42114258,253094662.39429477,237794565.75784835,0.0917619763151031,0.3749308819366297,0.2394741748677791,0.31051580506151,0.3051383102907881,0.1028298193127018,0.0284935439495194,0.1144057757899781,0.024625086131712,0.082982534409585,1.3820992219360984,65.19040023803711,62.37830014546712,0.0545980488419064,75.87000274658203,75.87000274658203,0.9816791967928188,2.042900466918945,0.0274288449898245,71.79000091552734,65.13999938964844,65.13999938964844,-0.1254028403103672,Fidelity Wise Origin Bitcoin Fund,Z,True,False,False,False,False,False,False,False,False,,False,,,10223253504.0,Crypto,unknown,244.0,True,,False,True,99.0,True,True,True,4.0,,0,0,False,Crypto,Crypto,Crypto,Crypto,Crypto
2026-10-06,GBTC,66.44499969482422,66.98999786376953,65.96499633789062,66.13999938964844,1313200.0,250,86855047.19848633,107047277.91007996,103612535.88246542,0.0905193359546245,0.3710612995101072,0.2316573268150552,0.3061906174192733,0.3044217337319216,0.1000482436178449,0.0277161713643291,0.1129591241176866,0.0231769086690513,0.0815353487106643,1.3817742090708522,57.95859992980957,55.59693328857422,0.0541530570760075,67.38999938964844,67.38999938964844,0.9814512537272406,1.8145002365112304,0.0274342342494066,63.77000045776367,57.900001525878906,57.900001525878906,-0.1245841841519456,Grayscale Bitcoin Trust (BTC),P,True,False,False,False,False,False,False,False,False,,False,,,8134695424.0,Crypto,unknown,281.0,True,,False,True,178.0,True,True,True,5.0,,0,0,False,Crypto,Crypto,Crypto,Crypto,Crypto
2026-10-06,IALT,30.100000381469727,30.239999771118164,30.040000915527344,30.09000015258789,2372600.0,205,71391534.36203003,104656093.91088486,55582223.04582141,0.0318930147476772,0.0719629668587469,0.1021963754694046,0.4581276437415555,0.3126934289802303,0.2044078747223837,0.014611071698168,0.0225023468666522,0.0208897439140317,0.021937935833235,1.7107640268449025,29.22679988861084,28.29731819152832,0.0084695882042777,30.31999969482422,30.31999969482422,0.9924142630425028,0.2522501945495605,0.0083831902050643,29.600000381469727,28.959999084472656,28.959999084472656,-0.0375540399596192,iShares Systematic Alternatives Active ETF,Q,True,False,False,False,False,False,False,False,False,,False,,,4825180672.0,Other,unknown,387.0,True,,False,True,269.0,True,True,True,47.0,,0,0,False,Other,Other,Other,Other,Other
2026-10-06,DBMF,32.9900016784668,33.07699966430664,32.880001068115234,33.040000915527344,1446000.0,250,47775841.32385254,106204325.96191406,73011345.08950673,0.060333795806208,0.0727273290244592,0.0912884100505895,0.456310634665205,0.2267206180730776,0.1439360445382965,0.0275309526560916,0.0164887849872294,0.0131396926548719,0.0153166026709043,1.4032641048150207,31.644000129699705,30.91923657735189,0.0099836592567166,33.29999923706055,33.29999923706055,0.9921922424177162,0.3510000228881836,0.010623487081177,32.09000015258789,31.165000915527344,31.165000915527344,-0.0567493931006167,iMGP DBi Managed Futures Strategy ETF,P,True,False,False,False,False,False,False,False,False,,False,,,3887484160.0,Other,unknown,440.0,True,,False,True,227.0,True,True,True,107.0,,0,0,False,Other,Other,Other,Other,Other
2026-10-06,ETHA,61.310001373291016,61.650001525878906,60.68999862670898,60.88999938964844,9033300.0,250,550037631.4865112,763527023.320729,632927897.4112672,0.0842236388014214,0.5481819617300432,0.2725183141349485,0.2359103003528358,0.3413553121783085,0.0975609909240678,0.0198692239264521,0.1871248246768764,0.0265871567719619,0.1309366409101564,1.0124874784207536,52.74940017700195,48.17923347473145,0.0727571496271928,62.8650016784668,62.8650016784668,0.96858343695082,2.045999908447265,0.0336015754468063,59.65499877929688,53.25,53.25,-0.1254721541506086,iShares Ethereum Trust ETF,Q,True,False,False,False,False,False,False,False,False,,False,,,4276033536.0,Crypto,unknown,410.0,True,,False,True,46.0,True,True,False,1.0,,0,0,False,Crypto,Crypto,Crypto,Crypto,Crypto
2026-10-06,CIBR,107.53800201416016,109.06999969482422,107.0999984741211,108.12999725341795,2424600.0,250,262171991.3406372,191326993.80825043,161574022.99333602,0.1502298704304689,0.1797197918745021,0.6586376617596581,0.5252706316075925,0.1697255920737884,0.2363809347324648,0.0789113389273392,0.0305030480832779,0.1556893861367529,0.0743182664019941,1.113836034006607,98.13680755615236,83.93992884318034,0.0268993194160143,109.06999969482422,109.06999969482422,0.9913816590809904,2.517054752878784,0.0232780432517695,99.1500015258789,93.4473013640771,93.4473013640771,-0.1357874434689006,First Trust NASDAQ Cybersecurity ETF,Q,True,False,False,False,False,False,False,False,False,,False,,,13836617728.0,Industry / Theme,unknown,181.0,True,,False,True,134.0,True,True,False,6.0,,0,0,False,Industry / Theme,Industry / Theme,Industry / Theme,Industry / Theme,Industry / Theme
2026-10-06,EWT,118.29000091552734,118.47000122070312,117.56999969482422,117.61000061035156,2912200.0,250,342503843.7774658,467955749.63344574,506283184.33411616,0.0544199358526205,0.1319537909829369,0.6375661530227943,0.1939915806054015,0.1340569036324707,0.2022079656391934,0.0105570093724944,0.0176893166417387,0.1289209547631459,0.0566203899842312,2.6741881096364097,107.57720016479492,96.19026667277018,0.0287931880039171,118.47000122070312,118.47000122070312,0.9927407731789466,2.2080001831054688,0.0187739152422989,111.75,106.19000244140624,106.19000244140624,-0.0971005706120213,iShares MSCI Taiwan ETF,P,True,False,False,False,False,False,False,False,False,,False,,,11151458304.0,Country / Region,unknown,222.0,True,,False,True,56.0,True,True,False,7.0,,0,0,False,Country / Region,Country / Region,Country / Region,Country / Region,Country / Region
2026-10-06,ARTY,81.30000305175781,81.97000122070312,81.05000305175781,81.23999786376953,433700.0,250,35233787.073516846,32612575.88645935,33982758.8132828,0.0587774574419903,0.1429374756751338,0.6801922575029877,0.2073560692798132,0.1247237668798982,0.1677846936426264,0.0121878625374326,0.0178277003945065,0.1141258495432252,0.051532052596558,3.862764774931667,74.61200042724609,67.03352132161459,0.0321206268123928,81.97000122070312,81.97000122070312,0.9910942619731324,1.616950225830078,0.0199033760259512,76.69999694824219,71.81700134277344,71.81700134277344,-0.1159896204920809,iShares Future AI & Tech ETF,P,True,False,False,False,False,False,False,False,False,,False,,,3930527488.0,Other,unknown,436.0,True,,False,True,343.0,True,True,False,8.0,,0,0,False,Other,Other,Other,Other,Other
2026-10-06,EWZ,43.54999923706055,43.560001373291016,42.619998931884766,43.0,61465000.0,250,2642995000.0,1425711027.0523453,997898023.3798678,0.1137010960955917,0.2496367390490972,0.1286885267240893,0.350919155875639,0.2845313197526398,0.0860162677368688,0.0398998926639999,0.0710294708203849,0.0110693067693624,0.0500434134025271,3.703531135299696,36.62859992980957,36.630065002441405,0.0134916029605571,43.900001525878906,43.900001525878906,0.9794988270023554,1.0645000457763671,0.024755815018055,35.970001220703125,35.970001220703125,35.970001220703125,-0.1634883437045785,iShares MSCI Brazil ETF,P,True,False,False,False,False,False,False,False,False,,False,,,9067350016.0,Country / Region,unknown,266.0,True,,False,True,31.0,True,True,False,9.0,,0,0,False,Country / Region,Country / Region,Country / Region,Country / Region,Country / Region
2026-10-06,RSPT,69.16999816894531,69.44999694824219,68.91999816894531,69.29000091552734,820100.0,250,56824729.750823975,41956890.043525696,37814681.18372115,0.0832086115880093,0.1259598948076787,0.4816747956125879,0.4278473311842286,0.1753143175432862,0.2071870777889691,0.0356005823994748,0.0220825729960323,0.099796793347571,0.0492825501190708,4.183620494605982,64.49208190917969,58.62996739705404,0.0216413689560874,69.44999694824219,69.44999694824219,0.9976962413283604,1.0384274592993048,0.0149866856051173,64.80999755859375,62.93789108595189,62.93789108595189,-0.0916742639002043,Invesco S&P 500 Equal Weight Technology ETF,P,True,False,False,False,False,False,False,False,False,,False,,,5687853056.0,Sector,unknown,361.0,True,,False,True,321.0,True,True,False,10.0,,0,0,False,Sector,Sector,Sector,Sector,Sector
2026-10-06,VGT,130.1999969482422,130.66000366210938,129.75,129.8000030517578,6930600.0,250,899591901.1505127,536692539.3219757,482070937.8321572,0.0735325973959186,0.1254102258051115,0.4487388595041068,0.4220004381763895,0.1799953972510347,0.211037604116591,0.0310307883213257,0.022573263413133,0.0947007737837582,0.0478178920428518,2.8411674134458624,120.77029373168943,111.11594940185547,0.020675895644842,130.66000366210938,130.66000366210938,0.9934180270454028,1.877310241810786,0.0144630985953228,123.94000244140624,117.74291704649464,117.74291704649464,-0.0928897205068276,Vanguard Information Tech ETF,P,True,False,False,False,False,False,False,False,False,,False,,,169247817728.0,Other,unknown,14.0,True,,False,True,58.0,True,True,False,11.0,,0,0,False,Other,Other,Other,Other,Other
2026-10-06,FTEC,310.8900146484375,311.8299865722656,309.7699890136719,309.95001220703125,299500.0,250,92830028.65600586,75092304.27444458,74998232.56535606,0.0737948060661479,0.1250688459883668,0.4496977762895089,0.4178262392136557,0.1788353147500019,0.2107803956387028,0.0308334062921196,0.0223667264377491,0.0947874752041475,0.0477139885059885,2.8765905623994112,288.2558270263672,265.27345021565753,0.0206196601537282,311.8299865722656,311.8299865722656,0.9939711559305132,4.423029597397528,0.0142701384842764,295.8399963378906,281.05788536255994,281.05788536255994,-0.093215440253549,Fidelity MSCI Information Technology Index ETF,P,True,False,False,False,False,False,False,False,False,,False,,,20956467200.0,Country / Region,unknown,130.0,True,,False,True,222.0,True,True,False,12.0,,0,0,False,Country / Region,Country / Region,Country / Region,Country / Region,Country / Region
2026-10-06,IYW,273.6700134277344,274.44000244140625,272.45001220703125,272.5899963378906,639200.0,250,174239525.6591797,147687082.07977295,132069787.94889905,0.0773004786820703,0.1123753630118147,0.4560002764569144,0.4858336851823917,0.1703275810274419,0.220570700567236,0.0375551764244731,0.019140623748883,0.1005803004369549,0.0476445105897082,2.6493146625321438,253.34378540039063,233.4791237386068,0.0202994777398233,274.44000244140625,274.44000244140625,0.9932589779658284,3.746850892033076,0.0137453719592433,261.2699890136719,247.8616301407104,247.8616301407104,-0.0907163378311507,iShares U.S. Technology ETF,P,True,False,False,False,False,False,False,False,False,,False,,,25393864704.0,Sector,unknown,109.0,True,,False,True,151.0,True,True,False,13.0,,0,0,False,Sector,Sector,Sector,Sector,Sector
2026-10-06,IGV,110.75,112.33999633789062,110.63999938964844,111.16000366210938,5143900.0,250,571795942.8375244,821003064.6370697,1105790565.313769,0.0827975813051451,0.2019896153450482,0.3811285241377689,0.3518211387248555,0.1922602003697696,0.1529763540360282,0.0291299393384399,0.0388345639188516,0.0583036520417282,0.0456487447618584,1.3627346694653877,103.82400009155272,93.56870915730794,0.0322221470582146,112.33999633789062,112.33999633789062,0.9894962371884708,2.3000003814697267,0.0206908987558239,103.56999969482422,100.58999633789062,100.58999633789062,-0.0950882239654127,iShares Expanded Tech-Software Sector ETF,Z,True,False,False,False,False,False,False,False,False,,False,,,13542322176.0,Industry / Theme,unknown,192.0,True,,False,True,28.0,True,True,False,14.0,,0,0,False,Industry / Theme,Industry / Theme,Industry / Theme,Industry / Theme,Industry / Theme
2026-10-06,XLK,202.47999572753903,203.25,201.8699951171875,202.0,6124000.0,250,1237048000.0,1407531725.0590515,1376185569.1109793,0.0764664134417789,0.1148607172774511,0.4733091459478711,0.4201310642221837,0.153290292735334,0.1989712879486112,0.032125915656548,0.0176070329752509,0.0941749303671051,0.0444057970623998,3.686608244851559,187.19389404296876,172.65603627522788,0.020723670619501,203.25,203.25,0.993849938499385,3.0245228591226847,0.0149728854412014,192.6100006103516,181.86776818827497,181.86776818827497,-0.0996645139194308,State Street Technology Select Sector SPDR ETF,P,True,False,False,False,False,False,False,False,False,,False,,,123912577024.0,Sector,unknown,23.0,True,,False,True,22.0,True,True,False,15.0,,0,0,False,Sector,Sector,Sector,Sector,Sector
2026-10-06,VFLO,52.16999816894531,52.31999969482422,52.040000915527344,52.150001525878906,2395300.0,250,124914898.65493774,129333535.4838562,108366755.17873009,-0.0337940715222835,0.1116550245252998,0.3159562319830804,0.0,0.2134199405359104,0.2487751335144828,-0.0,0.0238294086947251,0.0786020537963237,0.0429998344802846,0.5802954407363158,52.942083511352536,46.49236460367838,0.0150511053997557,54.720001220703125,56.32937581254435,0.9258047115491964,0.597749900817871,0.0114621262383136,50.65499877929688,50.65499877929688,50.65499877929688,-0.0286673576766848,VictoryShares Free Cash Flow ETF,Q,True,False,False,False,False,False,False,False,False,,False,,,7757980672.0,Factor / Style,unknown,292.0,True,,False,True,173.0,True,True,False,16.0,,0,0,False,Factor / Style,Factor / Style,Factor / Style,Factor / Style,Factor / Style
2026-10-06,IXN,153.5800018310547,154.0399932861328,152.8800048828125,152.94000244140625,155800.0,250,23828052.380371094,43975797.19802856,54075064.22361343,0.0669736734252863,0.1115633876885888,0.4864867249792759,0.3230149969451618,0.1400419828874977,0.1893999816447849,0.0216335009168751,0.0156235580295566,0.0921405767815063,0.042404514592739,3.482221817656166,141.84840103149415,130.6407917277018,0.0207740881426163,154.0399932861328,154.0399932861328,0.9928590567860952,2.3784996032714845,0.0155518475565784,145.8300018310547,137.8000030517578,137.8000030517578,-0.0989930636064218,iShares Global Tech ETF,P,True,False,False,False,False,False,False,False,False,,False,,,9455798272.0,Global Equity,unknown,256.0,True,,False,True,276.0,True,True,False,17.0,,0,0,False,Global Equity,Global Equity,Global Equity,Global Equity,Global Equity
2026-10-06,QTEC,340.9599914550781,342.510009765625,339.8900146484375,340.2799987792969,122200.0,250,41582215.85083008,87808527.12783813,67822626.73388284,0.0921461975805733,0.0875386968217399,0.5293010092913895,0.4656933381580647,0.1091451927848876,0.1916218824026238,0.0429118703498697,0.0095544279407466,0.1014256557580247,0.0417093576767939,5.779762979505089,316.17400024414064,290.42241149902344,0.0179872065712369,342.510009765625,342.510009765625,0.9934892092997396,5.251498413085938,0.0154328741974988,321.6400146484375,301.2200012207031,301.2200012207031,-0.1147878150309027,First Trust NASDAQ-100-Technology Sector Index Fund,Q,True,False,False,False,False,False,False,False,False,,False,,,4991772672.0,Sector,unknown,379.0,True,,False,True,241.0,True,True,False,18.0,,0,0,False,Sector,Sector,Sector,Sector,Sector
2026-10-06,IGM,174.57000732421875,175.16000366210938,174.1699981689453,174.19000244140625,194700.0,250,33914793.4753418,54560480.86608887,50148088.13173809,0.0755156851980731,0.1033008517064331,0.4196487836337881,0.4376121619445134,0.1497316966396413,0.1967104349831125,0.03304658226025,0.0154674117903242,0.0825492947687365,0.0389460708327685,3.2130252589909154,162.43933563232423,151.10516698201496,0.0187896086261891,175.16000366210938,175.16000366210938,0.9944621991298064,2.4678426583243267,0.0141675332897159,166.27000427246094,158.47061192332515,158.47061192332515,-0.0902427825808703,iShares Expanded Tech Sector ETF,P,True,False,False,False,False,False,False,False,False,,False,,,10708001792.0,Sector,unknown,232.0,True,,False,True,289.0,True,True,False,19.0,,0,0,False,Sector,Sector,Sector,Sector,Sector
2026-10-06,DRAM,60.79999923706055,61.290000915527344,59.43000030517578,59.52000045776367,24796700.0,129,1475899595.3510284,1617275646.069641,2710068205.112572,-0.0258592153161285,-0.0406189622916811,1.0217391093083732,0.0,0.0,0.0995301460902744,-0.0,-0.0,0.1016938428156092,0.0355928449854632,-0.0,56.69860000610352,,0.019264025732923,63.81999969482422,81.33999633789062,0.7317433383020385,2.2324993133544924,0.0375083887127774,58.27000045776367,54.290000915527344,54.290000915527344,-0.0878696152891936,Roundhill Memory ETF,Z,True,False,False,False,False,False,False,False,False,,False,,,25910761472.0,Other,unknown,108.0,True,,False,True,13.0,False,False,False,20.0,,0,0,False,Other,Other,Other,Other,Other
2026-10-06,HGER,35.15999984741211,35.7400016784668,35.13999938964844,35.7400016784668,1347500.0,250,48159652.26173401,52651534.72791672,46103571.94947137,0.0022434613403536,0.1540200991562645,0.1396683986884059,0.0177781846788194,0.2837597521831535,0.1322464133263781,3.988467002859974e-05,0.0437047051678063,0.0184706447815803,0.0348727840326272,0.6790623834850571,34.63079986572266,32.31993329366048,0.0199809122895873,36.47999954223633,36.47999954223633,0.9797149705851076,0.4224502563476562,0.0118200961529943,34.854000091552734,34.854000091552734,34.854000091552734,-0.0247901943286106,Harbor Commodity All-Weather Strategy ETF,N,True,False,False,False,False,False,False,False,False,,False,,,3212702208.0,Commodity,unknown,484.0,True,,False,True,300.0,True,True,False,21.0,,0,0,False,Commodity,Commodity,Commodity,Commodity,Commodity
2026-10-06,SOXX,593.5399780273438,596.3900146484375,588.6400146484375,589.4500122070312,4432600.0,250,2612796124.1088867,3550463780.553894,4300662627.686419,0.1162668527121246,0.0494731579109226,0.6969044455683873,0.3268528158277476,0.0396364733980919,0.13571110494572,0.0380021481963879,0.0019609415074558,0.0945776723496702,0.0343767973022309,6.456295612206303,532.2441943359376,498.040844523112,0.0132009717799834,596.4400024414062,655.521419501022,0.8992078590745611,15.53759071683056,0.0263594713632363,551.9500122070312,494.8264822689738,494.8264822689738,-0.1605285061981185,iShares PHLX SOX Semiconductor Sector Index Fund,Q,True,False,False,False,False,False,False,False,False,,False,,,47824830464.0,Industry / Theme,unknown,60.0,True,,False,True,7.0,True,True,False,22.0,,0,0,False,Industry / Theme,Industry / Theme,Industry / Theme,Industry / Theme,Industry / Theme
2026-10-06,SMH,638.3800048828125,639.469970703125,631.489990234375,632.5,5064600.0,250,3203359500.0,3537943316.184082,4776397693.364752,0.1024349807957283,0.066610455311973,0.5816454354928673,0.3444295718775419,0.0601199169241382,0.1456608228391881,0.0352816365807569,0.0040046150396348,0.0847229527345489,0.0322560332328547,5.575131713014673,572.9798016357422,538.6876005045573,0.0142657169364066,639.469970703125,671.8300170898438,0.9414583807073564,14.3864990234375,0.0227454530014822,588.9199829101562,537.72998046875,537.72998046875,-0.1498340229743082,VanEck Semiconductor ETF,Q,True,False,False,False,False,False,False,False,False,,False,,,77198270464.0,Industry / Theme,unknown,38.0,True,,False,True,6.0,True,True,False,23.0,,0,0,False,Industry / Theme,Industry / Theme,Industry / Theme,Industry / Theme,Industry / Theme
2026-10-06,VLUE,200.41000366210935,201.2899932861328,199.8800048828125,200.22000122070312,307100.0,250,61487562.37487793,122039203.27041626,124020653.02872431,-0.0102163700435171,0.0507339416482157,0.3798293197554681,0.0,0.096282950005714,0.2081799682464171,-0.0,0.0048848135673079,0.0790728557257515,0.0308506283227632,3.2812243262186733,199.1591076660156,182.05369984944664,0.0078174879817021,203.94871187673664,205.59089580017687,0.9738758150813548,2.5334493980556845,0.0126533282519714,195.7899932861328,195.33999633789065,195.33999633789065,-0.0243732137301969,iShares MSCI USA Value Factor ETF,Z,True,False,False,False,False,False,False,False,False,,False,,,10583302144.0,Country / Region,unknown,236.0,True,,False,True,155.0,True,True,False,24.0,,0,0,False,Country / Region,Country / Region,Country / Region,Country / Region,Country / Region
2026-10-06,MAGS,73.9800033569336,74.125,73.63999938964844,73.9000015258789,3990400.0,250,294890566.0888672,302887663.1019592,271105126.74349225,0.0699290842970226,0.1232710213937311,0.267798942617504,0.4131737230393308,0.1850331207674305,0.1665777208524566,0.028892860107732,0.0228092217886707,0.0446093375079216,0.0304392622904085,1.3074721377480398,69.19179977416992,66.25513341267903,0.0183081710074783,74.125,74.125,0.996964607431756,1.080550003051758,0.014621785936951,71.0,68.69999694824219,68.69999694824219,-0.0703654190834588,Roundhill Magnificent Seven ETF,Z,True,False,False,False,False,False,False,False,False,,False,,,3602203392.0,Other,unknown,459.0,True,,False,True,90.0,True,True,False,25.0,,0,0,False,Other,Other,Other,Other,Other
2026-10-06,MGK,95.13999938964844,95.52999877929688,95.0,95.11000061035156,1842500.0,250,175240176.12457275,125352803.65737917,114352134.74973647,0.0574827443696528,0.0873442241114332,0.2724513452582264,0.4283343025460797,0.1697023823646044,0.2032515162099514,0.0246218312180098,0.0148225229174981,0.0553761490171754,0.0290162920523852,1.9033991498959264,90.22240020751951,85.8559471130371,0.0143092266255142,95.52999877929688,95.52999877929688,0.995603494459205,1.1365001678466795,0.011949323525953,91.87000274658205,88.52999877929688,88.52999877929688,-0.0691830700118671,Vanguard Morningstar Mega Cap Growth ETF,P,True,False,False,False,False,False,False,False,False,,False,,,33301635072.0,Factor / Style,unknown,89.0,True,,False,True,163.0,True,True,False,26.0,,0,0,False,Factor / Style,Factor / Style,Factor / Style,Factor / Style,Factor / Style
2026-10-06,SCHG,36.95000076293945,37.09999847412109,36.869998931884766,36.93000030517578,7972400.0,250,294420734.4329834,299609596.6171074,256526678.3944266,0.0487278796831991,0.0799783758409147,0.2489289709864923,0.3935117345345335,0.1754352908472565,0.2172556631826416,0.0191749924543257,0.014031029627142,0.0540812286770429,0.0280485992946073,1.402327834460267,35.4404451751709,33.558799540201825,0.0121360984001661,37.09999847412109,37.09999847412109,0.9954178389235272,0.4072909621337103,0.0110287289132956,35.70000076293945,34.704612901552736,34.704612901552736,-0.060259609673254,Schwab U.S. Large-Cap Growth ETF,P,True,False,False,False,False,False,False,False,False,,False,,,59069509632.0,Factor / Style,unknown,49.0,True,,False,True,94.0,True,True,False,27.0,,0,0,False,Factor / Style,Factor / Style,Factor / Style,Factor / Style,Factor / Style
2026-10-06,PDBC,19.18000030517578,19.479999542236328,19.13999938964844,19.459999084472656,3796000.0,250,73870156.5246582,117785580.80691338,123535247.72959816,0.0082901478620203,0.1708783454772831,0.1107305123299418,0.0379147133639353,0.222222271970533,0.0772292655695916,0.0003143185799331,0.0379729741625275,0.008551636143386,0.0276755058558279,0.7677568727835128,18.681799850463868,17.76513329188029,0.021577936088847,20.15999984741211,20.15999984741211,0.9652777396707516,0.3265995979309082,0.0167831250409207,19.065000534057617,19.065000534057617,19.065000534057617,-0.0202979737409244,Invesco Optimum Yield Diversified Commodity Strategy No K-1 ETF,Q,True,False,False,False,False,False,False,False,False,,False,,,5328577024.0,Commodity,unknown,369.0,True,,False,True,156.0,True,True,False,28.0,,0,0,False,Commodity,Commodity,Commodity,Commodity,Commodity
2026-10-06,JQUA,75.4000015258789,75.68900299072266,75.33999633789062,75.45999908447266,785200.0,250,59251191.28112793,43412674.26712036,38090553.12091888,0.026090011978165,0.056471551075699,0.2222822129741171,0.2893192535522533,0.1796418966328633,0.2565441979482512,0.007548342790692,0.0101446565410381,0.0570252120456072,0.0265528509676373,1.7074478044410537,74.00496139526368,69.49056938171387,0.0076576271237007,75.68900299072266,75.68900299072266,0.9969744097926873,0.5724959643692117,0.0075867475657975,73.54000091552734,72.65346543105643,72.65346543105643,-0.0371923361710418,JPMorgan U.S. Quality Factor ETF,P,True,False,False,False,False,False,False,False,False,,False,,,8162030080.0,Factor / Style,unknown,280.0,True,,False,True,319.0,True,True,False,29.0,,0,0,False,Factor / Style,Factor / Style,Factor / Style,Factor / Style,Factor / Style
2026-10-06,AIQ,67.11000061035156,67.41000366210938,67.0199966430664,67.05000305175781,1530100.0,250,102593209.66949464,70861857.41008759,85473395.76950678,0.0424440822432603,0.0715998622148654,0.4012540269571949,0.232340409506408,0.0927152432902185,0.1548387180133847,0.0098614754495227,0.0066383986447973,0.0621296591317602,0.0260603398152343,4.343615955749036,63.57660041809082,59.62866686503092,0.0197873094230658,67.41000366210938,70.26000213623047,0.9543125677928584,0.9885007858276368,0.0147427403555013,64.2699966430664,62.47499847412109,62.47499847412109,-0.0682327273587913,Global X Artificial Intelligence & Technology ETF,Q,True,False,False,False,False,False,False,False,False,,False,,,10413852672.0,Industry / Theme,unknown,240.0,True,,False,True,205.0,True,True,False,30.0,,0,0,False,Industry / Theme,Industry / Theme,Industry / Theme,Industry / Theme,Industry / Theme
2026-10-06,USMC,78.08999633789062,78.4000015258789,77.94499969482422,78.19000244140625,213000.0,250,16654470.520019531,5604395.36819458,6199349.068838453,0.0292754140192892,0.0593442487389399,0.2096955340916051,0.2782034396533623,0.1782656945040436,0.2566042995671833,0.0081445208774425,0.0105790437162678,0.0538087756479427,0.025709449892354,1.4576812069955447,76.0708479309082,72.2677621714274,0.0083409425092568,78.4000015258789,78.4000015258789,0.9973214403012054,0.6688465628635285,0.0085541187105697,76.125,74.85998012165217,74.85998012165217,-0.0425888504383858,Principal U.S. Mega-Cap ETF,Q,True,False,False,False,False,False,False,False,False,,False,,,3491833344.0,Other,unknown,466.0,True,,False,True,459.0,True,True,False,31.0,,0,0,False,Other,Other,Other,Other,Other
2026-10-06,XSD,559.469970703125,562.1900024414062,556.5399780273438,558.4199829101562,54900.0,250,30657257.061767574,63790470.96954346,51179598.34594727,0.1263011290336777,0.0181770895178479,0.6394152999202705,0.3387188922154749,0.013609058352412,0.1138719717014829,0.042780578511851,0.0002473730719254,0.0728114809380162,0.0256448108250572,4.827240693890891,508.8413525390625,494.0442498779297,0.0089087031997168,562.1900024414062,657.6600657087755,0.8491012485429446,15.46478535947188,0.0276938251365549,515.989990234375,473.647934567014,473.647934567014,-0.1518069749247872,State Street SPDR S&P Semiconductor ETF,P,True,False,False,False,False,False,False,False,False,,False,,,3476073728.0,Industry / Theme,unknown,468.0,True,,False,True,288.0,True,True,False,32.0,,0,0,False,Industry / Theme,Industry / Theme,Industry / Theme,Industry / Theme,Industry / Theme
2026-10-06,SPYG,126.58000183105467,127.12999725341795,126.27999877929688,126.5,3316400.0,250,419524600.0,269603595.6204605,272587071.8159025,0.0457791648945942,0.0740698154760011,0.2660873676679869,0.3411917896117388,0.1437986246539846,0.1976164652741447,0.0156194751973174,0.0106511375938233,0.0525832450526493,0.0253273752044124,2.2174931841933545,121.15671676635742,115.0102730814616,0.0117590921555479,127.12999725341795,127.12999725341795,0.9950444641939058,1.4327183770402363,0.01132583697265,122.04000091552734,118.10592478263278,118.10592478263278,-0.0663563258289898,State Street SPDR Portfolio S&P 500 Growth ETF,P,True,False,False,False,False,False,False,False,False,,False,,,52988604416.0,Factor / Style,unknown,53.0,True,,False,True,89.0,True,True,False,33.0,,0,0,False,Factor / Style,Factor / Style,Factor / Style,Factor / Style,Factor / Style
2026-10-06,VUG,92.54000091552734,93.0,92.47000122070312,92.63999938964844,4659900.0,250,431693133.1558228,511782911.1338806,534284077.1361699,0.0523466292175729,0.0784136882978912,0.2519133096240686,0.3885226667490023,0.1567266698962033,0.1964307277127898,0.0203378519789326,0.0122895162412073,0.0494835147299931,0.0253074157122824,1.948627775498234,88.37702255249023,84.40143356323242,0.012395457715455,93.0,93.0,0.9961290256951444,1.0907348803115888,0.0117739085438019,89.4104430936559,86.39347127366106,86.39347127366106,-0.0674279809708781,Vanguard Morningstar Growth ETF,P,True,False,False,False,False,False,False,False,False,,False,,,379207221248.0,Factor / Style,unknown,8.0,True,,False,True,54.0,True,True,False,34.0,,0,0,False,Factor / Style,Factor / Style,Factor / Style,Factor / Style,Factor / Style
2026-10-06,VOOG,87.87999725341797,88.25,87.66000366210938,87.80999755859375,1273400.0,250,111817250.89111328,106057160.47283173,101084172.78579228,0.0456336689216885,0.0735972796631332,0.2661942241971866,0.3428636957492208,0.1430179516763024,0.1979378096909397,0.0156461283770864,0.0105257321863693,0.05268990168997,0.0252831915126295,2.1960660937505483,84.1205680847168,79.85684804280599,0.0117260764260711,88.25,88.25,0.9950141366412888,0.9878785546664226,0.0112501831469387,84.7300033569336,81.99019659849027,81.99019659849027,-0.0662772021627725,Vanguard S&P 500 Growth ETF,P,True,False,False,False,False,False,False,False,False,,False,,,26322757632.0,Factor / Style,unknown,104.0,True,,False,True,183.0,True,True,False,35.0,,0,0,False,Factor / Style,Factor / Style,Factor / Style,Factor / Style,Factor / Style
2026-10-06,IVW,146.1999969482422,146.8300018310547,145.85000610351562,146.1199951171875,1207700.0,250,176469118.10302734,236267242.2190857,196218280.8372377,0.046025758170745,0.0734336679327032,0.2649439946327736,0.3496399916688172,0.143024128852557,0.197271793936674,0.0160924457033702,0.0105027863845228,0.0522659771139557,0.0251199031398243,2.2189098478341087,139.97267395019531,132.9064668273926,0.0117080012218779,146.8300018310547,146.8300018310547,0.9951644302593952,1.6442129645837198,0.0112524843931528,140.97000122070312,136.4199981689453,136.4199981689453,-0.0663837754748269,iShares S&P 500 Growth ETF,P,True,False,False,False,False,False,False,False,False,,False,,,74972356608.0,Factor / Style,unknown,39.0,True,,False,True,117.0,True,True,False,36.0,,0,0,False,Factor / Style,Factor / Style,Factor / Style,Factor / Style,Factor / Style
2026-10-06,QQQM,313.1499938964844,314.114990234375,312.6000061035156,312.760009765625,3253500.0,250,1017564691.7724608,822797601.61026,859045956.1447871,0.0585949249518245,0.0690411360718716,0.2932270731830579,0.3796899681400765,0.1224919268438526,0.1869643494124707,0.0222479051881284,0.0084569817889321,0.0548230089677933,0.0246850913015335,4.452386168442782,296.1493530273437,282.9138776652018,0.0126352576462283,314.114990234375,314.114990234375,0.9956863552811058,3.850157716782616,0.0123102621708825,301.25,287.9261794183108,287.9261794183108,-0.0794021920063378,Invesco NASDAQ 100 ETF,Q,True,False,False,False,False,False,False,False,False,,False,,,101307228160.0,US Equity,unknown,26.0,True,,False,True,40.0,True,True,False,37.0,,0,0,False,US Equity,US Equity,US Equity,US Equity,US Equity
2026-10-06,QQQ,760.52001953125,762.8599853515625,759.0999755859375,759.6599731445312,26513600.0,250,20141320663.964844,24441051164.8407,25038321614.101154,0.0585939410372686,0.0688905969546809,0.2934083118445416,0.3798824581661136,0.1221191769074703,0.1852465335449057,0.0222588103548779,0.0084128629967699,0.054352872682464,0.0244918663867628,4.452164551210457,719.2439953613281,687.158154296875,0.0126264875067598,762.8599853515625,762.8599853515625,0.9958052430741186,9.40568728115394,0.0123814438217931,731.6300048828125,699.2713317325664,699.2713317325664,-0.0794943047505748,"Invesco QQQ Trust, Series 1",Q,True,False,False,False,False,False,False,False,False,,False,,,490103177216.0,Other,unknown,6.0,True,,False,True,2.0,True,True,False,38.0,,0,0,False,Other,Other,Other,Other,Other
2026-10-06,IUSG,199.05999755859372,200.0200042724609,198.82000732421875,199.1000061035156,429500.0,250,85513452.62145996,80976134.20310974,88548022.10581946,0.0441462926303932,0.0706705421754516,0.2583603668626248,0.3367409722391776,0.1398083043235824,0.1966313815933081,0.0148658655011138,0.0098803286671781,0.0508017558851518,0.0242028281934689,2.3699586524527407,191.05697662353515,181.61933959960936,0.0110250044303514,200.0200042724609,200.0200042724609,0.9954004692066094,2.1629561823860555,0.0108636670822676,192.13999938964844,186.13999938964844,186.13999938964844,-0.0650929498572142,iShares Core S&P U.S. Growth ETF,Q,True,False,False,False,False,False,False,False,False,,False,,,32221673472.0,Factor / Style,unknown,92.0,True,,False,True,202.0,True,True,False,39.0,,0,0,False,Factor / Style,Factor / Style,Factor / Style,Factor / Style,Factor / Style
2026-10-06,DSI,150.25,150.74000549316406,150.05999755859375,150.08999633789062,142300.0,250,21357806.47888184,13350991.010360718,14805209.87553672,0.0262614176731343,0.066875190556076,0.226547693316004,0.2268100969488025,0.1538943260841187,0.2112900937361896,0.0059563546884566,0.0102917123823743,0.047867283356456,0.0234431622233029,2.3397969539934445,145.74313232421875,138.25234807332356,0.0105978859179574,150.74000549316406,150.74000549316406,0.995687878920086,1.405031446264013,0.0093612597811044,145.41000366210938,142.5500030517578,142.5500030517578,-0.0502364812452814,iShares ESG MSCI KLD 400 ETF,P,True,False,False,False,False,False,False,False,False,,False,,,5360755200.0,Other,unknown,367.0,True,,False,True,427.0,True,True,False,40.0,,0,0,False,Other,Other,Other,Other,Other
2026-10-06,OEF,389.3599853515625,390.6900024414063,388.7699890136719,389.3200073242188,308900.0,250,120260950.26245116,84502346.5725708,85748145.03076947,0.0251643953073306,0.0606466207058933,0.21319038678911,0.2253317214978556,0.1581900822628764,0.2234484342406593,0.0056703365150533,0.0095936939184307,0.0476370581231871,0.0229088713900954,1.298199958373342,379.2251690673828,361.0380108642578,0.0092421316540793,390.6900024414063,390.6900024414063,0.9964933960208184,3.7840039798180016,0.009719520981789,379.4299926757813,372.7799987792969,372.7799987792969,-0.0424843528042668,iShares S&P 100 Fund,P,True,False,False,False,False,False,False,False,False,,False,,,20043581440.0,Other,unknown,136.0,True,,False,True,204.0,True,True,False,41.0,,0,0,False,Other,Other,Other,Other,Other
2026-10-06,PSI,162.0500030517578,162.0500030517578,158.49000549316406,158.8699951171875,553700.0,250,87966316.29638672,54003439.32853699,56722085.41116866,0.1350288899882417,0.0498248410420987,0.5963454119288509,0.3186107815729824,0.0303420215700917,0.1048128893160939,0.0430216601740859,0.0015117864016257,0.0625046856546591,0.0228593011401874,5.710000174374825,141.66219985961914,137.64074310302735,0.0063723101270898,163.0,189.2400054931641,0.8395159083998567,4.943999481201172,0.0311197811616619,143.41000366210938,127.22000122070312,127.22000122070312,-0.1992194553360333,Invesco Semiconductors ETF,P,True,False,False,False,False,False,False,False,False,,False,,,3097870848.0,Other,unknown,500.0,True,,False,True,267.0,True,True,False,42.0,,0,0,False,Other,Other,Other,Other,Other
2026-10-06,XLE,63.02000045776367,64.05999755859375,62.93000030517578,63.75,27824500.0,250,1773811875.0,2199549536.5535736,1824675923.178609,-0.0098975409180472,0.1533981241875779,0.0736604813935546,0.0,0.2153320928426477,0.0511430024072364,-0.0,0.0330315391194475,0.0037672181772287,0.0227890267896709,0.8883963512574143,62.01980712890625,58.45831957499186,0.0154408930533325,65.77900411302032,65.77900411302032,0.9691542287637236,1.2881265066684235,0.0202059059869556,60.95000076293945,60.95000076293945,60.95000076293945,-0.0439215566597732,State Street Energy Select Sector SPDR ETF,P,True,False,False,False,False,False,False,False,False,,False,,,35721338880.0,Sector,unknown,84.0,True,,False,True,18.0,True,True,False,43.0,,0,0,False,Sector,Sector,Sector,Sector,Sector
2026-10-06,ONEQ,108.94000244140624,109.23999786376952,108.69000244140624,108.7699966430664,238300.0,250,25919890.200042725,23665069.26952362,25688606.443193223,0.0457841076946223,0.0676247408669816,0.2578051814155364,0.3284889657045297,0.1300299157015387,0.1883149561624288,0.0150395741823113,0.008793239354272,0.0485485714367137,0.0227076055831266,2.5690298455129343,103.98150192260742,99.4424848429362,0.011591203261644,109.23999786376952,109.23999786376952,0.9956975354275523,1.2880085148510003,0.0118415790622634,105.20999908447266,101.64062078864426,101.64062078864426,-0.0655454268130347,Fidelity Nasdaq Composite Index ETF,Q,True,False,False,False,False,False,False,False,False,,False,,,10687616000.0,Other,unknown,233.0,True,,False,True,373.0,True,True,False,44.0,,0,0,False,Other,Other,Other,Other,Other
2026-10-06,FELC,44.13999938964844,44.334999084472656,44.130001068115234,44.220001220703125,963500.0,250,42605971.17614746,33250060.601787567,30103962.98861428,0.0155342821867507,0.0551978608408716,0.2062106904823049,0.1498992747613746,0.1551228956198809,0.2353970536110512,0.0023285776337324,0.0085624520056592,0.048541388962635,0.0225550799406007,1.2723615590771258,43.457291793823245,41.13678881327312,0.0070009179918077,44.334999084472656,44.334999084472656,0.9974061606824346,0.392914236384691,0.0088854415544596,43.06499862670898,42.64536738109323,42.64536738109323,-0.0356090862989998,Fidelity Enhanced Large Cap Core ETF,P,True,False,False,False,False,False,False,False,False,,False,,,7879930368.0,Factor / Style,unknown,290.0,True,,False,True,358.0,True,True,False,45.0,,0,0,False,Factor / Style,Factor / Style,Factor / Style,Factor / Style,Factor / Style
2026-10-06,QTUM,157.5500030517578,158.3300018310547,157.25999450683594,157.38999938964844,290900.0,250,45784750.82244873,40992000.44204712,49289818.01794143,0.0601392804068334,0.0353862058602192,0.431399654581027,0.2699810824528215,0.0390315173822917,0.1417305091510746,0.0162364680221706,0.0013811773091265,0.0611424926913666,0.0222976376929105,9.899093116398316,149.1034997558594,141.1847014872233,0.0140822908112223,158.3300018310547,169.2079473044215,0.9301572526406728,2.7484454751397807,0.0174626436609577,149.4499969482422,141.392983153962,141.392983153962,-0.1016393436541214,Defiance Quantum ETF,Q,True,False,False,False,False,False,False,False,False,,False,,,6260666368.0,Industry / Theme,unknown,341.0,True,,False,True,292.0,True,True,False,46.0,,0,0,False,Industry / Theme,Industry / Theme,Industry / Theme,Industry / Theme,Industry / Theme
2026-10-06,LRGF,79.61000061035156,79.8949966430664,79.61000061035156,79.68000030517578,133700.0,250,10653216.040802002,16214093.26725006,12430276.89729721,0.0206788825813659,0.0579860248983605,0.1991851047669133,0.1968173027999289,0.1604232633406257,0.2278203358623035,0.0040699618945808,0.0093023073423457,0.0453784174667663,0.0219289458858929,1.66286753027834,77.93650909423827,74.01474810282389,0.0074246647830045,79.8949966430664,79.8949966430664,0.997309013743988,0.6998233347140783,0.0087829233437969,77.47000122070312,76.55999755859375,76.55999755859375,-0.0391566608262093,iShares U.S. Equity Factor ETF,P,True,False,False,False,False,False,False,False,False,,False,,,3509724672.0,Factor / Style,unknown,463.0,True,,False,True,443.0,True,True,False,48.0,,0,0,False,Factor / Style,Factor / Style,Factor / Style,Factor / Style,Factor / Style
2026-10-06,THRO,44.880001068115234,45.03499984741211,44.81999969482422,44.91999816894531,438800.0,250,19710895.196533203,57640352.71551132,34878910.77346196,0.0231043042639149,0.0540347874656279,0.219233466043716,0.2165422264711127,0.1439207256830934,0.2160578280993624,0.0050030574863741,0.0077767258241848,0.0473671065201006,0.0216333590677554,2.054361129512245,43.80264389038086,41.68585245768229,0.0085822826151167,45.03499984741211,45.03499984741211,0.9974463932750872,0.4000516879312165,0.0089058705306846,43.77999877929688,43.0099983215332,43.0099983215332,-0.0425200339552229,iShares U.S. Thematic Rotation Active ETF,P,True,False,False,False,False,False,False,False,False,,False,,,6481671680.0,Other,unknown,332.0,True,,False,True,338.0,True,True,False,49.0,,0,0,False,Other,Other,Other,Other,Other
2026-10-06,ARKK,93.95999908447266,94.81999969482422,90.2699966430664,90.48999786376952,4769500.0,250,431592044.8112488,403299718.02352905,390866625.45645577,0.051231365461285,0.1288671872471858,0.3160266877898956,0.1551176920639001,0.105602067408376,0.1146459480771344,0.0079468911716367,0.0136086413944051,0.0362311792393491,0.0215265296401355,1.044023947340653,83.79819961547851,78.32979988098144,0.0355415890095158,94.81999969482422,94.81999969482422,0.9543345091226462,2.3741493225097656,0.0262365938618319,88.45999908447266,82.04000091552734,82.04000091552734,-0.0933804525110437,ARK Innovation ETF,Z,True,False,False,False,False,False,False,False,False,,False,,,6534055424.0,Other,unknown,328.0,True,,False,True,69.0,True,True,False,50.0,,0,0,False,Other,Other,Other,Other,Other
2026-10-06,FELV,41.84000015258789,42.06999969482422,41.84000015258789,41.9900016784668,301200.0,250,12647388.5055542,15616988.29120636,9723277.986853464,-0.0094181270440588,0.0398420619871842,0.1968549390233294,0.0,0.1306836649989139,0.2581615397744992,-0.0,0.0052067066815991,0.0508203741704778,0.0211714903027066,0.5537040441921076,42.29761268615723,39.35690528869629,0.0034062364055569,42.543694398051706,43.11174164223005,0.9739806391244362,0.3380782179016776,0.0080513980563866,41.13999938964844,41.13999938964844,41.13999938964844,-0.0202429686792381,Fidelity Enhanced Large Cap Value ETF,P,True,False,False,False,False,False,False,False,False,,False,,,3197805568.0,Factor / Style,unknown,488.0,True,,False,True,453.0,True,True,False,51.0,,0,0,False,Factor / Style,Factor / Style,Factor / Style,Factor / Style,Factor / Style
2026-10-06,FDN,295.489990234375,297.0899963378906,295.3399963378906,296.79998779296875,92600.0,250,27483678.869628903,48968660.80047608,70044355.3919232,0.0319530020147693,0.0954859034309494,0.2318930677608561,0.1653772057579811,0.139830245671357,0.1535606953977371,0.0052842981887816,0.0133518173349011,0.0356096607432716,0.0211420625278308,0.9478333861327268,288.0025994873047,269.5618003336589,0.0159696179555279,299.0,299.0,0.992642099642036,4.242999267578125,0.0142958202226672,284.8699951171875,284.8699951171875,284.8699951171875,-0.0401953947656593,First Trust DJ Internet Index Fund,P,True,False,False,False,False,False,False,False,False,,False,,,4975951360.0,Industry / Theme,unknown,380.0,True,,False,True,236.0,True,True,False,52.0,,0,0,False,Industry / Theme,Industry / Theme,Industry / Theme,Industry / Theme,Industry / Theme
2026-10-06,TCAF,43.31999969482422,43.5,43.209999084472656,43.34000015258789,505300.0,250,21899702.07710266,21985772.53578186,23003101.467950005,0.0154639138400398,0.0461018545339835,0.1972375480433186,0.1363633855856693,0.1344501733208128,0.2445539069400383,0.0021087116456329,0.0061984023325049,0.048235212969267,0.0209112860553717,0.8383496978760833,42.46863998413086,40.29041325887045,0.006546195265221,43.5,43.5,0.9963218425882274,0.4183506011962891,0.0096527595690677,42.095001220703125,41.70000076293945,41.70000076293945,-0.0378403180404813,T. Rowe Price Capital Appreciation Equity ETF,P,True,False,False,False,False,False,False,False,False,,False,,,7400264704.0,Other,unknown,298.0,True,,False,True,389.0,True,True,False,53.0,,0,0,False,Other,Other,Other,Other,Other
2026-10-06,ESGV,138.50999450683594,138.8800048828125,138.39999389648438,138.44000244140625,106300.0,250,14716172.259521484,30901162.2039032,25149010.109674364,0.0224672680567472,0.0528774533485603,0.2194479879345561,0.2005742708932789,0.1303086520199924,0.2138597627114692,0.0045063559094459,0.0068903896681009,0.0469310946271935,0.0209046364037833,1.6853949319265358,135.3758932495117,128.60605662027996,0.0074161430124475,138.8800048828125,138.8800048828125,0.9968317797671628,1.3513331475945605,0.0097611465166399,134.82000732421875,132.4050930035819,132.4050930035819,-0.0435922372970094,Vanguard ESG U.S. Stock ETF,Z,True,False,False,False,False,False,False,False,False,,False,,,13178104832.0,Other,unknown,195.0,True,,False,True,376.0,True,True,False,54.0,,0,0,False,Other,Other,Other,Other,Other
2026-10-06,MGC,288.0,289.1000061035156,287.739990234375,288.17999267578125,83300.0,250,24005393.389892574,28006072.046203613,23344302.2533114,0.0242394358803264,0.0544456844033394,0.2053804714741651,0.2215729160676503,0.1444942369799368,0.2182458490543516,0.0053708024918387,0.0078670876247109,0.0448234353760622,0.0208018093376839,1.4539518253422743,281.26880126953125,268.1184184773763,0.0084658859780473,289.1000061035156,289.1000061035156,0.99681766375541,2.638496398925781,0.009155723735111,280.94000244140625,276.260009765625,276.260009765625,-0.0413629787393564,Vanguard Morningstar Mega Cap ETF,P,True,False,False,False,False,False,False,False,False,,False,,,10574559232.0,Other,unknown,237.0,True,,False,True,387.0,True,True,False,55.0,,0,0,False,Other,Other,Other,Other,Other
2026-10-06,QLTY,43.810001373291016,43.810001373291016,43.630001068115234,43.66999816894531,348900.0,250,15236462.36114502,16786024.517593384,16060201.644994345,0.0265709942168426,0.0547978867975151,0.1895549108688068,0.2554839811103245,0.1583160325838841,0.2280523926495872,0.0067884633845783,0.0086753840317634,0.0432284509621106,0.0207689574573849,1.4903179691564,42.77747283935547,40.64660125732422,0.0086585085169186,43.810001373291016,43.810001373291016,0.9968043095193544,0.3762148435829374,0.008614949836441,42.70944084131469,42.060359820382,42.060359820382,-0.0368591347848501,GMO U.S. Quality ETF,P,True,False,False,False,False,False,False,False,False,,False,,,4698446848.0,Factor / Style,unknown,392.0,True,,False,True,420.0,True,True,False,56.0,,0,0,False,Factor / Style,Factor / Style,Factor / Style,Factor / Style,Factor / Style
2026-10-06,VDE,177.1999969482422,179.4499969482422,176.4499969482422,178.66000366210938,353100.0,250,63084847.29309082,104984959.91111755,85408958.73267764,-0.0136928719921038,0.1453078535329155,0.0610525648054589,0.0,0.2042217322261358,0.0427470570282663,-0.0,0.0296750215545536,0.0026098174694608,0.0202022001247711,0.8646836083429947,174.5192092895508,165.12971984863282,0.0137876003366479,185.10624540646296,185.10624540646296,0.965175449752121,3.5098581647862632,0.0196454611711767,170.75999450683594,170.75999450683594,170.75999450683594,-0.044218118176099,Vanguard Energy ETF,P,True,False,False,False,False,False,False,False,False,,False,,,11076583424.0,Other,unknown,226.0,True,,False,True,206.0,True,True,False,57.0,,0,0,False,Other,Other,Other,Other,Other
2026-10-06,DYNF,70.69999694824219,70.90499877929688,70.56999969482422,70.68000030517578,2105200.0,250,148795536.64245605,177453400.7524109,155310990.7216511,0.0149819960115791,0.0545777275289056,0.199619117519092,0.1381074969524788,0.1504091744420163,0.2110503250820406,0.0020691259685112,0.008208990940544,0.0421296796449944,0.0200812319871016,1.706915181369362,69.25554595947266,65.81188234965006,0.0072472386754798,70.90499877929688,70.90499877929688,0.9968267614696472,0.64339332950724,0.0091029050188066,68.95999908447266,68.0,68.0,-0.0379173782343564,iShares U.S. Equity Factor Rotation Active ETF,P,True,False,False,False,False,False,False,False,False,,False,,,38004244480.0,Factor / Style,unknown,80.0,True,,False,True,140.0,True,True,False,58.0,,0,0,False,Factor / Style,Factor / Style,Factor / Style,Factor / Style,Factor / Style
2026-10-06,FELG,46.43000030517578,46.619998931884766,46.33000183105469,46.380001068115234,408800.0,250,18960144.436645508,15711231.124973295,15517107.304969668,0.0478295754813733,0.0712865600852359,0.2212442705705,0.3496395426415731,0.1310495905211547,0.1755743031603921,0.0167231108960479,0.0093420745088318,0.0388448086336447,0.0196680314525163,2.3836862562428496,44.23552635192871,42.629987716674805,0.0112104059891493,46.619998931884766,46.619998931884766,0.9948520405562388,0.5437295113047245,0.0117233613364127,44.68000030517578,43.1688435793313,43.1688435793313,-0.0692358217945686,Fidelity Enhanced Large Cap Growth ETF,P,True,False,False,False,False,False,False,False,False,,False,,,5650164224.0,Factor / Style,unknown,362.0,True,,False,True,423.0,True,True,False,59.0,,0,0,False,Factor / Style,Factor / Style,Factor / Style,Factor / Style,Factor / Style
2026-10-06,VV,359.2200012207031,360.6799926757813,358.8500061035156,359.5899963378906,184300.0,250,66272436.32507324,75765268.65142822,77731006.35996017,0.0210134917453588,0.0498861996492254,0.1936342249880995,0.1975367672513857,0.1404859387597021,0.2203462786275381,0.0041509372280418,0.0070083095888753,0.0426665808910552,0.0194887045446383,1.6179606464295184,351.98853088378905,335.9340026855469,0.0070929960008019,360.6799926757813,360.6799926757813,0.996977940667559,3.1662883048998736,0.0088052736092376,350.20001220703125,344.7979759225192,344.7979759225192,-0.0411357951167029,Vanguard Morningstar Large-Cap ETF,P,True,False,False,False,False,False,False,False,False,,False,,,73819176960.0,Other,unknown,40.0,True,,False,True,216.0,True,True,False,60.0,,0,0,False,Other,Other,Other,Other,Other
2026-10-06,FBCG,65.05000305175781,65.16500091552734,64.80000305175781,64.83999633789062,635900.0,250,41231753.67126465,42262576.21103287,36674354.77360316,0.0431144867608954,0.0539661224873735,0.2639375692436347,0.2720807987548211,0.0936528738969261,0.1726379415445332,0.0117306239958086,0.005054082464016,0.0455656386504888,0.0192331271292815,2.284533499649588,62.074099960327146,59.37640014648437,0.0107532986198783,65.16500091552734,65.16500091552734,0.9950125899935456,0.8252496719360352,0.0127274786944086,62.75,60.25,60.25,-0.0707895835461107,Fidelity Blue Chip Growth ETF,Z,True,False,False,False,False,False,False,False,False,,False,,,6965341696.0,Factor / Style,unknown,313.0,True,,False,True,326.0,True,True,False,61.0,,0,0,False,Factor / Style,Factor / Style,Factor / Style,Factor / Style,Factor / Style
2026-10-06,BBUS,140.61000061035156,141.25,140.60000610351562,140.82000732421875,178400.0,250,25122289.306640625,38238251.71234131,28303999.71025255,0.0211854841922163,0.0502437957437085,0.1909669155208924,0.1907580105212817,0.1400371355039904,0.2174858251261699,0.0040413008164372,0.0070359972327965,0.0415325971938608,0.019109807219169,1.6778343406543894,137.81542602539062,131.61104044596354,0.006925246779343,141.25,141.25,0.9969558040652656,1.247487338808152,0.0088587364999632,137.0399932861328,134.97092147128006,134.97092147128006,-0.0415359007862566,JPMorgan BetaBuilders U.S. Equity ETF,Z,True,False,False,False,False,False,False,False,False,,False,,,8542320128.0,US Equity,unknown,272.0,True,,False,True,365.0,True,True,False,62.0,,0,0,False,US Equity,US Equity,US Equity,US Equity,US Equity
2026-10-06,GSUS,107.54000091552734,108.19499969482422,107.54000091552734,107.88999938964844,40500.0,250,4369544.975280762,16683644.98500824,11504773.777674114,0.0210357203274826,0.0487596752509364,0.1934097700493209,0.1911856865839614,0.1349240942948001,0.2178828820221146,0.0040217286335979,0.0065788550213411,0.0421406781095805,0.0190254931022249,1.5323955941387464,105.59578155517578,100.78222300211588,0.0069583064566063,108.19499969482422,108.19499969482422,0.9971810129300238,0.9263978570082912,0.0085865034966083,105.0749969482422,103.54230239182564,103.54230239182564,-0.0402974976588974,Goldman Sachs MarketBeta U.S. Equity ETF,Z,True,False,False,False,False,False,False,False,False,,False,,,3177762560.0,US Equity,unknown,492.0,True,,False,True,448.0,True,True,False,63.0,,0,0,False,US Equity,US Equity,US Equity,US Equity,US Equity
2026-10-06,XT,85.41999816894531,85.8499984741211,85.37000274658203,85.50299835205078,96400.0,250,8242489.041137695,5626126.435890198,5761274.18325515,0.0493740160698563,0.0459082367223337,0.2444932773559958,0.4471487906761393,0.098573813483395,0.1879084850179345,0.0220775315764605,0.0045253499640188,0.0459423613450348,0.0190213039473744,3.049900238940818,82.36585968017579,78.49751291910808,0.0094894547630277,85.8499984741211,85.8499984741211,0.995958064901132,0.8415996551513671,0.0098429256443868,82.9800033569336,80.48999786376953,80.48999786376953,-0.0586295286118584,iShares Future Exponential Technologies ETF,Q,True,False,False,False,False,False,False,False,False,,False,,,3962071552.0,Other,unknown,433.0,True,,False,True,461.0,True,True,False,64.0,,0,0,False,Other,Other,Other,Other,Other
2026-10-06,IWX,110.58999633789062,110.97000122070312,110.5500030517578,110.8499984741211,3213000.0,250,356161045.0973511,59700024.98252869,47700073.39463007,-0.0074790884727289,0.0388657351861507,0.1906189167982923,0.0,0.1213855406216272,0.2352436003570285,-0.0,0.0047177382772279,0.0448418802837871,0.0187611879795236,0.504608884493406,111.40924453735352,103.9424814860026,0.0047139256608326,112.49245381388184,113.54871482312345,0.9762329643870812,0.8291927681438246,0.0074803137533412,108.87000274658205,108.87000274658205,108.87000274658205,-0.0178619373459107,iShares Russell Top 200 Value ETF,P,True,False,False,False,False,False,False,False,False,,False,,,3556921344.0,Factor / Style,unknown,460.0,True,,False,True,297.0,True,True,False,65.0,,0,0,False,Factor / Style,Factor / Style,Factor / Style,Factor / Style,Factor / Style
2026-10-06,IOO,146.36000061035156,146.91000366210938,146.1999969482422,146.33999633789062,79300.0,250,11604761.709594728,22597443.667907715,35201549.26845006,0.0155446921547379,0.0567591049454985,0.1992099162969673,0.126267621988457,0.1400069091163099,0.194258846820094,0.0019627913129213,0.0079466668476275,0.0386982886149763,0.0187097344661995,1.0457843008892498,143.9790008544922,136.82081598917642,0.0086730481195826,146.91000366210938,146.91000366210938,0.996120023755974,1.497502899169922,0.0102330390641275,142.89999389648438,141.1199951171875,141.1199951171875,-0.0356703659377607,iShares Global 100 ETF,P,True,False,False,False,False,False,False,False,False,,False,,,8474621952.0,Global Equity,unknown,273.0,True,,False,True,334.0,True,True,False,66.0,,0,0,False,Global Equity,Global Equity,Global Equity,Global Equity,Global Equity
2026-10-06,USCA,46.369998931884766,46.446998596191406,46.369998931884766,46.446998596191406,100.0,250,4644.699859619141,618041.9474601746,669614.2292930966,0.0256614111615443,0.0568430397647132,0.183580431800026,0.2317817607990863,0.1479009254140152,0.2052203205650638,0.005947847063612,0.0084071381845467,0.0376744350634741,0.0186506920921713,1.3782946331387962,45.34130279541016,43.33269327799479,0.0077138672946102,46.446998596191406,46.60905431358378,0.9965230850576356,0.3323526507151911,0.0071555248080646,45.16999816894531,44.68422317504883,44.68422317504883,-0.0379524075703596,Xtrackers MSCI USA Climate Action Equity ETF,P,True,False,False,False,False,False,False,False,False,,False,,,3158330624.0,Country / Region,unknown,495.0,True,,False,True,467.0,False,False,False,67.0,,0,0,False,Country / Region,Country / Region,Country / Region,Country / Region,Country / Region
2026-10-06,ESGU,170.35000610351562,171.08999633789062,170.32000732421875,170.64999389648438,283800.0,250,48430468.267822266,65335962.71179199,63057895.01139323,0.0198049956750205,0.0454870307821615,0.194455000144184,0.1822949190553888,0.125828383140407,0.2190514277959289,0.0036103500834702,0.0057235595371773,0.042595645423641,0.0186287895974396,1.6038309535716486,167.3028515625,159.54530334472656,0.0060252752934464,171.08999633789062,171.08999633789062,0.997428239810484,1.5054135306232042,0.0088216442101743,166.125,163.50999450683594,163.50999450683594,-0.0418400213596229,iShares ESG Aware MSCI USA ETF,Q,True,False,False,False,False,False,False,False,False,,False,,,17746929664.0,Country / Region,unknown,145.0,True,,False,True,255.0,True,True,False,68.0,,0,0,False,Country / Region,Country / Region,Country / Region,Country / Region,Country / Region
2026-10-06,SPYM,91.58999633789062,92.0,91.55999755859376,91.72000122070312,13746800.0,250,1260856512.7807617,1300906964.1315842,1023973426.6000535,0.0199222047765952,0.0484083966340138,0.1885577410181362,0.1857238782420116,0.1374132179746632,0.216405344390777,0.0037000291342407,0.0066519535584736,0.0408049028825767,0.0186054858219097,1.6603421163683545,89.8954833984375,85.89060541788737,0.0066269974950643,92.0,92.0,0.9969565350076428,0.8132801605056101,0.0088669881125343,89.30999755859375,88.0,88.0,-0.0405582334408369,State Street SPDR Portfolio S&P 500 ETF,P,True,False,False,False,False,False,False,False,False,,False,,,153918701568.0,US Equity,unknown,17.0,True,,False,True,29.0,True,True,False,69.0,,0,0,False,US Equity,US Equity,US Equity,US Equity,US Equity
2026-10-06,PBUS,78.08999633789062,78.4000015258789,78.05999755859375,78.20999908447266,440500.0,250,34451504.596710205,74090592.0992279,32170581.37008425,0.020187309426586,0.0481469189137457,0.1906366444369542,0.1892263518366844,0.1327524490988607,0.2161948102223364,0.0038199709161911,0.006391621402364,0.0412146531654703,0.0185796825194512,1.612452431993249,76.61503768920899,73.16529149373372,0.0065809884420957,78.4000015258789,78.4000015258789,0.997576499519027,0.6756294482681134,0.0086386581789674,76.12000274658203,75.00644826921706,75.00644826921706,-0.0409608854718885,Invesco MSCI USA ETF,Z,True,False,False,False,False,False,False,False,False,,False,,,11176468480.0,Country / Region,unknown,221.0,True,,False,True,350.0,True,True,False,70.0,,0,0,False,Country / Region,Country / Region,Country / Region,Country / Region,Country / Region
2026-10-06,QUAL,226.5500030517578,227.0,226.17999267578125,226.47000122070312,1297700.0,250,293890120.58410645,243809807.4518585,217325347.7794102,0.0279343468430641,0.0462733634269183,0.175666935540278,0.2947778238216246,0.1475404087900469,0.2298102185151844,0.0082344259722769,0.0068271909560979,0.0403700568424041,0.018567194016305,2.192414564580748,222.27159729003907,212.50501688639324,0.005566733411749,227.0,227.0,0.9976652036154324,1.8612563823993669,0.0082185559781293,221.44000244140625,216.30999755859372,216.30999755859372,-0.0448624701167731,iShares MSCI USA Quality Factor ETF,Z,True,False,False,False,False,False,False,False,False,,False,,,45917487104.0,Country / Region,unknown,66.0,True,,False,True,108.0,True,True,False,71.0,,0,0,False,Country / Region,Country / Region,Country / Region,Country / Region,Country / Region
2026-10-06,ILF,38.220001220703125,38.27000045776367,37.81999969482422,38.04999923706055,2705700.0,250,102951882.93571472,97450071.91875458,93395512.01819769,0.0418948181850753,0.1344662551707116,0.0821517491402361,0.1632869083048011,0.1913448922295234,0.0625525076366858,0.0068408753354327,0.0257294311041474,0.0051387979154617,0.0185227094881074,4.199456394083978,35.02320007324219,34.778147811889646,0.003696889885552,38.27000045776367,38.27000045776367,0.9942513400033552,0.7534997940063477,0.0198028859162877,33.72999954223633,33.72999954223633,33.72999954223633,-0.1135348168579345,iShares Latin America 40 ETF,P,True,False,False,False,False,False,False,False,False,,False,,,3739343872.0,Country / Region,unknown,449.0,True,,False,True,192.0,True,True,False,72.0,,0,0,False,Country / Region,Country / Region,Country / Region,Country / Region,Country / Region
2026-10-06,VOO,715.2100219726562,718.469970703125,715.0900268554688,716.2000122070312,4568400.0,250,3271888135.7666016,6625941954.312744,5003364775.911846,0.0198439965311703,0.0478381712558952,0.1882591794178834,0.1855764033665354,0.1355636262047772,0.2164468824167361,0.0036825775046725,0.0064851159664543,0.0407481124713338,0.0184771647431621,1.6325065059363597,702.0601013183593,670.8138586425781,0.0066087347740437,718.469970703125,718.469970703125,0.9968405659406026,6.3667267257571725,0.0088895931544842,697.469970703125,687.272795706168,687.272795706168,-0.0403898575926039,Vanguard S&P 500 ETF,P,True,False,False,False,False,False,False,False,False,,False,,,1670882131968.0,US Equity,unknown,2.0,True,,False,True,4.0,True,True,False,73.0,,0,0,False,US Equity,US Equity,US Equity,US Equity,US Equity
2026-10-06,BAI,49.880001068115234,50.209999084472656,49.720001220703125,49.72999954223633,2040700.0,250,101484010.06584167,225643169.88182068,166175116.15010822,0.0990055147455541,0.0710747192627667,0.4306674897458058,0.3236992068796814,0.0549084641009436,0.1046633611826046,0.0320480065998504,0.0039026036711242,0.0450751070288709,0.0183129798463356,8.060097050257012,44.86819969177246,43.69359991709391,0.0169628995421966,50.209999084472656,54.459999084472656,0.913147270992428,1.061700439453125,0.0213492951784849,45.95000076293945,42.31999969482422,42.31999969482422,-0.1490046232781221,iShares A.I. Innovation and Tech Active ETF,P,True,False,False,False,False,False,False,False,False,,False,,,15693548544.0,Industry / Theme,unknown,163.0,True,,False,True,128.0,True,True,False,74.0,,0,0,False,Industry / Theme,Industry / Theme,Industry / Theme,Industry / Theme,Industry / Theme
2026-10-06,IVV,781.5800170898438,785.030029296875,781.3800048828125,782.5399780273438,4644900.0,250,3634819943.939209,6881386862.568665,4936907204.6256895,0.0202828113640212,0.0477151983622441,0.1880029917975747,0.1910034389446809,0.1349034354397204,0.2144617429997083,0.0038740867219943,0.0064369441817544,0.0403194493100677,0.0182958209766641,1.5971531329047344,767.1400891113282,732.9647017415365,0.0066236705052524,785.030029296875,785.030029296875,0.996828081504396,6.945712730786369,0.0088758567304067,762.1099853515625,751.02001953125,751.02001953125,-0.0402790392582248,iShares Core S&P 500 ETF,P,True,False,False,False,False,False,False,False,False,,False,,,888128929792.0,US Equity,unknown,3.0,True,,False,True,5.0,True,True,False,75.0,,0,0,False,US Equity,US Equity,US Equity,US Equity,US Equity
2026-10-06,SCHX,30.649999618530277,30.790000915527344,30.649999618530277,30.700000762939453,7538800.0,250,231441165.75164795,341372388.0366993,264959754.93598515,0.0196307354554321,0.0473852820484022,0.1870601663941957,0.183374045512429,0.13427149988577,0.2156153273522999,0.0035997673768468,0.0063624928931492,0.0403330390116602,0.018252184034628,1.6391067215441768,30.107841339111328,28.757388623555503,0.0064509525385736,30.790000915527344,30.790000915527344,0.9970769681743497,0.2725243694830139,0.0088770150719996,29.8799991607666,29.46068661036646,29.46068661036646,-0.0403685381685421,Schwab U.S. Large-Cap ETF,P,True,False,False,False,False,False,False,False,False,,False,,,71641505792.0,Other,unknown,41.0,True,,False,True,91.0,True,True,False,76.0,,0,0,False,Other,Other,Other,Other,Other
2026-10-06,SPY,778.1500244140625,781.6199951171875,777.9600219726562,779.0900268554688,36054300.0,250,28089545555.255127,35287573116.08002,33390575674.959797,0.0196676844482479,0.047792619883975,0.1878232357216551,0.1838067210454096,0.1345345817197046,0.2138390939720681,0.0036150525889882,0.0064297601253794,0.0401639505536209,0.0182367267752639,1.6568349796449435,763.8198693847656,729.9265962727865,0.0065935689724345,781.6199951171875,781.6199951171875,0.996763173565769,6.9515666813309736,0.0089226744557218,758.7899780273438,747.7432005092232,747.7432005092232,-0.0402351785617975,State Street SPDR S&P 500 ETF Trust,P,True,False,False,False,False,False,False,False,False,,False,,,781188857856.0,US Equity,unknown,4.0,True,,False,True,1.0,True,True,False,77.0,,0,0,False,US Equity,US Equity,US Equity,US Equity,US Equity
2026-10-06,XLG,65.05000305175781,65.26000213623047,64.88999938964844,65.04000091552734,740800.0,250,48181632.678222656,58705796.0017395,62787572.09429665,0.0359748398629706,0.0661603828607135,0.1815201374428707,0.2973840155827926,0.1535295359614124,0.1808016134977201,0.0106983423383981,0.0101575728796347,0.0328191337319989,0.0180891191779622,1.8216577912870693,62.69707542419434,60.75328264872233,0.0103613481279012,65.26000213623047,65.26000213623047,0.9966288505439538,0.6845750284031912,0.0105254461680021,63.209999084472656,61.58313838083811,61.58313838083811,-0.0531497922206203,Invesco S&P 500 Top 50 ETF,P,True,False,False,False,False,False,False,False,False,,False,,,10253615104.0,US Equity,unknown,243.0,True,,False,True,256.0,True,True,False,78.0,,0,0,False,US Equity,US Equity,US Equity,US Equity,US Equity
2026-10-06,BKLC,49.79999923706055,50.0099983215332,49.78099822998047,49.86000061035156,832700.0,250,41518422.50823975,21350104.70888138,20048913.9777895,0.0177587038595095,0.0460871394869022,0.1892840056246341,0.1650851719762374,0.1284350979461955,0.2126799874044599,0.0029316986807221,0.0059192062740602,0.0402569199321129,0.0179374060543786,1.514137689668856,48.93000007629394,46.72185366312663,0.006725219917993,50.0099983215332,50.0099983215332,0.9970006455465716,0.4431501388549804,0.0088878887571248,48.52999877929688,47.91999816894531,47.91999816894531,-0.0389089935350598,BNY Mellon US Large Cap Core Equity ETF,P,True,False,False,False,False,False,False,False,False,,False,,,5445539328.0,Factor / Style,unknown,365.0,True,,False,True,400.0,True,True,False,79.0,,0,0,False,Factor / Style,Factor / Style,Factor / Style,Factor / Style,Factor / Style
2026-10-06,JTEK,109.75,110.37999725341795,108.69000244140624,108.8000030517578,251400.0,250,27352320.767211918,23922082.59590149,26405760.95043364,0.0802760959921267,0.0621888385004736,0.3331699820862079,0.4432812883007017,0.0707652167265227,0.1288283888570981,0.0355848912511407,0.0044008066344567,0.0429217520077144,0.0178831375150969,8.44694107385942,101.13685989379884,97.73733983357748,0.0151604297814074,110.37999725341795,111.81999969482422,0.972992339015306,1.7263504028320311,0.0158671907574375,102.58999633789062,98.12999725341795,98.12999725341795,-0.0980699034839545,JPMorgan U.S. Tech Leaders ETF,Q,True,False,False,False,False,False,False,False,False,,False,,,4632256512.0,Other,unknown,396.0,True,,False,True,370.0,True,True,False,80.0,,0,0,False,Other,Other,Other,Other,Other
2026-10-06,SPYI,54.0,54.18000030517578,53.90999984741211,54.08000183105469,2886000.0,250,156074885.28442383,154517563.20438385,142424409.71445963,0.0182355532345122,0.0486293201437084,0.1503336854637902,0.2117641269362007,0.176493896734285,0.2335611438100435,0.003861636009905,0.0085827782077021,0.0351121075301021,0.0178680434705421,1.3119695180227309,52.994962539672855,50.91363204956055,0.0071313537596886,54.18000030517578,54.18000030517578,0.9981543286534176,0.3872064790696609,0.0071598828764704,52.959999084472656,52.17499923706055,52.17499923706055,-0.0352256384891654,NEOS S&P 500 High Income ETF,Z,True,False,False,False,False,False,False,False,False,,False,,,10406321152.0,Bond,unknown,241.0,True,,False,True,144.0,True,True,False,81.0,,0,0,False,Bond,Bond,Bond,Bond,Bond
2026-10-06,RECS,45.95000076293945,46.025001525878906,45.83000183105469,45.88999938964844,1121200.0,250,51451867.31567383,24332955.228614807,21261447.12963407,0.0159398107126365,0.0532476408325477,0.1653122941838654,0.1865291528391875,0.1573949275362318,0.2102035932097084,0.002973239388645,0.0083809085703141,0.0347492382391888,0.0176098239544203,1.1163599013588017,45.16939994812012,43.11431332906087,0.0051672114092151,46.025001525878906,46.025001525878906,0.9970667651981596,0.3803493499755859,0.0082882840495609,44.880001068115234,44.560001373291016,44.560001373291016,-0.0289823062551061,Columbia Research Enhanced Core ETF,P,True,False,False,False,False,False,False,False,False,,False,,,5762415616.0,Other,unknown,359.0,True,,False,True,392.0,True,True,False,82.0,,0,0,False,Other,Other,Other,Other,Other
2026-10-06,SCHK,37.45000076293945,37.61800003051758,37.45000076293945,37.4900016784668,1333000.0,250,49974172.23739624,60823743.604831696,48794327.17876737,0.0179460002098499,0.0454045310816988,0.1867597000285104,0.1647478101454071,0.1266402079433727,0.2111018931567198,0.0029565642354417,0.0057500392577576,0.0394253262413996,0.0175363897020323,1.7047453629200338,36.80300186157226,35.15711438496908,0.0061525350837863,37.61800003051758,37.61800003051758,0.9965974174079713,0.3370216322200576,0.0089896403609294,36.5,36.00133308648239,36.00133308648239,-0.0397084162532714,Schwab 1000 Index ETF,P,True,False,False,False,False,False,False,False,False,,False,,,5700246528.0,Other,unknown,360.0,True,,False,True,293.0,True,True,False,83.0,,0,0,False,Other,Other,Other,Other,Other
2026-10-06,QQQI,56.66999816894531,56.84000015258789,56.61899948120117,56.65999984741211,4368500.0,250,247519209.3334198,229141426.35274887,251274719.11505443,0.0481630956531067,0.0606490512122313,0.2035591549865274,0.4034490361839635,0.1283799277378731,0.1750891435804076,0.0194313545208819,0.0077861208119968,0.0356409981145425,0.0175353278678878,3.4774259078066145,54.0285710144043,52.23856491088867,0.011622024035514,56.84000015258789,56.84000015258789,0.996833210684508,0.5523673172698625,0.0097488054845995,55.10100173950195,52.95000076293945,52.95000076293945,-0.0654782755817834,NEOS Nasdaq 100 High Income ETF,Q,True,False,False,False,False,False,False,False,False,,False,,,13110758400.0,Bond,unknown,196.0,True,,False,True,96.0,True,True,False,84.0,,0,0,False,Bond,Bond,Bond,Bond,Bond
2026-10-06,GSLC,148.08999633789062,148.63999938964844,148.08999633789062,148.16000366210938,129100.0,250,19127456.47277832,31752292.88017273,39908594.58383227,0.0177637237742629,0.0476072720226425,0.1742737926819209,0.1716707590823264,0.1384009883925353,0.2146614219536109,0.0030495119444564,0.006588893502606,0.0374098601463499,0.0173762318279163,1.4780370574911137,145.68437133789064,139.2403374226888,0.0062669576855152,148.63999938964844,148.63999938964844,0.9967707499360196,1.2585102568926616,0.008494264482895,144.53599548339844,142.60337780999734,142.60337780999734,-0.0375042232368214,Goldman Sachs ActiveBeta U.S. Large Cap Equity ETF,P,True,False,False,False,False,False,False,False,False,,False,,,15385732096.0,Factor / Style,unknown,166.0,True,,False,True,311.0,True,True,False,85.0,,0,0,False,Factor / Style,Factor / Style,Factor / Style,Factor / Style,Factor / Style
2026-10-06,TSPA,49.36000061035156,49.540000915527344,49.310001373291016,49.40999984741211,363400.0,250,17955593.94454956,18122647.948627472,17900305.231948126,0.0219235037589167,0.0479320943455914,0.189455916187595,0.1934306543937528,0.1272522244357692,0.2015055634762552,0.0042406776786911,0.0060994656273416,0.0381764211452915,0.0173264000586241,2.119031422266425,48.29690010070801,46.26013333638509,0.0064412228315045,49.540000915527344,49.540000915527344,0.9973758363804452,0.4581501007080078,0.0092724165578398,48.0099983215332,47.23500061035156,47.23500061035156,-0.0440194139602788,T. Rowe Price U.S. Equity Research ETF,P,True,False,False,False,False,False,False,False,False,,False,,,4062119424.0,US Equity,unknown,422.0,True,,False,True,410.0,True,True,False,86.0,,0,0,False,US Equity,US Equity,US Equity,US Equity,US Equity
2026-10-06,VONE,351.6700134277344,353.1600036621094,351.5899963378906,352.0400085449219,133200.0,250,46891729.1381836,44201115.51071167,32285465.865023173,0.0182293882563207,0.0445990241538316,0.1842018978196302,0.1681771061938471,0.1248631295375774,0.2121527838946894,0.0030657657646321,0.0055687737301694,0.0390789454211196,0.017297333822002,1.5865229753071286,345.56408325195315,330.25364400227863,0.0061914397967191,353.1600036621094,353.1600036621094,0.9968286467732086,3.0539732445955563,0.008675074339472,342.8500061035156,338.4061539771929,338.4061539771929,-0.0387281395205091,Vanguard Russell 1000 ETF,Q,True,False,False,False,False,False,False,False,False,,False,,,11460844544.0,US Equity,unknown,215.0,True,,False,True,348.0,True,True,False,87.0,,0,0,False,US Equity,US Equity,US Equity,US Equity,US Equity
2026-10-06,ILCG,120.52999877929688,121.11000061035156,120.4800033569336,120.55999755859376,47000.0,250,5666319.885253906,7190482.182884216,6929493.276166159,0.0448126426638066,0.0529239187434242,0.2375184380147912,0.2974084233372226,0.0972654434163882,0.165993631621502,0.0133276574002171,0.005147668423912,0.0394265481031418,0.0171452763116424,3.860152754413196,115.52283874511718,111.35859329223632,0.0082271867338463,121.11000061035156,121.11000061035156,0.9954586487574436,1.4001416835817757,0.0116136505634987,116.0999984741211,111.81999969482422,111.81999969482422,-0.072495006973783,iShares Morningstar Large-Cap Growth ETF,P,True,False,False,False,False,False,False,False,False,,False,,,3202697216.0,Factor / Style,unknown,486.0,True,,False,True,457.0,True,True,False,88.0,,0,0,False,Factor / Style,Factor / Style,Factor / Style,Factor / Style,Factor / Style
2026-10-06,DFUS,84.91000366210938,85.20999908447266,84.87000274658203,84.94999694824219,555000.0,250,47147248.306274414,68896807.8894043,55151665.63420372,0.0185124948500683,0.0442438071865343,0.1874718384369595,0.1705297678431795,0.121487798892309,0.2077584137591387,0.0031569314489802,0.0053750827497077,0.0389488517781722,0.0171259019096703,1.7945727672434957,83.37951416015625,79.65938583374023,0.0059870458204307,85.20999908447266,85.20999908447266,0.9969486898365916,0.7581203866017241,0.0089243132882468,82.66999816894531,81.5352981717263,81.5352981717263,-0.040196573268818,Dimensional U.S. Equity Market ETF,P,True,False,False,False,False,False,False,False,False,,False,,,21026164736.0,US Equity,unknown,129.0,True,,False,True,272.0,True,True,False,89.0,,0,0,False,US Equity,US Equity,US Equity,US Equity,US Equity
2026-10-06,IWB,425.1000061035156,427.0400085449219,425.1000061035156,425.6600036621094,691400.0,250,294301326.5319824,222896814.44259644,205056881.43717447,0.0182358623319747,0.0451469958039092,0.1827949794910803,0.1688076308382636,0.12559188754491,0.2093010746162865,0.0030783527165533,0.005670096419995,0.0382591856419451,0.0170762776476776,1.6534334438319795,417.8423284912109,399.437866007487,0.0061694245519865,427.0400085449219,427.0400085449219,0.9967684412345468,3.789024744598928,0.0089015287130586,414.260009765625,408.8299865722656,408.8299865722656,-0.0395386386906191,iShares Russell 1000 ETF,P,True,False,False,False,False,False,False,False,False,,False,,,48330235904.0,US Equity,unknown,59.0,True,,False,True,111.0,True,True,False,90.0,,0,0,False,US Equity,US Equity,US Equity,US Equity,US Equity
2026-10-06,AIA,145.80999755859375,146.00999450683594,144.4499969482422,144.6199951171875,299800.0,250,43357074.53613281,34562292.73742676,52742095.96349323,0.0036782482668265,0.0474396135692811,0.3447313755416168,0.0142972514404684,0.0563149312101426,0.1262704781144354,5.258884033128579e-05,0.0026715585747898,0.0435293956106869,0.0169718015373538,1.6232530341537237,139.10080047607423,131.05465738932293,0.015306145644514,147.41000366210938,150.82000732421875,0.9588913147729596,2.6259994506835938,0.0181579279445813,141.3699951171875,136.3000030517578,136.3000030517578,-0.0575300259047021,iShares Asia 50 ETF,Q,True,False,False,False,False,False,False,False,False,,False,,,5221864448.0,Country / Region,unknown,370.0,True,,False,True,281.0,True,True,False,91.0,,0,0,False,Country / Region,Country / Region,Country / Region,Country / Region,Country / Region
2026-10-06,SUSA,159.0,159.72999572753906,159.0,159.25,183100.0,250,29158675.0,6551104.153366089,6241971.427651057,0.016672615420104,0.0379635220239626,0.1927348894287399,0.1528784400596678,0.1056328537521318,0.2106120060378991,0.0025488834371402,0.004010195169873,0.0405922816960795,0.0168139254540453,1.7028392607558085,156.72843383789063,149.2927071126302,0.0050939270558214,159.72999572753906,160.0010991827497,0.995305662357408,1.320523704709467,0.0082921425727439,155.1199951171875,153.11000061035156,153.11000061035156,-0.0385557261516384,iShares ESG Optimized MSCI USA ETF,P,True,False,False,False,False,False,False,False,False,,False,,,4045895936.0,Country / Region,unknown,424.0,True,,False,True,458.0,True,True,False,92.0,,0,0,False,Country / Region,Country / Region,Country / Region,Country / Region,Country / Region
2026-10-06,SPTM,94.0199966430664,94.44000244140624,94.0199966430664,94.1500015258789,354400.0,250,33366760.540771484,44509970.533828735,43155579.34188843,0.0171915049492805,0.0435010662113077,0.1808141593259067,0.1613956644914061,0.1231167570540316,0.2100884303045591,0.0027746343648964,0.0053557102003289,0.0379869629096182,0.0167766486485801,1.7601877093826004,92.54956161499024,88.5358154296875,0.0055609819753834,94.44000244140624,94.44000244140624,0.9969292576447436,0.8246107268267202,0.0087584781036892,91.69000244140624,90.52430063657334,90.52430063657334,-0.0385098335692428,State Street SPDR Portfolio S&P 1500 Composite Stock Market ETF,P,True,False,False,False,False,False,False,False,False,,False,,,13582209024.0,Other,unknown,190.0,True,,False,True,307.0,True,True,False,93.0,,0,0,False,Other,Other,Other,Other,Other
2026-10-06,COPX,86.44000244140625,87.13999938964844,84.83999633789062,86.27999877929688,2249000.0,250,194043717.25463867,211857159.1073227,238757735.8506581,-0.0858232539716221,0.1812705051726646,0.1281365468257451,0.0,0.1266016127946204,0.0405564128218295,-0.0,0.0229491383069549,0.0051967586906286,0.0167358054412407,2.530377490314153,87.59259963989258,82.87538782755534,0.0203338513646658,96.5,97.58999633789062,0.8841069988420269,2.6625003814697266,0.0308588365686045,82.58000183105469,82.58000183105469,82.58000183105469,-0.0428835999141207,Global X Copper Miners ETF,P,True,False,False,False,False,False,False,False,False,,False,,,7154050560.0,Commodity,unknown,306.0,True,,False,True,98.0,True,True,False,94.0,,0,0,False,Commodity,Commodity,Commodity,Commodity,Commodity
2026-10-06,OMFL,71.04000091552734,71.30999755859375,71.0199966430664,71.19000244140625,367600.0,250,26169444.897460938,13797463.302764893,9591130.718388634,0.0207378660828345,0.0411496075081363,0.1666960913809927,0.2259490925040404,0.1394679379399594,0.2227606498135229,0.0046857020218867,0.0057390509061984,0.0371333296374043,0.0167270484621205,1.7735125530770564,70.19784133911133,67.05234906514485,0.0047965429317862,71.30999755859375,71.37049091219504,0.9974711050956504,0.5723331377389563,0.0080395156357807,69.52999877929688,68.67575367564504,68.67575367564504,-0.0353174417690264,Invesco Russell 1000 Dynamic Multifactor ETF,Z,True,False,False,False,False,False,False,False,False,,False,,,4719748608.0,Factor / Style,unknown,390.0,True,,False,True,454.0,True,True,False,95.0,,0,0,False,Factor / Style,Factor / Style,Factor / Style,Factor / Style,Factor / Style
2026-10-06,IWY,303.6300048828125,305.25,303.1199951171875,303.79998779296875,809300.0,250,245865330.1208496,99136072.94265749,99386622.3473443,0.0543646767659853,0.0675437433807453,0.2071139674118984,0.3662296520650278,0.118992381918221,0.1562177631770893,0.0199099566566345,0.0080371909085479,0.0323548807118193,0.0165483823396929,2.917727898195234,288.32288818359376,280.5787916056315,0.0113230565833368,305.25,305.25,0.9952497552595208,3.6974139031294175,0.0121705531655554,292.32000732421875,280.8699951171875,280.8699951171875,-0.0754772666133463,iShares Russell Top 200 Growth ETF,P,True,False,False,False,False,False,False,False,False,,False,,,16964288512.0,Factor / Style,unknown,153.0,True,,False,True,186.0,True,True,False,96.0,,0,0,False,Factor / Style,Factor / Style,Factor / Style,Factor / Style,Factor / Style
2026-10-06,SCHB,29.940000534057617,30.06999969482422,29.920000076293945,29.96999931335449,7369400.0,250,220860912.9398346,282011475.0049305,213370292.63708025,0.0162840504462122,0.042008298844341,0.1829944618108885,0.15033916927413,0.117022416448187,0.2067947989205383,0.0024481306165015,0.0049159126416423,0.0378423029337548,0.0164401492438817,1.7109175162186494,29.467729377746583,28.171258532206217,0.0055978223619543,30.06999969482422,30.06999969482422,0.9966744136187358,0.2715716364489168,0.0090614495385692,29.18000030517578,28.80165714833185,28.80165714833185,-0.0389837234498045,Schwab U.S. Broad Market ETF,P,True,False,False,False,False,False,False,False,False,,False,,,43229065216.0,Other,unknown,72.0,True,,False,True,110.0,True,True,False,97.0,,0,0,False,Other,Other,Other,Other,Other
2026-10-06,IWV,440.8200073242188,442.760009765625,440.8200073242188,441.4100036621094,159600.0,250,70449036.58447266,76172769.63607788,70422338.92991808,0.0155639610982769,0.041110786086663,0.1806784239383128,0.1467476970232598,0.1163027854178167,0.2080567269436344,0.0022839754477317,0.0047812989325949,0.0375913615139397,0.0162648208360656,1.618224427275086,434.19681762695313,415.16206136067706,0.0055213006836645,442.760009765625,442.8861831216825,0.996666910109572,3.87999677099333,0.0087900064312167,429.7300109863281,424.9299926757813,424.9299926757813,-0.0373349286368762,iShares Russell 3000 Fund,P,True,False,False,False,False,False,False,False,False,,False,,,19473276928.0,US Equity,unknown,138.0,True,,False,True,234.0,True,True,False,98.0,,0,0,False,US Equity,US Equity,US Equity,US Equity,US Equity
2026-10-06,VTI,382.1900024414063,383.8500061035156,382.0,382.5400085449219,3032600.0,250,1160090829.91333,1160941465.1405334,1155025282.9745822,0.0156393804626768,0.0414267839992557,0.1818474353443073,0.1466222241803384,0.1160403877360429,0.2060198534718794,0.0022930807482402,0.0048071800779309,0.0374641819838712,0.01623713074501,1.683472495562594,376.4024084472656,359.83782246907555,0.0055419262657052,383.8500061035156,384.15052366726695,0.99580759357824,3.4660510862714347,0.0090606237487559,372.5899963378906,368.0012573734976,368.0012573734976,-0.0380058316690212,Vanguard Morningstar Total Stock Market ETF,P,True,False,False,False,False,False,False,False,False,,False,,,2297940410368.0,US Equity,unknown,1.0,True,,False,True,27.0,True,True,False,99.0,,0,0,False,US Equity,US Equity,US Equity,US Equity,US Equity
2026-10-06,VTHR,342.8500061035156,343.739990234375,342.489990234375,342.69000244140625,62100.0,250,21281049.151611328,13822724.394226074,9520551.60444956,0.0156208720746873,0.0417974565120864,0.182031359457548,0.1448520180049163,0.1148496072888014,0.2057263365871607,0.0022627148430151,0.0048004214660838,0.0374486447251819,0.0162272996067682,1.6445903956596213,337.05442504882814,322.20387349446617,0.005619857062592,343.739990234375,343.739990234375,0.9969454011089812,3.021061632449056,0.0088157273656257,333.9700012207031,330.0582070844903,330.0582070844903,-0.0368607057892673,Vanguard Russell 3000 ETF,Q,True,False,False,False,False,False,False,False,False,,False,,,6104798208.0,US Equity,unknown,348.0,True,,False,True,455.0,True,True,False,100.0,,0,0,False,US Equity,US Equity,US Equity,US Equity,US Equity
2026-10-06,ITOT,169.8300018310547,170.52999877929688,169.77999877929688,169.91000366210938,860000.0,250,146122603.14941406,257397766.22169492,257046568.25614807,0.0159445833578912,0.041469000383657,0.1825110788512614,0.1480979297136513,0.1148939191580906,0.2055465683595259,0.0023613597854504,0.0047645359776467,0.0375145259454716,0.0162270324663854,1.6875477106868042,167.13222869873047,159.7737080891927,0.0055956962355729,170.52999877929688,170.56430224570445,0.9961639183874916,1.5200929673360748,0.0089464595054626,165.5,163.38999938964844,163.38999938964844,-0.0383732807482419,iShares Core S&P Total U.S. Stock Market ETF,P,True,False,False,False,False,False,False,False,False,,False,,,94139031552.0,Other,unknown,33.0,True,,False,True,93.0,True,True,False,101.0,,0,0,False,Other,Other,Other,Other,Other
2026-10-06,CALF,54.27000045776367,54.540000915527344,54.09999847412109,54.220001220703125,232400.0,250,12600728.283691406,30122771.786403656,30342143.31441001,-0.0336838240792989,0.0614778939054434,0.1980095782115958,0.0,0.1112492861133402,0.1673060925173038,-0.0,0.0068393718087322,0.0331282088115815,0.0160404647597295,0.396288777785528,55.79548530578613,50.64134399414063,0.0056421382158953,56.959999084472656,58.34000015258789,0.9293795179789348,0.6392505645751954,0.0117899400623972,53.11000061035156,53.11000061035156,53.11000061035156,-0.0204721612940083,Pacer US Small Cap Cash Cows ETF,Z,True,False,False,False,False,False,False,False,False,,False,,,3474337792.0,Factor / Style,unknown,469.0,True,,False,True,357.0,True,True,False,102.0,,0,0,False,Factor / Style,Factor / Style,Factor / Style,Factor / Style,Factor / Style
2026-10-06,DFAU,53.459999084472656,53.66999816894531,53.459999084472656,53.4900016784668,1540300.0,250,82390649.5853424,34213647.547187805,29553803.927515425,0.0123251408543694,0.0404180197078729,0.1756216811122848,0.1175315618231711,0.1171808851165768,0.2064108074721937,0.0014485930543046,0.0047362193240277,0.0362502130080108,0.0157661171134218,1.6208452269890996,52.7669947052002,50.44033325195313,0.0049428971940026,53.66999816894531,53.82648843295512,0.993748677198078,0.4676123706921427,0.0087420518979042,52.119998931884766,51.5816423157183,51.5816423157183,-0.0356769359294437,Dimensional US Core Equity Market ETF,P,True,False,False,False,False,False,False,False,False,,False,,,12301299712.0,Other,unknown,202.0,True,,False,True,361.0,True,True,False,103.0,,0,0,False,Other,Other,Other,Other,Other
2026-10-06,SPMO,153.43499755859375,153.75,152.74000549316406,152.99000549316406,1671200.0,250,255676897.18017575,306382924.4783783,293783543.89970565,0.018406133705334,0.0177296556142776,0.3156854934772128,0.1122168353429372,0.0242729489756256,0.1385715285088078,0.0020654780753115,0.0004303510260807,0.0437450213591946,0.0155904856426706,3.0738003218160133,148.64019073486327,140.9201176961263,0.0065218069523145,154.10899353027344,162.0356856194313,0.9441747656284026,2.265096016456023,0.0148055162764029,149.72999572753906,142.3677693905275,142.3677693905275,-0.0694309152313297,Invesco S&P 500 Momentum ETF,P,True,False,False,False,False,False,False,False,False,,False,,,22210627584.0,Factor / Style,unknown,125.0,True,,False,True,85.0,True,True,False,104.0,,0,0,False,Factor / Style,Factor / Style,Factor / Style,Factor / Style,Factor / Style
2026-10-06,MSLC,61.13999938964844,61.45000076293945,61.13999938964844,61.31999969482422,80500.0,250,4936259.97543335,4715547.215938568,4026215.2457040455,0.0147277740386211,0.0433894711110842,0.1693364092422464,0.1355880588965498,0.1217531867305242,0.2015433330386741,0.0019969102937636,0.0052828063783265,0.0341286243234833,0.0153788426591313,1.5784017466591695,60.42247985839844,57.86107330322265,0.0054881859885884,61.45000076293945,61.67599868774414,0.9942279168478116,0.4981496810913086,0.0081237717477248,59.73899841308594,59.060001373291016,59.060001373291016,-0.0368558110368673,Morgan Stanley Pathway Large Cap Equity ETF,P,True,False,False,False,False,False,False,False,False,,False,,,3979997184.0,Factor / Style,unknown,428.0,True,,False,True,463.0,False,False,False,105.0,,0,0,False,Factor / Style,Factor / Style,Factor / Style,Factor / Style,Factor / Style
2026-10-06,VONG,132.8800048828125,133.6300048828125,132.75,133.0,1008700.0,250,134157100.0,101879240.6961441,125386926.74783374,0.0513885354789989,0.0622085603674271,0.1987856026425225,0.3475766286924324,0.1131540797552811,0.1546962960980928,0.0178614539152318,0.007039152401277,0.0307513964464254,0.015338437817079,3.0328597477267727,126.72204788208008,123.33074462890625,0.0102046449634725,133.6300048828125,133.6300048828125,0.9952854534177036,1.592571724498012,0.0119742234924662,127.9499969482422,123.2529926394514,123.2529926394514,-0.073285769628185,Vanguard Russell 1000 Growth ETF,Q,True,False,False,False,False,False,False,False,False,,False,,,53361160192.0,Factor / Style,unknown,52.0,True,,False,True,154.0,True,True,False,106.0,,0,0,False,Factor / Style,Factor / Style,Factor / Style,Factor / Style,Factor / Style
2026-10-06,IWF,129.1699981689453,129.8000030517578,128.9499969482422,129.19000244140625,2417000.0,250,312252235.9008789,491396477.6379013,477815166.7270721,0.0510993090433429,0.0616275550824725,0.1984176508576838,0.3509155804046994,0.1118099964977371,0.1534656768681817,0.0179315436912237,0.0068905767179353,0.030450299091469,0.0151364795486721,3.0747980129193957,123.10228790283205,119.85664840698242,0.0101689416681829,129.8000030517578,129.8000030517578,0.9953004576578606,1.569727617069555,0.0121505347736292,124.13999938964844,119.7300033569336,119.7300033569336,-0.0732254733779668,iShares Russell 1000 Growth Fund,P,True,False,False,False,False,False,False,False,False,,False,,,128899137536.0,Factor / Style,unknown,21.0,True,,False,True,60.0,True,True,False,108.0,,0,0,False,Factor / Style,Factor / Style,Factor / Style,Factor / Style,Factor / Style
2026-10-06,MTUM,324.69000244140625,325.9599914550781,324.0299987792969,324.45001220703125,723600.0,250,234772028.8330078,528388844.0657044,481444154.7566248,0.0531735045422385,0.0325682746344371,0.3056134087594884,0.3211546768745131,0.0443000323797619,0.1320367313869368,0.017076919669548,0.0014427756208585,0.0403521955606227,0.015061072599776,8.057775579022431,307.7908251953125,295.5651308186849,0.0070898349608776,325.9599914550781,344.89467183233825,0.9407220195177568,4.6586755236097925,0.0143586850002554,311.9599914550781,297.1109985533259,297.1109985533259,-0.0842626371555207,iShares MSCI USA Momentum Factor ETF,Z,True,False,False,False,False,False,False,False,False,,False,,,29047369728.0,Country / Region,unknown,96.0,True,,False,True,59.0,True,True,False,109.0,,0,0,False,Country / Region,Country / Region,Country / Region,Country / Region,Country / Region
2026-10-06,VONV,110.16999816894533,110.61000061035156,110.16000366210938,110.37999725341795,620900.0,250,68534940.29464722,85090805.41793823,77605065.8749414,-0.0114089171532331,0.0305179533105586,0.1702524591497909,0.0,0.0990858065277068,0.2183918851139586,-0.0,0.0030238960173516,0.03718175549901,0.014979146835932,0.4949716781147559,111.35807861328124,104.4913134765625,0.0025912140997768,111.98259455577464,113.6462395478876,0.9712595655829568,0.8578647592266904,0.0077719222737172,108.16000366210938,108.16000366210938,108.16000366210938,-0.0201122816320766,Vanguard Russell 1000 Value ETF,Q,True,False,False,False,False,False,False,False,False,,False,,,21457317888.0,Factor / Style,unknown,127.0,True,,False,True,217.0,True,True,False,110.0,,0,0,False,Factor / Style,Factor / Style,Factor / Style,Factor / Style,Factor / Style
2026-10-06,IWD,251.25,252.2100067138672,250.8500061035156,251.7400054931641,1354600.0,250,341007011.44104004,434353369.3557739,410670313.6266072,-0.0112309981638467,0.0304246992643639,0.16972839993202,0.0,0.0987557785957751,0.2186246028433629,-0.0,0.0030046148643945,0.0371068040263773,0.0149403810710885,0.4929339128833541,253.95495391845705,238.34573598225916,0.0025733181553886,255.4263720647945,259.24244825546793,0.9710601299563772,1.9672335288493212,0.007814544712492,246.67999267578125,246.67999267578125,246.67999267578125,-0.0201001537577236,iShares Russell 1000 Value ETF,P,True,False,False,False,False,False,False,False,False,,False,,,79741509632.0,Factor / Style,unknown,36.0,True,,False,True,68.0,True,True,False,111.0,,0,0,False,Factor / Style,Factor / Style,Factor / Style,Factor / Style,Factor / Style
2026-10-06,GDX,87.72000122070312,88.91999816894531,86.66000366210938,88.22000122070312,14642600.0,250,1291770189.8742676,1855864623.641396,1931564927.184683,-0.1035464085175081,0.1997824382603195,-0.0710750754263286,0.0,0.1148104809684339,0.0,-0.0,0.0229371178257137,-0.0,0.0149091265867139,1.0524507061595467,91.93199981689452,88.44499974568684,0.03478317517975,101.4800033569336,105.66999816894533,0.8348632795437063,2.984000396728516,0.0338245336141328,85.98999786376953,85.98999786376953,85.98999786376953,-0.0252777525059733,VanEck Gold Miners ETF,P,True,False,False,False,False,False,False,False,False,,False,,,22753128448.0,Commodity,unknown,120.0,True,,False,True,15.0,True,True,False,112.0,,0,0,False,Commodity,Commodity,Commodity,Commodity,Commodity
2026-10-06,FNDE,42.970001220703125,42.9900016784668,42.7599983215332,42.880001068115234,1692200.0,250,72561537.8074646,85378749.13444519,58628106.68811496,-0.0016297949611357,0.0744174701092039,0.1265755115536093,0.0,0.1924822528815426,0.1222881189355523,-0.0,0.0143240423003644,0.0154786812111961,0.0147281659191555,1.6960538039955224,41.93919982910156,40.47789403279622,0.007892184678756,43.08000183105469,43.18000030517578,0.9930523567637728,0.431500244140625,0.0100629718608258,41.43000030517578,41.43000030517578,41.43000030517578,-0.0338153154575746,Schwab Fundamental Emerging Markets Equity ETF,P,True,False,False,False,False,False,False,False,False,,False,,,9189189632.0,Country / Region,unknown,261.0,True,,False,True,262.0,True,True,False,113.0,,0,0,False,Country / Region,Country / Region,Country / Region,Country / Region,Country / Region
2026-10-06,PVAL,53.290000915527344,53.494998931884766,53.244998931884766,53.43000030517578,1346300.0,250,71932809.41085815,88886093.79943848,89988076.14855085,-0.0071107532660275,0.0425917673061877,0.14773742634049,0.0,0.136438954843531,0.2073417766356071,-0.0,0.0058111762161951,0.0306321404530093,0.0144985136990801,0.9341659183284348,53.67802345275879,50.70361740112305,0.0034096815581421,53.96237763488525,54.60122088992957,0.9785495531846286,0.4443854468207014,0.0083171522418586,52.19557374711008,52.19557374711008,52.19557374711008,-0.0231036225157222,Putnam Focused Large Cap Value ETF,P,True,False,False,False,False,False,False,False,False,,False,,,11873768448.0,Factor / Style,unknown,207.0,True,,False,True,200.0,True,True,False,114.0,,0,0,False,Factor / Style,Factor / Style,Factor / Style,Factor / Style,Factor / Style
2026-10-06,PRF,55.18999862670898,55.41999816894531,55.18999862670898,55.31999969482422,518900.0,250,28705547.841644287,19914343.443069454,16883043.928624712,-0.0083556488208184,0.0289573560934006,0.1566605259629574,0.0,0.1003244376422395,0.2289709303308333,-0.0,0.0029051304656765,0.035870706375856,0.0144430820342393,0.7515271657263416,55.49266716003418,52.699466603597,0.002487867043371,55.88578435506289,56.46377366686215,0.979743224765914,0.4249766823391653,0.0076821526515468,54.16999816894531,54.16999816894531,54.16999816894531,-0.0207881694183469,Invesco RAFI US 1000 ETF,P,True,False,False,False,False,False,False,False,False,,False,,,9686064128.0,Other,unknown,253.0,True,,False,True,417.0,True,True,False,115.0,,0,0,False,Other,Other,Other,Other,Other
2026-10-06,GNR,74.83999633789062,75.43000030517578,74.37999725341797,75.08999633789062,245900.0,250,18464630.099487305,38132666.65893555,23625321.805923704,-0.0542821801657461,0.1101418837295602,0.0133293083758514,0.0,0.1982964738259116,0.013454993367286,-0.0,0.0218407471641153,0.0001793457557875,0.0142592566712006,0.9869524238019928,76.1631999206543,73.24220581054688,0.0122162541595758,80.58000183105469,80.58000183105469,0.9318688834895476,1.066999435424805,0.0142096083028624,73.2300033569336,73.2300033569336,73.2300033569336,-0.0247701834021594,State Street SPDR S&P Global Natural Resources ETF,P,True,False,False,False,False,False,False,False,False,,False,,,4480049664.0,Global Equity,unknown,403.0,True,,False,True,384.0,True,True,False,116.0,,0,0,False,Global Equity,Global Equity,Global Equity,Global Equity,Global Equity
2026-10-06,AVUS,130.7100067138672,131.24000549316406,130.69000244140625,130.75999450683594,969500.0,250,126771814.67437744,46177635.82565308,39551102.35371666,0.0046096406564655,0.0333817355545658,0.1670051683584035,0.0451800895535764,0.1018209431357342,0.2017610159330169,0.0002082639776689,0.0033989597976735,0.033695132434056,0.0140026202204074,2.0165965397203807,129.645029296875,124.05589294433594,0.0031238135751479,131.24000549316406,132.51259007111668,0.9867741203810132,1.1044971466064453,0.0084467512466032,127.50499725341795,126.66000366210938,126.66000366210938,-0.0313550857828479,Avantis U.S. Equity ETF,P,True,False,False,False,False,False,False,False,False,,False,,,13827512320.0,US Equity,unknown,182.0,True,,False,True,313.0,True,True,False,117.0,,0,0,False,US Equity,US Equity,US Equity,US Equity,US Equity
2026-10-06,DCOR,84.51000213623047,84.75800323486328,84.43000030517578,84.48999786376953,75200.0,250,6353647.839355469,10674916.702728271,10769235.935283843,0.0060218105311735,0.0358024900362352,0.1634012079366085,0.0500045261156875,0.1033486203606356,0.2020121259538584,0.0003011177819697,0.0037001379507203,0.0330090253987027,0.0139582485575141,1.2974393846809746,83.90144622802734,80.11167907714844,0.0036574277820682,84.75800323486328,85.69049108936518,0.9859903565689258,0.8106970162762501,0.0095951832971212,82.3499984741211,82.02858853278683,82.02858853278683,-0.0291325528845609,US Core Equity 1 Portfolio ETF Class Shares,P,True,False,False,False,False,False,False,False,False,,False,,,3237994240.0,Other,unknown,482.0,True,,False,True,450.0,True,True,False,118.0,,0,0,False,Other,Other,Other,Other,Other
2026-10-06,DUHP,42.630001068115234,42.810001373291016,42.619998931884766,42.65999984741211,1117800.0,250,47685347.829437256,36307298.19478989,30950406.23882233,0.0157509079988094,0.0331834518997746,0.1606896967599782,0.1511199882877041,0.1030946714107426,0.2062467911733588,0.0023802770323007,0.0034210370698814,0.0331417343313655,0.0138232811114008,1.7521648117005684,42.08017753601074,40.38355857849121,0.0045125921278275,42.810001373291016,42.81689888412259,0.996335581492366,0.3654873939131331,0.0085674494894613,41.7599983215332,41.01040131343814,41.01040131343814,-0.0386685077326375,US High Relative Profitability Portfolio ETF Class Shares,P,True,False,False,False,False,False,False,False,False,,False,,,12324184064.0,Other,unknown,201.0,True,,False,True,356.0,True,True,False,119.0,,0,0,False,Other,Other,Other,Other,Other
2026-10-06,FNDX,31.93000030517578,32.04999923706055,31.90999984741211,32.0,2933800.0,250,93881600.0,111615798.72599602,90526784.24065907,-0.0104836541695217,0.0314612218117824,0.1453822784464455,0.0,0.1080713272618376,0.2279317290999039,-0.0,0.0034000559984784,0.033137234106782,0.0138080683363846,0.7326085742803423,32.12679344177246,30.538401781717937,0.0023988001007644,32.398808987159505,32.72757662032962,0.9777686985880382,0.2450420480999236,0.0076575640031226,31.32999992370605,31.32999992370605,31.32999992370605,-0.0209375023841857,Schwab Fundamental U.S. Large Company ETF,P,True,False,False,False,False,False,False,False,False,,False,,,25939793920.0,Other,unknown,107.0,True,,False,True,199.0,True,True,False,120.0,,0,0,False,Other,Other,Other,Other,Other
2026-10-06,GRNY,28.690000534057617,28.8799991607666,28.649999618530277,28.76000022888184,1051900.0,250,30252644.240760803,32880634.107875824,33266828.30905006,0.0207677534688348,0.0452394557207267,0.1889710868000005,0.1293630773616301,0.0963549248761716,0.1656697800535667,0.0026865804986161,0.0043590443574095,0.0313067983866395,0.01379075826764,1.9481775177548184,27.80648811340332,26.786435737609864,0.0059740456079229,28.8799991607666,28.8799991607666,0.9958449122101158,0.3662575948520718,0.0127349649491401,27.69099998474121,26.945529755943717,26.945529755943717,-0.0630900715750331,Fundstrat Granny Shots US Large Cap ETF,P,True,False,False,False,False,False,False,False,False,,False,,,4392313856.0,Factor / Style,unknown,405.0,True,,False,True,346.0,True,True,False,121.0,,0,0,False,Factor / Style,Factor / Style,Factor / Style,Factor / Style,Factor / Style
2026-10-06,PTLC,60.77000045776367,61.03799819946289,60.77000045776367,60.83000183105469,76300.0,250,4641329.139709473,5891749.574012756,5869871.354608688,0.0192694624664599,0.0457281029025276,0.1514291069983915,0.1794073118361478,0.1290637352418788,0.1862197432609233,0.0034570824616351,0.0059018397661252,0.0281990894274713,0.0137058771475963,1.6052853213326193,59.6665998840332,57.45694651285808,0.0063620143402105,61.03799819946289,61.03799819946289,0.9965923461688816,0.5244499206542969,0.0086215667412088,59.29999923706055,58.45000076293945,58.45000076293945,-0.0391254479117935,Pacer Trendpilot US Large Cap ETF,Z,True,False,False,False,False,False,False,False,False,,False,,,3292433408.0,Factor / Style,unknown,478.0,True,,False,True,460.0,True,True,False,122.0,,0,0,False,Factor / Style,Factor / Style,Factor / Style,Factor / Style,Factor / Style
2026-10-06,DFAC,45.43000030517578,45.58000183105469,45.369998931884766,45.43999862670898,1963900.0,250,89239613.30299377,90138529.71086502,91269254.50141545,0.0034703302976051,0.0340028091752966,0.1600774902764643,0.0335944285195862,0.1037917276311068,0.2001580615660759,0.0001165837631222,0.0035292103086148,0.0320408001540994,0.0135082667545344,1.7013345111750284,45.183466796875,43.18004908243815,0.0029873142385556,45.58000183105469,46.24578418385755,0.9825760213310464,0.3937877617309467,0.00866610417324,44.2599983215332,44.09739541416794,44.09739541416794,-0.0295467265210672,U.S. Core Equity 2 Portfolio ETF Class Shares,P,True,False,False,False,False,False,False,False,False,,False,,,47398703104.0,Other,unknown,62.0,True,,False,True,198.0,True,True,False,123.0,,0,0,False,Other,Other,Other,Other,Other
2026-10-06,EWY,190.2100067138672,190.38999938964844,186.33999633789065,186.3999938964844,9935100.0,250,1851902579.360962,2328959834.981232,3072678974.866353,-0.0184824901160555,0.0201400648598741,0.4655239430658469,0.0,0.0120284770848364,0.0816993715879956,-0.0,0.0002422543086541,0.0380330136076455,0.0134690200633011,1.2856112770033132,177.72439971923828,170.17653315226238,0.0213717280798428,193.92999267578125,220.88999938964844,0.8438589090114309,6.017499542236328,0.0322827239231461,180.38999938964844,173.89999389648438,173.89999389648438,-0.0670600880327376,iShares MSCI South Korea ETF,P,True,False,False,False,False,False,False,False,False,,False,,,24467890176.0,Country / Region,unknown,113.0,True,,False,True,11.0,True,True,False,124.0,,0,0,False,Country / Region,Country / Region,Country / Region,Country / Region,Country / Region
2026-10-06,CGUS,45.4900016784668,45.69499969482422,45.415000915527344,45.560001373291016,937400.0,250,42707945.287323,44152510.97597122,50098708.7932405,0.0147111386799583,0.0335490093895585,0.1688609574588857,0.1243518553096874,0.0933606326229882,0.193274490728061,0.0018293573885709,0.0031321567404837,0.0326365155567189,0.013458682326166,2.263730108024917,44.96780647277832,43.103635203043616,0.0031673939573984,45.69499969482422,46.70184632234249,0.9755503253303884,0.4419345859094395,0.0097000564659446,44.2807227542967,43.476343461767584,43.476343461767584,-0.0457343689358391,Capital Group Core Equity ETF,P,True,False,False,False,False,False,False,False,False,,False,,,11122103296.0,Other,unknown,225.0,True,,False,True,290.0,True,True,False,125.0,,0,0,False,Other,Other,Other,Other,Other
2026-10-06,EMXC,102.6999969482422,102.79000091552734,101.87000274658205,101.88999938964844,2857500.0,250,291150673.2559204,188804678.17569733,196664177.47205704,0.0003927434082142,0.0478198439740138,0.2822992372029571,0.0015911278009751,0.057828672056868,0.1173415911388499,6.249049554594717e-07,0.0027653580749838,0.0331254416706786,0.013391387333477,3.3141424098412826,97.6854002380371,93.32906972249349,0.0147487811098796,102.99500274658205,107.12000274658205,0.95117622084732,1.784499740600586,0.0175139832298584,98.20999908447266,96.4800033569336,96.4800033569336,-0.0530964379735238,iShares MSCI Emerging Markets ex China ETF,Q,True,False,False,False,False,False,False,False,False,,False,,,26057398272.0,Country / Region,unknown,106.0,True,,False,True,116.0,True,True,False,126.0,,0,0,False,Country / Region,Country / Region,Country / Region,Country / Region,Country / Region
2026-10-06,IMCG,96.94000244140624,97.5199966430664,96.94000244140624,97.33000183105467,100100.0,250,9742733.183288574,13798413.614616394,13294678.649454268,0.0145860022351174,0.012479367060217,0.2139937937783051,0.1039816486297704,0.0285356617736463,0.1731499603882345,0.001516676559325,0.0003561069975795,0.0370530169160415,0.0132000254690412,1.386571612650351,96.35758209228516,91.48254608154296,-0.0005966739141307,97.5199966430664,100.59155642235018,0.9675762588104182,1.073267020513613,0.0110270933969218,93.52999877929688,92.4499969482422,92.4499969482422,-0.0501387526045998,iShares Morningstar Mid-Cap Growth ETF,P,True,False,False,False,False,False,False,False,False,,False,,,4006894848.0,Factor / Style,unknown,425.0,True,,False,True,438.0,True,True,False,127.0,,0,0,False,Factor / Style,Factor / Style,Factor / Style,Factor / Style,Factor / Style
2026-10-06,FV,74.72000122070312,75.0,74.2300033569336,74.44300079345703,58400.0,250,4347471.246337891,6200755.157470703,5134167.363884335,0.0250750337939664,0.0345627809691799,0.2148667454299904,0.2029422468004639,0.0645152607637585,0.1562324652927091,0.0050887836967451,0.0022298268269473,0.0335691613479483,0.0131985939092976,4.917979438765297,72.83617980957031,69.50700347900391,0.0099858516682413,75.0,76.08000183105469,0.9784831624842384,0.854150390625,0.0114738844689355,73.31999969482422,71.08599853515625,71.08599853515625,-0.0450949346818355,First Trust Dorsey Wright Focus 5 ETF,Q,True,False,False,False,False,False,False,False,False,,False,,,3943691776.0,Other,unknown,435.0,True,,False,True,462.0,True,True,False,128.0,,0,0,False,Other,Other,Other,Other,Other
2026-10-06,EWJ,99.79000091552734,99.9800033569336,99.30999755859376,99.31999969482422,3544000.0,250,351990078.91845703,396559539.6153259,377897395.6699553,0.0138832240002249,0.0732656009533196,0.1678123149792776,0.0737527348314086,0.1189473151632435,0.1237588282985857,0.0010239257382936,0.0087147465272189,0.0207682554759086,0.0129334746592603,2.0617176546549443,96.29440017700196,91.74627268473309,0.012095401229206,99.9800033569336,99.9800033569336,0.9933986433291752,1.4725006103515623,0.0148258217365691,95.11000061035156,95.11000061035156,95.11000061035156,-0.0423882309445078,iShares MSCI Japan Index Fund,P,True,False,False,False,False,False,False,False,False,,False,,,22312462336.0,Country / Region,unknown,123.0,True,,False,True,75.0,True,True,False,129.0,,0,0,False,Country / Region,Country / Region,Country / Region,Country / Region,Country / Region
2026-10-06,DFLV,40.68000030517578,40.86000061035156,40.68000030517578,40.77000045776367,1042600.0,250,42506802.4772644,27302499.246196747,26649098.611831665,-0.0197695861072227,0.0342335240690132,0.1390245638820153,0.0,0.1237019242537091,0.2085094575191261,-0.0,0.0042347528013226,0.0289879363968721,0.0128983670597649,0.7343883999625994,41.25971801757812,38.96756406148275,0.0026603308744346,41.64705623566225,42.18999507361452,0.9663428589320006,0.325417808328952,0.0079817955524938,39.93000030517578,39.93000030517578,39.93000030517578,-0.0206033883531128,Dimensional US Large Cap Value ETF,P,True,False,False,False,False,False,False,False,False,,False,,,6419725824.0,Factor / Style,unknown,335.0,True,,False,True,368.0,True,True,False,130.0,,0,0,False,Factor / Style,Factor / Style,Factor / Style,Factor / Style,Factor / Style
2026-10-06,FRDM,72.72000122070312,72.72000122070312,71.44000244140625,71.45999908447266,306100.0,250,21873905.71975708,22814046.050949097,19471681.737881616,-0.0058009420599983,0.0468535564825498,0.2910846027036755,0.0,0.053622356411996,0.1104220513891652,-0.0,0.0025123981048768,0.03214215895834,0.0128828144035889,4.193588265137612,68.6358171081543,65.61761151631673,0.0157657882918422,73.31110976778571,76.23721253902983,0.9373375114926786,1.4305094870343469,0.020018325012058,69.01000213623047,67.52470181780353,67.52470181780353,-0.0550699316692856,Freedom 100 Emerging Markets ETF,Z,True,False,False,False,False,False,False,False,False,,False,,,3602242816.0,Country / Region,unknown,458.0,True,,False,True,403.0,True,True,False,131.0,,0,0,False,Country / Region,Country / Region,Country / Region,Country / Region,Country / Region
2026-10-06,CGGR,48.619998931884766,48.685001373291016,48.4370002746582,48.470001220703125,1644700.0,250,79718611.00769043,125510988.05168152,119567571.98150878,0.0323748761035911,0.0446120609213709,0.1930620146013035,0.224852194551866,0.0873049813126364,0.1517336693726331,0.0072795619402372,0.0038948551450584,0.0292940078919286,0.012784558606463,2.120112117270702,46.87040023803711,45.34801801045736,0.010185829850259,48.685001373291016,48.685001373291016,0.9955838523873218,0.5817996978759765,0.0120032944754181,47.17499923706055,45.72999954223633,45.72999954223633,-0.0565298454602978,Capital Group Growth ETF,P,True,False,False,False,False,False,False,False,False,,False,,,24842137600.0,Factor / Style,unknown,111.0,True,,False,True,159.0,True,True,False,132.0,,0,0,False,Factor / Style,Factor / Style,Factor / Style,Factor / Style,Factor / Style
2026-10-06,DFUV,55.77999877929688,55.93000030517578,55.72999954223633,55.79999923706055,259200.0,250,14463359.802246094,16907813.89892578,21190077.44370718,-0.0196687057011962,0.0289606759514606,0.1468786098117018,0.0,0.1026896920703532,0.2026426028300868,-0.0,0.0029739628956047,0.029763863792308,0.0123504282094509,0.8797399561047694,56.42619499206543,53.3447289276123,0.0023484427446527,56.95938053958997,57.67673006882188,0.9674612130486256,0.4470695032306032,0.0080119983753274,54.630001068115234,54.630001068115234,54.630001068115234,-0.0209677094075699,Dimensional US Marketwide Value ETF,P,True,False,False,False,False,False,False,False,False,,False,,,15314369536.0,Factor / Style,unknown,168.0,True,,False,True,394.0,True,True,False,133.0,,0,0,False,Factor / Style,Factor / Style,Factor / Style,Factor / Style,Factor / Style
2026-10-06,SGOV,100.45500183105467,100.45999908447266,100.4499969482422,100.45999908447266,22533300.0,250,2263695297.370148,2231454832.712136,2082314286.1246984,0.0027989281031435,0.0090418009821371,0.0182486021935102,1.0,1.0,1.0,0.0027989281031435,0.0090418009821371,0.0182486021935102,0.0122641814061177,0.9904067812897088,100.10391052246094,99.38671717325846,0.001423992426508,100.45999908447266,100.45999908447266,1.0,0.0155154782235399,0.0001544443396868,100.30921111634558,100.17960293919676,100.17960293919676,-0.0027911223156603,iShares 0-3 Month Treasury Bond ETF,N,True,False,False,False,False,False,False,False,False,,False,,,95892447232.0,Bond,unknown,30.0,True,,False,True,14.0,True,True,False,134.0,,0,0,False,Bond,Bond,Bond,Bond,Bond
2026-10-06,URTH,209.6699981689453,210.33999633789065,209.5,209.72999572753903,574900.0,250,120573774.5437622,103845371.18492126,92418327.44532992,0.0052724479652119,0.0367788950928611,0.157080844504738,0.0458711276410943,0.1013900088874397,0.1759833118834171,0.0002418531335932,0.0037290125003354,0.0276436072493878,0.0120991206625037,1.2320493522335263,207.90940032958983,199.09802520751956,0.0049981743774767,210.3699951171875,211.94000244140625,0.9895724889666444,1.9630012512207031,0.0093596590435773,204.63999938964844,203.5500030517578,203.5500030517578,-0.0294664225512581,iShares MSCI World ETF,P,True,False,False,False,False,False,False,False,False,,False,,,8064359424.0,Country / Region,unknown,283.0,True,,False,True,195.0,True,True,False,135.0,,0,0,False,Country / Region,Country / Region,Country / Region,Country / Region,Country / Region
2026-10-06,PAAA,51.33000183105469,51.33000183105469,51.310001373291016,51.33000183105469,2487700.0,250,127693645.55511476,172213431.4779091,130060062.60190086,0.002690064615203,0.0112327277468673,0.0250500894376703,0.4632481264757211,0.6929874585622552,0.796026560604997,0.0012461673930914,0.0077841394540233,0.0199405365379163,0.0120388784333858,0.7804600107308942,51.130250778198246,50.63294530232747,0.0018824732715601,51.34174127407116,51.34174127407116,0.9997713470029423,0.0254397615768034,0.0004956119358915,51.2599983215332,51.20225364337309,51.20225364337309,-0.002488762577918,PGIM AAA CLO ETF,P,True,False,False,False,False,False,False,False,False,,False,,,10160844800.0,Other,unknown,246.0,True,,False,True,152.0,True,True,False,136.0,,0,0,False,Other,Other,Other,Other,Other
2026-10-06,ACWI,161.85000610351562,162.22999572753906,161.6300048828125,161.83999633789062,4665800.0,250,755113054.9133301,346662341.3529968,361271970.4263839,0.0044063267769058,0.0381013641690732,0.1618504828489142,0.0353404930807674,0.1007121284325154,0.1676449787474829,0.0001557217609708,0.0038372694816497,0.027133420757476,0.0119909224281889,1.6379223548213726,159.98879974365235,153.40327982584634,0.0056584833725874,162.4600067138672,162.8000030517578,0.9941031529737626,1.5680023193359376,0.0096885958651546,157.63999938964844,156.67999267578125,156.67999267578125,-0.0318833649213404,iShares MSCI ACWI ETF,Q,True,False,False,False,False,False,False,False,False,,False,,,33203742720.0,Country / Region,unknown,90.0,True,,False,True,76.0,True,True,False,137.0,,0,0,False,Country / Region,Country / Region,Country / Region,Country / Region,Country / Region
2026-10-06,GDXJ,113.2300033569336,114.5199966430664,111.61000061035156,113.5500030517578,2112700.0,250,239897091.44744876,437871524.852562,511738748.3830891,-0.1096910597721841,0.1877615571562565,-0.07615328558677,0.0,0.0968124884551972,0.0,-0.0,0.0181776635845199,-0.0,0.0118154813299379,0.953097334292596,119.33079971313477,115.70273345947264,0.0337972232357806,131.77000427246094,136.5500030517578,0.8315635336069374,4.293500900268555,0.0378115436801134,110.9800033569336,110.9800033569336,110.9800033569336,-0.0226331979370602,VanEck Junior Gold Miners ETF,P,True,False,False,False,False,False,False,False,False,,False,,,7078291968.0,Commodity,unknown,310.0,True,,False,True,55.0,True,True,False,138.0,,0,0,False,Commodity,Commodity,Commodity,Commodity,Commodity
2026-10-06,DISV,43.220001220703125,43.255001068115234,43.040000915527344,43.130001068115234,324300.0,250,13987059.34638977,12991144.82284546,13770666.462198893,-0.0276190508134701,0.0694273044750004,0.1024643182509832,0.0,0.1730308186481887,0.1093124315898777,-0.0,0.0120130633298463,0.011200623779214,0.011728709487125,0.8654641146708418,43.584436874389645,41.37149225870768,0.0100799241418161,44.48920961485537,44.851963172523305,0.9616078766098926,0.4957742164257315,0.0114948806897258,42.45000076293945,42.45000076293945,42.45000076293945,-0.0157662946518795,Dimensional International Small Cap Value ETF,Z,True,False,False,False,False,False,False,False,False,,False,,,4663429632.0,Factor / Style,unknown,394.0,True,,False,True,434.0,True,True,False,139.0,,0,0,False,Factor / Style,Factor / Style,Factor / Style,Factor / Style,Factor / Style
2026-10-06,TFLO,50.540000915527344,50.540000915527344,50.52999877929688,50.540000915527344,2314500.0,250,116974832.11898804,110920958.56149672,83301315.57465205,0.0033662496083664,0.0097949382961264,0.0195701951001558,0.8096209540809821,0.8913797408650779,0.8748228365417693,0.0027253862196003,0.0087310095601906,0.0171204535891942,0.0116673149703418,1.048606275548005,50.34476150512696,49.96290603637695,0.0015236213658511,50.540000915527344,50.540000915527344,1.0,0.0169578769116114,0.0003355337674004,50.46015930175781,50.38041305541992,50.38041305541992,-0.0031576544759893,iShares Treasury Floating Rate Bond ETF,P,True,False,False,False,False,False,False,False,False,,False,,,6588089856.0,Bond,unknown,327.0,True,,False,True,209.0,True,True,False,140.0,,0,0,False,Bond,Bond,Bond,Bond,Bond
2026-10-06,JAAA,50.5,50.5099983215332,50.4900016784668,50.5,9529900.0,250,481259950.0,412630920.0882912,329291799.4298118,0.0024137548513427,0.0115117266245152,0.0247747639652688,0.5594320913988874,0.72822845321359,0.6978304951703987,0.0013503319246108,0.0083831668735884,0.0172885858056133,0.0115000634997971,0.9374490661104076,50.30893035888672,49.81537755330404,0.0019538967642123,50.5099983215332,50.5099983215332,0.9998020526259068,0.0259263959386416,0.000513393978983,50.45000076293945,50.35847815578502,50.35847815578502,-0.0028024127567322,Janus Henderson AAA CLO ETF,P,True,False,False,False,False,False,False,False,False,,False,,,28412567552.0,Other,unknown,98.0,True,,False,True,79.0,True,True,False,141.0,,0,0,False,Other,Other,Other,Other,Other
2026-10-06,BLCR,50.369998931884766,50.5620002746582,50.220001220703125,50.470001220703125,950200.0,250,47956595.15991211,162161702.64867783,64407553.37631589,0.018923592405857,0.0242927971830417,0.1933533620498995,0.1415612136435519,0.0508521986480404,0.1577673207640152,0.002678846707469,0.0012353421480685,0.0305048418913272,0.0114796670582091,7.237620405001156,49.36215858459472,47.74885663350423,0.0028944990899928,50.5620002746582,50.95074132497224,0.9905646102143464,0.556393118225013,0.0110242342929997,48.762001037597656,48.02000045776367,48.02000045776367,-0.0485437032629681,iShares Large Cap Core Active ETF,Q,True,False,False,False,False,False,False,False,False,,False,,,6449013248.0,Factor / Style,unknown,334.0,True,,False,True,251.0,True,True,False,142.0,,0,0,False,Factor / Style,Factor / Style,Factor / Style,Factor / Style,Factor / Style
2026-10-06,VBIL,75.55000305175781,75.55999755859375,75.54000091552734,75.55000305175781,6236800.0,250,471190259.0332031,285146593.3468628,220840716.28097048,0.0028873868490719,0.0091145992560108,0.0181965610267174,0.8450912971306616,0.9194851656146557,0.9444346605615236,0.0024401054976002,0.0083807388064243,0.0171854629366549,0.011462392252005,0.9748172113948828,75.28238967895508,74.7412032063802,0.0014404813857806,75.55999755859375,75.55999755859375,0.9998677275389244,0.0199540322336048,0.0002641168951367,75.43220173628248,75.33249489963289,75.33249489963289,-0.0028789959409519,Vanguard 0-3 Month Treasury Bill ETF,Q,True,False,False,False,False,False,False,False,False,,False,,,9348372480.0,Bond,unknown,257.0,True,,False,True,106.0,True,True,False,143.0,,0,0,False,Bond,Bond,Bond,Bond,Bond
2026-10-06,BIL,91.4499969482422,91.4499969482422,91.44000244140624,91.4499969482422,7851200.0,250,717992216.0400391,1114760735.9435654,908826136.1787463,0.0027684915163759,0.0089555334402176,0.0178924027134887,0.8635734975600845,0.9531629352899544,0.9418690937050184,0.0023907959017621,0.0085360825409651,0.0168523011279589,0.0114467590464129,0.9921620530806908,91.13115127563476,90.48961766560872,0.001399818643879,91.4499969482422,91.4499969482422,1.0,0.0191069124391027,0.0002089328931297,91.3171749846574,91.19751739501952,91.19751739501952,-0.0027608481317451,State Street SPDR Bloomberg 1-3 Month T-Bill ETF,P,True,False,False,False,False,False,False,False,False,,False,,,47077847040.0,Bond,unknown,64.0,True,,False,True,34.0,True,True,False,144.0,,0,0,False,Bond,Bond,Bond,Bond,Bond
2026-10-06,FLJP,42.2599983215332,42.42499923706055,42.13999938964844,42.13999938964844,513500.0,250,21638889.686584476,36517382.63999939,33448245.631475296,0.0127372932353435,0.0654867307850897,0.1543626068687553,0.0691002484776022,0.1113978743026691,0.1211240890887275,0.0008801501274943,0.0072950826044901,0.0186970301463393,0.0112857642441373,1.9666354273386923,40.99240036010743,39.18808133443196,0.0111194431031325,42.42499923706055,42.42499923706055,0.9932822662925792,0.6022489547729493,0.0142916222946336,40.5,40.5,40.5,-0.038917878818273,Franklin FTSE Japan ETF,P,True,False,False,False,False,False,False,False,False,,False,,,3791726592.0,Country / Region,unknown,447.0,True,,False,True,345.0,True,True,False,145.0,,0,0,False,Country / Region,Country / Region,Country / Region,Country / Region,Country / Region
2026-10-06,COWZ,67.72000122070312,68.01699829101562,67.66999816894531,67.91999816894531,779200.0,250,52923262.57324219,71541028.17844391,68343347.61549328,-0.0292983137915288,0.0739947325771319,0.0979415715282403,0.0,0.1505220996285213,0.1146186944613793,-0.0,0.0111378425089608,0.0112259350620627,0.0111686749025465,0.6280485442146138,69.31329864501953,64.97146560668945,0.0094791989209017,70.81500244140625,72.47799682617188,0.9371119669855352,0.662350082397461,0.0097519154925464,66.58499908447266,66.58499908447266,66.58499908447266,-0.0196554640821979,Pacer US Cash Cows 100 ETF,Z,True,False,False,False,False,False,False,False,False,,False,,,17594638336.0,Other,unknown,149.0,True,,False,True,240.0,True,True,False,146.0,,0,0,False,Other,Other,Other,Other,Other
2026-10-06,BBJP,80.2300033569336,80.5199966430664,80.00499725341797,80.0199966430664,1079400.0,250,86373584.37652588,81224340.03456116,104149850.07692368,0.012911349912233,0.0702153301552521,0.1475690920802117,0.0683185949241276,0.1148795808476602,0.1134133557884596,0.0008820852845775,0.0080663076973154,0.016736305943473,0.0111008070834706,2.2816727966740205,77.6975,74.53026682535807,0.0116453615848,80.5199966430664,80.5199966430664,0.9937903623839376,1.171600341796875,0.0146413445506985,76.73999786376953,76.73999786376953,76.73999786376953,-0.0409897390264522,JPMorgan BetaBuilders Japan ETF,Z,True,False,False,False,False,False,False,False,False,,False,,,17599494144.0,Country / Region,unknown,148.0,True,,False,True,177.0,True,True,False,147.0,,0,0,False,Country / Region,Country / Region,Country / Region,Country / Region,Country / Region
2026-10-06,AVLV,92.18000030517578,92.6050033569336,92.0,92.33999633789062,946700.0,250,87418274.53308105,122278612.7136612,157149564.2242795,-0.0141988027869485,0.021483568109986,0.1420286824686836,0.0,0.0761903593159745,0.201542860341066,-0.0,0.001636840773689,0.0286248669152115,0.0110826499232219,1.2673277315877354,93.02993362426758,88.78493311564128,-0.0004530054905302,93.87000274658205,95.08142113780632,0.9711676080656976,0.7669509887695313,0.0083057290360192,89.98500061035156,89.98500061035156,89.98500061035156,-0.025503528491832,Avantis U.S. Large Cap Value ETF,P,True,False,False,False,False,False,False,False,False,,False,,,16735772672.0,Factor / Style,unknown,157.0,True,,False,True,138.0,True,True,False,148.0,,0,0,False,Factor / Style,Factor / Style,Factor / Style,Factor / Style,Factor / Style
2026-10-06,DXJ,183.8500061035156,184.63999938964844,183.6100006103516,183.8800048828125,220800.0,250,40600705.078125,34566260.94604492,47567431.42983573,0.0477401149346239,0.056707503570657,0.1504911762414591,0.2883885846458792,0.109647738143237,0.1331208100791016,0.0137677041768277,0.006217849502272,0.0200335072910198,0.0110533297283338,2.523566817761755,178.3398275756836,170.32492451985678,0.0059150462301147,184.63999938964844,184.63999938964844,0.9958839118861124,2.164444678966427,0.0117709627011693,177.57000732421875,172.8527193288496,172.8527193288496,-0.0599700090338296,WisdomTree Japan Hedged Equity Fund,P,True,False,False,False,False,False,False,False,False,,False,,,7079662592.0,Country / Region,unknown,308.0,True,,False,True,298.0,True,True,False,149.0,,0,0,False,Country / Region,Country / Region,Country / Region,Country / Region,Country / Region
2026-10-06,USFR,50.40999984741211,50.41999816894531,50.40999984741211,50.40999984741211,5822400.0,250,293507183.11157227,376513250.6118012,298664208.01219034,0.0031385372905599,0.0097256940743364,0.0196343208530354,0.725032880315651,0.8026383826663808,0.8595019269677533,0.0022755427317527,0.0078062153621333,0.016875736607887,0.0109805477981471,0.9302083941590952,50.22416763305664,49.83598569234212,0.0015617087010539,50.41999816894531,50.41999816894531,0.9998016992880544,0.0173670566740803,0.0003445161024925,50.34199905395508,50.25228118896485,50.25228118896485,-0.0031287176934075,WisdomTree Floating Rate Treasury Fund,P,True,False,False,False,False,False,False,False,False,,False,,,17754787840.0,Bond,unknown,144.0,True,,False,True,84.0,True,True,False,150.0,,0,0,False,Bond,Bond,Bond,Bond,Bond
2026-10-06,BILS,99.12000274658205,99.12000274658205,99.11000061035156,99.12000274658205,404400.0,250,40084129.11071777,37057431.48536682,31777797.581603035,0.0024224446954472,0.0088549897870944,0.0175302689608343,0.8001835049444388,0.9161411091740244,0.915983581399346,0.001938400286937,0.0081124201652733,0.0160574385456388,0.0108931765984012,1.039417646645501,98.79143585205078,98.10686777750652,0.0013161894657267,99.12000274658205,99.12000274658205,1.0,0.0236461356159047,0.0002385606836226,98.94027709960938,98.87049865722656,98.87049865722656,-0.0025171921150302,State Street SPDR Bloomberg 3-12 Month T-Bill ETF,P,True,False,False,False,False,False,False,False,False,,False,,,3866119680.0,Bond,unknown,443.0,True,,False,True,354.0,True,True,False,151.0,,0,0,False,Bond,Bond,Bond,Bond,Bond
2026-10-06,SIL,86.62999725341797,87.45999908447266,85.13999938964844,86.62999725341797,699300.0,250,60580357.07931519,82240194.77367401,96821061.60090612,-0.1205076420972794,0.1703593783063588,-0.0656023943452767,0.0,0.0981093964841983,0.0,-0.0,0.01671385579106,-0.0,0.010864006264189,1.0263509524186725,91.10940002441406,88.7992138671875,0.0304907808713095,102.0199966430664,104.48999786376952,0.8290745432530603,3.378499984741211,0.0389991930261536,84.47000122070312,84.47000122070312,84.47000122070312,-0.0249335807595171,Global X Silver Miners ETF,P,True,False,False,False,False,False,False,False,False,,False,,,4207305472.0,Commodity,unknown,414.0,True,,False,True,188.0,True,True,False,152.0,,0,0,False,Commodity,Commodity,Commodity,Commodity,Commodity
2026-10-06,FMDE,41.47999954223633,41.595001220703125,41.34999847412109,41.43999862670898,682900.0,250,28299375.062179565,36402408.10209274,36141480.404354274,-0.0036667129526618,0.0360773323584782,0.1402777394358236,0.0,0.1049293231230641,0.1697911844030417,-0.0,0.0037855700644609,0.0238179235241897,0.010796893775366,1.7882618527684926,41.545754776000976,39.46378415425618,0.0020291905413736,41.595001220703125,42.84895940441665,0.9671179697875596,0.3850381887214084,0.0092914623909577,40.22999954223633,40.22999954223633,40.22999954223633,-0.0291988205736277,Fidelity Enhanced Mid Cap Core ETF,P,True,False,False,False,False,False,False,False,False,,False,,,7389860352.0,Factor / Style,unknown,299.0,True,,False,True,330.0,True,True,False,153.0,,0,0,False,Factor / Style,Factor / Style,Factor / Style,Factor / Style,Factor / Style
2026-10-06,IQMM,100.06999969482422,100.06999969482422,100.05999755859376,100.05999755859376,23500.0,159,2351409.942626953,165989825.65979004,190170344.62696865,0.0028015607996805,0.008952049739747,0.0177998077093362,0.8588842006563525,0.910104099046606,0.8725107179403295,0.0024062163080237,0.0081472971630129,0.0155305230036727,0.0107314262072438,1.043375438680011,99.71437042236327,99.01759246826173,0.0013767411092457,100.06999969482422,100.06999969482422,0.999900048603368,0.0281017310637018,0.0002808488082087,99.90515899658205,99.7904402415653,99.7904402415653,-0.0026939568619377,ProShares GENIUS Money Market ETF,P,True,False,False,False,False,False,False,False,False,,False,,,20518305792.0,Other,unknown,132.0,True,,False,True,119.0,False,False,False,154.0,,0,0,False,Other,Other,Other,Other,Other
2026-10-06,TBIL,49.880001068115234,49.88999938964844,49.869998931884766,49.880001068115234,2876400.0,250,143474835.07232666,116394906.7906952,91595197.95009674,0.0025482062192332,0.0088744270767588,0.0180304554047416,0.8641220977093679,0.8801374318006168,0.8936782718088432,0.0022019613035598,0.0078107154560404,0.0161134262260359,0.0107166642255388,0.9796615079862728,49.71118698120117,49.35738632202148,0.0013848006948775,49.88999938964844,49.88999938964844,0.9997995926707652,0.0114784471608697,0.0002301212292516,49.80306243896485,49.74325269027783,49.74325269027783,-0.0027415472114898,F/m US Treasury 3 Month Bill Fund,Q,True,False,False,False,False,False,False,False,False,,False,,,7079277056.0,Bond,unknown,309.0,True,,False,True,196.0,True,True,False,155.0,,0,0,False,Bond,Bond,Bond,Bond,Bond
2026-10-06,VT,160.6699981689453,161.22000122070312,160.60000610351562,160.6999969482422,1505900.0,250,241998125.4043579,435988675.2152252,386700259.2920213,0.0011983995861215,0.0340340763935349,0.1538917916138567,0.009929831084168,0.0906300469024487,0.1604805622639271,1.189990546152395e-05,0.0030845099398275,0.0246966412459948,0.0106487558969861,1.589456586596545,159.3209552001953,152.99498443603517,0.0051548352733463,161.5500030517578,162.29307174772592,0.9901839629854312,1.5450545588549942,0.0096145276178979,156.77000427246094,156.07902797009712,156.07902797009712,-0.0287552524324775,Vanguard Total World Stock Index ETF,P,True,False,False,False,False,False,False,False,False,,False,,,96774266880.0,Global Equity,unknown,28.0,True,,False,True,71.0,True,True,False,156.0,,0,0,False,Global Equity,Global Equity,Global Equity,Global Equity,Global Equity
2026-10-06,SBIL,100.12999725341795,100.13999938964844,100.12000274658205,100.12000274658205,323800.0,250,32418856.88934326,72202744.78946686,44323109.55238948,0.002699425410312,0.0089251494655773,0.01782849927461,0.8707944098001035,0.8897950423865222,0.8495044089494652,0.0023506445569721,0.0079415537470294,0.0151453887387335,0.0104628959941258,0.9492770078816524,99.78434997558594,99.07819315592448,0.0014190728510161,100.13999938964844,100.13999938964844,0.9998003131297356,0.0245093047063498,0.0002447992812024,99.98806417881002,99.86043548583984,99.86043548583984,-0.0025925614624601,Simplify Government Money Market ETF,P,True,False,False,False,False,False,False,False,False,,False,,,4108737280.0,Other,unknown,419.0,True,,False,True,303.0,True,True,False,157.0,,0,0,False,Other,Other,Other,Other,Other
2026-10-06,RWL,130.89999389648438,131.47000122070312,130.88999938964844,131.35000610351562,263500.0,250,34610726.60827637,38058488.56071472,34980177.469332255,-0.014818882361316,0.0187772146409679,0.1360370081717845,0.0,0.0596429946228151,0.204368017293158,-0.0,0.0011199293118626,0.0278016136385607,0.010458518826207,0.3238049360699786,132.5912387084961,126.1264869181315,0.0003090131394853,133.7544477741259,135.469257846147,0.9695927193510604,1.053649936540181,0.008021696898208,128.14999389648438,128.14999389648438,128.14999389648438,-0.0243624823626529,Invesco S&P 500 Revenue ETF,P,True,False,False,False,False,False,False,False,False,,False,,,9220293632.0,US Equity,unknown,260.0,True,,False,True,336.0,True,True,False,158.0,,0,0,False,US Equity,US Equity,US Equity,US Equity,US Equity
2026-10-06,HELO,69.9800033569336,70.02999877929688,69.81500244140625,69.94999694824219,193800.0,250,13556309.408569336,22999851.160316467,26007638.593849305,0.0093867551873652,0.0327536079409676,0.0908455568068045,0.1405729623498842,0.1475633626199745,0.226592025383734,0.001319523983541,0.0048332325257054,0.0205848787139668,0.0103463086915969,1.3106262048757913,69.26169967651367,67.54456225077311,0.0046476244413307,70.02999877929688,70.13840731696924,0.9973137347149104,0.4532023698992283,0.0064789476722145,68.9000015258789,68.14101086804358,68.14101086804358,-0.0258611316529023,JPMorgan Hedged Equity Laddered Overlay ETF,P,True,False,False,False,False,False,False,False,False,,False,,,3913838592.0,Other,unknown,438.0,True,,False,True,372.0,True,True,False,159.0,,0,0,False,Other,Other,Other,Other,Other
2026-10-06,SHV,110.08999633789062,110.11000061035156,110.08999633789062,110.08999633789062,2987200.0,250,328860837.0605469,459965726.3838959,342339199.3030972,0.002353458319475,0.0086300025590209,0.0174356506879354,0.7641645615301336,0.8712308853935121,0.8879313440338971,0.0017984294447811,0.007518724770444,0.015481660749444,0.010305752363094,1.016247970068785,109.74036254882812,108.97799560546876,0.001346396658949,110.11000061035156,110.11000061035156,0.999818324653982,0.0314505062062977,0.0002856799641428,109.86000061035156,109.82154846191406,109.82154846191406,-0.00243844022987,iShares 0-1 Year Treasury Bond ETF,N,True,False,False,False,False,False,False,False,False,,False,,,20945842176.0,Bond,unknown,131.0,True,,False,True,78.0,True,True,False,160.0,,0,0,False,Bond,Bond,Bond,Bond,Bond
2026-10-06,EAGL,34.86000061035156,34.91999816894531,34.75,34.869998931884766,439100.0,250,15311416.5309906,11371976.743946075,8581766.00586422,-0.0177465089609925,0.0589128031803893,0.1270199848090225,0.0,0.1210230340678987,0.1266924730706761,-0.0,0.0071298061863356,0.0160924760048547,0.0102667406228173,0.6916862624376088,34.891100006103514,33.064066632588705,0.0071790646034679,35.52000045776367,36.43000030517578,0.95717811253849,0.3762500762939453,0.0107900799489244,33.68000030517578,33.68000030517578,33.68000030517578,-0.0341267181864138,Eagle Capital Select Equity ETF,P,True,False,False,False,False,False,False,False,False,,False,,,4262146816.0,Other,unknown,411.0,True,,False,True,456.0,True,True,False,161.0,,0,0,False,Other,Other,Other,Other,Other
2026-10-06,IBB,209.3500061035156,210.2400054931641,201.47999572753903,203.1000061035156,2442600.0,250,496092074.90844727,332660414.42092896,313783035.67088294,-0.020349532135783,0.0344857548734922,0.2055756766188716,0.0,0.0461829219069434,0.1266154792014871,-0.0,0.0015926529242244,0.0260290628072683,0.0101453963832898,0.056442328582253,204.45237243652343,184.2817525227865,0.0193630841867276,212.6199951171875,217.10832923417112,0.9354777258888752,4.077919548608255,0.020078382206103,201.47999572753903,200.5200042724609,200.5200042724609,-0.0127031105540179,iShares Biotechnology ETF,Q,True,False,False,False,False,False,False,False,False,,False,,,9087528960.0,Industry / Theme,unknown,264.0,True,,False,True,83.0,True,True,False,162.0,,0,0,False,Industry / Theme,Industry / Theme,Industry / Theme,Industry / Theme,Industry / Theme
2026-10-06,ESGE,55.79999923706055,55.869998931884766,55.35499954223633,55.369998931884766,314200.0,250,17397253.664398193,35196714.6405983,36958785.43845888,-0.0052102212778002,0.04432286785801,0.2152441847517128,0.0,0.0632569962953812,0.1101370495404942,-0.0,0.0028037314878948,0.0237063594393026,0.0101196512708875,2.606520624507291,53.7442000579834,51.72815101623535,0.0118002778674743,56.185001373291016,57.11000061035156,0.969532452112224,0.8450008392333984,0.0152609870965123,53.65999984741211,52.9900016784668,52.9900016784668,-0.0429835163324782,iShares ESG Aware MSCI EM ETF,Q,True,False,False,False,False,False,False,False,False,,False,,,6917690880.0,Country / Region,unknown,314.0,True,,False,True,325.0,True,True,False,163.0,,0,0,False,Country / Region,Country / Region,Country / Region,Country / Region,Country / Region
2026-10-06,BOXX,118.4800033569336,118.48999786376952,118.47000122070312,118.4800033569336,5051100.0,250,598454344.9562073,496473742.15896606,387778113.9218164,0.0029628892885249,0.0100596783842803,0.0189198882071919,0.7446677271694315,0.7662259168801058,0.7333292643539605,0.0022063680323405,0.0077079862935141,0.0138745077006392,0.0098662687860079,1.0151658699692263,118.03969970703125,117.14046625773112,0.0014813564022433,118.48999786376952,118.48999786376952,0.9999156510505854,0.0390007019042968,0.0003291753949972,118.26000213623048,118.12000274658205,118.12000274658205,-0.0030384925738651,Alpha Architect 1-3 Month Box ETF,Z,True,False,False,False,False,False,False,False,False,,False,,,12697272320.0,Other,unknown,199.0,True,,False,True,70.0,True,True,False,164.0,,0,0,False,Other,Other,Other,Other,Other
2026-10-06,GUNR,53.540000915527344,53.93999862670898,53.29999923706055,53.75,252600.0,250,13577250.0,20386720.88903427,26827529.25480434,-0.0551360627834962,0.0885896807628001,-0.0220869932151066,0.0,0.1687121289811698,0.0,-0.0,0.0149461536472542,-0.0,0.0097149998707152,0.9472089975612524,54.392208404541016,53.21607938130697,0.0083722230776082,57.6912164050696,57.6912164050696,0.9316842900763788,0.7241750763010029,0.0134730246753674,52.2599983215332,52.2599983215332,52.2599983215332,-0.0277209614598473,Northern Trust Morningstar Global Upstream Natural Resources ETF,P,True,False,False,False,False,False,False,False,False,,False,,,6723008512.0,Global Equity,unknown,322.0,True,,False,True,367.0,True,True,False,165.0,,0,0,False,Global Equity,Global Equity,Global Equity,Global Equity,Global Equity
2026-10-06,FESM,46.310001373291016,46.31999969482422,45.64500045776367,45.7400016784668,1450800.0,250,66359594.43511963,51413571.31380081,45445605.69355677,-0.0264683922268599,-0.0246041543899563,0.1832582485381062,0.0,0.0,0.1479461957631462,-0.0,-0.0,0.0271123607134299,0.0094893262497004,-0.0,46.82751937866211,44.41608848571777,-0.0072477402014148,46.92371612634111,48.81942130634514,0.9369222423069136,0.5879557671103548,0.0128543013890432,44.665000915527344,44.665000915527344,44.665000915527344,-0.0235024207147227,Fidelity Enhanced Small Cap Core ETF,P,True,False,False,False,False,False,False,False,False,,False,,,5784907776.0,Factor / Style,unknown,358.0,True,,False,True,301.0,True,True,False,166.0,,0,0,False,Factor / Style,Factor / Style,Factor / Style,Factor / Style,Factor / Style
2026-10-06,AAXJ,119.26000213623048,119.41999816894533,118.41999816894533,118.43000030517578,231300.0,250,27392859.07058716,56130646.09840393,54071941.29511515,-0.0089539723416253,0.0279489735812097,0.2187748008784868,0.0,0.0387205303802199,0.1053757451836978,-0.0,0.0010821990806471,0.0230535576699856,0.0087721745869156,2.112787607393688,115.68360031127928,111.60337661743164,0.0105277519085837,120.51000213623048,124.88999938964844,0.9482744886216398,1.898001480102539,0.0160263571325819,115.7699966430664,113.13999938964844,113.13999938964844,-0.0446677438309197,iShares MSCI All Country Asia ex Japan ETF,Q,True,False,False,False,False,False,False,False,False,,False,,,3970623744.0,Country / Region,unknown,430.0,True,,False,True,277.0,True,True,False,167.0,,0,0,False,Country / Region,Country / Region,Country / Region,Country / Region,Country / Region
2026-10-06,AVDV,109.33000183105467,109.61000061035156,109.01000213623048,109.1999969482422,519000.0,250,56674798.416137695,69870518.30158234,81978295.12036036,-0.0281239199443209,0.0645933825762974,0.0948190416454723,0.0,0.1388226560446875,0.0872126499049647,-0.0,0.0089670249321522,0.0082694198833508,0.0087228631650717,1.2375750389263618,109.80010330200196,105.4443972269694,0.0115195531346647,112.99500274658205,113.46282336330457,0.9624297519777651,1.2847003936767578,0.0117646559485314,107.7699966430664,107.7699966430664,107.7699966430664,-0.0130952412558542,Avantis International Small Cap Value ETF,P,True,False,False,False,False,False,False,False,False,,False,,,19221213184.0,Factor / Style,unknown,139.0,True,,False,True,210.0,True,True,False,168.0,,0,0,False,Factor / Style,Factor / Style,Factor / Style,Factor / Style,Factor / Style
2026-10-06,DFAE,40.470001220703125,40.52899932861328,40.18999862670898,40.20000076293945,676000.0,250,27175200.51574707,33100771.68428421,38263862.50221616,-0.0027946420240805,0.0389369592088999,0.1906362174466316,0.0,0.0608027127499153,0.1055528440464079,-0.0,0.0023674727461339,0.0201221949297414,0.0085816255103965,3.244262096211468,39.12224899291992,37.9286577351888,0.0106480256206751,40.59000015258789,41.671580965634185,0.964686240152292,0.5881989283414306,0.0146318138601552,38.9900016784668,38.5145836577645,38.5145836577645,-0.0419257978405002,Dimensional Emerging Core Equity Market ETF,P,True,False,False,False,False,False,False,False,False,,False,,,9686572032.0,Other,unknown,252.0,True,,False,True,318.0,True,True,False,169.0,,0,0,False,Other,Other,Other,Other,Other
2026-10-06,BKLN,20.5,20.520000457763672,20.5,20.520000457763672,8297800.0,250,170270859.7984314,238423019.6292305,163633877.83929735,0.0016922380045465,0.0215326878610082,0.0328768985553495,0.0763382825461494,0.3898309163795889,0.2694796814504706,0.0001291825429264,0.0083941074409725,0.008859656149775,0.0085570494890533,0.7543915578049866,20.40181304931641,20.122926445007323,0.0033159623380685,20.59000015258789,20.59000015258789,0.9966003062503416,0.0436610085836395,0.0021277294156745,20.399999618530277,20.399999618530277,20.399999618530277,-0.0058479939842299,Invesco Senior Loan ETF,P,True,False,False,False,False,False,False,False,False,,False,,,7145859584.0,Bond,unknown,307.0,True,,False,True,130.0,True,True,False,170.0,,0,0,False,Bond,Bond,Bond,Bond,Bond
2026-10-06,IYH,71.2699966430664,71.61000061035156,70.13999938964844,70.66999816894531,400700.0,250,28317468.266296387,45132925.01525879,47986903.2619658,0.0028442323988286,0.0335615282037857,0.1545678141370352,0.0242816303103068,0.0658234834420941,0.1314258479685684,6.906259962495564e-05,0.0022091366960132,0.0203142060416079,0.0085459109669713,0.1549382541159578,71.15826477050781,65.84284505208333,0.0115981698786329,72.9000015258789,74.38897062069944,0.9500063998638087,0.9145866808846052,0.0129416542320854,70.08999633789062,69.65177353189816,69.65177353189816,-0.0144081599466433,iShares U.S. Healthcare ETF,P,True,False,False,False,False,False,False,False,False,,False,,,3161404928.0,Sector,unknown,494.0,True,,False,True,296.0,True,True,False,171.0,,0,0,False,Sector,Sector,Sector,Sector,Sector
2026-10-06,AVEM,96.8000030517578,96.80999755859376,96.08999633789062,96.13999938964844,1302300.0,250,125203121.20513916,157619671.1725235,162170644.91177514,-0.0006236752650421,0.0380508017315588,0.1933587335451365,0.0,0.0592138087270605,0.1040685286396028,-0.0,0.0022531328956438,0.0201225588996593,0.0085074319970492,3.404021526746658,93.29942687988282,90.43900716145832,0.010708876637711,96.9000015258789,100.15508825036424,0.9599112842806444,1.3873504638671874,0.0144305229111179,93.1510009765625,91.87000274658205,91.87000274658205,-0.0444143610378071,Avantis Emerging Markets Equity ETF,P,True,False,False,False,False,False,False,False,False,,False,,,26237122560.0,Country / Region,unknown,105.0,True,,False,True,133.0,True,True,False,172.0,,0,0,False,Country / Region,Country / Region,Country / Region,Country / Region,Country / Region
2026-10-06,JAVA,80.93000030517578,81.23999786376953,80.91999816894531,81.05000305175781,626200.0,250,50753511.91101074,42095995.15171051,35799310.45277914,-0.0115264685039838,0.0224173927253839,0.1261945040991228,0.0,0.0676403738055046,0.1674540039978787,-0.0,0.0015163208236897,0.0211317749939248,0.008381729783272,0.5425416128439907,81.89331008911132,77.86561213175456,0.0010782273019998,82.20451837153412,83.81988831620298,0.96695431931386,0.6533308495433211,0.0080608368284219,79.11000061035156,79.11000061035156,79.11000061035156,-0.0239358712937663,JPMorgan Active Value ETF,P,True,False,False,False,False,False,False,False,False,,False,,,6685886976.0,Factor / Style,unknown,325.0,True,,False,True,332.0,True,True,False,173.0,,0,0,False,Factor / Style,Factor / Style,Factor / Style,Factor / Style,Factor / Style
2026-10-06,VPL,118.47000122070312,118.68000030517578,117.61000061035156,117.62999725341795,223000.0,250,26231489.387512207,50713129.56085205,43569975.46172369,-0.0055795389043973,0.0493309442869751,0.1812612481468569,0.0,0.0672340027656892,0.0980604713610953,-0.0,0.0033167168446245,0.0177745634327812,0.0083769631504794,2.6274894679766945,114.98699981689452,110.49239985148112,0.0122308910795476,119.38999938964844,121.2300033569336,0.9703043305796484,1.91150016784668,0.0162501080717413,114.80999755859376,114.0999984741211,114.0999984741211,-0.0300093416791634,Vanguard FTSE Pacific ETF,P,True,False,False,False,False,False,False,False,False,,False,,,13825753088.0,Country / Region,unknown,183.0,True,,False,True,306.0,True,True,False,174.0,,0,0,False,Country / Region,Country / Region,Country / Region,Country / Region,Country / Region
2026-10-06,DFEM,40.84000015258789,40.880001068115234,40.650001525878906,40.66999816894531,646400.0,250,26289086.81640625,30852537.473373413,34295128.84857541,0.0006254498001452,0.0397361249486052,0.1823554449210953,0.0033909793030173,0.0647715227345418,0.1048872460542115,2.120887327368826e-06,0.0025737693204911,0.0191267604207641,0.0083673162055867,3.7444304346225055,39.509397964477536,38.42130549112956,0.0105824809890429,40.91262981065479,42.02924390212235,0.9676595244886524,0.5596827618257709,0.0137615634871882,39.400001525878906,38.88734815038516,38.88734815038516,-0.043832065375438,Dimensional Emerging Markets Core Equity 2 ETF,P,True,False,False,False,False,False,False,False,False,,False,,,9250564096.0,Country / Region,unknown,259.0,True,,False,True,342.0,True,True,False,175.0,,0,0,False,Country / Region,Country / Region,Country / Region,Country / Region,Country / Region
2026-10-06,JGRO,99.1999969482422,99.5,98.95999908447266,99.01000213623048,570100.0,250,56445602.21786499,50134921.97784424,53101651.426551454,0.0489458923239349,0.0393659449496668,0.1543663986401051,0.4052633445788809,0.0709823734037919,0.1194730445326057,0.0198359760265956,0.0027942882038103,0.0184426236190672,0.0082712055991502,5.521211858272841,94.87780029296874,93.51979975382488,0.0074862429384849,99.5,99.7300033569336,0.9927804953728294,1.0844009399414063,0.0109524383046608,95.81999969482422,92.43000030517578,92.43000030517578,-0.0664579506018098,JPMorgan Active Growth ETF,P,True,False,False,False,False,False,False,False,False,,False,,,9992348672.0,Factor / Style,unknown,248.0,True,,False,True,279.0,True,True,False,176.0,,0,0,False,Factor / Style,Factor / Style,Factor / Style,Factor / Style,Factor / Style
2026-10-06,XLV,168.0,169.02999877929688,165.82000732421875,167.08999633789062,7339400.0,250,1226340319.1223145,1341167359.6826935,1409444949.576048,0.0035868408754871,0.033453281780259,0.1494111351621196,0.0331036874447559,0.0669157774773698,0.1296151109513348,0.0001187376592562,0.0022385523594955,0.019365940861403,0.0082331383351631,0.1736023789664657,168.21286346435548,156.00805633544925,0.0104439240543332,171.8699951171875,175.92671398247143,0.9497704615487716,2.230834285959999,0.0133510942297753,165.27000427246094,164.48050636638112,164.48050636638112,-0.0156172723005665,State Street Health Care Select Sector SPDR ETF,P,True,False,False,False,False,False,False,False,False,,False,,,40598945792.0,Sector,unknown,77.0,True,,False,True,21.0,True,True,False,177.0,,0,0,False,Sector,Sector,Sector,Sector,Sector
2026-10-06,FHLC,81.43000030517578,81.94000244140625,80.33999633789062,80.83999633789062,281900.0,250,22788794.967651367,28027425.21800995,19921699.00536916,-0.0026892731771449,0.0241391115543478,0.1550534802495891,0.0,0.0490752097740912,0.1368202992466697,-0.0,0.0011846319632898,0.0212144635669863,0.0081950730245836,0.0877473509964498,81.66260894775391,75.52514465332031,0.0095912190084685,83.1500015258789,85.19512417032995,0.9488805506787906,1.00110399769911,0.0123837709432191,80.2300033569336,79.96139193916646,79.96139193916646,-0.0108684368941807,Fidelity MSCI Health Care Index ETF,P,True,False,False,False,False,False,False,False,False,,False,,,3215685120.0,Country / Region,unknown,483.0,True,,False,True,401.0,True,True,False,178.0,,0,0,False,Country / Region,Country / Region,Country / Region,Country / Region,Country / Region
2026-10-06,SRLN,40.25,40.310001373291016,40.209999084472656,40.290000915527344,2346000.0,250,94520342.14782716,112884281.55755997,75694501.94974022,-7.659105611490524e-05,0.0197719340457915,0.0419381356932933,0.0,0.3011405748167668,0.2941651080060146,-0.0,0.0059541315837888,0.0123367362157885,0.0081880432049887,0.6694332619763167,40.13905387878418,39.45577362060547,0.0031150164028306,40.48192737587122,40.48192737587122,0.9952589594225132,0.1025250716120535,0.0025446778178786,40.060001373291016,40.060001373291016,40.060001373291016,-0.0057086010675092,State Street Blackstone Senior Loan ETF,P,True,False,False,False,False,False,False,False,False,,False,,,5200829440.0,Bond,unknown,371.0,True,,False,True,221.0,True,True,False,179.0,,0,0,False,Bond,Bond,Bond,Bond,Bond
2026-10-06,VHT,315.79998779296875,317.2699890136719,310.70001220703125,312.8800048828125,222600.0,250,69647089.08691406,59861554.56787109,65490622.472369485,-0.0024800684806355,0.0242150445082336,0.1542917901182028,0.0,0.0493842101081223,0.1363139111957874,-0.0,0.0011958408457721,0.0210321173764117,0.008138537631496,0.0890292889525648,315.9524969482422,292.29398966471354,0.0095676072242605,322.0,329.7490558196199,0.9488427619758368,4.054705323249661,0.0129592983251465,310.3099975585937,309.3609506863412,309.3609506863412,-0.011247296540376,Vanguard Health Care ETF,P,True,False,False,False,False,False,False,False,False,,False,,,20388290560.0,Sector,unknown,133.0,True,,False,True,245.0,True,True,False,180.0,,0,0,False,Sector,Sector,Sector,Sector,Sector
2026-10-06,EEMV,75.66000366210938,75.66000366210938,75.20999908447266,75.26000213623047,131500.0,250,9896690.280914309,16310890.746574402,15586778.4421285,-0.0140180750577276,0.0277208614808108,0.1654127628002808,0.0,0.0544089542191498,0.1230068797417487,-0.0,0.0015082630832248,0.0203469078215245,0.0081017887416297,1.8400307564265608,74.63120040893554,71.68824150085449,0.0081373784217775,76.80000305175781,77.38999938964844,0.97247709949326,0.8549999237060547,0.0113606151931592,73.63999938964844,73.63999938964844,73.63999938964844,-0.021525414570805,iShares MSCI Emerging Markets Min Vol Factor ETF,Z,True,False,False,False,False,False,False,False,False,,False,,,3654402304.0,Country / Region,unknown,456.0,True,,False,True,422.0,True,True,False,181.0,,0,0,False,Country / Region,Country / Region,Country / Region,Country / Region,Country / Region
2026-10-06,IEMG,83.62000274658203,83.69000244140625,83.02999877929688,83.05000305175781,5334200.0,250,443005326.2786865,1078825329.397087,890966071.1242918,-0.0077657577082865,0.0342465740409434,0.1903475984744609,0.0,0.0504865193452193,0.1016196294878991,-0.0,0.0017289903228255,0.0193430524308861,0.0078939120606467,2.656474854755672,81.0670002746582,78.56509521484375,0.0095969449037318,84.06999969482422,86.48999786376953,0.9602266747950432,1.2479999542236329,0.0150270910098084,80.47000122070312,79.58999633789062,79.58999633789062,-0.0416617289190328,iShares Core MSCI Emerging Markets ETF,P,True,False,False,False,False,False,False,False,False,,False,,,160718422016.0,Country / Region,unknown,16.0,True,,False,True,35.0,True,True,False,182.0,,0,0,False,Country / Region,Country / Region,Country / Region,Country / Region,Country / Region
2026-10-06,JGLO,73.56999969482422,73.83999633789062,73.56999969482422,73.66000366210938,43700.0,250,3218942.16003418,12818207.945404053,17191413.906715028,0.0040894635940813,0.0335345465359366,0.1201338392525142,0.0337841669258487,0.0884206622256356,0.1404645711429247,0.0001381591206996,0.0029651468121439,0.0168745482103574,0.0078334373015186,1.2318722433544915,73.10740036010742,70.63153348286947,0.0040181416479936,73.83999633789062,74.88999938964844,0.9835759682525904,0.6835491180419921,0.0092797866421178,71.93000030517578,71.16000366210938,71.16000366210938,-0.0339397213644994,JPMorgan Global Select Equity ETF,Q,True,False,False,False,False,False,False,False,False,,False,,,6879447552.0,Global Equity,unknown,315.0,True,,False,True,414.0,True,True,False,183.0,,0,0,False,Global Equity,Global Equity,Global Equity,Global Equity,Global Equity
2026-10-06,EEM,68.75,68.76000213623047,68.25,68.2699966430664,14503200.0,250,990133415.3137208,1293857845.7224655,1307632376.3236637,-0.0081360623723769,0.0308016485389359,0.197432346825741,0.0,0.0435151893701505,0.100685826571598,-0.0,0.0013403395690846,0.0198786390321201,0.007828744381147,2.5404216867261247,66.6071997833252,64.50646934509277,0.0095946602291396,69.2300033569336,71.56999969482422,0.9538912523986436,1.0680007934570312,0.0156437797857354,66.16000366210938,65.29000091552734,65.29000091552734,-0.0436501519564922,iShares MSCI Emerging Index Fund,P,True,False,False,False,False,False,False,False,False,,False,,,30315917312.0,Other,unknown,94.0,True,,False,True,24.0,True,True,False,184.0,,0,0,False,Other,Other,Other,Other,Other
2026-10-06,VTV,218.3600006103516,219.5200042724609,218.2700042724609,219.00999450683597,2651700.0,250,580748802.4337769,605089721.4884949,601966048.660351,-0.0205512398799497,0.0109509646797105,0.1190828644576256,0.0,0.0403935301555679,0.1801208877999272,-0.0,0.0004423481220224,0.0214493112678659,0.0077947852230676,0.1929409393647291,222.1852914428711,211.73034474690755,0.0001055647257872,223.62526906551577,227.51727314942332,0.9626082076106802,1.7376909045602176,0.0079342995668902,214.8000030517578,214.8000030517578,214.8000030517578,-0.019222828001791,Vanguard Morningstar Value ETF,P,True,False,False,False,False,False,False,False,False,,False,,,254461837312.0,Factor / Style,unknown,10.0,True,,False,True,50.0,True,True,False,185.0,,0,0,False,Factor / Style,Factor / Style,Factor / Style,Factor / Style,Factor / Style
2026-10-06,FLOT,50.900001525878906,50.91999816894531,50.880001068115234,50.91999816894531,2246200.0,250,114376499.88708496,126661408.03106308,107518443.9986032,0.0034397750697721,0.009917999032025,0.0228261335981512,0.4793622192423734,0.5075205290116264,0.5463943242430245,0.0016488982111405,0.0050335881154701,0.0124720698424428,0.0076370567199105,0.924545535053917,50.70330474853515,50.26814656575521,0.0015668928723251,50.91999816894531,50.91999816894531,1.0,0.0319159679423101,0.0006267865100155,50.815208273858914,50.73548126220703,50.73548126220703,-0.0036236628706481,iShares Floating Rate Bond ETF,Z,True,False,False,False,False,False,False,False,False,,False,,,9968492544.0,Bond,unknown,249.0,True,,False,True,174.0,True,True,False,186.0,,0,0,False,Bond,Bond,Bond,Bond,Bond
2026-10-06,IBDR,24.190000534057617,24.190000534057617,24.170000076293945,24.18000030517578,890800.0,250,21539544.271850582,16233348.147115707,14581586.41800956,0.002813462759845,0.0098399236053337,0.0203239272794235,0.9442984202840834,0.5607415544681199,0.5643283348604375,0.0026567484396497,0.0055176540583023,0.0114693680394217,0.0076007539516941,1.1144428799970276,24.086768646240238,23.903011423746744,0.0015312834893663,24.190000534057617,24.190000534057617,0.999586596582842,0.0150610719216516,0.000622873107178,24.142062895217432,24.102193586337,24.102193586337,-0.0032178129800157,iShares iBonds Dec 2026 Term Corporate ETF,P,True,False,False,False,False,False,False,False,False,,False,,,3504570624.0,Bond,unknown,464.0,True,,False,True,430.0,True,True,False,187.0,,0,0,False,Bond,Bond,Bond,Bond,Bond
2026-10-06,VOT,302.1300048828125,304.94000244140625,302.1300048828125,304.0299987792969,193600.0,250,58860207.76367188,62700889.6383667,56902162.47737824,0.0182570610632992,0.0179166398882284,0.1613025998141908,0.1188239473253569,0.0352021404905719,0.125791454891605,0.0021693760621012,0.0006307040744644,0.0202904887084254,0.0075116286963507,8.38794742687391,299.60268432617187,289.7106518554688,0.0008815021082526,304.94000244140625,314.7376266365521,0.9659791936169742,3.695517044462349,0.0121551065990202,291.6400146484375,286.87415540923354,286.87415540923354,-0.0564281269576861,Vanguard Morningstar Mid-Cap Growth ETF,P,True,False,False,False,False,False,False,False,False,,False,,,34797047808.0,Factor / Style,unknown,86.0,True,,False,True,265.0,True,True,False,188.0,,0,0,False,Factor / Style,Factor / Style,Factor / Style,Factor / Style,Factor / Style
2026-10-06,MGV,162.25,162.99000549316406,162.24000549316406,162.6300048828125,291800.0,250,47455435.42480469,37338010.83885193,39816501.19449676,-0.0238295382668617,6.155310494126986e-05,0.1187906531961227,0.0,0.0002297393369078,0.1746188499262813,-0.0,1.4141169513825695e-08,0.0207430872430986,0.0072600897268447,9.416834837571065e-06,165.7497998046875,158.01304951985676,-0.0001833721712829,166.7100067138672,169.83999633789062,0.95754833013106,1.2699996948242187,0.0078091351945746,159.97000122070312,159.97000122070312,159.97000122070312,-0.0163561678795134,Vanguard Morningstar Mega Cap Value ETF,P,True,False,False,False,False,False,False,False,False,,False,,,13311754240.0,Factor / Style,unknown,194.0,True,,False,True,312.0,True,True,False,189.0,,0,0,False,Factor / Style,Factor / Style,Factor / Style,Factor / Style,Factor / Style
2026-10-06,CGXU,34.93000030517578,34.959999084472656,34.720001220703125,34.720001220703125,1123200.0,250,38997505.37109375,36726952.5535965,33794349.65538751,-0.0309796414631913,0.0260047595788186,0.1779308984582628,0.0,0.0393736186667754,0.1032208265612443,-0.0,0.0010239014871775,0.0183661744096467,0.0070936970100417,0.8410110539196217,34.72599983215332,33.08627091725668,0.006317372151932,35.86199951171875,36.0,0.9644444783528646,0.5811000823974609,0.0167367529368333,33.97999954223633,33.97999954223633,33.97999954223633,-0.0213134116488896,Capital Group International Focus Equity ETF,P,True,False,False,False,False,False,False,False,False,,False,,,6228755968.0,Global Equity,unknown,343.0,True,,False,True,344.0,True,True,False,190.0,,0,0,False,Global Equity,Global Equity,Global Equity,Global Equity,Global Equity
2026-10-06,BSCQ,19.530000686645508,19.540000915527344,19.530000686645508,19.53499984741211,675100.0,250,13188078.396987917,18272716.450948715,18299404.991101462,0.0031287888634117,0.009619611093077,0.0195356906366852,0.4658403208166241,0.5238141247577792,0.5352662011782675,0.0014575160078991,0.0050388881652303,0.0104567949144923,0.006935155527472,1.023297288455585,19.461239700317385,19.313671798706054,0.0014663053757686,19.540000915527344,19.540000915527344,0.9997440599856235,0.0176234422471903,0.0009021470378728,19.5,19.45413632482488,19.45413632482488,-0.0041394176206224,Invesco BulletShares 2026 Corporate Bond ETF,Q,True,False,False,False,False,False,False,False,False,,False,,,3705947392.0,Bond,unknown,452.0,True,,False,True,408.0,True,True,False,191.0,,0,0,False,Bond,Bond,Bond,Bond,Bond
2026-10-06,AOA,98.5199966430664,98.6500015258789,98.20999908447266,98.37000274658205,138200.0,250,13594734.379577637,15106890.596504211,11842490.952930754,-0.003721069317733,0.0222904142798323,0.1144355085602919,0.0,0.0702831566021207,0.1473190953652775,-0.0,0.0015666406775556,0.0168585355987676,0.0069188038999798,1.4616809513234024,98.10198318481446,95.02728057861329,0.0029989696346104,99.02652688088276,99.72438764323957,0.9864187193457352,0.8196998184196594,0.0083328229697354,96.3746509154355,96.3148365219327,96.3148365219327,-0.0208922046077785,iShares Core 80/20 Aggressive Allocation ETF,P,True,False,False,False,False,False,False,False,False,,False,,,3205894144.0,Other,unknown,485.0,True,,False,True,447.0,True,True,False,192.0,,0,0,False,Other,Other,Other,Other,Other
2026-10-06,FWD,136.27999877929688,136.64500427246094,135.61000061035156,135.75,179000.0,250,24299250.0,21229373.44947815,28745876.61330208,0.0515104072973648,0.0021408037188819,0.2136790509783395,0.2733244987591667,0.002761577556083,0.0919619819045185,0.0140790562554327,5.911995502043458e-06,0.0196503490194447,0.0068814649538819,4.108612201791115,129.92179946899415,128.87723332722982,0.0046628953650662,136.64500427246094,149.56900024414062,0.9076078584360132,1.9501003265380856,0.0143653799376654,130.0800018310547,123.95999908447266,123.95999908447266,-0.0868508354734979,AB Disruptors ETF,P,True,False,False,False,False,False,False,False,False,,False,,,3163472384.0,Other,unknown,493.0,True,,False,True,363.0,True,True,False,193.0,,0,0,False,Other,Other,Other,Other,Other
2026-10-06,MOAT,108.0500030517578,108.61000061035156,107.98999786376952,108.23999786376952,289200.0,250,31303007.38220215,43587926.59999848,57605876.006268695,-0.0150150289839234,0.0341071917194646,0.1221231483630931,0.0,0.0720775132828927,0.1220472067505425,-0.0,0.0024583615642018,0.0149047891372976,0.0068146112147853,0.4741700716993274,110.47519958496092,104.4899331665039,0.0025700602085187,110.22000122070312,115.58000183105467,0.9364941698303988,1.095999526977539,0.0101256425407265,105.37000274658205,105.37000274658205,105.37000274658205,-0.0265151069274748,VanEck Morningstar Wide Moat ETF,Z,True,False,False,False,False,False,False,False,False,,False,,,11624555520.0,Other,unknown,209.0,True,,False,True,264.0,True,True,False,194.0,,0,0,False,Other,Other,Other,Other,Other
2026-10-06,SPYV,61.83000183105469,62.11000061035156,61.83000183105469,62.02999877929688,1551200.0,250,96220934.10644533,101595802.69159316,109859966.70365109,-0.0120880270536176,0.0164419924618182,0.1020293974049759,0.0,0.0575140907171708,0.1690616798047635,-0.0,0.00094564624602,0.017249261314753,0.0066519115200765,0.3644903604361494,62.58550888061524,60.27674878438314,0.00049112100163,62.898517163297775,63.983835685838606,0.969463585832286,0.4710567481738977,0.0075940151127508,60.81999969482422,60.81999969482422,60.81999969482422,-0.0195066759355878,State Street SPDR Portfolio S&P 500 Value ETF,P,True,False,False,False,False,False,False,False,False,,False,,,35300089856.0,Factor / Style,unknown,85.0,True,,False,True,167.0,True,True,False,195.0,,0,0,False,Factor / Style,Factor / Style,Factor / Style,Factor / Style,Factor / Style
2026-10-06,SPEM,53.0099983215332,53.02000045776367,52.790000915527344,52.84999847412109,2303600.0,250,121745256.48498537,82037972.00624466,86249012.28026739,-0.0084427911703712,0.0304152374877708,0.1362492639231298,0.0,0.0667235771084274,0.109719127118428,-0.0,0.0020294134437864,0.0149491503081741,0.0065513213463221,1.82082522955224,52.18499992370605,50.68729405721029,0.0056153358851693,53.459999084472656,53.470001220703125,0.9884046618210668,0.5770000457763672,0.0109176927613139,51.220001220703125,51.220001220703125,51.220001220703125,-0.0308419545975223,State Street SPDR Portfolio Emerging Markets ETF,P,True,False,False,False,False,False,False,False,False,,False,,,17305092096.0,Country / Region,unknown,151.0,True,,False,True,203.0,True,True,False,196.0,,0,0,False,Country / Region,Country / Region,Country / Region,Country / Region,Country / Region
2026-10-06,VOOV,223.0,223.92999267578125,223.0,223.5500030517578,56300.0,250,12585865.171813965,15717833.071594238,15083283.22971889,-0.0125610132547546,0.0157651681607999,0.1012560442686112,0.0,0.0560624156169222,0.1685206644892998,-0.0,0.0008838334097014,0.0170637358637043,0.0065467992686024,0.3422766727339788,225.6441897583008,217.3268667602539,0.0004904764113904,226.7522268343318,230.68561625362125,0.9690678018085948,1.6519355761563037,0.0073895573858428,219.32000732421875,219.32000732421875,219.32000732421875,-0.0189219220299438,Vanguard S&P 500 Value ETF,P,True,False,False,False,False,False,False,False,False,,False,,,6683939328.0,Factor / Style,unknown,326.0,True,,False,True,426.0,True,True,False,197.0,,0,0,False,Factor / Style,Factor / Style,Factor / Style,Factor / Style,Factor / Style
2026-10-06,IVE,230.8800048828125,231.92999267578125,230.8800048828125,231.66000366210935,464200.0,250,107536573.69995116,152110565.60401917,138509137.48585534,-0.012056794954446,0.0160838600621653,0.1011002974306085,0.0,0.0569222734233162,0.1678562474848295,-0.0,0.0009155298801609,0.0169703165463021,0.0065347052133103,0.3577509245000349,233.7578213500977,225.1692044067383,0.0004317668315492,234.9453597488198,238.9792888308366,0.9693727217762864,1.7681643081360334,0.0076325834420473,227.07000732421875,227.07000732421875,227.07000732421875,-0.0198135036921842,iShares S&P 500 Value ETF,P,True,False,False,False,False,False,False,False,False,,False,,,47735062528.0,Factor / Style,unknown,61.0,True,,False,True,146.0,True,True,False,198.0,,0,0,False,Factor / Style,Factor / Style,Factor / Style,Factor / Style,Factor / Style
2026-10-06,CGGO,40.290000915527344,40.31999969482422,40.1150016784668,40.13999938964844,1028100.0,250,41267933.37249756,44502823.685302734,46303441.6931334,-0.0108428393679748,-0.0118168280368798,0.1709451814184621,0.0,0.0,0.1091248002966513,-0.0,-0.0,0.0186543587839645,0.0065290255743875,-0.0,40.16180000305176,38.87680000305176,0.0019709205764779,40.64599990844727,42.880001068115234,0.9361007087170012,0.4863996505737304,0.0121175799195245,39.345001220703125,38.68999862670898,38.68999862670898,-0.0361235870699436,Capital Group Global Growth Equity ETF,P,True,False,False,False,False,False,False,False,False,,False,,,11956222976.0,Factor / Style,unknown,205.0,True,,False,True,299.0,True,True,False,199.0,,0,0,False,Factor / Style,Factor / Style,Factor / Style,Factor / Style,Factor / Style
2026-10-06,SCHE,37.34000015258789,37.34000015258789,37.20000076293945,37.25,2134700.0,250,79517575.0,109376362.2505188,108991704.93173753,-0.0064017516063394,0.0344349274164033,0.1305079310316883,0.0,0.0740741669137256,0.1054216777330964,-0.0,0.0025507385611046,0.0137583650468358,0.0064734078311105,1.6739361378357398,36.77140022277832,35.70610190073649,0.0055402446064143,37.58000183105469,37.63999938964844,0.9896386983004124,0.4105005264282226,0.0110201483604891,36.08000183105469,36.08000183105469,36.08000183105469,-0.0314093468173238,Schwab Emerging Markets Equity ETF,P,True,False,False,False,False,False,False,False,False,,False,,,12488486912.0,Country / Region,unknown,200.0,True,,False,True,168.0,True,True,False,200.0,,0,0,False,Country / Region,Country / Region,Country / Region,Country / Region,Country / Region
2026-10-06,VSGX,82.4000015258789,82.4000015258789,81.94000244140625,82.02999877929688,123000.0,250,10089689.849853516,16910524.023399353,13602938.577972896,-0.0156357188692565,0.022933195316432,0.1485064328343683,0.0,0.0452469373105998,0.110960158482701,-0.0,0.0010376568508143,0.0164782973230021,0.00644188101608,1.4290199218245243,81.95430770874023,78.75888885498047,0.0052887610088412,83.52999877929688,84.05881800547688,0.9758642903348008,1.02883199460857,0.0125421432392881,80.01000213623047,80.01000213623047,80.01000213623047,-0.0246250965881548,Vanguard ESG International Stock ETF,Z,True,False,False,False,False,False,False,False,False,,False,,,6694336000.0,Global Equity,unknown,324.0,True,,False,True,435.0,True,True,False,201.0,,0,0,False,Global Equity,Global Equity,Global Equity,Global Equity,Global Equity
2026-10-06,VIG,236.8300018310547,238.22000122070312,236.8300018310547,237.75,1431300.0,250,340291575.0,259178720.16952515,237493510.7734801,-0.0059375723918163,0.005367596857839,0.1062003711950272,0.0,0.01917987237397,0.170625198899962,-0.0,0.0001029498226882,0.0181204594584013,0.0064090781951878,0.1382156010547482,239.820549621582,231.2122434488932,-0.0011814645180701,239.1900241081406,246.4813615182801,0.9645759765992182,1.8623469488665487,0.0078332153474933,232.30999755859372,232.30999755859372,232.30999755859372,-0.022881187976472,Vanguard Div Appreciation ETF,P,True,False,False,False,False,False,False,False,False,,False,,,129462992896.0,Other,unknown,20.0,True,,False,True,100.0,True,True,False,202.0,,0,0,False,Other,Other,Other,Other,Other
2026-10-06,VO,80.5,81.12999725341797,80.5,80.9800033569336,2347500.0,250,190100557.8804016,202721451.6302872,228548111.5166558,-0.0101453884174205,0.0104817066843359,0.1163528025430544,0.0,0.031390280277589,0.1463294395480946,-0.0,0.0003290237106087,0.0170258403859752,0.006172909546987,0.5702216022621509,81.51259979248047,78.42987528483073,-0.0021667381159681,81.83000183105469,84.58999633789062,0.9573236418342296,0.7974994659423829,0.0098481036414294,78.2300033569336,78.2300033569336,78.2300033569336,-0.0339590008150393,Vanguard Morningstar Mid-Cap ETF,P,True,False,False,False,False,False,False,False,False,,False,,,223974162432.0,Other,unknown,11.0,True,,False,True,102.0,True,True,False,203.0,,0,0,False,Other,Other,Other,Other,Other
2026-10-06,IDMO,62.0,62.060001373291016,61.70000076293945,61.7599983215332,301200.0,250,18602111.4944458,21713357.97361374,20404294.882886373,-0.0199120536736651,0.0500113724117547,0.1133095882490713,0.0,0.0902816771467655,0.081284095083609,-0.0,0.0045151105777447,0.009210267345122,0.0061584154463267,1.3582195858612924,61.79024627685547,59.19734214782715,0.0066317831570847,62.91531423206393,63.52189537977111,0.9722631535519484,0.8102568658821994,0.0131194444284771,60.06999969482422,60.06999969482422,60.06999969482422,-0.0273639681450533,Invesco S&P International Developed Momentum ETF,P,True,False,False,False,False,False,False,False,False,,False,,,3922271744.0,Factor / Style,unknown,437.0,True,,False,True,399.0,True,True,False,204.0,,0,0,False,Factor / Style,Factor / Style,Factor / Style,Factor / Style,Factor / Style
2026-10-06,IUSV,111.4800033569336,112.12999725341795,111.4800033569336,111.9800033569336,540100.0,250,60480399.81307984,66397650.62980652,61965136.441657655,-0.0130253588408962,0.0144845665730477,0.0995526183762607,0.0,0.0500775557987148,0.1616345562762375,-0.0,0.0007253516907819,0.0160911432973845,0.0061033787530928,0.3373212679199696,113.11505798339844,108.99843994140625,-0.0001057528150179,113.6370563491293,115.68816407243824,0.9679469309134964,0.8647778418451424,0.0077226095367106,109.70999908447266,109.70999908447266,109.70999908447266,-0.0202715145955599,iShares Core S&P U.S. Value ETF,Q,True,False,False,False,False,False,False,False,False,,False,,,26456442880.0,Factor / Style,unknown,103.0,True,,False,True,257.0,True,True,False,205.0,,0,0,False,Factor / Style,Factor / Style,Factor / Style,Factor / Style,Factor / Style
2026-10-06,CORO,36.88999938964844,36.88999938964844,36.68999862670898,36.709999084472656,1948900.0,250,71544117.21572876,326005115.9554672,122730199.00968038,-0.0171351918552788,0.0245603463144468,0.1361408330647437,0.0,0.0495772887421562,0.1094376517165069,-0.0,0.0012176353808386,0.0148989330733345,0.0060060895732122,1.0449038978570857,36.70910018920898,35.27049363454183,0.0057590725112539,37.52000045776367,37.65999984741211,0.9747742759748116,0.4689498901367187,0.0127744457050414,35.900001525878906,35.900001525878906,35.900001525878906,-0.0220647665157899,iShares International Country Rotation Active ETF,Q,True,False,False,False,False,False,False,False,False,,False,,,7762802688.0,Global Equity,unknown,291.0,True,,False,True,158.0,True,True,False,206.0,,0,0,False,Global Equity,Global Equity,Global Equity,Global Equity,Global Equity
2026-10-06,IWS,164.4199981689453,165.1300048828125,164.19000244140625,164.4600067138672,301800.0,250,49634030.02624512,62019772.1105957,70079146.19017102,-0.0208895291907169,0.0081153934039932,0.1184100969809918,0.0,0.023173612999274,0.1410389119529418,-0.0,0.000188062986081,0.0167004312424414,0.0059673918758071,0.2001518257654782,167.5847866821289,159.8209262084961,-0.0030428586842015,167.90900211550849,172.9011428950736,0.9511794078404155,1.5147616734751637,0.00921051691376,159.9600067138672,159.9600067138672,159.9600067138672,-0.0273622754243786,iShares Russell Mid-Cap Value ETF,P,True,False,False,False,False,False,False,False,False,,False,,,15646174208.0,Factor / Style,unknown,164.0,True,,False,True,235.0,True,True,False,207.0,,0,0,False,Factor / Style,Factor / Style,Factor / Style,Factor / Style,Factor / Style
2026-10-06,IWR,109.37999725341795,110.06999969482422,109.37999725341795,109.68000030517578,1924700.0,250,211101096.58737183,155471037.73963928,179123166.2695264,-0.0084872550819592,0.0097140178534804,0.1186768994329179,0.0,0.0270318763294345,0.1389314562595594,-0.0,0.0002625881292772,0.0164879544625845,0.0059414663459347,0.6084714881844193,110.60041793823244,106.20583023071288,-0.0018310317894146,110.55903135012456,114.62685637557568,0.956843830260934,1.0615710107943024,0.0096788020408512,106.3499984741211,106.3499984741211,106.3499984741211,-0.0303610669382679,iShares Russell Mid-Cap ETF,P,True,False,False,False,False,False,False,False,False,,False,,,56977440768.0,Other,unknown,51.0,True,,False,True,124.0,True,True,False,208.0,,0,0,False,Other,Other,Other,Other,Other
2026-10-06,VXF,238.47000122070312,239.1499938964844,236.8600006103516,237.1999969482422,292100.0,250,69286119.10858154,97872021.4629364,88790576.17277116,-0.014884021929265,-0.0066108831530508,0.1389938096294929,0.0,0.0,0.121820413774538,-0.0,-0.0,0.0169322834011642,0.0059262991904074,-0.0,239.86167327880855,230.41278401692708,-0.0026520656019778,240.42467229147468,250.16177276740967,0.9481864248251116,2.8895741518247204,0.0121820159738671,230.2899932861328,230.2899932861328,230.2899932861328,-0.0291315503836923,Vanguard Extended Market ETF,P,True,False,False,False,False,False,False,False,False,,False,,,97684774912.0,Other,unknown,27.0,True,,False,True,201.0,True,True,False,209.0,,0,0,False,Other,Other,Other,Other,Other
2026-10-06,SPHQ,85.55000305175781,85.72000122070312,85.23999786376953,85.5999984741211,1173000.0,250,100408798.21014404,91233268.56136322,113969096.6602386,0.008198389598192,-0.0100732031919725,0.1303731640115433,0.0679408492531689,0.0,0.1209876044567073,0.0005570055518095,-0.0,0.015773536799198,0.0055207378797193,,85.12193572998046,83.07194742838541,-0.0010405879475369,85.72000122070312,90.19420219138688,0.9490632035580606,0.8604866880323498,0.0100524147590083,83.91000366210938,82.36858682720086,82.36858682720086,-0.0377501367350744,Invesco S&P 500 Quality ETF,P,True,False,False,False,False,False,False,False,False,,False,,,20360812544.0,Factor / Style,unknown,135.0,True,,False,True,164.0,True,True,False,210.0,,0,0,False,Factor / Style,Factor / Style,Factor / Style,Factor / Style,Factor / Style
2026-10-06,VWO,60.77999877929688,60.77999877929688,60.54999923706055,60.619998931884766,4663600.0,250,282707427.0187378,407022756.0102844,411581321.8098898,-0.0080749493119267,0.0264589242519996,0.1241959035730175,0.0,0.0582111922661146,0.1024865323049548,-0.0,0.0015402055267877,0.0127284074836791,0.0054560762116997,1.8318686139373908,59.94788208007813,58.4565012105306,0.0049395891934882,61.209999084472656,61.42289778154242,0.9869283462901204,0.6660074026114817,0.0109865954197695,58.720001220703125,58.720001220703125,58.720001220703125,-0.0313427539534694,Vanguard FTSE Emerging Markets ETF,P,True,False,False,False,False,False,False,False,False,,False,,,163324018688.0,Country / Region,unknown,15.0,True,,False,True,66.0,True,True,False,211.0,,0,0,False,Country / Region,Country / Region,Country / Region,Country / Region,Country / Region
2026-10-06,DFAX,37.63999938964844,37.70000076293945,37.43999862670898,37.540000915527344,496900.0,250,18653626.454925537,24874156.519737244,25565532.925729904,-0.0183338575397491,0.0362181442940741,0.1069635461579112,0.0,0.0804809469001845,0.0940761648665734,-0.0,0.0029148705477546,0.010062720203065,0.0054166179271132,1.640622889541364,37.495913925170896,36.27539222717285,0.0063474163589209,38.291813263303496,38.51450972787473,0.9746976186576746,0.4987528341869375,0.0132859036234238,36.64500045776367,36.64500045776367,36.64500045776367,-0.0238412476275001,Dimensional World ex U.S. Core Equity 2 ETF,P,True,False,False,False,False,False,False,False,False,,False,,,11913159680.0,Global Equity,unknown,206.0,True,,False,True,374.0,True,True,False,212.0,,0,0,False,Global Equity,Global Equity,Global Equity,Global Equity,Global Equity
2026-10-06,SCHV,33.689998626708984,33.869998931884766,33.689998626708984,33.790000915527344,2333100.0,250,78835451.13601685,105179199.56453323,108421943.03808668,-0.0201454431214297,-0.0037570641071767,0.109182286909925,0.0,0.0,0.1408470987287324,-0.0,-0.0,0.015378008343831,0.0053823029203408,-0.0,34.27154258728027,33.04812742869059,-0.0017158801432078,34.504611701218664,35.320703166508224,0.9566627469514164,0.2882644901384917,0.0085310589620619,33.119998931884766,33.119998931884766,33.119998931884766,-0.0198284097510839,Schwab U.S. Large-Cap Value ETF,P,True,False,False,False,False,False,False,False,False,,False,,,15930595328.0,Factor / Style,unknown,161.0,True,,False,True,172.0,True,True,False,213.0,,0,0,False,Factor / Style,Factor / Style,Factor / Style,Factor / Style,Factor / Style
2026-10-06,GBIL,99.87999725341795,99.9000015258789,99.87999725341795,99.9000015258789,898100.0,250,89720191.37039185,76562340.77953339,63294059.128643215,-0.0006002156777037,0.0058155451552204,0.0144297618903741,0.0,0.4823304558341031,0.6962540138236273,-0.0,0.0028050145456412,0.0100467796346922,0.0053396323268091,0.4010606093522181,99.83753372192383,99.1663210550944,0.0010916522233452,100.11000061035156,100.11000061035156,0.9979023166197948,0.0360004425048828,0.0003603647843344,99.81999969482422,99.81999969482422,99.81999969482422,-0.0008008191174447,Goldman Sachs Access Treasury 0-1 Year ETF,P,True,False,False,False,False,False,False,False,False,,False,,,7703504896.0,Bond,unknown,293.0,True,,False,True,253.0,True,True,False,214.0,,0,0,False,Bond,Bond,Bond,Bond,Bond
2026-10-06,DIA,514.3200073242188,515.989990234375,513.489990234375,514.5599975585938,2877800.0,250,1480800760.974121,1775579892.979889,1799437144.5702448,-0.0232639158416702,-0.0123378239932332,0.1123774848400642,0.0,0.0,0.1351355039285135,-0.0,-0.0,0.0151861880440809,0.0053151658154283,-0.0,525.3755706787109,504.6329455566406,-0.0026738156580201,526.1472685179691,545.0407835912906,0.9440761371436132,5.038285731618944,0.0097914446430422,504.7000122070313,504.7000122070313,504.7000122070313,-0.0191619741105889,State Street SPDR Dow Jones Industrial Average ETF Trust,P,True,False,False,False,False,False,False,False,False,,False,,,44062826496.0,US Equity,unknown,69.0,True,,False,True,19.0,True,True,False,215.0,,0,0,False,US Equity,US Equity,US Equity,US Equity,US Equity
2026-10-06,RSP,211.80999755859372,212.92999267578125,211.5399932861328,212.3300018310547,11996300.0,250,2547174400.9658813,1566476648.499298,1525546564.910525,-0.0166190756377228,0.0043739074073272,0.1057602001599289,0.0,0.0131334074971321,0.1390219011497398,-0.0,5.7444308335153465e-05,0.0147029840922103,0.0051833832326914,0.0772984142360799,215.93990936279295,207.13846964518228,-0.0021524956650073,215.6095297848632,222.60323739713112,0.9538495680197648,1.8972630888649504,0.0089354451679162,207.16000366210935,207.16000366210935,207.16000366210935,-0.0243488820438052,Invesco S&P 500 Equal Weight ETF,P,True,False,False,False,False,False,False,False,False,,False,,,93655826432.0,Factor / Style,unknown,34.0,True,,False,True,20.0,True,True,False,216.0,,0,0,False,Factor / Style,Factor / Style,Factor / Style,Factor / Style,Factor / Style
2026-10-06,HEFA,46.84999847412109,46.88999938964844,46.709999084472656,46.77000045776367,470800.0,250,22019316.215515137,22265155.387096405,29480302.86953033,-0.0025591583162029,0.0176240511189362,0.1014627055673369,0.0,0.0548410416380951,0.1237835804569708,-0.0,0.0009665213212455,0.0125594169779763,0.0050240348011013,0.6982817279271353,46.95059982299804,45.07235666910808,0.0018778307415137,47.220001220703125,48.0,0.9743750095367432,0.4320003509521484,0.0092366975993996,45.95000076293945,45.95000076293945,45.95000076293945,-0.0175325996749717,iShares Currency Hedged MSCI EAFE ETF,Z,True,False,False,False,False,False,False,False,False,,False,,,7331655168.0,Country / Region,unknown,302.0,True,,False,True,362.0,True,True,False,217.0,,0,0,False,Country / Region,Country / Region,Country / Region,Country / Region,Country / Region
2026-10-06,SILJ,27.209999084472656,27.559999465942383,26.76000022888184,27.34000015258789,3149600.0,250,86110064.48059082,100013655.93289375,107299733.08474526,-0.1334389599454359,0.1172865108200922,-0.1065359538641044,0.0,0.0657804525640858,0.0,-0.0,0.0077151597614082,-0.0,0.0050148538449153,0.9183005643620852,29.32240001678467,29.14019999186198,0.0221066508147562,32.61000061035156,34.72999954223633,0.7872156784608877,1.1524999618530274,0.0421543509663783,26.520000457763672,26.520000457763672,26.520000457763672,-0.0299926733814082,Amplify Junior Silver Miners ETF,P,True,False,False,False,False,False,False,False,False,,False,,,3404911360.0,Commodity,unknown,474.0,True,,False,True,175.0,True,True,False,218.0,,0,0,False,Commodity,Commodity,Commodity,Commodity,Commodity
2026-10-06,XMHQ,114.77999877929688,115.18000030517578,114.36000061035156,114.8000030517578,173900.0,250,19963720.530700684,19146200.48851013,18684849.47846428,-0.015797792236198,0.0238227756736366,0.1040018442260011,0.0,0.0617542248100572,0.1114906380898267,-0.0,0.0014711570445493,0.0115952319752756,0.0050145832703035,0.8135196519756411,116.13880783081056,110.83451222737632,0.0004462979308763,116.50289328518346,119.82840271928788,0.9580366628159964,1.2583061158696338,0.0109608543764787,111.0999984741211,111.0999984741211,111.0999984741211,-0.0322300041749002,Invesco S&P MidCap Quality ETF,P,True,False,False,False,False,False,False,False,False,,False,,,5417101824.0,Factor / Style,unknown,366.0,True,,False,True,405.0,True,True,False,219.0,,0,0,False,Factor / Style,Factor / Style,Factor / Style,Factor / Style,Factor / Style
2026-10-06,USMV,99.25,99.9000015258789,99.1999969482422,99.7699966430664,1717700.0,250,171374923.23379517,169650157.5881958,186591136.88377503,0.0017780204649313,0.0250656017377992,0.0772586650103239,0.0193845064258678,0.0877451882958852,0.1321676206818119,3.4466049127786507e-05,0.0021993859442328,0.0102110939314676,0.005003483739765,0.5088878328636548,99.55377853393554,96.25797526041669,0.0040106727090321,100.0414509482394,101.87542224029028,0.9793333313283564,0.7011528804707325,0.0070276927339102,97.33000183105467,97.33000183105467,97.33000183105467,-0.0244561981969485,iShares MSCI USA Min Vol Factor ETF,Z,True,False,False,False,False,False,False,False,False,,False,,,23007752192.0,Country / Region,unknown,118.0,True,,False,True,121.0,True,True,False,220.0,,0,0,False,Country / Region,Country / Region,Country / Region,Country / Region,Country / Region
2026-10-06,XBI,156.8699951171875,157.47000122070312,149.67999267578125,150.89999389648438,17220200.0,250,2598528074.89624,1461998587.2937777,1353578547.825986,-0.0681158480713409,-0.0740627553157643,0.172278723897832,0.0,0.0,0.081763739620102,-0.0,-0.0,0.0140861527228657,0.004930153453003,-0.0,158.1727993774414,143.72884607950846,0.0031240434358725,162.97000122070312,169.88999938964844,0.8882217578351399,4.246500396728516,0.0281411568488303,149.67999267578125,149.67999267578125,149.67999267578125,-0.0080848328035058,State Street SPDR S&P Biotech ETF,P,True,False,False,False,False,False,False,False,False,,False,,,10734887936.0,Industry / Theme,unknown,231.0,True,,False,True,23.0,True,True,False,221.0,,0,0,False,Industry / Theme,Industry / Theme,Industry / Theme,Industry / Theme,Industry / Theme
2026-10-06,SMLF,86.11000061035156,86.26000213623047,85.5999984741211,85.69999694824219,192200.0,250,16471539.413452148,14521772.172470093,14262249.099840436,-0.0163890069319414,-0.0076402776731143,0.1249217362671433,0.0,0.0,0.1126055347959932,-0.0,-0.0,0.0140668789200057,0.0049234076220019,-0.0,87.0054736328125,83.74353510538737,-0.0039219301457174,86.99825803520294,90.51469866818498,0.9468075153451831,1.0133783142092192,0.0118247182064806,83.0,83.0,83.0,-0.0315052163872634,iShares U.S. Small-Cap Equity Factor ETF,P,True,False,False,False,False,False,False,False,False,,False,,,4182715648.0,Factor / Style,unknown,415.0,True,,False,True,432.0,True,True,False,222.0,,0,0,False,Factor / Style,Factor / Style,Factor / Style,Factor / Style,Factor / Style
2026-10-06,DBEF,55.27000045776367,55.43999862670898,55.15999984741211,55.20000076293945,663500.0,250,36625200.50621033,28387319.31558609,23872604.171553116,-0.0050468417737407,0.0171365450033404,0.1009174598102542,0.0,0.0534176526242122,0.1204762997703641,-0.0,0.0009153940081676,0.0121581621401638,0.0048503628543663,0.7412726907776062,55.4792000579834,53.2456667582194,0.0018889552898626,55.86000061035156,56.84000015258789,0.971147090336984,0.5204999923706055,0.0094293475575468,54.29999923706055,54.29999923706055,54.29999923706055,-0.016304375243472,Xtrackers MSCI EAFE Hedged Equity ETF,P,True,False,False,False,False,False,False,False,False,,False,,,9039409152.0,Country / Region,unknown,267.0,True,,False,True,381.0,True,True,False,223.0,,0,0,False,Country / Region,Country / Region,Country / Region,Country / Region,Country / Region
2026-10-06,EUFN,39.5,39.66999816894531,39.43999862670898,39.459999084472656,1094100.0,250,43173184.99832153,80874283.23173523,65284244.14314392,-0.0693396777264693,-0.0015182533551623,0.1412035269825817,0.0,0.0,0.0980627415826753,-0.0,-0.0,0.0138468049770552,0.0048463817419693,-0.0,41.62239974975586,38.40218866984049,-0.0017938899080079,42.52000045776367,43.06999969482422,0.9161829432103435,0.6635004043579101,0.016814506329246,38.47999954223633,38.47999954223633,38.47999954223633,-0.0248352652046044,iShares MSCI Europe Financials ETF,Q,True,False,False,False,False,False,False,False,False,,False,,,3689534976.0,Country / Region,unknown,453.0,True,,False,True,246.0,True,True,False,224.0,,0,0,False,Country / Region,Country / Region,Country / Region,Country / Region,Country / Region
2026-10-06,JIVE,95.5999984741211,95.6999969482422,95.31999969482422,95.33000183105467,501600.0,250,47817528.91845703,41183176.47052765,33067643.876999144,-0.0397670989718706,0.0285930245700583,0.0986389201537749,0.0,0.074010095975907,0.0999288554329392,-0.0,0.0021161724926714,0.0098568743921078,0.0048254181574741,0.3259359669356909,97.19746032714843,92.57710037231443,0.004639035164641,99.2699966430664,100.20999908447266,0.951302292206346,1.0564498901367188,0.0110820294749283,93.66999816894533,93.66999816894533,93.66999816894533,-0.0174132343462162,JPMorgan International Value ETF,Q,True,False,False,False,False,False,False,False,False,,False,,,3125305856.0,Factor / Style,unknown,497.0,True,,False,True,347.0,True,True,False,225.0,,0,0,False,Factor / Style,Factor / Style,Factor / Style,Factor / Style,Factor / Style
2026-10-06,VBK,349.82000732421875,350.7799987792969,346.7699890136719,347.44000244140625,214700.0,250,74595368.52416992,70963382.20031738,67810104.63503882,-0.0004320519129556,-0.0115973454177793,0.1308376645190025,0.0,0.0,0.0983779974424731,-0.0,-0.0,0.0128715474254296,0.0045050415989003,-0.0,348.0794073486328,339.2012762451172,-0.0022822567238769,350.7799987792969,366.7131547610454,0.9474435207207176,4.508237231750701,0.0129755848493899,336.04998779296875,331.6843720446187,331.6843720446187,-0.0453477731006078,Vanguard Morningstar Small-Cap Growth ETF,P,True,False,False,False,False,False,False,False,False,,False,,,47006371840.0,Factor / Style,unknown,65.0,True,,False,True,242.0,True,True,False,226.0,,0,0,False,Factor / Style,Factor / Style,Factor / Style,Factor / Style,Factor / Style
2026-10-06,VOE,199.8699951171875,201.1100006103516,199.41000366210935,200.77999877929688,397600.0,250,79830127.51464844,84350028.24081421,64763249.31795635,-0.024018590520496,0.0123047679187,0.0907295451499143,0.0,0.0381160779012921,0.1316327903819421,-0.0,0.0004690094925464,0.0119429831981676,0.0044849002895138,0.1960890036340048,204.16063079833984,195.6413485717773,-0.0035194141669648,205.88029927059995,209.97901414243915,0.9561907869664436,1.821581973834742,0.009072527068979,194.8999938964844,194.8999938964844,194.8999938964844,-0.029285809934066,Vanguard Morningstar Mid-Cap Value ETF,P,True,False,False,False,False,False,False,False,False,,False,,,37230292992.0,Factor / Style,unknown,82.0,True,,False,True,249.0,True,True,False,227.0,,0,0,False,Factor / Style,Factor / Style,Factor / Style,Factor / Style,Factor / Style
2026-10-06,ACWX,76.68000030517578,76.69999694824219,76.37000274658203,76.37999725341797,2386100.0,250,182250311.44638065,536660907.97828674,262692803.85427323,-0.0237730145850741,0.0194874415397121,0.1141020850077041,0.0,0.0419539470121638,0.093826676733978,-0.0,0.0008175750897597,0.0107058194446907,0.0042784606139855,0.8643930145548426,76.82540008544922,74.12250579833984,0.0041302142501762,78.11000061035156,78.77999877929688,0.9695353952390564,0.9015003204345704,0.0118028325851272,74.6500015258789,74.6500015258789,74.6500015258789,-0.0226498532305412,iShares MSCI ACWI ex U.S. ETF,Q,True,False,False,False,False,False,False,False,False,,False,,,11616678912.0,Global Equity,unknown,210.0,True,,False,True,92.0,True,True,False,228.0,,0,0,False,Global Equity,Global Equity,Global Equity,Global Equity,Global Equity
2026-10-06,BSCR,19.559999465942383,19.56999969482422,19.559999465942383,19.565000534057617,1128300.0,250,22075190.10257721,17306128.10286522,13097625.10697501,0.0007682085374953,0.0073157771572129,0.0164333563353882,0.1307799627956417,0.4022222702142363,0.3949103585894545,0.0001004662839529,0.0029425684965556,0.0064897026432364,0.0041840654478939,0.8934556559748865,19.52610252380371,19.38909193674723,0.0010962448960971,19.56999969482422,19.56999969482422,0.9997445497779992,0.01398350440669,0.0007147203692812,19.530000686645508,19.530000686645508,19.530000686645508,-0.0017889009177988,Invesco BulletShares 2027 Corporate Bond ETF,Q,True,False,False,False,False,False,False,False,False,,False,,,4586565632.0,Bond,unknown,398.0,True,,False,True,440.0,True,True,False,229.0,,0,0,False,Bond,Bond,Bond,Bond,Bond
2026-10-06,DFIS,36.2599983215332,36.36000061035156,36.20000076293945,36.25,619800.0,250,22467750.0,20726777.5970459,24322614.921745423,-0.029208873351596,0.037260956589519,0.0753830294963295,0.0,0.087680373405924,0.0762492758580073,-0.0,0.0032670545872309,0.0057479014110779,0.0041353509755773,0.8476506577060938,36.75565322875977,35.47488151550293,0.0059233997006677,37.41032387527567,37.85805654695205,0.9575240597742328,0.4201304593771894,0.0115898057759224,35.73500061035156,35.73500061035156,35.73500061035156,-0.0142068797144396,Dimensional International Small Cap ETF,Z,True,False,False,False,False,False,False,False,False,,False,,,5815646208.0,Factor / Style,unknown,355.0,True,,False,True,378.0,True,True,False,230.0,,0,0,False,Factor / Style,Factor / Style,Factor / Style,Factor / Style,Factor / Style
2026-10-06,SCHM,34.91999816894531,35.060001373291016,34.81999969482422,34.880001068115234,3150500.0,250,109889443.36509705,88556058.45840454,56735774.10096668,-0.0199121053449596,-0.0074074403763252,0.1161440931568726,0.0,0.0,0.1017122258936617,-0.0,-0.0,0.0118132742393863,0.0041346459837852,-0.0,35.224830856323244,34.236414960225424,-0.0032578907361837,35.52886782523054,36.7842305056741,0.9482324514776752,0.4022941831451891,0.0115336631544124,33.849998474121094,33.849998474121094,33.849998474121094,-0.0295298899785784,Schwab U.S. Mid Cap ETF,P,True,False,False,False,False,False,False,False,False,,False,,,15320031232.0,Factor / Style,unknown,167.0,True,,False,True,266.0,True,True,False,231.0,,0,0,False,Factor / Style,Factor / Style,Factor / Style,Factor / Style,Factor / Style
2026-10-06,IXUS,96.3499984741211,96.4499969482422,96.0500030517578,96.05999755859376,1522000.0,250,146203316.2841797,214448649.32178497,179520030.57367235,-0.0229861894146186,0.0192042181283156,0.1105336221777624,0.0,0.0416762553909125,0.0929648187153209,-0.0,0.0008003598992984,0.0102757381477034,0.0041167422862402,0.8406265333520866,96.60979934692382,93.35941106160482,0.0040156551991978,98.1500015258789,98.83000183105467,0.971972030545986,1.139500045776367,0.011862378458643,93.8499984741211,93.8499984741211,93.8499984741211,-0.0230064453533285,iShares Core MSCI Total International Stock ETF,Q,True,False,False,False,False,False,False,False,False,,False,,,58515161088.0,Country / Region,unknown,50.0,True,,False,True,122.0,True,True,False,232.0,,0,0,False,Country / Region,Country / Region,Country / Region,Country / Region,Country / Region
2026-10-06,VTWO,114.8499984741211,114.94000244140624,113.4000015258789,113.63999938964844,1515500.0,250,172221419.0750122,166006360.24116516,163020199.3023948,-0.0429490669747044,-0.0388346369542789,0.1186633858597401,0.0,0.0,0.0990991849870478,-0.0,-0.0,0.0117594448265038,0.0041158056892763,-0.0,117.80995071411132,113.53484176635742,-0.0084049610754539,118.5105404005238,122.95555556065815,0.9242363947807626,1.4920165936676917,0.0131293259563639,111.29000091552734,111.29000091552734,111.29000091552734,-0.0206793249449379,Vanguard Russell 2000 ETF,Q,True,False,False,False,False,False,False,False,False,,False,,,18552160256.0,US Equity,unknown,140.0,True,,False,True,131.0,True,True,False,233.0,,0,0,False,US Equity,US Equity,US Equity,US Equity,US Equity
2026-10-06,IWN,214.1699981689453,214.1699981689453,212.0500030517578,212.3699951171875,895300.0,250,190134856.628418,130607063.47038268,117374993.45296223,-0.0427818575405306,-0.0204432676712171,0.1061683604668011,0.0,0.0,0.1103255851752975,-0.0,-0.0,0.0117130864956017,0.0040995802734606,-0.0,219.86085144042968,210.6056692504883,-0.0079171181472755,221.7421436963245,226.94108459891964,0.9357935143939048,2.5414017042764883,0.0119668586086001,207.17999267578125,207.17999267578125,207.17999267578125,-0.0244384920691944,iShares Russell 2000 Value ETF,P,True,False,False,False,False,False,False,False,False,,False,,,14527014912.0,Factor / Style,unknown,175.0,True,,False,True,160.0,True,True,False,234.0,,0,0,False,Factor / Style,Factor / Style,Factor / Style,Factor / Style,Factor / Style
2026-10-06,SCHC,50.040000915527344,50.150001525878906,49.900001525878906,49.93999862670898,248100.0,250,12390113.6592865,18839503.96976471,16010397.44994754,-0.0284047248215515,0.0467407165170556,0.0572978100726626,0.0,0.099776391892623,0.0529483551621105,-0.0,0.0046636200485477,0.0030338247977384,0.0040931917107645,1.5614580221465468,50.402200088500976,49.28910682678222,0.0071979499593501,51.59000015258789,52.119998931884766,0.95817343918167,0.5949993133544922,0.0119142837348071,49.15999984741211,49.15999984741211,49.15999984741211,-0.0156187184770909,Schwab International Small-Cap Equity ETF,P,True,False,False,False,False,False,False,False,False,,False,,,5338413056.0,Global Equity,unknown,368.0,True,,False,True,421.0,True,True,False,235.0,,0,0,False,Global Equity,Global Equity,Global Equity,Global Equity,Global Equity
2026-10-06,IBDS,24.07999992370605,24.07999992370605,24.059999465942383,24.06999969482422,771800.0,250,18577225.76446533,20108010.670967106,14654018.498239065,0.0005849082260203,0.0076509568626692,0.0171448993249481,0.0916226790039123,0.3445276628181664,0.3921527056997321,5.359085863940653e-05,0.002635966286218,0.0067234186592279,0.0040665746167715,0.94557181375693,24.0199068069458,23.84995806376139,0.0010849017656633,24.07999992370605,24.121700244530597,0.9978566788749438,0.0224420789736809,0.0009323672313343,24.026035803077203,24.02603530883789,24.02603530883789,-0.0018265220832462,iShares iBonds Dec 2027 Term Corporate ETF,P,True,False,False,False,False,False,False,False,False,,False,,,3791735808.0,Bond,unknown,446.0,True,,False,True,428.0,True,True,False,236.0,,0,0,False,Bond,Bond,Bond,Bond,Bond
2026-10-06,IWM,284.3999938964844,284.6400146484375,280.760009765625,281.3399963378906,21814100.0,250,6137178814.11438,7081822697.290497,6088200495.568993,-0.0427434694059369,-0.0388620288662012,0.1179692017729714,0.0,0.0,0.0982041514287789,-0.0,-0.0,0.011585065354845,0.0040547728741957,-0.0,291.6637023925781,281.19747253417967,-0.0083864013166926,293.3937235754736,304.38501947188735,0.924289890566953,3.7606361070557255,0.0133668733774318,275.45001220703125,275.45001220703125,275.45001220703125,-0.0209354667218573,iShares Russell 2000 Index Fund,P,True,False,False,False,False,False,False,False,False,,False,,,82970353664.0,US Equity,unknown,35.0,True,,False,True,3.0,True,True,False,237.0,,0,0,False,US Equity,US Equity,US Equity,US Equity,US Equity
2026-10-06,AOR,69.08000183105469,69.16999816894531,68.94999694824219,69.01000213623047,399900.0,250,27597099.854278564,38480646.21952057,26530479.10163516,-0.0074634907063262,0.0113591868050824,0.0813528221093189,0.0,0.0430712602900133,0.1291952843712186,-0.0,0.0004892544915645,0.0105104009868146,0.0039966557649021,1.0687870018765524,69.10654342651367,67.53331141153971,0.0012960280226652,69.59860824003364,70.16599105655143,0.9835249398901916,0.4987548839206674,0.0072272839948054,67.84670192648598,67.84670192648598,67.84670192648598,-0.0168569797671945,iShares Core 60/40 Balanced Allocation ETF,P,True,False,False,False,False,False,False,False,False,,False,,,3667536128.0,Other,unknown,455.0,True,,False,True,369.0,True,True,False,238.0,,0,0,False,Other,Other,Other,Other,Other
2026-10-06,VEU,84.12000274658203,84.20999908447266,83.77999877929688,83.80999755859375,2246000.0,250,188237254.5166016,212887475.04375455,218162291.5390136,-0.0238690869656819,0.0160355782600278,0.1103701552587441,0.0,0.0353628963418178,0.0935454955662318,-0.0,0.0005670644917904,0.0103246308694011,0.0039822127239542,0.683805647755729,84.36063552856446,81.541832224528,0.0038090068205889,85.7197117961727,86.31830940749511,0.9709411379101506,0.9902493292682196,0.0118154081626826,81.97000122070312,81.97000122070312,81.97000122070312,-0.0219543776576802,Vanguard FTSE All World Ex US ETF,P,True,False,False,False,False,False,False,False,False,,False,,,94563958784.0,Country / Region,unknown,32.0,True,,False,True,107.0,True,True,False,239.0,,0,0,False,Country / Region,Country / Region,Country / Region,Country / Region,Country / Region
2026-10-06,IWP,143.0,144.11000061035156,142.8800048828125,143.44000244140625,381100.0,250,54664984.93041992,104563854.0979004,108456778.39013962,0.0298515589232646,0.014213688784701,0.1136166986518822,0.1972457904707303,0.0257048929302617,0.0932712849965223,0.0058880943366029,0.0003653613483548,0.0105971754803237,0.0039464962945439,19.39413003002425,140.3527276611328,137.8726905822754,0.0017799774518167,144.11000061035156,148.12218084109145,0.9683897551798246,1.782380241290923,0.0124259635454134,136.9499969482422,134.35000610351562,134.35000610351562,-0.0633714178972061,iShares Russell Midcap Growth ETF,P,True,False,False,False,False,False,False,False,False,,False,,,21568610304.0,Factor / Style,unknown,126.0,True,,False,True,171.0,True,True,False,240.0,,0,0,False,Factor / Style,Factor / Style,Factor / Style,Factor / Style,Factor / Style
2026-10-06,SPSM,54.2599983215332,54.29999923706055,53.880001068115234,53.9900016784668,1519600.0,250,82043206.55059814,99910913.3778572,93127380.49080864,-0.0335189678617334,-0.0297132245423855,0.1055819599246747,0.0,0.0,0.1056722575415516,-0.0,-0.0,0.011157084060902,0.0039049794213157,-0.0,55.76292602539063,53.636962254842125,-0.010210185133246,55.80269621717279,58.36226940927846,0.9250840007582612,0.6374639029422096,0.0118070732195671,52.45000076293945,52.45000076293945,52.45000076293945,-0.0285238167744223,State Street SPDR Portfolio S&P 600 Small Cap ETF,P,True,False,False,False,False,False,False,False,False,,False,,,16915987456.0,Factor / Style,unknown,154.0,True,,False,True,194.0,True,True,False,241.0,,0,0,False,Factor / Style,Factor / Style,Factor / Style,Factor / Style,Factor / Style
2026-10-06,VXUS,86.1500015258789,86.16999816894531,85.80000305175781,85.80000305175781,4649400.0,250,398918534.1888428,500460948.37314606,440987553.18306816,-0.0241255619467578,0.0179419176376025,0.1066634337257275,0.0,0.0396615587538037,0.0913241393581158,-0.0,0.0007116044205396,0.0097409462859834,0.003871874073445,0.7920347177363498,86.36629180908203,83.54264333089192,0.0040163892489244,87.8113527498444,88.4601840996856,0.9699279277450968,1.0119861779360484,0.0117947102790378,83.93000030517578,83.93000030517578,83.93000030517578,-0.0217949030311103,Vanguard Total International Stock ETF,Q,True,False,False,False,False,False,False,False,False,,False,,,650318381056.0,Global Equity,unknown,5.0,True,,False,True,63.0,True,True,False,242.0,,0,0,False,Global Equity,Global Equity,Global Equity,Global Equity,Global Equity
2026-10-06,SCHA,33.380001068115234,33.38999938964844,33.029998779296875,33.099998474121094,2934000.0,250,97115395.52307127,140599968.9297676,99952778.035506,-0.0365837572514649,-0.0323718980606435,0.1217944230295975,0.0,0.0,0.0907648427821323,-0.0,-0.0,0.0110546516580219,0.0038691280803076,-0.0,33.93037750244141,32.87635732014974,-0.006765327122354,34.32699659472124,36.091698077054936,0.917108372220486,0.4377914771972104,0.0132263292259512,32.33000183105469,32.33000183105469,32.33000183105469,-0.0232627395336111,Schwab U.S. Small-Cap ETF,P,True,False,False,False,False,False,False,False,False,,False,,,24157184000.0,Other,unknown,114.0,True,,False,True,185.0,True,True,False,243.0,,0,0,False,Other,Other,Other,Other,Other
2026-10-06,FNDF,54.04999923706055,54.16999816894531,53.93000030517578,53.95000076293945,1911500.0,250,103125426.45835876,111363983.38335036,94061891.11937872,-0.0395228320878463,0.0243023094454717,0.092971018704052,0.0,0.0617166099520183,0.0886942191826492,-0.0,0.0014998561529794,0.0082459919105713,0.0038610036681366,0.4846224777265953,54.9744002532959,52.72105672200521,0.0041022979037013,56.220001220703125,56.47999954223633,0.9552054036862214,0.6114997863769531,0.0113345649254748,52.9900016784668,52.9900016784668,52.9900016784668,-0.0177942367172703,Schwab Fundamental International Equity ETF,P,True,False,False,False,False,False,False,False,False,,False,,,23990886400.0,Global Equity,unknown,115.0,True,,False,True,191.0,True,True,False,244.0,,0,0,False,Global Equity,Global Equity,Global Equity,Global Equity,Global Equity
2026-10-06,VNLA,48.63999938964844,48.650001525878906,48.619998931884766,48.63999938964844,1742600.0,250,84760062.93640137,26881407.19642639,21201290.9866878,0.0002524423285381,0.0066968196324246,0.0180460743734183,0.0298903956901356,0.3038665324444094,0.4003992991891781,7.545601088944831e-06,0.0020349393601105,0.0072256355322324,0.0038516830203532,0.946868581778022,48.54770698547363,48.19883239746094,0.0008932002562294,48.650001525878906,48.650001525878906,0.9997944062504264,0.0385859101370463,0.0007932958598115,48.52812061012406,48.51815662137757,48.51815662137757,-0.0025049911554233,Janus Henderson Short Duration Income ETF,P,True,False,False,False,False,False,False,False,False,,False,,,3309779456.0,Bond,unknown,477.0,True,,False,True,393.0,True,True,False,245.0,,0,0,False,Bond,Bond,Bond,Bond,Bond
2026-10-06,IJR,139.58999633789062,139.72000122070312,138.58999633789062,138.85000610351562,2739800.0,250,380421246.7224121,500998156.6558838,437382806.4986698,-0.033954017111729,-0.030189058094396,0.1047533046054809,0.0,0.0,0.1044154214707293,-0.0,-0.0,0.0109378604508329,0.0038282511577915,-0.0,143.46955413818358,138.0149375406901,-0.0102484846847553,143.52097420561483,150.1470318717948,0.9247602458240712,1.6548847612574278,0.0119185069392339,134.88999938964844,134.88999938964844,134.88999938964844,-0.0285200326956768,iShares Core S&P Small-Cap ETF,P,True,False,False,False,False,False,False,False,False,,False,,,111317172224.0,Other,unknown,25.0,True,,False,True,64.0,True,True,False,246.0,,0,0,False,Other,Other,Other,Other,Other
2026-10-06,VIOO,129.8800048828125,130.02000427246094,128.9499969482422,129.13999938964844,45300.0,250,5850041.972351074,11710541.15196228,10877154.562184168,-0.0349002186245491,-0.0303348363741686,0.1047993845834927,0.0,0.0,0.1042819567882784,-0.0,-0.0,0.0109286848945739,0.0038250397131008,-0.0,133.47219985961914,128.40166631062826,-0.0102686524030165,133.4499969482422,139.6999969482422,0.924409464643681,1.512000274658203,0.0117082258154277,125.47000122070312,125.47000122070312,125.47000122070312,-0.0284187562822575,Vanguard S&P Small-Cap 600 ETF,P,True,False,False,False,False,False,False,False,False,,False,,,6406161408.0,Other,unknown,336.0,True,,False,True,449.0,True,True,False,247.0,,0,0,False,Other,Other,Other,Other,Other
2026-10-06,SLYG,109.9499969482422,110.0,109.12999725341795,109.37999725341795,143800.0,250,15728843.605041504,13736904.09111023,13372815.350874644,-0.0313637074589897,-0.0491738881758608,0.1085941972817794,0.0,0.0,0.0994518633198388,-0.0,-0.0,0.0107998952653951,0.0037799633428883,-0.0,113.07270401000976,108.9216160583496,-0.0116150372239807,112.60237081667432,119.56643120871436,0.91480523544677,1.359671901376572,0.0124307180062036,106.22000122070312,106.22000122070312,106.22000122070312,-0.0288900723355622,State Street SPDR S&P 600 Small Cap Growth ETF,P,True,False,False,False,False,False,False,False,False,,False,,,5195253248.0,Factor / Style,unknown,372.0,True,,False,True,437.0,True,True,False,248.0,,0,0,False,Factor / Style,Factor / Style,Factor / Style,Factor / Style,Factor / Style
2026-10-06,IWO,365.6799926757813,366.2900085449219,359.44000244140625,360.5299987792969,277800.0,250,100155233.66088869,176513375.05111694,159070682.2364928,-0.0428925629342341,-0.0567249856219359,0.1285224513345852,0.0,0.0,0.0840136015128888,-0.0,-0.0,0.0107976340118835,0.0037791719041592,-0.0,374.3246691894531,363.2662931315104,-0.0088692463116211,375.6382511513325,396.2451390323128,0.9098660482239924,5.477308491387416,0.0151923793025068,354.260009765625,354.260009765625,354.260009765625,-0.0173910327431868,iShares Russell 2000 Growth Fund,P,True,False,False,False,False,False,False,False,False,,False,,,15425412096.0,Factor / Style,unknown,165.0,True,,False,True,137.0,True,True,False,249.0,,0,0,False,Factor / Style,Factor / Style,Factor / Style,Factor / Style,Factor / Style
2026-10-06,IJT,164.7100067138672,164.86000061035156,163.5500030517578,163.9499969482422,505300.0,250,82843933.45794678,41860471.2562561,35970082.84706237,-0.0307990200672609,-0.0495798634496503,0.1087376617051212,0.0,0.0,0.0992820868042018,-0.0,-0.0,0.0107957019682937,0.0037784956889028,-0.0,169.43491333007813,163.23363108317056,-0.0117260531793401,168.69098903755904,179.2878029089768,0.9144514812950132,2.0110899927380386,0.012266483868084,159.16000366210938,159.16000366210938,159.16000366210938,-0.0292161840518055,iShares S&P SmallCap 600 Growth ETF,Q,True,False,False,False,False,False,False,False,False,,False,,,8216008192.0,Factor / Style,unknown,278.0,True,,False,True,331.0,True,True,False,250.0,,0,0,False,Factor / Style,Factor / Style,Factor / Style,Factor / Style,Factor / Style
2026-10-06,IMTM,53.45000076293945,53.58000183105469,53.33000183105469,53.369998931884766,270000.0,250,14409899.711608889,17989355.34275055,17165462.26207794,-0.0147683083644476,0.0275317740274338,0.1006804639204173,0.0,0.0564859905352898,0.0785240012340609,-0.0,0.0015551595271333,0.0079058328731326,0.0037778951982331,2.223018451027535,53.26144012451172,51.7600276184082,0.0029696583698477,54.02000045776367,54.79199981689453,0.9740472899371834,0.6165006637573243,0.0115514460576278,51.96500015258789,51.96500015258789,51.96500015258789,-0.0263256287692651,iShares MSCI Intl Momentum Factor ETF,P,True,False,False,False,False,False,False,False,False,,False,,,4170761216.0,Country / Region,unknown,417.0,True,,False,True,415.0,True,True,False,251.0,,0,0,False,Country / Region,Country / Region,Country / Region,Country / Region,Country / Region
2026-10-06,VB,292.17999267578125,292.8800048828125,290.6400146484375,291.07000732421875,819300.0,250,238473657.0007324,161129496.8171692,138348428.3499097,-0.0195945769533055,-0.0109247712179788,0.1026068612661588,0.0,0.0,0.1044961293609221,-0.0,-0.0,0.0107220198481867,0.0037527069468653,-0.0,296.50134033203125,287.0092578125,-0.004923527742458,296.6281290012879,308.60293190479985,0.94318613736959,3.3305005502220184,0.0114422663497315,282.8299865722656,282.8299865722656,282.8299865722656,-0.028309411978592,Vanguard Morningstar Small-Cap ETF,P,True,False,False,False,False,False,False,False,False,,False,,,188574482432.0,Other,unknown,12.0,True,,False,True,147.0,True,True,False,252.0,,0,0,False,Other,Other,Other,Other,Other
2026-10-06,IJK,113.06999969482422,113.55999755859376,112.76000213623048,113.05999755859376,462400.0,250,52278942.87109375,54473388.68865967,31818891.72328162,0.0020223690556775,0.0020223690556775,0.108089291104755,0.0165252680404111,0.0045687824864509,0.0966301649725587,3.342019072170463e-05,9.239764322719828e-06,0.0104446860312194,0.0036616459577365,20.0,113.06714874267578,110.5596602376302,-0.0035474707265918,113.55999755859376,119.18065374756988,0.948643878041314,1.33201870100537,0.0117815206949305,109.11000061035156,108.1999969482422,108.1999969482422,-0.0429860314461164,iShares S&P Mid-Cap 400 Growth ETF,P,True,False,False,False,False,False,False,False,False,,False,,,11298716672.0,Factor / Style,unknown,219.0,True,,False,True,353.0,True,True,False,253.0,,0,0,False,Factor / Style,Factor / Style,Factor / Style,Factor / Style,Factor / Style
2026-10-06,SPDW,50.720001220703125,50.79999923706055,50.540000915527344,50.560001373291016,2427700.0,250,122744515.3339386,134116068.0137825,135793585.84989518,-0.0291858756590387,0.0162814346390154,0.1060021263878119,0.0,0.0348088363956657,0.0886185131292758,-0.0,0.0005667377946362,0.0093937508290294,0.0036561923566738,0.5738248156872862,51.19800010681152,49.30502049763997,0.0034848939709801,51.9900016784668,52.43000030517578,0.964333417489983,0.6229993820190429,0.0123219811134766,49.56999969482422,49.56999969482422,49.56999969482422,-0.0195807288682111,State Street SPDR Portfolio Developed World ex-US ETF,P,True,False,False,False,False,False,False,False,False,,False,,,40294080512.0,Country / Region,unknown,78.0,True,,False,True,150.0,True,True,False,254.0,,0,0,False,Country / Region,Country / Region,Country / Region,Country / Region,Country / Region
2026-10-06,DFAS,79.43000030517578,79.5199966430664,78.86000061035156,79.01000213623047,449300.0,250,35499193.95980835,39928257.70111084,38944284.86627246,-0.0282235585244348,-0.010252432484558,0.1002147416253369,0.0,0.0,0.1041808310946358,-0.0,-0.0,0.0104404550704617,0.0036541592746616,-0.0,81.01682037353515,77.98162582397461,-0.0059799995479512,81.17503590734901,84.30712736260536,0.9371687140567376,0.8800766956730393,0.0111388010616123,76.8499984741211,76.8499984741211,76.8499984741211,-0.0273383572169135,U.S. Small Cap Portfolio: ETF Class Shares,P,True,False,False,False,False,False,False,False,False,,False,,,15242885120.0,Factor / Style,unknown,169.0,True,,False,True,315.0,True,True,False,255.0,,0,0,False,Factor / Style,Factor / Style,Factor / Style,Factor / Style,Factor / Style
2026-10-06,SLYV,104.6999969482422,104.80999755859376,103.94000244140624,104.12999725341795,251600.0,250,26199107.30895996,24208490.3125,19642827.3846702,-0.0356149448474729,-0.0105410858254318,0.099144338542068,0.0,0.0,0.1020053302913034,-0.0,-0.0,0.0101132509994964,0.0035396378498237,-0.0,107.52076049804688,103.34351262410482,-0.0088966459043033,107.96559634340316,111.83607964779124,0.931094845074664,1.2096572849671077,0.0116167993553596,101.27999877929688,101.27999877929688,101.27999877929688,-0.0273696201795256,State Street SPDR S&P 600 Small Cap Value ETF,P,True,False,False,False,False,False,False,False,False,,False,,,4830834688.0,Factor / Style,unknown,386.0,True,,False,True,402.0,True,True,False,256.0,,0,0,False,Factor / Style,Factor / Style,Factor / Style,Factor / Style,Factor / Style
2026-10-06,IJS,131.35000610351562,131.49000549316406,130.3699951171875,130.57000732421875,415400.0,250,54238781.04248047,46249696.86210632,31865620.85394481,-0.036446426669231,-0.0116058720782894,0.0990580147861661,0.0,0.0,0.1007023290363681,-0.0,-0.0,0.0099753727986859,0.00349138047954,-0.0,134.88903778076173,129.65235361735026,-0.0089287100658608,135.4689814926222,140.58739406345907,0.9287461951622872,1.524393508911979,0.0116749132526794,127.05999755859376,127.05999755859376,127.05999755859376,-0.0268822054739514,iShares S&P SmallCap 600 Value ETF,P,True,False,False,False,False,False,False,False,False,,False,,,8017806848.0,Factor / Style,unknown,287.0,True,,False,True,352.0,True,True,False,257.0,,0,0,False,Factor / Style,Factor / Style,Factor / Style,Factor / Style,Factor / Style
2026-10-06,SCHF,27.690000534057617,27.739999771118164,27.59000015258789,27.600000381469727,7762900.0,250,214256042.9613113,245517879.2807579,214544398.37896255,-0.0305584458330728,0.0113594523833819,0.1045032572519155,0.0,0.0240496141576494,0.085917766330479,-0.0,0.0002731904468625,0.008978686437344,0.003320114043531,0.3541109643091598,27.983799858093263,26.97607999165853,0.0030754885848089,28.420000076293945,28.690000534057617,0.9620076635657792,0.3505000114440918,0.0126992756014385,27.07999992370605,27.07999992370605,27.07999992370605,-0.0188405960353824,Schwab International Equity ETF,P,True,False,False,False,False,False,False,False,False,,False,,,66217533440.0,Global Equity,unknown,47.0,True,,False,True,109.0,True,True,False,258.0,,0,0,False,Global Equity,Global Equity,Global Equity,Global Equity,Global Equity
2026-10-06,VEA,71.33999633789062,71.4800033569336,71.11000061035156,71.11000061035156,10218800.0,250,726658874.2370605,677353264.00177,691670037.209429,-0.0294639853211651,0.0134472012071948,0.1009539838034307,0.0,0.0282611547146942,0.0834520593690391,-0.0,0.0003800334337961,0.0084248178499049,0.0031957079794342,0.4768831404539851,72.03132385253906,69.52822003682455,0.0033120033542768,73.1989586797854,73.85733659087978,0.9628021249162204,0.8882586850010832,0.0124913328276891,69.75,69.75,69.75,-0.0191253072518408,Vanguard FTSE Developed Markets ETF,P,True,False,False,False,False,False,False,False,False,,False,,,316309798912.0,Country / Region,unknown,9.0,True,,False,True,45.0,True,True,False,259.0,,0,0,False,Country / Region,Country / Region,Country / Region,Country / Region,Country / Region
2026-10-06,XLF,53.970001220703125,54.29999923706055,53.880001068115234,54.0099983215332,21760200.0,250,1175268365.4762268,2052858387.602768,1837323585.3295827,-0.054081149918589,-0.0139867469272042,0.0904372917556532,0.0,0.0,0.1003311673325927,-0.0,-0.0,0.0090736790522429,0.003175787668285,-0.0,56.55094032287597,53.41439849853516,-0.007244828179592,57.41678975511131,58.39333352085078,0.924934321522295,0.7078061450433879,0.0131050947424524,52.810001373291016,52.810001373291016,52.810001373291016,-0.0222180519447222,State Street Financial Select Sector SPDR ETF,P,True,False,False,False,False,False,False,False,False,,False,,,51353821184.0,Sector,unknown,56.0,True,,False,True,17.0,True,True,False,260.0,,0,0,False,Sector,Sector,Sector,Sector,Sector
2026-10-06,FNDA,36.0,36.06999969482422,35.81999969482422,35.869998931884766,1902200.0,250,68231911.9682312,79458249.61120605,43679099.66715253,-0.0245759914556176,-0.0240472163652677,0.0948748598673636,0.0,0.0,0.0954355748115476,-0.0,-0.0,0.0090544367866068,0.0031690528753124,-0.0,36.774625091552736,35.698189888000485,-0.0103791949578462,36.73389802046745,38.44754891493674,0.9329593158524964,0.4120923944806012,0.0114884975397725,34.77000045776367,34.77000045776367,34.77000045776367,-0.030666253328023,Schwab Fundamental U.S. Small Company ETF,P,True,False,False,False,False,False,False,False,False,,False,,,9333672960.0,Other,unknown,258.0,True,,False,True,305.0,True,True,False,261.0,,0,0,False,Other,Other,Other,Other,Other
2026-10-06,CGBL,37.22999954223633,37.34000015258789,37.16999816894531,37.27000045776367,1029700.0,250,38376919.47135925,50387197.29358673,53943155.1563384,-0.014781642910761,-6.120336250048375e-05,0.0803530603789111,0.0,0.0,0.1124204459205531,-0.0,-0.0,0.0090333268788783,0.0031616644076074,-0.0,37.56644638061523,36.71916061401368,-0.0004391591801533,37.78940028301747,38.46563029030857,0.9689169312053068,0.2992355521683951,0.0080288582906647,36.56999969482422,36.56999969482422,36.56999969482422,-0.018781882327389,Capital Group Core Balanced ETF,P,True,False,False,False,False,False,False,False,False,,False,,,6991702016.0,Other,unknown,312.0,True,,False,True,278.0,True,True,False,262.0,,0,0,False,Other,Other,Other,Other,Other
2026-10-06,DFSV,38.43999862670898,38.50199890136719,38.25,38.2599983215332,1216900.0,250,46558591.95747376,50739841.38381958,36374766.00312732,-0.0397850072822986,0.0057241155592679,0.0869913534930182,0.0,0.0151494000907626,0.1008007133079657,-0.0,8.671691677311043e-05,0.0087687904837216,0.003125442665205,0.0659883509878273,39.45255752563477,37.73751955668131,-0.0059236743785571,39.835280327976776,40.79156386531172,0.9379389926765884,0.4470531965518642,0.0116846109818111,37.15999984741211,37.15999984741211,37.15999984741211,-0.028750614803399,US Small Cap Value Portfolio ETF Class Shares,P,True,False,False,False,False,False,False,False,False,,False,,,7919026176.0,Factor / Style,unknown,288.0,True,,False,True,327.0,True,True,False,263.0,,0,0,False,Factor / Style,Factor / Style,Factor / Style,Factor / Style,Factor / Style
2026-10-06,IVLU,42.93000030517578,43.01499938964844,42.82500076293945,42.869998931884766,1430100.0,250,61308385.4724884,52724005.68147659,38369095.05708483,-0.04072498882863,0.0207142602829706,0.0838166240830735,0.0,0.0485761551812897,0.0833953691799772,-0.0,0.0010062191219712,0.0069899183088272,0.0031005138373708,0.2189732231001569,43.92039978027344,41.97761301676432,0.0029366229925851,44.68999862670898,45.09000015258789,0.9507651094879024,0.5220993041992188,0.0121786638023661,42.060001373291016,42.060001373291016,42.060001373291016,-0.0188942752221836,iShares MSCI Intl Value Factor ETF,P,True,False,False,False,False,False,False,False,False,,False,,,4248612352.0,Country / Region,unknown,412.0,True,,False,True,317.0,True,True,False,264.0,,0,0,False,Country / Region,Country / Region,Country / Region,Country / Region,Country / Region
2026-10-06,BBCA,101.4800033569336,101.9800033569336,101.18000030517578,101.72000122070312,595800.0,250,60604776.72729492,41605498.77544403,28045263.933926538,-0.0362410648602576,0.020886972550937,0.0748014208427076,0.0,0.0512324150986133,0.0881123577303247,-0.0,0.0010700900478829,0.0065909295520292,0.0030023838743341,0.3533236451285299,104.2495524597168,100.14275833129882,-0.0005359782475414,105.87374709729824,107.62668444591708,0.9451187848476176,1.1012864699317482,0.0108266462516282,99.26000213623048,99.26000213623048,99.26000213623048,-0.0241840253141087,JPMorgan BetaBuilders Canada ETF,Z,True,False,False,False,False,False,False,False,False,,False,,,10509565952.0,Country / Region,unknown,238.0,True,,False,True,366.0,True,True,False,265.0,,0,0,False,Country / Region,Country / Region,Country / Region,Country / Region,Country / Region
2026-10-06,VFH,131.69000244140625,132.44000244140625,131.44000244140625,131.64999389648438,451500.0,250,59439972.244262695,105255117.12974548,79897534.1869778,-0.0569095435641106,-0.0179238453412982,0.0880017291378454,0.0,0.0,0.0967002023587294,-0.0,-0.0,0.0085097850155477,0.0029784247554417,-0.0,138.18623413085936,130.63288513183593,-0.0081815507555725,140.0327804354468,142.72380107516045,0.9224109286940554,1.6704087487416586,0.0126882554210757,128.64999389648438,128.64999389648438,128.64999389648438,-0.0227876957013677,Vanguard Financials ETF,P,True,False,False,False,False,False,False,False,False,,False,,,13808313344.0,Sector,unknown,185.0,True,,False,True,214.0,True,True,False,266.0,,0,0,False,Sector,Sector,Sector,Sector,Sector
2026-10-06,DFIV,55.88999938964844,56.1150016784668,55.86000061035156,55.91999816894531,1836100.0,250,102674708.63800047,81583657.75167465,71283542.58029272,-0.0421854578411678,0.0234015324467353,0.0661673455479847,0.0,0.0695645442695443,0.0816356728679389,-0.0,0.0016279169398661,0.0054016157756951,0.0029487115324062,0.1778522680303863,57.331757049560544,54.86802607218424,0.0019902323624587,58.41774237560752,58.92026613518638,0.9490791850913016,0.6089678175204682,0.0108899827872071,54.83000183105469,54.83000183105469,54.83000183105469,-0.0194920667664818,Dimensional International Value ETF,P,True,False,False,False,False,False,False,False,False,,False,,,19862159360.0,Factor / Style,unknown,137.0,True,,False,True,231.0,True,True,False,267.0,,0,0,False,Factor / Style,Factor / Style,Factor / Style,Factor / Style,Factor / Style
2026-10-06,ACWV,124.27999877929688,124.8499984741211,124.27999877929688,124.69000244140624,76100.0,250,9488909.185791016,9483794.901771544,10081495.275176518,-0.0128255494299729,0.0211285055946186,0.0496379655837222,0.0,0.0864033628646897,0.0968993807938912,-0.0,0.0018255739356804,0.0048098881289311,0.0028700839033182,0.3374873591718287,125.73400039672852,122.02659006754556,0.0031210404569013,126.97000122070312,128.4499969482422,0.9707279517620307,0.7825000762939454,0.0062755638862197,122.72000122070312,122.72000122070312,122.72000122070312,-0.0157991914518476,iShares MSCI Global Min Vol Factor ETF,Z,True,False,False,False,False,False,False,False,False,,False,,,3240488448.0,Country / Region,unknown,481.0,True,,False,True,451.0,True,True,False,268.0,,0,0,False,Country / Region,Country / Region,Country / Region,Country / Region,Country / Region
2026-10-06,JHMM,73.41999816894531,73.65899658203125,73.25,73.37000274658203,468400.0,250,34366509.28649902,17623918.616638184,15174844.656977575,-0.0138440693302755,0.0015015097890251,0.0840924260722302,0.0,0.0041338047633082,0.0968548523636257,-0.0,6.206948318026347e-06,0.0081447595121249,0.0028547003456504,0.1132285126229371,74.42539993286132,72.33458267211914,-0.0037880576566563,74.26000213623047,77.44999694824219,0.9473209249525638,0.7395481109619141,0.0100797067367748,71.17900085449219,71.17900085449219,71.17900085449219,-0.0298623662269374,John Hancock Multifactor Mid Cap ETF,P,True,False,False,False,False,False,False,False,False,,False,,,5809617408.0,Factor / Style,unknown,356.0,True,,False,True,425.0,True,True,False,269.0,,0,0,False,Factor / Style,Factor / Style,Factor / Style,Factor / Style,Factor / Style
2026-10-06,IXJ,101.7699966430664,102.3499984741211,100.58000183105467,101.37000274658205,323500.0,250,32793195.888519287,18345394.951171875,17820663.257659428,-0.0052988018459675,0.0111720972227633,0.0909847147814042,0.0,0.0228106472787844,0.0832505204495794,-0.0,0.0002548427691127,0.0075745248585084,0.0028167315004012,0.0342334193016332,103.13840026855468,97.37647776285807,0.0068923510491294,104.43000030517578,107.69000244140624,0.9413130323006268,1.185999298095703,0.0116997066781246,100.33999633789062,100.33999633789062,100.33999633789062,-0.0101608600254885,iShares Global Healthcare ETF,P,True,False,False,False,False,False,False,False,False,,False,,,3844812544.0,Sector,unknown,445.0,True,,False,True,411.0,True,True,False,270.0,,0,0,False,Sector,Sector,Sector,Sector,Sector
2026-10-06,DFAT,68.0199966430664,68.33999633789062,67.8499984741211,67.95999908447266,262400.0,250,17832703.759765625,19074973.854293823,21065863.220444936,-0.0386876387983861,-0.0059013237160472,0.0828590220786997,0.0,0.0,0.0959674731157247,-0.0,-0.0,0.0079517709737328,0.0027831198408065,-0.0,70.16458953857422,67.37885002136231,-0.0073651917154307,70.59538195342826,72.54833685425838,0.9367547490578152,0.7601183097561297,0.0111847898763406,65.87000274658203,65.87000274658203,65.87000274658203,-0.0307533308717795,U.S. Targeted Value Portfolio ETF Class Shares,P,True,False,False,False,False,False,False,False,False,,False,,,14320157696.0,Factor / Style,unknown,179.0,True,,False,True,395.0,True,True,False,271.0,,0,0,False,Factor / Style,Factor / Style,Factor / Style,Factor / Style,Factor / Style
2026-10-06,CWB,102.51000213623048,103.79000091552734,102.08999633789062,102.44000244140624,612300.0,250,62724013.49487305,63314894.6572876,61159432.1315947,-0.0153440989503567,-0.016711490811386,0.1004231874878909,0.0,0.0,0.0788212817692352,-0.0,-0.0,0.0079154843571477,0.0027704195250017,,102.58363220214844,101.34790395100912,-0.0007987135046653,104.50592178022433,111.42386123436756,0.9193722180021676,1.3964753449082827,0.0136321291646497,100.31999969482422,99.76019923039308,99.76019923039308,-0.0261597339627746,State Street SPDR Bloomberg Convertible Securities ETF,P,True,False,False,False,False,False,False,False,False,,False,,,6197490688.0,Other,unknown,344.0,True,,False,True,259.0,True,True,False,272.0,,0,0,False,Other,Other,Other,Other,Other
2026-10-06,IVOO,125.2699966430664,125.83000183105467,125.08000183105467,125.26000213623048,152400.0,250,19089624.325561523,11832012.233276367,10006898.341926696,-0.0150769646639414,-0.0065096961960239,0.0855399801498815,0.0,0.0,0.09219281094237,-0.0,-0.0,0.0078861712179721,0.0027601599262902,-0.0,127.04950332641602,123.8972710164388,-0.0065295127632579,126.9780509563572,132.7407258350356,0.9436440952710938,1.3445082761899527,0.0107337398471995,121.11000061035156,121.11000061035156,121.11000061035156,-0.0331310989549995,Vanguard S&P Mid-Cap 400 ETF,P,True,False,False,False,False,False,False,False,False,,False,,,5857669632.0,Other,unknown,354.0,True,,False,True,452.0,True,True,False,273.0,,0,0,False,Other,Other,Other,Other,Other
2026-10-06,SPMD,64.8499984741211,65.12000274658203,64.7300033569336,64.83000183105469,1577100.0,250,102243395.88775636,108990083.31453323,96380238.00917733,-0.0150155281087051,-0.0058340313150536,0.0859579762765654,0.0,0.0,0.0915649652157724,-0.0,-0.0,0.0078707391077819,0.0027547586877236,-0.0,65.7515650177002,64.12041475931804,-0.0065048319919588,65.7585077864409,68.72805486745641,0.9432829425491642,0.7266742578948794,0.0112089192869155,62.68000030517578,62.68000030517578,62.68000030517578,-0.0331636813998826,State Street SPDR Portfolio S&P 400 Mid Cap ETF,P,True,False,False,False,False,False,False,False,False,,False,,,18386264064.0,Factor / Style,unknown,142.0,True,,False,True,190.0,True,True,False,274.0,,0,0,False,Factor / Style,Factor / Style,Factor / Style,Factor / Style,Factor / Style
2026-10-06,IJH,74.05000305175781,74.3499984741211,73.9000015258789,74.0,5629900.0,250,416612600.0,579235049.189949,488053855.1422846,-0.0150300578816561,-0.0067264638282062,0.0855184823444974,0.0,0.0,0.0911648617425889,-0.0,-0.0,0.0077962806193721,0.0027286982167802,-0.0,75.06377319335938,73.21230814615886,-0.0065363813879352,75.05940972160455,78.46893266431357,0.9430483821739816,0.8370084104195854,0.0113109244651295,71.55000305175781,71.55000305175781,71.55000305175781,-0.0331080668681377,iShares Core S&P Mid-Cap ETF,P,True,False,False,False,False,False,False,False,False,,False,,,124330491904.0,Other,unknown,22.0,True,,False,True,57.0,True,True,False,275.0,,0,0,False,Other,Other,Other,Other,Other
2026-10-06,EFV,79.0199966430664,79.23999786376953,78.55999755859375,78.94999694824219,2104400.0,250,166142373.57788086,205605674.5010376,226858698.7813677,-0.0418689868173509,0.017134683774779,0.0754819989530086,0.0,0.0447658552531732,0.0843431391482896,-0.0,0.0007670487736706,0.0063663887408846,0.0027268177621955,0.0882593394482379,81.21779983520508,77.35112218221029,0.0015612018478372,82.6500015258789,83.2300033569336,0.9485761596051304,0.9675010681152344,0.0122546055163182,77.58000183105469,77.58000183105469,77.58000183105469,-0.0173526937320294,iShares MSCI EAFE Value ETF,Z,True,False,False,False,False,False,False,False,False,,False,,,23718227968.0,Country / Region,unknown,116.0,True,,False,True,103.0,True,True,False,276.0,,0,0,False,Country / Region,Country / Region,Country / Region,Country / Region,Country / Region
2026-10-06,MDY,675.2000122070312,678.1199951171875,674.0599975585938,675.0,490900.0,250,331357500.0,467177690.7333374,410825786.3602896,-0.0150500726519914,-0.0071151718389592,0.0837437844365878,0.0,0.0,0.0904180411593414,-0.0,-0.0,0.0075719489480264,0.0026501821318092,-0.0,684.81837890625,668.3254166666667,-0.0065286876921297,684.466027924387,715.6311478675171,0.9432233379044604,7.519485385106799,0.0111399783483063,653.0,653.0,653.0,-0.0325925925925926,State Street SPDR S&P MIDCAP 400 ETF Trust,P,True,False,False,False,False,False,False,False,False,,False,,,28052918272.0,Other,unknown,100.0,True,,False,True,67.0,True,True,False,277.0,,0,0,False,Other,Other,Other,Other,Other
2026-10-06,VBR,235.8500061035156,236.38999938964844,234.88999938964844,235.27999877929688,248300.0,250,58420023.69689941,65544924.87609863,63945476.49148608,-0.0340535782211056,-0.01067936646769,0.0806042067239296,0.0,0.0,0.0935843879830952,-0.0,-0.0,0.0075432953551218,0.0026401533742926,-0.0,242.73563751220703,233.90079864501956,-0.0069547402330552,243.1663687126104,250.7532008608374,0.9382931024273232,2.4918547391122785,0.0105910181572626,229.22999572753903,229.22999572753903,229.22999572753903,-0.0257140559467317,Vanguard Morningstar Small-Cap Value ETF,P,True,False,False,False,False,False,False,False,False,,False,,,67781795840.0,Factor / Style,unknown,46.0,True,,False,True,252.0,True,True,False,278.0,,0,0,False,Factor / Style,Factor / Style,Factor / Style,Factor / Style,Factor / Style
2026-10-06,ICVT,114.2699966430664,114.61000061035156,114.0500030517578,114.2300033569336,640800.0,250,73198586.15112305,70182064.16416168,66335674.5924329,-0.0148269243549513,-0.0208040844293817,0.1002162903984815,0.0,0.0,0.075182688057052,-0.0,-0.0,0.0075345300992639,0.0026370855347423,,114.3806834411621,113.27146865844726,-0.0019361916230327,116.18888526599596,125.97838301503772,0.9067428920983868,1.150384866493365,0.0100707767896912,112.19000244140624,111.24488510465017,111.24488510465017,-0.0261325235451131,iShares Convertible Bond ETF,Z,True,False,False,False,False,False,False,False,False,,False,,,7533008896.0,Bond,unknown,296.0,True,,False,True,243.0,True,True,False,279.0,,0,0,False,Bond,Bond,Bond,Bond,Bond
2026-10-06,SCZ,84.63999938964844,84.70999908447266,84.33999633789062,84.41000366210938,1173000.0,250,99012934.2956543,103833172.17666626,102243518.54141478,-0.0278705299771144,0.021047605318778,0.0737347927115457,0.0,0.0493478876128506,0.0747903916990063,-0.0,0.0010386548617906,0.0055146540287415,0.0026052545702234,0.5781930811080364,85.68760009765624,83.10169723510742,0.0038754987438878,86.80000305175781,87.8499984741211,0.9608424032810304,0.9454998016357422,0.0112012766332832,83.19000244140625,83.19000244140625,83.19000244140625,-0.014453277665841,iShares MSCI EAFE Small-Cap ETF,Q,True,False,False,False,False,False,False,False,False,,False,,,14441042944.0,Country / Region,unknown,177.0,True,,False,True,180.0,True,True,False,280.0,,0,0,False,Country / Region,Country / Region,Country / Region,Country / Region,Country / Region
2026-10-06,EWC,59.06999969482422,59.31999969482422,58.869998931884766,59.18000030517578,1523900.0,250,90184402.46505736,105523218.43050005,101788667.38851638,-0.0375671053868251,0.0208728490424892,0.0670902190516857,0.0,0.0514236614923195,0.0786223607230776,-0.0,0.0010733583235412,0.0052747914032719,0.0025438599014469,0.3691819909581557,60.68400016784668,58.42797643025716,-0.0005665489876942,61.560001373291016,62.709999084472656,0.9437091559427097,0.6375003814697265,0.0107722267350845,57.75,57.75,57.75,-0.0241635738053673,iShares MSCI Canada Index Fund,P,True,False,False,False,False,False,False,False,False,,False,,,5956639232.0,Country / Region,unknown,350.0,True,,False,True,181.0,True,True,False,281.0,,0,0,False,Country / Region,Country / Region,Country / Region,Country / Region,Country / Region
2026-10-06,AVUV,120.98999786376952,121.16000366210938,120.3249969482422,120.47000122070312,1435100.0,250,172886498.75183105,168684660.6758499,156791313.87738425,-0.0387009135487685,-0.0124665571244871,0.079066689391182,0.0,0.0,0.09167285477175,-0.0,-0.0,0.0072482691338408,0.0025368941968443,-0.0,124.16999725341798,119.6626035563151,-0.0081310182656981,125.3499984741211,128.62908532773028,0.9365689020781042,1.3314006805419922,0.0110517196567703,116.9800033569336,116.9800033569336,116.9800033569336,-0.0289698499909184,Avantis U.S. Small Cap Value ETF,P,True,False,False,False,False,False,False,False,False,,False,,,29055420416.0,Factor / Style,unknown,95.0,True,,False,True,139.0,True,True,False,282.0,,0,0,False,Factor / Style,Factor / Style,Factor / Style,Factor / Style,Factor / Style
2026-10-06,IQLT,49.900001525878906,49.970001220703125,49.755001068115234,49.77000045776367,1657300.0,250,82483821.75865173,83019373.73126984,73916985.17206585,-0.0290674583019565,0.0107635816659334,0.080290669565568,0.0,0.0289775151868325,0.0816557364348918,-0.0,0.0003119018511893,0.006556193752227,0.0024974040165525,0.1913326180245964,50.81780014038086,48.885731557210285,0.0010992478266491,50.97200012207031,52.36000061035156,0.9505347570206896,0.510499382019043,0.0102571705309158,48.9900016784668,48.9900016784668,48.9900016784668,-0.0156720669504274,iShares MSCI Intl Quality Factor ETF,P,True,False,False,False,False,False,False,False,False,,False,,,13642241024.0,Country / Region,unknown,188.0,True,,False,True,225.0,True,True,False,283.0,,0,0,False,Country / Region,Country / Region,Country / Region,Country / Region,Country / Region
2026-10-06,GRID,182.67999267578125,184.91000366210935,182.5500030517578,184.30999755859372,452800.0,250,83455566.89453125,90939842.61016846,102867254.09795368,0.0148540452162193,0.0117959119020341,0.1123522826772027,0.0604741402458233,0.0163195928868774,0.0602557341340142,0.0008982856136234,0.0001925044799706,0.0067698692743471,0.0024945821580024,19.957394533848703,180.14358154296875,180.91882690429688,0.0009358727582022,184.91000366210935,198.79490034538264,0.9271364468523938,3.180971322618717,0.0172588105081356,176.1300048828125,171.29265122646677,171.29265122646677,-0.0706274564839525,First Trust NASDAQ Clean Edge Smart Grid Infrastructure Index Fund,Q,True,False,False,False,False,False,False,False,False,,False,,,12076603392.0,REIT / Infra,unknown,204.0,True,,False,True,179.0,True,True,False,284.0,,0,0,False,REIT / Infra,REIT / Infra,REIT / Infra,REIT / Infra,REIT / Infra
2026-10-06,VSS,156.8300018310547,157.0,156.22999572753906,156.32000732421875,90900.0,250,14209488.665771484,39991725.81390381,34639452.96890017,-0.0235485339723938,0.0275771884939224,0.0681012014719015,0.0,0.0583355665224058,0.0603805684288643,-0.0,0.0016087309138881,0.004111989255562,0.0024848713334739,1.819397066297544,157.226181640625,154.52921081542968,0.0059960065181279,160.37934155787588,162.1560252971581,0.9640098604893368,1.7506951747219577,0.011199431248048,153.30999755859375,153.30999755859375,153.30999755859375,-0.0192554351624486,Vanguard FTSE All-Wld ex-US SmCp Idx ETF,P,True,False,False,False,False,False,False,False,False,,False,,,13810126848.0,Country / Region,unknown,184.0,True,,False,True,340.0,True,True,False,285.0,,0,0,False,Country / Region,Country / Region,Country / Region,Country / Region,Country / Region
2026-10-06,ESGD,103.66000366210938,103.86000061035156,103.33999633789062,103.36699676513672,1155500.0,250,119440564.76211548,50914415.56606293,35276933.2188803,-0.0310555261582458,0.0098377896520187,0.0828577429754813,0.0,0.0239151708926664,0.0803802765739442,-0.0,0.0002352724207341,0.0066601282966619,0.0024839719773088,0.1420953429040896,105.55822052001952,101.5448760477702,0.0013730690752922,106.31999969482422,108.0,0.957101821899414,1.215250015258789,0.0117566539929567,101.5500030517578,101.5500030517578,101.5500030517578,-0.0175780836267048,iShares ESG Aware MSCI EAFE ETF,Q,True,False,False,False,False,False,False,False,False,,False,,,11761851392.0,Country / Region,unknown,208.0,True,,False,True,333.0,True,True,False,286.0,,0,0,False,Country / Region,Country / Region,Country / Region,Country / Region,Country / Region
2026-10-07,DFMC,57.65999984741211,57.65999984741211,57.38999938964844,57.5,14627.0,139,841052.5,1128871.787082672,1402465.528588673,-0.0262709453962812,-0.0413311340263885,0.0840572893461508,0.0,0.0,0.0841949731615578,-0.0,-0.0,0.0070772012205324,0.0024770204271863,-0.0,59.635426712036136,,-0.0073328334439509,59.34060671696788,62.21337127685547,0.9242386133379508,0.613575092985366,0.0106708711823541,56.84999847412109,56.84999847412109,56.84999847412109,-0.0113043743631113,U.S. Micro Cap Portfolio: ETF Class Shares,P,True,False,False,False,False,False,False,False,False,,False,,,7477905920.0,Other,unknown,297.0,True,,False,True,465.0,False,False,False,287.0,,0,0,False,Other,Other,Other,Other,Other
2026-10-06,INTF,41.7400016784668,41.81499862670898,41.65499877929688,41.65999984741211,401700.0,250,16734821.938705444,17443207.690563202,12129042.263388256,-0.0329619759351763,0.0178353172927785,0.0721091786518615,0.0,0.044376890391991,0.0754658593763966,-0.0,0.000791475920608,0.0054417811358888,0.0024190827459563,0.302663470377883,42.50849998474121,40.896010106404624,0.0022303988643872,42.93999862670898,43.4900016784668,0.9579213207535752,0.4648000717163086,0.0111569868799503,40.959999084472656,40.959999084472656,40.959999084472656,-0.016802706805169,iShares International Equity Factor ETF,P,True,False,False,False,False,False,False,False,False,,False,,,3470813184.0,Factor / Style,unknown,470.0,True,,False,True,446.0,True,True,False,288.0,,0,0,False,Factor / Style,Factor / Style,Factor / Style,Factor / Style,Factor / Style
2026-10-06,GSIE,46.08000183105469,46.220001220703125,46.02999877929688,46.040000915527344,373400.0,250,17191336.34185791,19744064.32107925,18506933.15395173,-0.0350566504290517,0.0157521361824293,0.072773160453901,0.0,0.0404410604915432,0.0784057937427134,-0.0,0.0006370330922246,0.0057058374085539,0.0024111146029399,0.2108244575066282,47.14102714538574,45.27897003173828,0.0012858556391768,47.53364630784668,48.21980446668582,0.954794434044948,0.5190393480039439,0.0112736606794656,45.22999954223633,45.22999954223633,45.22999954223633,-0.0175934265244082,Goldman Sachs ActiveBeta International Equity ETF,P,True,False,False,False,False,False,False,False,False,,False,,,5800200704.0,Global Equity,unknown,357.0,True,,False,True,406.0,True,True,False,289.0,,0,0,False,Global Equity,Global Equity,Global Equity,Global Equity,Global Equity
2026-10-06,BBAX,61.900001525878906,61.97999954223633,61.68000030517578,61.79999923706055,325200.0,250,20097359.75189209,12828477.47795105,12355658.24063619,-0.0392243553156774,0.0355007955852719,0.0430831584023008,0.0,0.0750667157728994,0.0448341917496886,-0.0,0.0026649281319114,0.0019315985849909,0.0024082627904892,0.487312903180618,63.20542411804199,61.04010401407878,0.000462085335801,63.99712628477171,64.98473358154297,0.9509925767336384,0.7239883639257993,0.0117150222146222,60.79999923706055,60.79999923706055,60.79999923706055,-0.0161812299732249,JPMorgan BetaBuilders Developed Asia Pacific-ex Japan ETF,Z,True,False,False,False,False,False,False,False,False,,False,,,6249870336.0,Country / Region,unknown,342.0,True,,False,True,444.0,True,True,False,290.0,,0,0,False,Country / Region,Country / Region,Country / Region,Country / Region,Country / Region
2026-10-06,FENI,40.27000045776367,40.31999969482422,40.150001525878906,40.16999816894531,1132000.0,250,45472437.927246094,58724651.72847748,52927159.29288107,-0.023512049240185,0.0129898239500942,0.0797945684825558,0.0,0.0315743397489962,0.0753148430060433,-0.0,0.0004101451146799,0.0060097153979986,0.0023699947138414,0.3733879755336677,40.80860404968261,39.42023991902669,0.0015646841491969,40.94322220748307,41.86843840083517,0.9594338767634578,0.4526027091953573,0.0112671827190984,39.380001068115234,39.380001068115234,39.380001068115234,-0.0196663464485993,Fidelity Enhanced International ETF,P,True,False,False,False,False,False,False,False,False,,False,,,10288922624.0,Global Equity,unknown,242.0,True,,False,True,280.0,True,True,False,291.0,,0,0,False,Global Equity,Global Equity,Global Equity,Global Equity,Global Equity
2026-10-06,AVDE,90.73999786376952,90.9250030517578,90.51000213623048,90.58000183105467,963600.0,250,87282889.7644043,126748259.8192978,100017593.27576652,-0.0331945835127558,0.020118564865911,0.0691181022083036,0.0,0.0497656214299908,0.0701612830246008,-0.0,0.0010012128828316,0.00484941473116,0.0023480835297465,0.4203194510015062,92.37558959960936,89.20465250651041,0.002550144873729,93.6969985961914,94.49393206819651,0.9585800892027952,1.0027996063232425,0.0110708720032222,88.91999816894531,88.91999816894531,88.91999816894531,-0.018326381414802,Avantis International Equity ETF,P,True,False,False,False,False,False,False,False,False,,False,,,17163864064.0,Global Equity,unknown,152.0,True,,False,True,184.0,True,True,False,292.0,,0,0,False,Global Equity,Global Equity,Global Equity,Global Equity,Global Equity
2026-10-06,IDEV,90.0199966430664,90.19000244140624,89.80500030517578,89.86000061035156,1795100.0,250,161307687.0956421,239884197.7661896,165136041.2545825,-0.0326192141156859,0.012621171664906,0.0760444793031824,0.0,0.0307693178333601,0.0768066114781253,-0.0,0.0003883448423868,0.0058407187768958,0.002296675719465,0.2436602966697374,91.71979919433592,88.45129745483399,0.0015068516298586,92.58000183105467,93.86000061035156,0.957383337161849,1.0229991912841796,0.0113843666184699,88.17500305175781,88.17500305175781,88.17500305175781,-0.0187513637563857,iShares Core MSCI International Developed Markets ETF,P,True,False,False,False,False,False,False,False,False,,False,,,30637815808.0,Country / Region,unknown,93.0,True,,False,True,129.0,True,True,False,293.0,,0,0,False,Country / Region,Country / Region,Country / Region,Country / Region,Country / Region
2026-10-06,DFAI,41.68999862670898,41.79499816894531,41.6150016784668,41.630001068115234,2054300.0,250,85520511.19422913,78308300.3993988,77166532.83008394,-0.0312603166084179,0.0150717820396171,0.0700016599502251,0.0,0.0389061699019044,0.074700290240835,-0.0,0.0005863853127578,0.005229144315622,0.0022113509637602,0.2916911287769144,42.45148910522461,40.98057540893555,0.0016672979846348,42.86383916394792,43.40150431744898,0.959183367553886,0.4564328779229228,0.0109640371417743,40.869998931884766,40.869998931884766,40.869998931884766,-0.0182561161837817,Dimensional International Core Equity Market ETF,P,True,False,False,False,False,False,False,False,False,,False,,,16829969408.0,Global Equity,unknown,156.0,True,,False,True,218.0,True,True,False,294.0,,0,0,False,Global Equity,Global Equity,Global Equity,Global Equity,Global Equity
2026-10-06,IEFA,97.47000122070312,97.63999938964844,97.20999908447266,97.25,8377200.0,250,814682700.0,1051857210.2280807,868004226.6802107,-0.0322419935580242,0.0097601751140568,0.0772974933731434,0.0,0.0231984696029402,0.0755254267296108,-0.0,0.0002264211257028,0.0058379261721359,0.0021904478919544,0.1576898942270739,99.28079956054688,95.75054011027018,0.001494968093328,100.16000366210938,101.44000244140624,0.958694771879304,1.1399993896484375,0.0117223587624518,95.48999786376952,95.48999786376952,95.48999786376952,-0.0180977083417014,iShares Core MSCI EAFE ETF,Z,True,False,False,False,False,False,False,False,False,,False,,,186543423488.0,Country / Region,unknown,13.0,True,,False,True,38.0,True,True,False,295.0,,0,0,False,Country / Region,Country / Region,Country / Region,Country / Region,Country / Region
2026-10-06,DFIC,37.86000061035156,37.92499923706055,37.7599983215332,37.7599983215332,1497700.0,250,56553149.48616028,75562677.01719284,72363948.95080082,-0.0338307130060854,0.0180162696544348,0.0641289189841183,0.0,0.0480033869462815,0.0707877828481174,-0.0,0.0008648419635503,0.0045395439913322,0.002150987673274,0.3498212060695428,38.5349755859375,37.23540519714356,0.0025699470928928,39.092127638050734,39.44045646629076,0.9573925279948567,0.4133414205763255,0.010946542345067,37.119998931884766,37.119998931884766,37.119998931884766,-0.0169491371318062,Dimensional International Core Equity 2 ETF,Z,True,False,False,False,False,False,False,False,False,,False,,,14218919936.0,Global Equity,unknown,180.0,True,,False,True,229.0,True,True,False,296.0,,0,0,False,Global Equity,Global Equity,Global Equity,Global Equity,Global Equity
2026-10-06,KBWB,87.87000274658203,88.3499984741211,87.37999725341797,87.61000061035156,2754800.0,250,241348029.68139648,220895208.56449127,169963705.31122118,-0.0886998867860262,-0.0610022153483441,0.0889835234031706,0.0,0.0,0.068142157052842,-0.0,-0.0,0.006063529226854,0.0021222352293989,-0.0,94.26205474853516,88.98235524495443,-0.017378397344505,97.32142231553506,100.1074422707153,0.8751597146337277,1.612173427524794,0.01840170547076,85.0999984741211,85.0999984741211,85.0999984741211,-0.0286497217069291,Invesco KBW Bank ETF,Q,True,False,False,False,False,False,False,False,False,,False,,,6505184256.0,Other,unknown,329.0,True,,False,True,125.0,True,True,False,297.0,,0,0,False,Other,Other,Other,Other,Other
2026-10-06,EFA,104.48999786376952,104.6999969482422,104.20999908447266,104.22000122070312,10489100.0,250,1093174014.8040771,1549109350.2644348,1185842186.9046528,-0.0328507873547744,0.0083204392925035,0.0764538322581134,0.0,0.0202830288833699,0.0742275638289049,-0.0,0.0001687637104921,0.0056749817139035,0.0020959400116861,0.1204812949913705,106.50039947509764,102.66208902994792,0.0012240260020637,107.31999969482422,108.88999938964844,0.957112699098892,1.240499496459961,0.0119027008436988,102.33999633789062,102.33999633789062,102.33999633789062,-0.0180388107924819,iShares MSCI EAFE ETF,P,True,False,False,False,False,False,False,False,False,,False,,,77217693696.0,Country / Region,unknown,37.0,True,,False,True,26.0,True,True,False,298.0,,0,0,False,Country / Region,Country / Region,Country / Region,Country / Region,Country / Region
2026-10-06,BBIN,78.37999725341797,78.54000091552734,78.11000061035156,78.23999786376953,162600.0,250,12721823.652648926,10383812.584075928,13594879.541269938,-0.0305403609502735,0.0114036802405179,0.074413529446893,0.0,0.0279862473421088,0.0722055832472693,-0.0,0.0003191462158214,0.0053730722952007,0.0020880203436042,0.2457487065910656,79.7494694519043,77.04388712565104,0.0015164276509975,80.24654546340724,81.47873370945655,0.9602505378000108,0.9162203257989504,0.0117103828069405,76.80000305175781,76.80000305175781,76.80000305175781,-0.0184048421693341,JPMorgan BetaBuilders International Equity ETF,Z,True,False,False,False,False,False,False,False,False,,False,,,6496628224.0,Global Equity,unknown,330.0,True,,False,True,436.0,True,True,False,299.0,,0,0,False,Global Equity,Global Equity,Global Equity,Global Equity,Global Equity
2026-10-06,JIRE,82.75,82.91000366210938,82.54499816894531,82.55000305175781,370300.0,250,30568266.13006592,40293656.46121979,34364762.745630175,-0.0259586660559549,0.0086755467453321,0.0765519395307803,0.0,0.0211878800462999,0.0731646827991156,-0.0,0.0001838164437761,0.0056008983734266,0.0020797951191538,0.1850814797160416,84.00439987182617,81.13926681518555,0.0006050945488813,84.27999877929688,86.06999969482422,0.9591030945097344,0.9594013214111328,0.0116220628218462,80.93000030517578,80.93000030517578,80.93000030517578,-0.0196245025644191,JPMorgan International Research Enhanced Equity ETF,P,True,False,False,False,False,False,False,False,False,,False,,,11130201088.0,Global Equity,unknown,223.0,True,,False,True,341.0,True,True,False,300.0,,0,0,False,Global Equity,Global Equity,Global Equity,Global Equity,Global Equity
2026-10-06,IYF,127.0999984741211,127.91000366210938,126.91999816894533,127.16000366210938,310900.0,250,39534045.138549805,52349160.12065888,54730918.68931604,-0.0625780874836288,-0.0280041559866642,0.0726475365994099,0.0,0.0,0.0798371513610668,-0.0,-0.0,0.0057999723754957,0.0020299903314235,-0.0,133.86878540039064,127.1365450032552,-0.0089983760234254,135.79815752833903,138.65926450503753,0.9170682111723564,1.6202404397158503,0.0127417457773999,124.31999969482422,124.31999969482422,124.31999969482422,-0.0223340978727213,iShares U.S. Financial ETF,P,True,False,False,False,False,False,False,False,False,,False,,,3903197184.0,Other,unknown,439.0,True,,False,True,274.0,True,True,False,301.0,,0,0,False,Other,Other,Other,Other,Other
2026-10-06,XME,108.86000061035156,109.0500030517578,107.13999938964844,108.23999786376952,971100.0,250,105111861.9255066,168162013.17634583,203289995.27996004,-0.0970175016736121,0.0625147116589732,-0.012870257156747,0.0,0.0498476493862501,0.0,-0.0,0.003116211428259,-0.0,0.0020255374283683,9.063188392816128,112.15749801635742,112.65240224202472,0.0089313164549096,122.11792001650066,132.7598912510043,0.8153064667635507,3.0982054582530623,0.0286234804083463,101.88999938964844,101.88999938964844,101.88999938964844,-0.0586659146290189,State Street SPDR S&P Metals & Mining ETF,P,True,False,False,False,False,False,False,False,False,,False,,,4383336448.0,Other,unknown,406.0,True,,False,True,112.0,True,True,False,302.0,,0,0,False,Other,Other,Other,Other,Other
2026-10-07,SMMD,86.48999786376953,86.15499877929688,85.51000213623047,85.8499984741211,242331.0,251,20804115.98023224,43230403.17686501,30070931.053726077,-0.0320102843623789,-0.0449447223761048,0.0764247510143858,0.0,0.0,0.0745450054804339,-0.0,-0.0,0.0056970834832081,0.0019939792191228,-0.0,89.31513122558594,86.04418487548828,-0.0067389700599601,88.78863408337645,93.1196643669406,0.921932000697799,1.080172117755982,0.0125820866273118,84.83999633789062,84.83999633789062,84.83999633789062,-0.0117647309747469,iShares Russell 2500 ETF,Z,True,False,False,False,False,False,False,False,False,,False,,,3622894592.0,Other,unknown,457.0,True,,False,True,359.0,True,True,False,303.0,,0,0,False,Other,Other,Other,Other,Other
2026-10-06,FEZ,67.0,67.19999694824219,66.75,66.79000091552734,894700.0,250,59757013.81912232,67364877.49874115,55139573.50767832,-0.0505404543910028,-0.0134358150010784,0.0814169586551258,0.0,0.0,0.0667800865523217,-0.0,-0.0,0.0054370315458161,0.0019029610410356,-0.0,69.79591232299805,66.73024729410807,-0.0006771650557636,69.88603960849055,72.2421990940395,0.9245289007410352,0.915953335275878,0.0137139290720227,65.69999694824219,65.69999694824219,65.69999694824219,-0.0163198675302271,State Street SPDR EURO STOXX 50 ETF,P,True,False,False,False,False,False,False,False,False,,False,,,4349350400.0,Other,unknown,408.0,True,,False,True,273.0,True,True,False,304.0,,0,0,False,Other,Other,Other,Other,Other
2026-10-06,VOX,193.44000244140625,193.44000244140625,192.27999877929688,193.02999877929688,138700.0,250,26773260.83068848,64976016.1567688,52159552.02069964,0.0264436498038176,0.0316456950426276,0.058177090722207,0.120199338268352,0.0461282393845589,0.0454025052710492,0.0031785092078189,0.001459760196417,0.0026413856681693,0.0018733291115303,0.5034831524901277,188.6438485717773,188.84365885416668,0.0059575336991404,198.66773465693825,198.80718101994177,0.9709407768320732,3.176199346224054,0.0164544338512668,188.4900054931641,187.08883671807607,187.08883671807607,-0.0307784390964724,Vanguard Communication Services  ETF,P,True,False,False,False,False,False,False,False,False,,False,,,5931463168.0,Sector,unknown,351.0,True,,False,True,283.0,True,True,False,305.0,,0,0,False,Sector,Sector,Sector,Sector,Sector
2026-10-06,EFG,121.45999908447266,121.76000213623048,121.0999984741211,121.12999725341795,518500.0,250,62805903.57589722,224000569.0468597,122837066.815125,-0.0233026888233672,-0.0029632119242872,0.0813883317751706,0.0,0.0,0.0639841558320418,-0.0,-0.0,0.0052075637032124,0.0018226472961243,-0.0,122.94139968872072,119.98310704549154,0.0001854897506532,123.30999755859376,127.44000244140624,0.9504864636918892,1.4860000610351562,0.012267812224302,118.77999877929688,118.6999969482422,118.6999969482422,-0.0200610943637019,iShares MSCI EAFE Growth ETF,Z,True,False,False,False,False,False,False,False,False,,False,,,16891213824.0,Country / Region,unknown,155.0,True,,False,True,157.0,True,True,False,306.0,,0,0,False,Country / Region,Country / Region,Country / Region,Country / Region,Country / Region
2026-10-06,AMLP,52.93000030517578,53.540000915527344,52.70000076293945,53.45000076293945,1380500.0,250,73787726.05323792,68620509.59407806,65261896.08186389,-0.0450241272610787,0.0218293590695104,0.0529328917080127,0.0,0.0514699181344067,0.0554623950192038,-0.0,0.0011235553242342,0.0029357849494185,0.0017578356930487,0.1001863485917895,54.4209822845459,52.32291107177734,-0.0015881723420111,56.43000030517578,56.43000030517578,0.9471912187467594,0.7485000610351562,0.0140037427568035,51.47999954223633,51.47999954223633,51.47999954223633,-0.0368568978967922,Alerian MLP ETF,P,True,False,False,False,False,False,False,False,False,,False,,,12160584704.0,REIT / Infra,unknown,203.0,True,,False,True,247.0,True,True,False,307.0,,0,0,False,REIT / Infra,REIT / Infra,REIT / Infra,REIT / Infra,REIT / Infra
2026-10-06,EZU,66.97000122070312,67.31999969482422,66.93000030517578,67.0,1598400.0,250,107092800.0,86784924.38129425,64639687.52902803,-0.047889762896815,-0.0174512743628185,0.074193691817292,0.0,0.0,0.0625920965589611,-0.0,-0.0,0.0046439387222937,0.0016253785528028,-0.0,69.73699981689452,67.12180287679037,-0.0016863571358434,70.02999877929688,72.19999694824219,0.9279778785590546,0.9270008087158204,0.0138358329659077,65.80000305175781,65.80000305175781,65.80000305175781,-0.01791040221257,iShares MSCI Eurozone ETF,Z,True,False,False,False,False,False,False,False,False,,False,,,9595190272.0,Country / Region,unknown,255.0,True,,False,True,250.0,True,True,False,308.0,,0,0,False,Country / Region,Country / Region,Country / Region,Country / Region,Country / Region
2026-10-06,IJJ,141.39999389648438,141.9199981689453,141.08999633789062,141.25999450683594,202000.0,250,28534518.89038086,32155584.411010742,25062654.047260582,-0.0337847083026269,-0.0168394225342809,0.0603450536992382,0.0,0.0,0.0697554458998031,-0.0,-0.0,0.0042093961286379,0.0014732886450232,-0.0,145.4948486328125,141.60043548583985,-0.0098241877167107,145.9602668421282,151.1990978823567,0.9342647971137098,1.5348900677162916,0.0108657095243056,136.72999572753906,136.72999572753906,136.72999572753906,-0.0320685187275556,iShares S&P Mid-Cap 400 Value ETF,P,True,False,False,False,False,False,False,False,False,,False,,,8733020160.0,Factor / Style,unknown,269.0,True,,False,True,377.0,True,True,False,309.0,,0,0,False,Factor / Style,Factor / Style,Factor / Style,Factor / Style,Factor / Style
2026-10-06,BOTZ,36.31499862670898,36.34999847412109,36.130001068115234,36.16999816894531,510500.0,250,18464784.065246586,20681170.069522858,23749952.4207645,0.0157258508563733,0.0050012915277581,0.083800140662297,0.0970532311850278,0.0072843618175011,0.0436088642339621,0.0015262446387448,3.6431217042993737e-05,0.003654428956929,0.0013027304260031,20.0,35.84930015563965,36.60350102742513,0.0039149255265809,36.34999847412109,41.68914992307781,0.8676117943321922,0.4995498657226562,0.0138111664642426,34.939998626708984,34.43000030517578,34.43000030517578,-0.0481061087048506,Global X Robotics & Artificial Intelligence ETF,Q,True,False,False,False,False,False,False,False,False,,False,,,3517117696.0,Industry / Theme,unknown,462.0,True,,False,True,382.0,True,True,False,310.0,,0,0,False,Industry / Theme,Industry / Theme,Industry / Theme,Industry / Theme,Industry / Theme
2026-10-06,SIVR,58.150001525878906,58.7599983215332,57.709999084472656,58.33000183105469,1727800.0,250,100782577.16369627,95234868.06941986,75889461.12976074,-0.0658231403915539,0.0506124162486039,-0.1576895042446976,0.0,0.0386892692708538,0.0,-0.0,0.0019581574006907,-0.0,0.001272802310449,1.055591751367169,60.81400001525879,65.545,0.0130668899861974,64.86000061035156,84.9800033569336,0.686396793679292,1.7585006713867188,0.0301474475601764,56.68999862670898,56.68999862670898,56.68999862670898,-0.0281159463888884,abrdn Physical Silver Shares ETF,P,True,False,False,False,False,False,False,False,False,,False,,,3950569728.0,Commodity,unknown,434.0,True,,False,True,219.0,True,True,False,311.0,,0,0,False,Commodity,Commodity,Commodity,Commodity,Commodity
2026-10-06,DIHP,33.959999084472656,34.08000183105469,33.90999984741211,33.94499969482422,580900.0,250,19718650.32272339,25905199.77174759,21290560.713044424,-0.0274023254743837,0.0063237343031881,0.0546156809064135,0.0,0.0171879697121895,0.0605803741504736,-0.0,0.0001086921536711,0.0033086383837934,0.0012286733342139,0.1770631972388393,34.67810905456543,33.70438240051269,0.0005624624990974,34.79187527275931,35.71268870761307,0.9505024943021996,0.3554514815603681,0.0104713944544405,33.38999938964844,33.38999938964844,33.38999938964844,-0.0163499870427279,Dimensional International High Profitability ETF,Z,True,False,False,False,False,False,False,False,False,,False,,,6191810560.0,Global Equity,unknown,345.0,True,,False,True,391.0,True,True,False,312.0,,0,0,False,Global Equity,Global Equity,Global Equity,Global Equity,Global Equity
2026-10-06,SLV,55.29999923706055,55.86000061035156,54.86000061035156,55.45000076293945,12006400.0,250,665754889.1601562,893812342.1784401,888076209.7430093,-0.0660265831138506,0.0495930123240062,-0.1590840353363366,0.0,0.0378284579176808,0.0,-0.0,0.0018760271797096,-0.0,0.0012194176668113,1.028660236250202,57.841799926757815,62.36960006713867,0.0129912448568829,61.709999084472656,80.86000061035156,0.6857531578578895,1.6809995651245118,0.030315591379541,53.900001525878906,53.900001525878906,53.900001525878906,-0.0279530967670699,iShares Silver Trust,P,True,False,False,False,False,False,False,False,False,,False,,,28194189312.0,Commodity,unknown,99.0,True,,False,True,36.0,True,True,False,313.0,,0,0,False,Commodity,Commodity,Commodity,Commodity,Commodity
2026-10-06,KRE,70.5,71.0,69.91000366210938,70.06999969482422,10550800.0,250,739294552.7801514,1092319453.971634,966727251.7920842,-0.0516877941012933,-0.0391453322482123,0.0618906830870464,0.0,0.0,0.0483774439833034,-0.0,-0.0,0.0029941130541319,0.0010479395689461,-0.0,73.80374038696289,70.6562126159668,-0.013653165357088,74.4261080150558,77.90628379468754,0.8994139661376368,1.2799287917696789,0.0182664306742422,67.97000122070312,67.97000122070312,67.97000122070312,-0.0299700083240647,State Street SPDR S&P Regional Banking ETF,P,True,False,False,False,False,False,False,False,False,,False,,,4740203520.0,Other,unknown,389.0,True,,False,True,32.0,True,True,False,314.0,,0,0,False,Other,Other,Other,Other,Other
2026-10-06,IEUR,73.62000274658203,73.81700134277344,73.45500183105469,73.58000183105469,3553200.0,250,261444462.50610352,99727163.82221222,79804402.9982915,-0.0457787414259596,-0.0163101760819307,0.0542674080286422,0.0,0.0,0.0533172288659474,-0.0,-0.0,0.0028933878138248,0.0010126857348387,-0.0,76.5154002380371,73.99296747843424,-0.0024015748314245,76.73999786376953,78.90399932861328,0.9325256318708812,0.8651004791259765,0.0117572772166044,72.34500122070312,72.34500122070312,72.34500122070312,-0.0167844601742089,iShares Core MSCI Europe ETF,P,True,False,False,False,False,False,False,False,False,,False,,,8644286464.0,Country / Region,unknown,271.0,True,,False,True,215.0,True,True,False,315.0,,0,0,False,Country / Region,Country / Region,Country / Region,Country / Region,Country / Region
2026-10-06,PAVE,54.4900016784668,54.91999816894531,54.31999969482422,54.650001525878906,996000.0,250,54431401.51977539,76554544.57408905,91416588.8629126,-0.0029191724758845,-0.0248037003379724,0.0633356337608546,0.0,0.0,0.0445329512588927,-0.0,-0.0,0.0028205226912232,0.0009871829419281,,55.351000213623045,55.209328943888345,-0.0119633234941946,54.92499923706055,60.32421526966227,0.9059380429829316,0.857149887084961,0.0156843524822056,51.95100021362305,51.95100021362305,51.95100021362305,-0.0493870308672869,Global X U.S. Infrastructure Development ETF,Z,True,False,False,False,False,False,False,False,False,,False,,,14567146496.0,REIT / Infra,unknown,174.0,True,,False,True,197.0,True,True,False,316.0,,0,0,False,REIT / Infra,REIT / Infra,REIT / Infra,REIT / Infra,REIT / Infra
2026-10-06,XSMO,83.83999633789062,83.83999633789062,82.87999725341797,83.02999877929688,176700.0,250,14671400.784301758,24744686.598205566,23554509.394727435,-0.0224448839472469,-0.0631763471161116,0.0617715685941646,0.0,0.0,0.0452932489348849,-0.0,-0.0,0.0027978350334338,0.0009792422617018,,84.98089706420899,84.55474990844726,-0.0120644331874111,85.12602420807721,93.49988860399182,0.88802243530964,1.186977420041455,0.0142957658375567,80.8499984741211,80.77440429161227,80.77440429161227,-0.027166018557705,Invesco S&P SmallCap Momentum ETF,P,True,False,False,False,False,False,False,False,False,,False,,,3182153728.0,Factor / Style,unknown,490.0,True,,False,True,385.0,True,True,False,317.0,,0,0,False,Factor / Style,Factor / Style,Factor / Style,Factor / Style,Factor / Style
2026-10-06,VGK,86.73999786376953,86.94000244140625,86.51000213623047,86.58000183105469,2469800.0,250,213835288.52233887,235400645.36987305,189486572.16437203,-0.0481894090842183,-0.0156995903798505,0.0532477806850548,0.0,0.0,0.0514706396890147,-0.0,-0.0,0.0027406973338801,0.000959244066858,-0.0,90.16919998168946,87.12777867635091,-0.0023788572832605,90.65424233540776,93.05825725910712,0.9303849478932894,1.0435303945215124,0.0120527878546107,85.1500015258789,85.1500015258789,85.1500015258789,-0.0165165196919973,Vanguard FTSEEuropean ETF,P,True,False,False,False,False,False,False,False,False,,False,,,37858430976.0,Other,unknown,81.0,True,,False,True,120.0,True,True,False,318.0,,0,0,False,Other,Other,Other,Other,Other
2026-10-06,BBEU,75.61000061035156,75.83999633789062,75.44000244140625,75.54000091552734,198500.0,250,14994690.181732178,23227155.534553528,20931470.66821144,-0.0467631208262944,-0.0182475147515535,0.0522379232614556,0.0,0.0,0.0509962073943981,-0.0,-0.0,0.0026639359684938,0.0009323775889728,-0.0,78.61482452392578,76.09030339558919,-0.0026510010993137,78.8452200298083,81.0194216414227,0.9323690466448122,0.8869717922417919,0.0117417498211794,74.26000213623047,74.26000213623047,74.26000213623047,-0.0169446487130472,JPMorgan BetaBuilders Europe ETF,Z,True,False,False,False,False,False,False,False,False,,False,,,9113485312.0,Country / Region,unknown,263.0,True,,False,True,396.0,True,True,False,319.0,,0,0,False,Country / Region,Country / Region,Country / Region,Country / Region,Country / Region
2026-10-06,VCR,372.8299865722656,375.3699951171875,372.2300109863281,375.0299987792969,58900.0,250,22089266.928100582,20699450.737304688,20798435.68807935,-0.0213475383738769,-0.0326572498932608,0.0559637502068708,0.0,0.0,0.0425661418627396,-0.0,-0.0,0.0023821609304765,0.0008337563256668,,384.3017132568359,383.32716267903646,-0.0084234987884526,380.5663287589926,404.2571181521381,0.9277016580278448,5.039292908169438,0.0134370395023653,362.1000061035156,362.1000061035156,362.1000061035156,-0.0344772224031882,Vanguard Consumer Discretion ETF,P,True,False,False,False,False,False,False,False,False,,False,,,6827243008.0,Other,unknown,318.0,True,,False,True,397.0,True,True,False,320.0,,0,0,False,Other,Other,Other,Other,Other
2026-10-06,XLI,170.6999969482422,172.33999633789062,170.25999450683594,171.5800018310547,5846300.0,250,1003108164.704895,1260378375.990448,1195816760.5730329,-0.0136386801928044,-0.0464408506152144,0.0498199848511484,0.0,0.0,0.0423560257547344,-0.0,-0.0,0.0021101765614557,0.0007385617965095,-0.0,175.99376861572264,173.76912068684896,-0.0116967410103936,173.69318662835525,187.6855740167176,0.9141885450171662,2.3966865263629047,0.0139683325608236,166.17999267578125,166.17999267578125,166.17999267578125,-0.031472252579823,State Street Industrial Select Sector SPDR ETF,P,True,False,False,False,False,False,False,False,False,,False,,,33963890688.0,Sector,unknown,87.0,True,,False,True,25.0,True,True,False,321.0,,0,0,False,Sector,Sector,Sector,Sector,Sector
2026-10-06,XLC,111.9800033569336,112.0250015258789,111.06999969482422,111.6500015258789,5814100.0,250,649144273.8716125,685716415.8625793,601812807.1372744,0.0044653309157105,0.0233690013686702,0.0043765379188425,0.021189457645513,0.035735325238971,0.0038970701204945,9.46179403116487e-05,0.0008350988644193,1.7055675154732626e-05,0.0005487837481767,0.360391653886354,111.3929266357422,112.18815246582032,0.0041023359536809,115.61000061035156,118.77851538490977,0.9399848210265096,1.782177751055719,0.0159621829529723,109.66000366210938,109.66000366210938,109.66000366210938,-0.0178235363777248,State Street Communication Services Select Sector SPDR ETF,P,True,False,False,False,False,False,False,False,False,,False,,,22262224896.0,Sector,unknown,124.0,True,,False,True,51.0,True,True,False,322.0,,0,0,False,Sector,Sector,Sector,Sector,Sector
2026-10-06,VIS,327.9700012207031,331.3599853515625,327.9700012207031,329.70001220703125,70600.0,250,23276820.861816406,56946873.32778931,37442515.66414001,-0.0152097431030289,-0.0492979343307266,0.0431905557140739,0.0,0.0,0.0349855679985708,-0.0,-0.0,0.0015110461238307,0.0005288661433407,,338.01811767578124,336.3012829589844,-0.0122424995584144,334.13352613669423,361.4349437661123,0.912197389581631,4.6198076242759125,0.0140121548475253,318.8299865722656,318.8299865722656,318.8299865722656,-0.0329694426214941,Vanguard Industrials ETF,P,True,False,False,False,False,False,False,False,False,,False,,,9029749760.0,Sector,unknown,268.0,True,,False,True,323.0,True,True,False,323.0,,0,0,False,Sector,Sector,Sector,Sector,Sector
2026-10-06,EFAV,90.79000091552734,91.29000091552734,90.79000091552734,91.02999877929688,473800.0,250,43130013.42163086,51193376.50772095,48323294.84639244,-0.0339595082631529,0.0156197876690833,0.003994526091481,0.0,0.0481430651932257,0.0060495013886033,-0.0,0.000751984456057,2.416489113722741e-05,0.000497247608335,0.082799311224799,93.30460021972657,90.65525904337564,0.002145968378775,94.7300033569336,95.33999633789062,0.9547933949638632,0.8370002746582031,0.0091947740951586,90.25,90.25,90.25,-0.0085685904620078,iShares MSCI EAFE Min Vol Factor ETF,Z,True,False,False,False,False,False,False,False,False,,False,,,5082040320.0,Country / Region,unknown,377.0,True,,False,True,295.0,True,True,False,324.0,,0,0,False,Country / Region,Country / Region,Country / Region,Country / Region,Country / Region
2026-10-06,XLY,110.8499984741211,111.77999877929688,110.6500015258789,111.72000122070312,5896700.0,250,658779331.1981201,745078321.2918854,751872541.1400205,-0.0177554253694796,-0.0289153606346145,0.0410056306604118,0.0,0.0,0.0316603771265071,-0.0,-0.0,0.0012982537310189,0.0004543888058566,,114.23073471069335,114.68824381510416,-0.0062944492804239,113.29000091552734,121.6790064932896,0.918153463283449,1.5162573548942135,0.0135719418038569,107.98999786376952,107.98999786376952,107.98999786376952,-0.0333870687090753,State Street Consumer Discretionary Select Sector SPDR ETF,P,True,False,False,False,False,False,False,False,False,,False,,,22593435648.0,Sector,unknown,121.0,True,,False,True,43.0,True,True,False,325.0,,0,0,False,Sector,Sector,Sector,Sector,Sector
2026-10-06,USRT,61.34999847412109,62.02999877929688,61.31999969482422,61.68999862670898,1288000.0,250,79456718.23120117,74217123.13821793,43778267.4247439,-0.0487094779852126,-0.066849680730379,0.0347252507910962,0.0,0.0,0.0372752223780319,-0.0,-0.0,0.001294391445371,0.0004530370058798,,64.96667861938477,63.98650489807129,-0.0184838515927631,64.91823461063264,69.57367908229212,0.886685876619256,0.7412670019931739,0.0120159996513963,60.790000915527344,60.790000915527344,60.790000915527344,-0.0145890376271135,iShares Core U.S. REIT ETF,P,True,False,False,False,False,False,False,False,False,,False,,,4356137472.0,REIT / Infra,unknown,407.0,True,,False,True,304.0,True,True,False,326.0,,0,0,False,REIT / Infra,REIT / Infra,REIT / Infra,REIT / Infra,REIT / Infra
2026-10-06,IAUM,41.459999084472656,41.685001373291016,41.27999877929688,41.54999923706055,1347200.0,250,55976158.97216797,115840671.6114998,112552191.62603106,-0.0437284578254716,0.0216375979280762,-0.1129376792974897,0.0,0.0279365452280856,0.0,-0.0,0.0006044797331448,-0.0,0.0003929118265441,0.3282825245302391,43.09940040588379,44.2239333597819,0.0066331294223045,44.16999816894531,48.68000030517578,0.8535332575304615,0.6980005264282226,0.0167990502826686,40.96500015258789,40.96500015258789,40.96500015258789,-0.0140794006068444,iShares Gold Trust Micro Shares,P,True,False,False,False,False,False,False,False,False,,False,,,6306659840.0,Commodity,unknown,340.0,True,,False,True,165.0,True,True,False,327.0,,0,0,False,Commodity,Commodity,Commodity,Commodity,Commodity
2026-10-06,GLDM,82.30999755859375,82.73999786376953,81.96199798583984,82.44999694824219,3320300.0,250,273758724.86724854,361573069.2761612,382229750.1968263,-0.0438363244988493,0.0216852548473127,-0.1138220535584474,0.0,0.0277645772624748,0.0,-0.0,0.0006020819336646,-0.0,0.000391353256882,0.3326742826067712,85.55499954223633,87.804599609375,0.0065838865467375,87.69999694824219,96.68000030517578,0.8528133707900725,1.3935497283935547,0.0169017559729972,81.31999969482422,81.31999969482422,81.31999969482422,-0.0137052431199884,SPDR Gold MiniShares Trust,P,True,False,False,False,False,False,False,False,False,,False,,,27261255680.0,Commodity,unknown,101.0,True,,False,True,72.0,True,True,False,328.0,,0,0,False,Commodity,Commodity,Commodity,Commodity,Commodity
2026-10-06,SGOL,39.59999847412109,39.81999969482422,39.43999862670898,39.68000030517578,1401100.0,250,55595648.42758179,115514054.6348381,96794950.55666122,-0.0433943890290482,0.0213642693347226,-0.1138900985517439,0.0,0.0274380632192749,0.0,-0.0,0.0005861941726397,-0.0,0.0003810262122158,0.3257891745929073,41.16879989624024,42.25699999491373,0.0065278274591473,42.20000076293945,46.52000045776367,0.852966464202896,0.668499755859375,0.0168472719434978,39.13999938964844,39.13999938964844,39.13999938964844,-0.0136088939358427,abrdn Physical Gold Shares ETF,P,True,False,False,False,False,False,False,False,False,,False,,,6743476736.0,Commodity,unknown,321.0,True,,False,True,189.0,True,True,False,329.0,,0,0,False,Commodity,Commodity,Commodity,Commodity,Commodity
2026-10-06,IAU,78.19000244140625,78.63999938964844,77.87999725341797,78.37000274658203,2969300.0,250,232704049.15542603,402034044.4976425,418841114.5805601,-0.0436851047587127,0.0212406167342631,-0.1140628130490419,0.0,0.0273812068708312,0.0,-0.0,0.0005815937208648,-0.0,0.0003780359185621,0.3240624245392602,81.30060012817383,83.46426676432291,0.0065219158371179,83.33999633789062,91.93000030517578,0.8524964917482949,1.325,0.0169069791190965,77.27999877929688,77.27999877929688,77.27999877929688,-0.0139084334449981,iShares Gold Trust Shares,P,True,False,False,False,False,False,False,False,False,,False,,,60138172416.0,Commodity,unknown,48.0,True,,False,True,65.0,True,True,False,330.0,,0,0,False,Commodity,Commodity,Commodity,Commodity,Commodity
2026-10-06,BSCS,20.18000030517578,20.18000030517578,20.170000076293945,20.18000030517578,654200.0,250,13201756.199645996,14435428.57055664,14178787.50965179,-0.0022633627850574,0.0022537165102947,0.0088554086991048,0.0,0.0503522818424054,0.0978399545719363,-0.0,0.0001134797689192,0.0008664127848363,0.0003770063244902,0.6684224513175769,20.19499263763428,20.10505760192871,-4.987476814977132e-05,20.23574381189429,20.265634536743164,0.9957744115333708,0.0324522935501969,0.0016081413805466,20.09000015258789,20.09000015258789,20.09000015258789,-0.0044598687426583,Invesco BulletShares 2028 Corporate Bond ETF,Q,True,False,False,False,False,False,False,False,False,,False,,,3521428736.0,Bond,unknown,461.0,True,,False,True,433.0,True,True,False,331.0,,0,0,False,Bond,Bond,Bond,Bond,Bond
2026-10-06,GLD,381.4700012207031,383.5700073242188,379.7900085449219,382.2699890136719,7506100.0,250,2869356764.5355225,3295963419.1352844,3645797523.673018,-0.0436555892968596,0.0208839005253309,-0.114726404726652,0.0,0.0266929632642448,0.0,-0.0,0.0005574531895368,-0.0,0.0003623445731989,0.318976276357868,396.5984008789063,407.27979960123696,0.0064401285068274,406.55999755859375,448.7000122070313,0.8519500303407427,6.499505615234375,0.0170023956942168,376.8800048828125,376.8800048828125,376.8800048828125,-0.0140999405806523,SPDR Gold Shares,P,True,False,False,False,False,False,False,False,False,,False,,,130053275648.0,Commodity,unknown,19.0,True,,False,True,8.0,True,True,False,332.0,,0,0,False,Commodity,Commodity,Commodity,Commodity,Commodity
2026-10-06,FTCS,94.20999908447266,94.75,94.20999908447266,94.48999786376952,333200.0,250,31484067.288208008,32839969.162254333,38857049.28131104,-0.0321512730050778,-0.0161843915361147,0.0270846990830868,0.0,0.0,0.0376509361029958,-0.0,-0.0,0.0010197642745461,0.0003569174960911,-0.0,98.2883871459961,95.1570110575358,-0.0037775188262797,97.93780683670003,102.57161667255592,0.9212099889720398,0.8218568191814889,0.0086978181581334,93.29000091552734,93.29000091552734,93.29000091552734,-0.0126997245779629,First Trust Capital Strength ETF,Q,True,False,False,False,False,False,False,False,False,,False,,,7646184448.0,Other,unknown,294.0,True,,False,True,316.0,True,True,False,333.0,,0,0,False,Other,Other,Other,Other,Other
2026-10-06,IBDT,24.93000030517578,24.950000762939453,24.90999984741211,24.920000076293945,1262200.0,250,31454024.096298218,21694916.246118546,16801653.79874214,-0.0030610345848225,0.0019451848220828,0.0086300440932112,0.0,0.0449680623046553,0.0962341871586169,-0.0,8.747119227349075e-05,0.0008305052784532,0.0003475331224363,0.4531683840188313,24.94883018493652,24.83677833557129,-5.81310516022393e-05,25.07999992370605,25.17584655365312,0.989837621673856,0.0852487324170248,0.0034208961539338,24.827148699738377,24.827148699738377,24.827148699738377,-0.0037259781810312,iShares iBonds Dec 2028 Term Corporate ETF,P,True,False,False,False,False,False,False,False,False,,False,,,3989931008.0,Bond,unknown,426.0,True,,False,True,418.0,True,True,False,334.0,,0,0,False,Bond,Bond,Bond,Bond,Bond
2026-10-06,EMLC,24.93000030517578,24.93000030517578,24.81999969482422,24.82999992370605,2795000.0,250,69399849.78675842,59804335.78164101,51494165.61399187,-0.0250382852750278,-0.0065020415897742,0.0192235090629599,0.0,0.0,0.0405237840991519,-0.0,-0.0,0.0007790093308954,0.0002726532658134,-0.0,25.18332244873047,24.913232027689617,-0.0019734393187611,25.507442797090203,25.64510039201192,0.9682161326785154,0.1544499747992281,0.0062202970307611,24.459999084472656,24.459999084472656,24.459999084472656,-0.0149013628824117,VanEck J. P. Morgan EM Local Currency Bond ET,P,True,False,False,False,False,False,False,False,False,,False,,,4872451072.0,Bond,unknown,385.0,True,,False,True,287.0,True,True,False,335.0,,0,0,False,Bond,Bond,Bond,Bond,Bond
2026-10-06,SHYG,41.220001220703125,41.2599983215332,41.18999862670898,41.25,2858800.0,250,117925500.0,75566522.73357391,61674322.953427024,-0.0116628723913366,-0.005733282553899,0.0097004991431948,0.0,0.0,0.0540083616056528,-0.0,-0.0,0.0005239080654809,0.0001833678229183,-0.0,41.55121063232422,41.27144536336263,-0.001443973325622,41.73677012323384,41.88860272342727,0.984754737997739,0.1403804688989719,0.0034031628823993,40.81999969482422,40.81999969482422,40.81999969482422,-0.0104242498224431,iShares 0-5 Year High Yield Corporate Bond ETF,P,True,False,False,False,False,False,False,False,False,,False,,,7603881984.0,Bond,unknown,295.0,True,,False,True,258.0,True,True,False,336.0,,0,0,False,Bond,Bond,Bond,Bond,Bond
2026-10-06,XMMO,152.1300048828125,152.52999877929688,151.35000610351562,151.74000549316406,377300.0,250,57251504.0725708,47135086.3584137,52192283.44583663,-0.0232306575137489,-0.0518086220444323,0.0288377577776086,0.0,0.0,0.0181112352659447,-0.0,-0.0,0.0005222874156525,0.0001828005954784,,153.7035299682617,156.9760503133138,-0.0139227685997532,155.778125590193,173.648098796795,0.8738362616381533,2.306999302202499,0.0152036326524743,145.00999450683594,144.39726368020266,144.39726368020266,-0.048390283031143,Invesco S&P MidCap Momentum ETF,P,True,False,False,False,False,False,False,False,False,,False,,,7917685760.0,Factor / Style,unknown,289.0,True,,False,True,282.0,True,True,False,337.0,,0,0,False,Factor / Style,Factor / Style,Factor / Style,Factor / Style,Factor / Style
2026-10-06,SPSB,29.56999969482422,29.59000015258789,29.559999465942383,29.57999992370605,2957100.0,250,87471017.77439117,246247261.91447255,168915789.87523034,-0.0040467642936082,0.0002275408094893,0.0069774131256581,0.0,0.004751016054879,0.0739709468933771,-0.0,1.081050039024277e-06,0.0005161258557712,0.0001813467320452,0.0106329444145052,29.63333362579346,29.51507987976074,-0.0004629160280702,29.700188401062213,29.76867514787192,0.9936619542781584,0.0578359445876588,0.001955238158784,29.450000762939453,29.450000762939453,29.450000762939453,-0.0043948330325186,State Street SPDR Portfolio Short Term Corporate Bond ETF,P,True,False,False,False,False,False,False,False,False,,False,,,10633097216.0,Bond,unknown,234.0,True,,False,True,126.0,True,True,False,338.0,,0,0,False,Bond,Bond,Bond,Bond,Bond
2026-10-06,REET,25.57999992370605,25.84499931335449,25.57999992370605,25.739999771118164,3533400.0,250,90949715.19126892,76923493.23802948,80147052.91562459,-0.0511442512242508,-0.0634669779011575,0.0188734929434761,0.0,0.0,0.0228001282366412,-0.0,-0.0,0.0004303180593846,0.0001506113207846,,27.13704250335693,26.817444597880044,-0.0169410470335537,27.11749490859308,28.81295725513659,0.8933480705639614,0.2798322098450528,0.0108714923206425,25.415000915527344,25.415000915527344,25.415000915527344,-0.0126262182781947,iShares Global REIT ETF,P,True,False,False,False,False,False,False,False,False,,False,,,4886244352.0,REIT / Infra,unknown,383.0,True,,False,True,213.0,True,True,False,339.0,,0,0,False,REIT / Infra,REIT / Infra,REIT / Infra,REIT / Infra,REIT / Infra
2026-10-06,XLP,81.06999969482422,82.02999877929688,81.02999877929688,81.80000305175781,12023400.0,250,983514156.6925048,898061256.117897,861359918.5038006,-0.0200191687672303,-0.0243159116544474,0.0202964160029204,0.0,0.0,0.0197429545682386,-0.0,-0.0,0.0004007112190437,0.0001402489266653,-0.0,83.82948120117187,83.021413675944,-0.0056357946947914,84.3353461650793,88.1999282420996,0.9274384308706616,0.914183644440756,0.0111758387571491,80.0999984741211,80.0999984741211,80.0999984741211,-0.0207824512740062,State Street Consumer Staples Select Sector SPDR ETF,P,True,False,False,False,False,False,False,False,False,,False,,,13649293312.0,Sector,unknown,187.0,True,,False,True,39.0,True,True,False,340.0,,0,0,False,Sector,Sector,Sector,Sector,Sector
2026-10-06,SCHH,21.899999618530277,22.15999984741211,21.899999618530277,22.059999465942383,9492900.0,250,209413368.93024445,218968251.52067184,160178973.01442584,-0.0529250449553394,-0.0652712725711609,0.0193384281777471,0.0,0.0,0.0206758353430036,-0.0,-0.0,0.0003998381567956,0.0001399433548784,,23.273003692626958,23.024610697428383,-0.0181019296969037,23.312619482170856,24.840991196358495,0.8880482784107347,0.2773419100452131,0.0125721630444003,21.71999931335449,21.71999931335449,21.71999931335449,-0.0154125186228043,Schwab U.S. REIT ETF,P,True,False,False,False,False,False,False,False,False,,False,,,11128644608.0,REIT / Infra,unknown,224.0,True,,False,True,135.0,True,True,False,341.0,,0,0,False,REIT / Infra,REIT / Infra,REIT / Infra,REIT / Infra,REIT / Infra
2026-10-06,JPLD,51.25,51.310001373291016,51.25,51.27999877929688,341600.0,250,17517247.583007812,26604304.60924149,21535203.83133056,-0.0056158660068676,-0.0020144206205876,0.005759039696179,0.0,0.0,0.0627219436354836,-0.0,-0.0,0.0003612181632182,0.0001264263571263,-0.0,51.48561363220215,51.28569142659505,-0.0005967283987743,51.5895309398359,51.72949387340135,0.9913106612795296,0.1088079755280738,0.0021218404469229,50.91999816894531,50.91999816894531,50.91999816894531,-0.0070202928806797,JPMorgan Limited Duration Bond ETF,P,True,False,False,False,False,False,False,False,False,,False,,,3882614016.0,Bond,unknown,441.0,True,,False,True,390.0,True,True,False,342.0,,0,0,False,Bond,Bond,Bond,Bond,Bond
2026-10-06,FXI,33.790000915527344,33.79999923706055,33.560001373291016,33.77000045776367,9028800.0,250,304902580.13305664,598066561.3715553,624229813.0630615,-0.0351428440638951,0.0098684762143235,-0.0410495351053571,0.0,0.0179251366328558,0.0,-0.0,0.0001768937844998,-0.0,0.0001149809599248,0.0453675073687331,35.08899993896485,35.142421862284344,-0.0032893268671905,35.290000915527344,38.06419438446368,0.8871854771618988,0.4524999618530273,0.0133994656712833,33.08000183105469,33.08000183105469,33.08000183105469,-0.020432295450276,iShares China Large-Cap ETF,P,True,False,False,False,False,False,False,False,False,,False,,,4523697152.0,Country / Region,unknown,400.0,True,,False,True,49.0,True,True,False,343.0,,0,0,False,Country / Region,Country / Region,Country / Region,Country / Region,Country / Region
2026-10-06,AKRE,53.77999877929688,54.09999847412109,53.4900016784668,53.7599983215332,321100.0,237,17262335.46104431,22597977.96995163,24003889.005043395,-0.070217941797299,-0.0180822224377497,0.020501101178834,0.0,0.0,0.0137509341858622,-0.0,-0.0,0.0002819092930478,9.86682525667478e-05,-0.0,57.75219993591308,55.44933321634928,-0.0050580736330407,58.345001220703125,62.31999969482422,0.8626443932091042,0.8778501510620117,0.0163290583792744,52.59999847412109,52.59999847412109,52.59999847412109,-0.0215773787877422,Akre Focus ETF,P,True,False,False,False,False,False,False,False,False,,False,,,5185632256.0,Other,unknown,374.0,True,,False,True,380.0,True,True,False,344.0,,0,0,False,Other,Other,Other,Other,Other
2026-10-06,EWU,46.34999847412109,46.5099983215332,46.25,46.369998931884766,579000.0,250,26848229.38156128,54862975.48709869,58754554.860305786,-0.0409513878949987,-0.002581259243912,0.0154193055368994,0.0,0.0,0.0172806977550399,-0.0,-0.0,0.0002664563585757,9.325972550152052e-05,-0.0,47.95139961242676,46.657163594563805,-0.0007668584322294,48.20000076293945,49.38999938964844,0.9388540090082158,0.5080009460449219,0.0109553797228063,45.630001068115234,45.630001068115234,45.630001068115234,-0.0159585482168449,iShares MSCI United Kingdom ETF,P,True,False,False,False,False,False,False,False,False,,False,,,3667788800.0,Country / Region,unknown,454.0,True,,False,True,260.0,True,True,False,345.0,,0,0,False,Country / Region,Country / Region,Country / Region,Country / Region,Country / Region
2026-10-06,NEAR,49.81999969482422,49.84999847412109,49.75,49.83000183105469,919400.0,250,45813703.68347168,54581509.88687515,37533750.29869685,-0.0058721616280923,-0.0020447841730878,0.0042102976283049,0.0,0.0,0.0471329269541614,-0.0,-0.0,0.0001984436505701,6.94552776995615e-05,-0.0,50.01464561462402,49.85850941975912,-0.0007096913978364,50.14426537610591,50.28328805167595,0.990985350437795,0.0934321874616774,0.0018750187442989,49.62618271849127,49.62618271849127,49.62618271849127,-0.0040902890843644,iShares Short Duration Bond Active ETF,Z,True,False,False,False,False,False,False,False,False,,False,,,4774438400.0,Bond,unknown,388.0,True,,False,True,322.0,True,True,False,346.0,,0,0,False,Bond,Bond,Bond,Bond,Bond
2026-10-06,SJNK,24.25,24.25,24.209999084472656,24.25,4736100.0,250,114850425.0,98222606.25117302,68707716.9414157,-0.0121489361784785,-0.0088036805128718,0.0060520667812409,0.0,0.0,0.0321801851382014,-0.0,-0.0,0.000194756629489,6.816482032118229e-05,-0.0,24.460215225219727,24.33559045155843,-0.0019556543033537,24.558172506513458,24.655400559286324,0.9835573322643248,0.0861036184943651,0.00355066468018,23.989999771118164,23.989999771118164,23.989999771118164,-0.0107216589229622,State Street SPDR Bloomberg Short Term High Yield Bond ETF,P,True,False,False,False,False,False,False,False,False,,False,,,4880412160.0,Bond,unknown,384.0,True,,False,True,238.0,True,True,False,347.0,,0,0,False,Bond,Bond,Bond,Bond,Bond
2026-10-06,FDL,49.130001068115234,49.459999084472656,49.11000061035156,49.400001525878906,740500.0,250,36580701.12991333,32845006.36487961,37303475.986123465,-0.0509793811259871,0.0062297300667868,0.001619695547357,0.0,0.0164518875398831,0.0021304798610594,-0.0,0.0001024908184626,3.450728744691948e-06,6.782678706133593e-05,0.0390558143687226,51.36418785095215,49.84265922546387,-0.0034677847153514,52.43968740085771,53.21173185910541,0.9283667304172838,0.4682306274935506,0.0094783524905006,48.58000183105469,48.58000183105469,48.58000183105469,-0.0165991835930339,First Trust Morningstar ETF,P,True,False,False,False,False,False,False,False,False,,False,,,7288230400.0,Other,unknown,304.0,True,,False,True,324.0,True,True,False,348.0,,0,0,False,Other,Other,Other,Other,Other
2026-10-06,SCHO,23.84000015258789,23.850000381469727,23.82999992370605,23.850000381469727,5432300.0,250,129560357.072258,100746710.90546608,116016197.411298,-0.0033640521848525,0.0004959165298388,0.003683948136727,0.0,0.011788290070296,0.0420892001988177,-0.0,5.8460079043947134e-06,0.0001550544306487,5.806895586492421e-05,0.0866115373010497,23.884312324523925,23.82557596842448,-0.0004222917156796,23.930503159400963,23.97821807861328,0.9946527428884336,0.0383493412863046,0.0016079388122819,23.741132884827937,23.741132884827937,23.741132884827937,-0.0045646748385955,Schwab Short-Term U.S. Treasury ETF,P,True,False,False,False,False,False,False,False,False,,False,,,12952873984.0,Bond,unknown,198.0,True,,False,True,161.0,True,True,False,349.0,,0,0,False,Bond,Bond,Bond,Bond,Bond
2026-10-06,DFGR,26.90999984741211,27.13999938964844,26.899999618530277,27.059999465942383,1024300.0,250,27717557.452964783,20518213.909988403,14330257.067171732,-0.0518233804604639,-0.0616016920127721,0.0112459797092661,0.0,0.0,0.013883686081476,-0.0,-0.0,0.000156135651962,5.46474781867348e-05,,28.5235701751709,28.27707220713297,-0.0163756137640941,28.529072194999262,30.159727727838977,0.8972229361661185,0.2999880055603139,0.011086031466404,26.65999984741211,26.65999984741211,26.65999984741211,-0.0147819521960342,Dimensional Global Real Estate ETF,P,True,False,False,False,False,False,False,False,False,,False,,,3711327744.0,REIT / Infra,unknown,450.0,True,,False,True,431.0,True,True,False,350.0,,0,0,False,REIT / Infra,REIT / Infra,REIT / Infra,REIT / Infra,REIT / Infra
2026-10-06,SPTS,28.63999938964844,28.649999618530277,28.6299991607666,28.63999938964844,1586500.0,250,45437359.031677246,88170266.51769638,68493152.1389159,-0.0032877229534837,0.0003386290619415,0.0035781811221187,0.0,0.0073646707341633,0.0397723178368114,-0.0,2.493891542218473e-06,0.0001423125568665,5.1430424405746495e-05,0.0482642918673738,28.68896968841553,28.6196192296346,-0.0004464752464697,28.7444367482922,28.810991287231445,0.994065046361012,0.0446340877528046,0.0015584528178773,28.51520059200517,28.51520059200517,28.51520059200517,-0.0043575000105751,State Street SPDR Portfolio Short Term Treasury ETF,P,True,False,False,False,False,False,False,False,False,,False,,,5912571904.0,Bond,unknown,352.0,True,,False,True,239.0,True,True,False,351.0,,0,0,False,Bond,Bond,Bond,Bond,Bond
2026-10-06,VGSH,57.5,57.52999877929688,57.4900016784668,57.5099983215332,4419500.0,250,254165437.582016,337734011.42679214,290712153.604568,-0.0035678401193082,0.0005632021152932,0.0033441475056026,0.0,0.0130323674494892,0.0387718442706436,-0.0,7.339856914831348e-06,0.0001296587663052,5.0151475201490735e-05,0.1293732773411724,57.60875335693359,57.46625788370768,-0.0004265409372167,57.71591947451472,57.84709548950195,0.9941726172227624,0.0864356208044636,0.0015029668462379,57.28728741056938,57.28728741056938,57.28728741056938,-0.0038725598585251,Vanguard Short-Term Treasury ETF,Q,True,False,False,False,False,False,False,False,False,,False,,,33827600384.0,Bond,unknown,88.0,True,,False,True,86.0,True,True,False,352.0,,0,0,False,Bond,Bond,Bond,Bond,Bond
2026-10-06,VNQ,89.37999725341797,90.37000274658205,89.18000030517578,89.93000030517578,4586900.0,250,412499918.3998108,406504993.000412,320503110.1713877,-0.0544149384936378,-0.0629134726691758,0.0112664018756374,0.0,0.0,0.012052664566675,-0.0,-0.0,0.0001357901626804,4.7526556938145774e-05,,95.0116323852539,94.0873360188802,-0.0171566156227872,95.0952264236384,100.92466747196306,0.8910606550193331,1.1309764377091276,0.0125761862990234,88.4800033569336,88.4800033569336,88.4800033569336,-0.0161236177395935,Vanguard Real Estate ETF,P,True,False,False,False,False,False,False,False,False,,False,,,71348019200.0,REIT / Infra,unknown,42.0,True,,False,True,81.0,True,True,False,353.0,,0,0,False,REIT / Infra,REIT / Infra,REIT / Infra,REIT / Infra,REIT / Infra
2026-10-06,SHY,81.11000061035156,81.1500015258789,81.0999984741211,81.12999725341797,3550400.0,250,288043942.2485352,421113857.1401215,328865200.31181216,-0.003532937459173,0.0003089199119483,0.0030329049530373,0.0,0.0068463164565934,0.0325934906276228,-0.0,2.1149634769415124e-06,9.88529591612928e-05,3.597326196646447e-05,0.0424970337192846,81.27505416870117,81.09371882120769,-0.0004742943309611,81.42760802602852,81.6124300737833,0.99408873354305,0.1217124434970202,0.0015002150575309,80.80945000472575,80.80945000472575,80.80945000472575,-0.0039510324114884,iShares 1-3 Year Treasury Bond ETF,Q,True,False,False,False,False,False,False,False,False,,False,,,25358272512.0,Bond,unknown,110.0,True,include,False,True,80.0,True,True,False,354.0,,0,0,False,Bond,Bond,Bond,Bond,Bond
2026-10-06,JPIE,44.77000045776367,44.81999969482422,44.77000045776367,44.790000915527344,1908100.0,250,85463800.74691772,95915015.18383026,74297407.12199742,-0.012580994869158,-0.0090573282510523,0.0027018413307426,0.0,0.0,0.020468290259221,-0.0,-0.0,5.530207259200143e-05,1.9355725407200495e-05,-0.0,45.20538963317871,45.01886487325032,-0.0019674855795543,45.38058299588602,45.5312384574966,0.983720242034242,0.1262715171645094,0.0028191898768355,44.58000183105469,44.58000183105469,44.58000183105469,-0.0046885260142929,JPMorgan Income ETF,P,True,False,False,False,False,False,False,False,False,,False,,,9740692480.0,Bond,unknown,251.0,True,,False,True,224.0,True,True,False,355.0,,0,0,False,Bond,Bond,Bond,Bond,Bond
2026-10-06,BINC,50.70000076293945,50.73500061035156,50.650001525878906,50.709999084472656,6526600.0,250,330963880.02471924,135834476.88718796,107114572.1540542,-0.0129297648189304,-0.0133494819560813,0.0029883696759738,0.0,0.0,0.0178869087806942,-0.0,-0.0,5.345269579713653e-05,1.8708443528997784e-05,-0.0,51.23663070678711,51.0948895517985,-0.0025375623527121,51.364300464763225,51.68395836579662,0.9811554820466594,0.1418475951917464,0.0027972312710054,50.43000030517578,50.43000030517578,50.43000030517578,-0.0055215694015385,iShares Flexible Income Active ETF,P,True,False,False,False,False,False,False,False,False,,False,,,16206218240.0,Other,unknown,160.0,True,,False,True,176.0,True,True,False,356.0,,0,0,False,Other,Other,Other,Other,Other
2026-10-06,IFRA,56.84000015258789,57.65999984741211,56.84000015258789,57.59000015258789,257100.0,250,14806389.039230349,23021196.78596497,25381058.77318004,-0.0277144605779238,-0.0585681310066128,0.0048858216586566,0.0,0.0,0.0046565619066058,-0.0,-0.0,2.2751131018170684e-05,7.96289585635974e-06,,58.6639933013916,59.56473915100098,-0.018924872644941,59.37093773197859,63.96014070023005,0.9004045257264538,0.7612990250402849,0.0132192919434481,54.54800033569336,54.54800033569336,54.54800033569336,-0.0528216671094735,iShares U.S. Infrastructure ETF,Z,True,False,False,False,False,False,False,False,False,,False,,,4618109440.0,REIT / Infra,unknown,397.0,True,,False,True,375.0,True,True,False,357.0,,0,0,False,REIT / Infra,REIT / Infra,REIT / Infra,REIT / Infra,REIT / Infra
2026-10-06,VDC,220.0500030517578,222.5399932861328,220.0500030517578,221.77999877929688,109600.0,250,24307087.866210938,45963975.33721924,36242762.40152026,-0.0165424638759065,-0.0254825511341644,0.0045667484535369,0.0,0.0,0.0046486758021065,-0.0,-0.0,2.1229333030265108e-05,7.430266560592787e-06,,226.9571591186524,226.05205739339192,-0.0056332998353804,227.8577988916977,238.4405711137604,0.9301269399891064,2.333557269638537,0.0105219464445969,217.05999755859372,217.05999755859372,217.05999755859372,-0.0212823575014995,Vanguard Consumer Staples ETF,P,True,False,False,False,False,False,False,False,False,,False,,,9185586176.0,Sector,unknown,262.0,True,,False,True,328.0,True,True,False,358.0,,0,0,False,Sector,Sector,Sector,Sector,Sector
2026-10-06,SPHY,22.559999465942383,22.59000015258789,22.530000686645508,22.56999969482422,8339700.0,250,188227026.45492557,168413759.99501228,146327779.59310138,-0.0185939326423812,-0.0145355666634103,0.0021239657523226,0.0,0.0,0.0099601989180396,-0.0,-0.0,2.115512138823734e-05,7.404292485883068e-06,-0.0,22.87530990600586,22.75141726175944,-0.0027929562071566,23.01749172210517,23.11658096536225,0.9763554449787784,0.0985291736660574,0.0043654929108684,22.31999969482422,22.31999969482422,22.31999969482422,-0.0110766505706834,State Street SPDR Portfolio High Yield Bond ETF,P,True,False,False,False,False,False,False,False,False,,False,,,11327878144.0,Bond,unknown,218.0,True,,False,True,142.0,True,True,False,359.0,,0,0,False,Bond,Bond,Bond,Bond,Bond
2026-10-06,URA,40.81999969482422,42.459999084472656,40.720001220703125,41.79999923706055,8723300.0,250,364633933.3446503,130084725.8713913,137571990.1264009,-0.1200000160618832,0.0033605230475566,-0.1282586324927077,0.0,0.0023489828072379,0.0,-0.0,7.893810862037537e-06,-0.0,5.1309770603244e-06,0.0284276516163516,43.280999984741214,46.8578667195638,0.0016802293402171,47.7599983215332,58.970001220703125,0.7088349732369591,1.3695003509521484,0.0327631668887191,38.88999938964844,38.88999938964844,38.88999938964844,-0.069617222500618,Global X Uranium ETF,P,True,False,False,False,False,False,False,False,False,,False,,,5997526528.0,Commodity,unknown,349.0,True,,False,True,148.0,True,True,False,360.0,,0,0,False,Commodity,Commodity,Commodity,Commodity,Commodity
2026-10-06,VAW,222.47999572753903,224.1499938964844,221.8800048828125,223.1499938964844,35400.0,250,7899509.783935547,21556471.9997406,13149272.6724776,-0.0408514229044504,0.0015799976002117,-0.0090939692539359,0.0,0.0027814751584247,0.0,-0.0,4.394724075359712e-06,-0.0,2.856570648983813e-06,0.0744622649896235,229.65747619628905,228.30615732828772,-0.0024545882028017,233.9298932991855,241.5538289611882,0.9238106257977766,3.3828364534111457,0.0151594736542112,214.5500030517578,214.5500030517578,214.5500030517578,-0.0385390592872521,Vanguard Materials ETF,P,True,False,False,False,False,False,False,False,False,,False,,,4486959616.0,Sector,unknown,402.0,True,,False,True,439.0,True,True,False,361.0,,0,0,False,Sector,Sector,Sector,Sector,Sector
2026-10-06,XLRE,40.790000915527344,41.27000045776367,40.7400016784668,41.09999847412109,7385000.0,250,303523488.7313843,262671171.29535675,233677540.73224145,-0.055900935702861,-0.0612469125346822,0.0021365160260093,0.0,0.0,0.0022196582286798,-0.0,-0.0,4.742335377838184e-06,1.6598173822433643e-06,,43.43565704345704,43.15111526489258,-0.0164560668968442,43.54347965930595,46.06723889577369,0.892174123287682,0.5295824638140931,0.0128852185760432,40.40499877929688,40.40499877929688,40.40499877929688,-0.0169099688716979,State Street Real Estate Select Sector SPDR ETF,P,True,False,False,False,False,False,False,False,False,,False,,,8102354432.0,REIT / Infra,unknown,282.0,True,,False,True,101.0,True,True,False,362.0,,0,0,False,REIT / Infra,REIT / Infra,REIT / Infra,REIT / Infra,REIT / Infra
2026-10-06,JNK,92.80999755859376,92.94000244140624,92.72000122070312,92.87999725341795,2005900.0,250,186307986.4906311,478488023.29257965,314129706.8918016,-0.0188551344625046,-0.0150647604361429,0.0010145022513019,0.0,0.0,0.004503928982626,-0.0,-0.0,4.569246092578221e-06,1.5992361324023774e-06,-0.0,94.15445159912107,93.68956410725912,-0.0031637359324642,94.63508563600608,95.16896315707896,0.9759483992708528,0.3932852449885765,0.004234337388227,91.70999908447266,91.70999908447266,91.70999908447266,-0.0125968798831145,State Street SPDR Bloomberg High Yield Bond ETF,P,True,False,False,False,False,False,False,False,False,,False,,,7345531392.0,Bond,unknown,301.0,True,,False,True,82.0,True,True,False,363.0,,0,0,False,Bond,Bond,Bond,Bond,Bond
2026-10-06,USHY,35.66999816894531,35.720001220703125,35.619998931884766,35.689998626708984,9379400.0,250,334750773.11935425,685124220.1203918,455467197.7347843,-0.0188203341283376,-0.0143800000421389,0.0008196180314683,0.0,0.0,0.0038183421956215,-0.0,-0.0,3.129582113847843e-06,1.0953537398467449e-06,-0.0,36.16963699340821,35.975678532918295,-0.0028605088991233,36.38452085174391,36.55009121198642,0.9764681138471312,0.1519907788980191,0.004258637846634,35.29999923706055,35.29999923706055,35.29999923706055,-0.0109274139718396,iShares Broad USD High Yield Corporate Bond ETF,Z,True,False,False,False,False,False,False,False,False,,False,,,28476405760.0,Bond,unknown,97.0,True,,False,True,61.0,True,True,False,364.0,,0,0,False,Bond,Bond,Bond,Bond,Bond
2026-10-06,XLB,49.54999923706055,49.970001220703125,49.45000076293945,49.72999954223633,12922000.0,250,642611054.0847778,588983933.7328529,573975422.835014,-0.0381428670296853,-0.0040100365897598,0.0013110483532514,0.0,0.0,0.0011332554813573,-0.0,-0.0,1.4857527326467976e-06,5.200134564263791e-07,-0.0,51.30674903869629,50.70467910766602,-0.0040647408680731,51.911107432226565,53.9417590338521,0.9219202419970656,0.7341690118749913,0.014763101118701,47.810001373291016,47.810001373291016,47.810001373291016,-0.0386084493589152,State Street Materials Select Sector SPDR ETF,P,True,False,False,False,False,False,False,False,False,,False,,,8166011392.0,Sector,unknown,279.0,True,,False,True,52.0,True,True,False,365.0,,0,0,False,Sector,Sector,Sector,Sector,Sector
2026-10-06,SPAB,24.280000686645508,24.34000015258789,24.270000457763672,24.299999237060547,3496400.0,250,84962517.3324585,78665612.87560463,71824869.33559236,-0.0236547010027309,-0.0279797108795761,-0.0298779249030578,0.0,0.0,0.0,-0.0,-0.0,-0.0,-0.0,,24.765823593139647,24.951766993204757,-0.0049626678233818,24.888734657056435,25.269184042758088,0.9616455836461684,0.1291237403595305,0.0053137343380077,24.18000030517578,24.18000030517578,24.18000030517578,-0.0049382278046228,State Street SPDR Portfolio Aggregate Bond ETF,P,True,False,False,False,False,False,False,False,False,,False,,,9625304064.0,Bond,unknown,254.0,True,,False,True,230.0,True,True,False,366.0,,0,0,False,Bond,Bond,Bond,Bond,Bond
2026-10-06,TLT,77.16999816894531,77.58000183105469,77.06999969482422,77.27999877929688,31085900.0,250,2402318314.0533447,3977933782.410774,2858767404.050809,-0.0560675298500153,-0.07299284769298,-0.0871322909823028,0.0,0.0,0.0,-0.0,-0.0,-0.0,-0.0,,80.93260055541992,83.09371134440104,-0.0114365169692604,81.97982832148273,86.43536450909174,0.8940784737613752,0.840846094973358,0.0108805138231785,76.69000244140625,76.69000244140625,76.69000244140625,-0.0076345283024084,iShares 20+ Year Treasury Bond ETF,Q,True,False,False,False,False,False,False,False,False,,False,,,41099935744.0,Bond,unknown,75.0,True,,False,True,12.0,True,True,False,367.0,,0,0,False,Bond,Bond,Bond,Bond,Bond
2026-10-06,UCON,23.790000915527344,23.850000381469727,23.76000022888184,23.82999992370605,741300.0,250,17665178.9434433,18413772.089385983,14647130.313706776,-0.0243037246723777,-0.0276538976120604,-0.019236917901231,0.0,0.0,0.0,-0.0,-0.0,-0.0,-0.0,,24.302343101501464,24.37988023122152,-0.0047083225984322,24.43254849238604,24.641171041929844,0.967080658754266,0.1447040191385625,0.006072346605197,23.559999465942383,23.559999465942383,23.559999465942383,-0.0113302752256861,First Trust Smith Unconstrained Bond ETF,P,True,False,False,False,False,False,False,False,False,,False,,,3285839104.0,Bond,unknown,480.0,True,,False,True,429.0,True,True,False,368.0,,0,0,False,Bond,Bond,Bond,Bond,Bond
2026-10-06,PFF,29.559999465942383,29.670000076293945,29.51000022888184,29.520000457763672,2703400.0,250,79804369.23751831,97054582.19923972,81751400.840508,-0.0233639481358136,-0.0159726448088188,-0.0032411284686308,0.0,0.0,0.0,-0.0,-0.0,-0.0,-0.0,,30.010084648132324,30.13221146901449,-0.0026226214564707,30.206312359342697,31.03715557403877,0.9511181006050652,0.232002930074708,0.0078591777261877,29.149999618530277,29.149999618530277,29.149999618530277,-0.012533903573707,iShares Preferred and Income Securities ETF,Q,True,False,False,False,False,False,False,False,False,,False,,,13096669184.0,Other,unknown,197.0,True,,False,True,211.0,True,True,False,369.0,,0,0,False,Other,Other,Other,Other,Other
2026-10-06,TOTL,37.33000183105469,37.375,37.29499816894531,37.31999969482422,682400.0,250,25467167.791748047,31957816.03002548,24273571.200398035,-0.0260163336564277,-0.0334828670481672,-0.034861237331536,0.0,0.0,0.0,-0.0,-0.0,-0.0,-0.0,,38.103600311279294,38.46663139343261,-0.0056599188178321,38.31387928729557,39.009006470590336,0.9567021329538477,0.1707606640586089,0.0045755805320194,37.09000015258789,37.09000015258789,37.09000015258789,-0.0061629031113905,State Street DoubleLine Total Return Tactical ETF,P,True,False,False,False,False,False,False,False,False,,False,,,4176964608.0,Other,unknown,416.0,True,,False,True,379.0,True,True,False,370.0,,0,0,False,Other,Other,Other,Other,Other
2026-10-06,PPA,156.0500030517578,156.8699951171875,154.9600067138672,156.1999969482422,243700.0,250,38065939.25628662,46687108.20472717,36212284.04763842,-0.0444057624349166,-0.1073461634684633,-0.0801871699485773,0.0,0.0,0.0,-0.0,-0.0,-0.0,-0.0,,168.40160034179686,170.48361155192055,-0.0165537544699958,163.59808136898593,185.12335431383465,0.843761704336021,2.332533048148619,0.0149329903567252,154.1999969482422,154.1999969482422,154.1999969482422,-0.0128040975612996,Invesco Aerospace & Defense ETF,P,True,False,False,False,False,False,False,False,False,,False,,,8324131840.0,Industry / Theme,unknown,274.0,True,,False,True,329.0,True,True,False,371.0,,0,0,False,Industry / Theme,Industry / Theme,Industry / Theme,Industry / Theme,Industry / Theme
2026-10-06,SMBS,23.90999984741211,23.9950008392334,23.88999938964844,23.96999931335449,1302400.0,250,31218527.10571289,42410899.14323807,23429315.214750502,-0.0285037652951223,-0.0352279832781426,-0.0351505053466716,0.0,0.0,0.0,-0.0,-0.0,-0.0,-0.0,,24.552485084533693,24.75751260121664,-0.0063960927701531,24.703138029094905,25.14635784321234,0.9532195263746563,0.1683940440931094,0.0070252002051285,23.81999969482422,23.81999969482422,23.81999969482422,-0.0062578065426436,Schwab Mortgage-Backed Securities ETF,P,True,False,False,False,False,False,False,False,False,,False,,,6495026176.0,Bond,unknown,331.0,True,,False,True,386.0,True,True,False,372.0,,0,0,False,Bond,Bond,Bond,Bond,Bond
2026-10-06,PYLD,25.280000686645508,25.36000061035156,25.280000686645508,25.34000015258789,8386300.0,250,212508843.27964783,166601392.61763573,115167407.6533817,-0.0199807853515451,-0.0210782548928557,-0.0046307610862029,0.0,0.0,0.0,-0.0,-0.0,-0.0,-0.0,-0.0,25.719798927307128,25.689919929504395,-0.0037753128944717,25.866582006862163,26.03484535217285,0.9733109534477428,0.1180409543790368,0.0046582854644135,25.145000457763672,25.145000457763672,25.145000457763672,-0.0076953312411209,PIMCO Multisector Bond Active Exchange-Traded Fund,P,True,False,False,False,False,False,False,False,False,,False,,,14711611392.0,Bond,unknown,171.0,True,,False,True,162.0,True,True,False,373.0,,0,0,False,Bond,Bond,Bond,Bond,Bond
2026-10-06,CGCB,24.96999931335449,25.020000457763672,24.94300079345703,24.979999542236328,2391000.0,250,59727178.90548706,35465541.900405884,39395121.20573861,-0.0239039566701377,-0.0291349638617861,-0.0309390758359082,0.0,0.0,0.0,-0.0,-0.0,-0.0,-0.0,,25.49176406860352,25.676839739481608,-0.0051104558912086,25.62162720757256,26.01238532477137,0.9603117603539454,0.1289018629200301,0.0051602027735061,24.864999771118164,24.864999771118164,24.864999771118164,-0.0046036738681168,Capital Group Core Bond ETF,P,True,False,False,False,False,False,False,False,False,,False,,,5556136960.0,Bond,unknown,364.0,True,,False,True,314.0,True,True,False,374.0,,0,0,False,Bond,Bond,Bond,Bond,Bond
2026-10-06,CGCP,21.209999084472656,21.239999771118164,21.18000030517578,21.21999931335449,2514600.0,250,53359810.273361206,55413130.630311966,38060576.9714083,-0.0259154300167379,-0.0301414470461021,-0.0287856082696195,0.0,0.0,0.0,-0.0,-0.0,-0.0,-0.0,,21.661966400146483,21.807115618387854,-0.0052781273372226,21.784556431609055,22.079692215003064,0.9610640903289216,0.1110585760081159,0.0052336748162957,21.07999992370605,21.07999992370605,21.07999992370605,-0.0065975209320733,Capital Group Core Plus Income ETF,P,True,False,False,False,False,False,False,False,False,,False,,,8320875520.0,Bond,unknown,275.0,True,,False,True,320.0,True,True,False,375.0,,0,0,False,Bond,Bond,Bond,Bond,Bond
2026-10-06,EMB,90.91999816894533,91.16999816894533,90.83000183105467,90.9499969482422,9723600.0,250,884361390.3259277,874956368.7350464,626404678.8544791,-0.0314040142829946,-0.0374675566116688,-0.0065214903830247,0.0,0.0,0.0,-0.0,-0.0,-0.0,-0.0,,93.18004135131837,93.3322117614746,-0.0063955248189393,93.89879819467455,95.15933271615997,0.9557653921295,0.5708138781577425,0.0062761286125449,89.69000244140625,89.69000244140625,89.69000244140625,-0.0138537058726123,iShares J.P. Morgan USD Emerging Markets Bond ETF,Q,True,False,False,False,False,False,False,False,False,,False,,,14615079936.0,Bond,unknown,173.0,True,,False,True,48.0,True,True,False,376.0,,0,0,False,Bond,Bond,Bond,Bond,Bond
2026-10-06,PGX,10.06999969482422,10.119999885559082,10.050000190734863,10.0600004196167,6669400.0,250,67094166.798591614,78410863.5392046,49363922.848842256,-0.0357316799828585,-0.0572143467636537,-0.060047099783053,0.0,0.0,0.0,-0.0,-0.0,-0.0,-0.0,,10.433176288604736,10.6441428565979,-0.0094901444870282,10.452672981039743,10.915943195334128,0.9215878316329742,0.0833529381523114,0.0082855799876286,10.020000457763672,10.020000457763672,10.020000457763672,-0.0039761391833571,Invesco Preferred ETF,P,True,False,False,False,False,False,False,False,False,,False,,,3857212160.0,Other,unknown,444.0,True,,False,True,291.0,True,True,False,377.0,,0,0,False,Other,Other,Other,Other,Other
2026-10-06,PZA,21.440000534057617,21.46999931335449,21.350000381469727,21.3799991607666,5851000.0,250,125094375.0896454,98095157.75749208,55327062.27485415,-0.0435546872000249,-0.0767775299677493,-0.0580201230300027,0.0,0.0,0.0,-0.0,-0.0,-0.0,-0.0,,22.293793182373047,22.700736172993977,-0.0136667441109654,22.3436382856878,23.346132277789494,0.9157833471673856,0.2102920666578784,0.009835924925749,21.11000061035156,21.11000061035156,21.11000061035156,-0.0126285575777991,Invesco National AMT-Free Municipal Bond ETFo,P,True,False,False,False,False,False,False,False,False,,False,,,4290295296.0,Bond,unknown,409.0,True,,False,True,271.0,True,True,False,378.0,,0,0,False,Bond,Bond,Bond,Bond,Bond
2026-10-06,DFCF,40.13999938964844,40.244998931884766,40.125,40.18999862670898,3415900.0,250,137285016.30897522,96359426.79843904,70628844.52664208,-0.0246254244757239,-0.0307691019747142,-0.0300907918728283,0.0,0.0,0.0,-0.0,-0.0,-0.0,-0.0,,41.01633682250976,41.33346672058106,-0.0055769112757527,41.21464432175544,41.90578079223633,0.9590561938450932,0.2126634268443577,0.0052914514583493,39.93999862670898,39.93999862670898,39.93999862670898,-0.00622045306152,Dimensional Core Fixed Income ETF,P,True,False,False,False,False,False,False,False,False,,False,,,10866136064.0,Bond,unknown,227.0,True,,False,True,232.0,True,True,False,379.0,,0,0,False,Bond,Bond,Bond,Bond,Bond
2026-10-06,CQQQ,45.060001373291016,45.09000015258789,44.7599983215332,45.02999877929688,1260300.0,250,56751307.46154785,40859188.55270386,45188237.94807556,-0.0508010100585303,-0.1778346101343906,-0.002215871625339,0.0,0.0,0.0,-0.0,-0.0,-0.0,-0.0,,48.40159996032715,50.26513338724772,-0.0251754223630009,48.22999954223633,57.56999969482422,0.7821782007642647,0.6709997177124023,0.014901171128188,43.810001373291016,43.810001373291016,43.810001373291016,-0.0270929922069367,Invesco China Technology ETF,P,True,False,False,False,False,False,False,False,False,,False,,,3417853440.0,Country / Region,unknown,473.0,True,,False,True,302.0,True,True,False,380.0,,0,0,False,Country / Region,Country / Region,Country / Region,Country / Region,Country / Region
2026-10-06,SPTI,27.229999542236328,27.280000686645508,27.21999931335449,27.25,3102400.0,250,84540400.0,94329967.91360857,65651755.910567634,-0.018621523280184,-0.02253509216401,-0.0275671679714366,0.0,0.0,0.0,-0.0,-0.0,-0.0,-0.0,,27.68176773071289,27.876980298360188,-0.0045102926748601,27.777032973098564,28.22840725219016,0.9653396224785498,0.1156947349401086,0.004245678346426,27.1299991607666,27.1299991607666,27.1299991607666,-0.0044037005223265,State Street SPDR Portfolio Intermediate Term Treasury ETF,P,True,False,False,False,False,False,False,False,False,,False,,,10175785984.0,Bond,unknown,245.0,True,,False,True,244.0,True,True,False,381.0,,0,0,False,Bond,Bond,Bond,Bond,Bond
2026-10-06,SCHZ,22.01000022888184,22.06999969482422,21.989999771118164,22.049999237060547,2239200.0,250,49374358.29162598,75606434.84282494,51567572.21748716,-0.0224329134222877,-0.0277622076686905,-0.0294698051022945,0.0,0.0,0.0,-0.0,-0.0,-0.0,-0.0,,22.4605220413208,22.626432876586914,-0.0048705103686299,22.59584775394961,23.042569526714583,0.9569244962675152,0.1236400983334357,0.0056072608894075,21.93000030517578,21.93000030517578,21.93000030517578,-0.005442128618448,Schwab US Aggregate Bond ETF,P,True,False,False,False,False,False,False,False,False,,False,,,10601679872.0,Bond,unknown,235.0,True,,False,True,286.0,True,True,False,382.0,,0,0,False,Bond,Bond,Bond,Bond,Bond
2026-10-06,SCMB,24.059999465942383,24.11100006103516,23.975000381469727,24.059999465942383,3289900.0,250,79154992.24300385,149750548.79926682,74411648.55512287,-0.0303905334940539,-0.0538488563636966,-0.0403332762500237,0.0,0.0,0.0,-0.0,-0.0,-0.0,-0.0,,24.76175018310547,25.076876487731933,-0.0094727973474078,24.85396022018993,25.815533534101935,0.931996986781601,0.1875282113275815,0.007794190169997,23.748233094342016,23.748233094342016,23.748233094342016,-0.0129578710939575,Schwab Municipal Bond ETF,P,True,False,False,False,False,False,False,False,False,,False,,,3980585728.0,Bond,unknown,427.0,True,,False,True,223.0,True,True,False,383.0,,0,0,False,Bond,Bond,Bond,Bond,Bond
2026-10-06,STIP,99.9800033569336,100.04000091552734,99.9499969482422,99.98999786376952,1098600.0,250,109849011.6531372,131526296.95121764,101766775.84135269,-0.008330893107516,-0.0061729874225903,-0.000741939763427,0.0,0.0,0.0,-0.0,-0.0,-0.0,-0.0,-0.0,100.4558920288086,100.38985127766928,-0.0014858687627923,100.87000274658205,101.04000091552734,0.989608045900201,0.1874996185302734,0.0018751837437353,99.55999755859376,99.55999755859376,99.55999755859376,-0.0043004331869436,iShares 0-5 Year TIPS Bond ETF,P,True,False,False,False,False,False,False,False,False,,False,,,15883689984.0,Bond,unknown,162.0,True,,False,True,182.0,True,True,False,384.0,,0,0,False,Bond,Bond,Bond,Bond,Bond
2026-10-06,SUB,104.51000213623048,104.81999969482422,104.4499969482422,104.55999755859376,2624200.0,250,274386345.5932617,136723199.11197662,75796803.4272088,-0.0097744478246217,-0.0088809476578555,-0.0042425209864597,0.0,0.0,0.0,-0.0,-0.0,-0.0,-0.0,,105.3369711303711,105.3110620625814,-0.0020317810990533,105.62203189050771,105.96294201930834,0.9867600461635072,0.2540938613017829,0.002430124973553,103.81610461261182,103.81610461261182,103.81610461261182,-0.0071145080657166,iShares Short-Term National Muni Bond ETF,P,True,False,False,False,False,False,False,False,False,,False,,,11377924096.0,Bond,unknown,216.0,True,,False,True,220.0,True,True,False,385.0,,0,0,False,Bond,Bond,Bond,Bond,Bond
2026-10-06,CMF,54.11000061035156,54.18000030517578,53.97999954223633,54.119998931884766,2438100.0,250,131949969.39582825,149210379.3452072,70550842.66959296,-0.0267019024931444,-0.048738048069621,-0.0359972043222928,0.0,0.0,0.0,-0.0,-0.0,-0.0,-0.0,,55.524755859375,56.18102658589681,-0.0087493556471083,55.654620970026464,57.160789600148576,0.9468028575263784,0.3224128583780725,0.005957370006305,53.48030082446346,53.48030082446346,53.48030082446346,-0.0118199948271696,iShares California Muni Bond ETF,P,True,False,False,False,False,False,False,False,False,,False,,,4542874112.0,Bond,unknown,399.0,True,,False,True,233.0,True,True,False,386.0,,0,0,False,Bond,Bond,Bond,Bond,Bond
2026-10-06,HYG,77.1500015258789,77.31999969482422,77.13999938964844,77.2699966430664,47352500.0,250,3658927516.040802,4789043690.723343,3185591093.7859187,-0.0190371778458231,-0.0155912406091516,-0.0015088870043273,0.0,0.0,0.0,-0.0,-0.0,-0.0,-0.0,-0.0,78.35075347900391,78.0339789835612,-0.0030329666456728,78.75958653671901,79.18183762211754,0.9758550567091524,0.3244107123398784,0.0041984046387167,76.38999938964844,76.38999938964844,76.38999938964844,-0.0113886021955319,iShares iBoxx $ High Yield Corporate Bond ETF,P,True,False,False,False,False,False,False,False,False,,False,,,17626118144.0,Bond,unknown,146.0,True,,False,True,10.0,True,True,False,387.0,,0,0,False,Bond,Bond,Bond,Bond,Bond
2026-10-06,HYLB,35.189998626708984,35.22600173950195,35.13999938964844,35.209999084472656,1813700.0,250,63860375.33950806,66491998.6542511,41268856.8728129,-0.0194866366786182,-0.0150202084295093,-0.0006380479479011,0.0,0.0,0.0,-0.0,-0.0,-0.0,-0.0,-0.0,35.70066177368164,35.536916681925454,-0.0030677539865442,35.89982112984834,36.08052123802904,0.9758727944140994,0.1466470937232671,0.0041649275074232,34.79999923706055,34.79999923706055,34.79999923706055,-0.0116444151682161,Xtrackers USD High Yield Corporate Bond ETF,P,True,False,False,False,False,False,False,False,False,,False,,,3468311296.0,Bond,unknown,471.0,True,,False,True,310.0,True,True,False,388.0,,0,0,False,Bond,Bond,Bond,Bond,Bond
2026-10-06,SCHP,25.07999992370605,25.149999618530277,25.06999969482422,25.1200008392334,4494000.0,250,112889283.7715149,173139465.96341133,140533067.59095874,-0.0268224456381261,-0.0285407370914143,-0.0271789929226228,0.0,0.0,0.0,-0.0,-0.0,-0.0,-0.0,,25.61721672058105,25.802638206481934,-0.0052220571081286,25.82232707245385,26.10858526178916,0.9621356571930924,0.1157940488878809,0.0046096355501321,25.01000022888184,25.01000022888184,25.01000022888184,-0.0043790050428564,Schwab U.S. TIPS ETF,P,True,False,False,False,False,False,False,False,False,,False,,,16518061056.0,Other,unknown,159.0,True,,False,True,145.0,True,True,False,389.0,,0,0,False,Other,Other,Other,Other,Other
2026-10-06,SCHI,21.399999618530277,21.450000762939453,21.38999938964844,21.420000076293945,2414100.0,250,51710022.18418121,83045096.10524178,54423004.11270384,-0.0236680057970056,-0.0318729162668812,-0.0314012243058565,0.0,0.0,0.0,-0.0,-0.0,-0.0,-0.0,,21.8524494934082,22.036850751241047,-0.0058164531238508,21.939258908480785,22.348331451516188,0.9584608194470258,0.1133411500723919,0.0052913701992853,21.239999771118164,21.239999771118164,21.239999771118164,-0.0084033755618418,Schwab 5-10 Year Corporate Bond ETF,P,True,False,False,False,False,False,False,False,False,,False,,,11602564096.0,Bond,unknown,211.0,True,,False,True,275.0,True,True,False,390.0,,0,0,False,Bond,Bond,Bond,Bond,Bond
2026-10-06,SCHR,23.670000076293945,23.709999084472656,23.649999618530277,23.68000030517578,3535000.0,250,83708801.07879639,101695685.40883064,73682229.16556464,-0.0184957896197316,-0.0226773301089527,-0.0273926693104993,0.0,0.0,0.0,-0.0,-0.0,-0.0,-0.0,,24.05311855316162,24.22301780700684,-0.0045353174359408,24.136200527516067,24.53315706957729,0.9652243385561052,0.0997316210661686,0.0042116393488546,23.56999969482422,23.56999969482422,23.56999969482422,-0.0046452959853855,Schwab Intermediate-Term U.S. Treasury ETF,P,True,False,False,False,False,False,False,False,False,,False,,,13378999296.0,Bond,unknown,193.0,True,,False,True,226.0,True,True,False,391.0,,0,0,False,Bond,Bond,Bond,Bond,Bond
2026-10-06,SPTL,23.68000030517578,23.780000686645508,23.649999618530277,23.700000762939453,11861000.0,250,281105709.04922485,322821520.12418747,190405581.23063284,-0.0525378468232565,-0.0659093483818719,-0.0776348825144195,0.0,0.0,0.0,-0.0,-0.0,-0.0,-0.0,,24.729626922607423,25.301740964253742,-0.0104683937656292,25.02415454054066,26.21148474875804,0.9041838335412272,0.2377824905782164,0.0100330161571152,23.530000686645508,23.530000686645508,23.530000686645508,-0.0071729987688347,State Street SPDR Portfolio Long Term Treasury ETF,P,True,False,False,False,False,False,False,False,False,,False,,,10471982080.0,Bond,unknown,239.0,True,,False,True,118.0,True,True,False,392.0,,0,0,False,Bond,Bond,Bond,Bond,Bond
2026-10-06,SPIB,32.2599983215332,32.29999923706055,32.22999954223633,32.27000045776367,7012600.0,250,226296605.21011356,208206186.99670792,199238445.43687123,-0.014914070643232,-0.0174094900032174,-0.0143429321461091,0.0,0.0,0.0,-0.0,-0.0,-0.0,-0.0,,32.65459205627442,32.75035311381022,-0.0034662500510478,32.75856254989487,33.106265959928564,0.9747399630276306,0.122610189447959,0.003799510000269,32.07132246749084,32.07132246749084,32.07132246749084,-0.0061567396174311,State Street SPDR Portfolio Intermediate Term Corporate Bond ETF,P,True,False,False,False,False,False,False,False,False,,False,,,11570174976.0,Bond,unknown,212.0,True,,False,True,114.0,True,True,False,393.0,,0,0,False,Bond,Bond,Bond,Bond,Bond
2026-10-06,EDV,54.220001220703125,54.72999954223633,54.13999938964844,54.380001068115234,1467200.0,250,79786337.56713867,138832240.95071793,97094609.55976456,-0.0857940329607904,-0.1124356587981207,-0.1341865871172683,0.0,0.0,0.0,-0.0,-0.0,-0.0,-0.0,,58.44150314331055,60.960153071085614,-0.0169600404827353,59.651013312486256,64.92981889010922,0.8375196789036318,0.9462330753897888,0.0174003872159648,53.70000076293945,53.70000076293945,53.70000076293945,-0.0125046026447117,Vanguard Extended Duration Treasury ETF,P,True,False,False,False,False,False,False,False,False,,False,,,4162188800.0,Bond,unknown,418.0,True,,False,True,187.0,True,True,False,394.0,,0,0,False,Bond,Bond,Bond,Bond,Bond
2026-10-06,TIP,104.04000091552734,104.29000091552734,103.9800033569336,104.18000030517578,1869200.0,250,194733256.57043457,231000359.83455655,198908684.4953265,-0.0268099268077032,-0.0287418857218293,-0.0283821723452666,0.0,0.0,0.0,-0.0,-0.0,-0.0,-0.0,,106.24283905029296,107.05748647054035,-0.0052758463835234,107.06999969482422,108.34823533031094,0.9615292762966756,0.454001235961914,0.0043578540471491,103.76000213623048,103.76000213623048,103.76000213623048,-0.004031466382367,iShares TIPS Bond ETF,P,True,False,False,False,False,False,False,False,False,,False,,,14696782848.0,Bond,unknown,172.0,True,,False,True,115.0,True,True,False,395.0,,0,0,False,Bond,Bond,Bond,Bond,Bond
2026-10-06,TLH,91.4800033569336,91.81999969482422,91.37999725341795,91.55999755859376,7897000.0,250,723049300.7202148,298141974.261055,166357352.99835205,-0.0476894374362151,-0.0584962443648605,-0.0683919920360044,0.0,0.0,0.0,-0.0,-0.0,-0.0,-0.0,,95.17518936157228,97.03371973673502,-0.0093879035820378,96.22479247212198,100.00895547849169,0.9155179865695628,0.8314320713649878,0.0090807349665219,90.97000122070312,90.97000122070312,90.97000122070312,-0.0064438221234448,iShares 10-20 Year Treasury Bond ETF,P,True,False,False,False,False,False,False,False,False,,False,,,11252374528.0,Bond,unknown,220.0,True,,False,True,127.0,True,True,False,396.0,,0,0,False,Bond,Bond,Bond,Bond,Bond
2026-10-06,CGMS,26.350000381469727,26.36000061035156,26.295000076293945,26.34000015258789,1443000.0,250,38008620.220184326,34183058.211956024,31885545.524736434,-0.0188879967228409,-0.018877541161011,-0.0070761327053855,0.0,0.0,0.0,-0.0,-0.0,-0.0,-0.0,,26.717937660217284,26.709308280944825,-0.0034615984893889,26.847088236559763,27.00076772506628,0.9755278227935364,0.109657270644819,0.0041631461658911,26.09499931335449,26.09499931335449,26.09499931335449,-0.009301474480414,Capital Group U.S. Multi-Sector Income ETF,P,True,False,False,False,False,False,False,False,False,,False,,,5172525056.0,Bond,unknown,375.0,True,,False,True,351.0,True,True,False,397.0,,0,0,False,Bond,Bond,Bond,Bond,Bond
2026-10-06,SHLD,59.93999862670898,60.15999984741211,59.58000183105469,60.060001373291016,922500.0,250,55405351.26686096,105558594.9097252,72735292.01460944,-0.0424107110274429,-0.0416466710054512,-0.1848894449384601,0.0,0.0,0.0,-0.0,-0.0,-0.0,-0.0,-0.0,64.53919998168945,66.23995491027831,-0.0010803430037581,63.59999847412109,75.02893731807336,0.8004911640781489,0.8156999588012696,0.0135814175849155,59.58000183105469,59.58000183105469,59.58000183105469,-0.0079920001874955,Global X Defense Tech ETF,P,True,False,False,False,False,False,False,False,False,,False,,,6854938112.0,Industry / Theme,unknown,317.0,True,,False,True,228.0,True,True,False,398.0,,0,0,False,Industry / Theme,Industry / Theme,Industry / Theme,Industry / Theme,Industry / Theme
2026-10-06,CGMU,26.059999465942383,26.059999465942383,25.950000762939453,26.030000686645508,6350800.0,250,165311328.3607483,88400003.78838539,51935913.49854848,-0.0247490557074033,-0.041239869933298,-0.0288991654443599,0.0,0.0,0.0,-0.0,-0.0,-0.0,-0.0,,26.629966697692872,26.869598757425944,-0.0074030090745733,26.708513231312107,27.258686022147604,0.9549249976868368,0.1384518524784681,0.0053189338773048,25.729999542236328,25.729999542236328,25.729999542236328,-0.0115252069341317,Capital Group Municipal Income ETF,P,True,False,False,False,False,False,False,False,False,,False,,,6310218752.0,Bond,unknown,339.0,True,,False,True,285.0,True,True,False,399.0,,0,0,False,Bond,Bond,Bond,Bond,Bond
2026-10-06,SHM,46.70000076293945,46.7599983215332,46.4900016784668,46.70000076293945,881800.0,250,41180060.67276001,26038750.0365448,17162351.764497302,-0.0151614673831678,-0.0171565526295168,-0.0107699084159413,0.0,0.0,0.0,-0.0,-0.0,-0.0,-0.0,,47.21783554077148,47.29811744689941,-0.0033618406136298,47.40896844389293,47.63438038476984,0.9803843439489952,0.1826744503368907,0.0039116584015531,46.22174930729327,46.22174930729327,46.22174930729327,-0.010240930360449,State Street SPDR Nuveen ICE Short Term Municipal Bond ETF,P,True,False,False,False,False,False,False,False,False,,False,,,3468243712.0,Bond,unknown,472.0,True,,False,True,416.0,True,True,False,400.0,,0,0,False,Bond,Bond,Bond,Bond,Bond
2026-10-06,SPMB,21.030000686645508,21.100000381469727,21.020000457763672,21.06999969482422,2502900.0,250,52736102.23617554,46062076.14074707,29898947.22534967,-0.0319134084760469,-0.037473433416771,-0.0396116419772749,0.0,0.0,0.0,-0.0,-0.0,-0.0,-0.0,,21.629363441467284,21.821523195902508,-0.006648234872069,21.77454808764293,22.14632253756524,0.9513994776823408,0.1426118421927473,0.0067684786074192,20.959999084472656,20.959999084472656,20.959999084472656,-0.0052207219717512,State Street SPDR Portfolio Mortgage Backed Bond ETF,P,True,False,False,False,False,False,False,False,False,,False,,,7072976896.0,Bond,unknown,311.0,True,,False,True,360.0,True,True,False,401.0,,0,0,False,Bond,Bond,Bond,Bond,Bond
2026-10-06,EAGG,45.150001525878906,45.209999084472656,45.09000015258789,45.15999984741211,629800.0,250,28441767.903900143,21362827.924041748,18303682.278460547,-0.023437648870324,-0.0279299622205234,-0.0299112307895402,0.0,0.0,0.0,-0.0,-0.0,-0.0,-0.0,,46.01300094604492,46.36571062723795,-0.0049786587628801,46.23388346434957,46.96449249645637,0.9615775120069612,0.2168843927569174,0.0048025773580543,44.93000030517578,44.93000030517578,44.93000030517578,-0.0050929925379419,iShares ESG Aware U.S. Aggregate Bond ETF,P,True,False,False,False,False,False,False,False,False,,False,,,4899153408.0,Bond,unknown,382.0,True,,False,True,407.0,True,True,False,402.0,,0,0,False,Bond,Bond,Bond,Bond,Bond
2026-10-06,TFI,42.790000915527344,42.81999969482422,42.56999969482422,42.7400016784668,1555100.0,250,66464976.61018372,76816925.42207718,42084506.85335795,-0.0310204799633581,-0.0529524225881468,-0.0407318669008492,0.0,0.0,0.0,-0.0,-0.0,-0.0,-0.0,,43.98226257324219,44.53951937357585,-0.0093920608185834,44.12819622579473,45.31797647429791,0.9431136384191114,0.2741946373493104,0.0064154100744327,42.20437918711294,42.20437918711294,42.20437918711294,-0.0125321120804661,State Street SPDR Nuveen ICE Municipal Bond ETF,P,True,False,False,False,False,False,False,False,False,,False,,,3122414592.0,Bond,unknown,498.0,True,,False,True,309.0,True,True,False,403.0,,0,0,False,Bond,Bond,Bond,Bond,Bond
2026-10-06,IAGG,49.060001373291016,49.119998931884766,49.02999877929688,49.02999877929688,1681500.0,250,82443942.9473877,142257802.32883453,83311490.31713577,-0.0130837665436002,-0.0156595577693036,-0.0075195935600261,0.0,0.0,0.0,-0.0,-0.0,-0.0,-0.0,,49.62040016174316,49.663719228108725,-0.0026571462728299,49.63999938964844,50.27921961734516,0.9751543312017252,0.1555004119873047,0.0031715361178627,48.810001373291016,48.810001373291016,48.810001373291016,-0.0044869959511145,iShares International Aggregate Bond Fund,Z,True,False,False,False,False,False,False,False,False,,False,,,10738313216.0,Bond,unknown,230.0,True,,False,True,208.0,True,True,False,404.0,,0,0,False,Bond,Bond,Bond,Bond,Bond
2026-10-06,ITA,207.13999938964844,208.88999938964844,205.8000030517578,208.25999450683597,632200.0,250,131661968.52722168,186330796.13471985,159102529.81795055,-0.067232970893161,-0.1299027145375096,-0.0656167355492131,0.0,0.0,0.0,-0.0,-0.0,-0.0,-0.0,,229.25650573730468,229.48974639892575,-0.0209842076713013,222.65190815085083,256.30289326631515,0.8125542082368943,3.64465131975802,0.0175004869676897,205.6300048828125,205.6300048828125,205.6300048828125,-0.0126283957235824,iShares U.S. Aerospace & Defense ETF,Z,True,False,False,False,False,False,False,False,False,,False,,,14444112896.0,Industry / Theme,unknown,176.0,True,,False,True,136.0,True,True,False,405.0,,0,0,False,Industry / Theme,Industry / Theme,Industry / Theme,Industry / Theme,Industry / Theme
2026-10-06,VTEB,47.34999847412109,47.38999938964844,47.209999084472656,47.33000183105469,29675600.0,250,1404546202.3376465,1559863083.559723,772101688.1448292,-0.0287023918581597,-0.0501000408370571,-0.0373162585108753,0.0,0.0,0.0,-0.0,-0.0,-0.0,-0.0,,48.64199546813965,49.208728561401365,-0.0089378487240833,48.74857204801595,50.30922925466617,0.9407816921914948,0.2946975306678283,0.0062264424100332,46.75435987413983,46.75435987413983,46.75435987413983,-0.0121623058238963,Vanguard Tax-Exempt Bond ETF,P,True,False,False,False,False,False,False,False,False,,False,,,48785248256.0,Bond,unknown,58.0,True,,False,True,42.0,True,True,False,406.0,,0,0,False,Bond,Bond,Bond,Bond,Bond
2026-10-06,IUSB,44.0,44.06999969482422,43.95000076293945,44.02999877929688,8096300.0,250,356480079.1168213,567161123.4850693,282900751.14283484,-0.0226868702178256,-0.0265956908503941,-0.0260345187232379,0.0,0.0,0.0,-0.0,-0.0,-0.0,-0.0,,44.834970703125,45.11408055623372,-0.0047279311676844,45.05208814090094,45.75234224112177,0.9623550756648068,0.2104207155272782,0.004779030691825,43.77000045776367,43.77000045776367,43.77000045776367,-0.005905026771326,iShares Core Universal USD Bond ETF,Q,True,False,False,False,False,False,False,False,False,,False,,,42765500416.0,Bond,unknown,73.0,True,,False,True,87.0,True,True,False,407.0,,0,0,False,Bond,Bond,Bond,Bond,Bond
2026-10-06,FSEC,41.6349983215332,41.75,41.61100006103516,41.650001525878906,589400.0,250,24548510.899353027,23827256.15076065,16420966.90489754,-0.0324033238404865,-0.0361649841357333,-0.0360433830439909,0.0,0.0,0.0,-0.0,-0.0,-0.0,-0.0,,42.75092544555664,43.06897565205892,-0.0061574490493629,43.01588919249152,43.67105664031384,0.9537209476958418,0.294821838588761,0.0070785552890214,41.45000076293945,41.45000076293945,41.45000076293945,-0.0048019389102587,Fidelity Investment Grade Securitized ETF,P,True,False,False,False,False,False,False,False,False,,False,,,4651778048.0,Bond,unknown,395.0,True,,False,True,419.0,True,True,False,408.0,,0,0,False,Bond,Bond,Bond,Bond,Bond
2026-10-06,ISTB,47.18999862670898,47.209999084472656,47.13999938964844,47.18000030517578,688300.0,250,32473994.21005249,34419299.06665802,23124724.47523087,-0.0087003538811833,-0.0066125409850154,-0.0026055092541182,0.0,0.0,0.0,-0.0,-0.0,-0.0,-0.0,-0.0,47.47344444274902,47.43294123331706,-0.0016589437500909,47.59408584808122,47.78585708080879,0.9873214207582702,0.1096761892512891,0.002324633076343,46.976368969998106,46.976368969998106,46.976368969998106,-0.0043160520106088,iShares Core 1-5 Year USD Bond ETF,Q,True,False,False,False,False,False,False,False,False,,False,,,5038184448.0,Bond,unknown,378.0,True,,False,True,388.0,True,True,False,409.0,,0,0,False,Bond,Bond,Bond,Bond,Bond
2026-10-06,INDA,46.869998931884766,46.90999984741211,46.70000076293945,46.72999954223633,4508100.0,250,210663510.9363556,233514171.84875488,243404508.1687443,-0.0480749766350764,-0.0394656099367489,-0.0133023872465393,0.0,0.0,0.0,-0.0,-0.0,-0.0,-0.0,-0.0,48.91539993286133,48.73046669006348,-0.0060067866155102,48.86000061035156,51.650001525878906,0.904743430042738,0.4679996490478516,0.0100149722583424,46.18999862670898,46.18999862670898,46.18999862670898,-0.0115557654786465,iShares MSCI India ETF,Z,True,False,False,False,False,False,False,False,False,,False,,,6871878656.0,Country / Region,unknown,316.0,True,,False,True,97.0,True,True,False,410.0,,0,0,False,Country / Region,Country / Region,Country / Region,Country / Region,Country / Region
2026-10-06,VTIP,48.380001068115234,48.43000030517578,48.380001068115234,48.41999816894531,3139000.0,250,151990374.25231934,176833447.70217896,137509821.65348718,-0.0079282814032647,-0.0059301890015243,-0.0003416460915073,0.0,0.0,0.0,-0.0,-0.0,-0.0,-0.0,-0.0,48.62743644714355,48.59461285909017,-0.001454200649945,48.82657329603575,48.90505599975586,0.9900816424622236,0.0920785063373955,0.0019016627389393,48.18889555692688,48.18889555692688,48.18889555692688,-0.0047728752738088,Vanguard Short-Term Inflation-Protected Securities Index Fund ETF Shares,Q,True,False,False,False,False,False,False,False,False,,False,,,71082704896.0,Other,unknown,43.0,True,,False,True,149.0,True,True,False,411.0,,0,0,False,Other,Other,Other,Other,Other
2026-10-06,FLXR,37.81999969482422,37.84000015258789,37.77000045776367,37.81999969482422,561100.0,250,21220801.82876587,26201199.09763336,19385900.76191009,-0.0162878349649677,-0.0143830901091712,-0.0031442180664189,0.0,0.0,0.0,-0.0,-0.0,-0.0,-0.0,-0.0,38.28119209289551,38.20260180155436,-0.0029066103204715,38.44620673470127,38.64438368219376,0.9786674308445656,0.2282747586095563,0.0060358212705325,36.02999877929688,36.02999877929688,36.02999877929688,-0.0473294799040495,TCW Flexible Income ETF,N,True,False,False,False,False,False,False,False,False,,False,,,3345479168.0,Bond,unknown,476.0,True,,False,True,404.0,True,True,False,412.0,,0,0,False,Bond,Bond,Bond,Bond,Bond
2026-10-06,FPE,17.100000381469727,17.1200008392334,17.079999923706055,17.110000610351562,3300800.0,250,56476690.01464844,28185218.5129261,20669607.15686253,-0.0222214180554076,-0.0299182598376227,-0.0113331301018647,0.0,0.0,0.0,-0.0,-0.0,-0.0,-0.0,,17.453592109680176,17.516278584798176,-0.0056305486515559,17.498850767215366,17.736169529860295,0.9646953690618189,0.0812533174748631,0.0047488787011325,16.959999084472656,16.959999084472656,16.959999084472656,-0.0087668919069561,First Trust Preferred Securities and Income ETF ETF,P,True,False,False,False,False,False,False,False,False,,False,,,6320397824.0,Bond,unknown,338.0,True,,False,True,398.0,True,True,False,413.0,,0,0,False,Bond,Bond,Bond,Bond,Bond
2026-10-06,VPU,175.02999877929688,178.3000030517578,175.02999877929688,178.17999267578125,491800.0,250,87628920.39794922,84279079.63005066,58698730.24018303,-0.0459011027628348,-0.0837045623841752,-0.0966404539416523,0.0,0.0,0.0,-0.0,-0.0,-0.0,-0.0,,182.7150720214844,190.41759002685544,-0.0244883441484421,187.01027297440217,203.0311384561501,0.8775993378683826,2.5252507336550494,0.0141724707456354,169.3699951171875,169.3699951171875,169.3699951171875,-0.0494443704160687,Vanguard Utilities ETF,P,True,False,False,False,False,False,False,False,False,,False,,,10763640832.0,Sector,unknown,229.0,True,,False,True,261.0,True,True,False,414.0,,0,0,False,Sector,Sector,Sector,Sector,Sector
2026-10-06,IDEF,31.75,31.905000686645508,31.61000061035156,31.709999084472656,489900.0,250,15534728.551483154,76495072.76659966,35130352.65644921,-0.0133482950716233,-0.017657983778791,-0.0633115933724727,0.0,0.0,0.0,-0.0,-0.0,-0.0,-0.0,-0.0,32.8728800201416,33.03300375620524,0.000168555483637,32.290000915527344,35.92499923706055,0.8826722270813674,0.4376997947692871,0.0138032105773101,31.100000381469727,31.100000381469727,31.100000381469727,-0.0192367934599413,iShares Defense Industrials and Tech Active ETF,Q,True,False,False,False,False,False,False,False,False,,False,,,4074098176.0,Industry / Theme,unknown,421.0,True,,False,True,335.0,True,True,False,415.0,,0,0,False,Industry / Theme,Industry / Theme,Industry / Theme,Industry / Theme,Industry / Theme
2026-10-06,IEF,89.06999969482422,89.27999877929688,88.98999786376953,89.12999725341797,12126100.0,250,1080799259.6946716,1001681078.1679152,750183831.8153503,-0.0295417713449652,-0.0368206999280322,-0.0449706614800687,0.0,0.0,0.0,-0.0,-0.0,-0.0,-0.0,,91.38573959350586,92.48695724487304,-0.0068605084976369,91.84320720483542,94.11082033108345,0.9470749159326968,0.5265724500847888,0.0059079150264934,88.63999938964844,88.63999938964844,88.63999938964844,-0.0054975639949403,iShares 7-10 Year Treasury Bond ETF,Q,True,False,False,False,False,False,False,False,False,,False,,,47093366784.0,Bond,unknown,63.0,True,,False,True,44.0,True,True,False,416.0,,0,0,False,Bond,Bond,Bond,Bond,Bond
2026-10-06,IEI,113.30999755859376,113.4499969482422,113.25,113.33000183105467,3703500.0,250,419717661.78131104,383222526.9509125,225296337.2622293,-0.0161907021931668,-0.0192367559337622,-0.0235622686863379,0.0,0.0,0.0,-0.0,-0.0,-0.0,-0.0,,114.85717864990234,115.54372863769532,-0.0039568594422124,115.18512126725334,116.87913829512992,0.9696341321826536,0.4149388730915774,0.0036613329779182,112.87999725341795,112.87999725341795,112.87999725341795,-0.0039707453486814,iShares 3-7 Year Treasury Bond ETF,Q,True,False,False,False,False,False,False,False,False,,False,,,18260961280.0,Bond,unknown,143.0,True,,False,True,104.0,True,True,False,417.0,,0,0,False,Bond,Bond,Bond,Bond,Bond
2026-10-06,AGG,94.25,94.4499969482422,94.19000244140624,94.36000061035156,13705700.0,250,1293269860.3652954,1191391037.6367188,913911940.5190485,-0.0227601029898374,-0.0273939660454798,-0.0287814860939257,0.0,0.0,0.0,-0.0,-0.0,-0.0,-0.0,,96.10206848144531,96.81843963623048,-0.0048896648260288,96.58755671746466,98.06416252581812,0.9622271600546086,0.4547293874035716,0.0048190905517404,93.83999633789062,93.83999633789062,93.83999633789062,-0.0055108549077721,iShares Core U.S. Aggregate Bond ETF,P,True,False,False,False,False,False,False,False,False,,False,,,138847469568.0,Bond,unknown,18.0,True,,False,True,33.0,True,True,False,418.0,,0,0,False,Bond,Bond,Bond,Bond,Bond
2026-10-06,XLU,40.40999984741211,41.18999862670898,40.40999984741211,41.15999984741211,52078400.0,250,2143546936.0534668,1299153249.165058,1002023064.383988,-0.0457388540231256,-0.0859205368187787,-0.0981757818233122,0.0,0.0,0.0,-0.0,-0.0,-0.0,-0.0,,42.22375122070312,44.02111745198568,-0.0251720539102824,43.212261420794285,47.061244321673485,0.8746050054706346,0.6146739353216997,0.0149337691350926,39.02999877929688,39.02999877929688,39.02999877929688,-0.0517492972791922,State Street Utilities Select Sector SPDR ETF,P,True,False,False,False,False,False,False,False,False,,False,,,23111417856.0,Sector,unknown,117.0,True,,False,True,30.0,True,True,False,419.0,,0,0,False,Sector,Sector,Sector,Sector,Sector
2026-10-06,IBDU,22.68000030517578,22.68099975585937,22.649999618530277,22.65999984741211,3939000.0,250,89257739.3989563,22221219.652986526,17811007.307588488,-0.0074945221734599,-0.0053865699677689,-0.0005349665277862,0.0,0.0,0.0,-0.0,-0.0,-0.0,-0.0,-0.0,22.783059158325194,22.746298586527505,-0.0014856766153449,22.84106953766829,22.96063287410927,0.9869065879697002,0.0648422222153419,0.0028615279193281,22.547213236574905,22.547213236574905,22.547213236574905,-0.0049773438480444,iShares iBonds Dec 2029 Term Corporate ETF,P,True,False,False,False,False,False,False,False,False,,False,,,3963476736.0,Bond,unknown,431.0,True,,False,True,412.0,True,True,False,420.0,,0,0,False,Bond,Bond,Bond,Bond,Bond
2026-10-06,GVI,102.98999786376952,103.08000183105467,102.91000366210938,102.98999786376952,178600.0,250,18394013.61846924,15322550.043754578,12991308.588663736,-0.0134844424586153,-0.0144476225951475,-0.0148871368934266,0.0,0.0,0.0,-0.0,-0.0,-0.0,-0.0,,104.07247634887696,104.38640914916992,-0.002986693806386,104.33792432408298,105.18441155288362,0.979137462892866,0.3102268763535306,0.003012203930365,102.56999969482422,102.56999969482422,102.56999969482422,-0.0040780481372654,iShares Intermediate Government/Credit Bond ETF,Z,True,False,False,False,False,False,False,False,False,,False,,,3754905600.0,Bond,unknown,448.0,True,,False,True,441.0,True,True,False,421.0,,0,0,False,Bond,Bond,Bond,Bond,Bond
2026-10-06,IBDV,21.1299991607666,21.15999984741211,21.100000381469727,21.1200008392334,1663200.0,250,35126785.39581299,18299162.553567886,15422646.413857596,-0.0119640815219355,-0.0131107951494406,-0.0110518208612585,0.0,0.0,0.0,-0.0,-0.0,-0.0,-0.0,,21.32222801208496,21.36530590057373,-0.0028348118537134,21.40164053056907,21.805855893554707,0.9685472077927456,0.0772573040677407,0.0036580161457297,21.017157243070915,21.017157243070915,21.017157243070915,-0.0048694882611669,iShares iBonds Dec 2030 Term Corporate ETF,P,True,False,False,False,False,False,False,False,False,,False,,,3198090240.0,Bond,unknown,487.0,True,,False,True,424.0,True,True,False,422.0,,0,0,False,Bond,Bond,Bond,Bond,Bond
2026-10-06,AIRR,106.66000366210938,108.86000061035156,106.66000366210938,108.08999633789062,868300.0,250,93854543.82019044,86796473.03401947,83465440.56345622,-0.0117937552378849,-0.1180646337218248,-0.047077527575758,0.0,0.0,0.0,-0.0,-0.0,-0.0,-0.0,,111.87739974975584,119.05804412841798,-0.0297701356141679,109.71499633789062,135.0500030517578,0.8003701880440922,2.1529491424560545,0.0199181165269532,101.74500274658205,101.74500274658205,101.74500274658205,-0.0587010251297822,First Trust RBA American Industrial Renaissance ETF,Q,True,False,False,False,False,False,False,False,False,,False,,,11489859584.0,Other,unknown,214.0,True,,False,True,207.0,True,True,False,423.0,,0,0,False,Other,Other,Other,Other,Other
2026-10-06,ANGL,27.709999084472656,27.729999542236328,27.649999618530277,27.709999084472656,1626800.0,250,45078626.51062012,28193846.21544838,23716210.91538384,-0.0320136008298233,-0.0300877346123944,-0.0098691942773952,0.0,0.0,0.0,-0.0,-0.0,-0.0,-0.0,-0.0,28.41624095916748,28.289062156677247,-0.0048312731015378,28.61648952804095,28.81563676450841,0.9616306351627272,0.1418751318673246,0.0051199977103869,27.450000762939453,27.450000762939453,27.450000762939453,-0.0093828339994025,VanEck Fallen Angel High Yield Bond ETF,Q,True,False,False,False,False,False,False,False,False,,False,,,3117964800.0,Bond,unknown,499.0,True,,False,True,383.0,True,True,False,424.0,,0,0,False,Bond,Bond,Bond,Bond,Bond
2026-10-06,VWOB,63.119998931884766,63.31999969482422,63.09999847412109,63.209999084472656,838500.0,250,53001584.23233032,46424416.66147232,34758769.40143525,-0.030840340046786,-0.0365172955791994,-0.0107116984361002,0.0,0.0,0.0,-0.0,-0.0,-0.0,-0.0,,64.73393402099609,64.90713768005371,-0.0062690500876011,65.19160057226532,66.16192659839933,0.9553832896698312,0.3565346197660105,0.0056404781669043,62.41999816894531,62.41999816894531,62.41999816894531,-0.0124980371297206,Vanguard Emerging Markets Government Bond ETF,Q,True,False,False,False,False,False,False,False,False,,False,,,6760565248.0,Bond,unknown,320.0,True,,False,True,339.0,True,True,False,425.0,,0,0,False,Bond,Bond,Bond,Bond,Bond
2026-10-06,XAR,232.6499938964844,234.8500061035156,230.69000244140625,233.6199951171875,249400.0,250,58264826.78222656,77132915.15853882,63138630.33028255,-0.0770888549394503,-0.1463837953353215,-0.1009893478782953,0.0,0.0,0.0,-0.0,-0.0,-0.0,-0.0,,259.1410250854492,266.21402842203776,-0.0229054059753756,252.7739887518018,297.62986208002303,0.7849346617456505,4.983281236467976,0.0213307137258019,229.52999877929688,229.52999877929688,229.52999877929688,-0.0175070474418895,State Street SPDR S&P Aerospace & Defense ETF,P,True,False,False,False,False,False,False,False,False,,False,,,6468274688.0,Industry / Theme,unknown,333.0,True,,False,True,254.0,True,True,False,426.0,,0,0,False,Industry / Theme,Industry / Theme,Industry / Theme,Industry / Theme,Industry / Theme
2026-10-06,IGF,62.38999938964844,62.93999862670898,62.38999938964844,62.91999816894531,801400.0,250,50424086.53259277,62806775.74874878,55832003.82093399,-0.0357088403226771,-0.0607553339992776,-0.057386600478013,0.0,0.0,0.0,-0.0,-0.0,-0.0,-0.0,,64.61479972839355,65.78360262552897,-0.0152194557139656,65.43000030517578,68.58477854848046,0.9174046997099964,0.6235002517700196,0.0099094130628527,60.90999984741211,60.90999984741211,60.90999984741211,-0.0319453016533184,iShares Global Infrastructure ETF,Q,True,False,False,False,False,False,False,False,False,,False,,,10779330560.0,REIT / Infra,unknown,228.0,True,,False,True,268.0,True,True,False,427.0,,0,0,False,REIT / Infra,REIT / Infra,REIT / Infra,REIT / Infra,REIT / Infra
2026-10-06,GOVT,21.81999969482422,21.850000381469727,21.799999237060547,21.82999992370605,12932900.0,250,282325206.01329803,270630171.61909103,253684086.57481784,-0.0196463766973858,-0.0231627021331709,-0.0262738799991254,0.0,0.0,0.0,-0.0,-0.0,-0.0,-0.0,,22.17714626312256,22.3317941792806,-0.0042797055316041,22.27744273168605,22.577082426329707,0.9669096968104084,0.0957544529107522,0.0043863698234267,21.729999542236328,21.729999542236328,21.729999542236328,-0.0045808695290526,iShares U.S. Treasury Bond ETF,Z,True,False,False,False,False,False,False,False,False,,False,,,43729891328.0,Bond,unknown,70.0,True,,False,True,95.0,True,True,False,428.0,,0,0,False,Bond,Bond,Bond,Bond,Bond
2026-10-06,IGIB,50.27999877929688,50.380001068115234,50.2400016784668,50.31999969482422,2410800.0,250,121311455.26428224,211087817.52420425,148396378.87594435,-0.023723345826524,-0.0316830136535402,-0.0299410268879827,0.0,0.0,0.0,-0.0,-0.0,-0.0,-0.0,,51.34120750427246,51.75935610453288,-0.0058388406566722,51.5626809356194,52.4838981628418,0.9587702410879684,0.2600941816009367,0.0051688033223038,49.93999862670898,49.93999862670898,49.93999862670898,-0.0075516905886293,iShares 5-10 Year Investment Grade Corporate Bond ETF,Q,True,False,False,False,False,False,False,False,False,,False,,,18526003200.0,Bond,unknown,141.0,True,,False,True,141.0,True,True,False,429.0,,0,0,False,Bond,Bond,Bond,Bond,Bond
2026-10-06,IGSB,51.18000030517578,51.220001220703125,51.150001525878906,51.18999862670898,3156700.0,250,161591468.66493225,273020403.8917351,179178655.9293414,-0.0082080778063426,-0.0064966054387016,-0.0013986512522077,0.0,0.0,0.0,-0.0,-0.0,-0.0,-0.0,-0.0,51.4942236328125,51.4234408569336,-0.0016992564546632,51.62361238199666,51.83020302650382,0.9876480437580486,0.1246020620198155,0.0024341095011243,50.936355862248064,50.936355862248064,50.936355862248064,-0.0049549281356804,iShares 1-5 Year Investment Grade Corporate Bond ETF,Q,True,False,False,False,False,False,False,False,False,,False,,,22337937408.0,Bond,unknown,122.0,True,,False,True,123.0,True,True,False,430.0,,0,0,False,Bond,Bond,Bond,Bond,Bond
2026-10-06,MBB,89.16000366210938,89.44000244140625,89.0999984741211,89.36000061035156,7087500.0,250,633339004.3258667,752180510.2140808,378212096.98337376,-0.0302989710198945,-0.0352647541738415,-0.036979445832471,0.0,0.0,0.0,-0.0,-0.0,-0.0,-0.0,,91.5695491027832,92.34839645385742,-0.0063749459790752,92.1620766365478,93.69507609273576,0.9537320885668152,0.5885602417790196,0.0065863947824418,88.77595476265324,88.77595476265324,88.77595476265324,-0.0065358756010422,iShares MBS ETF,Q,True,False,False,False,False,False,False,False,False,,False,,,39630225408.0,Bond,unknown,79.0,True,,False,True,74.0,True,True,False,431.0,,0,0,False,Bond,Bond,Bond,Bond,Bond
2026-10-06,MCHI,52.20000076293945,52.33000183105469,51.970001220703125,52.220001220703125,2419500.0,250,126346292.9534912,88469875.7753563,111780508.56190635,-0.0320667195138343,-0.0119204781761055,-0.054736660680322,0.0,0.0,0.0,-0.0,-0.0,-0.0,-0.0,-0.0,54.23119987487793,54.97944964090983,-0.0050526007061469,54.59999847412109,59.53542086412286,0.8771249192961001,0.6310001373291015,0.0120834952619444,51.04999923706055,51.04999923706055,51.04999923706055,-0.0224052461947994,iShares MSCI China ETF,Q,True,False,False,False,False,False,False,False,False,,False,,,5885857792.0,Country / Region,unknown,353.0,True,,False,True,166.0,True,True,False,432.0,,0,0,False,Country / Region,Country / Region,Country / Region,Country / Region,Country / Region
2026-10-06,VCLT,68.27999877929688,68.61000061035156,68.19999694824219,68.38999938964844,6186500.0,250,423094731.22406006,559087558.8861847,358399477.06582206,-0.0397927309509646,-0.058131103448544,-0.0605929196231813,0.0,0.0,0.0,-0.0,-0.0,-0.0,-0.0,,70.68145217895508,72.12141428629558,-0.0087412279702646,71.36350108353726,74.54616519013476,0.9174180752989154,0.6632817712338437,0.0096985199174345,67.55999755859375,67.55999755859375,67.55999755859375,-0.0121363041155446,Vanguard Long-Term Corporate Bond ETF,Q,True,False,False,False,False,False,False,False,False,,False,,,10055394304.0,Bond,unknown,247.0,True,,False,True,77.0,True,True,False,433.0,,0,0,False,Bond,Bond,Bond,Bond,Bond
2026-10-06,VCIT,78.16000366210938,78.33999633789062,78.11000061035156,78.23999786376953,9991500.0,250,781734938.6558533,1053664136.4653395,796012408.5722787,-0.0233510297121072,-0.0314646605645438,-0.0308166910795794,0.0,0.0,0.0,-0.0,-0.0,-0.0,-0.0,,79.80357879638672,80.47550455729167,-0.0058024311198792,80.14053012854099,81.72958643522296,0.9573032395775158,0.4120879350474055,0.0052669727287688,77.61000061035156,77.61000061035156,77.61000061035156,-0.008052112354539,Vanguard Intermediate-Term Corporate Bond ETF,Q,True,False,False,False,False,False,False,False,False,,False,,,69441978368.0,Bond,unknown,45.0,True,,False,True,41.0,True,True,False,434.0,,0,0,False,Bond,Bond,Bond,Bond,Bond
2026-10-06,EVTR,48.20000076293945,48.31999969482422,48.18000030517578,48.27000045776367,772700.0,250,37298229.35371399,52513245.06263733,34932728.82689824,-0.0264796462805059,-0.0308124010941501,-0.0278892882215009,0.0,0.0,0.0,-0.0,-0.0,-0.0,-0.0,,49.31544677734375,49.6240631612142,-0.0054160136870342,49.64266454342449,50.6718764649614,0.9525994264518982,0.2604574114662646,0.0053958443960274,48.0,48.0,48.0,-0.0055935457883395,Eaton Vance Total Return Bond ETF,N,True,False,False,False,False,False,False,False,False,,False,,,5577608192.0,Bond,unknown,363.0,True,,False,True,337.0,True,True,False,435.0,,0,0,False,Bond,Bond,Bond,Bond,Bond
2026-10-06,VCRB,73.33000183105469,73.51499938964844,73.302001953125,73.41000366210938,825600.0,250,60607299.0234375,68875933.30127716,51981367.127639525,-0.0244562294254417,-0.0287438246674944,-0.0279550426494752,0.0,0.0,0.0,-0.0,-0.0,-0.0,-0.0,,74.85993209838867,75.35513961791992,-0.0049339553331445,75.24535842174089,76.33628845214844,0.9616658754391312,0.3238757382705557,0.0044118747052688,73.1050033569336,73.1050033569336,73.1050033569336,-0.0041547512595099,Vanguard Core Bond ETF,Q,True,False,False,False,False,False,False,False,False,,False,,,7294146560.0,Bond,unknown,303.0,True,,False,True,284.0,True,True,False,436.0,,0,0,False,Bond,Bond,Bond,Bond,Bond
2026-10-06,BOND,86.55999755859375,86.73999786376953,86.47000122070312,86.6500015258789,1363600.0,250,118155942.08068848,91492863.79066467,64792519.83419752,-0.0326671681600745,-0.0377417350675247,-0.0359942838973865,0.0,0.0,0.0,-0.0,-0.0,-0.0,-0.0,,88.93025146484375,89.63772669474284,-0.0065471091798313,89.57620448119899,91.02351356738096,0.951951843319424,0.5121631987489252,0.0059107119414875,86.19000244140625,86.19000244140625,86.19000244140625,-0.0053087025547861,PIMCO Active Bond Exchange-Traded Fund Exchange-Traded Fund,N,True,False,False,False,False,False,False,False,False,,False,,,8311250432.0,Bond,unknown,276.0,True,,False,True,248.0,True,True,False,437.0,,0,0,False,Bond,Bond,Bond,Bond,Bond
2026-10-06,BND,69.94000244140625,70.11000061035156,69.91000366210938,70.0199966430664,12221400.0,250,855742386.9735718,811151382.1818542,631224909.5422654,-0.0225425270413618,-0.0266401607746948,-0.028620348625772,0.0,0.0,0.0,-0.0,-0.0,-0.0,-0.0,,71.29951065063477,71.81103123982747,-0.0048032928720984,71.64478995713894,72.71309537147798,0.9629626724780038,0.3420355952392256,0.0048848273584299,69.6500015258789,69.6500015258789,69.6500015258789,-0.0052841350317908,Vanguard Total Bond Market ETF,Q,True,False,False,False,False,False,False,False,False,,False,,,397862928384.0,Bond,unknown,7.0,True,,False,True,47.0,True,True,False,438.0,,0,0,False,Bond,Bond,Bond,Bond,Bond
2026-10-06,KWEB,24.489999771118164,24.59000015258789,24.299999237060547,24.540000915527344,9605700.0,250,235723886.794281,374166798.55651855,455239564.8172348,-0.0323343720460916,-0.0708064726500937,-0.1254454247116936,0.0,0.0,0.0,-0.0,-0.0,-0.0,-0.0,-0.0,26.105800132751465,27.22560006459554,-0.0173006989808708,25.6299991607666,30.739999771118164,0.7983084287002487,0.4102496147155762,0.0167175875880263,23.780000686645508,23.780000686645508,23.780000686645508,-0.0309698533222529,KraneShares CSI China Internet ETF,P,True,False,False,False,False,False,False,False,False,,False,,,4907469312.0,Country / Region,unknown,381.0,True,,False,True,62.0,True,True,False,439.0,,0,0,False,Country / Region,Country / Region,Country / Region,Country / Region,Country / Region
2026-10-06,MLPX,71.6500015258789,72.7300033569336,71.30000305175781,72.47000122070312,266700.0,250,19327749.325561523,22812578.47492218,28532378.10543,-0.0530510600202972,-0.0321144639094644,-0.0030578542668743,0.0,0.0,0.0,-0.0,-0.0,-0.0,-0.0,-0.0,73.85270050048828,73.08200897216797,-0.0115362231960379,77.12999725341797,77.54653107216272,0.9345356938437966,1.2314998626708984,0.0169932364002649,69.08999633789062,69.08999633789062,69.08999633789062,-0.0466400555523505,Global X MLP & Energy Infrastructure ETF,P,True,False,False,False,False,False,False,False,False,,False,,,3484022272.0,REIT / Infra,unknown,467.0,True,,False,True,364.0,True,True,False,440.0,,0,0,False,REIT / Infra,REIT / Infra,REIT / Infra,REIT / Infra,REIT / Infra
2026-10-06,BNDX,46.88999938964844,46.93000030517578,46.84999847412109,46.84999847412109,5188800.0,250,243095272.08251956,240604851.54510495,202728299.0367889,-0.0089844190024068,-0.0131377047578518,-0.0078542357253051,0.0,0.0,0.0,-0.0,-0.0,-0.0,-0.0,,47.236445922851566,47.41301078796387,-0.0030551246829076,47.22485680868586,48.09768321450051,0.9740593588507136,0.1671759573398773,0.0035683236453512,46.630001068115234,46.630001068115234,46.630001068115234,-0.0046957825650171,Vanguard Total International Bond ETF,Q,True,False,False,False,False,False,False,False,False,,False,,,123285929984.0,Bond,unknown,24.0,True,,False,True,113.0,True,True,False,441.0,,0,0,False,Bond,Bond,Bond,Bond,Bond
2026-10-06,LQD,102.0199966430664,102.33000183105467,101.95999908447266,102.13999938964844,27759700.0,250,2835375741.056824,3745778669.093781,3208209975.7936997,-0.0274865546289297,-0.0391258687755278,-0.0407720600062808,0.0,0.0,0.0,-0.0,-0.0,-0.0,-0.0,,104.47361114501952,105.81981938680012,-0.0063559926795991,105.07659995331464,107.96324243721892,0.946062725459948,0.6627401430580647,0.0064885465735104,101.1999969482422,101.1999969482422,101.1999969482422,-0.009203078588441,iShares iBoxx $ Investment Grade Corporate Bond ETF,P,True,False,False,False,False,False,False,False,False,,False,,,33113137152.0,Bond,unknown,91.0,True,,False,True,9.0,True,True,False,442.0,,0,0,False,Bond,Bond,Bond,Bond,Bond
2026-10-06,VCSH,77.16999816894531,77.26000213623047,77.16000366210938,77.20999908447266,4928300.0,250,380514038.4880066,540426505.1691818,378948515.6977336,-0.0081139061678232,-0.0064468592595429,-0.0019727668627237,0.0,0.0,0.0,-0.0,-0.0,-0.0,-0.0,-0.0,77.66266220092774,77.56873657226562,-0.0016565964041278,77.8515698501312,78.17635310793686,0.9876387937650408,0.1824524777994362,0.0023630679958928,76.84542105167047,76.84542105167047,76.84542105167047,-0.004721901788955,Vanguard Short-Term Corporate Bond ETF,Q,True,False,False,False,False,False,False,False,False,,False,,,51786543104.0,Bond,unknown,55.0,True,,False,True,73.0,True,True,False,443.0,,0,0,False,Bond,Bond,Bond,Bond,Bond
2026-10-06,LMBS,48.47999954223633,48.56999969482422,48.4119987487793,48.52199935913086,626900.0,250,30418441.398239136,36503926.78699493,26170599.86871992,-0.0159438018641422,-0.0116794272849882,-0.006626601904534,0.0,0.0,0.0,-0.0,-0.0,-0.0,-0.0,-0.0,49.09466743469238,49.06281557718913,-0.0025034419901416,49.33805530518678,51.54288658404607,0.9413908023954122,0.2146119713079429,0.0044229828560755,47.900001525878906,47.900001525878906,47.900001525878906,-0.0128188830111533,First Trust Low Duration Opportunities ETF,Q,True,False,False,False,False,False,False,False,False,,False,,,6341681152.0,Bond,unknown,337.0,True,,False,True,371.0,True,True,False,444.0,,0,0,False,Bond,Bond,Bond,Bond,Bond
2026-10-06,USIG,48.630001068115234,48.7400016784668,48.59000015258789,48.650001525878906,3256500.0,250,158428729.96902466,119329656.8403244,108923934.90750146,-0.022085177534861,-0.0290300339469693,-0.0271176161635117,0.0,0.0,0.0,-0.0,-0.0,-0.0,-0.0,,49.53519073486328,49.9036898803711,-0.0049224767405593,49.778587850801806,50.684396643580754,0.9598615105945134,0.24368634240857,0.005008968854378,48.29999923706055,48.29999923706055,48.29999923706055,-0.0071942914252979,iShares Broad USD Investment Grade Corporate Bond ETF,Q,True,False,False,False,False,False,False,False,False,,False,,,17618763776.0,Bond,unknown,147.0,True,,False,True,169.0,True,True,False,445.0,,0,0,False,Bond,Bond,Bond,Bond,Bond
2026-10-06,EMLP,41.84000015258789,42.41999816894531,41.83000183105469,42.400001525878906,209600.0,250,8887040.319824219,15762820.598564148,12170183.41584584,-0.0376758918672751,-0.0306899330956738,-0.0232652023927613,0.0,0.0,0.0,-0.0,-0.0,-0.0,-0.0,-0.0,43.15802383422852,43.11329584757487,-0.0112431628305064,44.23862471132977,44.88364453745854,0.9446648542654138,0.4691465825149013,0.0110647774913063,40.70000076293945,40.70000076293945,40.70000076293945,-0.0400943561735924,First Trust North American Energy Infrastructure Fund,P,True,False,False,False,False,False,False,False,False,,False,,,4057605120.0,REIT / Infra,unknown,423.0,True,,False,True,445.0,True,True,False,446.0,,0,0,False,REIT / Infra,REIT / Infra,REIT / Infra,REIT / Infra,REIT / Infra
2026-10-06,BSV,76.29000091552734,76.3499984741211,76.2699966430664,76.30999755859375,3453400.0,250,263528945.5688477,289254762.0365906,221644543.9439077,-0.0077918578869559,-0.005818120083438,-0.0040812132359238,0.0,0.0,0.0,-0.0,-0.0,-0.0,-0.0,-0.0,76.72503662109375,76.70693064371744,-0.0015206566771986,76.90926526486832,77.45760141638715,0.9851841028277618,0.1755289335569358,0.0023002088739703,76.00245044573396,76.00245044573396,76.00245044573396,-0.0040302335565356,Vanguard Short-Term Bond ETF,P,True,False,False,False,False,False,False,False,False,,False,,,69833809920.0,Bond,unknown,44.0,True,,False,True,105.0,True,True,False,447.0,,0,0,False,Bond,Bond,Bond,Bond,Bond
2026-10-06,MUB,101.06999969482422,101.18000030517578,100.73999786376952,101.0199966430664,14681000.0,250,1483074570.716858,1714632759.9980545,875637909.0602088,-0.0261531584194855,-0.0472773288666796,-0.0365548214268562,0.0,0.0,0.0,-0.0,-0.0,-0.0,-0.0,,103.62302810668945,104.80890787760416,-0.0083643413497621,103.7528872828756,106.70736311470976,0.946701274348524,0.6381052751731268,0.0063166234050446,99.79384581135504,99.79384581135504,99.79384581135504,-0.0121377041423168,iShares National Muni Bond ETF,P,True,False,False,False,False,False,False,False,False,,False,,,45820870656.0,Bond,unknown,67.0,True,,False,True,37.0,True,True,False,448.0,,0,0,False,Bond,Bond,Bond,Bond,Bond
2026-10-06,NLR,106.61000061035156,111.41000366210938,106.38999938964844,109.43000030517578,583300.0,250,63830519.17800903,41534634.25292969,42745246.424127005,-0.1144290638874274,-0.0149428039196779,-0.1668189176459872,0.0,0.0,0.0,-0.0,-0.0,-0.0,-0.0,-0.0,113.30599990844726,124.31066650390623,-0.0059447143794297,124.98999786376952,150.5,0.7271096365792411,3.3614994049072267,0.0307182618617632,101.72000122070312,101.72000122070312,101.72000122070312,-0.0704559907061244,VanEck Uranium and Nuclear ETF,P,True,False,False,False,False,False,False,False,False,,False,,,4214125568.0,Commodity,unknown,413.0,True,,False,True,308.0,True,True,False,449.0,,0,0,False,Commodity,Commodity,Commodity,Commodity,Commodity
2026-10-06,BLV,62.369998931884766,62.65999984741211,62.310001373291016,62.47999954223633,990900.0,250,61911431.54640198,55373986.65092468,48688499.46320549,-0.0461605397533736,-0.062091559408869,-0.0695821857025398,0.0,0.0,0.0,-0.0,-0.0,-0.0,-0.0,,64.91090469360351,66.31372639973958,-0.0096899233062303,65.59328900906058,68.60520316369868,0.9107180893139109,0.5919500837698631,0.0094742331643217,61.93999862670898,61.93999862670898,61.93999862670898,-0.0086427804014675,Vanguard Long-Term Bond ETF,P,True,False,False,False,False,False,False,False,False,,False,,,8673027072.0,Bond,unknown,270.0,True,,False,True,294.0,True,True,False,450.0,,0,0,False,Bond,Bond,Bond,Bond,Bond
2026-10-06,IYR,94.5,95.66999816894533,94.48999786376952,95.26000213623048,5403600.0,250,514746947.54333496,615355862.1585846,543902511.0841539,-0.0596153933056473,-0.0663853242537483,-0.0002333284463007,0.0,0.0,0.0,-0.0,-0.0,-0.0,-0.0,,101.06127151489258,100.29274709065756,-0.0174061094670574,101.32875370583729,107.37393348179909,0.8871799611623427,1.2245167373380403,0.0128544689258653,93.80999755859376,93.80999755859376,93.80999755859376,-0.0152215467680032,iShares U.S. Real Estate ETF,P,True,False,False,False,False,False,False,False,False,,False,,,4672414720.0,REIT / Infra,unknown,393.0,True,,False,True,53.0,True,True,False,451.0,,0,0,False,REIT / Infra,REIT / Infra,REIT / Infra,REIT / Infra,REIT / Infra
2026-10-06,VMBS,44.16999816894531,44.34000015258789,44.13999938964844,44.29999923706055,3199000.0,250,141715697.5593567,122746483.8924408,80201767.20453899,-0.0296116467536009,-0.0341146209344245,-0.0343803779884226,0.0,0.0,0.0,-0.0,-0.0,-0.0,-0.0,,45.41047721862793,45.74845581054687,-0.0062908838624836,45.691679670805776,46.38306169891384,0.9550900180894684,0.2841706899259932,0.0064146883706549,44.04999923706055,44.04999923706055,44.04999923706055,-0.005643340954978,Vanguard Mortgage-Backed Securities ETF,Q,True,False,False,False,False,False,False,False,False,,False,,,17337255936.0,Bond,unknown,150.0,True,,False,True,212.0,True,True,False,452.0,,0,0,False,Bond,Bond,Bond,Bond,Bond
2026-10-06,JBND,50.93000030517578,51.02000045776367,50.88100051879883,50.959999084472656,1394800.0,250,71079006.72302246,76372429.5404625,55505851.93939209,-0.0228961012050198,-0.0280557926205957,-0.0283122093188606,0.0,0.0,0.0,-0.0,-0.0,-0.0,-0.0,,51.91710494995117,52.27889371236165,-0.0048556174866164,52.15412375762275,53.03746697791051,0.960830182664962,0.2696239767791571,0.0052908944588523,50.71500015258789,50.71500015258789,50.71500015258789,-0.0048076714341899,JPMorgan Active Bond ETF,N,True,False,False,False,False,False,False,False,False,,False,,,8293582336.0,Bond,unknown,277.0,True,,False,True,270.0,True,True,False,453.0,,0,0,False,Bond,Bond,Bond,Bond,Bond
2026-10-06,FIXD,41.25,41.992000579833984,41.25,41.34400177001953,654200.0,250,27047245.957946777,30082016.409816746,17406379.995745704,-0.0281411883704226,-0.0349176752181503,-0.0330666748031911,0.0,0.0,0.0,-0.0,-0.0,-0.0,-0.0,,42.30514503479004,42.66401519775391,-0.0060204327870398,42.55211597931475,43.95019963200153,0.9407011143566152,0.5085956904899419,0.0123015593245922,38.560001373291016,38.560001373291016,38.560001373291016,-0.0673374680132518,First Trust Smith Opportunistic Fixed Income ETF,Q,True,False,False,False,False,False,False,False,False,,False,,,3286956288.0,Bond,unknown,479.0,True,,False,True,413.0,True,True,False,454.0,,0,0,False,Bond,Bond,Bond,Bond,Bond
2026-10-06,VNQI,42.0099983215332,42.16999816894531,42.0099983215332,42.060001373291016,899800.0,250,37845589.235687256,16533243.801078796,12821744.409894189,-0.0642936449520863,-0.0669920216303818,-0.06366867569535,0.0,0.0,0.0,-0.0,-0.0,-0.0,-0.0,-0.0,44.62600006103516,45.45293329874674,-0.0132056115277076,44.83000183105469,48.43999862670898,0.8682907218354018,0.4115001678466797,0.0097836460868018,41.66999816894531,41.66999816894531,41.66999816894531,-0.0092725437853495,Vanguard Global ex-U.S. Real Estate ETF,Q,True,False,False,False,False,False,False,False,False,,False,,,3710765056.0,REIT / Infra,unknown,451.0,True,,False,True,442.0,True,True,False,455.0,,0,0,False,REIT / Infra,REIT / Infra,REIT / Infra,REIT / Infra,REIT / Infra
2026-10-06,HYD,47.88999938964844,48.18999862670898,47.81999969482422,47.900001525878906,2923900.0,250,140054814.46151733,120287307.31939316,69288995.50839984,-0.0276602730391284,-0.0563494024579844,-0.0349251443746587,0.0,0.0,0.0,-0.0,-0.0,-0.0,-0.0,,49.20732513427734,49.7432240041097,-0.0092652335687291,49.45189945913493,51.04703750878136,0.9383502718965604,0.3939748279604987,0.0082249439542845,47.35985717988214,47.35985717988214,47.35985717988214,-0.0112764995572065,VanEck High Yield Muni ETF,Z,True,False,False,False,False,False,False,False,False,,False,,,4521939456.0,Bond,unknown,401.0,True,,False,True,237.0,True,True,False,456.0,,0,0,False,Bond,Bond,Bond,Bond,Bond
2026-10-06,JCPB,44.58000183105469,44.68999862670898,44.55500030517578,44.630001068115234,3374100.0,250,150586086.6039276,178461677.05724716,108854417.18609522,-0.0237008267864179,-0.0282124779500464,-0.0268307052867119,0.0,0.0,0.0,-0.0,-0.0,-0.0,-0.0,,45.49945037841797,45.7818155670166,-0.0049296038677389,45.72340567476776,46.377262711939615,0.9623250372779212,0.2140602576112726,0.0047963309990642,44.400001525878906,44.400001525878906,44.400001525878906,-0.0051534738232539,JPMorgan Core Plus Bond ETF,P,True,False,False,False,False,False,False,False,False,,False,,,13578677248.0,Bond,unknown,191.0,True,,False,True,170.0,True,True,False,457.0,,0,0,False,Bond,Bond,Bond,Bond,Bond
2026-10-06,JMUB,47.619998931884766,47.68000030517578,47.47999954223633,47.619998931884766,4283700.0,250,203989789.4245148,146198681.17034912,93390442.37125336,-0.0254396893222802,-0.0446573601992281,-0.0316132769852153,0.0,0.0,0.0,-0.0,-0.0,-0.0,-0.0,,48.80191650390625,49.29409934997559,-0.0081137719953718,48.932824382603656,50.103543476229845,0.9504317584738629,0.2903841955779462,0.0060979462849906,47.0392926415465,47.0392926415465,47.0392926415465,-0.0121945884788636,JPMorgan Municipal ETF,P,True,False,False,False,False,False,False,False,False,,False,,,8048841216.0,Bond,unknown,284.0,True,,False,True,193.0,True,True,False,458.0,,0,0,False,Bond,Bond,Bond,Bond,Bond
2026-10-06,VGIT,56.59000015258789,56.66999816894531,56.54999923706055,56.59999847412109,5865600.0,250,331992951.0498047,319356595.6951904,278835149.34221905,-0.0188419301503615,-0.0228603273133237,-0.0278477028341335,0.0,0.0,0.0,-0.0,-0.0,-0.0,-0.0,,57.49940216064453,57.90842175801595,-0.0045639231638574,57.69689300950946,58.64286226224938,0.9651643233409608,0.233389776869674,0.0041234944021488,56.34999847412109,56.34999847412109,56.34999847412109,-0.0044169612498188,Vanguard Intermediate-Term Treasury ETF,Q,True,False,False,False,False,False,False,False,False,,False,,,50384760832.0,Bond,unknown,57.0,True,,False,True,88.0,True,True,False,459.0,,0,0,False,Bond,Bond,Bond,Bond,Bond
2026-10-06,FBND,43.310001373291016,43.40599822998047,43.27000045776367,43.34999847412109,6169300.0,250,267439145.5863953,205223083.96217343,162752500.24207583,-0.0258384719816119,-0.0302935817378193,-0.0300408069480296,0.0,0.0,0.0,-0.0,-0.0,-0.0,-0.0,,44.26872825622559,44.58050605773926,-0.0053251019705821,44.50777872321881,45.20913304390282,0.958877013457075,0.2346986980087482,0.0054140416671261,43.1349983215332,43.1349983215332,43.1349983215332,-0.0049596346056676,Fidelity Total Bond ETF,P,True,False,False,False,False,False,False,False,False,,False,,,26618243072.0,Bond,unknown,102.0,True,,False,True,132.0,True,True,False,460.0,,0,0,False,Bond,Bond,Bond,Bond,Bond
2026-10-06,VGLT,49.7400016784668,49.970001220703125,49.68000030517578,49.790000915527344,2891900.0,250,143987703.64761353,225466896.82151797,145153855.55869815,-0.0524183346378281,-0.0659103862529237,-0.0779766241645053,0.0,0.0,0.0,-0.0,-0.0,-0.0,-0.0,,51.96418472290039,53.16647631327312,-0.010447616785926,52.58412347288076,55.06068412285703,0.904275014172196,0.4983889827604752,0.0100098207189437,49.43999862670898,49.43999862670898,49.43999862670898,-0.007029569840984,Vanguard Long-Term Treasury ETF,Q,True,False,False,False,False,False,False,False,False,,False,,,15153465344.0,Bond,unknown,170.0,True,,False,True,143.0,True,True,False,461.0,,0,0,False,Bond,Bond,Bond,Bond,Bond
2026-10-06,JMTG,48.060001373291016,48.20000076293945,48.060001373291016,48.150001525878906,705300.0,250,33960196.07620239,42962380.80223084,31233518.602486264,-0.0266009406984852,-0.0304398750210853,-0.0319922843040098,0.0,0.0,0.0,-0.0,-0.0,-0.0,-0.0,,49.24360054016113,49.56204099019369,-0.0054144152798747,49.47081996908884,50.15194327933539,0.960082468942308,0.2486068177886028,0.0051631736222268,47.9900016784668,47.9900016784668,47.9900016784668,-0.0033229458430258,JPMorgan Mortgage-Backed Securities ETF,P,True,False,False,False,False,False,False,False,False,,False,,,6718420992.0,Bond,unknown,323.0,True,,False,True,355.0,True,True,False,462.0,,0,0,False,Bond,Bond,Bond,Bond,Bond
2026-10-06,BIV,72.70999908447266,72.86000061035156,72.66000366210938,72.76000213623047,1955900.0,250,142311288.17825317,158758282.13176727,130032365.83664908,-0.0244330606012,-0.0311135236422122,-0.0346677676902352,0.0,0.0,0.0,-0.0,-0.0,-0.0,-0.0,,74.27431015014649,74.96243255615235,-0.0058350753862024,74.57231422769544,76.07717100512093,0.9563973157116058,0.378347629899757,0.0051999397854794,72.30999755859375,72.30999755859375,72.30999755859375,-0.0061847796100138,Vanguard Intermediate-Term Bond ETF,P,True,False,False,False,False,False,False,False,False,,False,,,52510502912.0,Bond,unknown,54.0,True,,False,True,153.0,True,True,False,463.0,,0,0,False,Bond,Bond,Bond,Bond,Bond
2026-10-06,JMBS,42.18000030517578,42.33000183105469,42.150001525878906,42.2599983215332,661300.0,250,27946536.890029907,42996256.85043335,32226584.493994333,-0.036948150553914,-0.0417264279054342,-0.0431166525284686,0.0,0.0,0.0,-0.0,-0.0,-0.0,-0.0,,43.539407119750976,43.96863695780437,-0.0073832629053076,43.85147819674084,44.67235113090646,0.94599897367604,0.2954396569240582,0.0069910002048797,42.060001373291016,42.060001373291016,42.060001373291016,-0.0047325356409273,Janus Henderson Mortgage-Backed Securities ETF,P,True,False,False,False,False,False,False,False,False,,False,,,6783227392.0,Bond,unknown,319.0,True,,False,True,349.0,True,True,False,464.0,,0,0,False,Bond,Bond,Bond,Bond,Bond
2026-10-07,CGHM,23.940000534057617,24.024999618530277,23.899999618530277,23.950000762939453,1422187.0,251,34061379.73504257,34501926.781170465,18246453.851709697,-0.0350092493633114,-0.0613049796811784,-0.0381522703545762,0.0,0.0,0.0,-0.0,-0.0,-0.0,-0.0,,24.86525955200195,25.036627972920737,-0.0101082339179798,24.769074504686724,29.28262506075618,0.8178911799487754,0.1777799395051889,0.0074229617470529,23.809999465942383,23.809999465942383,23.809999465942383,-0.0058455654504073,Capital Group Municipal High-Income ETF,P,True,False,False,False,False,False,False,False,False,,False,,,3181882880.0,Bond,unknown,491.0,True,,False,True,409.0,True,True,False,465.0,,0,0,False,Bond,Bond,Bond,Bond,Bond
2026-10-07,NXUS,24.15999984741211,24.23500061035156,24.15999984741211,24.209999084472656,8444.0,251,204429.2322692871,1672011.5851238251,3992546.5553201344,-0.0051537111697391,-0.0158100624544803,-0.0130917420278834,0.0,0.0,0.0,-0.0,-0.0,-0.0,-0.0,,24.398215255737306,24.478465309143065,-0.002906099949806,24.385273174355618,24.82682667492981,0.9751547953134088,0.0874976019490352,0.0036141100891306,24.1110568880646,24.1110568880646,24.1110568880646,-0.0040868318938317,Nuveen International Aggregate Bond ETF,P,True,False,False,False,False,False,False,False,False,,False,,,3977026560.0,Bond,unknown,429.0,True,,False,True,464.0,False,False,False,466.0,,0,0,False,Bond,Bond,Bond,Bond,Bond
2026-10-06,FREI,23.770000457763672,23.809999465942383,23.76000022888184,23.780000686645508,3300.0,76,78474.00226593018,559741.8138027191,725392.4253917875,-0.0276139724878866,-0.0327862506293545,,0.0,0.0,,-0.0,-0.0,,,,24.365361366271973,,-0.0071519753047004,24.475070460203145,,,0.1147678405369958,0.004826233693149,23.635191454233404,23.635191454233404,23.635191454233404,-0.0060895386135723,Fidelity Real Estate Income ETF,Q,True,False,False,False,False,False,False,False,False,,False,,,4103114240.0,Bond,unknown,420.0,True,,False,True,466.0,False,False,False,,,0,0,False,Bond,Bond,Bond,Bond,Bond
2026-10-07,FIMU,19.049999237060547,19.06999969482422,19.024999618530277,19.03499984741211,27269.0,77,519065.4108390808,574885.789777565,228809.56662247676,-0.022418173080521,-0.041400057305704,,0.0,0.0,,-0.0,-0.0,,,,19.49847087860108,,-0.0069303609150872,19.55144024111704,,,0.1620463936897833,0.0085130756495285,18.882076103873253,18.882076103873253,18.882076103873253,-0.0080338190052388,Fidelity Intermediate Municipal Income ETF,Q,True,False,False,False,False,False,False,False,False,,False,,,13629500416.0,Bond,unknown,189.0,True,,False,True,468.0,False,False,False,,,0,0,False,Bond,Bond,Bond,Bond,Bond
2026-10-07,DLCU,50.40999984741211,50.45439910888672,50.369998931884766,50.45439910888672,18067.0,45,911559.6287002563,87694.80089302063,,0.0228644062107861,,,0.2209210398499555,,,0.0050512283956386,,,,,,,,50.54999923706055,,,0.2999170729892612,0.0059443195892989,49.52999877929688,48.79747009277344,48.79747009277344,-0.0328401298078573,U.S. Large Company Portfolio: ETF Class Shares,Q,True,False,False,False,False,False,False,False,False,,False,,,14329477120.0,Other,unknown,178.0,True,,False,True,,False,False,False,,,0,0,False,Other,Other,Other,Other,Other
